index,acc_x,acc_y
0,1.244406104,0.194875017
1,0.483229488,-1.272339225
2,-1.244608283,0.591323137
3,1.909505606,0.110482588
4,1.480694652,-1.157377124
5,-0.101044178,0.390758395
6,-0.728711128,2.221113205
7,1.791863799,2.307129622
8,-1.040190935,0.021280156
9,0.491396040,-1.178807616
10,-0.086039498,0.300267071
11,-0.704550147,1.109842896
12,0.729776919,-1.301840067
13,-0.207303211,0.846219778
14,0.152299777,0.590747297
15,0.227398008,0.323835820
16,1.642461061,-0.521847010
17,-1.675850630,-1.666569591
18,-1.188989282,1.027513027
19,-0.128428712,0.183782980
20,-2.730106115,-0.629534841
21,0.339158237,-0.100998119
22,0.525105298,1.188269138
23,-0.711782217,0.079281740
24,0.607436657,0.313282430
25,-0.009519759,-0.500927746
26,0.496750414,0.095488451
27,0.440443456,0.815402210
28,-0.865375936,-0.318160802
29,-0.435902089,0.173834234
30,-0.510053575,0.133988053
31,0.899224937,1.716026664
32,2.067684650,1.101320982
33,-0.181323886,0.685543597
34,-0.043349929,-1.332679510
35,-0.465012938,0.252272040
36,-1.206741452,-0.909747660
37,-2.789273024,0.800701916
38,0.030783502,-0.148364246
39,0.308016419,-0.127731338
40,1.631703854,0.205714971
41,0.433741480,1.614746332
42,-0.675192833,0.551258326
43,-0.047274377,-1.233231902
44,1.109297395,0.369380534
45,-1.813224077,-1.090858459
46,-0.015006526,0.218168542
47,0.306658447,0.472089142
48,2.053428173,-1.643633604
49,-2.380806446,2.084226847
50,0.940225840,-0.459292859
51,-1.539194345,1.027732372
52,2.536306143,0.107485585
53,-0.694198906,-0.284030348
54,0.669476390,-0.873380840
55,0.142881170,-0.188189492
56,-0.353007913,1.589273453
57,-1.069346189,-0.559336841
58,-0.100624897,1.757241130
59,1.783395529,0.131540313
60,1.401121378,0.168212071
61,1.390728712,0.856154978
62,0.774387002,-0.215851530
63,2.071264982,-0.888768375
64,-1.500922322,0.538579464
65,-0.311966896,-0.463835925
66,0.401071131,0.144509956
67,-0.291739434,-0.199106991
68,0.768050671,-0.066355057
69,0.218381107,0.550531387
70,1.800180674,-1.348750591
71,-0.698662221,0.987433732
72,-0.924089730,1.718388915
73,0.215693474,0.646895587
74,-0.347340405,-2.569905281
75,1.981101036,-1.935327053
76,-1.016526461,-0.924053431
77,-4.303008080,0.210352793
78,1.033050179,0.367923081
79,-1.724575400,-2.072938919
80,-1.242828965,-1.643539429
81,-0.727982521,-0.112689607
82,-0.527482867,-0.745410860
83,0.390712470,-0.052182157
84,0.154196233,-0.053069741
85,-1.396038771,-1.015322208
86,-1.177955270,1.618435144
87,2.681530952,-2.590795279
88,0.888691843,-2.247133732
89,-3.405398846,-2.370063543
90,0.530796528,-0.524842858
91,-1.434608936,-2.559281826
92,-0.527676761,0.719651222
93,-0.100696556,0.643298090
94,-1.481856227,1.552268505
95,2.701435566,-1.436530113
96,-0.296456277,0.224082559
97,0.946907938,0.945475996
98,1.104906201,0.561075985
99,0.245232120,0.105415083
100,-1.311060548,4.169634342
101,-1.049613237,-0.325397849
102,-1.526457071,0.363260061
103,-0.837990820,2.528995514
104,0.314749211,-0.052603245
105,-0.028542938,0.065289676
106,0.325066715,0.230097473
107,-0.344037026,0.745367587
108,0.347045779,1.334747195
109,-0.714165926,-0.318800747
110,1.696161628,-0.144817963
111,1.576362133,2.016008615
112,-1.645872951,0.488822192
113,2.172607660,1.980301023
114,1.739716172,-1.714897156
115,-0.655471325,-0.452471703
116,-0.119560026,1.850270271
117,-1.454012394,-0.983037114
118,-0.232571319,0.201490864
119,1.224711180,-0.450154215
120,-0.120095961,0.461252034
121,1.552860141,2.390345573
122,-1.281698227,1.637675643
123,-1.812880754,-1.608772635
124,0.584403157,-0.990151405
125,1.300979614,1.650387168
126,-3.581777334,0.641186476
127,-0.219100341,-1.860470891
128,-2.645332098,-1.424710989
129,0.142852947,-1.162037849
130,-0.273162395,-1.492933512
131,0.075457081,1.667163491
132,1.222423673,0.177046105
133,0.517949462,0.244579926
134,0.336973697,0.245711580
135,-0.302889884,0.048256934
136,-0.621912360,-0.289449096
137,-1.916944385,1.537983775
138,-0.335273713,0.205209389
139,1.033396363,0.365143090
140,-1.306633472,0.890894175
141,-0.845767498,0.233061999
142,-0.161371693,-0.112323105
143,-1.430927277,0.235854506
144,3.598552465,-2.442411184
145,0.098602727,0.423952073
146,-0.656206667,-0.211813807
147,-0.973903894,-1.193347812
148,-1.163475990,-0.279785752
149,0.905132055,-1.369055986
150,-0.153146520,-0.667716026
151,-0.108732946,-0.669810474
152,0.235071674,0.732153535
153,-0.217669040,1.359842181
154,0.988119662,-0.889334321
155,-0.777717948,1.074619770
156,-1.151574731,-0.043673541
157,-0.714485049,-0.428333431
158,1.619158030,-1.291772962
159,-0.576213777,-1.125296474
160,-0.044994287,-1.189344049
161,-0.347742796,-0.292713016
162,1.782861233,-0.302437603
163,-0.080938704,1.326167107
164,-0.249219462,-1.601748586
165,-0.506283283,-0.089117132
166,2.229139805,-1.166907310
167,0.792628109,1.062315464
168,-1.955412030,1.820864558
169,2.639670372,-0.925880313
170,0.819778740,0.749350727
171,-0.875511527,0.988116086
172,-0.850887895,1.026491046
173,0.676240742,0.734714687
174,-0.837730110,-2.125297785
175,-0.987147689,-1.238287091
176,1.736633897,0.152957946
177,-0.499191225,0.569437146
178,-0.390746295,-0.780149698
179,-2.043873072,-1.607076883
180,2.036150694,0.435608447
181,-1.135387540,-0.840173244
182,-0.332125187,-0.581161618
183,1.180199146,1.216770291
184,1.269307733,0.311643630
185,1.910221100,-0.656407475
186,0.229790106,-0.457223505
187,1.991912127,1.475291014
188,0.641368747,-0.016311990
189,1.189600468,-0.481806487
190,0.749488294,0.096817434
191,-0.868934810,0.464526802
192,-0.832197845,-0.397596002
193,0.030864641,-1.471756458
194,1.296179891,1.432847738
195,2.297044039,-1.355226874
196,0.671814561,-0.295136094
197,-0.564893305,-0.358747482
198,0.488395274,-0.655440986
199,-2.363201141,-0.546389461
200,1.748166084,-0.066493697
201,-0.461906940,0.245892718
202,0.354448646,0.273445874
203,0.360949099,-0.931232870
204,0.089777380,-1.428261995
205,0.547846794,-0.187756464
206,1.012669086,-0.015890999
207,-2.165761232,-1.331454873
208,0.270840853,-0.529236734
209,-1.151805520,-1.443989038
210,-0.505485654,0.729062557
211,0.364240706,-1.009934545
212,-0.247216970,-0.644224763
213,-0.624857366,-0.234170318
214,-0.899285078,0.129917488
215,0.653394282,-0.905821502
216,-1.992405057,-0.118751429
217,1.976457477,-3.817994356
218,-0.246250033,0.076515980
219,-2.403218746,-0.693462193
220,1.982291579,-0.987442434
221,-0.201803669,0.314981312
222,1.531406641,-0.135622397
223,2.628472090,0.466007322
224,-3.887750387,-2.678948164
225,-1.485078931,-1.169449449
226,2.926390409,-0.337313533
227,1.613028049,0.770662189
228,0.162969455,1.147674322
229,-0.816826940,0.904087245
230,-0.119184501,2.131958961
231,-0.121418767,-1.875695825
232,2.240814209,1.702044010
233,-2.955422640,0.361426353
234,1.822535634,-1.982765913
235,1.257329106,2.493069887
236,0.843606234,0.933535695
237,-0.524781585,-3.509750843
238,0.761860013,0.359127939
239,0.986850917,0.054806434
240,-0.795035064,1.314792037
241,-1.432437778,0.114745431
242,0.306561381,-0.606534600
243,-0.569433808,1.388831973
244,-1.165099263,0.696954250
245,-1.387470961,-0.582582414
246,0.063298993,-0.247401863
247,-0.384422183,-0.044669542
248,-0.715627611,0.539844096
249,1.153740406,0.954331815
250,0.571833849,1.704863548
251,1.058498859,-0.284079105
252,-1.740518808,0.567682266
253,1.366104960,-1.787174821
254,0.126647130,-0.380920917
255,-1.187226415,-1.206503391
256,3.069398403,-0.371195972
257,-0.006628454,-0.095456101
258,-0.531238973,-0.110203758
259,-0.040008411,0.243250847
260,-2.022843838,2.901982069
261,0.090531930,-0.134156466
262,-0.103824906,-0.360940516
263,0.801594615,2.147273779
264,1.248072028,0.819097757
265,1.184960723,-0.818039417
266,0.218807608,-0.272999555
267,-0.089592546,0.185067669
268,0.115697905,-0.176867098
269,0.509770095,-2.074741840
270,0.341885656,0.197787985
271,-0.036362708,-0.665084124
272,-0.226237938,-1.686355233
273,2.037288666,2.374641418
274,0.043672193,0.269782901
275,0.200420618,-0.336250514
276,1.201279044,0.502447426
277,-0.561226964,-1.282934785
278,-4.349663258,-0.098364174
279,-0.490863711,0.137139827
280,0.015369148,0.265224010
281,-1.831709146,0.978565991
282,0.714753270,-0.309810966
283,-0.660201490,-0.772838712
284,-0.188882321,-0.043756664
285,0.497717381,0.612793207
286,0.497826546,-1.813499570
287,-0.342313975,0.848070860
288,0.289153427,0.563701093
289,0.091828667,-0.550974309
290,2.062786341,-1.916703701
291,-0.035497997,-0.232155651
292,-2.189256907,0.729697585
293,-0.951532602,0.237453714
294,0.605372727,1.521200061
295,0.027262164,-0.305847317
296,0.531252086,0.007485224
297,0.327601910,-0.123679124
298,-0.509193540,0.100234851
299,-0.561426938,1.177196860
300,-1.525384307,-2.795130730
301,0.771132350,0.279995233
302,0.062359866,0.159312621
303,1.160447121,-0.429765016
304,-0.215948611,-0.628526807
305,0.118739359,1.245337844
306,0.115981765,0.135026827
307,-0.607152760,1.086394787
308,-0.801626325,-0.874743640
309,0.105494335,-1.067671180
310,1.391432881,0.934062898
311,0.023287242,-2.946506262
312,0.807659626,-3.534363747
313,-0.095752075,-0.151602179
314,1.507161379,-1.591979146
315,0.095503844,1.531753540
316,-0.144958064,-0.299468100
317,-0.654016078,0.410632133
318,0.068582118,0.015647018
319,2.159737110,1.146216035
320,0.284543842,-0.732664049
321,0.017660117,-0.202668235
322,1.315743327,-0.313769341
323,-0.038510546,-0.948731601
324,1.785655260,-1.132318974
325,0.243870243,0.151250869
326,0.871424556,0.293393195
327,0.331836224,-0.579385698
328,0.708096266,-0.168270797
329,-1.554844022,-1.763860941
330,-1.510930061,-1.087355018
331,0.734138072,0.228039935
332,1.252849698,-3.114043713
333,-1.607663512,1.586392283
334,-2.918090343,4.193601608
335,1.872772932,-2.397347212
336,-1.281303525,0.213457361
337,1.383189797,-0.102265090
338,1.169371724,0.896486580
339,-0.881671846,-2.124516964
340,0.207355335,-0.415438652
341,-0.033479404,-1.269530416
342,0.995234311,1.958829880
343,-0.110614613,-1.238404870
344,0.236745477,-0.566106975
345,0.978876233,-0.304439694
346,-1.158312917,1.647442937
347,2.076873302,0.003256355
348,-0.102036230,-0.001489283
349,0.526284218,2.062148809
350,0.017550154,-1.835537195
351,-0.933952391,-1.587616205
352,-1.521329403,-0.143143401
353,0.571154833,0.971998930
354,0.995036125,-0.220908523
355,1.878163576,1.218674541
356,0.401479512,2.506820679
357,-0.099307001,0.725150347
358,-0.327908486,-0.905503094
359,0.705396771,1.356361628
360,-0.093565844,0.481008381
361,0.645299733,-0.561176360
362,-0.853251636,-1.040298104
363,0.134879142,0.856392384
364,1.013371229,0.262979507
365,-0.792094231,-0.385082811
366,1.137251854,-2.628886938
367,-2.143957138,0.848024368
368,0.690825284,-1.018632174
369,1.850129128,-1.535511255
370,-0.665598512,0.523212731
371,0.179396957,0.161942765
372,0.551234543,0.159664035
373,-0.171574339,0.395495564
374,-0.301588774,-0.131769925
375,1.676174402,-0.368946612
376,0.611620784,2.036062002
377,0.613763809,-0.046022180
378,0.320093602,0.264194816
379,0.098048255,0.181441292
380,0.840300798,1.290756226
381,-1.363453031,0.984860718
382,-0.099925265,-0.260627568
383,-0.174766734,-2.292477369
384,0.992049575,-0.188303769
385,0.641986430,-0.644530475
386,0.716738939,1.374365568
387,-0.743255258,-0.711442888
388,-0.379550040,-3.111835480
389,-0.263562202,-0.531845391
390,3.249474764,-2.166095734
391,-0.586303890,-0.508695245
392,2.759262323,-0.308507949
393,0.949946105,-2.432451010
394,0.864725828,0.144981608
395,3.832614422,1.010809660
396,-0.081813820,-2.977197409
397,0.021317445,-1.503253222
398,-0.120093003,-0.336599767
399,-1.278148174,-0.265214294
400,-0.695601285,-0.733190477
401,-0.696693301,-0.587926209
402,1.506730556,-0.597854078
403,0.088112809,-0.130003110
404,1.726603150,2.350897789
405,0.416188449,0.576963246
406,0.368927777,1.092233896
407,2.270779133,0.908266962
408,1.089767694,-0.851587951
409,-0.105152830,-2.144897938
410,-0.477124870,-0.615933359
411,0.068997361,0.816728830
412,1.191036820,-0.565268695
413,-0.630644143,1.798215032
414,-0.250308365,0.891174793
415,3.397865295,-0.717635810
416,-0.094835840,-0.590010226
417,0.507537723,0.206928939
418,1.066619754,-0.481867552
419,0.345714509,3.245196104
420,-0.552531838,3.145722389
421,0.100886069,-0.163692817
422,0.136766165,-0.071887501
423,0.386487216,0.060022183
424,-1.254039526,-0.776164055
425,-1.424179316,4.327871323
426,-1.275469780,1.107232809
427,0.008394451,-0.435255766
428,0.575131357,-0.311955571
429,-1.091910601,-0.788910925
430,0.214601830,0.287040919
431,-0.642465055,0.225978911
432,-0.228583202,-0.190558791
433,-1.505835414,-0.737562478
434,0.178931966,-0.181252182
435,-2.783170700,0.511032522
436,-1.472470641,0.411859810
437,0.978582323,1.453826308
438,1.729953766,-1.518586159
439,-1.664231300,-0.231803313
440,1.178831220,-0.177393347
441,-0.047947399,0.918899000
442,0.084869593,1.826333404
443,-1.049596190,0.261430800
444,0.610293627,0.206753463
445,3.192393780,0.482006013
446,-0.849779606,-0.349802464
447,1.839142680,-0.608419776
448,-1.524867892,-1.819700718
449,-0.369821578,-0.323788017
450,0.812794387,3.081483841
451,-2.042483330,0.303183854
452,-1.732626081,0.257621855
453,0.541189015,1.449451923
454,-0.811680555,0.144907519
455,-1.417897820,0.466951191
456,0.729660690,-0.314061642
457,-0.347895175,-0.314463973
458,0.673623681,-0.034036491
459,-0.366827309,1.061162114
460,-0.901086032,-0.536849439
461,0.234746262,-0.289716631
462,-1.025258899,-1.271084905
463,-0.432133853,-1.702529907
464,0.325257093,0.585762203
465,1.193949223,1.074887991
466,2.300188780,2.178141117
467,0.290309191,1.017819762
468,2.556801081,-4.469249725
469,0.050950322,0.541197181
470,-0.262229979,-1.733979702
471,0.132355213,0.110124446
472,1.559772134,-0.835133314
473,0.233510986,0.379559368
474,0.225411341,-0.497165740
475,-0.055472925,-0.239530548
476,0.002378369,-2.116722584
477,3.180055141,0.631640613
478,0.669189036,0.144239292
479,-0.910462737,-0.627963245
480,-2.302733183,0.052335296
481,0.602511406,-0.411423981
482,0.918769419,-0.567007065
483,0.982460678,2.877500296
484,-0.025770174,-1.334508419
485,-0.984413803,-0.068264611
486,-0.048903923,3.157300234
487,1.213062048,0.362769604
488,0.542919338,1.368410826
489,-0.229221120,0.055523258
490,1.344833255,-0.604440153
491,-1.920485139,0.836083829
492,0.282651961,0.025492273
493,-0.093875125,0.241120845
494,-0.027427455,-0.439970851
495,-0.981197417,1.690009356
496,1.745791197,0.582437634
497,0.133598700,-0.252553821
498,-0.462510079,1.737334013
499,-0.177719772,0.083299503
500,-0.728869975,-2.614059448
501,-0.640933275,0.097486824
502,0.413670659,-1.350746512
503,-0.720511317,0.745482624
504,-1.233158588,0.289648414
505,-0.751202106,-1.895143390
506,0.301183283,1.781384706
507,0.308225811,-0.882118940
508,0.269774437,0.170827255
509,-0.813728094,1.951235533
510,-1.303015232,-0.747081816
511,0.483081311,1.546303272
512,0.204414889,0.335029662
513,-0.185311466,-0.476724833
514,-0.018558916,-2.193615913
515,0.084460109,0.415638208
516,2.443196058,-0.640457630
517,0.074905716,0.140359476
518,-0.343689114,2.963924408
519,-0.730920255,0.724335968
520,0.723492205,-1.587111712
521,-0.728557885,0.317082167
522,-0.210868537,1.398625851
523,1.219832182,0.157979280
524,2.614673615,-0.234010324
525,-0.967008233,-0.848448336
526,-0.322182655,-0.856665969
527,-1.185685158,-0.285634816
528,-0.705101788,-1.125352502
529,3.294642210,0.644833028
530,0.279052377,-0.545447469
531,0.121946499,-0.140626386
532,2.310964346,-0.640605092
533,0.486714005,-1.015370607
534,2.420142412,-0.813243508
535,0.830051839,-0.497853726
536,-0.164399266,2.397831202
537,2.170876980,-1.226311088
538,1.380855560,0.756112874
539,-0.239284351,0.559028387
540,0.251923293,-1.414929152
541,-0.946942031,1.231237411
542,-0.394635439,0.053844992
543,3.491370440,0.915188909
544,0.731631458,0.359872997
545,-0.443525970,-0.181587622
546,-1.366075873,0.262739569
547,0.435983300,0.163976759
548,0.711979747,-1.101621985
549,-0.516791701,-0.265946776
550,-1.388914466,-0.908767343
551,0.318983793,1.541595340
552,0.412375480,-1.864975929
553,-0.328178108,-0.009497829
554,0.931901157,-1.999034524
555,1.568239689,-0.200413018
556,1.064489841,0.408225089
557,-0.338606358,2.420799971
558,0.065759160,-0.191941336
559,-1.277833700,-1.857410550
560,0.030995229,-0.145496324
561,0.042361435,-0.245194301
562,1.508520484,-0.409858793
563,-0.142910391,0.164139092
564,0.973895729,0.587356627
565,1.283618093,-1.281946659
566,2.000610352,-1.004081368
567,-2.941934347,0.947945714
568,0.246014923,2.492739201
569,-0.315828502,-0.064078592
570,-1.900469542,-0.775759459
571,-2.098505497,1.210981011
572,-1.977206707,-0.378078729
573,1.588434935,0.597835839
574,-1.327009559,-0.034839354
575,0.815674901,0.466060221
576,-0.214752719,-0.804428339
577,-0.641445696,0.437625825
578,0.087895356,-0.625897348
579,-0.096734613,-1.619053721
580,-0.833474278,4.107899189
581,0.122061744,-3.031408787
582,1.650154829,2.036915541
583,-0.124584153,0.857774496
584,-0.412691265,0.102839805
585,0.636888981,1.541341186
586,0.311832070,1.436147213
587,1.280554175,-0.624655604
588,-0.417183220,1.251615286
589,-0.761546195,-1.423794627
590,2.263997316,2.021129370
591,0.012998162,-0.311580300
592,-0.477823287,0.596263766
593,0.220904320,-0.011589780
594,-1.670929909,0.321609080
595,2.919892073,-1.483201861
596,-3.738138199,1.034936428
597,1.011346579,1.804758072
598,0.373448312,-1.390964270
599,-2.365797281,0.393505633
600,0.891532600,0.319159418
601,-0.666936755,-0.539210737
602,-1.277864695,-1.693194747
603,-0.449674100,-0.102598399
604,1.265790820,-0.703019321
605,-2.184049845,2.255166054
606,-0.622477114,-3.526682138
607,-0.345862955,0.161483556
608,-0.077002235,-1.041674733
609,-1.087733030,-0.381272793
610,0.090162821,-1.161745191
611,1.407870650,1.673757672
612,-2.050776482,0.709877789
613,2.909335375,0.392817646
614,-1.154441595,0.826252580
615,0.391843826,0.907831073
616,-2.390126944,1.486676931
617,0.874643207,0.573261321
618,1.151990414,0.198180199
619,0.875091732,0.387448937
620,-0.389716059,1.693347096
621,1.416524410,0.297381133
622,-0.559093595,-0.381530911
623,4.328840733,1.953012586
624,-2.302204132,0.090212315
625,-0.863167226,0.498899400
626,-1.497237802,2.104406595
627,1.899929762,1.471075177
628,0.959936917,-0.519051015
629,0.928293884,0.028064981
630,-0.127300143,-0.115439691
631,-1.128881574,0.967384338
632,-0.652064919,0.557959914
633,-2.477039337,-0.718901396
634,1.080999732,-0.416700631
635,0.582806587,1.068692446
636,0.467053562,-1.001340151
637,0.127309009,0.005216767
638,-1.153840303,1.006526589
639,0.064282954,0.143940553
640,0.222976819,-4.299462795
641,0.630017996,-2.108235598
642,-2.464165449,0.971193433
643,1.269438624,1.103055596
644,0.505740523,-0.132244870
645,0.641319394,0.374958038
646,0.967388868,1.047897696
647,-1.038979769,3.306089640
648,0.773844421,-2.537835598
649,0.567812085,0.549019754
650,0.929768801,1.579002619
651,-0.088530988,-1.765153289
652,0.028908130,-0.307154208
653,-0.747482300,-0.569098413
654,0.059973545,1.927927494
655,-0.497774839,0.296650231
656,1.236761093,1.133659124
657,0.175420806,0.522999048
658,-1.070797563,0.180322483
659,0.330697060,-0.706510246
660,-1.607185721,2.594288588
661,0.478206217,3.696920872
662,-0.186002403,0.089848407
663,1.024595141,-0.270733505
664,-0.948295414,-0.902224481
665,0.605297267,0.177757218
666,-0.134324953,-0.200605273
667,-0.303835839,0.150202855
668,0.082947485,0.905258179
669,0.172060728,0.113872245
670,0.087130569,-0.153343976
671,-0.644865513,-0.177957177
672,-0.898196399,1.593571186
673,-0.771058083,1.119319439
674,-0.388018012,-2.310164213
675,-0.120523930,-0.190790176
676,-0.833592415,0.521210372
677,-1.603789687,-2.080413103
678,-0.906164587,-1.119009376
679,-1.624059439,-1.152889252
680,0.978111744,1.611238599
681,0.289891392,-3.196974754
682,0.224346608,0.328495860
683,1.156005144,0.475302875
684,-0.185118690,-0.523856044
685,0.272552371,2.250490665
686,-1.795190096,-0.854799271
687,1.366429329,-0.342298537
688,1.248622298,0.317693830
689,-0.090007611,0.351877719
690,-0.198306918,0.451107800
691,0.464039534,-0.572711408
692,0.409198314,2.074576855
693,-0.356453419,-1.086505413
694,-1.744261265,-1.858673692
695,-0.373575062,0.841816425
696,2.444955111,2.133141994
697,-1.648492694,0.398314297
698,0.367816687,1.095143080
699,-0.473251224,0.270385742
700,0.154222712,0.446507365
701,-0.571600139,-1.182705760
702,-2.830709219,0.561638832
703,-0.571075380,2.528425932
704,-0.676435173,-0.513477206
705,-1.679434538,1.033465505
706,-0.341120631,1.352127552
707,-2.983101368,0.437848061
708,0.402579039,1.492724180
709,1.502269983,0.925643861
710,-0.496918023,3.121994019
711,0.109032519,0.556758702
712,-0.172625706,-0.178795785
713,2.124609947,-0.206115201
714,1.191091657,-1.158320308
715,-2.494251251,0.870590866
716,-0.041183759,1.623122811
717,-0.036867011,-0.521064401
718,0.838630736,-0.165836781
719,-0.431398779,-1.263899088
720,0.668451607,-0.838485956
721,0.637941182,-0.274675548
722,-0.827111125,-1.390485525
723,-0.256112725,-1.093724370
724,-0.292506397,-0.045101169
725,-1.369544744,0.361655354
726,-0.497844875,-0.888131678
727,0.210849255,-0.352211297
728,-1.680169582,-3.554929256
729,2.182049990,2.356768131
730,1.795748353,-3.180631161
731,0.096675009,0.325453520
732,-1.055501223,1.236529589
733,-0.155479103,0.132290438
734,-1.521076083,0.292339265
735,1.082927585,3.152302027
736,1.223909736,0.130312636
737,-1.241775632,1.033450842
738,1.301381826,0.729874134
739,1.074173450,0.134550422
740,-0.142907187,0.460265398
741,-2.416226864,0.750808477
742,-0.756524146,-0.215030417
743,1.058352351,-0.124402128
744,-0.365206212,0.381043613
745,2.655099869,0.178980127
746,0.416967362,-1.053313255
747,0.132618293,0.431235850
748,0.105932049,0.340166658
749,0.915682018,-0.969388247
750,0.786295056,0.798975885
751,2.204108000,0.679826915
752,-2.190494061,-1.736771941
753,0.160913944,0.176285952
754,-0.592841387,0.364454120
755,1.716419339,-0.718760312
756,1.304797769,-0.435837686
757,0.469474912,-0.413117379
758,1.802717566,-1.858574986
759,0.880869448,-0.860666990
760,0.134878665,-0.090917200
761,1.345648766,-0.615026057
762,0.728275955,-1.133493185
763,0.769196212,0.576479852
764,-1.861813307,0.351249754
765,-1.076669097,-0.027889699
766,2.509192467,2.478429079
767,-0.385440320,0.425673336
768,0.082988709,0.326466590
769,-1.706230760,-0.206152737
770,0.787084877,0.436282337
771,0.351564825,0.933508456
772,2.638998508,-0.080587536
773,0.331040949,-1.640048385
774,-0.089324042,-0.305291891
775,1.719202876,1.012538433
776,-0.059474993,-0.461785138
777,-0.741814256,-0.966437042
778,-1.345416188,0.268920362
779,-0.125327975,0.722465038
780,-0.430126905,-0.528153479
781,-0.136460438,0.159747154
782,-0.039109226,-0.473748624
783,-1.544035316,0.890185416
784,-0.494150907,0.647724211
785,0.759446084,-0.562015772
786,-0.173459366,0.765399814
787,-1.739922523,-0.668638468
788,1.039413214,0.661854148
789,-0.421131700,1.959993005
790,2.589531422,1.146241784
791,-0.507331550,-0.617322862
792,1.751223922,-0.438887328
793,-1.004981637,2.144413471
794,0.225763232,-0.380360335
795,0.551722884,0.855334282
796,0.592879832,-0.122648761
797,-1.223622561,-0.706550539
798,-0.444886297,0.523493171
799,-0.673958421,0.754442632
800,-0.874454081,-0.028087506
801,-0.142367706,0.288952231
802,0.207732394,-0.927557588
803,0.156232193,-0.028862087
804,0.300731808,-0.949768782
805,-1.943838239,-2.478164434
806,2.758171797,-1.072118521
807,-0.309545964,-0.457154900
808,-0.329221487,-2.045293808
809,0.504049361,0.142334893
810,-0.318661064,1.250739932
811,0.773799717,-0.688823998
812,3.343699694,2.783287048
813,-1.145949006,-1.170188308
814,0.180424973,0.072265700
815,-2.701949120,1.645736575
816,0.401473939,-1.478626609
817,2.402217150,0.609267473
818,-0.754772186,0.722508788
819,-2.150325298,-0.093796477
820,0.957712531,-0.229668245
821,0.289361149,0.155415043
822,0.188372001,0.295473516
823,0.477968335,-0.240256906
824,-0.557884991,1.014815211
825,-0.431369960,-0.526462972
826,0.030407539,-0.187992975
827,-0.628833234,-0.938443244
828,-2.968228817,1.189487219
829,0.632251322,-0.538457990
830,0.010432160,0.499879956
831,1.806575298,0.146490812
832,-0.898893356,-0.344769537
833,0.476141125,0.529458463
834,-0.066511676,0.335429937
835,-0.417454541,0.695446014
836,-0.247085378,-0.068605617
837,-0.477996409,-0.613869548
838,-1.183388591,-0.400281757
839,-0.599474430,0.254483372
840,-1.119939446,-0.092393644
841,1.242933035,-0.227151081
842,0.996470332,1.905059338
843,0.349853247,-0.139976025
844,-0.106232658,0.286069036
845,-3.012736559,0.936603785
846,1.953689694,-1.216429949
847,0.000281698,0.861384273
848,0.142216310,-0.486644596
849,-0.789804041,-0.101027273
850,-0.988621593,-1.456376314
851,-0.214434251,0.060615890
852,0.668120086,2.088305950
853,0.814401805,-1.344707489
854,-0.114018507,-0.111097328
855,0.758801520,2.625091314
856,-0.344535470,0.072066396
857,1.386505127,-1.172634959
858,-0.848029077,3.265845537
859,0.919804990,-0.585253716
860,-0.025422703,-2.328063965
861,-0.752789617,2.191901445
862,2.107239485,0.527974129
863,-0.211613208,-0.676094472
864,-2.035060644,0.092907988
865,-1.219109058,1.973241806
866,0.251838624,-1.458735824
867,1.281047583,0.989132345
868,0.228571743,0.191639274
869,-0.580451429,0.833081841
870,-0.029008998,0.994917274
871,2.964218140,-0.447310239
872,-0.377564669,0.439996183
873,-0.937637329,1.755862594
874,-1.324427128,0.916007042
875,0.730983436,0.354419470
876,0.994777262,-0.823157609
877,0.146192521,0.341663182
878,0.230333522,-1.153944492
879,0.547962666,-1.794664860
880,1.171290398,0.319152147
881,0.043112714,-0.636641860
882,-1.557135463,-0.110137224
883,-0.672964036,1.239349961
884,-0.069307923,0.528172553
885,0.116946913,-1.397883654
886,0.610221684,0.062838703
887,-0.329461008,-1.692697406
888,0.572121978,-0.731203616
889,0.930568933,-1.879060984
890,0.178151622,0.589794278
891,1.167809725,-1.000911593
892,0.853738546,-0.122815892
893,-0.148038551,-0.217104509
894,-0.344411671,-1.208782792
895,-0.227778301,1.559746146
896,0.420979708,-0.772025883
897,2.195122242,1.751221538
898,-2.084971666,-0.531941414
899,0.624003768,-0.132552013
900,-1.535115004,-2.348889589
901,-1.228284121,1.310893178
902,-0.661266983,0.735856652
903,1.844453812,-0.253168762
904,1.437818885,1.183451653
905,-0.231921166,0.006695321
906,-0.810988545,-0.061652232
907,0.113242999,0.346725076
908,-0.779383779,-2.696265936
909,0.189548194,0.640104055
910,0.401974112,0.137014359
911,-0.365734667,-1.626196861
912,0.332241505,0.725674927
913,-0.798699081,0.645651162
914,-0.414643377,1.262287736
915,0.659801006,-0.656379879
916,0.303609639,-1.704215288
917,-0.074121051,-0.211839676
918,0.171011344,0.640844941
919,0.148690239,-0.007693013
920,1.497612357,0.977429330
921,-1.040410995,0.793895364
922,0.357751489,0.729575098
923,-0.469068795,-0.002679962
924,-1.239960670,0.451900780
925,0.162955865,-1.345085382
926,0.746647418,0.658133388
927,-1.319062233,-0.743019223
928,0.269368321,0.096054986
929,-2.284726620,1.668295622
930,-0.270997345,0.515257955
931,0.047274526,1.605254412
932,0.421951354,0.231344312
933,0.409891188,0.079424240
934,-2.055769920,4.006959438
935,0.010037471,0.966052055
936,-0.129999980,-0.724724114
937,-0.716694057,-0.300093859
938,3.552403927,-1.437710881
939,-1.349058628,-0.042617999
940,0.463000804,-0.711899161
941,-0.192750141,-0.166182309
942,-0.000127976,0.699278176
943,0.200332567,1.571485043
944,0.213521376,0.149717212
945,-0.369433522,1.320993543
946,0.752940834,0.431596309
947,-1.216831684,-0.703861892
948,1.703455687,-1.197983742
949,0.062027462,0.450380892
950,-0.916193962,1.157330751
951,-0.407209873,-0.928342342
952,-0.065957569,1.791998625
953,-1.355167508,-2.767431498
954,-0.323582649,3.020478249
955,0.593070269,-0.681021094
956,0.870259404,-0.303973168
957,-0.804771543,0.761873960
958,1.085703373,0.377758831
959,-0.479209602,-1.727493525
960,-0.962283432,-0.732349217
961,-0.139582351,-1.704086185
962,1.518534064,-1.187427282
963,-1.843330503,-2.169327259
964,-1.098432660,0.191686437
965,0.795426071,2.133145571
966,-2.561688900,0.075413808
967,-0.800936699,0.401381075
968,0.757771492,-0.524100184
969,-0.123342700,0.487626076
970,1.255534172,1.060818195
971,-0.288370937,0.573132694
972,0.429776520,0.537576079
973,-0.875563860,-1.536720037
974,2.551627636,-1.291943073
975,0.152830362,0.795047402
976,-0.255197465,-0.199907288
977,-2.373461246,-1.107969761
978,0.514883101,4.913086414
979,-0.234642372,-0.365710199
980,-1.377787471,-1.237065792
981,-1.182425618,-0.679253876
982,1.110959530,-0.863130033
983,0.314038157,-0.316666842
984,-0.730144024,0.814046204
985,-1.132389069,0.931144178
986,0.554986715,3.740636587
987,2.096740723,-1.163653612
988,0.098387256,1.225260258
989,-0.144717842,-0.115179084
990,0.141267076,0.082350507
991,2.468624353,1.404914856
992,-1.139213085,1.267321706
993,-0.221450150,-0.156904519
994,2.103998899,1.137694478
995,-1.198792338,-0.433266461
996,0.217543975,-0.151483387
997,0.490210682,-0.521111846
998,-1.167073607,0.909032702
999,-0.544881523,-0.241707653
1000,-0.569397271,1.001137853
1001,0.647042572,4.576900959
1002,1.183917165,0.506539047
1003,1.291001558,-0.955212355
1004,-2.942010880,-2.357122898
1005,2.136331558,-1.126255631
1006,0.301490635,-3.238735437
1007,-0.062533744,-0.441975981
1008,-0.377554268,-0.697711885
1009,1.318058252,-0.579088390
1010,0.879981160,0.793819666
1011,0.229690403,0.982170939
1012,1.714272738,-0.573615313
1013,0.081803940,-0.625148058
1014,-0.702753723,0.283172548
1015,0.421691626,-0.573949754
1016,-1.611113787,-0.785558939
1017,-0.741895080,2.037266016
1018,1.771613359,1.690493226
1019,0.830386400,-1.579817533
1020,-2.046767473,1.818728685
1021,2.389299631,1.976981282
1022,0.470044971,-0.853855789
1023,0.707314968,-0.184762970
1024,-0.006447143,-0.682960629
1025,0.340790570,-1.183912158
1026,2.602247238,1.575019360
1027,-0.610942781,-0.372651666
1028,-0.217819914,0.852279246
1029,0.924029231,-2.898463726
1030,-0.248200938,-1.505065799
1031,-1.312345743,1.352133632
1032,2.512713194,0.131758571
1033,1.782846332,-1.141883492
1034,-0.784821510,-1.942034006
1035,1.284789681,0.467583627
1036,2.864541769,-1.587650537
1037,1.439242601,0.793245494
1038,0.066079803,-1.841354132
1039,-0.886646390,-0.285316974
1040,0.157820165,0.109506175
1041,-0.531370819,0.875520587
1042,0.270636708,0.726841152
1043,-0.125609741,0.351284951
1044,-0.333990633,0.412497491
1045,0.680924296,1.957092524
1046,-0.479931653,-0.679265320
1047,0.806470633,0.967568755
1048,-1.782550812,-2.102399826
1049,-0.488878995,-0.371780694
1050,0.413016915,-0.745899856
1051,-1.007171869,-0.394086808
1052,-0.040390879,0.277112424
1053,0.182740375,0.026694093
1054,0.033948269,-1.246159077
1055,-0.680242062,2.293712378
1056,-0.162385210,-0.422661811
1057,-2.289020300,0.169416577
1058,0.452782273,-0.313341320
1059,-0.175743490,0.197346091
1060,-0.294179976,1.158478737
1061,-2.002530813,-0.388181567
1062,0.250691563,0.469688267
1063,-0.053155918,-0.172636390
1064,-0.553861678,0.767733276
1065,0.372154534,1.527586102
1066,-1.371129274,1.840300560
1067,-0.914961874,-0.290798873
1068,0.601324141,0.551154792
1069,-1.199038506,-0.985321641
1070,-0.420834422,-0.046402607
1071,-0.981039286,-0.804783821
1072,0.446676910,-2.539697886
1073,0.142682970,1.126269221
1074,-0.881783426,-0.764982224
1075,0.823947668,-1.020958304
1076,-1.223969221,-1.055934429
1077,1.021462679,-1.056858540
1078,-0.536601484,0.372593731
1079,-1.231689930,0.405768216
1080,-0.486622453,0.140056327
1081,1.076139212,0.048787363
1082,0.638901293,-0.050317883
1083,-0.021057891,-0.567011654
1084,-1.349337935,0.656215370
1085,0.299683571,1.194379807
1086,-0.504117846,-0.091745615
1087,-0.581900477,0.853674889
1088,-1.942695498,-0.015072792
1089,-0.730817437,-0.788351297
1090,-0.521958768,1.571358800
1091,1.045320272,1.712323070
1092,0.160111144,0.023031376
1093,1.015192747,2.349200726
1094,-0.398629755,-0.818849146
1095,1.652225137,-1.631065488
1096,-0.917006493,0.708951116
1097,-0.615186095,-0.476311922
1098,0.443439007,-0.593662322
1099,2.627405405,-1.645533085
1100,2.907971621,-1.867187738
1101,0.240463361,1.135284662
1102,2.466489077,0.181669787
1103,-1.499617219,-1.467430234
1104,-0.478380144,-0.259019941
1105,0.038717378,1.269188762
1106,0.710956931,-0.585957646
1107,0.153774485,1.115267754
1108,0.033147991,-0.182394147
1109,2.540971279,-1.094650269
1110,0.954363346,1.005332589
1111,-0.020768981,0.686153233
1112,-0.990567982,0.022210309
1113,-0.186677605,-4.248834133
1114,-0.658691645,2.672799587
1115,0.269350320,0.751825213
1116,-0.610471249,0.225000590
1117,0.571809649,-2.054842234
1118,0.893849790,-0.881121755
1119,-0.235061988,0.380528986
1120,0.209618717,-1.060643911
1121,2.635008812,-0.739505470
1122,0.044403151,-1.245790362
1123,-0.149646789,-0.596573353
1124,-0.066728458,-1.020770192
1125,-2.326395750,-1.140338421
1126,-0.080306955,-0.339557648
1127,-0.343694419,-0.341250122
1128,-1.096964598,0.130687773
1129,-1.397916079,0.260060728
1130,0.594209313,0.579960883
1131,-0.952891290,-1.844208121
1132,0.587643385,1.920386195
1133,-0.373417437,2.560946703
1134,0.334027231,0.023467824
1135,2.040529966,-1.134221673
1136,-2.229077339,-0.686639726
1137,0.123532012,1.351031542
1138,-0.703603685,1.041005850
1139,0.439828843,-0.958848476
1140,0.333897263,0.839368939
1141,1.356137156,-0.147876829
1142,0.965810359,0.893553674
1143,-2.073224545,1.432767749
1144,2.078417778,0.654041886
1145,0.327545255,0.271991163
1146,0.931016624,-2.700098038
1147,0.931094110,0.540067613
1148,-1.485178590,-0.627035558
1149,0.184365407,-1.377940536
1150,-0.164997876,-0.599441051
1151,-1.260130048,-3.678586006
1152,-0.661476672,-0.750696063
1153,-0.760955930,2.802021742
1154,2.289921522,-1.254213333
1155,-0.183937579,-0.773600578
1156,-0.426037580,0.301788747
1157,1.844948411,1.404451013
1158,0.635883868,-1.120029449
1159,-0.436535537,0.995051920
1160,1.382779479,-0.507635176
1161,0.327833951,-0.860767961
1162,-0.914270520,0.522508144
1163,-0.133385211,-1.239238381
1164,0.109684542,-0.196219102
1165,0.106141314,0.508189321
1166,0.591158330,0.638332844
1167,0.152511865,-1.849695444
1168,-0.505021751,0.535712779
1169,0.377185911,-0.087007105
1170,-1.060661912,1.594485641
1171,0.159250617,-0.708500862
1172,0.628140211,2.031157255
1173,-0.998112440,2.673593521
1174,-1.854524851,0.011262407
1175,-0.559976578,2.063518524
1176,-0.423958570,2.278285980
1177,-0.039128151,-0.592482150
1178,1.655560732,0.037462380
1179,-1.291360974,1.116707921
1180,-0.202837259,0.217698947
1181,0.094294071,1.856550932
1182,2.272957325,0.385534108
1183,0.968408465,-0.647821009
1184,-0.263397932,0.276236087
1185,1.037660599,0.132758379
1186,0.139097765,-0.199220672
1187,-0.256036967,0.931472540
1188,0.610206246,1.325595498
1189,0.407856077,-0.589963436
1190,-0.406928658,0.213651299
1191,-0.437182784,-0.696478724
1192,-0.166696325,-0.054620340
1193,-0.336274594,-0.148121595
1194,-1.794500828,-0.477963120
1195,-0.651774526,-0.355714589
1196,-0.142416403,-0.927062750
1197,1.914890051,-1.343368053
1198,-0.544898629,-0.797630012
1199,-1.762196541,-0.013714595
1200,2.004997730,-0.380608171
1201,0.423588634,-0.257858038
1202,-0.071988992,-0.133132085
1203,0.766336381,1.244833350
1204,0.396761477,-1.308138132
1205,-0.064839043,1.147699475
1206,0.227550700,0.015416279
1207,-1.204479575,-0.997745574
1208,0.647580028,-0.871816576
1209,0.979171753,-0.406965613
1210,0.817124546,0.393502742
1211,-3.452889442,1.384768724
1212,-1.338455081,-0.672089219
1213,-0.033725552,0.178289756
1214,-2.639844179,-1.006817102
1215,-1.182755709,-0.693379939
1216,-0.538716853,0.525772870
1217,-0.562395811,-1.775801778
1218,0.379395515,0.037171114
1219,0.116547450,0.086407490
1220,-0.324670970,-0.061695457
1221,1.576677084,2.164379120
1222,-0.129902735,-1.044315219
1223,-0.063069940,0.615759075
1224,-0.472381562,-0.566055000
1225,-3.469481230,1.530884027
1226,1.237890720,-0.945244968
1227,0.069600523,0.665714920
1228,0.669576406,1.108307958
1229,1.424082637,0.519953847
1230,0.066827521,0.036992256
1231,-0.566757381,0.171527162
1232,0.607248425,0.790015817
1233,-1.460671425,-0.151625007
1234,1.176936269,1.019000292
1235,-0.150927573,0.098319165
1236,-0.226043329,-0.170379847
1237,-1.252799749,-0.461544991
1238,-0.451131612,0.350385368
1239,0.004932978,0.147388756
1240,3.143646240,-0.122283265
1241,1.705768585,0.382408142
1242,-0.073882759,0.183705509
1243,1.840801477,-0.271404922
1244,1.659696460,0.170543939
1245,-0.725702584,-0.129030377
1246,3.282160997,0.042707123
1247,-1.485787034,-0.114317141
1248,0.107627787,0.394525528
1249,-1.324643254,-1.817082882
1250,1.759903908,2.531936884
1251,-1.078165293,1.314260364
1252,-1.531623840,0.570716083
1253,-2.118072510,0.088128105
1254,1.125807285,1.032316327
1255,-3.125497103,0.713602901
1256,0.004814689,0.273382187
1257,0.538066864,0.872140050
1258,0.536847889,0.477324039
1259,-0.167880222,0.412398577
1260,-0.795542717,1.078514218
1261,-1.786108494,-0.774280787
1262,0.023963528,-3.669317245
1263,-1.248331904,3.914605379
1264,0.965650737,-0.769479632
1265,0.477427751,0.401048779
1266,-0.460559905,-0.313651770
1267,-1.348347664,-1.677514553
1268,0.637058973,0.117248915
1269,0.423695326,-2.169577360
1270,1.147621512,1.232995272
1271,-0.114259310,0.672122180
1272,-1.046917200,0.289385110
1273,1.447071671,0.207127258
1274,-0.057975765,-0.296074301
1275,-0.504046440,-3.208538055
1276,0.127085626,-0.212501109
1277,-1.852912307,1.233892441
1278,-0.890253127,-0.211513743
1279,0.223805815,0.174802303
1280,-0.716333032,0.703522623
1281,0.048694279,1.172461510
1282,-0.663806677,0.241048411
1283,0.963429809,1.609630942
1284,-0.066141337,0.398750663
1285,0.138982341,-0.193171546
1286,-0.399662316,-1.004149437
1287,1.487132668,-2.349209547
1288,0.937920094,-1.504510403
1289,1.502381444,0.081222661
1290,-0.667889178,-0.032505240
1291,0.200040281,0.478768080
1292,-0.954393029,0.402585328
1293,-1.360602975,-0.372250259
1294,-0.542950511,1.116304040
1295,0.354538441,-0.313194662
1296,4.305088520,-1.180431485
1297,0.510968804,-0.112584151
1298,-0.326279223,-1.309746027
1299,-0.325123996,0.227800727
1300,1.501820803,-1.083809495
1301,2.097402573,-1.164453506
1302,0.408268213,0.861545861
1303,0.164498121,0.708476126
1304,0.870161712,-1.789551020
1305,-0.408356220,1.070024848
1306,-1.600977182,-0.299690545
1307,-0.806950986,-0.938245475
1308,1.384899378,-1.608756781
1309,0.998193026,0.965624154
1310,-1.086342812,3.104681730
1311,2.274643421,-1.773284078
1312,0.830119193,-0.576695979
1313,0.486091703,1.608982801
1314,0.387726426,2.013208389
1315,0.907149553,-0.219881460
1316,1.216524243,0.041756626
1317,0.011330436,-0.325840980
1318,1.578181624,1.354698181
1319,1.948238134,-1.803736687
1320,-2.245510340,0.040311743
1321,0.888461649,0.058355466
1322,0.391035229,-0.914644182
1323,-0.638873696,1.199343801
1324,-0.582806289,0.835518122
1325,0.261824042,-0.206558585
1326,-0.134599298,-1.021726489
1327,-0.496051908,-1.074331522
1328,-0.251691073,0.094042905
1329,3.292685747,1.653901458
1330,0.091895543,1.615972877
1331,-0.525657654,0.452385485
1332,1.895648360,-1.825958848
1333,0.313788503,-0.793928444
1334,0.653946936,0.098764859
1335,2.823711395,2.950510263
1336,-0.819140196,0.792624354
1337,-2.183426142,1.405256867
1338,0.312606454,0.025981959
1339,-0.046792794,-0.110955611
1340,0.227880672,0.125823304
1341,-1.581408262,-1.884333491
1342,-0.297399849,-2.080069542
1343,2.196481466,-1.638122916
1344,1.000719786,-0.053328123
1345,-2.943121672,0.973125815
1346,-1.669289470,0.586381376
1347,-0.679384887,0.979276717
1348,2.418521881,1.411416292
1349,1.155884385,0.240834385
1350,0.342114031,1.104755402
1351,1.115948677,-2.147635221
1352,1.282656550,-0.369479835
1353,0.049023591,-0.158722162
1354,-3.205606461,1.711005092
1355,-1.278852105,-0.864253938
1356,-0.905885577,-0.387684256
1357,-0.741271019,-1.031240463
1358,1.345323563,-1.053890109
1359,0.089874797,0.259734839
1360,-0.766846418,0.200593829
1361,1.029895544,0.013910703
1362,0.198872045,0.442558974
1363,2.970705271,-0.725957394
1364,-0.508301795,-0.719624162
1365,-0.161415204,-0.376241237
1366,0.698665857,-1.116974592
1367,-1.337335110,-0.113270268
1368,0.777138591,-0.377828002
1369,0.577140808,-0.832628310
1370,1.433381915,1.497012973
1371,-1.392678380,-0.483239621
1372,2.399427891,2.372133017
1373,0.323088974,0.020456953
1374,-0.414972842,0.011893488
1375,1.114435434,2.310948849
1376,-0.102260046,-0.159528121
1377,-0.120020196,0.029341508
1378,-0.615463138,-0.863910019
1379,-0.140361816,0.616121113
1380,-1.440204144,0.045535132
1381,0.222134009,-1.447199702
1382,-1.364948869,-0.396387935
1383,-0.256057411,-0.058758922
1384,0.551808119,0.318216294
1385,1.088752031,0.510108948
1386,0.643450916,-0.724561572
1387,0.754019439,1.181098104
1388,-1.207823396,0.313042253
1389,0.038297068,0.639965355
1390,-0.975478649,1.053881049
1391,-0.155633509,-0.093383349
1392,-0.255811214,-2.059456348
1393,1.783735514,0.720305800
1394,-1.055432916,0.673851311
1395,-0.146239623,0.897376299
1396,-0.147687957,0.449426889
1397,0.423291147,-0.346586466
1398,1.004691601,-0.728836894
1399,0.391777664,0.296118855
1400,-0.024091262,0.443333685
1401,0.949396551,-0.575711608
1402,-0.489212662,-0.036516432
1403,-0.794505775,3.352035999
1404,-0.106620029,-0.749426305
1405,0.732744396,0.354347348
1406,1.061396718,-2.673512697
1407,0.092287071,-0.341085404
1408,-0.332900643,1.436943889
1409,1.505079389,1.806367278
1410,-0.903661788,1.970437288
1411,-1.949559212,-0.388360530
1412,-1.930487514,-0.785268128
1413,-1.382522583,-1.350065947
1414,1.688760400,-1.137228012
1415,0.246074915,0.334542632
1416,-3.320318699,0.680042505
1417,0.874183893,-0.028396612
1418,-0.171256527,-0.409908324
1419,-0.046035815,-2.716185093
1420,0.092684358,0.764438689
1421,-0.266140282,2.161219597
1422,1.317246795,0.631877124
1423,0.906022251,0.571619928
1424,-0.985834479,2.442509174
1425,3.540220261,-1.825005651
1426,0.412846446,-0.286336303
1427,-0.630181909,0.640855968
1428,-0.120888427,-0.103007175
1429,0.785128117,-1.988252282
1430,-0.852927625,-0.962049186
1431,0.297537953,-0.352711052
1432,-0.511058807,1.299721122
1433,0.673514187,-1.108132482
1434,-0.235205531,-0.887370169
1435,-0.015413038,0.220863074
1436,0.981888771,-0.980317056
1437,-1.953529716,1.890604496
1438,-0.253748566,0.791322112
1439,-0.515885174,0.163192064
1440,-0.828008354,-1.023808718
1441,-0.639766693,-0.674686253
1442,-2.261857748,-0.127534404
1443,-0.353397995,-0.330455631
1444,1.506331086,-0.265260935
1445,-0.791297317,1.154126167
1446,-0.564683318,-0.917896032
1447,0.672010601,0.556673348
1448,-1.558568358,-0.926867902
1449,-1.884223342,0.025054982
1450,-0.376847774,-0.078502238
1451,-3.297415972,0.145425394
1452,-1.679833770,1.209869981
1453,2.851451397,1.660010815
1454,-0.305858701,-2.039898157
1455,1.280830503,-0.041120328
1456,1.094203115,-0.750575125
1457,0.424016505,-0.523419440
1458,0.360116839,0.120104790
1459,-0.777630627,0.423728257
1460,0.595455348,0.828903913
1461,-1.550298452,-0.358631134
1462,2.032545567,0.077697039
1463,1.210968018,2.421520472
1464,-2.707375050,-0.146059558
1465,-0.928286552,-1.548073769
1466,-0.633615673,0.520688593
1467,-0.121869758,-0.270096004
1468,1.441561222,-0.026663037
1469,0.378373086,0.139384612
1470,0.665744483,-1.097249746
1471,0.235590085,-0.556590378
1472,1.380327225,-0.829112887
1473,-0.218226030,-0.392076731
1474,0.217005134,0.098809652
1475,-0.396863073,0.820037663
1476,1.728241324,-0.946851969
1477,-0.462053776,-1.299456954
1478,0.852214515,0.881663799
1479,0.515718818,-0.729811370
1480,-0.699707210,-1.605228543
1481,0.240627348,0.284171402
1482,0.273418158,-0.022974832
1483,0.938669264,-0.493073702
1484,-0.453497678,-2.805797815
1485,0.347737193,-1.198756337
1486,1.123387933,-1.686426759
1487,-0.034446359,-0.189192161
1488,-0.233348042,-0.782890320
1489,-0.445329130,-0.581754565
1490,-0.403876364,-0.543237329
1491,0.360990644,-0.146325693
1492,1.045246482,0.511152148
1493,-2.235994577,2.103113651
1494,0.415533602,-1.006144047
1495,-0.409502447,0.629618108
1496,-0.142162815,-0.432992458
1497,-1.879209757,-0.417862922
1498,-0.939356327,0.486053348
1499,-0.069858357,-0.215647027
1500,-0.016625470,-0.800442100
1501,1.496973753,-0.604851305
1502,2.718920469,0.671173275
1503,0.232565388,1.811769605
1504,-0.521331728,2.770955563
1505,0.147717103,1.902767658
1506,-0.233643889,-0.458736271
1507,0.070521675,0.732659042
1508,0.536839426,-0.066743083
1509,0.313382596,-0.284696758
1510,-0.171199128,0.031318568
1511,0.935965478,0.694843292
1512,-0.920871139,-0.518556118
1513,-0.079168990,-0.743725419
1514,-2.107729197,1.362612128
1515,0.342115462,0.740454018
1516,-1.559018254,-1.303900480
1517,0.028486524,0.181941584
1518,0.334097683,0.489196032
1519,-1.454433680,0.485801220
1520,-0.521823585,-1.330253005
1521,-0.762066483,0.157482445
1522,0.152676329,0.274105579
1523,0.428916872,-0.257426172
1524,-0.412963569,1.166757703
1525,0.364844352,-0.506148338
1526,1.145371914,-0.381737411
1527,-0.090237528,1.464080453
1528,-0.459464967,-0.406048298
1529,-0.961939394,0.057084318
1530,-0.887759984,-0.042826302
1531,0.541620851,-1.989512086
1532,-2.903767347,-0.348448962
1533,-1.753199339,-0.409494966
1534,1.050591230,-0.620407522
1535,0.467787176,1.545729280
1536,1.219517112,-2.565464497
1537,0.500370741,1.912566900
1538,2.338742018,2.325661898
1539,1.219512939,3.291054487
1540,-0.742159247,0.728813946
1541,-0.580164790,-0.606261671
1542,-0.516665757,1.478112578
1543,-0.787744761,-0.241585225
1544,-0.455124408,1.506261349
1545,-1.020247817,-0.502949119
1546,0.455283046,0.441348314
1547,-0.958517253,-0.734592974
1548,0.220350981,-0.221600607
1549,0.544967353,-0.321996123
1550,-3.495220184,0.024838626
1551,0.485380679,1.309864879
1552,1.072086811,1.143659711
1553,-0.652901232,0.066140845
1554,-0.122643679,1.274083018
1555,-0.574497759,2.419814348
1556,-2.154534817,-0.935384572
1557,1.484282970,0.420328796
1558,0.822419941,-1.050022364
1559,2.494024992,0.537956655
1560,2.621108770,-0.258726895
1561,-2.442823887,-2.066684961
1562,-0.370804220,1.265568376
1563,-0.143772542,1.369630456
1564,2.108764887,-2.431845665
1565,2.971454859,1.898484707
1566,0.298373073,0.568365037
1567,-0.503245115,0.574222445
1568,-0.525098324,-3.036355972
1569,0.612140536,-0.571166158
1570,0.684714317,2.152900696
1571,1.538615584,-2.899214983
1572,-0.161357999,0.518935978
1573,-0.272451252,0.351843208
1574,-1.431584358,-2.365236044
1575,0.146511599,0.454211414
1576,-0.013032279,-0.893895447
1577,-1.222210526,-0.364000022
1578,-1.473643780,-0.440160215
1579,-0.335592717,0.863521695
1580,-0.026687073,-1.109109402
1581,1.112913013,0.474754542
1582,-0.987813115,0.845672846
1583,1.155727267,-0.861268342
1584,-0.786639273,-2.168592215
1585,0.400186390,-1.569682121
1586,-1.112535238,0.966868341
1587,-0.324168563,-2.089195728
1588,1.549460649,0.120763227
1589,-0.574341536,-0.190030485
1590,0.511682272,1.043766379
1591,0.592878580,0.508275568
1592,-0.081905939,-0.147205442
1593,0.259958059,-0.642407596
1594,-0.393690318,1.084624529
1595,2.456746817,1.279370785
1596,0.717297554,0.999020517
1597,-0.976179898,-0.867068410
1598,-0.079848036,0.824410260
1599,-0.249844864,0.424826413
1600,0.177044839,0.157972917
1601,0.834540606,-0.832406998
1602,-0.809103429,-1.060988665
1603,-0.355956316,-0.515852630
1604,-0.800154686,-0.625004053
1605,0.959337652,-0.131509066
1606,1.232915044,2.340374470
1607,-0.612879276,-0.189320564
1608,0.651638806,-0.538213313
1609,-0.143528104,-0.428022116
1610,0.814223468,-0.062670290
1611,-0.736788094,-1.069731355
1612,-0.479142636,-0.299699247
1613,0.873868823,0.650499046
1614,0.036442708,0.187040657
1615,-0.809290826,-1.781307101
1616,-2.625315189,-0.528059781
1617,1.430207849,-1.378329635
1618,-1.652417660,-0.903974712
1619,-0.652393818,0.664553881
1620,-1.474591613,-0.154852942
1621,-0.217884317,0.329320759
1622,0.900695622,0.272755533
1623,0.139814630,-0.201417714
1624,1.789658427,1.573639631
1625,-0.397400558,0.049382098
1626,-1.616027713,-1.925871491
1627,1.802547455,0.804567397
1628,-2.163995266,-0.588241637
1629,0.131492555,-0.620953381
1630,-1.308815718,-0.457296997
1631,-2.064644814,0.778429210
1632,0.719354808,-0.102120593
1633,-0.112954207,0.014780930
1634,-1.294269204,-1.088673472
1635,0.460763425,1.546192527
1636,2.087134123,3.314785957
1637,1.370161295,-0.547556520
1638,0.951608241,3.641638279
1639,-1.092274308,0.135847330
1640,-0.293775886,-3.307789087
1641,0.279314995,0.227968082
1642,-0.239876986,0.575207233
1643,-0.358004242,-0.569019079
1644,-0.313159198,0.442583561
1645,-0.434025615,1.206188560
1646,-1.203104734,1.141735792
1647,1.228077531,-0.039196655
1648,-1.032039642,0.491108000
1649,1.574931502,-1.147284508
1650,0.715159476,-0.493726552
1651,0.144825250,0.519578636
1652,0.726354122,-0.782927990
1653,-0.797218680,0.574051321
1654,-0.110544764,-0.622204065
1655,0.192355543,-1.496648788
1656,-0.439532965,0.277099639
1657,-0.305018514,-0.069696359
1658,-0.701942742,-0.870958090
1659,0.580712140,1.030848026
1660,3.646713972,0.302086473
1661,1.031549335,-0.332482368
1662,0.923647463,-0.053363331
1663,-0.112084642,-2.043507099
1664,-0.195617586,-1.280153036
1665,2.209021091,-1.167940736
1666,0.405974865,-0.185472921
1667,0.001954688,1.848338246
1668,0.416909933,-0.601074338
1669,-0.745981336,1.177165031
1670,0.183279991,-0.253214836
1671,-0.168322444,-0.021945711
1672,2.268165350,-1.192229152
1673,-0.372292310,-0.597385049
1674,-0.164940089,-0.372775227
1675,0.832297146,-0.561681330
1676,-0.270216227,-0.116571575
1677,-1.049209118,1.036222935
1678,0.055397507,0.022833249
1679,-1.158909082,0.433898270
1680,-0.277243853,-0.846543908
1681,-0.342263132,-0.088101231
1682,1.412554145,1.370684147
1683,-0.402894020,0.390495092
1684,0.193749472,0.428081691
1685,1.069578409,2.013578415
1686,-1.705811381,0.816239059
1687,0.053299002,-0.156995505
1688,-0.019478194,-0.585210443
1689,-1.076423764,0.210934326
1690,-3.927725077,1.756097674
1691,-0.751685917,-1.028627753
1692,2.602517128,-1.145967007
1693,-0.615509987,-0.491285443
1694,0.093210176,0.609130621
1695,0.926222622,4.981628418
1696,-1.069742322,-0.821497977
1697,-0.217868045,0.447826594
1698,-2.047750950,0.897138596
1699,0.325476497,-0.169533104
1700,0.963720739,3.082684994
1701,0.365800768,-0.386327714
1702,-0.742860436,-0.885858297
1703,-0.234958872,-0.125681430
1704,0.638676345,-2.528797388
1705,-1.999010563,0.947619557
1706,0.781875253,1.920451283
1707,1.128790975,0.304632485
1708,-0.539258778,-1.579506397
1709,1.696325183,-1.049725771
1710,-0.196998119,-1.457967758
1711,-0.164448380,0.052767776
1712,0.210037842,-1.209344506
1713,0.459313840,0.328611255
1714,3.250891209,-1.108429193
1715,0.214988872,-0.555144608
1716,-0.126618847,-0.156104416
1717,-0.247372866,-1.689960241
1718,-1.172906280,0.434473813
1719,0.634537339,-1.112634063
1720,-0.584227085,1.340092778
1721,-0.874535799,-0.156330571
1722,1.126456380,0.228057042
1723,0.322600752,-0.277783096
1724,-0.625117004,-1.435862064
1725,-0.030976087,-0.556950748
1726,2.008725405,1.298068047
1727,0.508433998,-1.069289207
1728,0.330008686,0.136326671
1729,-0.095941812,-0.111131281
1730,-1.517105579,-1.389357924
1731,0.254234016,0.058869757
1732,-3.025848150,-2.853024483
1733,1.183779478,-2.209813595
1734,2.025881767,-0.202189356
1735,-0.642921448,1.174082041
1736,1.424518585,0.241907001
1737,-0.765253723,1.208702087
1738,-1.031872869,0.984617114
1739,-0.609057486,1.473212719
1740,-0.204572096,1.210194945
1741,-1.459561586,-0.630820930
1742,-1.720872402,1.669781327
1743,-0.398238897,-0.535150409
1744,0.637285829,-0.136746407
1745,2.567570448,-2.765913725
1746,-0.174200982,0.169620052
1747,-1.282621861,2.074998856
1748,0.302512884,0.213518649
1749,0.531812549,0.222278535
1750,0.054474376,-0.378373682
1751,0.566210032,0.141655862
1752,-0.086303137,-0.773152649
1753,0.255411088,-0.681501031
1754,0.097544752,3.264413595
1755,1.051294804,0.449978113
1756,-1.251839042,-1.298221111
1757,-0.502657235,2.561423779
1758,-0.251096636,-0.784397542
1759,0.266583592,-0.603247225
1760,-1.447907925,1.745215535
1761,1.146477818,-0.924940407
1762,0.148445964,-0.181784749
1763,1.185659051,-0.651835561
1764,-2.087393999,-0.542783737
1765,-0.351423383,0.344657660
1766,0.077072926,0.947828889
1767,-1.159416080,0.919742048
1768,3.449926853,-0.404583693
1769,-0.092165112,-0.191649050
1770,-1.352616668,-1.788776517
1771,-2.221405268,2.076271772
1772,1.676452756,0.896432579
1773,0.096857578,-0.123341091
1774,0.573992193,2.184695721
1775,3.607565165,-1.141597867
1776,-0.498501360,0.249446556
1777,0.845868945,-0.829373002
1778,0.756609440,-0.656214118
1779,-0.388889611,-1.032258987
1780,-0.687590599,2.521100044
1781,-0.319420844,-0.412829220
1782,0.093548574,0.453463763
1783,-0.438031256,-1.073853493
1784,-0.708682835,1.029617071
1785,0.741014183,0.630159855
1786,-0.141897053,-3.327786684
1787,1.293510079,-2.197134972
1788,-0.559213340,-1.300767064
1789,1.863231182,-0.689819634
1790,-0.662409663,0.135146156
1791,-0.803202689,-1.172706008
1792,-0.134619102,-0.039933491
1793,0.099493973,-3.283309698
1794,0.810922325,0.647125304
1795,0.615304410,2.064126015
1796,1.468071103,1.086385131
1797,0.844504952,0.278064460
1798,0.795807421,0.651254416
1799,1.094945312,-0.589179933
1800,-0.637191236,0.302608043
1801,-0.205405563,-0.223121643
1802,-0.547758281,0.021246830
1803,-1.118866444,1.552781105
1804,-0.431723177,-0.589408219
1805,0.707042992,0.645301759
1806,0.408884794,1.475185513
1807,-0.329468817,-0.365646511
1808,0.054014634,0.315627337
1809,0.010908493,0.436800480
1810,0.467490405,-0.904293776
1811,-1.102491617,-1.373834491
1812,-0.069433548,-0.194294319
1813,0.037011985,-0.172400907
1814,1.376389265,-0.939194381
1815,-0.129888088,-1.058857083
1816,-2.193025351,0.919218659
1817,0.987333000,-1.688379765
1818,-0.274909765,1.099474430
1819,-0.216737583,-0.356637061
1820,-1.071399570,0.782189012
1821,1.126516819,0.309851855
1822,-0.077767096,0.771613479
1823,1.261493802,1.219473362
1824,-1.183492184,-0.126393244
1825,-0.167797834,0.148473576
1826,1.522421956,1.054186463
1827,-1.887704492,-1.111503601
1828,0.519751668,-1.292051196
1829,0.235348344,0.457154989
1830,1.995248795,0.063414827
1831,0.624270439,1.446372032
1832,1.269602895,-0.924865246
1833,0.370707244,0.504490495
1834,-0.241606429,0.531721234
1835,0.322237670,-0.355024308
1836,-2.113541842,0.759334683
1837,-0.699631691,-1.635244250
1838,-2.170704365,0.459684372
1839,-0.282658845,-0.334607810
1840,-0.213234395,-0.897073269
1841,-0.887957990,0.577772975
1842,-0.772532582,0.013485909
1843,-0.860935032,-0.314185143
1844,-0.499664634,-1.188046694
1845,0.395475477,2.114341974
1846,-0.216335773,-0.257405341
1847,-0.980416715,0.376429230
1848,-3.292506218,-1.524556279
1849,1.363163829,0.538635969
1850,-0.037214793,-0.364984453
1851,0.430081725,0.498857558
1852,0.020962493,0.603185773
1853,-0.421547979,-0.222779736
1854,-0.729152679,-2.745705366
1855,0.351928771,-0.026111385
1856,-0.878347874,-0.231991023
1857,-1.133158207,-1.732933164
1858,0.246472895,-0.787696362
1859,-2.112762928,2.035736084
1860,0.927432120,0.280503303
1861,0.505326390,-3.171048880
1862,-0.194717884,-1.242315173
1863,1.380635262,-2.439882278
1864,0.247525468,0.540728986
1865,-1.380060434,-0.828153610
1866,-1.403915763,-1.732236385
1867,-0.448113859,0.562211394
1868,-0.274100810,-0.091543183
1869,1.401613355,-1.277743340
1870,1.176584601,-0.404445857
1871,-0.316090882,0.243799642
1872,0.025705459,-1.405991793
1873,0.429607093,-1.358220339
1874,-0.732568383,0.276204258
1875,-0.369412631,3.203013420
1876,-0.284640074,-0.262189865
1877,0.501905680,0.824452758
1878,-1.646469355,0.229706466
1879,0.745831728,0.881598532
1880,-0.240358815,0.098490462
1881,-1.555760980,1.089412570
1882,-0.359773993,-0.339868575
1883,0.116791643,-0.265752852
1884,-0.991944671,0.462327451
1885,0.510019541,0.002776753
1886,-1.053819776,-0.961859167
1887,-0.905656159,0.229002982
1888,-0.323450476,2.130249023
1889,0.200185075,-0.362525523
1890,-2.483551264,1.466725469
1891,-2.458240509,-0.683245540
1892,0.327979147,-1.606106758
1893,0.647671700,0.437214017
1894,-0.651733518,-0.292270809
1895,1.065944672,-0.936092615
1896,0.402809352,0.427374125
1897,-0.412440121,-0.295022726
1898,-0.561149299,-2.401175022
1899,-0.887793720,0.278362036
1900,-2.447417736,1.319067121
1901,2.427783489,0.346318275
1902,-1.125256538,-1.132080793
1903,-0.658573389,-0.093344405
1904,-2.050889730,-1.090560913
1905,-0.130678654,-0.331895381
1906,1.328400850,-0.980762601
1907,-0.476940066,-0.172748908
1908,1.275409341,-0.123317935
1909,0.894202650,-0.649840176
1910,0.153970018,0.739334166
1911,0.083069019,0.117372178
1912,0.443141758,-0.076965481
1913,0.377439767,-0.602931738
1914,-1.675436735,0.313408524
1915,-0.864376783,0.797866225
1916,0.739910245,0.666921616
1917,0.805013359,-0.023551269
1918,-0.142113388,0.949294686
1919,-0.083485797,0.895516634
1920,1.398588538,-1.069034100
1921,0.338031709,-1.802061915
1922,-1.329429030,0.638681948
1923,-0.816467464,-0.106997706
1924,-0.256402016,-0.106731623
1925,0.666401982,0.221009925
1926,2.890963554,0.657448590
1927,-0.218974888,-0.052869275
1928,0.505520880,1.817451835
1929,0.413939029,0.037975740
1930,-1.389372945,-0.564680636
1931,-0.991611540,-1.471202016
1932,2.077609539,1.915834427
1933,0.735688746,0.427804828
1934,-0.117575184,-0.788395166
1935,-1.628804326,2.480236292
1936,-1.138757706,1.429028392
1937,-1.201800466,0.085474797
1938,1.151401877,0.333199888
1939,-0.643335164,-0.475057304
1940,-0.252521396,0.339274138
1941,0.580735028,-0.938398540
1942,-1.541530967,-0.385912657
1943,1.067997098,1.147586226
1944,-1.085580707,0.191774622
1945,1.486590028,0.929393113
1946,0.533927321,0.480505019
1947,0.472400963,-0.237904951
1948,1.389527321,0.875579476
1949,2.443487167,1.165207863
1950,1.592810869,-1.501721144
1951,-0.098607726,-0.151251450
1952,0.249066547,1.401693821
1953,-0.288448006,0.632985830
1954,1.525983691,-1.021394372
1955,-1.812209249,1.437304854
1956,-1.343190312,-0.888633490
1957,0.815290272,1.830539107
1958,-0.399189681,-0.315410167
1959,2.535179615,0.700890541
1960,-0.309515834,0.081918478
1961,0.135361582,-1.635613799
1962,0.103857853,-0.912522912
1963,-0.565394640,-0.048976474
1964,-0.353712499,-0.414009124
1965,0.395359218,1.191893458
1966,0.204954222,-0.211807922
1967,1.042348146,2.123596907
1968,0.311207652,-0.709433854
1969,-1.482190847,-0.320256084
1970,-0.714745700,1.320585847
1971,-0.179090053,0.684216380
1972,-0.026962653,-0.503502667
1973,-0.538536370,-0.926001549
1974,-0.768456817,0.972003579
1975,2.693589926,-0.778002024
1976,-0.124000832,-0.154518217
1977,-0.842366576,-0.486053914
1978,0.129155383,-2.328915596
1979,-0.070402533,1.441839218
1980,-0.658675075,-0.850634158
1981,-0.661679327,1.151974201
1982,-0.886086702,1.159475923
1983,-0.631885469,0.426996320
1984,-1.246054411,-0.099356972
1985,0.065028496,-0.503806055
1986,3.136753559,1.042908430
1987,-2.040127993,1.804651737
1988,-0.106764108,0.824210942
1989,-0.064419463,0.304931730
1990,-0.895528257,-0.495387346
1991,0.174367607,0.262958556
1992,0.458754420,0.658553123
1993,0.892009854,-2.521271944
1994,0.004128342,0.032452535
1995,-1.054551363,-0.232278675
1996,0.745589197,0.074442700
1997,0.304162353,0.478179395
1998,0.277493179,0.104331113
1999,-2.445471525,1.014383793
2000,0.664019883,-0.202828526
2001,0.909892857,-0.828844190
2002,-0.903418422,0.403473109
2003,-0.825039625,-1.331561208
2004,0.385191113,0.104145981
2005,0.107708156,-1.381275177
2006,0.062023815,-0.085847594
2007,0.743407786,-0.653993309
2008,-0.815198243,-0.126303434
2009,0.520606220,-0.712661088
2010,-1.781708002,0.695736527
2011,-1.050788403,0.101225913
2012,-0.118839510,-0.591853917
2013,0.295767486,0.661960244
2014,-1.324485421,1.999980450
2015,2.057683706,-2.934983253
2016,0.307866216,-0.861872256
2017,-2.304370165,-0.250697881
2018,-0.627402365,-0.361293077
2019,0.622195542,1.634188771
2020,1.199903846,-2.413583994
2021,-0.396196544,0.191671252
2022,0.259994715,-0.383019686
2023,0.840310037,-0.314814597
2024,-0.897838473,-1.068228841
2025,2.204408407,2.718945742
2026,0.348656327,0.949369133
2027,-0.023148013,-0.330502242
2028,-0.613153338,0.280558646
2029,-1.084528923,-0.486349106
2030,-0.024413541,0.168727294
2031,1.310713053,-1.541362286
2032,0.350697637,-0.162069425
2033,0.273875415,-1.082356572
2034,1.746575952,0.134436920
2035,0.929094076,-2.011771202
2036,0.656584442,-0.675241053
2037,-4.699168682,-1.467657566
2038,-0.995281935,0.151132047
2039,0.398162186,-0.090554968
2040,-0.091368243,-0.173266083
2041,0.590675354,-1.939612985
2042,-0.976990640,0.058439966
2043,0.305396318,0.478974074
2044,-0.262039870,0.208343044
2045,0.089106850,-1.200331569
2046,-0.805169642,-0.184103236
2047,0.096130252,-0.579756260
2048,-0.145942777,0.254081428
2049,-0.200150430,-2.767584085
2050,0.539364815,-0.610049725
2051,0.863888562,-1.266000032
2052,0.134705037,-0.157121509
2053,0.377529234,0.355773509
2054,-0.160906851,0.142375827
2055,0.538909853,5.048690319
2056,0.848042488,1.453417301
2057,0.313003182,0.884729624
2058,-0.011630962,-1.698819041
2059,-0.814184248,-0.328275800
2060,2.186463356,-1.141656041
2061,-2.060510159,1.281250715
2062,0.389034718,-0.336304218
2063,0.299504608,0.088993691
2064,-0.533906817,1.296938658
2065,-0.723840177,-1.334558606
2066,-1.564211488,1.429814816
2067,1.655936122,1.145165682
2068,0.239053607,0.265092224
2069,-0.714694798,-1.011486530
2070,-0.560307443,1.131891131
2071,-1.795465112,-0.784655333
2072,0.782295108,0.358219475
2073,-0.946362197,1.617039561
2074,-0.396428019,-2.318029642
2075,0.025440339,1.073493361
2076,-0.812006712,-0.431603789
2077,-0.972151279,0.673741281
2078,0.037831273,0.577731550
2079,-0.203760400,0.630159199
2080,1.910088658,1.108747482
2081,-0.192181602,2.190646648
2082,-0.727625430,-0.795118809
2083,0.091132097,0.187967256
2084,-0.221313640,0.233972147
2085,-0.338560998,0.343305349
2086,-0.951331258,1.716535211
2087,0.223167449,-0.295891672
2088,-0.619822145,-1.641770005
2089,1.352271080,-1.064484119
2090,-2.036057711,-1.057739854
2091,0.090701200,-0.484454602
2092,-2.809545755,0.362718791
2093,-2.161212206,1.054230332
2094,0.683039546,0.911424935
2095,-0.086644515,0.223002121
2096,-0.129599765,0.901550710
2097,1.415682197,-2.008861303
2098,-0.558474064,-0.420160383
2099,1.870475054,-0.894399166
2100,-0.037299268,1.548153281
2101,-0.210291877,2.501643419
2102,1.957226872,0.029704632
2103,-0.705488563,4.740765572
2104,-0.492989510,2.043969154
2105,2.443605661,-0.104302682
2106,-1.159247994,1.525382757
2107,-0.623782814,1.251804471
2108,-1.347352147,0.538428187
2109,0.540348709,-0.016393160
2110,0.115832575,2.503445625
2111,-0.088227376,1.114159226
2112,-0.631727755,-0.104874745
2113,0.470045298,-0.939504504
2114,-0.271209121,0.993887603
2115,0.590158463,-0.737575889
2116,0.501551390,-1.203809261
2117,-0.627030671,-2.148923874
2118,0.050295543,-2.882028341
2119,-1.461371422,1.000406504
2120,2.079735994,0.123616569
2121,-2.924958706,-0.900359094
2122,-0.225100666,0.563625574
2123,-0.058986183,3.004093170
2124,-0.615277469,0.376012594
2125,0.981766164,-0.405041158
2126,3.073415279,4.270963669
2127,0.017122034,-1.018004060
2128,1.188526273,-0.642806709
2129,-1.389593601,0.022934098
2130,0.976076186,-1.314391613
2131,0.886408210,-0.636794448
2132,1.418088317,1.055643916
2133,-0.885398209,0.400453389
2134,-0.764984965,0.236694172
2135,-2.424741507,-1.504181743
2136,1.255575299,-0.869064569
2137,2.581898928,1.754527211
2138,1.637093425,-0.155052140
2139,-0.343069345,-0.125443339
2140,-2.172848940,0.300602853
2141,-0.129141644,-1.051160097
2142,-0.906149447,0.579497159
2143,0.351732939,-0.042388152
2144,-2.907496929,-0.356623560
2145,-0.842321754,-0.019798923
2146,0.234992981,-0.116091520
2147,0.460436642,0.610449851
2148,0.130692691,1.911307216
2149,2.320178747,-1.272132754
2150,-0.793548703,-2.483526468
2151,0.013804147,0.599431574
2152,-1.249096990,-0.236268669
2153,-2.631371975,-1.382281184
2154,-0.440902263,-0.718957901
2155,1.470766664,2.169203997
2156,0.802897453,-0.146608412
2157,0.089288779,-0.644269288
2158,-0.149147362,-0.495496154
2159,0.969524443,-1.974467754
2160,0.300986558,0.607994616
2161,-0.075309359,1.029237032
2162,0.954293966,0.386882097
2163,2.291368008,1.505792260
2164,-0.083130725,1.020233393
2165,0.231272936,1.184141874
2166,-0.506879389,1.647720933
2167,-0.709718406,-1.420734406
2168,-0.424517691,0.274320513
2169,-2.474113226,0.099726357
2170,1.485767841,-2.178388357
2171,-1.549860716,1.314016700
2172,0.649322808,-1.615294456
2173,-0.155637681,0.264080465
2174,-0.594122112,1.563609838
2175,1.184792638,2.889395475
2176,-0.605544388,0.323629975
2177,1.234771490,0.800263584
2178,-1.189420342,0.722065568
2179,-0.080245905,-1.229787827
2180,0.451011866,-1.121052027
2181,-1.132230759,-0.631774306
2182,-0.551759481,-1.771873474
2183,-0.908535540,-2.280458689
2184,1.541695476,1.759571552
2185,-1.526871562,4.821306705
2186,-0.724144459,0.696044624
2187,-0.505418718,-0.768424571
2188,0.120435931,0.321096718
2189,-0.090205111,0.243917644
2190,0.779298663,0.681869388
2191,0.442110181,0.411630541
2192,-0.869751751,0.300471038
2193,-3.150165319,-2.479336023
2194,-1.406933069,-0.605311811
2195,-0.100997150,-0.234486967
2196,0.727005482,0.037759159
2197,-0.699999690,0.228518546
2198,0.890897214,0.094803184
2199,-1.072573423,-1.908949375
2200,-1.482520580,0.467031538
2201,-1.112898231,-0.420184523
2202,-1.064795375,-0.642178357
2203,0.474494725,-0.041827016
2204,-2.267392874,0.441928118
2205,-2.246433735,0.411179453
2206,1.116875291,1.322930098
2207,0.820406497,-0.942625105
2208,-0.635874331,-0.001798048
2209,-1.805005312,0.131016001
2210,-3.070373535,-0.011738470
2211,-0.506402731,-1.062835693
2212,0.531307518,3.067623615
2213,-0.753936470,0.140956491
2214,0.074833401,-2.034126520
2215,0.876672506,-0.889437377
2216,-0.042213965,0.699995577
2217,-0.276342213,0.267963111
2218,-0.920720577,-1.946127653
2219,-0.450040638,-1.159275293
2220,-0.768720150,-1.054789782
2221,-0.702026427,-1.772641778
2222,-0.926251769,2.183051109
2223,-0.163037106,1.777383327
2224,1.793313384,-0.046021830
2225,-0.649469018,0.436303020
2226,-0.370876074,-1.205928922
2227,0.438992351,0.135977164
2228,0.054588016,1.547050118
2229,-1.288141251,-0.531304836
2230,0.267782629,0.054479565
2231,1.083272219,2.876555204
2232,0.467352390,1.403418660
2233,0.131094590,0.025514776
2234,0.277687073,1.416280270
2235,0.173464149,0.112626098
2236,-0.551285982,1.128010631
2237,1.657759070,1.130160332
2238,-2.160380125,-0.799260616
2239,-0.871045291,1.369094491
2240,0.784620106,0.904534280
2241,0.286092490,0.718049705
2242,0.373296052,-0.023875913
2243,0.530094862,-0.322196007
2244,-0.714046776,0.320916235
2245,-0.375901133,-0.041278746
2246,-0.873383760,1.371817350
2247,-3.155682325,-1.880439162
2248,2.072554588,-3.928424120
2249,-1.029125929,-1.399399042
2250,1.975380659,-0.614363670
2251,1.654354692,2.310119867
2252,-1.171824932,1.876083374
2253,0.053336345,0.424046516
2254,0.290041119,0.015221727
2255,-0.120858960,-1.517523170
2256,0.051507886,0.926720679
2257,-0.261858582,-0.486709535
2258,0.192881659,2.152386665
2259,0.992011666,0.796315074
2260,1.132224083,0.203568727
2261,0.667034388,1.324800849
2262,2.334520578,-0.090914860
2263,-1.209879518,0.368546128
2264,3.239857435,4.984152317
2265,0.850609243,0.454925478
2266,1.252327919,0.694752455
2267,0.809178710,-0.032028664
2268,-0.799094141,-1.210292220
2269,-0.247175112,0.465410382
2270,0.766443312,0.199098274
2271,0.407229871,0.330787510
2272,-2.326269150,-1.279700994
2273,-0.270490974,-0.470748663
2274,-0.958991945,-0.295099944
2275,-0.221199557,-0.169337109
2276,0.539038122,0.653918028
2277,1.492447495,0.122498862
2278,1.779137373,-0.356879085
2279,2.505888939,0.524470866
2280,1.196727037,-1.267519355
2281,0.256817341,2.248256207
2282,-0.240236938,0.242778257
2283,-0.954146624,2.033407688
2284,0.801477313,-0.073078409
2285,3.406830788,-0.953071713
2286,-0.897684991,0.436408371
2287,0.058699183,-0.141428247
2288,-2.001287699,1.030589223
2289,-0.315479219,1.015233040
2290,-0.378620505,-0.539823949
2291,-0.223375469,0.242599845
2292,0.960140646,-2.558294296
2293,0.807474494,0.528076053
2294,1.719814301,0.030679185
2295,-1.575296521,-0.412492633
2296,-3.550089598,1.340993643
2297,-0.241943404,0.119205698
2298,1.264184237,-0.746925294
2299,2.132155657,-2.675559282
2300,1.011619687,-0.604661226
2301,-1.710115910,-3.770253658
2302,-0.057013351,-0.233227640
2303,1.372620106,0.251566380
2304,0.150635317,-0.033544514
2305,-0.153811157,-0.321600199
2306,2.191698074,1.945730925
2307,0.266638666,-0.093402803
2308,-0.320744932,-0.008374818
2309,1.004298210,-3.690366507
2310,-0.900940418,2.267712355
2311,0.512001753,-0.662139058
2312,1.154165030,-0.144052014
2313,-0.844497561,-0.215486616
2314,0.224936247,-2.768821239
2315,0.109324396,-0.218704090
2316,-1.394016981,-0.449251711
2317,-0.270152718,-1.295261502
2318,3.056924582,0.614063919
2319,-1.213101864,-1.107896447
2320,0.443171561,1.191214442
2321,0.898381531,2.416955471
2322,-0.204048827,-0.390085489
2323,0.279206187,0.987726092
2324,-0.436096758,-0.949692726
2325,0.305472225,-0.214906871
2326,-0.209078833,0.012197254
2327,-1.609578967,-0.855584204
2328,-0.414310426,-0.669810057
2329,0.210248858,0.211578429
2330,-2.549371243,-3.284716129
2331,-0.700829327,0.159013301
2332,-0.573284328,-1.204099536
2333,0.548009694,-0.007231792
2334,2.190063953,-0.521938026
2335,1.114295721,0.197884411
2336,0.155140162,0.312182188
2337,-0.283533782,0.952965140
2338,0.317047596,0.858756125
2339,-0.135731429,-0.767896891
2340,0.579146981,-0.414487958
2341,-1.295050144,-1.770249486
2342,-0.705329239,0.959600151
2343,-1.005585313,-0.019350823
2344,0.629991710,-0.691993117
2345,3.051889658,-0.161135703
2346,0.171722502,-0.005105762
2347,-0.286648989,-0.857232571
2348,0.006524424,1.347790241
2349,0.392892957,1.562489867
2350,-0.162385076,0.066951573
2351,0.022094531,0.193899259
2352,-2.395102501,1.519167900
2353,0.361245453,0.103108309
2354,0.318337739,-0.149983421
2355,1.116669893,-0.476347268
2356,-1.246148467,0.251433134
2357,0.043911923,-0.413852483
2358,-0.850797832,-0.140487149
2359,-0.204971358,-0.055299010
2360,-0.968779027,-0.709950566
2361,-1.763022304,-1.436518908
2362,-0.679564476,-0.196773678
2363,-2.152785540,-0.238354847
2364,-1.460865855,-0.661165535
2365,1.640131712,0.255561113
2366,-2.514052391,-1.117372155
2367,-0.957590282,-1.261615753
2368,0.000918993,-0.372591734
2369,-0.561077714,0.070982173
2370,-0.729057729,0.260941178
2371,-1.046158552,1.028613806
2372,0.203889668,-2.662238121
2373,0.289265782,-0.080386288
2374,0.581777334,0.864003718
2375,-0.094219439,0.746017098
2376,0.533836901,-0.626649618
2377,1.266280651,-1.470303893
2378,0.392298102,0.588929832
2379,1.235603094,1.114185929
2380,0.986589134,-2.141093731
2381,0.291947037,-0.091781117
2382,-1.349815130,1.286518812
2383,-0.108949877,1.178597331
2384,-0.328612775,-0.660428345
2385,-1.188083053,0.231975988
2386,-0.404533237,-0.541533649
2387,-1.069618344,2.632524252
2388,-0.390000284,-1.419361115
2389,-1.687888384,-0.679742098
2390,0.382851511,0.708418489
2391,0.361750931,0.164587542
2392,0.996529877,1.830978751
2393,1.967324734,1.812516689
2394,1.510692716,-0.773873448
2395,0.356342405,-0.918384075
2396,-0.128046766,1.294082642
2397,0.342747450,-1.984808683
2398,-0.406246513,-0.456267565
2399,-0.282173246,-1.241752386
2400,-1.356349111,-0.562843740
2401,-0.006366622,-0.662000179
2402,-1.137469172,-0.331615418
2403,0.531745970,-2.196976662
2404,-0.814556181,1.119855404
2405,-1.764269710,0.221913815
2406,0.585944116,-0.271234781
2407,0.029316120,0.415989220
2408,-0.509307802,-2.293554783
2409,-1.439675689,-1.089947104
2410,1.867806196,1.204996586
2411,-0.157229275,-0.332668751
2412,2.325997591,-1.641291499
2413,-1.341274023,3.669749022
2414,1.120827079,2.398766279
2415,-1.119167924,0.576216578
2416,0.958731055,-2.459506750
2417,0.092301026,-0.434426814
2418,-0.054623742,0.338478178
2419,0.748609543,1.053825498
2420,0.920596063,-0.816811681
2421,-1.847341180,1.830781341
2422,-0.352386624,0.865946174
2423,-0.233504340,0.686002135
2424,1.499325514,2.332446814
2425,0.566297412,-2.151915312
2426,-2.748755455,0.363693416
2427,-0.679897368,-1.011565447
2428,-0.040682506,0.062958233
2429,0.585286915,-0.036187313
2430,-0.679544926,-0.201814458
2431,0.109898448,-0.117603801
2432,-0.870658755,0.084264912
2433,2.202243567,-1.994364858
2434,-2.214143515,-0.551347613
2435,0.054392327,0.309090912
2436,0.607413948,-1.276940346
2437,1.633495450,-0.257433653
2438,-1.645594358,-1.075394034
2439,-1.688747287,0.772068202
2440,0.897133350,-0.278223485
2441,-0.161758184,1.407997847
2442,0.751388967,-0.366988391
2443,-0.266909897,-0.663656652
2444,-2.398230791,-2.462654591
2445,0.848807037,-0.031978812
2446,-0.380873084,0.104760200
2447,-0.935598969,0.938922703
2448,0.216696501,0.053627189
2449,-0.442885458,-0.205836400
2450,1.749127746,-1.140262485
2451,-1.183307409,-0.329051286
2452,0.362201273,-0.787238061
2453,2.300025225,-1.902976871
2454,0.721010387,-0.265042096
2455,0.786312401,0.181967735
2456,0.598079503,-0.285378635
2457,-0.113390878,0.628906727
2458,0.185847431,-0.373640031
2459,0.839825988,-0.271772116
2460,0.584442139,1.043675542
2461,0.528972626,0.639622509
2462,1.171832442,-1.175631046
2463,0.351171046,-0.961414397
2464,0.809064746,-1.337089777
2465,0.819251001,0.382213682
2466,-1.125957489,0.757272124
2467,0.342764765,0.499578029
2468,0.161817774,1.683881640
2469,1.795130014,-4.519746780
2470,0.192713395,-0.856223702
2471,0.090148032,-0.187364385
2472,0.134494260,-0.146044880
2473,0.155183911,-1.412331462
2474,-1.521871567,0.398710489
2475,1.525059700,-1.552770019
2476,1.309164882,0.407497972
2477,-0.203320071,0.562185526
2478,-1.094196081,-0.619741738
2479,-2.001951218,0.077540658
2480,-0.087500833,-0.232768863
2481,2.557412148,0.182642549
2482,-0.507335305,-0.055824086
2483,-4.340400219,2.000647068
2484,-1.803118467,1.868510842
2485,0.781119645,-1.879810333
2486,1.723243237,0.384367287
2487,-0.024617610,0.798537314
2488,0.177832484,-0.157453403
2489,-0.935072720,1.770636201
2490,0.882044017,-0.564184487
2491,0.266492099,0.253927559
2492,0.078267455,0.107970662
2493,0.332562923,-0.007096862
2494,0.575562477,-0.583800972
2495,1.640005469,1.661691189
2496,-1.009290338,-0.295818239
2497,0.173782006,-0.295274526
2498,0.961866617,1.403146386
2499,1.472925067,-1.030233860
2500,-1.419028044,-0.431910723
2501,2.912151337,-1.052121043
2502,0.185032696,1.027380705
2503,0.849775076,1.415347338
2504,0.918942750,0.211952299
2505,-0.417852014,0.290961385
2506,1.563386559,1.820420861
2507,0.061045818,0.186871916
2508,0.219996661,-1.025957584
2509,-0.613200486,0.380241781
2510,-0.789270759,0.374234229
2511,2.190744638,0.017743101
2512,-1.118846893,0.724217534
2513,-1.061086297,0.484866768
2514,1.195062637,-1.265840292
2515,0.017444836,-0.230940819
2516,-0.673964560,0.120414600
2517,-0.628736377,1.229526997
2518,-1.000283480,-1.158274770
2519,-1.643676162,-0.860452712
2520,1.061217666,1.464724183
2521,2.625595093,1.138451219
2522,3.624314308,-0.008923871
2523,1.093711972,0.984861016
2524,-0.500000775,0.720799506
2525,0.068075374,-0.140713140
2526,0.355508506,0.504486859
2527,0.358819991,-1.158923626
2528,-1.224312901,-0.740554035
2529,0.193607613,-0.586196065
2530,2.213263273,-1.478956461
2531,-0.384308755,1.882618070
2532,0.948236585,0.530126631
2533,-2.064638615,0.593445599
2534,-0.553187668,-0.527409196
2535,0.557610095,-0.248327479
2536,-0.573989809,0.498873711
2537,0.493041307,-1.223775387
2538,-0.654015422,-0.766716838
2539,0.940074861,-1.021014094
2540,1.201231122,0.482959270
2541,0.046444625,-0.224470571
2542,-1.308440804,0.121492080
2543,-0.603871405,0.705425560
2544,-0.325881720,-0.095690757
2545,-0.168572515,1.088974357
2546,0.278421521,0.754388809
2547,0.152523249,-0.491911054
2548,1.239629507,-0.157548249
2549,1.757448435,1.030156374
2550,-1.775214911,-0.158779487
2551,-0.165792987,-0.071468309
2552,0.784169078,-0.272142082
2553,-0.911552846,2.704453707
2554,1.950708270,-0.572138727
2555,-0.974392414,-0.246366948
2556,0.550519466,-0.737943709
2557,-0.663716853,-0.406642228
2558,1.259550333,0.289710164
2559,-0.336236000,0.541098714
2560,-0.352286816,-0.475065559
2561,-2.284039974,-3.406230450
2562,0.374338180,0.461268783
2563,-0.759416282,-0.144725308
2564,-0.140861839,-0.998520672
2565,0.606932104,-0.172283933
2566,-0.533890247,0.432546020
2567,-1.262750030,-0.766245008
2568,1.578565955,-1.974765778
2569,0.053260334,0.278871357
2570,-0.139786988,-1.563201547
2571,0.904617190,-1.026342154
2572,1.909709096,0.736928225
2573,-1.304518580,-1.632244945
2574,1.226391554,0.726897597
2575,2.467802525,-0.057142470
2576,-0.559878111,-1.102563143
2577,1.907474995,-0.509474874
2578,-2.894193172,0.423417211
2579,-0.627799094,0.170829400
2580,2.132377625,-0.823989689
2581,-1.239084363,-0.968152285
2582,0.364750385,0.059668109
2583,-1.536159277,-0.846168756
2584,-0.034556583,-0.707093418
2585,-0.392758936,0.721688390
2586,-1.380698681,1.086160541
2587,-0.418088168,0.722529173
2588,0.146547720,1.467863321
2589,1.196627259,-0.248840898
2590,0.184652030,-0.158007130
2591,-0.282185793,0.587688804
2592,-0.682861567,0.887124002
2593,-0.450778157,2.677266598
2594,0.942492247,1.482860565
2595,0.672784090,2.310451031
2596,0.320490032,-0.522086918
2597,-0.122602142,-0.589540422
2598,0.959031880,0.033003282
2599,0.283449322,-1.990678668
2600,-0.267481387,0.549430907
2601,2.158280611,-0.268979251
2602,0.479491711,1.748509169
2603,-0.057810653,-0.768977344
2604,-1.168968916,0.529632568
2605,-0.602024376,-1.179889560
2606,-0.242577210,-0.865234971
2607,3.008732557,-0.336169094
2608,-0.546412349,-0.925083220
2609,2.263641119,-0.334455907
2610,-0.786351860,1.877031922
2611,0.321704060,-0.826544344
2612,0.564446628,-0.121309645
2613,-1.043538928,1.302613974
2614,-0.658529639,2.987587214
2615,1.244526982,1.921620965
2616,-0.785472155,0.402478755
2617,0.142524213,0.046843905
2618,2.003705740,-0.361197919
2619,0.133018941,-0.509174347
2620,-1.498004198,0.163861647
2621,0.359299183,0.764635563
2622,-0.496634543,0.278945953
2623,-1.373177528,-0.047421388
2624,0.266981184,-1.884166956
2625,-0.098291092,-0.402073294
2626,-1.043148160,0.618665397
2627,-0.684741676,1.784281135
2628,-0.290122390,1.367068648
2629,0.319582015,-2.717594147
2630,0.956939399,-0.866023421
2631,1.002174735,-2.182747602
2632,-0.285425931,-1.328380108
2633,0.065588854,0.370335072
2634,1.165917873,-1.540541053
2635,0.334546268,-0.555817723
2636,-0.505065441,1.288754106
2637,2.770500898,1.976109743
2638,-2.919416666,0.607899666
2639,-1.397719860,1.732393384
2640,0.945395648,-1.151872635
2641,-0.723450541,-1.435909867
2642,0.911874950,-0.305826068
2643,-1.427394867,2.481797457
2644,-2.300100327,0.043484304
2645,-0.024214439,1.698899150
2646,-1.870666146,-0.211990133
2647,0.332628697,-0.078797363
2648,-0.261247188,0.054123349
2649,0.299429685,1.277688742
2650,-0.005292638,-1.304924130
2651,0.606094182,-0.624334633
2652,0.535905957,0.816598177
2653,-0.228453323,-0.288752824
2654,0.798312008,-1.399991035
2655,-0.398728102,-1.238280177
2656,-0.273761481,-1.001671314
2657,-0.845305622,-0.222362265
2658,2.118387938,1.202308893
2659,-0.136192709,-0.165439114
2660,-0.453944474,-0.009109574
2661,0.500986457,-0.142065331
2662,0.487068564,-0.982364595
2663,0.506510079,-0.185118020
2664,2.158489227,1.834416866
2665,0.467739850,-0.504085839
2666,0.603367209,0.872926235
2667,2.052828550,1.102305174
2668,-0.580609500,-0.549349010
2669,-0.102245964,0.195732534
2670,0.656624198,0.117350891
2671,-1.253284097,0.001304578
2672,-0.675825417,-0.002454735
2673,-2.274878263,-0.905616581
2674,0.925357699,-0.613506556
2675,-1.245180011,3.481993198
2676,0.690455437,0.924288154
2677,0.111905791,0.209838212
2678,-0.869073510,0.246594965
2679,-0.083791614,0.129879832
2680,1.391604900,-2.051917553
2681,0.020881075,-0.358824700
2682,-2.404338598,1.884273291
2683,-1.210537434,-0.379781157
2684,0.520057857,0.763576090
2685,-0.158149689,1.764289260
2686,0.749384761,0.614295721
2687,-0.535234749,-1.416533709
2688,-0.521003485,0.282208920
2689,-0.392066449,-0.138921276
2690,0.499495059,0.937290668
2691,0.280016124,-1.075248361
2692,-3.353314400,-3.906780481
2693,-0.522793233,0.422988027
2694,-0.868007362,0.006322752
2695,0.082957201,-0.453788400
2696,0.467947602,0.339565426
2697,-0.801985145,-0.050484933
2698,-0.660822272,-1.565687299
2699,-0.173901930,-0.302990526
2700,0.030561823,0.351820201
2701,-0.257960379,3.293935776
2702,0.607725441,-0.158042416
2703,-0.821980774,1.283736348
2704,-1.662016273,0.512239933
2705,0.860771596,2.344973803
2706,-0.184131309,-0.019504821
2707,1.534633875,2.503153086
2708,2.338426590,1.360901594
2709,0.785532475,-2.455888987
2710,-0.559481859,0.090438947
2711,0.105674818,0.188443422
2712,-0.425936639,0.032801438
2713,0.115031384,0.471444190
2714,-2.758794308,0.916670382
2715,1.499432802,0.004220097
2716,-1.318507433,0.463206947
2717,-0.621047735,-0.066980667
2718,-0.303515345,0.182645440
2719,-0.290359944,-1.190513730
2720,0.207702965,0.101193093
2721,-0.979807019,1.121474981
2722,3.229276657,-2.131703615
2723,-0.409921318,-1.659351587
2724,-0.130700961,-0.321644843
2725,-0.665730655,-0.879177213
2726,-1.418921590,-0.266789168
2727,-0.227470145,-1.526204824
2728,-2.392196655,1.381106734
2729,1.420893788,0.324423194
2730,-0.198682502,-0.450698167
2731,0.223357350,-0.050305072
2732,-2.245710373,-1.626284838
2733,1.987150788,-0.047652867
2734,-1.480181575,-0.515746236
2735,0.402015448,0.251130521
2736,-0.448039263,0.536084771
2737,-0.495463789,0.885822952
2738,-0.384586871,-0.949848294
2739,0.339348078,-1.916132331
2740,0.257440239,0.535133183
2741,1.705996394,1.090709805
2742,0.249658689,1.206699967
2743,0.772203088,1.019230723
2744,-1.633329034,-0.175467491
2745,-0.179979607,-0.009119718
2746,0.345273495,0.063489534
2747,0.037034348,1.593341231
2748,0.106285535,-0.676920116
2749,0.956597030,-1.128583431
2750,-0.939775407,-0.824171901
2751,2.352387428,-1.385093927
2752,-2.334960461,-0.477382243
2753,0.961978674,-2.623952150
2754,-0.570810139,-3.786930084
2755,0.829033434,0.171274200
2756,0.030888567,-0.590981305
2757,-0.174820155,-0.162862405
2758,-1.549192667,0.284043252
2759,-2.127928019,1.962620974
2760,-2.252918005,-1.580549121
2761,-0.777172029,0.615044773
2762,-0.136697724,-0.137268528
2763,-1.502209067,1.402993321
2764,-1.797060609,0.362769246
2765,0.242654026,0.313452989
2766,1.004254103,-0.318047643
2767,0.508528590,-0.058573231
2768,-1.017748833,-0.378823787
2769,1.331697226,0.837722182
2770,-1.178738832,0.164483726
2771,-0.109013602,0.675423563
2772,-2.668837309,-2.016250372
2773,-3.612521887,-0.134120733
2774,2.187437057,-1.664378762
2775,-3.804072380,-1.355389953
2776,-1.647552729,0.602934718
2777,0.183127761,0.030364944
2778,-1.602753520,-0.841048300
2779,0.931815386,0.092986651
2780,2.308494568,1.228273034
2781,0.641120136,0.998941600
2782,-2.889573336,4.246085167
2783,0.419119000,-1.076670647
2784,-1.724538088,2.039373875
2785,1.416386366,-2.465810061
2786,-2.759169340,0.152648196
2787,-4.254883766,-1.329266429
2788,-0.606816947,-1.100977182
2789,-1.045451164,1.713037252
2790,-1.745035052,0.068358414
2791,2.137580395,0.308325797
2792,-0.134509161,-1.032830715
2793,0.541913271,0.384947151
2794,-2.541770697,1.368549466
2795,-0.397128344,-1.726468325
2796,-0.430809289,1.243791223
2797,3.916346788,-0.216219813
2798,1.022282600,1.386709809
2799,-0.701102376,-0.821103275
2800,0.598573625,1.202616453
2801,0.262528211,1.421225548
2802,-1.853491068,1.001451254
2803,1.219940186,-1.863629103
2804,-2.227861404,-4.520690918
2805,0.930328071,0.973010898
2806,1.364814401,-0.162422836
2807,-1.758430958,-1.578150272
2808,2.320351124,-2.029961109
2809,-3.165022135,0.413534373
2810,0.174029976,0.338794947
2811,-0.483483583,-0.332366109
2812,-1.544025064,-0.463364810
2813,0.488569647,-0.477907479
2814,0.254109472,-1.226980209
2815,-1.040504813,0.978654385
2816,-0.857703209,1.739621043
2817,-2.580651522,0.977708042
2818,1.158549070,0.464510411
2819,-0.096760549,-0.479019135
2820,-1.222247124,0.071730077
2821,0.573810756,-2.504307508
2822,0.221208230,0.159178123
2823,0.086370647,-1.965027571
2824,1.269152045,-1.355934381
2825,0.690424562,-0.428788304
2826,-1.372019768,2.160116673
2827,-2.242507696,1.369676232
2828,1.009908915,-0.517942250
2829,-0.050796617,-0.619176209
2830,-0.465108812,-1.576251864
2831,0.335341066,0.694767833
2832,0.223843947,-1.511657119
2833,-0.366039485,-0.404250920
2834,-0.972156048,-0.020691270
2835,0.311612338,-0.214777350
2836,-0.846976697,1.175176382
2837,1.444247365,-1.650382876
2838,0.646008253,2.317087889
2839,-1.050550103,1.192514539
2840,-0.228142649,0.376915902
2841,-1.931500793,-0.805055737
2842,-0.002198339,-1.826208591
2843,-0.043038435,0.438794196
2844,0.411042392,0.309179008
2845,1.032421827,0.223149791
2846,-1.012809157,-2.999323845
2847,1.228962898,0.045927342
2848,-1.442299843,1.255641937
2849,1.160100341,0.068470463
2850,0.575994492,0.620339990
2851,-0.782413483,-0.041935064
2852,0.111838348,1.311568618
2853,-1.705616832,-0.985224783
2854,0.007363031,-1.175558686
2855,-0.338335335,1.623839855
2856,-0.191288784,-0.255891740
2857,0.598165751,-0.829355061
2858,-0.541748166,-2.241566658
2859,-1.483316541,-0.640601039
2860,-0.672962189,-0.463938385
2861,-0.495154619,-0.256142557
2862,0.281694323,0.229431435
2863,-2.190362930,-0.297511697
2864,-0.012919851,0.955191672
2865,-1.328154922,0.925541997
2866,0.782551229,1.150239468
2867,0.105543815,1.637952924
2868,-0.920476496,-2.237073183
2869,0.637809634,-0.986574233
2870,-0.693602562,-0.539438963
2871,-1.394211411,-0.153070107
2872,-0.246466041,-0.008902477
2873,-0.770546377,0.289745837
2874,1.134777665,0.297946423
2875,2.757291555,-0.437509179
2876,1.251982212,0.627619267
2877,-1.121385217,-0.962624669
2878,-1.486526847,-0.615256011
2879,0.360794902,-0.193587840
2880,0.522668898,2.312499046
2881,0.451343000,-0.289716661
2882,1.078884244,-0.180634186
2883,1.484751463,2.140349150
2884,-0.462617785,2.032779217
2885,1.326277137,1.815051675
2886,-1.107033730,0.428714514
2887,1.458724618,-1.181856990
2888,0.026118128,-1.229424834
2889,0.546184003,0.407688588
2890,-0.957044959,-2.482638121
2891,-0.245247334,-0.316058785
2892,-1.426207781,1.052776337
2893,2.310248137,1.866841793
2894,-0.878108084,0.375643343
2895,-2.468424082,0.409969926
2896,0.728192031,-1.280628920
2897,-0.127211213,0.156367004
2898,-2.789550304,0.283975273
2899,1.634884477,-1.089805007
2900,-0.144107491,0.691843867
2901,1.354115248,1.016719222
2902,-1.948446989,-2.137925625
2903,-2.181036472,1.230375171
2904,-1.278383136,-0.664872766
2905,4.852681160,-0.005384438
2906,2.315129995,-1.024518728
2907,-0.320204735,-1.217475891
2908,-0.779490650,-0.506670713
2909,0.022421431,0.557051957
2910,-0.217100129,-0.472452521
2911,0.074977770,0.011972603
2912,0.124803908,-0.444922507
2913,-0.809316993,1.264457941
2914,0.937062860,0.337823927
2915,0.510529101,0.206632301
2916,-0.022379378,-1.097384453
2917,-0.991074681,-0.794042587
2918,0.004181175,-1.435823083
2919,0.754734218,1.171231985
2920,0.828495741,0.227147415
2921,-0.695356548,0.071660332
2922,-2.041902781,-0.150298566
2923,0.316716313,-0.180307999
2924,0.815227449,-0.359051496
2925,-0.066066831,-0.492804170
2926,-0.893441260,-2.758180618
2927,0.344148755,0.141005382
2928,-2.326980829,-1.223081112
2929,-0.090416238,1.842249870
2930,0.501429856,-0.033548530
2931,-0.656810224,0.396261632
2932,1.063468456,-0.093991570
2933,0.451084971,-0.206732973
2934,1.576242447,-0.878083467
2935,-1.564301133,-1.330851078
2936,0.771987677,0.877616644
2937,-0.125492454,0.236248642
2938,0.334652454,-0.109775022
2939,-0.858039439,0.053617761
2940,-0.181748673,0.101734824
2941,-0.037415799,-0.340959847
2942,0.562637031,1.315041780
2943,0.262208343,0.362592489
2944,-2.005416155,0.673389137
2945,0.525344789,-0.714886129
2946,0.043485362,1.317246675
2947,0.640868664,-2.517337561
2948,1.722581029,-1.767580032
2949,0.508985281,0.393198460
2950,-0.830699265,0.148433238
2951,0.116512418,0.836721838
2952,0.087690361,0.687616348
2953,-0.755244911,3.356503725
2954,1.354836226,2.171028376
2955,0.725127101,-2.346750498
2956,1.575313807,0.022503784
2957,-0.433471352,0.224576503
2958,0.432927907,-0.591033459
2959,-0.181296587,-0.022261254
2960,-3.910412788,-0.601484239
2961,-1.987658143,1.100868344
2962,-0.438068658,-0.341659158
2963,-2.336087942,3.015802622
2964,-0.803630173,-0.109221205
2965,-0.929547787,1.216672778
2966,0.663201451,-0.151557863
2967,0.033512566,0.806047022
2968,-0.295157582,1.317179084
2969,2.887078047,-0.826476574
2970,-0.176294118,-2.209464788
2971,-0.249140218,0.720073462
2972,-0.295942575,0.620205462
2973,0.671047568,-0.385423571
2974,-0.561344504,0.736920536
2975,-0.375003666,0.018620612
2976,0.119161353,-1.228449702
2977,0.229182020,0.305987686
2978,-0.493904740,2.449172258
2979,-0.386246294,1.141453147
2980,-0.340955973,-0.219682291
2981,-0.423337758,-0.715255499
2982,-1.062479496,-0.154095054
2983,1.851165771,0.394761205
2984,-4.311395645,0.757625699
2985,-0.019172324,-0.858799040
2986,-0.602795362,-0.384263247
2987,-0.749902487,0.955144227
2988,-1.667964935,2.248334885
2989,0.769537389,0.144901425
2990,-0.270211577,-1.730213642
2991,0.565456927,0.494918436
2992,0.177050442,-0.365622818
2993,-0.505913734,0.261612773
2994,-3.298542023,1.332669020
2995,-0.871282458,2.040703535
2996,-0.100796282,1.467212439
2997,-0.104502015,-0.406887293
2998,-1.672451973,-0.785649657
2999,-0.763903022,0.267249107
3000,0.259780675,-0.425028861
3001,1.524798632,-1.475142121
3002,-0.011682736,-0.983195662
3003,-0.099530198,0.577454627
3004,-0.468786567,-1.225942612
3005,-1.580621958,-1.451306581
3006,1.647415757,0.171130419
3007,-1.166728973,-0.324838758
3008,2.472296238,0.106387928
3009,-0.688700140,0.239022240
3010,1.867728949,-1.240470886
3011,1.804989934,0.629117906
3012,-0.190218598,-0.125441998
3013,0.100185402,-1.352563739
3014,0.049756199,1.629420996
3015,1.490558267,0.797772765
3016,-0.446487397,0.118165784
3017,0.175088733,-0.845534205
3018,-1.546270013,-1.048485160
3019,-0.662151277,-0.732864201
3020,-0.262386650,0.237952515
3021,1.338056326,-1.588738203
3022,1.025639892,0.689611793
3023,-4.013763905,-1.165568233
3024,-0.525854290,-0.331496567
3025,1.071726322,1.320838094
3026,1.063386679,-1.652960896
3027,2.275762081,-1.312164903
3028,4.342864037,-1.942432404
3029,2.187569141,-1.241486430
3030,-0.406341255,-0.201218858
3031,-2.140035868,-1.001366258
3032,0.742614329,-0.783512115
3033,-1.315111518,0.327645749
3034,-0.509335995,1.546371341
3035,1.617612481,-1.222942948
3036,-1.452503324,0.285897702
3037,0.243502408,-0.195733309
3038,-2.734894037,-0.380491585
3039,-0.118507251,-0.052192010
3040,-3.318734407,-1.852154255
3041,-0.665232122,1.179532409
3042,0.978772461,-0.292989105
3043,0.704464316,0.237195820
3044,0.870041013,-2.186416864
3045,-1.918185472,1.251243114
3046,-0.128451869,-0.594229519
3047,0.005699371,0.984879911
3048,-0.255181611,-0.827800274
3049,1.618859053,1.237848043
3050,0.288448215,0.792274356
3051,-0.152345866,-0.415725738
3052,1.342152715,-1.474411249
3053,0.054780912,0.138550967
3054,1.710034847,-1.966802359
3055,0.746380568,0.295345604
3056,-0.388202518,-2.840795040
3057,1.097544432,0.979294419
3058,0.467542022,0.868424833
3059,0.879351139,-0.848885298
3060,-0.912115693,2.887154818
3061,1.239784598,0.835944176
3062,-0.046153184,0.668656528
3063,0.336088866,0.307962537
3064,1.333335996,2.085862637
3065,0.150489494,0.537070811
3066,1.447396040,1.115016937
3067,-1.059655547,-0.843115032
3068,0.316535175,-0.121433891
3069,-0.498792022,-1.162665129
3070,0.010924474,-0.104236148
3071,0.325974286,-0.148106620
3072,-0.964781165,-2.320410967
3073,-0.399633259,0.542763293
3074,-0.698247671,-0.261219740
3075,1.640175819,0.030831950
3076,2.543141842,-0.538667679
3077,0.092835940,1.834841013
3078,0.119124480,1.254548073
3079,0.177296877,1.104101419
3080,0.390236199,-0.195513427
3081,-3.180316210,-1.614641905
3082,0.937007666,1.746054053
3083,0.098715089,-0.231431842
3084,1.131401300,0.205209166
3085,3.816770554,0.941773355
3086,-0.534535646,-1.364207149
3087,0.551612318,0.666495979
3088,0.050533898,-0.652267814
3089,-0.203145027,-1.602020264
3090,1.058351755,-0.322761357
3091,-6.129091263,0.838376820
3092,0.117635675,1.330226421
3093,0.717776597,0.661977589
3094,-0.776389062,-0.120839909
3095,0.628417552,1.819122195
3096,-0.527134299,-1.539721489
3097,0.036947984,-0.152664661
3098,-1.316995978,0.933421493
3099,0.903227568,-0.461378008
3100,-0.996054649,0.472244203
3101,0.382973582,-0.315042198
3102,-0.574370086,-1.155384183
3103,0.817394435,-0.225360721
3104,1.125787020,-0.819374204
3105,0.502191603,0.547797322
3106,1.153119326,-3.389711380
3107,-0.250502884,2.878211498
3108,2.447647095,-0.187224239
3109,0.356938064,0.395945966
3110,-0.209238321,-0.470128059
3111,0.029029049,-0.143289790
3112,1.170787096,-0.443735272
3113,4.204532623,0.110876136
3114,0.993577778,1.545608401
3115,2.079333067,1.428833246
3116,-1.241458178,-1.428577542
3117,-2.943459749,-0.402969807
3118,-1.443444014,1.541960359
3119,-0.175199673,0.125756979
3120,1.181165218,-2.243419170
3121,-1.153685689,1.937079549
3122,0.708552241,1.175596952
3123,1.069870830,0.101627178
3124,1.292592168,-0.155996755
3125,-0.799434066,0.569978833
3126,1.539496064,0.298968703
3127,2.297646523,-0.683121502
3128,-1.512075305,0.168687031
3129,0.563569009,0.753053904
3130,-0.157032892,3.274432898
3131,2.473683596,-0.630813956
3132,0.128077716,-0.090243660
3133,-0.935527265,-0.800335228
3134,0.036604106,0.518154502
3135,0.579712629,-0.198910579
3136,0.694159508,-0.094543070
3137,-0.219145238,0.249474689
3138,-0.056397952,-0.138655946
3139,0.282529742,0.732708931
3140,-1.372341275,-0.151890561
3141,-2.564423084,2.020970106
3142,1.687008858,0.254488498
3143,1.437273860,0.208401904
3144,1.303429723,1.193293095
3145,-0.908321321,1.005797744
3146,0.102132812,-0.260718375
3147,-0.861250818,0.515740097
3148,-0.621295154,-1.238479376
3149,2.422128201,-0.131397724
3150,1.999289751,0.831728399
3151,1.469788790,1.889367461
3152,1.727270961,0.222376972
3153,-0.611282229,-0.513956606
3154,0.228460059,-0.742834210
3155,0.527554929,-0.303384751
3156,0.232787535,0.155504555
3157,2.522380114,-1.287698627
3158,0.201428041,-0.085663274
3159,-1.733725905,-2.179019690
3160,-0.363171756,1.141296864
3161,-0.477498084,-0.620892644
3162,0.473830670,-0.166348934
3163,2.380023956,-0.380131871
3164,0.247280538,-1.470430851
3165,-0.451835275,0.705451250
3166,-1.310522079,-0.257481188
3167,0.558771729,-1.005033255
3168,0.351866275,1.977366924
3169,-0.372366548,-0.492190480
3170,0.212907329,0.609906733
3171,-1.967301846,-0.402583063
3172,0.116150215,0.153547168
3173,0.075275555,0.654200673
3174,0.857532442,-1.371662974
3175,0.156025633,-0.112559304
3176,-1.538710952,-0.882389128
3177,0.901708722,0.728807628
3178,0.936214507,2.111446857
3179,-2.028847933,-0.774231613
3180,1.804642320,-1.280807853
3181,-1.381505728,-0.292780876
3182,1.840007782,-0.176420495
3183,-1.581457973,0.231230378
3184,0.057310592,0.883918703
3185,0.614943862,1.497015834
3186,0.013723775,0.412863046
3187,0.764844120,-0.544719100
3188,-0.692465246,0.976332605
3189,0.219351888,0.332852989
3190,-0.892796576,1.571594477
3191,-0.599435866,1.933096051
3192,0.890462518,1.383322477
3193,0.065579966,-0.298657328
3194,1.678548932,-2.723530054
3195,-0.956515908,1.728091717
3196,-1.167939782,-1.616788030
3197,0.449558288,-0.489779621
3198,-0.063709863,0.159303844
3199,0.263780206,-0.988658428
3200,-0.084312022,-0.466730326
3201,-0.046448331,-2.403945208
3202,-0.905607045,-1.283034682
3203,-2.518972397,-1.399511099
3204,2.222837925,1.585567713
3205,1.112342715,0.494725406
3206,-1.636061788,2.235383511
3207,-0.072683647,-0.507110834
3208,1.128794670,1.096711516
3209,1.007935286,0.416643083
3210,1.209256887,0.442670316
3211,-0.655422747,-1.053093553
3212,0.996811748,0.045551695
3213,-1.297507405,0.301261753
3214,0.732428253,0.793193042
3215,0.937573254,-0.213358983
3216,-1.092700362,3.086584806
3217,-1.163285732,-1.061009049
3218,-0.997323453,-1.533015132
3219,-0.038542755,-0.155175939
3220,0.547518730,0.419965327
3221,-1.273405433,1.665662527
3222,-0.296751976,-0.576036155
3223,0.032818772,0.860022664
3224,0.975856125,0.683409214
3225,0.059528958,0.368957728
3226,1.714100599,0.081856668
3227,-0.285703570,-0.804477572
3228,-1.071404099,0.311942995
3229,1.225421429,-0.830678105
3230,-0.729228616,0.705421805
3231,2.294672251,1.967576385
3232,-0.729423821,-1.208777666
3233,2.748473644,-0.809375942
3234,0.170048326,0.090547115
3235,-0.338447481,-1.073040128
3236,-1.919186592,1.702886581
3237,3.751180887,1.074533701
3238,-1.474906325,-1.342059851
3239,-0.153056264,-1.059505582
3240,0.367227376,0.733633220
3241,3.123860598,-0.426596105
3242,-0.751215160,-0.717522919
3243,0.887303293,-0.068056442
3244,0.740217745,2.538448334
3245,0.191462412,-0.057170670
3246,-1.168095350,2.512144327
3247,-0.878291786,0.087514848
3248,-0.117206223,0.512614369
3249,-0.941478789,1.837865710
3250,1.550363660,-2.442668200
3251,-0.958511770,0.429385930
3252,0.132497475,0.933922350
3253,0.076030791,2.940076828
3254,-0.852700651,-1.241270065
3255,0.054919016,-0.186149031
3256,-0.467780679,-0.747380197
3257,1.619724393,0.599083543
3258,2.401059151,0.318761766
3259,-5.305126190,-1.801167846
3260,0.121363960,-0.114888109
3261,1.482123017,0.759835780
3262,1.068955421,-0.324547082
3263,1.809675932,0.439698994
3264,-1.601269722,-0.307710290
3265,1.889917254,0.453071624
3266,-1.518072724,1.688098907
3267,0.202379048,-2.392413378
3268,1.098081589,1.192641497
3269,-1.876576424,0.684081733
3270,-0.222488582,-0.254286915
3271,-0.910422981,0.236145630
3272,-1.591506124,0.304602206
3273,-0.049981683,-0.444346845
3274,0.061090775,0.249061480
3275,-3.932158470,2.672461748
3276,-1.408251882,0.406504422
3277,-0.918678164,0.295813590
3278,0.575857162,0.710865498
3279,-0.312321454,0.144272640
3280,1.217868447,-0.551269472
3281,-1.992058635,-1.560941815
3282,0.082416773,0.634353161
3283,1.658810735,2.100131035
3284,-1.309229970,1.043032885
3285,0.504851341,-2.130271435
3286,0.804846764,0.186508521
3287,-1.560219407,1.807349920
3288,1.012661576,0.870216668
3289,-1.482223392,-3.489197493
3290,-1.020015478,4.340685844
3291,-0.554710388,0.103567488
3292,0.550242007,-0.421368957
3293,2.150274754,-0.082771435
3294,-0.197835281,0.073574811
3295,-0.347348154,0.034338556
3296,-0.988417566,0.519843638
3297,0.439818263,-0.114633039
3298,-1.160869479,0.734297514
3299,0.829677105,-2.219867706
3300,-3.477662802,-2.379709721
3301,-0.063588001,0.563793898
3302,1.654997110,-1.303985715
3303,0.218060702,-0.182599515
3304,-0.897294521,0.470570922
3305,1.623717785,-0.489766359
3306,-0.972121537,0.429905295
3307,-2.350046396,1.488209963
3308,0.924824536,0.531713009
3309,-0.337419569,0.013540324
3310,-0.106963359,2.108412266
3311,0.107260838,0.607005596
3312,-2.236039162,-0.657469928
3313,0.098875560,1.166296005
3314,0.392155588,-1.531501293
3315,0.660250485,-1.218299389
3316,2.863169909,-2.294736147
3317,-0.676939428,-0.481491089
3318,-0.694600821,-0.040891804
3319,0.543394506,1.009994626
3320,-2.507211208,1.206901431
3321,-1.313568115,0.432229310
3322,-0.636796594,-0.338875681
3323,1.098708749,1.784496427
3324,-1.141867876,0.307735294
3325,-0.180570528,-1.083180666
3326,0.375758946,-2.767272949
3327,0.716382563,-0.357474238
3328,-0.838235140,-0.600969076
3329,-1.166377425,1.274174809
3330,-0.111580603,0.057089705
3331,3.022180796,-1.401453137
3332,1.471016526,0.377796084
3333,-1.471380949,-1.005082011
3334,-0.727029681,-0.213512287
3335,-0.224275425,0.450126916
3336,0.361396551,0.370680928
3337,-0.865987897,0.050283600
3338,-0.378742427,0.035577953
3339,0.110124595,0.091197193
3340,-3.043279648,-1.187935710
3341,0.464389384,2.306443453
3342,-1.008105278,-0.753706932
3343,-0.773036420,0.569093883
3344,0.557369173,0.935215712
3345,2.471751213,0.406515211
3346,1.278509259,-1.041334152
3347,2.178934336,-0.735216141
3348,-0.813772082,-0.025372006
3349,1.802089810,1.625556469
3350,1.074770212,-1.065750003
3351,1.039957643,-0.567114353
3352,0.394841373,0.723774076
3353,2.338539600,3.047638178
3354,0.154879585,-0.450937390
3355,-0.517565370,0.649214268
3356,0.614654183,-0.567508459
3357,-0.360933751,0.184168085
3358,0.638161838,0.356789351
3359,-0.869599044,-1.424562216
3360,-1.111610532,0.296381742
3361,-0.374188036,0.091559604
3362,1.076053262,1.591908097
3363,1.959195971,-0.670427024
3364,0.595770836,-0.046319794
3365,0.858194172,-0.192634210
3366,0.027121158,0.658128262
3367,0.726034343,-0.462921679
3368,-1.218308330,-1.107095122
3369,-0.535075903,0.509790957
3370,0.415250152,0.479355425
3371,0.859396875,-2.058696508
3372,0.131542012,-1.259065270
3373,0.273839891,0.292999357
3374,-0.525093138,0.481209964
3375,0.085880071,-1.124678135
3376,-0.757852256,0.031711582
3377,-1.532736659,-2.467636347
3378,0.851133525,1.120484352
3379,0.606697798,-0.524689615
3380,0.800064743,0.061601918
3381,0.422694415,-1.521794558
3382,-0.157152563,0.053433221
3383,-1.198511481,0.466702104
3384,0.322118193,3.780052423
3385,-2.573912859,0.075753279
3386,0.286038607,-0.059702858
3387,-2.116882324,-1.614324093
3388,-0.525073290,2.238763571
3389,-0.804219127,0.380770564
3390,-1.118051767,0.610131204
3391,-0.426394880,1.566298246
3392,0.257935405,1.358723164
3393,0.840981364,-0.691953599
3394,1.605896235,-0.608211517
3395,0.282268822,0.707944334
3396,-0.713553667,1.527448535
3397,1.698079705,-1.444254160
3398,-0.391927540,-0.113522060
3399,0.443386376,0.893932045
3400,0.056869790,0.883889019
3401,1.424267530,-1.634111285
3402,-0.097832002,-0.530702829
3403,-3.304214954,-2.034067392
3404,-1.011660695,0.276204884
3405,-0.189340711,0.112805389
3406,0.368361890,-0.146017194
3407,1.164681196,-0.522242367
3408,0.193153590,-1.042648911
3409,-2.530129671,-0.883219659
3410,-0.133441746,-2.614505291
3411,0.272679716,0.775457203
3412,-0.490284711,1.592929602
3413,0.772131860,0.159581751
3414,-1.014947534,-0.733515501
3415,-1.158892512,0.783574760
3416,0.673750997,-0.651172638
3417,-0.073354706,-0.098776594
3418,0.958109200,-0.571801186
3419,-0.688325107,4.042030811
3420,0.105583891,0.369318038
3421,-1.903413534,-0.680724978
3422,0.294745386,0.048944231
3423,0.421018392,-0.311807156
3424,-0.043928206,0.000144610
3425,1.081783295,1.061506629
3426,0.786073506,0.088228226
3427,0.804021478,-0.144935369
3428,2.034108400,-1.461402416
3429,-0.352415591,-0.507327974
3430,-0.382001400,2.104732513
3431,-0.497051239,0.600542426
3432,-1.777248144,1.837146282
3433,2.335117817,0.138497040
3434,-0.370062351,0.833585382
3435,0.280766666,1.750159144
3436,1.379948020,1.400664926
3437,1.227452397,-0.529227376
3438,-0.140516624,1.044671774
3439,0.167425394,-0.452946663
3440,2.322398901,0.314250052
3441,0.229821414,-0.101318754
3442,0.856596589,1.254680395
3443,0.733329833,0.022306645
3444,-0.422081351,-0.744970143
3445,-0.379710346,0.925948739
3446,-0.306598842,-0.372495711
3447,0.117410585,0.075480402
3448,-0.329482883,0.219972000
3449,1.436097383,1.775217295
3450,-0.608084619,-0.340088457
3451,-1.425698519,-0.353148013
3452,-1.238281608,0.790212452
3453,-0.137953311,2.353016615
3454,0.464860797,0.132085770
3455,-2.466551542,-0.272243291
3456,-1.343520164,-0.507675588
3457,-0.687846005,0.318784475
3458,-0.157092646,0.042602662
3459,-1.259648919,-2.430938959
3460,1.200899363,0.948287964
3461,4.197115421,-0.766717851
3462,1.063941598,0.934006453
3463,1.704204917,0.291860968
3464,-3.941031456,0.582580268
3465,-0.235720098,1.289802194
3466,-0.440114290,-1.332547784
3467,1.141530871,0.348327070
3468,1.394361138,0.574687243
3469,0.804658651,0.037084743
3470,-0.387883097,-0.606432617
3471,-0.244969681,-0.574624717
3472,-0.505170703,1.680705547
3473,0.592808604,0.840799093
3474,0.370670587,-2.686160088
3475,-0.338615507,-2.052193403
3476,-0.371573597,-0.358801454
3477,-0.309540391,-0.086010031
3478,-0.626892626,0.587737858
3479,-0.938817680,-0.457037538
3480,0.464305431,0.535975993
3481,-0.428083271,0.129270554
3482,0.268543929,2.514572859
3483,1.096030235,-0.001509385
3484,-0.137144834,0.167723969
3485,0.697258055,-0.997796297
3486,1.302615523,0.157418236
3487,0.327229083,-0.261184931
3488,0.396928012,1.451541424
3489,-0.145788744,-0.603144109
3490,-1.267719626,-0.427547723
3491,1.230928302,0.790786684
3492,-1.180725574,0.003448010
3493,-0.793628097,0.010143068
3494,-0.643396318,1.597177029
3495,-1.082405567,-0.630049407
3496,-0.742863178,-3.770502090
3497,0.004920719,-1.155769706
3498,-0.505771875,-0.407145143
3499,-0.148348182,0.020878363
3500,-1.900289774,0.840391099
3501,0.828342438,0.216101363
3502,1.181125045,0.420252949
3503,-1.367641211,-1.653034329
3504,1.365901709,0.206219330
3505,0.517638385,2.095005035
3506,-1.649717093,2.602571249
3507,0.561270833,0.260769725
3508,-0.090283662,-3.811278343
3509,-2.408227205,-2.051131964
3510,1.081021190,-0.633325338
3511,0.200028807,0.994741082
3512,1.466172338,-0.492224216
3513,-0.587557554,-0.086605832
3514,-1.002705574,0.830751538
3515,0.467349946,-1.946342111
3516,-0.277979195,-0.039758589
3517,1.249800563,0.119197018
3518,-0.770976126,0.477413088
3519,0.143506661,1.299156308
3520,-0.760480583,0.199398667
3521,-4.662206650,1.527089477
3522,0.033767585,-0.737043023
3523,0.148026347,-0.302615911
3524,-0.738007605,-1.203919888
3525,-1.092596173,1.034126878
3526,-0.094898902,-0.493438095
3527,-0.120797880,-0.307593197
3528,2.432280302,-1.525597811
3529,-1.247797012,1.040637136
3530,-1.859980464,0.219675347
3531,-0.336704284,1.214554429
3532,1.115049481,2.629826784
3533,1.868027687,0.275190562
3534,-0.539565325,-0.243886709
3535,-1.328679562,-0.417344987
3536,-1.063436866,-1.987158895
3537,0.219285280,-0.481237143
3538,1.302650094,-0.344830215
3539,-0.140520722,0.309814095
3540,0.260695994,0.043394916
3541,-0.265903950,0.094252728
3542,-0.755591393,-0.442295641
3543,-1.774620175,1.595558286
3544,2.579265118,-3.189194441
3545,-0.893365562,-0.263209820
3546,-1.044262886,0.310701787
3547,0.015761619,1.827746034
3548,1.195993781,-0.724667370
3549,2.465937376,-0.978069782
3550,-0.693977535,-1.001721501
3551,-2.272657394,-0.502974689
3552,-0.051116873,-0.221356124
3553,-1.214810729,-0.551170170
3554,-0.306278318,2.229964495
3555,-0.809675157,0.291607112
3556,0.494536519,-0.137552992
3557,-2.026779175,3.600279808
3558,1.191223145,0.046755116
3559,1.363268852,-0.638302803
3560,4.775776386,-0.419586211
3561,0.966844141,-0.819586396
3562,-0.408391207,-0.378822803
3563,0.188801527,-0.057458743
3564,-0.286370039,-0.331876338
3565,0.658202827,1.146502733
3566,1.311904907,-0.814017713
3567,0.463050455,1.072307944
3568,-1.790327191,-0.828031719
3569,0.403768152,0.041858386
3570,0.064721227,0.301595777
3571,-0.553134799,0.165196329
3572,-0.093902707,-0.117154017
3573,0.625956655,0.162568673
3574,-0.016460245,1.787885666
3575,0.384376913,0.328781754
3576,-2.127337217,0.990984321
3577,0.234198332,-0.794867337
3578,0.671127319,0.678038180
3579,-0.106532440,0.201016471
3580,0.384999633,0.680549026
3581,2.449720144,-1.083506584
3582,-1.533159256,3.086658716
3583,1.445575476,-2.061286688
3584,0.657131433,-0.167826995
3585,1.278238535,0.666912496
3586,-1.249443412,-3.114502430
3587,-0.184345663,-0.382129401
3588,-0.081752010,-0.662415802
3589,-1.455347300,-2.437814713
3590,-0.096756652,-0.153177023
3591,2.003432274,0.323194891
3592,0.816019535,-0.162769064
3593,-0.834014297,-0.296356946
3594,-0.228186026,0.908173680
3595,1.348132491,-0.284855872
3596,0.521029711,-0.365309000
3597,0.834438026,-0.633150697
3598,0.537712634,1.241832256
3599,1.061393380,0.686025977
3600,0.266583174,0.654043198
3601,-0.364232719,-0.060545597
3602,1.288892150,0.308847725
3603,1.830940962,-0.139328852
3604,-1.179203868,-0.618714988
3605,-1.887028933,0.556217909
3606,-1.859941721,2.494971752
3607,2.339512825,2.378162861
3608,2.074320555,-0.187813997
3609,-1.312416077,1.072899938
3610,-0.292256415,0.460395634
3611,0.604102194,0.908878505
3612,0.321150482,-0.297368199
3613,-0.513088644,2.374666929
3614,0.446561038,-0.045412820
3615,-0.757197082,-0.560527623
3616,-0.359229296,0.147090480
3617,-1.434802294,-2.333375454
3618,-0.369197041,0.247372538
3619,-1.553648472,1.452222705
3620,0.081553064,0.748576581
3621,1.330764890,1.336241603
3622,-0.597010195,0.334813982
3623,-1.435916305,0.424508661
3624,-0.702106118,-1.128378391
3625,0.149291471,2.065311670
3626,1.131077647,0.702949226
3627,-0.455071807,0.105154015
3628,0.423580885,-0.077444598
3629,-1.350276470,-0.915396392
3630,0.824297547,-0.007563071
3631,-0.341183424,-1.353753805
3632,-0.589721739,1.971874118
3633,-1.234879375,2.699070692
3634,0.732454717,0.223985717
3635,0.977957428,0.394333094
3636,-0.008857955,0.170463949
3637,1.876888633,3.714739561
3638,-1.218835950,1.458129168
3639,-2.485538006,1.196309090
3640,2.578296423,-1.116172194
3641,-2.736027718,0.043655034
3642,-0.970359266,-0.046422780
3643,1.427471876,0.877642095
3644,2.591982603,-2.645232677
3645,0.446077019,-0.117491312
3646,0.451783150,0.445761532
3647,-0.697183669,-1.668486476
3648,-0.369614273,-0.168943018
3649,0.305073678,-0.336492419
3650,-0.538884580,-3.336343527
3651,0.340006799,-0.523374915
3652,-3.205842018,0.491253316
3653,-0.553121746,-0.538397849
3654,-0.178702176,0.785552025
3655,-0.106138594,0.679269612
3656,-1.442510605,-1.802511811
3657,0.147193953,1.257149339
3658,0.174901754,0.114223316
3659,-0.857856750,0.527083695
3660,0.682340801,0.762696564
3661,0.455692202,0.375164092
3662,2.720669508,-0.015311204
3663,-0.544628263,-0.103757441
3664,0.050513275,-0.219348371
3665,0.483853400,0.189792946
3666,-0.237688720,-0.155300781
3667,0.711561143,-0.944511354
3668,-0.569585443,-0.645558834
3669,0.783129394,1.399151087
3670,1.335811257,-0.644337118
3671,0.953447700,0.440061986
3672,-0.586284459,-1.090572238
3673,0.636076748,0.373838365
3674,-0.183187887,1.448077321
3675,-1.463221788,1.930650115
3676,-1.645494938,-0.404883832
3677,0.757111788,-0.870082915
3678,1.196832180,-0.620066166
3679,-0.799613357,-1.025818229
3680,-0.459828019,-1.762138128
3681,-0.882332504,0.899530530
3682,0.527083457,-0.085202068
3683,0.202894852,0.432670146
3684,-1.162052631,-0.464934111
3685,-1.794182420,-1.639743090
3686,-2.203858852,-0.500839531
3687,1.632274985,-0.871503174
3688,0.769858599,-0.176443025
3689,0.125331506,-0.986426353
3690,-0.054630656,0.291693509
3691,0.550050974,-0.160782009
3692,-0.314202964,0.355383277
3693,-0.187032104,0.033498053
3694,-2.396822453,-0.047735743
3695,-0.708286226,2.307373047
3696,0.096603937,-0.866779685
3697,-1.320101261,0.484774321
3698,-0.143803075,-0.131075546
3699,0.291423887,-0.031362914
3700,-2.490631819,-1.030683756
3701,-0.121250093,1.623770952
3702,1.169446349,-0.683516860
3703,-2.377455473,2.400653124
3704,3.026442766,-3.448795319
3705,1.368711114,2.148113489
3706,-0.450731307,0.545761824
3707,-0.449230462,-0.564458191
3708,1.047973633,-0.516860366
3709,-1.149506450,-1.666021347
3710,-1.397658110,-0.869649947
3711,1.041152596,-0.449401826
3712,0.812271714,-1.140067220
3713,-0.206185609,-1.010456085
3714,1.215188622,-0.653687716
3715,1.091224670,1.430048943
3716,0.762038529,0.045302689
3717,0.755674124,-1.117550135
3718,-2.593303204,0.897381961
3719,1.659134865,-0.074898399
3720,0.182491288,-0.461094856
3721,1.933488250,1.029325843
3722,-0.507343292,0.307055622
3723,-0.912118375,-0.391931772
3724,1.069251060,0.757682800
3725,0.127718374,-0.007756926
3726,0.200072855,-1.410559416
3727,-0.420750767,-0.404725790
3728,-0.592964768,0.136856169
3729,-2.325214148,1.818228245
3730,0.112290628,0.583441317
3731,-0.363578051,-0.731175363
3732,-0.736651301,0.865208685
3733,1.713754535,-1.402191997
3734,-0.558978915,-1.217419386
3735,-0.706885993,0.645563126
3736,0.332211107,-0.915994167
3737,-3.171542883,-0.936549008
3738,-0.578622401,-0.009681745
3739,-0.643423676,1.706282616
3740,1.235818982,0.203656793
3741,-0.230254650,-2.032028198
3742,0.153325275,-0.021073632
3743,-0.333928168,0.772360623
3744,-0.388175040,-2.433956623
3745,0.894424319,-1.323606610
3746,-1.879323721,-2.594018459
3747,1.076323032,-0.608632445
3748,-0.748931348,0.115911096
3749,-3.324710846,0.768242896
3750,0.707570195,5.058002949
3751,0.439291507,-2.386104822
3752,0.127390698,0.224116653
3753,2.359699011,-2.061201572
3754,-0.682832479,0.296028405
3755,-0.116034269,0.114791177
3756,-0.011264778,0.300904006
3757,1.196483850,0.629445553
3758,-0.851375341,1.381371379
3759,-0.809916615,-3.084635735
3760,-1.382073164,-2.105197430
3761,0.577582836,0.863451004
3762,1.108894587,0.567109525
3763,-0.043062832,0.574684203
3764,1.138671875,1.001447082
3765,1.442627788,0.040534899
3766,-0.126123324,0.934813380
3767,-0.376378655,0.115287215
3768,0.889301658,-2.420555592
3769,0.807315588,1.204310417
3770,-0.200042978,0.510317981
3771,-0.506908774,-1.878276467
3772,-0.438500404,0.756343722
3773,0.497626662,-1.447859764
3774,2.251802444,-0.322526425
3775,0.017595218,-1.608229876
3776,-1.691298842,0.933732033
3777,-2.171955824,0.009428802
3778,0.219125733,0.010718615
3779,0.668898404,-1.847478271
3780,0.058641963,2.896081448
3781,1.306898832,0.780727029
3782,0.551181555,-0.727047563
3783,-0.373219311,1.025016904
3784,-0.566542327,-2.990318537
3785,0.044104889,-0.259897888
3786,0.256756663,0.850245357
3787,1.095654964,-0.557770431
3788,-0.992426038,1.018862724
3789,-2.137169600,-0.508594811
3790,-0.088844627,-1.834532499
3791,-0.183986202,-0.418011010
3792,-3.654319048,1.221998334
3793,-0.004618365,-1.144313097
3794,1.699791312,1.819293261
3795,-0.265977502,1.221900821
3796,0.044247940,-0.271776766
3797,-0.219792828,-0.132737190
3798,-1.037292719,0.508385777
3799,-0.780421376,0.607713044
3800,0.632757962,-1.992986560
3801,1.257400036,-0.362372607
3802,1.306015015,1.025015950
3803,1.776188135,-0.868022799
3804,-1.436500430,0.559019029
3805,-2.129812002,0.976487160
3806,1.574276567,-0.308716625
3807,0.161877155,0.661878526
3808,1.466738582,1.134195805
3809,-2.177320719,-2.690638781
3810,-1.850392342,0.140700564
3811,0.575522780,-0.350287884
3812,0.830320179,-0.387314230
3813,-0.841675222,0.178107515
3814,-0.362532943,-1.638548970
3815,0.625376105,0.041758146
3816,-0.701058984,-1.141916275
3817,1.543324232,0.199373156
3818,0.329876274,-0.302664816
3819,0.071861126,1.472776294
3820,-0.706171215,-0.288228333
3821,0.149912909,-0.497161627
3822,-1.058864474,-2.205353737
3823,0.342044830,-0.784140229
3824,1.112068534,-0.043175187
3825,-0.015273468,1.276801944
3826,-0.178833187,0.243168578
3827,-0.888501704,0.291121483
3828,0.500435650,-0.732660115
3829,-1.277029753,-0.018119946
3830,0.783877552,1.635333538
3831,-3.220610142,1.657788754
3832,-1.002136111,-0.322979778
3833,-0.220629618,-0.498192847
3834,-0.142163575,-0.040982541
3835,0.064742044,-0.318015367
3836,-0.223644868,0.350105196
3837,0.343592227,0.085898370
3838,0.372383118,0.128427073
3839,0.083099671,0.530621231
3840,0.116078801,0.253599316
3841,2.091159105,1.961200356
3842,-2.819111347,-1.744538188
3843,1.399659991,-1.139648199
3844,-0.052585393,0.639264047
3845,1.005248547,-1.495718360
3846,0.616475165,-0.205068827
3847,0.437311798,0.842263341
3848,0.199628785,1.544567823
3849,0.547330737,0.038619567
3850,-0.616367459,-1.188302040
3851,0.701650918,-0.674402595
3852,-1.359679580,0.181362376
3853,0.615123093,-0.849841952
3854,-0.501461089,2.138115644
3855,-0.974166632,0.500638783
3856,0.432100892,0.219619602
3857,1.429134130,1.235285521
3858,0.635792673,-0.918918431
3859,-2.027895212,0.077451490
3860,0.677795708,-0.190827966
3861,2.666841507,2.844089508
3862,1.476555467,2.035977602
3863,-0.019777551,-1.519808292
3864,1.437139630,-1.396129251
3865,-0.338247895,1.383907080
3866,-0.111646436,-0.094558887
3867,-0.169006482,-0.175211772
3868,-0.843802810,0.931387007
3869,0.994126976,0.405818820
3870,1.306180954,0.249334231
3871,-0.183468446,2.134319544
3872,-2.182303905,0.859321952
3873,-0.503256381,-1.177129149
3874,2.780274630,-1.523378611
3875,-1.351568222,0.348927796
3876,-0.166497380,0.013195206
3877,-0.413921654,0.159841165
3878,2.097409725,0.287118882
3879,-2.577668428,-0.205647737
3880,-0.930387616,1.331850171
3881,0.159764051,0.498435885
3882,0.462089151,-0.999762237
3883,1.572398543,-2.216631889
3884,0.486893952,-1.777463198
3885,-0.135021269,0.033243008
3886,-1.809430361,-0.232782364
3887,1.201622844,-0.312947601
3888,0.930903673,1.497472167
3889,-0.595828474,0.657572150
3890,-0.513194621,1.892438173
3891,0.742421508,0.890993893
3892,-1.425350904,-2.084074259
3893,-0.852659285,-1.621802568
3894,-2.145094633,0.583537519
3895,-0.317156434,-0.180102855
3896,-1.345705152,-0.401287794
3897,-0.411658078,1.255346417
3898,-0.572349608,-0.878577650
3899,1.436776996,0.655052245
3900,-1.768071413,-1.221671462
3901,0.516798794,1.623325586
3902,-1.366539359,4.152005196
3903,0.982259274,-1.340247869
3904,-0.487208992,0.159656212
3905,0.406976491,-1.975902081
3906,-0.216770872,-0.093259558
3907,0.088165648,1.272824526
3908,0.293937445,1.173567653
3909,-0.887321591,0.012020559
3910,-1.001827717,-0.708098412
3911,-0.609654784,-1.592548966
3912,-0.789727032,0.071307078
3913,0.804094851,0.437487990
3914,0.028880917,-0.412401766
3915,1.160460830,0.697273374
3916,1.818928123,-1.744869113
3917,0.042018153,-0.428421974
3918,2.525999784,1.740599513
3919,-0.183506459,-0.777318060
3920,1.129618764,1.959880114
3921,-1.508715868,-3.067229271
3922,1.490532637,1.663414121
3923,-1.101523280,-0.021560650
3924,0.829549551,0.588150620
3925,0.140590608,-0.521899343
3926,0.010662461,0.459864169
3927,0.331647635,1.127520442
3928,-0.496233255,0.077506945
3929,0.649097502,1.616645932
3930,-0.669990540,-1.270263314
3931,1.207427979,-0.468695432
3932,-2.074976444,0.751981020
3933,-1.706868887,0.984565079
3934,-1.001712203,-0.733474553
3935,0.188219875,-0.602585495
3936,-0.254397303,0.850261271
3937,0.545229852,-0.264566153
3938,-1.688861966,-1.344322443
3939,-0.161304191,-0.068336047
3940,-0.648651302,-0.799656689
3941,1.661358595,-0.143565327
3942,1.096616507,1.400924325
3943,0.847832203,-2.308538437
3944,0.652681768,0.027821999
3945,0.109727465,0.979356289
3946,0.815491080,-1.043018937
3947,1.260118365,0.967824399
3948,-1.278118968,2.663052559
3949,-1.346781015,-0.013040501
3950,-0.512613952,1.120016932
3951,-0.382635832,-0.129576057
3952,0.920444906,0.934299469
3953,-0.192246869,0.928650022
3954,-0.292207271,0.564884007
3955,2.395063162,-2.445222855
3956,0.234186962,0.048701394
3957,-1.178713202,-2.340987682
3958,-0.604353130,1.336753726
3959,-0.830854952,0.024136221
3960,-0.563339055,-1.075744748
3961,-0.506962180,-0.280319393
3962,-0.699001789,-0.766013265
3963,-1.826429725,0.617136300
3964,0.453789085,-0.860477626
3965,1.330272198,-0.263929963
3966,1.049859166,-2.054656982
3967,0.023217617,2.147187233
3968,0.515305161,1.303680062
3969,-0.922530949,2.450067043
3970,-0.036516435,1.761232257
3971,-0.249602422,-0.496948719
3972,-0.363847286,-1.414706230
3973,0.863367081,-0.034753650
3974,-0.231821924,1.353419423
3975,-0.412656844,0.237492442
3976,-1.237863660,-1.979152918
3977,0.268365651,0.447964311
3978,-0.816182196,0.412333280
3979,0.943320930,-1.713659644
3980,-0.233691946,-0.175208688
3981,-0.185610130,-0.490469426
3982,-1.472985029,-0.662672102
3983,-0.133619115,-2.780531406
3984,1.727617025,0.185061887
3985,-0.201931864,0.187792018
3986,-0.140331924,0.849806428
3987,1.424110651,-1.164254904
3988,0.024378531,-0.213475123
3989,0.203727365,-0.033401467
3990,0.749593794,-1.532837152
3991,0.306141078,-0.487443238
3992,-0.104105778,0.301653713
3993,-0.106667288,0.539336562
3994,-1.134774923,-1.477383971
3995,0.262160450,0.249852329
3996,0.153684631,-0.025600130
3997,-1.914264083,-0.358076781
3998,-2.111025572,-0.058242556
3999,-0.575810552,-2.132478952
4000,-3.048508644,-3.861337423
4001,0.482756436,0.736238897
4002,-0.087632030,1.966635466
4003,-2.290910006,-0.693668306
4004,-0.456478179,0.445152342
4005,0.818579376,2.002060652
4006,-0.006044519,-0.008221520
4007,-0.990159690,0.510289907
4008,-2.011327028,0.775682926
4009,-1.854094148,0.488553882
4010,-1.069863796,0.416675776
4011,1.080369949,-0.139883995
4012,-0.064586617,1.055427790
4013,1.287927151,-0.794734478
4014,-0.056928493,-0.553651273
4015,0.889855742,0.651513815
4016,0.498001397,0.062306099
4017,-0.447971404,0.167260751
4018,1.001734614,-0.731644630
4019,1.494590282,0.617607594
4020,1.400236249,-1.365320921
4021,-0.960546017,-0.079385526
4022,1.057965040,0.077310912
4023,-0.032874048,-2.914351463
4024,0.488014191,-1.048767567
4025,-1.041678071,0.864886165
4026,-0.047066096,0.784266949
4027,-0.791803360,1.006010175
4028,-1.429791927,0.004645190
4029,0.999312341,-1.738471389
4030,-1.370108962,2.576944590
4031,0.406710625,0.243702665
4032,0.388978064,0.009682175
4033,-0.760106683,-0.078760251
4034,1.159806728,1.764654875
4035,0.558588803,2.049799442
4036,-0.361082524,-2.053470373
4037,0.176670328,0.725201726
4038,-0.853962719,-0.071075574
4039,0.369786441,-0.303635180
4040,0.268997997,0.913174033
4041,1.461481571,1.288876414
4042,3.041957617,-1.063774705
4043,0.264999062,-0.662318408
4044,-1.463264346,-0.735199511
4045,2.050230742,0.227793425
4046,0.202927783,0.539485753
4047,0.622542977,-0.550595343
4048,0.784411728,0.179502234
4049,0.122236110,-0.096583344
4050,2.112391710,1.550056815
4051,-0.723726153,2.346671581
4052,-2.121935844,1.055871010
4053,0.697245002,1.452062249
4054,-1.783442378,-0.236242935
4055,0.776842058,0.441243827
4056,0.585427105,-0.926655650
4057,-0.065056756,0.803922236
4058,0.467017680,-2.072756052
4059,2.120971441,1.095170975
4060,0.689275086,0.004269781
4061,0.531851411,-0.090040497
4062,-0.438797653,0.294358552
4063,-0.508873582,0.611408055
4064,1.515936852,0.102443047
4065,0.483822197,-0.376321524
4066,0.012540739,-1.498781800
4067,-0.098467343,0.669050574
4068,-1.086194396,0.377837300
4069,0.186788708,1.157116771
4070,1.695087433,-0.201713920
4071,0.337588072,0.564548194
4072,-0.290983558,-0.555909455
4073,-0.208346546,0.531970143
4074,-0.128882885,-1.119524956
4075,1.250308514,-0.421880186
4076,-0.281602800,0.092124760
4077,-1.938333988,-0.235609412
4078,0.727770805,0.974011242
4079,-0.511106312,-0.795741022
4080,-1.249988317,-0.460419655
4081,-0.372418284,-1.029468894
4082,-1.544587255,-1.180887222
4083,-0.687465191,-1.044389844
4084,0.324899733,-0.039567415
4085,0.300758600,-1.459277511
4086,0.319749504,0.150000930
4087,-0.404757410,1.688616753
4088,0.004235462,-0.491057187
4089,-0.316316515,0.105222359
4090,-1.161597729,0.702988327
4091,-0.863219917,-1.541379213
4092,1.505389690,-0.273823649
4093,-0.027842954,-0.168343946
4094,-0.508639574,0.047926836
4095,-0.157017648,-0.127598986
4096,2.434816122,-0.925378859
4097,0.883945942,-1.333011866
4098,-0.525736153,1.042711973
4099,1.510822892,0.952957809
4100,2.600874424,-1.379016995
4101,-1.035042286,-0.600418806
4102,-0.800672829,-0.490906805
4103,-1.289912820,-0.819809914
4104,2.679822206,1.331265450
4105,-0.500785172,-1.280471921
4106,-0.558726430,-0.354508698
4107,-0.380296886,0.187203571
4108,0.389156342,-0.247221142
4109,-1.236417413,1.082710028
4110,0.231631637,-0.161097720
4111,-0.481507957,-0.210527778
4112,-1.880132437,2.271571398
4113,-0.921950161,-0.987428546
4114,1.665246129,1.163569808
4115,1.633604407,2.034189939
4116,-0.110719159,-0.145568073
4117,-1.159083962,-0.636413932
4118,0.257399768,2.518939018
4119,0.615868330,0.444188833
4120,0.142904073,-0.171476409
4121,0.782340705,1.441461921
4122,3.211938143,-0.847286105
4123,-0.352101535,2.952496290
4124,1.280514359,-0.287118435
4125,-1.358216405,1.631270647
4126,-0.130142346,-0.822956979
4127,1.636350036,0.623481274
4128,0.463356256,1.591954827
4129,0.287535489,1.017325759
4130,2.075226307,-1.458587170
4131,1.105510354,-2.270422935
4132,0.961348593,0.031331915
4133,-1.023895264,-1.023681402
4134,0.935490131,1.175976634
4135,-0.697271824,-0.313978046
4136,-1.628092527,-0.006344999
4137,1.041313529,2.191245317
4138,0.080908768,0.200645387
4139,-1.780128002,-1.671057820
4140,-0.374621302,3.319414377
4141,-0.576768398,-0.547662079
4142,1.172129512,-0.145713076
4143,0.499238521,-1.177541256
4144,0.166873708,-1.285327673
4145,0.093040258,-0.085160151
4146,-1.435057044,1.152876139
4147,-0.673906207,-0.710317314
4148,0.225119054,-0.609343708
4149,1.616700888,0.960207582
4150,1.983720660,0.108993590
4151,1.582022190,-1.345213056
4152,0.936232388,0.594293535
4153,0.134649813,0.340584397
4154,2.072859049,-1.101523876
4155,-0.830535471,1.354946613
4156,1.129518390,0.028582240
4157,0.005197511,-0.236526906
4158,0.505290389,1.406268358
4159,-0.383433640,0.252148688
4160,1.473387599,1.025593281
4161,-0.702650964,-1.100694418
4162,-0.721624255,-0.189830154
4163,0.184407786,-1.382322788
4164,-2.099030972,3.390963316
4165,0.482118994,-0.199815020
4166,1.101105809,-0.090994969
4167,-0.524533212,-1.699798226
4168,1.269321322,2.134661674
4169,0.300898582,-1.020241499
4170,1.024248838,1.130783081
4171,-0.800900578,-0.308427036
4172,0.592612922,-0.743494809
4173,0.387840092,0.692184329
4174,0.158924744,-2.083743811
4175,1.623466253,-0.792144179
4176,0.171411663,1.023189425
4177,1.859512568,-2.512322664
4178,-0.368721247,-0.680690229
4179,-0.140353397,0.165089175
4180,0.713417888,-1.304846764
4181,1.417176962,-1.844598770
4182,-2.686151505,-1.494757891
4183,0.614779830,0.686378717
4184,0.213870794,0.555747271
4185,-0.113802820,-0.011554466
4186,-0.431516439,-1.202031016
4187,-0.140365914,2.716996908
4188,2.184625387,1.249568939
4189,-1.873618007,-2.895511389
4190,0.156353429,-0.029798836
4191,-1.004206419,-1.209216714
4192,0.516367972,0.671095371
4193,-2.374013901,1.270029306
4194,-1.251469612,-0.184212342
4195,-3.249752522,-0.788081706
4196,-0.921847463,-0.782027841
4197,0.949045956,1.195257187
4198,-1.945831060,-0.928560495
4199,-1.815095067,-0.029060505
4200,-0.905724049,0.133196577
4201,0.393726945,-0.785975277
4202,1.390736938,2.174622536
4203,-0.305814415,1.450183153
4204,0.290248156,-3.512017965
4205,-0.709248781,-0.129706860
4206,1.129360080,-1.203100204
4207,-0.035224430,1.156093240
4208,-0.536932290,1.129582286
4209,-0.466656268,-0.568152785
4210,0.796056628,0.338552475
4211,-0.149664611,0.794083536
4212,2.065618992,-2.278812408
4213,-2.464455843,1.478932023
4214,-0.034899864,-0.241972536
4215,0.896626234,-0.948938429
4216,0.269382268,0.916563332
4217,-0.853373289,0.534452736
4218,3.487359047,0.388096303
4219,-1.035641789,1.368236303
4220,0.730396390,4.871776581
4221,-0.138391778,0.686672568
4222,-0.846280098,0.329038113
4223,-0.950944185,-0.387915730
4224,-0.944525480,0.623218775
4225,0.428328514,-1.285155535
4226,-1.109443903,1.089837193
4227,0.412095875,-0.095872216
4228,1.757241845,0.876977623
4229,0.157635137,0.010741042
4230,0.141328573,0.166860238
4231,2.359673023,-0.293792695
4232,-0.069358423,0.032889195
4233,-0.517919421,-0.637504458
4234,-1.444971204,1.520080090
4235,1.168233752,-1.271914363
4236,-0.175309643,0.184294984
4237,-0.810128510,-0.476027399
4238,-0.393363893,1.902411699
4239,-0.159169674,-0.342323452
4240,1.705353975,-0.691731870
4241,0.152703032,2.047027826
4242,0.256847441,-1.325833917
4243,-1.077329516,-1.311889768
4244,0.609846592,-0.232307851
4245,-1.048083901,0.221752480
4246,1.342193007,-0.098048478
4247,0.606917858,-1.341975451
4248,1.959751129,1.861004591
4249,-1.679298997,-1.748220921
4250,-0.168605983,-0.115383483
4251,-1.424857974,0.757536113
4252,0.184763774,0.097687691
4253,0.274275869,-0.096964791
4254,0.411556214,-1.037685394
4255,0.171545893,1.635667443
4256,1.209331274,0.456899256
4257,-2.825648546,1.823652983
4258,-1.278801441,-0.912878335
4259,0.831366658,1.059070706
4260,1.077032447,0.492068887
4261,0.107392311,-0.216176271
4262,-0.561009943,0.127731457
4263,-0.785690546,0.128372505
4264,-0.817786396,1.026107311
4265,-0.711591840,1.093749881
4266,-0.494718850,-1.555937290
4267,-2.738344908,-0.100620724
4268,2.547281981,1.593279481
4269,1.999659300,-0.756881595
4270,-0.561374247,-2.059413433
4271,-0.147913441,-0.167265147
4272,2.078088045,0.070629984
4273,-0.653439462,0.632877409
4274,0.301337659,0.392351061
4275,3.050599575,3.260810137
4276,1.071614146,0.924360216
4277,-0.627670884,0.360293299
4278,-0.458439261,0.837655842
4279,-0.384881318,-0.331952423
4280,0.411773801,-0.941347122
4281,1.293572664,1.083654761
4282,0.338144690,0.103022583
4283,0.347704649,0.246019572
4284,0.532423854,-1.478273988
4285,-0.554018915,-1.467027545
4286,1.676085114,-0.819314301
4287,0.936385155,0.237021431
4288,0.444928586,-0.054385010
4289,0.155200168,-0.064607121
4290,1.733955622,1.740988374
4291,-2.112335443,0.639842927
4292,1.008215547,-0.869116843
4293,-0.148864359,0.143816024
4294,-1.826593876,-1.161149621
4295,2.651816607,-2.415684223
4296,1.440486312,-0.168647259
4297,0.862742364,2.247260094
4298,-1.662851453,0.915150404
4299,0.241304591,0.850698650
4300,-1.218556762,-0.688548744
4301,-0.241275996,-0.925424218
4302,-0.057839103,0.133050218
4303,0.561747849,1.384804964
4304,0.407808393,2.026235819
4305,-0.623406112,1.867536187
4306,1.642729521,0.467556059
4307,-0.786922514,0.082493551
4308,-0.021392217,-0.277121574
4309,-1.573089480,0.163043544
4310,0.753225148,1.153768063
4311,-0.304078877,0.635943949
4312,-1.630119562,0.636253655
4313,0.916674554,-0.770978153
4314,0.338357598,1.802937388
4315,0.870445907,-0.938456714
4316,3.149772167,-1.881385446
4317,0.433325499,-0.235526875
4318,1.934995890,-0.415453762
4319,0.423742652,-1.095991373
4320,-0.732319951,-1.276392341
4321,-0.735650063,-0.651150882
4322,0.265222043,0.469394684
4323,0.127942115,-0.171355650
4324,-1.758452654,0.436296999
4325,0.077563055,0.177763611
4326,1.559199333,-1.241377831
4327,-0.254582942,1.327921748
4328,0.033834141,2.696002245
4329,-0.391918659,1.622077346
4330,1.648435354,-0.018635148
4331,0.784775496,0.246664062
4332,-0.876489282,0.317630351
4333,-0.929272532,-0.176479518
4334,-1.233060479,0.753583431
4335,0.315257251,-0.223287523
4336,2.451187372,0.049173467
4337,-0.930646241,-2.115257263
4338,0.167831659,-0.141408056
4339,0.041447826,0.567116499
4340,1.010383129,0.700228393
4341,1.496536613,-1.691113472
4342,-0.884551823,-0.123362176
4343,-0.147003427,-0.303055286
4344,0.024334926,-0.496719658
4345,0.024434434,0.617453873
4346,-1.209231257,-1.247154236
4347,-0.735321045,-0.043642860
4348,-0.272031009,0.217414260
4349,-1.782654405,-0.010588515
4350,-0.602027118,-1.057541490
4351,1.150500417,-0.151769772
4352,1.320863485,-1.227827311
4353,0.266181916,0.890294075
4354,1.733853817,0.297789037
4355,-0.062067859,-0.164921075
4356,-1.895607114,0.485485762
4357,0.090654731,2.196174860
4358,-0.690599561,-0.244793460
4359,0.149014607,0.069232240
4360,-2.596397638,-1.726279140
4361,-1.022796512,2.823606253
4362,0.066779546,-0.140188053
4363,0.343167573,0.213218540
4364,1.146185517,-0.594884574
4365,-0.465540439,0.484193891
4366,0.004182344,-1.936801314
4367,-0.647625685,1.021874785
4368,0.461335629,0.567883551
4369,-1.118974328,-1.296366930
4370,1.956835628,-0.521403670
4371,0.319381654,-0.428008199
4372,-1.952676177,-1.987915874
4373,-1.270837784,0.060391504
4374,2.920080185,-1.139218450
4375,-0.340826631,1.219309330
4376,0.175973192,0.315455437
4377,0.182751983,0.757642627
4378,-0.490557998,0.981698334
4379,-0.280397654,-0.832003534
4380,-0.142376006,-2.338351011
4381,-1.344749212,1.401028156
4382,0.933615863,0.959270179
4383,2.372764111,3.123722315
4384,-0.389585942,-0.171715692
4385,-0.596135736,0.475801736
4386,-0.105305634,-0.625336230
4387,0.199933603,-0.760721385
4388,-0.460461825,0.275076270
4389,1.294847131,-0.237316430
4390,1.089174867,3.332730293
4391,0.390823603,-0.141014174
4392,0.149946898,0.899393857
4393,0.587399304,0.754723489
4394,1.669801354,-1.817701101
4395,0.102905035,0.262781411
4396,0.543867528,-0.554909706
4397,-0.092231862,-0.280182153
4398,-0.411295861,0.425955087
4399,0.679506302,0.923164725
4400,0.388938248,0.411177248
4401,0.045311175,2.043555498
4402,-1.982631445,0.055983461
4403,0.276993781,3.465286016
4404,-0.614302754,0.452785432
4405,0.066434555,-1.027445674
4406,-0.924695790,-0.920435846
4407,-1.036042929,-2.484266043
4408,-3.030389786,-2.573681116
4409,-0.247013628,0.555083036
4410,-0.156791374,-0.834505558
4411,1.469574809,-1.012862444
4412,0.262805849,0.789794922
4413,0.028795986,-0.351209491
4414,-2.465395927,-0.327359110
4415,0.198342264,-0.065839782
4416,-1.711058974,1.959098220
4417,1.336959481,2.847222805
4418,-0.070617892,1.252937078
4419,0.890951753,0.130493134
4420,-0.313905120,-1.355228305
4421,0.494501621,-0.784914076
4422,0.844857514,-0.626980722
4423,-2.302667141,-0.903639972
4424,-0.229209021,-0.444666177
4425,-0.988238335,-0.033948936
4426,-1.376071334,0.397150487
4427,-2.463371754,0.387294203
4428,-0.576674998,-0.799686849
4429,-1.066233277,0.285998195
4430,0.229866460,-0.210598692
4431,0.762446702,0.189488441
4432,-0.583163977,1.697702169
4433,-0.013495953,-1.630094647
4434,0.378725171,-2.412766457
4435,-0.713035822,0.928527296
4436,-0.419354230,-0.208449692
4437,0.191263512,0.070935652
4438,0.469961643,0.699925959
4439,-1.065573096,0.511336684
4440,0.488500923,0.913974822
4441,-0.503846347,-0.976293862
4442,-2.417025805,1.545150995
4443,-0.341192394,-0.486334264
4444,-1.235137105,-0.536434472
4445,0.199115232,-0.192532822
4446,-0.470430791,0.157181531
4447,-0.254153609,-0.004603745
4448,1.205070376,-1.515756845
4449,-1.739524961,0.843200803
4450,2.595953465,0.748144925
4451,0.551553190,-0.632621527
4452,1.772594571,1.644185066
4453,0.207405731,-0.378620028
4454,0.180109918,0.352304131
4455,1.093792558,0.289913356
4456,-0.388689250,2.068344355
4457,-0.213759139,-1.831660748
4458,0.128417686,-1.077126741
4459,0.476795107,1.500847101
4460,-0.174099863,-1.712788820
4461,-1.441889286,-0.907781005
4462,-0.160491362,2.219030380
4463,2.043485641,-0.062304795
4464,-0.540342331,-1.611512661
4465,-1.136764169,0.346922994
4466,0.194151089,0.019572452
4467,0.185482278,1.253110886
4468,-0.006019498,-0.009662556
4469,0.690899432,-1.219347358
4470,-0.199089259,0.049003240
4471,2.484992504,0.418236047
4472,-0.327760249,0.933282495
4473,-0.058099765,0.165271789
4474,0.147524446,-0.087103181
4475,-0.579787135,0.695965171
4476,-0.083544508,0.222052306
4477,0.742334843,-0.663985372
4478,-1.160327315,0.774302542
4479,-0.757244647,-1.406011939
4480,0.651525497,0.403738618
4481,-0.797259331,-0.606566668
4482,-0.180276334,0.370838195
4483,0.068204731,1.622952461
4484,0.008811307,-0.161340341
4485,0.551618516,1.273177147
4486,0.048140794,-1.593514085
4487,0.357607782,2.382069826
4488,-1.138769150,0.194490105
4489,0.156368345,-0.346730024
4490,0.670439243,0.910153210
4491,0.931880891,0.418914348
4492,1.024769783,-0.147984892
4493,2.700928450,-0.453344017
4494,0.726482332,-1.502022266
4495,0.091143653,-1.332851171
4496,0.461984038,0.563872933
4497,0.248993814,-1.176393390
4498,0.209773362,-0.810266852
4499,-2.545696259,2.511000633
4500,0.458814740,-0.709960818
4501,-1.154745340,1.920206070
4502,0.180190444,-2.000554800
4503,-0.342814088,-0.197177216
4504,0.547365665,1.537794471
4505,-1.662471414,0.202502608
4506,0.018399090,-0.917948604
4507,-0.829909563,-0.034088638
4508,0.574407518,-0.353537351
4509,0.883882165,0.039698407
4510,-0.547517240,-1.061234951
4511,0.642384470,0.494731039
4512,1.107360482,-1.058393598
4513,-0.111501209,-0.240655094
4514,2.054634809,-1.143831015
4515,-3.346921206,-1.227673173
4516,-0.135445565,0.128909960
4517,0.820848703,0.232168078
4518,-0.193904489,0.104240701
4519,-0.184352428,0.042014997
4520,1.857546687,0.049520496
4521,-0.306116492,-0.658825517
4522,-0.028124031,-0.180851385
4523,0.182700783,0.043979056
4524,2.068028927,1.764224052
4525,-0.480392694,-0.479006439
4526,-0.575484157,-1.900061131
4527,-2.055660963,2.125877380
4528,-1.533977270,-0.371938586
4529,-0.627066970,0.113443755
4530,-1.881390333,1.272262335
4531,-0.353780955,0.201261282
4532,0.363704920,-1.170173168
4533,-0.662684202,1.395747304
4534,-0.162794113,-1.131067276
4535,-0.584643006,0.784869015
4536,-1.097355604,0.386763483
4537,0.046598636,0.445397466
4538,-0.755300164,-0.670617938
4539,0.097286813,-1.376985431
4540,0.720963657,-1.185091257
4541,0.188796312,-0.178321287
4542,0.685348809,-0.385797292
4543,-0.300182790,-1.747764468
4544,-0.813076913,1.402899623
4545,-0.241246134,0.174754679
4546,-1.603619576,2.164183855
4547,1.768682241,1.683289051
4548,0.364999682,0.232780710
4549,-0.017188093,1.218539953
4550,-3.340630531,-0.712130070
4551,0.510791659,1.498277664
4552,0.154057443,-0.745919347
4553,-3.604202986,-0.713992178
4554,0.949388444,0.134606242
4555,-0.935425937,0.534571946
4556,-2.373275280,1.534527183
4557,2.743144035,-1.300450683
4558,1.039584279,-0.242732719
4559,0.467775941,0.218372121
4560,0.794805288,0.364070922
4561,-0.820698082,0.602097631
4562,0.696862280,-0.004592085
4563,-0.152637005,0.983940721
4564,-0.507637501,1.585364461
4565,-1.014129281,2.367877960
4566,-0.622368991,-1.333356261
4567,-0.159425959,-0.172524229
4568,2.940751076,-0.706571698
4569,-1.875205159,-1.486274362
4570,-1.675452709,-0.280064732
4571,-0.334849894,-0.339331150
4572,1.151590466,-0.532797039
4573,-0.588521719,0.283043057
4574,1.112450480,-0.883926809
4575,0.222442791,0.054747459
4576,2.559195995,-0.264726281
4577,-0.249779969,-1.993277431
4578,-2.147686005,0.834996521
4579,0.666219532,-1.078445673
4580,-0.276137441,-0.295717716
4581,0.539365888,1.288581133
4582,-0.035957489,0.165054530
4583,-0.022369577,-0.323151469
4584,-0.273200125,1.121062040
4585,0.658057332,1.076283574
4586,-1.235337019,2.261496782
4587,-1.454557419,-0.164229482
4588,-1.707811356,0.323703170
4589,0.128956750,0.067006961
4590,0.924666464,0.583277404
4591,1.032902479,0.599476874
4592,4.161600590,0.373756111
4593,0.120684952,-0.823518395
4594,0.812972546,0.061279666
4595,0.046886280,0.777926087
4596,-0.121110402,-0.571549535
4597,0.303860128,1.606115818
4598,-0.852899849,-0.179357767
4599,-0.799468577,0.769295275
4600,0.736136794,-0.706021786
4601,-0.132605374,-0.069726959
4602,1.778133154,1.579460740
4603,0.692202985,0.352834761
4604,-0.178065419,0.479472101
4605,-0.686927497,-2.888267040
4606,-0.668408513,0.943550289
4607,0.585828841,-1.835413575
4608,0.371912718,-0.721912503
4609,0.215234056,-0.619821429
4610,-1.056992054,-0.490607709
4611,1.198473692,-0.545391917
4612,0.561464489,0.990095019
4613,1.826032043,3.701828480
4614,-0.210198328,0.527191758
4615,0.940042615,1.075511813
4616,-0.116601072,-0.167896986
4617,-2.015345573,-0.547481060
4618,0.791670740,0.648481727
4619,1.541922092,-0.088240966
4620,-0.150163278,0.225877360
4621,1.529142737,-1.738671064
4622,1.152856231,0.768996835
4623,1.580401540,-2.689670086
4624,0.291987270,0.209062740
4625,1.581844687,0.375052959
4626,0.006939681,-0.291221589
4627,0.926926076,-0.511665225
4628,-0.183163553,-0.048389360
4629,-1.544125319,0.083395183
4630,-2.454513311,-2.039047241
4631,0.701079130,0.010582874
4632,0.609679282,0.079276502
4633,-0.086966515,0.825519025
4634,-1.410377622,-0.036884416
4635,2.487500191,-0.208658993
4636,0.716480434,-0.354946613
4637,-3.885076284,-0.586117744
4638,-0.127920955,2.134436131
4639,-3.000186682,3.874169350
4640,0.238822222,-1.287487030
4641,-0.329225332,-1.337120533
4642,-0.301772177,-0.070594050
4643,0.020772569,-0.237986311
4644,1.514927745,0.720461726
4645,0.239985004,0.682666540
4646,-0.446935356,-0.086119577
4647,0.770922244,-0.925861835
4648,-1.199706793,-0.121367425
4649,1.724789023,-0.941727102
4650,-1.833631754,1.329895854
4651,-1.800144672,-0.093585446
4652,1.825612068,-0.429746062
4653,-0.173865631,1.629000068
4654,0.071189649,-0.036725000
4655,0.896711528,3.146889925
4656,0.434855700,-1.130739450
4657,1.471046686,-1.643154025
4658,1.207688808,-1.877550483
4659,1.516282916,-1.762294769
4660,-1.228143692,-0.869425237
4661,0.593585193,-1.074911594
4662,0.292472690,-0.363294333
4663,5.228769302,-2.178279877
4664,1.381360650,1.167835593
4665,1.131260633,-2.070056200
4666,-0.094576582,0.575082421
4667,-0.227948844,-0.417426199
4668,-0.215748042,-0.208691180
4669,0.117781334,0.176208049
4670,-1.116887808,0.058461197
4671,-0.395674914,-0.133465797
4672,0.370920718,-0.056956936
4673,1.190566182,-2.751048326
4674,-0.427821696,-0.415140629
4675,-0.772680163,-0.234546855
4676,-0.345214814,-0.532029808
4677,-0.501182139,0.388905555
4678,1.598370671,-1.617951393
4679,-1.102717876,-1.223904729
4680,0.565486610,-0.522717834
4681,0.286381602,-0.002613368
4682,0.993885159,1.066315651
4683,-0.625791967,1.362822175
4684,1.871037483,2.995372057
4685,0.004585902,0.218915179
4686,-0.827157080,0.601963639
4687,-0.026878905,-0.221578479
4688,0.048219729,-0.052702818
4689,-0.001086191,0.368673116
4690,-3.175302744,-0.108560465
4691,0.786865771,0.803018034
4692,-0.434344977,1.588034272
4693,3.148024321,-0.341499090
4694,1.968943596,-1.068728805
4695,0.076918244,-0.665004969
4696,-2.289888382,0.707431734
4697,-1.127467155,-2.425836802
4698,0.254680544,0.044756509
4699,2.347680569,-1.310785651
4700,1.425461888,-1.098279595
4701,0.668108821,-0.489892811
4702,0.835895836,1.551771760
4703,-0.493773937,0.909774780
4704,2.253591061,-3.874232292
4705,0.428171813,-0.042208955
4706,-1.147301078,-1.244782209
4707,0.162435949,-0.219665244
4708,0.606384397,0.105205007
4709,-0.487005562,-0.332117200
4710,-0.583253562,-1.022830248
4711,1.302356601,0.288865089
4712,0.379644841,-2.766067505
4713,-0.183972731,0.123646542
4714,1.482221007,-0.150090367
4715,0.802266121,0.059525974
4716,-1.158168435,-0.590033412
4717,-0.156673342,-0.282358587
4718,0.002215238,0.290080696
4719,-0.544750929,1.941953421
4720,0.590736806,-0.694137573
4721,-0.420600504,-0.374815255
4722,-0.781268477,1.678344846
4723,-2.073729753,3.815966368
4724,0.472886294,-1.028787136
4725,-0.264358670,0.144359425
4726,1.087975383,-0.943383276
4727,0.928783834,0.588390052
4728,1.432080984,-0.423117667
4729,-1.589116693,-0.845399499
4730,-0.985031188,0.197136000
4731,1.310018897,-0.321220160
4732,-1.132100821,1.038362622
4733,-0.793301046,1.434946537
4734,-0.471918970,2.844266415
4735,0.217207745,-0.529020667
4736,0.293819338,0.795964539
4737,-0.465672135,-1.464618802
4738,-0.147552013,0.313874662
4739,0.103349149,0.812057137
4740,0.809074759,-0.259578139
4741,-0.512496054,1.037974596
4742,0.759016633,-1.449223161
4743,-0.573640764,-0.855514646
4744,-1.120995522,-0.421857536
4745,0.136584625,-0.372166187
4746,2.761988401,0.125220135
4747,2.595428944,0.143750072
4748,-1.595304489,-0.210279837
4749,-0.702597678,3.041205645
4750,-0.055847071,0.464387357
4751,-0.725175679,-0.659884274
4752,-2.311638355,0.702315032
4753,-2.852582932,-1.348530054
4754,0.238746032,0.176227704
4755,1.671086311,-0.031684045
4756,-0.506875038,-0.257924020
4757,-2.430294752,1.127688169
4758,1.625479698,-2.848845482
4759,0.166686818,-0.682150662
4760,0.767607212,0.652476847
4761,0.798164606,-1.305020928
4762,-2.809237242,1.897521257
4763,-0.162452057,-0.721273720
4764,0.151537925,0.213994518
4765,0.007453303,0.191627443
4766,0.389197201,0.456553936
4767,0.163773134,-1.430507064
4768,0.058023814,0.307090580
4769,0.385734886,-1.097725272
4770,-0.992607832,1.139588118
4771,-0.066983595,-2.288811445
4772,1.031437397,0.051810574
4773,-0.089367673,-0.631575048
4774,-0.608155310,-0.706776559
4775,2.037928581,-0.418070823
4776,-1.707780480,2.659760714
4777,-0.552387774,0.681072176
4778,0.717064798,-0.969965816
4779,1.573453188,0.103983626
4780,3.150372982,-0.431161314
4781,0.252074152,-1.345163941
4782,2.046834707,-0.196314201
4783,0.629177690,-0.466531992
4784,-1.976301074,0.952139735
4785,0.740810692,0.165652990
4786,1.058393359,-0.047153920
4787,0.588966787,0.856812179
4788,-0.849081755,-0.268806666
4789,1.024179101,0.708892107
4790,-0.691596746,-0.832727611
4791,0.225308821,-0.478761405
4792,-1.037582636,1.118355632
4793,0.476474732,-0.643099606
4794,-1.312519431,1.229244709
4795,0.125451729,-1.815798640
4796,-0.258373529,-1.281327486
4797,1.135093451,0.738188803
4798,1.694076300,-0.374914348
4799,0.614182532,-0.018456284
4800,1.381596684,-1.177906632
4801,-1.510232091,1.923763633
4802,-0.152857602,0.157251626
4803,1.139282703,0.074334890
4804,1.434266686,-0.316585839
4805,0.316777289,-0.020453358
4806,-1.079476118,-1.034642577
4807,1.455197573,0.630281985
4808,-1.503967643,-1.206918001
4809,-0.189964339,-0.049104407
4810,1.267385721,-1.431978226
4811,0.302107871,-0.381602257
4812,0.017269459,-1.784741759
4813,-1.347519994,-0.382558733
4814,-2.061092377,-0.330929697
4815,-0.063933797,0.214404568
4816,-1.009019732,0.975117028
4817,-1.248886466,-1.085295081
4818,0.586292386,0.943828583
4819,-1.008091092,-3.445374012
4820,-0.566182733,-0.064908981
4821,-1.380328536,0.728188396
4822,0.593049824,-1.543107986
4823,-1.481092930,2.251533270
4824,0.346314996,1.012247205
4825,-0.020700939,-0.158413157
4826,0.565904081,-0.418378115
4827,-1.197311997,-2.195654869
4828,-1.071730733,-1.176464081
4829,-1.661564231,-0.546933591
4830,1.221505046,2.102286577
4831,-0.245051533,1.752474666
4832,-0.569911838,-1.698343635
4833,-0.615929842,-0.831581473
4834,0.681654274,0.773531735
4835,-0.090312235,0.366306663
4836,-0.695904315,1.151664257
4837,-0.889031172,0.924023032
4838,0.232424691,-1.940472126
4839,-1.205512404,0.723514259
4840,-0.402978927,1.364861250
4841,0.296997517,-0.123345949
4842,1.608829618,-1.491485596
4843,-0.570435405,-1.612728357
4844,-1.393446803,0.178668410
4845,1.544018984,0.452309012
4846,0.688266098,-0.255428672
4847,-0.775900066,-5.003614902
4848,0.025867227,0.267211139
4849,0.796086848,-1.279936910
4850,-1.336078525,-0.150078371
4851,-0.875097394,0.082138747
4852,-0.411286443,-0.249992132
4853,-1.246846795,-4.169399261
4854,0.546252728,0.560476720
4855,0.143536478,-0.563716590
4856,-0.859820962,-1.057468176
4857,-0.312482655,0.855931520
4858,-0.379717857,-0.547475219
4859,-0.964912474,0.272587717
4860,1.598681450,0.633477032
4861,0.031869020,-0.746864796
4862,0.247515798,-0.060027204
4863,0.011543794,-0.407288551
4864,3.205416918,-0.811891973
4865,-0.087914549,0.706162333
4866,-1.347306609,0.185625881
4867,0.871546865,1.670029163
4868,1.167536616,0.831453979
4869,0.179700151,1.972079277
4870,-0.683484316,-0.886743248
4871,0.169507593,-0.087333910
4872,0.487309009,0.228202924
4873,-0.521477282,-0.102451287
4874,0.880038202,0.527714849
4875,-0.698213041,-1.991212487
4876,1.158647537,-1.803269148
4877,-0.159791216,-0.738362670
4878,-0.298205584,-0.097873300
4879,-1.036355019,1.450439692
4880,-0.431428730,2.148681402
4881,0.568995178,0.417321503
4882,-1.719412208,-0.259797812
4883,-1.448627353,1.628257513
4884,-1.259762883,-0.284990758
4885,-2.020791769,0.392189831
4886,0.192756236,-1.780640125
4887,-0.057213224,-0.101956777
4888,0.389414698,-0.126445070
4889,1.278991818,-1.911617160
4890,-0.198667794,-0.842378974
4891,0.392052740,1.308787942
4892,0.792923808,1.398880005
4893,1.016542196,-0.820247293
4894,0.457941353,-1.482499361
4895,0.870366037,-0.861275792
4896,0.019455336,-0.262081802
4897,0.972315609,-0.129180863
4898,2.838136911,-0.718458116
4899,0.061256427,0.169579655
4900,1.705389142,2.504477978
4901,-0.112106480,0.143803537
4902,-0.560826421,0.292786509
4903,-0.589076698,-0.532811821
4904,1.104579687,-0.214929566
4905,1.260056138,0.042362969
4906,0.298865706,-0.045226470
4907,0.044315688,0.360796154
4908,1.581768274,-0.365212113
4909,0.423768610,0.434240192
4910,-1.057727814,-0.195853606
4911,0.560987711,1.204398513
4912,0.266608119,0.543478012
4913,0.161210045,-3.028020859
4914,0.569176197,2.678934336
4915,0.036740407,-2.315882921
4916,-2.223257542,-1.023706436
4917,-1.973777056,1.332686782
4918,0.143866047,-0.163808212
4919,-1.033096790,0.121433109
4920,-1.906485081,0.637524605
4921,-0.034823816,-0.156717837
4922,0.547218740,-0.695111096
4923,-2.442350149,-2.257659674
4924,-4.299392223,-1.633988738
4925,0.784332156,-0.214101702
4926,0.239002675,0.026937976
4927,-3.788525581,0.850681961
4928,-3.036352873,-4.273651600
4929,0.303629965,-0.212478623
4930,0.742329061,-0.162844807
4931,-0.939653575,0.872867703
4932,-0.471692622,-0.520446658
4933,0.365210503,-1.631632090
4934,-0.773212373,-0.169359699
4935,0.331064373,0.066829644
4936,0.543853641,-0.807096660
4937,-2.337548018,-0.778462768
4938,0.991116524,0.815412343
4939,-0.645531893,-0.671303630
4940,-0.255086690,0.117445856
4941,3.295135736,0.772176743
4942,-0.753812730,0.461983919
4943,-0.349408418,-0.426155150
4944,1.480682492,1.316255689
4945,-1.109217525,0.026668638
4946,0.258650720,-0.339200050
4947,1.136788130,0.010462973
4948,0.116723232,0.039899815
4949,2.215091944,-0.772617161
4950,0.962435782,0.088767625
4951,2.418036222,-0.300493866
4952,1.896530867,1.886321187
4953,0.157467708,-0.843255222
4954,3.315813065,0.229931444
4955,-0.093809158,0.165085912
4956,0.771084189,2.330812216
4957,-2.219874382,-2.345368862
4958,-1.256575227,0.196870431
4959,-0.122047171,-0.276585072
4960,-0.373294383,0.551985145
4961,-1.092601061,1.123132586
4962,0.231193721,0.495239437
4963,1.147273779,-1.141267061
4964,-0.734116197,-0.163559407
4965,0.148328513,0.120425776
4966,0.372199863,1.332089782
4967,1.622635365,0.652783096
4968,-0.308137089,-0.752617002
4969,-1.089123368,-0.822465897
4970,0.801805615,-1.126178622
4971,-0.028243246,0.762165487
4972,1.286589861,-0.179374963
4973,-1.745538354,-1.379437923
4974,1.161925554,-0.924686909
4975,0.910518885,-0.020183574
4976,0.070566535,-1.729840636
4977,-0.047667034,-0.220288336
4978,-0.439278096,-0.613308787
4979,0.739968956,-3.490308523
4980,1.289379358,-1.529462814
4981,0.412756264,2.348021507
4982,0.070719510,2.098628759
4983,-0.637982547,0.100696586
4984,0.864609420,-0.128876999
4985,0.429369152,3.189213276
4986,0.759436905,0.667679667
4987,0.007860721,-1.361581922
4988,0.627476811,-0.418535978
4989,1.259992719,-0.559721529
4990,0.452914298,-2.594971418
4991,-2.659888506,-0.766997874
4992,-1.468105912,-0.723875523
4993,-1.198559523,-0.724109113
4994,-0.302805811,0.572872758
4995,0.802985907,-1.659648180
4996,-0.925280988,-2.031715631
4997,-1.439364910,0.895092130
4998,2.498945475,-1.033661366
4999,-2.297598362,2.071548700
5000,0.140945867,0.156687051
5001,-0.719843328,1.222237706
5002,0.379174411,-0.267589211
5003,-0.797674835,0.559258282
5004,0.492413700,0.055192433
5005,3.504416943,1.932130694
5006,0.042210493,-0.148662627
5007,0.010939671,-1.072681427
5008,2.507506371,0.036063209
5009,-2.779923916,-1.631760716
5010,-0.053080194,0.726767898
5011,0.140786201,0.013239490
5012,-0.244699746,-0.230045453
5013,-1.672624469,-1.122581482
5014,0.282754958,-0.080796175
5015,-0.815440238,1.056608438
5016,-0.037668094,2.244365692
5017,-1.002908707,-0.357299447
5018,-0.231047854,-0.101791218
5019,1.848015666,0.321378291
5020,-0.965635836,0.589004993
5021,0.144429892,1.184509754
5022,-1.129745483,-0.034498267
5023,-0.562263668,0.092136510
5024,1.013120294,0.057404507
5025,1.485134363,-5.175831795
5026,1.307483435,-0.189143717
5027,0.420524120,0.398433149
5028,-1.796753168,0.502346694
5029,0.686193466,-1.707645774
5030,-1.026014209,-0.099403575
5031,1.167135715,-0.106170550
5032,-0.094929747,0.046831984
5033,-0.518871725,1.902450323
5034,0.340050787,-0.151386961
5035,0.056432523,1.092530608
5036,-0.779257417,-0.823378265
5037,-1.461173534,-1.677970886
5038,-0.680855870,-1.150418043
5039,-0.332791895,0.703892827
5040,-1.274107337,-0.150408939
5041,-2.135380983,-0.774984181
5042,0.057114739,-0.154405937
5043,-0.389408171,0.895872295
5044,0.595823169,-1.357859015
5045,0.973729014,1.403435111
5046,-1.304841995,0.367346436
5047,0.188687921,0.166329682
5048,0.341250002,-0.257890999
5049,-0.309320986,0.062618889
5050,-0.190218344,1.142566085
5051,0.164667979,0.602522492
5052,0.234768361,0.054269359
5053,-0.052685577,-1.356390595
5054,-0.141238093,0.012627274
5055,0.225604072,-2.110462904
5056,1.701642632,0.276222110
5057,0.716735482,0.775638521
5058,-0.208386794,1.997221828
5059,-0.758318663,2.662499428
5060,-0.941720247,-0.234833539
5061,-0.075256646,-0.705581546
5062,-1.241927743,-0.876805604
5063,-0.062345717,0.449071050
5064,0.050122716,-0.498335779
5065,-1.727612972,1.406803250
5066,-2.093099356,2.149842024
5067,-0.905706942,-0.685414016
5068,-0.731373787,0.502602577
5069,-0.716720819,0.376335323
5070,-0.564752519,1.183015227
5071,-0.718039334,0.127437860
5072,-0.598645151,-0.040063232
5073,-0.104744531,0.763140559
5074,0.811907649,0.098554991
5075,-0.213047832,0.077136293
5076,0.502126634,0.144632459
5077,-0.769974947,-0.870145738
5078,0.271840781,2.805572033
5079,0.312618136,1.025307655
5080,1.142738223,-0.134572268
5081,0.734876573,-0.203902826
5082,-0.491666585,-2.705666304
5083,2.291646719,-0.621639252
5084,-0.089419708,-0.439364195
5085,2.138449907,0.207589909
5086,0.117817618,-0.347667098
5087,0.100817651,-0.202083811
5088,0.532724321,-1.119026899
5089,1.718341470,-0.759185433
5090,-0.029785456,0.248920441
5091,-0.485287905,-0.161207765
5092,0.644634545,-0.912789345
5093,1.971362472,0.746816099
5094,0.036287297,-0.847991645
5095,0.919018507,-1.632707119
5096,0.767247200,0.176889285
5097,0.428628415,0.238839939
5098,-0.455564588,-0.736781836
5099,-0.192041919,2.472848415
5100,-0.352380335,-0.061714455
5101,-2.050468683,-1.252537489
5102,-0.793696761,2.770694971
5103,-0.997680366,-2.135077953
5104,0.034693778,0.976024091
5105,0.411734104,-0.807556629
5106,1.401673317,-1.340155363
5107,0.513876259,1.027604222
5108,1.610374451,-1.231091619
5109,0.960353374,0.631911337
5110,0.397663474,-2.110834837
5111,0.214622587,1.343448162
5112,0.244388208,0.617469072
5113,0.526438236,-0.169999138
5114,0.365613252,0.092379749
5115,-0.222923487,-0.824784398
5116,0.089417294,-0.200359687
5117,0.304966748,0.189129159
5118,0.812801480,-0.014709093
5119,0.710937083,0.765551925
5120,0.187576175,-0.549929440
5121,-0.978219569,-1.905521989
5122,0.318928957,1.732104778
5123,-0.373978615,0.305286914
5124,0.385185629,0.640026748
5125,1.432452321,0.172557622
5126,0.426405400,0.285654902
5127,1.616654634,-1.967932940
5128,0.780215740,-0.202600017
5129,-0.076338775,0.192859679
5130,-0.247686431,-0.132330000
5131,3.400619984,-0.611787915
5132,1.798841238,1.800902367
5133,0.439673275,0.564537048
5134,0.094672389,1.006001353
5135,1.595170856,-3.292937279
5136,0.317460805,3.959934473
5137,0.517469823,-0.146997139
5138,0.972936153,-0.322152168
5139,1.638135433,0.508206785
5140,2.153091669,1.032229662
5141,0.201761380,-0.311963201
5142,0.363091826,-1.814787984
5143,-1.580114603,0.253349572
5144,-2.471752167,2.553944588
5145,0.521467149,1.721502185
5146,1.335708618,2.044181824
5147,0.530660510,-0.525039315
5148,-1.160218477,-1.894945502
5149,-0.608150363,-0.233713418
5150,-1.526365161,0.693190277
5151,-0.280897737,1.413827538
5152,0.222359627,0.803037286
5153,-3.133341551,0.460978150
5154,1.536041498,0.104148492
5155,0.390572786,-0.302569360
5156,-2.367453814,-1.254066467
5157,0.780878842,-0.797492325
5158,0.406575948,1.821371675
5159,-1.431484461,0.202159509
5160,-0.205688506,0.364122659
5161,-2.079754829,0.770315409
5162,0.223792091,-2.069431305
5163,-1.330466628,1.451363683
5164,0.526646554,-0.880166888
5165,0.130838439,-0.459261239
5166,1.139022112,-0.325221002
5167,0.169474244,0.063161708
5168,-0.104688078,-1.846702814
5169,0.480274767,0.429811448
5170,-0.178304657,-0.238930389
5171,-2.457173347,-0.405104995
5172,-0.083792545,-2.128484249
5173,-0.793307602,1.392394900
5174,-0.349807650,-0.149614349
5175,-1.069288850,0.594560444
5176,-0.761356533,2.230692625
5177,-0.787035346,-0.932541907
5178,-0.204148144,-0.179843292
5179,0.272819698,-0.181604862
5180,2.153380394,0.776721597
5181,0.059235148,-0.243237257
5182,0.252096862,0.304984748
5183,-0.994265437,-0.486968189
5184,0.307291389,-0.101210102
5185,0.303954810,0.219034061
5186,-0.219699740,1.018728614
5187,-1.132188678,2.447629929
5188,-0.296711445,-0.217662066
5189,-0.929682732,-0.633999109
5190,0.421211571,-0.366222650
5191,-0.172230050,1.725064516
5192,0.241791666,-0.148923874
5193,0.218629271,-0.380480796
5194,0.893219173,-2.071448803
5195,-2.993572235,-0.947289407
5196,-0.923852980,-0.529450595
5197,0.938260198,0.170666933
5198,0.603568554,0.046728626
5199,0.387559533,0.156625599
5200,0.300566137,-0.372662365
5201,0.781793237,-0.453423530
5202,-0.065140456,-1.350544214
5203,0.214978009,0.168433696
5204,-0.211809710,0.112504944
5205,0.372789234,0.040825013
5206,0.181204423,-0.085250705
5207,-0.690582454,-1.468188763
5208,1.917297125,-2.160045862
5209,-0.603725016,-1.346709013
5210,1.371427536,0.641335130
5211,-3.044617414,0.723348856
5212,0.879586160,-2.835870981
5213,-1.820285916,0.039206844
5214,-1.358363390,0.504828751
5215,0.553895593,0.326149613
5216,0.947270393,-2.147876024
5217,-0.079194508,-0.142372176
5218,1.686702967,0.316398978
5219,-0.082719639,-0.449803263
5220,0.202079922,-0.159753606
5221,2.109741211,2.119930267
5222,1.428240538,-0.097300299
5223,-0.065817200,1.120606422
5224,-0.210891128,0.211473808
5225,-1.887621760,0.981232882
5226,-0.281563342,1.969884276
5227,-3.216485977,-0.173136666
5228,2.079998016,-0.035374764
5229,-2.430684805,2.629573107
5230,-1.567645550,2.006685972
5231,0.699183702,1.538683057
5232,1.209673524,1.591010213
5233,1.341710091,0.387245089
5234,0.732903421,-1.309756994
5235,-0.835730076,-0.995138705
5236,-1.683352709,-0.682769001
5237,-1.150825977,-0.734220922
5238,-1.546567321,-2.140737057
5239,-2.037721634,0.024051541
5240,-1.178052902,-0.121100999
5241,0.199098691,0.914353132
5242,-1.355079532,-0.290972531
5243,-0.144094825,-0.733387709
5244,0.119496509,-0.230627596
5245,0.500291824,-0.413664758
5246,0.113707937,0.256481051
5247,0.344215512,-0.191595778
5248,-0.836367667,0.157118022
5249,0.036756281,-0.856172621
5250,0.182893068,-1.650905967
5251,0.755048394,0.896635890
5252,0.511532664,-1.006064057
5253,-0.373638302,-0.725490570
5254,-2.150268793,-1.210290074
5255,-0.945989251,0.653215110
5256,-0.523820400,1.117951155
5257,-0.740947962,0.831779838
5258,-3.356965780,0.553803623
5259,1.236150861,-2.331297159
5260,-0.020631818,0.547798932
5261,-0.893057108,-1.811090827
5262,-3.577182770,-0.974199414
5263,-0.219986409,0.010459234
5264,-0.609395146,0.322369218
5265,-0.245531932,0.165407240
5266,-0.278377086,0.729712725
5267,-2.078407049,-0.076503329
5268,0.147861287,-0.210023195
5269,-0.546571374,-0.137383118
5270,-0.988711536,0.401622534
5271,1.368206620,-0.869987488
5272,2.641922235,-1.646498799
5273,-0.060389124,0.181878194
5274,-0.624293327,0.941748917
5275,-1.092580795,-1.761896849
5276,1.093497038,0.250604659
5277,0.750218451,1.756745338
5278,1.640772462,-2.837790489
5279,-0.031881865,-0.214889348
5280,0.031284899,1.323623300
5281,-1.088899851,-0.628056586
5282,0.230926380,0.319851458
5283,-0.048611168,-0.566908419
5284,-0.600126922,-0.215737596
5285,0.105135992,0.364336222
5286,-0.708628654,-0.736495674
5287,0.477720767,-0.820034742
5288,0.369108111,0.994729578
5289,-0.723900378,-1.828348875
5290,-1.532962441,-1.384537101
5291,-0.124080978,0.110074110
5292,0.525301516,0.456285566
5293,0.079633132,1.136217833
5294,1.236274123,-3.200689793
5295,-1.832070827,1.740127563
5296,0.483786732,0.984240353
5297,0.233978987,0.735435307
5298,-1.777914286,0.774585187
5299,1.355604529,-1.255668998
5300,0.711743474,-0.154403567
5301,-0.129665777,-0.181760669
5302,-1.519260287,4.093098640
5303,-0.115911357,-0.084663242
5304,1.349046230,1.434481978
5305,-0.701384425,-1.124591708
5306,-0.803117037,1.087166786
5307,-4.185246468,-1.206362724
5308,-2.317528725,0.596139431
5309,-0.851547956,-0.622811198
5310,0.052357320,-0.870642602
5311,2.597221613,2.714822292
5312,0.495112777,-1.014941454
5313,-0.477109700,0.630432606
5314,0.157099605,-0.224712625
5315,-1.633069754,-1.303771257
5316,0.928860188,1.656639695
5317,1.174019217,0.491877437
5318,-0.837296903,-0.953898072
5319,-1.949111581,1.551253915
5320,-0.633749068,-0.323088974
5321,-1.991051555,-2.950883389
5322,0.510946095,-0.114510335
5323,-0.625967622,2.112034082
5324,0.905232012,-0.758013248
5325,-0.850510061,1.858337402
5326,-0.381633878,0.094095379
5327,-1.653488278,-0.250520051
5328,-2.886457205,-0.690269947
5329,-1.312901974,2.753116846
5330,-1.692422986,0.084504262
5331,-1.459771991,0.192252561
5332,-2.025660992,1.237077832
5333,0.904460490,-1.660559058
5334,0.552562594,-0.432640135
5335,0.042987309,0.385542631
5336,-0.346526831,-1.238930583
5337,-0.510953665,0.257626891
5338,0.519807637,0.053870607
5339,0.517327845,-0.015672928
5340,0.566652894,0.861601651
5341,-0.825672567,1.780625105
5342,1.694718719,-1.047197104
5343,-0.496395469,-0.735462129
5344,-0.732009530,-0.904111266
5345,-1.076300144,-2.678373575
5346,0.892956495,0.693462014
5347,-0.728107154,-0.696137607
5348,0.556338191,1.239691257
5349,-0.463726729,-0.928094864
5350,-1.527678728,0.610440075
5351,0.746586263,-1.431311488
5352,-0.096466839,-0.194022357
5353,-0.032824676,0.415213674
5354,0.225331724,0.128965139
5355,0.941832960,0.747123837
5356,0.295804173,0.043050166
5357,-1.873249888,0.588369846
5358,-0.742378533,-0.844506800
5359,-0.275876433,-0.444545150
5360,-0.054868791,0.321273476
5361,0.776720524,-1.346441269
5362,-1.262111545,1.313494086
5363,-0.828072488,1.828088284
5364,-1.023529410,-0.549785495
5365,0.548677385,0.562407613
5366,0.911293805,2.406654119
5367,1.138880730,-0.458219588
5368,-0.683772385,-0.597414017
5369,0.998220801,-1.288638949
5370,0.443038106,-0.383283347
5371,1.099015832,-0.712387502
5372,0.240364209,0.751763701
5373,2.798174381,3.334276676
5374,0.465747625,0.203001142
5375,-0.249222487,0.209074795
5376,-1.976813555,-0.332798094
5377,1.015929818,-1.761850595
5378,-0.320048571,-0.332480103
5379,2.678892374,2.296736240
5380,2.034759521,2.338301659
5381,-0.674907804,-0.445253611
5382,0.650288284,-0.941388190
5383,0.361528724,0.074292205
5384,-0.720680058,-0.845933557
5385,-0.249010295,-0.145936817
5386,0.206455320,-0.150684983
5387,-0.228694350,-0.129161760
5388,0.861579597,-2.248701572
5389,1.715672374,0.177640751
5390,-0.352560490,-2.069102526
5391,-0.078472637,0.536978781
5392,-0.131799489,-1.667958140
5393,-2.033868790,-1.383023381
5394,-0.480319142,-0.974526048
5395,0.450794190,-0.038952995
5396,-0.680531740,-1.778965712
5397,0.448885888,-0.263260365
5398,0.706419051,-1.379818439
5399,1.620003819,1.467605472
5400,1.248350501,-1.001275063
5401,-0.525136888,0.340519816
5402,0.298036098,0.386899620
5403,-0.703771889,0.598812938
5404,0.928932071,-0.178283066
5405,0.268444240,0.066546619
5406,0.042339012,-0.460571766
5407,-0.197354227,-0.270093620
5408,0.442291081,0.549724221
5409,-0.503218114,-0.945955932
5410,1.899318337,-0.239452139
5411,1.984604597,-0.172194809
5412,1.070707440,-1.972135663
5413,0.658607423,-0.711540103
5414,0.384164631,0.897687137
5415,1.600211859,-1.151920199
5416,0.799636602,0.683204234
5417,0.773147762,-0.502831936
5418,-1.144759655,0.087149784
5419,-0.748532295,0.028492864
5420,-1.138485670,-0.971151650
5421,-0.966771424,-0.417222500
5422,0.259629697,0.302202433
5423,0.068499520,0.159837604
5424,-0.069242924,0.459417969
5425,0.263191015,-3.530825853
5426,-0.147108868,-0.991933703
5427,-0.105940096,-0.624590933
5428,-0.637775123,-1.856310844
5429,-0.572570503,-1.422564268
5430,-1.324237227,-0.567256987
5431,1.129968047,-0.765522361
5432,0.221451119,0.335018784
5433,1.049312949,-0.121839456
5434,2.705047131,0.999817789
5435,-0.552547276,-2.022390366
5436,0.649276137,1.846685648
5437,-0.934310317,1.568540215
5438,-1.389214754,1.803574204
5439,-1.103167892,0.000578909
5440,0.659825146,-0.920047045
5441,-1.042759299,0.431027442
5442,1.146619320,0.424577326
5443,0.274935812,1.931196928
5444,-1.865452766,-0.232366726
5445,0.418930590,0.734725952
5446,1.589091659,-1.804434419
5447,0.324190438,-0.403159946
5448,0.929666996,0.443993837
5449,1.731339574,-0.888806343
5450,-0.845220208,1.901254535
5451,0.593865097,-1.367528677
5452,1.022040963,0.857565105
5453,0.611993670,0.086495765
5454,-0.567100942,-0.169580773
5455,-0.163513839,-1.002969742
5456,-0.666758895,0.171421647
5457,-0.490497500,0.208897009
5458,-1.027283907,-2.202921391
5459,0.090724185,0.124502771
5460,-0.476804256,-1.594138861
5461,0.057768773,-0.194673285
5462,-2.261162043,1.616222501
5463,-2.086457968,2.434011936
5464,-0.005141787,1.120103836
5465,0.116806567,-1.438285351
5466,1.519507051,0.408912480
5467,0.258379459,0.303981096
5468,0.091883436,0.828354418
5469,-0.701858103,0.973632455
5470,1.302056551,-1.881346941
5471,-2.105936527,1.262926459
5472,-1.845132828,-1.790182948
5473,0.911942661,-1.365826964
5474,1.889516592,0.357014984
5475,2.595387936,0.085629337
5476,-0.659343362,1.599043965
5477,-0.758937120,-0.436755687
5478,0.660298586,0.158262789
5479,-1.582819104,0.661775768
5480,-0.944439650,0.654255152
5481,-0.285396963,-0.874513090
5482,-0.347809076,1.912507296
5483,0.720685244,-2.256731272
5484,2.041047812,1.014747977
5485,0.375519931,0.718101263
5486,1.056294203,0.789296567
5487,1.614199638,-0.916968822
5488,-2.183240891,0.869744837
5489,0.202858239,0.103681520
5490,-0.479885548,0.661613822
5491,-0.004415930,-0.183977380
5492,-1.120818973,-2.310927868
5493,0.122739971,-0.230791926
5494,0.459885716,0.246726125
5495,-0.500408947,0.158605680
5496,0.124662988,-1.001860976
5497,-0.008309185,0.926145673
5498,-0.120510519,-0.146794647
5499,2.361938477,-2.285594463
5500,-1.094367146,0.709932029
5501,0.339348078,0.923823178
5502,-0.489110529,0.384722590
5503,0.435516924,1.830709338
5504,-1.009638906,0.149288893
5505,-0.097107358,0.720443845
5506,-0.330706626,-0.739592433
5507,-1.158887029,-0.298440218
5508,-1.358959317,-1.720636487
5509,-0.023277897,-0.002952091
5510,-0.822925091,-0.407338411
5511,0.540529191,0.703907669
5512,0.996764541,-0.197106987
5513,1.284555197,-2.040438175
5514,0.234306589,0.217662781
5515,1.017150998,0.411223739
5516,0.744218409,-1.027383804
5517,-0.642965138,0.851331055
5518,-0.236596033,0.034983885
5519,-3.650941610,-0.221569225
5520,1.328322887,-0.826221406
5521,-1.201883793,-2.156925678
5522,-0.109007828,0.231358647
5523,-0.699662328,0.638849318
5524,0.281560004,0.070294082
5525,0.177597389,-0.115394503
5526,-0.859745026,0.419049114
5527,-0.746392310,1.112123728
5528,1.088547230,1.334055662
5529,0.069244333,-1.055259347
5530,0.327345103,1.396060228
5531,-0.277934998,-0.359233886
5532,-0.515316963,2.319334984
5533,1.309749007,0.017987857
5534,-1.240547657,-0.475472361
5535,-2.291285992,-0.620387554
5536,2.323104382,0.489820749
5537,0.426401615,0.730526447
5538,-0.120826364,0.527349532
5539,2.972053051,-0.748091877
5540,-0.699472845,1.463353038
5541,0.010067020,-0.399325609
5542,0.033497486,-2.161439896
5543,-1.975901961,-0.465504110
5544,0.060189553,0.525057256
5545,0.641967058,-0.516893089
5546,-2.017659187,-0.048611023
5547,0.202024326,-0.156668931
5548,0.218074664,0.399477988
5549,-0.305654824,0.166802883
5550,0.258934498,0.068333186
5551,-1.895063400,0.679980457
5552,2.200035095,-1.526943207
5553,5.074394703,0.638862193
5554,0.545305133,3.035140038
5555,-1.323645592,0.626041412
5556,-0.902131438,1.094442606
5557,-2.544419289,-0.020016508
5558,-0.472504914,0.711633563
5559,0.022214543,0.326552600
5560,1.106678486,-0.808101237
5561,0.059418522,-0.391097277
5562,0.267382085,2.493198395
5563,1.336504340,0.698356807
5564,-0.127150476,1.437558413
5565,-2.058913469,-0.755060077
5566,-0.429371387,-0.054507673
5567,0.258538514,0.443604171
5568,-0.110551506,0.414342374
5569,-0.147104800,0.025484933
5570,0.440250158,0.383499354
5571,-0.362533540,0.547498107
5572,0.308045059,-0.406672299
5573,0.159786969,0.476132512
5574,1.489010334,1.153799295
5575,-1.246373415,-0.556241691
5576,-0.363608778,1.298925877
5577,0.320141017,0.113946036
5578,-1.047943950,-1.680477858
5579,0.077896215,-1.551322937
5580,0.199588582,1.044260621
5581,0.041078586,0.197734207
5582,-2.027050972,0.943777740
5583,-0.654063046,0.325552851
5584,1.636363745,-0.868469059
5585,0.469949007,0.422465026
5586,1.485293150,-0.960300684
5587,-1.485349655,0.007309003
5588,0.343434811,-0.707333326
5589,-0.740590751,-2.578068495
5590,-2.841547251,-0.557520807
5591,0.049356166,-0.401841462
5592,-1.350036263,1.420651555
5593,0.731945395,2.011726618
5594,-1.387643695,0.101384155
5595,-0.103796482,0.845877826
5596,-0.610337377,1.502907038
5597,-0.556097388,1.186295867
5598,-0.229755268,2.315481663
5599,0.515111089,1.091213584
5600,0.213112131,0.145049527
5601,-2.200848579,0.781350672
5602,0.886086106,-1.891790748
5603,0.215684757,-0.344401568
5604,-0.974218607,-0.442957819
5605,1.231867313,0.023871476
5606,-1.618182063,0.918702781
5607,0.583807170,0.176167846
5608,-0.132776052,-0.155184209
5609,-0.910085678,-1.176848054
5610,2.939164400,-1.374465704
5611,-0.360460550,1.728232622
5612,-0.322079837,-0.619836569
5613,-0.006853262,0.328307569
5614,-0.419103861,0.218918577
5615,-0.033322297,-0.678981483
5616,-0.275390446,0.588705838
5617,-0.498710454,0.099985428
5618,-1.211571932,-0.196619064
5619,1.544179559,-3.082173109
5620,-0.091218092,-1.226138949
5621,-0.763177216,0.062558852
5622,0.156927183,1.038173914
5623,-0.309261918,-0.544150174
5624,0.259390861,0.289269686
5625,1.488153934,-0.986568630
5626,2.823172331,3.962730885
5627,-0.241593316,-1.455563068
5628,0.003326153,-0.418132782
5629,2.143800497,-0.496954322
5630,1.198134661,-0.815960407
5631,-0.570946991,-1.665144563
5632,0.355273306,-2.453046322
5633,-2.551055908,0.808663905
5634,0.518895268,2.091700315
5635,-0.072453670,1.065111995
5636,1.033128619,-0.336503208
5637,0.228151485,-0.381446242
5638,1.441235542,-1.085416675
5639,2.179026365,0.762952089
5640,1.011109710,1.007301807
5641,0.204225168,-0.996784866
5642,-0.168910637,0.798003912
5643,2.008943558,1.353613615
5644,0.083047502,-0.096565299
5645,-0.932937026,-2.031030655
5646,1.198327780,-1.570426822
5647,-0.115667753,0.591995478
5648,-0.905197024,0.091948211
5649,0.138793528,0.017219352
5650,-0.130337700,-1.356893301
5651,-0.599999607,0.931921661
5652,0.244785681,-0.054425605
5653,0.655293643,-0.052042071
5654,0.977941990,0.553466141
5655,-1.317953229,-1.024120927
5656,-1.008701682,-0.669007540
5657,-0.228144005,0.460202456
5658,-1.009402514,-0.256262839
5659,-0.663875103,-1.854515314
5660,0.287596941,0.970049620
5661,-0.949241281,1.151688337
5662,-0.147831574,0.151853547
5663,-0.641885579,-0.615867317
5664,1.071787119,-0.191346467
5665,2.474623442,-0.213960230
5666,-0.009007161,-0.315774739
5667,-1.933775067,0.828028083
5668,-0.379009902,0.473675042
5669,-0.633686185,-0.625549138
5670,-0.376659304,0.312434435
5671,0.167392582,-0.056585353
5672,-0.497879982,1.069390416
5673,0.589413524,-0.300083101
5674,-1.455331445,-0.341769278
5675,-1.361687183,-1.113047719
5676,-0.485797077,0.640654683
5677,-0.013901895,1.614424348
5678,0.165945768,0.127334625
5679,0.339289188,0.396946758
5680,0.329613954,0.474368006
5681,-0.479697526,2.140775919
5682,1.574597478,-1.941668391
5683,0.292728603,2.230528593
5684,0.007734956,-0.703812003
5685,-0.958852887,0.227766261
5686,-1.777579665,-2.126029253
5687,0.925714672,2.042459726
5688,0.270294368,-0.902593851
5689,-0.115257457,1.085500598
5690,0.024597116,-1.165610075
5691,-2.639624596,-0.419987917
5692,-0.269937128,0.858819366
5693,-1.876689196,-1.823550820
5694,0.929194212,0.840632677
5695,0.258466065,0.808430135
5696,-0.896802127,-2.884458065
5697,-0.313244939,-0.841386259
5698,1.697959423,1.110146880
5699,-0.253101498,-0.259059876
5700,0.459211022,0.383916080
5701,-0.087698527,-1.671985269
5702,-0.648623705,-0.150896922
5703,0.665172517,-0.716016591
5704,-0.790766299,-0.440758675
5705,3.221674442,-0.475707561
5706,-1.538014770,-0.342567891
5707,0.257469893,-0.323504150
5708,-0.415120423,1.187328339
5709,0.288692206,-0.093367971
5710,1.840635896,-1.320690036
5711,-0.111501567,1.788243413
5712,1.046336174,-0.407355905
5713,-0.730871797,-0.334011823
5714,0.211493790,0.226514801
5715,0.122670084,0.340190738
5716,-0.594847143,0.564048886
5717,-0.751650512,0.362957805
5718,-1.294884443,1.527588010
5719,-1.127364874,1.252739191
5720,0.324743301,-0.111096449
5721,0.765493989,-1.372989178
5722,0.439818531,-0.052954346
5723,0.895910025,-0.799169242
5724,-0.683432519,-0.008266600
5725,-0.975494504,2.569169521
5726,-1.235464215,-0.155064493
5727,-0.088629000,0.339454085
5728,-0.106049597,0.086932063
5729,1.970695853,-0.166852221
5730,0.480552703,0.008117760
5731,3.890443563,1.157994509
5732,-0.716855168,0.050361402
5733,0.967443526,0.331522584
5734,-0.064936079,0.380655199
5735,-0.717077196,0.323983401
5736,-0.632116556,1.009210587
5737,-1.160657287,-0.555074394
5738,0.044805348,0.324104279
5739,1.644256949,0.195715681
5740,0.256702691,0.327717155
5741,0.804112852,-1.692570806
5742,0.354306489,-0.090792745
5743,0.502620220,0.157879815
5744,0.752848625,-0.549784720
5745,0.051818885,0.250669509
5746,-2.869856358,1.389022708
5747,0.913417697,0.436442375
5748,0.046387255,0.752246141
5749,-0.159306258,-1.221102476
5750,2.008364201,-0.054389864
5751,0.174179003,-0.009454613
5752,-1.246248603,1.856129766
5753,1.017221808,1.248108029
5754,0.531485856,2.728603125
5755,-2.412208319,1.362087131
5756,1.257852197,-0.297219545
5757,-0.671888113,-1.044476271
5758,-1.104162931,-1.290189624
5759,0.710662246,0.764610827
5760,2.330978394,-0.395254701
5761,-0.634715796,-1.596775770
5762,-1.462411165,-0.804599047
5763,0.848450303,-0.575306714
5764,0.006161524,-1.441414475
5765,-0.308530629,1.431980014
5766,-1.457707167,0.506050766
5767,0.021662146,0.146654725
5768,2.053212643,0.120229371
5769,0.474457175,1.037006140
5770,-3.259394169,0.174474701
5771,0.429220617,-0.066387862
5772,-0.343434453,-0.469641626
5773,-1.921898246,0.166470557
5774,-0.408900917,1.718606710
5775,-1.182013631,2.397456169
5776,-1.473497272,-1.088033676
5777,2.727952480,1.681728005
5778,-2.831802845,0.913001835
5779,2.885083675,0.604138076
5780,-0.373295218,-0.064258568
5781,-1.899672389,0.861992717
5782,0.609216392,0.029120082
5783,1.340173483,-0.029365700
5784,-3.029381275,3.558913708
5785,-1.107606649,1.726678967
5786,-0.853201330,4.055621624
5787,1.868719220,1.443836927
5788,-1.452069879,-3.367431402
5789,0.302618593,0.234104365
5790,0.093761384,0.738116145
5791,-0.535991430,-0.464195848
5792,0.399615467,0.255758941
5793,1.560061097,-0.304635614
5794,0.510798156,-0.264081955
5795,-0.627534807,0.392205864
5796,0.650781512,0.553484142
5797,-0.252282679,-2.788762569
5798,3.156076431,-0.897969127
5799,0.210122004,0.398616225
5800,-3.240488291,-0.411124885
5801,-1.162147880,1.054997921
5802,0.213997811,-1.115423203
5803,0.075602844,0.674351215
5804,0.090155989,-0.776360154
5805,0.670395970,-1.894088984
5806,-1.282559752,-0.730946898
5807,-0.593082368,-0.962003887
5808,1.453078508,0.044259727
5809,0.621630132,0.791713119
5810,-0.805990338,-2.306338787
5811,0.826695323,1.907690883
5812,-0.416162044,1.077201843
5813,0.066087209,0.373269826
5814,-1.378035069,-1.677337646
5815,-0.876934230,0.555420160
5816,0.018176386,2.072348356
5817,-1.679908872,-0.692414939
5818,1.855944157,0.255518109
5819,-3.675762415,-0.371238440
5820,2.213805914,0.112613082
5821,1.735303998,0.671673357
5822,2.082821131,1.161494493
5823,0.297463268,0.054811064
5824,0.084548570,-3.060424805
5825,0.885990918,-0.446891248
5826,1.050361872,0.006287451
5827,0.466024429,1.030725837
5828,-0.123168029,-1.061537266
5829,-0.992436409,-0.670127571
5830,0.003060335,-0.331266254
5831,1.411881685,0.906538785
5832,-1.015761375,-0.165839612
5833,-2.446458101,0.290492833
5834,0.447295755,0.374059737
5835,-1.276161909,-1.331923485
5836,-0.322914064,-3.703306437
5837,-1.601047039,-0.366586953
5838,1.577421904,-1.020353794
5839,0.626684368,-2.028636694
5840,-0.543186724,0.375789285
5841,2.729710102,-1.933001041
5842,-0.183704868,-0.115160674
5843,-1.289365530,-0.680035770
5844,-0.018716959,-1.392590165
5845,-1.577128053,1.251027584
5846,-0.103068866,1.258098364
5847,1.058167100,-0.363848269
5848,2.020506382,-0.957550824
5849,-0.116481952,-1.496385455
5850,-1.518975616,-0.846665204
5851,0.261087865,0.057708517
5852,-2.421782732,-2.667517662
5853,1.059846282,-0.362884611
5854,-0.223958865,1.581357241
5855,-0.298578262,0.097174183
5856,0.266431063,-0.298650503
5857,0.890140533,0.254965901
5858,0.102909409,-0.392566890
5859,-1.479853630,-0.729919016
5860,0.304898769,-0.088625662
5861,1.374364972,0.587849677
5862,-0.067592718,0.310639411
5863,-0.144595832,-0.185037300
5864,-2.393991947,-1.061784387
5865,0.033841632,-1.413319826
5866,0.139989391,1.103977919
5867,-0.362300128,-0.894391477
5868,0.490161091,-1.551958442
5869,0.298959970,-0.380138755
5870,2.765842199,1.999352336
5871,-0.355851978,0.203515455
5872,0.617409647,1.214032292
5873,-2.290312052,1.026425362
5874,-0.919956207,1.071050048
5875,-0.356316477,-0.445299625
5876,0.281900376,0.294900328
5877,1.915487528,0.687952697
5878,-1.108596325,0.779964685
5879,-0.393682718,0.435645938
5880,2.278505325,-0.450211823
5881,0.089763828,1.463151813
5882,0.637243807,-0.027883617
5883,-0.179605708,-2.476243258
5884,-2.470953941,1.108193994
5885,-0.553750336,-0.079231761
5886,0.639749229,-1.199003696
5887,0.123974547,2.126270056
5888,0.008028734,0.035700299
5889,0.063836202,0.366253227
5890,-0.067087702,1.245423675
5891,0.531225622,-0.631861448
5892,-0.368315548,0.130908892
5893,-1.595278382,-1.376682758
5894,-1.397076607,-1.222145319
5895,-0.444069982,2.506631136
5896,-0.046453219,-1.105484486
5897,-0.983495295,-0.086718410
5898,0.090602197,-0.050635338
5899,1.487295508,-0.175642386
5900,0.703295887,0.245483115
5901,1.511338234,0.570198178
5902,0.301716000,-0.447046429
5903,0.166481331,0.091928147
5904,0.361580282,-0.740418375
5905,0.787491322,0.190820143
5906,-1.964205384,-0.189339682
5907,0.582493603,-1.845997453
5908,-0.382421970,3.007077456
5909,-0.076897956,1.172836900
5910,-0.132242173,0.338516712
5911,-1.362628698,-2.033630610
5912,-0.151756734,-0.083877273
5913,0.574680567,0.608260572
5914,-0.963560820,-0.499272823
5915,-0.189240992,1.078473568
5916,-0.669094741,-0.356402367
5917,-1.033272266,1.681708097
5918,-1.824660301,1.034543514
5919,0.739758432,0.434090912
5920,-1.854751110,1.100119591
5921,0.026025606,-0.330768675
5922,-1.138822198,-1.553905964
5923,0.087437496,-0.273374707
5924,0.484986365,-0.610114574
5925,-0.398606688,2.894979954
5926,-0.029913977,0.897795737
5927,-0.582935870,1.694185972
5928,0.531759918,0.091237962
5929,1.228556871,-1.609248877
5930,0.173033282,-0.648011506
5931,0.320492417,0.316314608
5932,-0.964898527,-0.682988942
5933,0.540713251,3.872417212
5934,1.597914100,0.388203263
5935,0.575898170,-0.983334124
5936,1.695058942,1.219203949
5937,0.630851090,0.014059020
5938,-0.644215822,-1.385775447
5939,-0.375144213,1.323687792
5940,0.505373001,0.652108908
5941,0.258106053,-0.401676297
5942,1.117444396,0.325519055
5943,0.959448755,2.020583391
5944,-1.442407012,-2.050962687
5945,0.537080288,1.064594746
5946,1.193542480,-0.005774039
5947,1.884499788,-0.168110996
5948,0.650971830,-0.497749865
5949,-0.003714756,-1.466668129
5950,1.836042166,-1.403087497
5951,0.494934678,-1.207758188
5952,-0.433167547,-0.428971112
5953,-0.146049574,0.275312513
5954,-0.261961639,-0.289505780
5955,-0.125119939,0.765970290
5956,-2.502207756,2.010151148
5957,1.898499131,-1.752356648
5958,0.021460800,-0.289919704
5959,-3.002899647,-3.243174076
5960,0.117654808,-0.116715558
5961,0.259376138,-1.513237238
5962,-0.354809105,0.749332249
5963,0.558866680,-1.312193394
5964,-0.453923881,-1.118446112
5965,0.269107789,-2.609425306
5966,-0.361582011,-0.012702734
5967,0.416461557,-0.988351583
5968,-0.259552032,2.439694405
5969,0.037938133,-0.151935235
5970,0.244545877,-1.440541267
5971,-3.954558611,-1.868753433
5972,-0.274492085,0.060642805
5973,-2.016290188,0.660832882
5974,1.177208185,1.812037349
5975,2.887135983,-0.546294391
5976,0.650947213,0.203707397
5977,0.105985492,0.734362721
5978,-0.682837307,-0.042963803
5979,0.050804529,-0.351235896
5980,-0.341992140,-0.203238323
5981,0.540466905,-0.261428475
5982,-0.105300851,1.127380729
5983,0.251771390,0.156703547
5984,-0.376846313,-0.070587181
5985,-1.778896093,1.190758109
5986,-0.325523436,0.324435174
5987,0.120288387,1.067080021
5988,1.573858261,-1.700201869
5989,0.447874874,-1.622325063
5990,-0.154058948,-1.136674047
5991,-0.063711591,-2.303494692
5992,2.599267483,2.000626802
5993,0.755304575,-3.138295412
5994,0.019521128,-3.387597322
5995,0.860524535,0.562867820
5996,0.868792534,-0.018190200
5997,0.737417281,-1.031130791
5998,-0.350980610,0.273600131
5999,0.042447820,-0.233870044
6000,-0.606532276,-1.293437243
6001,-0.101489976,1.245330811
6002,-0.667214453,0.458864361
6003,-1.518154025,0.964564145
6004,-0.114110008,-0.221826196
6005,-0.115235381,-0.111223571
6006,0.158752516,1.890820503
6007,-0.153392807,0.188261762
6008,-0.249158949,1.565479517
6009,-0.047603708,0.229196846
6010,0.113823406,0.002753626
6011,0.203096107,-0.462877572
6012,0.277833402,0.003300769
6013,2.280580997,2.982225895
6014,0.516185522,2.527883053
6015,0.480603606,-0.631586730
6016,-0.175460950,1.009148955
6017,-0.013567477,-1.108550549
6018,-0.694576263,0.427503645
6019,-0.289567918,0.134207457
6020,-0.841905713,0.705866754
6021,1.740883350,2.340915442
6022,-1.693617344,3.497185230
6023,1.962003350,-0.310196936
6024,-0.077453293,-2.546316862
6025,-1.361602426,0.908354104
6026,-0.262088776,-0.009884975
6027,-0.539020956,0.534032881
6028,-0.687753856,-0.362095892
6029,-1.942916751,-1.852408290
6030,-0.072465025,1.658686280
6031,0.052705389,-0.563264787
6032,0.273679644,-2.343138456
6033,-1.560328841,-1.193204761
6034,0.116516523,-0.326818228
6035,-0.947481096,0.560041249
6036,-0.423147470,0.006779574
6037,0.783803105,-0.699886203
6038,1.002690434,0.264514834
6039,0.128397107,0.489202350
6040,0.898810923,-0.320139199
6041,0.132290453,0.710717022
6042,-0.482325196,-0.116633549
6043,1.683888793,1.967214346
6044,0.043292277,2.123215675
6045,1.501162171,-0.103641175
6046,-2.465577126,-0.646328926
6047,0.907368362,1.081237912
6048,-0.578705907,0.108102895
6049,-0.203307554,0.104352497
6050,-1.936018705,-0.563972056
6051,0.458165467,-0.679771364
6052,0.149404883,4.412755966
6053,-0.163963690,-1.152712107
6054,0.440730870,-0.243887156
6055,0.090847373,0.902078748
6056,1.001582265,-0.907304943
6057,-0.120548084,-1.912634015
6058,1.061233640,-1.047736168
6059,-0.259974629,0.132123083
6060,-0.313554734,1.233971119
6061,0.095222071,0.231691375
6062,1.135743260,-2.497097731
6063,-1.461707354,1.240816236
6064,-2.513481140,-2.208047867
6065,-0.260433197,0.001242682
6066,2.769964218,-0.314712644
6067,0.895982504,-1.518580317
6068,0.296033055,1.819262266
6069,1.801959872,1.356227517
6070,-0.106973961,0.401795149
6071,1.341654301,0.570289373
6072,0.353049785,-1.854322672
6073,2.008422136,0.008762331
6074,2.185501814,0.410266578
6075,1.293167830,-0.486691713
6076,-0.859240234,0.660096765
6077,0.132572502,-0.207368687
6078,2.127240181,1.433267474
6079,2.061406374,0.238097176
6080,1.746789336,-1.906362653
6081,0.596340001,0.078631997
6082,0.581200898,1.660350084
6083,-0.229802534,-0.579093695
6084,-0.044022091,0.346476406
6085,0.183004916,-0.114886194
6086,-0.779965520,0.461975068
6087,-0.695656776,-1.851629734
6088,-1.277263641,0.140608728
6089,0.681396365,0.974204421
6090,1.566539407,0.493545949
6091,1.058143854,0.438276023
6092,-0.562734425,1.008330345
6093,0.364823669,0.980862856
6094,1.480679274,1.367000461
6095,1.609506607,0.220772326
6096,-0.881858647,1.323877811
6097,-0.031646825,-0.474414766
6098,0.484646380,-0.526166379
6099,-1.155465722,-2.015136242
6100,1.385082364,1.175038815
6101,-0.118470132,-0.239419669
6102,0.113573276,0.153001651
6103,-0.253544360,-0.091428235
6104,0.490467578,0.669843316
6105,1.538494945,0.287382841
6106,2.216755867,-2.494988203
6107,2.249246120,-0.220237836
6108,0.214892477,1.459486246
6109,0.224108145,-1.688635349
6110,-0.789765298,-0.440800905
6111,-1.822114944,0.282257229
6112,-0.368003964,-0.715983510
6113,1.174847484,1.786876440
6114,0.085857891,0.247038811
6115,1.237939954,2.401570797
6116,-0.768296242,0.446667582
6117,-0.938963473,-2.922227383
6118,0.428346366,0.372317553
6119,-0.292901427,-2.519487143
6120,1.165198922,2.925906420
6121,-1.748999357,0.050990097
6122,0.230210111,0.336596131
6123,-1.513628602,0.125564873
6124,-0.503345132,0.629060924
6125,-0.519298077,1.217682481
6126,0.075212300,0.420517743
6127,-1.602952838,2.811881304
6128,-2.913176060,-1.909598470
6129,-1.300628424,-1.136664510
6130,-0.608700633,2.588401318
6131,2.113370657,-0.500501513
6132,0.653057337,-1.207960010
6133,1.520010114,-0.255252153
6134,-2.361416101,-1.630566001
6135,3.344360590,3.120711565
6136,-0.560105979,0.220882341
6137,2.259332180,-1.644304156
6138,-0.187488541,-0.618508399
6139,-0.804215014,-0.243491352
6140,0.337160736,-0.329972237
6141,-0.029414050,-0.180313557
6142,-0.535363317,1.844003201
6143,-0.033124570,0.354191333
6144,-0.574392438,1.211555600
6145,1.871559620,-0.004984963
6146,-1.232405901,2.414414406
6147,-1.709325433,0.448984087
6148,0.691785276,1.977589965
6149,0.545844018,0.697976053
6150,0.837127209,0.028750574
6151,1.625091791,-1.454644561
6152,0.358526200,-1.251397133
6153,1.642959833,0.330228984
6154,-1.665302157,0.276343673
6155,-0.416818917,-0.965955913
6156,0.322212845,-0.530023098
6157,0.885163188,-0.738021553
6158,0.961711764,-0.087542623
6159,-0.211200386,0.921357989
6160,-0.112290002,-1.061543822
6161,-0.754124999,0.976945341
6162,-2.461030483,0.413853139
6163,-0.051695958,-2.732329845
6164,0.394018829,0.349725962
6165,-1.628455400,0.337131351
6166,-0.141854316,-1.715504885
6167,-2.160950422,-2.450969934
6168,-0.900928259,-0.654882133
6169,-4.286165714,-0.110881217
6170,-0.801344573,0.964462817
6171,0.300930053,-0.308143169
6172,-1.065220118,-0.826781154
6173,-1.870669246,-0.900228918
6174,-2.672244549,1.984953284
6175,0.476548910,0.891404986
6176,-0.104091294,-0.180621892
6177,2.315851927,-0.430433720
6178,0.723330379,0.244708866
6179,1.541807413,-0.000184171
6180,2.344206333,-0.405777842
6181,-1.189391136,3.226582050
6182,0.633304417,2.646882534
6183,1.218123198,-0.456509560
6184,-0.052912761,0.224099040
6185,-1.176381946,0.512525380
6186,0.994475663,0.438087523
6187,0.053784352,0.732259512
6188,0.522964656,-0.638188362
6189,0.225535184,-0.019993270
6190,-0.092701636,0.207302079
6191,-0.208424792,0.081493899
6192,-1.203179002,-1.451403618
6193,0.459445089,-0.697070122
6194,0.612395406,0.822739542
6195,1.299430847,0.027813464
6196,-0.852119029,0.131095245
6197,-0.585855603,0.269522071
6198,-0.292699665,-0.106957346
6199,1.491343021,-0.751283288
6200,2.430532217,-0.390360206
6201,-0.040560383,0.619911969
6202,-0.032907791,0.533280075
6203,-1.715610743,-1.298525453
6204,-1.714726329,-1.146872401
6205,3.049024105,-0.165100455
6206,1.309251189,-0.288809299
6207,1.116435289,-0.118053101
6208,0.184501544,-0.217476800
6209,0.485062420,1.042689204
6210,0.130657479,1.828144073
6211,-1.427370310,0.402249426
6212,1.636009336,-1.785779953
6213,0.546923697,2.374018192
6214,-3.323014021,0.273375988
6215,1.898564696,-0.989793420
6216,-0.690348089,-0.668978631
6217,-0.078083366,-0.082600422
6218,-1.826710701,1.323309064
6219,0.264415234,-0.284119129
6220,0.445554465,-2.419354677
6221,-0.081555597,-0.346557021
6222,-0.057434119,-0.770285487
6223,-0.271714628,0.608961165
6224,2.135397911,-1.490929008
6225,0.311919063,-3.192328930
6226,0.100082897,-1.475451231
6227,0.403306872,0.889730275
6228,4.299140453,-1.304028988
6229,-0.549686909,1.264409781
6230,0.195488259,3.654952526
6231,-1.087995887,-2.899640799
6232,-0.357928634,0.322799891
6233,-2.252070427,-0.987852395
6234,0.632090569,1.005836368
6235,0.291199535,0.343258649
6236,0.654916227,-3.278956890
6237,-0.534395576,2.294833183
6238,0.797524929,0.424982876
6239,-0.152462691,-0.235966399
6240,0.811159015,-0.526353836
6241,0.252541304,-0.084663928
6242,-1.350351572,-0.045697656
6243,0.273644716,-0.749638379
6244,0.532659113,-0.294830620
6245,2.514957905,-0.475814968
6246,-1.050414085,-0.113791630
6247,-0.357049942,0.924973905
6248,3.071624279,0.922468603
6249,1.068180323,1.045831919
6250,0.325056374,0.600810230
6251,0.705484033,1.435410261
6252,-0.206611350,0.550294399
6253,-1.029099584,-0.393931627
6254,1.794404149,1.666106820
6255,0.327338934,0.445607245
6256,-0.602736831,-0.610048473
6257,-0.179077223,-1.103520155
6258,-0.186479956,3.067003250
6259,0.263510764,0.438801080
6260,-0.331817836,1.134301543
6261,0.043434218,-0.228753984
6262,0.018879248,-0.756947577
6263,-0.584212601,-0.293643922
6264,0.263558686,0.177987695
6265,-0.617565751,0.782530427
6266,-1.205621123,-0.106061153
6267,-2.901582718,-0.422508538
6268,3.723712921,1.362316847
6269,-0.587251604,-0.895560920
6270,0.877795935,-0.410222977
6271,0.139268175,-0.008511185
6272,-0.598137736,0.214512110
6273,0.047787420,-0.818595350
6274,-0.804423749,-0.440978855
6275,2.037631512,-1.752211332
6276,-0.143150330,2.389384270
6277,-0.115662217,0.884766281
6278,-0.869195402,1.980303288
6279,1.139280915,0.654463947
6280,-0.162345275,0.000228132
6281,-0.156260073,-0.151441738
6282,-1.133069873,-2.758432388
6283,-0.891850412,-0.872889698
6284,0.358252823,0.106753595
6285,-0.339273155,0.203956038
6286,-1.172146201,0.417577505
6287,-0.698961079,0.240216941
6288,0.025109328,-1.561473250
6289,-2.179497480,-1.341347933
6290,1.020525575,0.078773402
6291,-0.084935330,1.616973400
6292,-0.871826410,-0.870576382
6293,-0.341414511,-0.550506473
6294,-1.520613551,1.370263457
6295,-0.135516271,1.666343451
6296,-0.709340394,-1.081382990
6297,-0.606716454,0.310560107
6298,-0.768185973,0.063835293
6299,-1.955824852,0.465605080
6300,2.155612469,-0.662376523
6301,-0.497807205,-1.324505806
6302,2.013528824,-0.841605008
6303,-0.707492530,0.128622055
6304,0.066065811,-0.153651983
6305,0.233872995,-0.315493762
6306,-0.047350477,-0.921113372
6307,1.155684352,-1.155543089
6308,-1.399630308,0.130661577
6309,1.411950111,-0.557141781
6310,0.480823159,0.296729058
6311,-0.642342508,3.305245161
6312,-0.086198486,0.349205434
6313,0.311986566,0.050824679
6314,-0.485145509,-0.430268377
6315,0.987053573,-3.448518753
6316,0.024018330,-1.981950521
6317,-1.049919128,0.111239225
6318,-1.024761438,-0.700079918
6319,1.404128551,0.878641963
6320,0.792053878,-0.245149046
6321,-1.277886271,0.799196720
6322,-0.819452703,-1.292861104
6323,0.106362149,1.618758440
6324,0.753359258,1.047596455
6325,0.170682758,-0.781454384
6326,0.228792831,-0.719553709
6327,2.873106241,1.149469495
6328,-0.162652478,0.255597472
6329,-1.051505208,0.155290946
6330,-1.277026176,0.108148590
6331,-0.146404788,0.142077699
6332,0.062031955,0.183792099
6333,-1.215839028,0.679539084
6334,-1.154678106,1.608244896
6335,0.388262331,-0.748904228
6336,-1.410513759,0.061365396
6337,1.360066414,0.253259450
6338,0.774652004,0.112079866
6339,1.007628798,-1.286507845
6340,-1.601283789,0.377833307
6341,2.700516701,-1.988283753
6342,0.510667443,0.213303536
6343,-1.761170626,0.442722648
6344,0.847982049,0.635553122
6345,-0.504486740,1.376929641
6346,-3.255989552,-1.508645892
6347,0.775640070,-0.534381390
6348,0.405233085,0.348180503
6349,-0.878497720,-0.516648054
6350,0.088534258,-0.719181776
6351,0.897661626,-0.533798993
6352,0.990608394,-1.364004731
6353,1.776952982,0.682999253
6354,-0.639525592,0.073217988
6355,-0.188427374,-0.474710822
6356,0.263046473,-0.238378406
6357,-1.877666235,-2.005552769
6358,-0.126550838,-0.235946566
6359,-0.076582283,-0.065843701
6360,1.119024634,-0.203682229
6361,0.546138525,1.960325956
6362,1.370205879,1.001786232
6363,-1.183761120,2.085343122
6364,-0.018281644,1.307404637
6365,-1.914346576,1.026257634
6366,-1.309693217,0.976731002
6367,-0.103372552,0.879018962
6368,-1.200882435,0.639927626
6369,-0.735313654,-1.157691956
6370,-0.207329303,-0.502365172
6371,1.167944431,0.784494460
6372,0.154879391,0.601425588
6373,-0.696774006,-1.373449802
6374,-0.066846654,-0.691744983
6375,-0.836492300,1.095908523
6376,0.879927754,-1.488082290
6377,0.638094962,0.007934786
6378,0.817853391,0.213705912
6379,-0.368139982,0.549800575
6380,1.441253424,-1.537638903
6381,-0.338685870,-0.709828496
6382,0.376164019,-3.324376345
6383,-0.558912218,1.464277387
6384,-0.469358176,-0.520898998
6385,-0.555237114,3.235402107
6386,1.954284430,2.164361477
6387,0.376936078,-1.574936152
6388,-0.081754886,0.189851776
6389,2.462796211,-1.363093853
6390,-1.320716381,-1.470352292
6391,-0.651929200,-0.606433153
6392,0.235908329,-1.600009680
6393,0.313826561,-0.274550587
6394,-0.164585963,0.153272390
6395,-0.377090484,-1.088303566
6396,0.640799165,1.432064176
6397,-0.094398007,-0.840489566
6398,0.555505574,1.179502964
6399,0.558620989,-1.136643052
6400,-2.354619265,-1.664970636
6401,-0.006056765,-1.473756552
6402,1.023135543,1.423282027
6403,-0.181797042,0.094030455
6404,-0.593363464,-1.370831728
6405,-0.604925096,0.029782046
6406,-0.408589244,-1.266381860
6407,0.824868739,-1.268508673
6408,0.916884542,-3.413624048
6409,-0.284211278,-0.095856972
6410,-1.393956780,-1.529852986
6411,-0.848917186,1.625437260
6412,0.173454508,0.360029012
6413,2.461335659,0.000746597
6414,-0.364376903,0.314361900
6415,-0.341431141,-0.166151121
6416,1.157586694,-0.855188906
6417,1.619408846,-2.099777460
6418,-2.150621653,2.245234013
6419,-0.940395474,2.976723671
6420,1.062890530,-2.417007923
6421,-1.336256623,-0.101404600
6422,-0.123292491,0.095480017
6423,-1.613675475,1.024865866
6424,-0.161263958,-0.400644004
6425,-0.420802742,-2.440950155
6426,1.579744816,-1.485209346
6427,-0.868763685,1.665331602
6428,1.032068491,-1.746152759
6429,4.849545002,0.287686706
6430,0.213373154,0.141557619
6431,-0.663605273,-1.701873422
6432,0.933967888,-2.309059620
6433,2.216466188,-2.493202925
6434,1.067387342,-1.382248044
6435,-3.626373291,2.928547621
6436,-0.616903663,-1.647933841
6437,1.276470304,-1.359767199
6438,0.424926162,0.258954614
6439,0.763296545,0.170613348
6440,0.143501356,0.200412706
6441,-0.655897081,-2.034311533
6442,-3.375820398,-2.156114340
6443,0.515978694,-0.245677635
6444,-0.727240443,-0.399387628
6445,0.618091822,-0.773790181
6446,0.071931213,-1.982339263
6447,0.366582155,0.037515283
6448,0.340195566,-0.057167754
6449,0.114722349,-1.044614673
6450,0.202541396,-1.924757004
6451,0.241379037,1.458037138
6452,-1.357424736,0.138646230
6453,-4.054096699,-0.638205290
6454,-0.864402413,0.038927123
6455,0.044899497,0.156992510
6456,-0.085981004,-1.504562974
6457,-0.991974652,0.172614783
6458,1.217302918,-0.550604463
6459,2.377822638,-0.510147154
6460,-2.089170933,0.293348163
6461,-0.205847070,-0.684186757
6462,-1.086266994,1.031505227
6463,-0.179856867,0.811470032
6464,0.969555616,1.065002918
6465,1.302827716,-1.205487490
6466,-0.108948238,-0.019438401
6467,-0.098308131,0.408840925
6468,-1.903302670,-0.311334640
6469,3.037157774,-1.955854535
6470,-0.397592038,0.345955700
6471,-0.307077587,-0.085906908
6472,0.791537941,1.457704663
6473,-0.481738567,-1.362259507
6474,0.161521479,-1.719791055
6475,1.113399744,1.808116078
6476,1.502027273,0.073020063
6477,1.141501307,1.517628074
6478,1.413532138,-0.013989622
6479,-0.315323740,0.772656441
6480,-1.168353558,-1.892822623
6481,1.997593880,-0.361519963
6482,-1.268921137,-2.713068008
6483,-0.502349615,-1.810783148
6484,2.350934744,0.695490122
6485,0.989789069,-0.371913910
6486,-1.322304010,1.504155636
6487,0.328240722,-0.117866382
6488,2.386671543,-0.214961648
6489,-2.063625097,1.346673489
6490,0.761744142,-0.897506416
6491,-2.949048996,2.562594652
6492,0.467841297,0.544621110
6493,-0.386911124,0.033344910
6494,-0.417884380,-0.458054811
6495,-1.134260416,0.477606595
6496,-4.575536251,1.994986415
6497,-0.373672336,0.249839127
6498,0.262302071,-0.358680397
6499,1.180745721,0.028691346
6500,1.920732856,-0.158309087
6501,0.212492317,-0.140539840
6502,-4.708749771,0.310899436
6503,0.798822701,-0.452456415
6504,2.317358494,-0.676263332
6505,0.117578879,0.447989792
6506,-1.200481653,-1.024026632
6507,0.905997455,-1.189618111
6508,-0.628435969,0.771373868
6509,-1.292482376,-0.483286262
6510,-1.066289902,-1.085227132
6511,0.012589672,0.533693790
6512,0.977951288,0.131110802
6513,-0.382386535,0.968763113
6514,0.847364485,1.053882837
6515,1.116481543,-0.274277866
6516,-0.118787460,-1.506074429
6517,0.290793747,0.783405662
6518,-0.063390166,-0.748805285
6519,-0.676443279,-0.083213702
6520,-1.349420786,-0.293566585
6521,0.100550525,0.641960323
6522,-1.540609717,-0.103030518
6523,0.756865501,0.022096897
6524,0.206814468,0.442403257
6525,2.170443058,0.658465624
6526,-0.015145268,2.607137203
6527,-1.528601885,2.749811411
6528,-1.157506227,-0.810179234
6529,0.475783646,-1.577268124
6530,0.150486812,0.057927392
6531,-0.357306391,-0.210092962
6532,-0.785736680,0.727687895
6533,-0.529002964,0.376782268
6534,0.748293877,-0.573223114
6535,1.128302574,-0.523744166
6536,-0.477934688,-0.647572100
6537,0.196062192,0.511532962
6538,-1.831494927,0.156812966
6539,0.050865594,1.259151220
6540,0.478512287,-1.260884404
6541,0.617556810,1.933752298
6542,1.359416008,-0.213129148
6543,0.465385139,-1.207156777
6544,-1.626135111,-0.016963718
6545,2.218302011,0.791614830
6546,-1.413792968,0.815537155
6547,-0.600398898,-0.025809642
6548,-1.170565248,-0.070505075
6549,-0.827054620,-1.002041459
6550,0.955695808,-0.132240906
6551,0.180662170,-0.430170149
6552,-0.120160684,-2.034589529
6553,-1.821528912,1.291381836
6554,-0.401994944,0.568104267
6555,3.500694036,1.363067269
6556,-2.044057131,0.484648734
6557,-0.031263791,0.162572205
6558,0.925269306,1.338572502
6559,-0.720442474,0.275248200
6560,-1.364986181,0.313171089
6561,0.085668631,0.166133627
6562,0.118099838,0.571313858
6563,-0.004054458,-1.144640803
6564,0.236456811,0.777208984
6565,-0.335292727,-0.782065868
6566,-1.831255436,-0.086417884
6567,-0.258466959,-0.354391098
6568,-0.384136260,-0.608052492
6569,-0.500409842,1.311624646
6570,-0.370501250,-1.417800546
6571,1.514691591,-2.944035530
6572,2.203680038,-2.560192347
6573,0.829556525,0.719135404
6574,-1.555098295,-0.400558352
6575,-1.058716893,3.022247076
6576,-1.150532246,-0.494562536
6577,-0.752292931,1.381193519
6578,-0.936810136,-1.135733485
6579,-0.188233584,0.963452458
6580,0.400084227,-0.866433144
6581,1.976818562,-0.641541064
6582,1.570599318,-0.430333495
6583,-0.211603597,0.120620139
6584,-0.414843440,0.888367593
6585,-1.852180481,-1.652072310
6586,1.084482193,1.301036954
6587,0.051064972,-1.333587170
6588,-0.113346502,0.687922359
6589,-2.018896341,0.077798538
6590,-1.436716318,-2.427073240
6591,-0.274942100,-0.943928778
6592,0.061045900,-1.245339751
6593,0.867064238,0.329501301
6594,0.906742513,0.312209815
6595,-0.282893211,-1.547217131
6596,1.025469899,-1.171880841
6597,0.110687204,1.742602110
6598,-0.239400119,-0.303909391
6599,-1.334079266,-1.205470324
6600,0.061373174,0.129793033
6601,0.801307261,0.019826017
6602,-1.344042897,-0.037246674
6603,-0.078779384,-0.089050956
6604,0.140954316,1.892024636
6605,-0.932524383,1.386596322
6606,1.326524615,0.366814256
6607,0.089392386,0.308259994
6608,0.057607487,-0.324564904
6609,0.775341034,0.859314680
6610,0.538454652,0.015904302
6611,-0.418663979,-0.088040829
6612,0.041400116,-0.482637495
6613,0.713188291,0.406842619
6614,1.145284414,-1.288665414
6615,-0.658366740,-0.824550629
6616,0.450189561,-0.266700923
6617,0.298800468,1.637134671
6618,0.462259442,-1.115073085
6619,-1.054426193,-0.865275562
6620,-0.500570238,0.360718399
6621,-0.033505004,2.916777849
6622,2.029037952,-0.722445905
6623,2.267404556,3.084359407
6624,0.350644916,0.682298362
6625,0.658733189,-0.828119278
6626,-0.527584374,-1.093523860
6627,0.076487161,-2.751265049
6628,2.926714182,-2.136008024
6629,-0.511595726,-1.061568737
6630,-0.064396039,-0.086952627
6631,0.407174647,0.267221153
6632,-0.037269861,-0.342768997
6633,0.109017484,-2.812543154
6634,-0.547856629,0.039042939
6635,2.462532043,0.977042079
6636,1.369219303,0.586152852
6637,0.233690932,0.066242509
6638,-0.871708930,-0.043253437
6639,0.779570878,-0.713245690
6640,1.089973450,0.926613271
6641,0.924926400,0.680226922
6642,1.272953153,-0.228886276
6643,0.289138138,-0.031666785
6644,1.404264688,0.290234059
6645,-0.563230991,-0.727778435
6646,-2.330659151,-0.201146811
6647,0.926199555,2.785752535
6648,-0.559865773,-1.474793196
6649,-0.303508043,0.683959484
6650,1.261189103,1.232622862
6651,0.358217120,-1.394081831
6652,0.371663928,0.823448718
6653,0.782408178,-0.481320500
6654,0.336661279,-0.584326506
6655,3.489627600,0.741950035
6656,-0.575353444,-0.713057816
6657,0.480147034,0.355936646
6658,-0.074569099,-0.383593172
6659,-0.570079565,1.762593269
6660,-0.347733706,-1.013983250
6661,0.476805657,-0.779812157
6662,-0.093083888,0.337721735
6663,-0.435743272,0.679212689
6664,-0.130117670,1.604474783
6665,-0.144339174,-0.338152170
6666,-0.772121966,0.444502801
6667,2.468641281,-1.897624254
6668,0.613017142,-0.102125622
6669,-0.199874818,0.072440013
6670,0.388587326,-0.304290503
6671,0.317939281,-0.167355224
6672,0.314858288,0.027963614
6673,-0.498617113,2.828233719
6674,0.075594738,-1.899073124
6675,-0.380895138,1.307141662
6676,0.344140351,-0.319242477
6677,-1.729922771,-0.428407580
6678,2.310791969,0.115679137
6679,0.737091720,-0.148273110
6680,-0.031386040,0.221140295
6681,0.243619218,-0.206388652
6682,1.586212754,-2.945910931
6683,-1.326313138,-1.254740953
6684,-0.697759330,1.683965325
6685,-0.581908226,0.551641285
6686,-2.517541409,-1.076434016
6687,0.946325243,-0.268380851
6688,-0.370190650,-0.463459015
6689,0.724522531,1.067330718
6690,1.589832067,-0.197441772
6691,0.341495395,0.439347893
6692,0.048534043,0.935080647
6693,0.286221117,-0.109749354
6694,0.109385945,0.208026305
6695,-0.811741471,1.809278727
6696,1.252090931,-1.544777989
6697,-0.221840531,2.967205524
6698,0.979223847,-0.028685126
6699,1.121435761,-0.878843069
6700,0.371813506,-1.386699438
6701,-0.360041082,1.289881229
6702,1.954599977,-1.535752296
6703,0.417771518,0.436170399
6704,-1.358459949,-0.741065681
6705,-0.069870874,-0.558215678
6706,1.956963539,-0.081926011
6707,-0.063265502,-0.728557765
6708,-1.272880912,-0.313451856
6709,-0.953559577,-0.047054451
6710,0.439698368,-0.852243185
6711,-0.122266598,-1.178516865
6712,0.012530687,1.187780380
6713,-1.028443217,-1.285871744
6714,0.498279184,0.211652979
6715,0.181968942,-1.021665335
6716,0.348375976,0.169263348
6717,0.234514549,1.387326837
6718,-0.548582196,-0.156860381
6719,-0.367873937,0.616958082
6720,-0.123015381,0.081957258
6721,0.652661622,1.441234708
6722,-3.139274836,2.233496904
6723,-0.620662808,0.640736222
6724,0.090318657,-0.165897042
6725,-0.791862667,-1.207518935
6726,-1.125595689,-1.132738709
6727,0.032402404,0.227049321
6728,3.733870029,1.711507916
6729,-1.472097039,-0.004514317
6730,0.231485963,-0.175590768
6731,-1.981431723,-0.359494597
6732,0.924817383,0.774670541
6733,1.348420501,-0.134423301
6734,-0.831315219,0.276691765
6735,0.348706454,-0.552980363
6736,0.155866593,1.857988000
6737,0.293782890,1.032319427
6738,1.715353489,1.742331147
6739,1.382178783,-1.332912445
6740,0.161331207,0.356969178
6741,0.545506418,1.443460822
6742,-0.161924750,-0.543583095
6743,0.111013837,1.298513174
6744,1.761670947,0.662091315
6745,0.258267730,-1.728303909
6746,1.717740536,1.149029374
6747,-1.335892320,0.030054649
6748,-0.058955617,0.486189157
6749,-0.363374591,-1.030247450
6750,-0.136213154,-0.143147960
6751,0.171531528,-0.287252307
6752,-1.110046387,-0.369802237
6753,0.227749154,-0.336996973
6754,-0.095035568,0.126932532
6755,-0.677277327,1.196825504
6756,-0.706723511,-1.324678302
6757,-1.504577041,-2.227916956
6758,0.194568515,-0.746392250
6759,-2.821688175,-1.822075725
6760,-0.022651156,-0.294542640
6761,0.552294970,0.372683078
6762,0.022230605,0.212774128
6763,-0.480094075,-0.051833209
6764,1.101821303,-0.218367442
6765,-0.098365135,-1.018704176
6766,0.193780035,-0.906787932
6767,-2.034513712,-1.000554681
6768,1.820578337,1.907441854
6769,-2.814990759,0.549122393
6770,-1.434379578,0.574278295
6771,1.064089417,-2.320575953
6772,-0.842293978,-0.130036250
6773,0.235704184,0.675249100
6774,1.830792427,0.820048690
6775,-4.891321182,-2.149671555
6776,0.748172343,0.271361470
6777,1.188379765,0.263542026
6778,-0.312711328,-1.260123134
6779,-2.361896038,0.180188179
6780,0.882900476,-0.498883396
6781,-1.575894356,0.122608036
6782,-1.716386557,0.467501253
6783,0.370907724,-0.209570006
6784,0.951205909,-1.295669436
6785,-0.134000197,1.631916881
6786,0.456857473,0.308842391
6787,0.160070196,-1.392446518
6788,0.845390260,-1.679444313
6789,0.639474988,0.410914660
6790,0.500437260,0.620132327
6791,0.043681081,-0.158848733
6792,0.584176838,-0.074513368
6793,1.397151232,-0.677554011
6794,0.153981388,-0.070399217
6795,0.442784399,2.766077042
6796,2.165660381,0.970911503
6797,-0.273774683,-0.903002918
6798,-0.403219134,-1.755388021
6799,-1.736758947,0.594788551
6800,-0.986253083,-0.397111803
6801,0.370371431,0.663117170
6802,-1.660181165,-0.755755067
6803,0.239556998,-0.181564689
6804,-1.417080402,-0.769641995
6805,0.151658326,0.133362710
6806,-2.774802685,0.771537125
6807,0.022251196,1.019623518
6808,-0.645323813,-1.165779829
6809,0.239860326,-0.098100498
6810,-0.614596486,-0.513036788
6811,1.233934045,0.246521577
6812,0.337868780,-0.425577432
6813,0.524993122,0.517445445
6814,-1.512278438,1.198282361
6815,-0.882633448,-0.468153775
6816,-0.904526711,-0.918619871
6817,0.150621936,-0.112131022
6818,0.613450706,0.501743197
6819,2.795720816,1.114127755
6820,1.172707915,-0.337360263
6821,0.103196628,0.084908642
6822,-0.559065580,-0.993512452
6823,1.429526210,-0.725705624
6824,-0.481718719,-1.667527080
6825,0.139212817,-0.213212386
6826,-0.412373543,-0.305289865
6827,-2.374115705,0.637445450
6828,-0.295541137,0.594677150
6829,1.012520075,-0.226197436
6830,0.266666055,-0.419266433
6831,3.924295425,-3.834196806
6832,0.022688108,-3.559689522
6833,-0.536107659,1.454917192
6834,-0.875863731,0.510712802
6835,-0.818888009,-0.005358914
6836,0.612610102,2.196117640
6837,-0.434052974,0.445756942
6838,-0.254862577,1.419682026
6839,0.886884630,0.047305416
6840,0.332978755,0.492646933
6841,0.557725012,2.626698494
6842,-0.810029626,-1.832641602
6843,0.916272879,0.528557241
6844,-0.685388744,-1.168042898
6845,-0.274945259,0.107834503
6846,-0.316792667,0.102435432
6847,-1.792883992,-1.148561716
6848,1.052953362,0.388925821
6849,0.187221855,-0.392525911
6850,0.918800175,-1.553282380
6851,-0.055958152,-0.126929402
6852,2.181285620,0.072461776
6853,-0.906195641,2.531394482
6854,0.363734305,-0.788623869
6855,0.079950400,-0.571267724
6856,-0.349451691,-0.446584880
6857,0.028221855,-1.054625750
6858,3.649852753,-1.695744395
6859,0.918728948,1.303058505
6860,-0.395862937,0.876780629
6861,-0.689904273,1.301287413
6862,-2.616916656,-0.572869837
6863,0.322063953,1.180077076
6864,0.597711444,0.519116998
6865,0.125662312,-0.770610750
6866,0.310709476,-1.439754009
6867,0.636581361,1.030572295
6868,-0.414376289,-0.192816287
6869,1.759703636,0.788163960
6870,-0.394560754,1.290216923
6871,0.257025152,1.290530324
6872,-0.985622942,-0.535283625
6873,-0.746543467,-0.358763069
6874,1.008879304,-0.246184424
6875,-0.415251404,0.427951574
6876,0.735010803,0.778176665
6877,0.638469219,-1.935445309
6878,-0.577516675,0.850191116
6879,-0.020836700,1.833141327
6880,1.772964835,-0.376869380
6881,0.294938505,-1.997576833
6882,-1.141308904,-1.850678682
6883,1.217667818,0.671721041
6884,-0.072435349,-0.170253128
6885,-1.571503520,1.140118122
6886,-2.227070808,-1.262673259
6887,0.328160584,-2.014057159
6888,-2.062140465,1.583201885
6889,-0.089217030,-0.186695352
6890,-0.664039552,-0.265970796
6891,0.261616468,-1.755620241
6892,-0.677309632,0.179300189
6893,2.832733631,2.685477734
6894,0.849844217,-0.137299985
6895,-0.838208914,-0.328942686
6896,0.498587757,0.857922196
6897,-0.052522529,1.015781403
6898,0.092125155,0.132310748
6899,0.344840318,-0.579176366
6900,0.714387774,-1.028073549
6901,-0.043160759,0.520105362
6902,1.071985722,-1.053854108
6903,1.106249928,-0.975680232
6904,-0.001737129,0.882032573
6905,1.144358277,-1.270584583
6906,-1.277377605,0.551476479
6907,-0.877291918,0.967669487
6908,-0.453462750,2.773564577
6909,-0.041663583,1.690828800
6910,-0.758920610,0.438788742
6911,0.780473888,1.294562817
6912,-1.210239649,2.574665546
6913,-0.252171099,-1.727714062
6914,0.788699031,0.907499135
6915,-0.593343735,1.293446302
6916,-0.767620564,0.532931209
6917,0.355970174,0.392975599
6918,-0.601752281,-0.359959066
6919,0.982008755,0.974998415
6920,0.326063812,-0.473345965
6921,0.119775653,-0.907741666
6922,-0.340335935,-0.017881336
6923,-0.053506501,0.234972581
6924,-1.614545584,-1.745692372
6925,-0.023706306,-0.175211415
6926,0.505133450,-0.337618858
6927,-1.997702837,1.138229728
6928,0.920590162,0.581763208
6929,0.801502466,2.291039705
6930,-0.452345759,-1.758772373
6931,0.298571169,0.279607624
6932,0.353838205,0.084074453
6933,-0.326422721,0.032274127
6934,0.051934768,1.226145029
6935,0.832195938,0.825797379
6936,0.916397452,-0.680426121
6937,-0.230525091,-2.018157959
6938,-0.419064403,1.302830815
6939,1.408805251,-0.032872465
6940,0.111336224,1.999814749
6941,-0.352119654,-0.199657723
6942,2.279334545,2.715822458
6943,-2.722122669,-2.281250238
6944,-0.957004666,-0.635069191
6945,2.154966116,2.039966106
6946,-0.777074456,1.472836614
6947,-1.848828793,-0.369575918
6948,0.217802495,-0.809754610
6949,0.445655584,-0.209603354
6950,-0.190432534,-1.236203432
6951,-0.008196017,3.401354790
6952,0.738599718,0.606210828
6953,2.595162630,-0.698452652
6954,1.343817472,1.466580153
6955,0.333537042,-0.294758081
6956,0.795737624,-0.836223543
6957,2.185835123,1.018049359
6958,-0.144231886,0.082307324
6959,1.832391858,-0.571018040
6960,0.765562952,0.575456500
6961,1.015854239,-0.192638397
6962,-0.971438706,0.011920686
6963,-0.628740191,-1.658142447
6964,0.321145415,-0.139634520
6965,0.088896386,-0.903805435
6966,-0.537809491,0.546595812
6967,2.325185299,1.646062136
6968,-1.084318280,0.382677168
6969,1.181562304,-0.391663641
6970,0.329445720,-1.415854096
6971,0.425969630,0.271681726
6972,0.232143551,-1.576450706
6973,0.173455909,-0.205541432
6974,1.229873180,-0.832201004
6975,0.016506927,0.804170430
6976,0.398830384,-0.494831711
6977,-0.025046971,-0.655241668
6978,-1.322525024,0.099605344
6979,-0.077496968,0.149443373
6980,2.285873652,0.514839530
6981,1.363384008,0.820332944
6982,0.145470962,0.101097494
6983,-2.796037197,0.733269572
6984,2.556824446,-0.075161725
6985,-0.023528636,-0.141886011
6986,0.700848043,1.530597448
6987,1.139026999,-0.321432918
6988,-0.501599729,-0.195642382
6989,1.086167097,-0.159312293
6990,0.910762012,0.384018600
6991,-1.096281886,-0.397004962
6992,0.764712989,-0.154989079
6993,-0.294123799,0.072001763
6994,0.010910562,0.839035094
6995,0.789332449,0.373541534
6996,0.096969947,-0.285541207
6997,0.753602982,0.670574248
6998,0.209394798,1.140191078
6999,-0.803831637,-0.745079875
7000,0.053975601,-0.477451116
7001,-1.156739473,1.805288076
7002,-3.412770748,0.304298162
7003,-0.198714226,-0.477863580
7004,0.012625488,0.343034297
7005,-1.048455238,1.026602268
7006,-1.515972733,0.816266835
7007,-1.465726972,-0.852342367
7008,-0.245138928,-1.274285674
7009,0.939249992,1.404340625
7010,0.871035099,0.540174425
7011,0.030304959,-0.217044458
7012,1.738009334,1.774681449
7013,0.109864794,0.583488047
7014,-0.492372513,-0.861520231
7015,-0.349494368,0.705891550
7016,-2.053328753,-0.269810021
7017,-0.489467770,1.591160774
7018,0.870447218,0.063830726
7019,-0.652552307,0.949747026
7020,-0.230877936,-0.881463945
7021,-0.595440745,-0.668818593
7022,-0.806527853,-1.092320085
7023,-0.905162334,-0.420188457
7024,1.040343523,-3.460595131
7025,-2.732599974,0.467693657
7026,1.042431712,-0.278813601
7027,-1.727648973,-0.828310728
7028,3.710784674,-1.785332084
7029,0.142969653,0.043484010
7030,-2.483737946,-1.645230651
7031,0.530990362,-0.217567399
7032,0.013162741,0.156105474
7033,0.634072542,0.563003480
7034,-0.534067869,0.852769971
7035,0.748505414,-1.025094986
7036,0.087948345,-1.710905671
7037,-1.203951359,0.904249966
7038,-2.052680731,0.443825185
7039,-0.403160125,0.651976049
7040,0.489682019,1.090197802
7041,0.104810104,1.088731885
7042,0.464729339,0.806680739
7043,0.376302153,-0.550989151
7044,1.498183966,0.516237140
7045,-0.755287230,-0.911133409
7046,0.664075494,0.211810172
7047,0.081885718,0.896045208
7048,0.496453643,-0.434165865
7049,0.355399102,-0.521276355
7050,1.607114553,-0.849353313
7051,0.259687215,-0.887133896
7052,2.545109510,-2.597631454
7053,-0.776228487,3.435952663
7054,0.036646679,-0.188777611
7055,-0.149177626,-0.260504723
7056,1.190654755,0.506884515
7057,1.348185301,2.327418804
7058,1.199426174,0.182034865
7059,2.428374529,-0.597195685
7060,0.117580980,0.450709790
7061,-0.549765289,0.221722394
7062,0.643496275,0.466736048
7063,1.547248960,4.021773338
7064,1.399034858,-0.160677284
7065,0.193270773,0.170393631
7066,0.140125066,-0.161722854
7067,0.523361504,1.259635925
7068,-0.358217627,-0.167857394
7069,-1.263257504,-0.134461626
7070,-2.160919666,-0.256916940
7071,-1.095588923,-0.892504573
7072,-1.146254897,-1.552539706
7073,-0.178943470,0.093440190
7074,-2.463187695,-0.958656371
7075,1.853213191,-0.205214098
7076,-0.462871671,0.263107806
7077,0.970988095,-1.604011774
7078,-0.923710048,0.681750178
7079,-0.923205376,4.103492260
7080,0.659255624,-0.050834909
7081,1.244572639,-0.722000718
7082,-0.830574095,-1.742549419
7083,-0.418540716,0.024409648
7084,-1.730135560,-1.897935748
7085,-1.943964243,-0.087002106
7086,-0.653010726,-0.008045778
7087,-0.557970285,-2.112885475
7088,-0.428221256,-0.098374151
7089,-0.250260353,0.174409896
7090,-1.523097754,-1.172317743
7091,1.452659726,-0.849048197
7092,2.190517902,0.282853842
7093,0.102855466,1.754441857
7094,2.041366577,-1.001792550
7095,-0.304233342,0.104264319
7096,0.357933074,-0.841067553
7097,-0.379772574,1.569211006
7098,-0.809445083,0.102370679
7099,-0.179717630,0.162126198
7100,-0.033446476,0.840545177
7101,-0.636568844,0.522775948
7102,-0.636210263,0.651576519
7103,-1.567881227,-2.458615541
7104,0.379045784,-0.984785914
7105,-0.581823587,-0.315638036
7106,-1.002726555,-1.682726383
7107,-1.588955998,-1.825160503
7108,-0.592697561,-1.655882239
7109,-0.093798555,0.332427621
7110,-0.755299330,0.711813867
7111,0.268829763,0.446346074
7112,0.103401996,-0.921327055
7113,1.205837727,0.938110054
7114,-1.995928884,-0.464134932
7115,0.530369580,2.011190176
7116,0.175279275,-0.018024443
7117,0.674562454,-1.598997235
7118,-0.343623728,0.721934557
7119,-0.102218091,-0.313048422
7120,-0.239532024,-0.001688797
7121,-0.448426694,0.696238935
7122,0.376151055,1.312002182
7123,0.170193076,-1.079013228
7124,-2.693259478,-1.265394449
7125,0.682978630,-1.212666273
7126,-0.243849069,0.016907971
7127,1.104281425,0.804176807
7128,0.708427131,0.589594364
7129,1.346802711,-0.082694598
7130,-0.927384675,2.428786278
7131,0.544884384,0.021436321
7132,3.109049797,0.141423047
7133,-0.583076835,1.010062099
7134,-1.147628903,-0.067529090
7135,-0.606622100,-0.029809631
7136,-0.081384145,-0.179011673
7137,-2.520296574,0.461359650
7138,3.222870588,3.102247477
7139,0.472774088,0.389228731
7140,-0.888064444,0.152106494
7141,-1.426491499,0.526917040
7142,1.114837408,-1.774745703
7143,0.685917974,-0.900332749
7144,-2.094886780,1.327679515
7145,0.730288267,1.129421473
7146,-0.768864632,-0.781218410
7147,0.992887080,-0.808609664
7148,0.051372781,-0.202395275
7149,1.275163293,-0.842530787
7150,0.679108679,1.455555201
7151,0.770379901,0.443543673
7152,1.048395991,1.770377398
7153,0.184113666,0.369591355
7154,0.236325830,0.008674341
7155,-1.248445511,1.578377128
7156,0.869480968,0.263796329
7157,-0.725632668,4.515161514
7158,1.795689583,1.172296166
7159,-1.953848243,0.055303149
7160,4.479887486,3.150787354
7161,-1.159949422,-0.954356253
7162,0.465305954,-0.743414760
7163,-0.574791610,0.168389022
7164,-0.286395550,0.755242884
7165,-1.115241647,-0.344625056
7166,-0.007178048,0.160380930
7167,-0.338116139,-0.249923140
7168,-0.758836329,-0.097404644
7169,0.243866727,1.980332017
7170,-0.064716548,-0.285754859
7171,-1.114666104,-1.710698247
7172,0.125152379,-1.203557968
7173,-0.290031940,-0.114418626
7174,-1.630305171,0.895631313
7175,1.084212184,0.894351661
7176,-0.939066529,-0.462311089
7177,0.177705035,-0.583224535
7178,-1.714504838,0.090637207
7179,-0.069533564,-0.374994874
7180,1.312116146,0.703929663
7181,-0.341044754,-0.530278802
7182,3.065948725,0.625729978
7183,-0.322983176,-0.259613156
7184,-0.412813962,0.004797704
7185,0.276929617,-0.555491507
7186,-1.764425874,2.113328934
7187,-1.525361300,-1.471589923
7188,-0.148175716,-0.018939078
7189,-0.940668881,0.383312285
7190,-0.559863389,1.139780045
7191,-0.291209579,0.344925314
7192,-0.183208734,-0.890173435
7193,-0.043616343,0.173398852
7194,-0.359646171,0.336754888
7195,0.990499258,1.048885584
7196,0.812793970,-1.582801223
7197,0.471127748,0.278449386
7198,-1.473120093,-0.399915695
7199,0.095137045,-0.267444015
7200,-0.068200313,0.160469905
7201,-0.386123359,-1.391853213
7202,-0.968716383,1.105487466
7203,-0.130519971,-0.074010335
7204,-0.275546968,0.045539811
7205,-1.499285817,0.297288358
7206,0.828612626,0.057924788
7207,2.415766954,1.530191422
7208,1.604220271,0.603048384
7209,0.366528124,0.655782878
7210,0.004849359,-0.185630113
7211,0.259228259,1.335861921
7212,0.464853913,0.591595590
7213,1.218056202,0.095405221
7214,-0.490259647,2.249697924
7215,3.109521866,1.726241589
7216,-0.121832535,-1.215930820
7217,1.120689511,-0.373310447
7218,-2.826010704,0.282295913
7219,0.165809929,0.127577528
7220,0.653176486,0.527962387
7221,0.606459677,-0.338674009
7222,3.507073164,-0.891364038
7223,-0.606591403,-0.869687617
7224,-0.717839360,0.154066697
7225,-1.245161533,1.072225809
7226,-1.302642465,0.600752056
7227,0.734720230,0.681382179
7228,-0.974517941,-0.953705311
7229,0.186293811,0.426956087
7230,-0.582384408,0.572922826
7231,-0.380245328,-0.201993421
7232,-1.623303771,0.500453591
7233,1.096675515,1.924696207
7234,0.694090307,0.082838185
7235,0.070440494,-1.563714027
7236,-0.160583794,0.019706536
7237,0.544673085,-0.185914949
7238,0.790150046,2.111186028
7239,-0.173729211,0.196698800
7240,-0.125757873,2.146050692
7241,1.079919219,-2.228600025
7242,1.831488490,0.064307012
7243,-1.195363402,1.102176785
7244,-1.262456656,1.231604815
7245,-0.010261704,-0.227375969
7246,-2.086282730,1.535463572
7247,0.873265147,-0.177265167
7248,0.317057937,0.101618424
7249,-0.850488484,0.310035139
7250,-0.019079873,0.454607159
7251,0.647995532,-2.292438745
7252,1.391327620,-1.103658199
7253,0.177892104,-1.602267981
7254,2.176837206,-2.535821438
7255,-0.159387589,-0.334646106
7256,-2.035188437,2.374230623
7257,-1.253719568,0.482000291
7258,-0.190587848,-0.069201648
7259,-0.456860632,0.296893179
7260,-0.049141414,0.598178983
7261,-0.943165481,-0.205959588
7262,-1.384895325,-1.120412111
7263,2.912729979,-0.678097367
7264,0.308801681,-0.160785943
7265,0.288457334,0.346331656
7266,1.321885347,-1.435720682
7267,1.235980630,-1.870971918
7268,0.518372416,0.079218797
7269,-0.081948623,-1.669021845
7270,1.155116558,2.415629387
7271,0.310725302,-2.483098269
7272,0.173467368,-2.192119837
7273,0.153561980,0.496896327
7274,-1.012657642,-0.507002413
7275,0.690666974,-0.663558245
7276,-0.344587386,0.307413578
7277,-0.317905039,-0.795710444
7278,0.589628279,-0.837307274
7279,0.084953800,-1.000214458
7280,-0.963007390,-0.037941221
7281,-0.601089418,-0.725124598
7282,-0.703602076,0.035889350
7283,-1.986020565,0.553724647
7284,0.526863277,0.801262975
7285,-0.022003278,1.492333293
7286,-0.503487885,0.423674047
7287,0.884322762,-0.378996402
7288,1.210257411,-1.731456161
7289,-0.518007636,-0.182163700
7290,0.306161284,-3.390985727
7291,-1.805955291,1.103869796
7292,-1.669669747,0.477390021
7293,-0.401324064,-0.649330437
7294,0.899623096,1.179432869
7295,-0.834651351,-1.967126012
7296,-0.882647574,-1.662526488
7297,-0.205770716,-0.542052567
7298,0.187663287,-0.024743367
7299,0.531043410,0.837415278
7300,-0.598193586,1.167499542
7301,-0.685062289,-1.253833055
7302,0.285767972,0.701808214
7303,0.208743975,-0.492801368
7304,1.056127310,1.216943502
7305,0.193635046,0.749103546
7306,-0.075270839,0.216639057
7307,-4.543615818,-2.441988707
7308,1.205466270,3.186427355
7309,0.778365254,-1.022053838
7310,-0.169636130,0.454952180
7311,-1.928471923,-0.424628943
7312,-1.770501256,0.867745697
7313,-0.022067280,1.303590894
7314,-1.065760970,-0.476357043
7315,-1.414506197,1.384447813
7316,-1.579985976,0.948650956
7317,-0.641220629,-0.060562979
7318,0.461111933,-0.959366739
7319,0.636887670,-0.647539258
7320,1.175908566,0.408129781
7321,0.217949912,0.374650985
7322,0.323319048,0.492209524
7323,-0.520454943,-2.052102804
7324,-0.339630157,0.991261423
7325,-1.614863634,-1.334781408
7326,0.504404664,0.035668351
7327,1.652472615,2.902682543
7328,0.545168340,-0.614507675
7329,1.119416952,-1.210602999
7330,0.053106125,-0.477794856
7331,2.827448368,-0.667140961
7332,1.247657299,2.697417498
7333,0.372559011,-0.756731451
7334,0.608233213,1.335963964
7335,1.190012336,-0.044289786
7336,-1.863366008,-0.474374920
7337,0.403477788,1.947463989
7338,-1.633172154,-0.335446626
7339,1.275094151,-0.403300345
7340,-0.372428507,-1.895012736
7341,-0.610892832,-0.544970214
7342,2.375004530,-1.037923098
7343,-1.436718822,0.748297632
7344,-1.389479637,-0.767414331
7345,-0.152226180,-1.459945560
7346,0.557023823,0.345708907
7347,-0.721529424,-0.217165574
7348,0.540199459,-0.619599044
7349,0.828668833,2.751998425
7350,0.073864684,0.140256748
7351,-1.542802691,2.567626953
7352,0.573973477,1.520626545
7353,-0.219555914,-0.139137313
7354,-0.375541478,3.259111404
7355,0.475995213,-0.236991420
7356,-0.057360057,-0.832971454
7357,-1.511607647,0.742790222
7358,0.072306238,-0.135199845
7359,0.257173985,0.666772187
7360,-0.518904328,-1.508342028
7361,-1.980985284,-0.147952467
7362,-0.126519814,-1.102975965
7363,0.039767466,-0.072634377
7364,0.200456113,-0.298265576
7365,1.932075024,1.039970875
7366,1.603874207,1.916944742
7367,0.069667079,-0.325542569
7368,0.096059673,-0.414248258
7369,0.699773610,1.136456132
7370,1.023183227,0.598988712
7371,0.097676151,1.433957577
7372,-0.218904570,-0.787533760
7373,0.460919738,0.618016124
7374,-3.071156502,0.767480552
7375,-0.006533445,0.341850817
7376,-0.366856486,-1.104723215
7377,0.523712695,-0.050469190
7378,-0.538924277,-0.537593246
7379,-0.299089640,-1.433162212
7380,-1.302208543,-1.019158244
7381,0.389485449,-0.216716096
7382,-1.346508861,-1.165677190
7383,0.717461467,-0.660147130
7384,-0.588599563,-0.332532912
7385,-0.176180989,0.126490861
7386,0.310301334,0.160469845
7387,-1.038346052,-3.527178288
7388,1.464628696,-2.071552277
7389,0.514331698,-0.603774726
7390,-0.160737500,-0.784196734
7391,0.153762534,-0.535030723
7392,-2.647229910,2.710411310
7393,-2.511748075,-0.874429226
7394,0.760713100,0.816606283
7395,-1.581544757,-0.892767370
7396,-0.262187988,0.118575022
7397,0.141311079,-0.132067934
7398,-0.595064700,1.667166829
7399,-0.965647161,1.063465834
7400,2.716189384,-0.068300933
7401,-0.553252220,-0.735160649
7402,0.028943922,-0.313555151
7403,0.004166468,-0.158522889
7404,0.404406697,-0.044795085
7405,0.272572398,0.607621133
7406,-0.297481447,0.102953926
7407,0.788891196,-0.438622355
7408,-0.337353230,-0.002746854
7409,0.748466372,0.251114756
7410,1.383027196,0.728589654
7411,-1.160115600,-0.876856446
7412,-0.762438416,-3.437045813
7413,0.359086275,-0.123109527
7414,-0.277175903,-1.608116627
7415,0.955357254,0.284528792
7416,0.045015376,1.314719915
7417,1.075690150,0.070700482
7418,0.216648415,0.563875198
7419,0.544008195,0.980925620
7420,0.581810594,0.498990566
7421,1.184527874,-2.484377146
7422,-1.134718299,1.732921720
7423,0.230272666,-1.005187869
7424,0.309233069,-0.164886773
7425,0.657255709,-0.313792109
7426,-1.117673278,0.200193867
7427,-0.630439699,0.309481800
7428,-0.210500225,-0.512413085
7429,1.746172667,0.281707883
7430,1.239031315,-0.982860208
7431,1.224229097,-2.063348055
7432,-0.010248467,0.615518451
7433,-1.776423216,-1.656477213
7434,-1.352436185,1.446402669
7435,-0.167796612,0.079747438
7436,0.978667796,2.146403790
7437,-0.879239202,1.144799709
7438,-0.088368557,-0.903558254
7439,1.415357113,1.265848517
7440,-0.042728975,-0.536218345
7441,-0.554724336,0.881190240
7442,-0.394771129,-0.158121005
7443,0.102057233,-1.383779287
7444,-1.472605228,-0.963453650
7445,-0.795926690,0.166981190
7446,1.150474787,-0.292383850
7447,-0.206712767,0.160455436
7448,-0.513835013,-1.513885021
7449,1.861876011,0.394310296
7450,-1.706551075,0.015688999
7451,-0.361477554,0.109402433
7452,0.879471004,1.632134080
7453,-0.809945405,-1.885667682
7454,0.352249324,-0.552618027
7455,-1.964103222,-2.372443199
7456,1.562690139,-0.168514714
7457,0.875076771,-1.016525507
7458,-1.211680889,-0.793168366
7459,-2.679061413,-2.967059374
7460,-0.115093045,0.787421525
7461,0.847579658,-0.630278587
7462,-0.391669363,-0.320343614
7463,0.500807703,-1.428925037
7464,2.338824987,-0.387227952
7465,0.186988950,0.038685050
7466,-0.120387331,-0.136391476
7467,-0.467411846,1.081953764
7468,1.281955361,-0.198842183
7469,-0.595672250,-0.556881249
7470,1.455275416,-0.200662613
7471,-0.247964695,2.967193842
7472,-2.093237400,0.108275577
7473,0.650086343,0.220493257
7474,-2.230866671,0.064478882
7475,0.066339634,-0.192727625
7476,0.078682914,-0.471830636
7477,-1.639629722,1.018320203
7478,0.243716449,-0.184803918
7479,-0.122242332,-0.406567544
7480,-0.775673807,0.138596505
7481,1.086354733,-1.977496743
7482,-1.829450488,0.428991944
7483,-0.694710851,-1.520100474
7484,-0.530217946,-0.512636483
7485,0.409105271,0.121602006
7486,-0.169463202,-0.093179233
7487,-0.608455896,0.811011434
7488,0.886332333,1.811354160
7489,2.937454462,1.333782196
7490,1.427865624,0.140380934
7491,0.353464246,-0.404892564
7492,0.581764579,0.532739520
7493,-1.285190940,-1.328189135
7494,0.276951790,-0.233932436
7495,-1.170487404,0.417087406
7496,0.848435700,-1.003771544
7497,0.015785040,-0.674287736
7498,0.968042970,1.535704255
7499,-0.644349158,-1.079821348
7500,1.102014780,-2.159836531
7501,-0.857837796,0.423957646
7502,0.305708736,1.593884468
7503,2.682576180,1.981254697
7504,-0.327993363,-0.618963838
7505,-0.962047160,2.180180550
7506,-0.884433270,0.852298439
7507,-0.800312638,-0.038969390
7508,0.417791188,1.836673379
7509,-0.091125250,0.415932924
7510,0.628036082,-0.137620330
7511,-0.169210345,0.539477944
7512,-0.108500272,-0.979682028
7513,0.637312174,1.683868408
7514,-1.002186894,0.207346767
7515,2.649596214,-1.756399512
7516,-2.264827013,-1.786239505
7517,1.537212968,-1.322254181
7518,0.380778044,-0.887558579
7519,0.158351913,-1.290446877
7520,-1.488285661,1.147761822
7521,-0.082150139,0.191753730
7522,-0.044701505,0.158057719
7523,-3.525759220,-0.437167287
7524,0.092384435,1.477630973
7525,-0.043863051,0.835635066
7526,0.000547176,0.223352090
7527,-0.616627455,-0.848234832
7528,-1.090233088,-0.680928886
7529,0.097786866,-1.099519730
7530,0.129724219,0.438090950
7531,0.021328619,0.643974543
7532,-1.882861376,0.856914401
7533,0.094832681,1.492548108
7534,0.922244728,0.480690002
7535,-0.572125077,-0.321087390
7536,0.707759202,0.518682182
7537,0.353745848,-0.517558396
7538,-1.098793864,0.104153447
7539,-0.091707334,-1.229829788
7540,0.437827170,-0.325710177
7541,-0.204720989,0.366640568
7542,0.358662277,-0.039114941
7543,-0.658637047,2.522391558
7544,-1.900274634,-1.041260839
7545,2.770733118,0.848877668
7546,0.733495593,-4.405027390
7547,-1.577033997,-0.285737365
7548,-0.923703313,0.850264072
7549,-0.722175658,-0.208355799
7550,0.927471757,-0.401354402
7551,1.482048154,1.691147447
7552,-0.073275588,-1.464808345
7553,-1.057654977,-0.949649513
7554,0.287219375,-0.898246586
7555,1.192258358,1.022888780
7556,-1.578063488,1.763013601
7557,0.533185065,-2.380310535
7558,-2.697460651,-0.485165238
7559,-0.121722378,-0.613243818
7560,-0.457333595,-0.564370453
7561,0.644448638,-0.584028959
7562,0.787395835,-0.183309838
7563,-2.178356171,-4.206316948
7564,-0.887900054,0.121513695
7565,-0.084726013,-0.448745608
7566,-0.510379493,1.856342435
7567,2.138338566,0.903151631
7568,1.255571604,0.797406316
7569,0.222501874,-0.850102901
7570,0.765063405,1.717023849
7571,0.356085777,1.578129768
7572,1.327074170,-1.370976210
7573,-1.506814599,2.205358505
7574,-2.113110304,-0.467906535
7575,0.970868587,0.515884399
7576,-0.374481171,0.762687922
7577,-2.252961159,-4.186999798
7578,-1.414085388,-0.759578586
7579,0.158568650,0.280599117
7580,-0.055502519,0.259544313
7581,-1.354143858,2.119897366
7582,1.735169291,0.656432688
7583,-1.017587304,0.623812735
7584,1.518727899,-1.118997097
7585,-0.404968739,-0.959025323
7586,0.103773013,-2.396970987
7587,-1.277911425,-0.607283831
7588,0.999638379,0.774670303
7589,0.817095280,1.340930104
7590,-1.342901349,-1.417099714
7591,-0.203725472,-0.301992953
7592,-1.426767468,-0.412973821
7593,-0.034944776,0.967351139
7594,0.152447954,-0.103241690
7595,0.719088733,1.590139031
7596,0.731979549,0.606798470
7597,-2.189912081,3.496416807
7598,0.028853748,0.622082412
7599,2.006912947,1.215908170
7600,0.162835047,-1.653375506
7601,-0.812701404,0.010505780
7602,-0.848043025,0.817532063
7603,-1.439579368,1.280592084
7604,0.812492967,0.173266217
7605,0.801406682,-0.035031214
7606,0.273988217,-0.867192566
7607,-3.544934034,-2.895348787
7608,0.336080164,2.426502466
7609,-0.232817903,0.202204853
7610,0.422545224,0.030968361
7611,0.718076766,0.624264956
7612,2.128713131,-0.975979149
7613,0.237160072,-0.566293955
7614,1.263842583,-1.071900964
7615,1.124541044,-2.446254730
7616,0.266477078,0.525700629
7617,-1.371279359,0.269928932
7618,-0.211591423,1.675099373
7619,0.974311292,0.116825938
7620,-0.347244471,-0.237747416
7621,-0.775111556,-0.030299002
7622,-0.777964056,-0.627381980
7623,-0.421457678,0.279953003
7624,-0.851134419,0.048363645
7625,-1.614257574,0.328728139
7626,-0.326171845,2.672767639
7627,-0.845129371,-0.669437587
7628,-1.902625203,-2.112868309
7629,1.596795678,-0.644279003
7630,1.020381689,-1.915125132
7631,0.592872620,1.528231382
7632,0.499108791,0.224236906
7633,0.214091316,-2.105928898
7634,-0.031268522,0.257887721
7635,-3.461540222,1.159273624
7636,0.551312685,-0.630967319
7637,0.554657578,0.836859345
7638,0.385575861,-1.768762589
7639,0.369437039,0.063179426
7640,-1.009496212,1.006035924
7641,-0.856865168,-0.574031770
7642,-0.385468274,-0.826330006
7643,-0.391879171,-0.925540507
7644,0.174349114,-1.732251167
7645,0.428001732,0.460943192
7646,0.851613939,0.591833234
7647,0.011655853,0.531464696
7648,-1.311430216,-1.103137374
7649,0.633857965,-1.855364442
7650,-0.023708418,0.332664102
7651,-0.228937432,2.208092928
7652,1.141886711,-0.084265858
7653,2.502572060,0.115513891
7654,2.829465151,0.801664472
7655,-0.366656661,-0.655577719
7656,0.148870155,0.203354552
7657,0.656948924,0.580316007
7658,-3.490607262,-1.654064536
7659,-2.648892879,0.948340476
7660,0.913281918,1.120410323
7661,0.822422802,-0.134775415
7662,0.235692710,0.623071194
7663,1.064932823,-0.598483205
7664,-0.253603667,-1.015559196
7665,-0.391943008,-0.178627551
7666,-2.023272276,0.763354480
7667,-0.727400243,0.247407377
7668,0.249636322,-0.199860677
7669,2.568506241,-1.237272263
7670,0.364447445,3.017223835
7671,-1.957477808,0.170803383
7672,0.659597754,0.345637649
7673,1.028079152,0.271080017
7674,0.016574547,-0.164103389
7675,-0.057153717,0.851528764
7676,-0.623776019,-0.441616237
7677,0.081636801,0.847067893
7678,-0.854694009,1.731199980
7679,-0.377990186,0.179041356
7680,0.228529409,0.184748515
7681,-0.465097606,0.655732393
7682,0.140643135,-0.161111012
7683,2.633516550,0.158650905
7684,1.757177711,-0.510480165
7685,0.860023856,-0.313488275
7686,-1.623320580,0.734788120
7687,-0.515195727,0.294608653
7688,-0.946683824,-0.012231027
7689,1.873416424,-0.406697214
7690,-0.973433375,-0.784585476
7691,-0.312537253,-4.946173668
7692,0.251272649,0.820544422
7693,0.335097224,-2.509339094
7694,-0.260156840,0.946883440
7695,1.099708438,0.433096856
7696,0.022987520,-1.245400190
7697,1.507251382,-1.798308849
7698,3.610725403,0.481697500
7699,0.158644110,-0.008672569
7700,0.102215677,0.527643800
7701,-0.512561619,-0.309241414
7702,-0.680927932,-0.609728158
7703,-1.937197685,2.351118088
7704,-0.193621308,-0.293795288
7705,-1.247617006,-0.457518578
7706,-1.590890408,0.251655281
7707,0.256389678,0.300613075
7708,0.344876081,-0.383501470
7709,-0.418341458,-1.157844663
7710,-0.225162193,0.223759994
7711,0.713434279,-0.564181924
7712,-1.451731920,1.729057312
7713,0.357038021,0.882468045
7714,1.162829518,0.946115792
7715,1.673421979,-0.341288209
7716,0.265031159,0.167554229
7717,-1.511917591,-2.684823036
7718,-0.709836721,-1.927401185
7719,0.269300669,-0.013315489
7720,-0.084081531,-0.268853694
7721,-0.527543962,0.023479629
7722,0.392219454,0.866929173
7723,0.073320977,-0.494073272
7724,-1.239662766,0.036084499
7725,1.487758517,-1.703132987
7726,-0.220333397,0.552750528
7727,1.489991069,-3.831466436
7728,-0.040407319,-3.498894453
7729,-0.347898960,-0.100115739
7730,0.723923326,2.174363136
7731,0.309512734,-0.066414870
7732,-0.429257989,0.013599581
7733,-0.571518600,2.921484470
7734,0.029372258,-1.736773610
7735,-0.355727941,-0.351337582
7736,-0.096012652,1.559122443
7737,-0.173294440,0.649672687
7738,0.765295029,0.071601689
7739,-0.369619370,1.317509413
7740,0.682875633,0.486073613
7741,-0.033567484,0.657276034
7742,-0.765074372,-0.880142748
7743,0.037164729,0.134256095
7744,-2.332974911,-0.056259710
7745,-0.356525034,-0.098607533
7746,-0.331944078,0.431459159
7747,-0.206059277,-1.901540279
7748,1.968223095,-1.207995176
7749,1.737259507,-0.003598188
7750,2.925195694,4.204671383
7751,-1.633813381,0.173003763
7752,0.605257809,0.300322503
7753,-0.853252232,0.295948833
7754,1.439013124,-0.409437180
7755,-0.068672940,0.545008242
7756,0.446504980,0.073549740
7757,-1.812249541,0.159578517
7758,1.240630388,-0.659866452
7759,0.891928256,3.442678690
7760,-1.348490834,-3.009110212
7761,-1.167581081,2.823724747
7762,0.389882982,-0.982445955
7763,2.216243029,1.385237694
7764,2.338762283,-0.348492324
7765,1.837070823,-1.294651985
7766,0.135368422,-0.935010076
7767,0.213573337,0.793323219
7768,-0.554797292,-0.131134331
7769,-1.460751653,2.175076008
7770,2.884561539,0.409335226
7771,-3.329904795,-0.220455125
7772,-0.518238008,-0.151586950
7773,1.437296152,2.926226616
7774,-0.938021362,1.129567146
7775,-0.184572756,-0.628769279
7776,-1.851513147,-1.819928408
7777,-0.526096702,2.444590330
7778,-0.664189637,-0.374974191
7779,0.448848754,1.144591928
7780,2.593271494,0.793630660
7781,0.510464787,-0.788463056
7782,-1.411716580,-0.158790946
7783,-0.617345035,-0.425606489
7784,2.257539034,-2.377380848
7785,-0.214783356,0.082674630
7786,0.340643734,0.492926776
7787,-0.651372552,1.658479333
7788,-2.359712839,-2.028904438
7789,0.019512614,-0.093660034
7790,-1.579174876,-1.420801878
7791,0.613186479,0.336118251
7792,0.080255628,-0.769133031
7793,0.257195681,1.275916457
7794,-0.302066833,0.232224792
7795,-0.086734831,-2.156134605
7796,-0.770313263,-1.725391030
7797,0.376809627,-0.210102662
7798,-0.727764010,-0.496788055
7799,1.136937857,1.236003399
7800,-3.090990305,-0.737802029
7801,-0.882203281,2.199027538
7802,0.004608603,-0.182028785
7803,-2.765486240,-1.555188417
7804,-0.801657379,-0.467288285
7805,-0.842966080,-0.142986730
7806,-0.978098273,0.069064640
7807,-0.810083568,1.403842449
7808,0.180375516,-0.387356818
7809,0.029535530,-0.529035032
7810,0.501373947,-0.083844416
7811,1.825314999,0.241082132
7812,0.801600456,-0.014309741
7813,0.587925017,-0.564838231
7814,0.844440103,1.140900254
7815,0.930542827,-0.252318799
7816,0.062283095,-0.377050430
7817,0.765157163,1.329413652
7818,0.689741313,-0.170795172
7819,0.944312632,0.989529788
7820,-1.736326337,0.608915150
7821,1.841089964,-0.494289011
7822,-0.230135635,-0.106824122
7823,1.950873613,-0.985038698
7824,0.975798726,-0.496044219
7825,1.925426006,-0.454716235
7826,0.013151325,-0.550575137
7827,-1.316554070,-1.106101513
7828,0.715418041,0.670758188
7829,0.357754767,1.198322654
7830,0.049484547,-0.672488272
7831,0.144084185,0.087487452
7832,-3.391380787,-0.328579634
7833,-0.865101397,2.926194191
7834,1.175830960,1.790855646
7835,2.389555216,-0.299522042
7836,0.138467580,-0.178649127
7837,1.423698783,-0.674269140
7838,-0.555017710,-0.390014052
7839,-0.095022112,-0.133292496
7840,-2.241928577,2.066874981
7841,0.802067637,-1.775132656
7842,0.132680982,-0.523741305
7843,0.938415527,1.687549949
7844,0.389548302,2.277005196
7845,-0.642043650,-0.380593687
7846,0.169897914,-0.106568880
7847,-0.652762175,-1.075210452
7848,1.736053586,-1.350662827
7849,0.535527170,-0.181252494
7850,0.011557587,-0.344137877
7851,-0.032240715,0.309163958
7852,-0.114167415,-1.386205554
7853,-0.369498700,0.126275614
7854,-1.547796726,0.730295122
7855,0.742861092,-0.321491301
7856,0.196336970,-0.322329551
7857,2.493171692,1.133077860
7858,-0.207264498,-2.470430136
7859,0.020658661,0.607448459
7860,-1.268903255,1.535926938
7861,1.805198908,0.723686397
7862,-0.594313085,-1.476992249
7863,-3.384831190,1.339262009
7864,-0.072121739,0.371652901
7865,-0.723791420,0.160945818
7866,-1.470786452,1.559967518
7867,-0.625814080,1.204402685
7868,1.787355542,0.986574292
7869,-0.625778079,-0.966155708
7870,-0.347205669,1.890852690
7871,0.975342512,-1.335991859
7872,1.292649508,-1.938541412
7873,-0.853920281,1.418445110
7874,-0.919020057,-0.190859258
7875,0.159734026,-0.281166822
7876,-0.741681874,-1.381870985
7877,0.955890596,-0.073439114
7878,-2.678125858,1.203651547
7879,2.016827822,1.024103403
7880,1.153581023,-0.391946763
7881,0.231160179,0.316412598
7882,0.502716660,0.075204059
7883,-0.032842286,-2.062378645
7884,0.600595772,-0.155845433
7885,2.042532682,0.241951317
7886,-1.722886801,-1.014152169
7887,-0.136123627,0.592320323
7888,0.947065890,0.518239975
7889,-0.024573093,-0.336915731
7890,-0.320585549,0.385066420
7891,-0.218100771,0.230549946
7892,-0.389644980,-0.613845348
7893,-0.842734635,-0.087503567
7894,0.400975198,1.201067686
7895,0.138497368,-2.255156994
7896,-0.996330857,-0.101231374
7897,0.665699780,-0.203379288
7898,1.262989759,-2.837273598
7899,1.187981844,1.950862646
7900,0.265103549,-0.788914382
7901,2.659008265,2.133946419
7902,0.476218522,0.148545027
7903,-0.262167156,-0.161062405
7904,0.073718123,-0.070324488
7905,-0.735048771,0.392938524
7906,0.538178802,-0.182329819
7907,0.875766277,-0.464588314
7908,-1.240412354,-0.807082832
7909,0.441109359,-1.010082126
7910,-0.512669384,0.766824841
7911,-0.251098365,0.055775739
7912,0.547798216,0.629297853
7913,-0.309827924,-0.305200756
7914,-0.282747447,0.650667429
7915,1.499285221,1.264411688
7916,1.774778485,-1.169100642
7917,-1.309965849,-0.885522902
7918,1.404097676,-0.445507377
7919,2.411551714,0.174431741
7920,0.011755304,0.291507363
7921,-0.511640668,-0.769643962
7922,0.399062246,0.795403481
7923,0.245265156,-2.351126909
7924,-0.325875252,-0.749191284
7925,-0.160121262,0.273967415
7926,1.004786968,-0.548659265
7927,-0.482541651,1.951353550
7928,-1.221109629,-0.458384305
7929,-0.436984301,-0.176015183
7930,-0.410277724,0.982944250
7931,0.192328617,3.568561316
7932,0.772995293,0.962014019
7933,-2.578327894,0.995399237
7934,-0.972851038,-1.861016750
7935,-0.845549285,1.023511410
7936,-1.807034373,-0.954181314
7937,-1.753189683,-0.128343627
7938,0.286404073,-0.271074861
7939,-1.676402569,-1.784053802
7940,-1.432509065,-0.053441770
7941,0.926200092,0.101791926
7942,-0.995950222,-0.273734748
7943,-1.675644636,-2.393410921
7944,0.286986083,-1.174256206
7945,0.185281530,0.560380816
7946,-0.342680812,0.934190571
7947,0.386518091,-0.109790310
7948,0.527856708,-1.294169068
7949,-0.512608111,0.547952294
7950,0.806719720,0.267877072
7951,-0.062862590,-1.011621594
7952,-2.050790787,-2.627682686
7953,-0.272665322,-0.107455440
7954,-0.288936794,-0.277707964
7955,2.680099487,-1.423844814
7956,-1.354162097,-0.106374405
7957,-0.378600419,0.718303621
7958,0.389291197,-1.427318215
7959,-1.357635498,-0.563063204
7960,2.188854694,-0.897666991
7961,-0.591069996,-0.462296814
7962,2.496552944,-1.450195551
7963,-0.256229281,-1.772334933
7964,1.365049481,1.090701699
7965,1.388934493,3.144247532
7966,-0.477231175,-1.659957767
7967,1.017425776,0.064784892
7968,0.162555590,-1.033145189
7969,1.756141782,1.233093262
7970,-1.565454125,0.020894365
7971,-0.585678220,-1.277606964
7972,1.238921642,-1.315917492
7973,0.072285809,-1.919885755
7974,1.214460492,0.735647559
7975,0.177853778,0.034277175
7976,-0.062791340,0.199786738
7977,-1.105287194,-0.098427862
7978,2.933094263,-2.195789576
7979,-0.033220097,3.030022621
7980,-1.115828633,-0.481913209
7981,-0.299857438,1.432881236
7982,-0.011906148,0.204720423
7983,2.821890354,0.256395608
7984,-0.392650157,1.950109005
7985,-1.967839479,2.039318800
7986,1.765521049,0.027889157
7987,-1.642354012,-0.809303284
7988,-0.608190775,-2.945931435
7989,1.255007386,-0.116841741
7990,0.868729949,-1.733564734
7991,1.247732520,1.391298532
7992,-0.118312106,0.352937400
7993,2.092864037,0.398047626
7994,-0.370064169,-0.026474399
7995,-1.098163605,-0.059496872
7996,-0.367658645,0.223940507
7997,0.131375641,0.131760821
7998,-2.150516748,1.030861616
7999,0.438283354,2.357980967
8000,-0.788723052,-1.974614382
8001,0.973266661,2.130675316
8002,-0.633326471,-2.105484724
8003,-1.811726213,0.373210490
8004,-1.174504757,0.980683863
8005,0.595618904,-0.035471652
8006,-0.589076817,-0.730172157
8007,0.050520856,-1.772831798
8008,0.127463698,1.969331861
8009,0.574651003,3.375405312
8010,0.798168659,-0.196939871
8011,-1.142854333,0.954466999
8012,0.767490506,0.800668657
8013,1.520384431,-0.611513615
8014,-1.425289631,-1.021288395
8015,-0.950404465,-1.071845055
8016,1.409094810,0.087744996
8017,-1.364211559,-0.255128980
8018,0.305176079,0.754294634
8019,0.262783200,-1.582112193
8020,0.921361148,-1.081210732
8021,-0.952240825,0.384966701
8022,-0.218670249,-0.839287519
8023,0.552581131,1.195972800
8024,-1.715920925,-1.537101030
8025,-1.096762657,0.362770289
8026,-0.166314289,-0.623685896
8027,-2.437164068,-1.375896096
8028,-0.193948045,2.576985121
8029,0.400808960,-0.123592086
8030,-0.798173785,-0.224157229
8031,0.568461537,2.278285742
8032,0.544333577,-2.414600134
8033,1.604641557,-0.308910966
8034,-1.286580205,2.068745136
8035,-1.645239115,0.515506506
8036,-1.717393875,1.492919683
8037,0.129986569,0.267465144
8038,0.457557678,-3.112040758
8039,-0.368025154,0.179861516
8040,-2.147943735,-3.785438299
8041,0.053748608,0.267639786
8042,-2.102313042,0.605421364
8043,0.149175420,-0.078682616
8044,-1.538455844,-1.083631992
8045,1.526447654,2.427076578
8046,-0.223526016,3.031182051
8047,0.233529583,-0.185131982
8048,-0.238971576,-0.035658736
8049,0.917662501,0.340585440
8050,0.153042823,0.618800938
8051,0.026200581,-1.327131867
8052,3.132500887,-0.885973573
8053,1.450385809,0.489106119
8054,0.025699297,0.619383454
8055,0.685701907,0.378043056
8056,0.011633616,-1.996345043
8057,0.616528273,-1.458132863
8058,-0.205315828,0.549342036
8059,-2.108117342,-1.858643770
8060,0.451202929,-3.642874718
8061,-1.118046045,-0.144498318
8062,0.147849336,-2.223359108
8063,1.301078916,-0.238913566
8064,0.017882215,0.527263820
8065,1.720543504,1.426536679
8066,-0.626724482,-1.362611175
8067,1.847951055,-1.389330626
8068,-2.115600348,-0.061732318
8069,-2.410600424,-2.504084110
8070,0.882365704,2.004325390
8071,0.941234291,-0.158628464
8072,-0.796371937,1.422886610
8073,1.516836405,-0.834406674
8074,0.405209661,-1.362290740
8075,2.517020941,3.876175404
8076,0.143274844,-0.526938319
8077,-0.802130818,-1.300790787
8078,-1.060444832,1.715006351
8079,-0.150411084,-0.287877500
8080,-0.085059039,-0.579764307
8081,-0.801081836,-0.489149511
8082,-1.947563410,-1.774080873
8083,0.418661803,-0.701482475
8084,0.450919002,0.756292701
8085,-1.471040726,0.144025400
8086,-0.955121279,-0.295768708
8087,0.077116996,1.129776359
8088,1.721490741,-0.658565760
8089,-0.124696173,0.292413026
8090,-0.516539454,1.125588179
8091,-0.584244668,-1.228981018
8092,-1.315210223,-0.388318062
8093,0.307802707,-0.534357667
8094,0.686073780,0.988159239
8095,-1.600092530,-0.889919460
8096,0.023992047,0.141670644
8097,-2.043874741,-1.685644746
8098,0.619601130,2.534277439
8099,0.340987802,0.476475656
8100,0.532073736,0.447310090
8101,-1.756165266,0.592971265
8102,1.550151229,-0.030044293
8103,-2.492051840,1.331764340
8104,-0.560534477,0.993607879
8105,2.921130419,-1.031929374
8106,-0.538677871,-3.165949106
8107,0.259108543,0.942212701
8108,-1.285020709,-1.890084147
8109,3.472647190,1.300197959
8110,-0.244274020,0.123680592
8111,0.257975578,0.382576048
8112,0.145637080,-0.235585272
8113,-0.557041764,0.187731415
8114,-0.101663411,-2.398549318
8115,1.044455767,-0.991868019
8116,0.624196947,2.008070946
8117,0.564960718,0.119804762
8118,0.114506461,0.101055093
8119,0.862991989,-0.427102596
8120,-0.639904797,-1.820564151
8121,-1.123652577,0.542411089
8122,0.994804800,0.455327898
8123,-0.852644444,-1.020858288
8124,-0.518246412,-0.877608061
8125,-0.629193902,-1.314330935
8126,0.038598873,-0.202449471
8127,0.545127153,0.994652867
8128,1.040840626,-0.594955921
8129,0.299533039,-1.667488694
8130,-1.107200742,-0.721959829
8131,0.596543670,1.586244822
8132,-0.504547954,1.288369298
8133,1.372373343,2.286712170
8134,2.310730219,1.424367070
8135,-0.955371678,-0.430726111
8136,0.718935370,1.957639694
8137,-0.865097880,-0.770063400
8138,-0.288171619,-0.883147240
8139,0.055109359,2.180904388
8140,-0.418892354,0.214200765
8141,-1.835894585,-1.314237714
8142,-5.031089306,1.673781157
8143,-0.746527731,1.660663605
8144,-0.216709211,1.489852071
8145,-1.045040369,1.034388900
8146,-0.853659451,-0.654235244
8147,-0.988676727,-0.625159085
8148,-0.613564849,0.958868325
8149,-0.497818053,-1.237221837
8150,0.251141816,-1.596175671
8151,-2.763983011,-1.490338326
8152,0.413797170,0.642080665
8153,-0.459871680,-0.401685596
8154,0.599878728,0.406509727
8155,0.118171453,-0.139300063
8156,-0.123924904,-1.785114050
8157,0.394913495,-0.504224181
8158,0.200057954,-0.361198813
8159,-1.359288931,-1.921896696
8160,-1.004132271,-1.357047319
8161,-1.834689736,-0.095757827
8162,-0.713466585,0.902231872
8163,-0.526862979,1.204012394
8164,0.269468606,-0.023356594
8165,0.302973539,-1.312424064
8166,0.415419787,2.394867897
8167,-2.111519814,1.776602149
8168,0.356672078,1.514727473
8169,0.857821226,-1.012129903
8170,1.389249921,0.907409191
8171,1.040115952,0.004988783
8172,-0.931227207,0.416581780
8173,0.232974827,1.225959420
8174,0.553704798,-0.355283886
8175,0.020118097,0.583195925
8176,-1.394847035,2.147336960
8177,-0.462019444,0.652647913
8178,0.461660653,-0.232135952
8179,-0.840481043,0.196138859
8180,-0.597177446,1.533962131
8181,1.135655046,0.243951291
8182,0.179884031,0.559915602
8183,0.709885240,-0.980482340
8184,-0.596324205,3.453951597
8185,-0.324238658,-0.105992727
8186,-0.264731377,1.033896208
8187,-0.279863000,-0.760170400
8188,0.618382156,-0.050651789
8189,0.140767813,-0.372219384
8190,-0.505173385,0.162249699
8191,-1.578185439,-0.443488359
8192,-1.412761688,-0.621707201
8193,-1.308908582,1.996479750
8194,0.461483240,-0.616064250
8195,0.668586493,0.160952613
8196,0.481306732,0.768501818
8197,-0.377425253,-0.505518138
8198,0.132102042,-0.114435777
8199,-0.071358882,-1.405639529
8200,-0.616735399,-0.078522630
8201,0.776000917,1.261161923
8202,-2.728141785,-1.314809322
8203,1.571419835,-0.113560177
8204,-0.398593336,-0.111696243
8205,-0.797114611,2.039295435
8206,0.543067753,2.534024477
8207,-0.139756113,-1.549082041
8208,0.371402085,-1.426740170
8209,1.188039303,-1.079449773
8210,0.274010360,0.095821559
8211,1.167269111,0.232075974
8212,0.469311178,-0.462500930
8213,-0.981374502,-0.028371392
8214,-1.567770362,1.576924920
8215,0.124568135,-1.177453995
8216,-0.184722200,0.105985716
8217,0.122505717,0.587386549
8218,0.244418591,-0.834673882
8219,-1.040155411,-2.740238667
8220,-0.371906340,-0.856651843
8221,1.477194905,2.031717539
8222,0.898620546,-0.756865501
8223,-0.482794851,0.561228156
8224,-1.911013365,2.247259378
8225,-0.291175544,0.442619890
8226,0.511673868,3.325279474
8227,1.103419185,1.079528570
8228,-1.851565242,0.232615635
8229,0.016992189,0.105750158
8230,0.545060933,0.855366230
8231,0.872724473,-0.348415673
8232,1.322263718,-0.529101849
8233,-1.591062903,0.725938201
8234,-0.594092488,-1.106072664
8235,0.264658213,1.717820644
8236,3.343859911,-3.085298777
8237,-1.463619232,1.615840197
8238,0.282775968,-1.219667435
8239,0.639136732,1.181772470
8240,-1.293315053,1.155207157
8241,-0.497937649,-0.451363683
8242,-1.126575708,0.321490794
8243,-0.082554944,-0.162258312
8244,-0.147142351,-1.598037481
8245,2.110675812,-1.751574039
8246,0.648381889,1.293755174
8247,1.546511650,1.663490653
8248,0.050487317,-0.043314245
8249,-0.118455678,0.466370016
8250,-0.322563529,0.219183117
8251,0.694181502,0.003460166
8252,-0.133066744,-0.063344799
8253,-0.256123692,-0.111753404
8254,-0.818997622,0.809387267
8255,-0.037550170,-0.447521150
8256,0.345608979,0.058244754
8257,-2.490367174,0.678882658
8258,-0.141962036,0.359627873
8259,-0.731473029,-0.276139498
8260,0.567659795,-0.770279348
8261,1.368623018,1.141055822
8262,0.054266598,0.814528048
8263,0.120199390,-0.471132338
8264,-0.483430773,-0.167797491
8265,2.311736822,-1.064499259
8266,-1.447806001,-2.224415302
8267,1.718077421,-0.142327398
8268,2.698524475,-2.311022282
8269,-1.506431699,-0.313525885
8270,-0.228691995,-0.147795275
8271,-0.167702585,-0.312162131
8272,-0.219570458,-0.987591445
8273,-3.804808617,-0.204191506
8274,0.430326492,0.666008115
8275,-1.083009005,0.051944707
8276,-1.293836713,-0.551544070
8277,-0.571692467,-1.241846800
8278,-0.125924677,0.635095954
8279,-0.520087719,0.709205747
8280,0.026101744,0.764581442
8281,0.880848348,1.004217267
8282,0.678879380,1.534401774
8283,-0.452274024,-1.420442700
8284,-1.568769097,-0.301417083
8285,2.244740486,-0.163669199
8286,1.339236379,-1.829794765
8287,-0.267189771,-0.229146659
8288,-0.656059742,-1.796882510
8289,-2.948150635,-0.701997757
8290,-1.762391925,0.137734264
8291,-1.504178047,-0.786846757
8292,0.347533137,-0.023501409
8293,1.356801510,0.048570059
8294,1.483806133,-2.226123810
8295,2.080398321,0.074268050
8296,-1.023182034,-1.240026116
8297,-0.073338471,-0.889663041
8298,0.614214122,0.684022009
8299,0.860490859,0.371676058
8300,-1.439323783,-1.223365784
8301,1.357613921,0.870948434
8302,0.094053872,-1.428225756
8303,-0.120250642,0.723828435
8304,-0.745068192,2.148242712
8305,1.900359154,0.738508821
8306,1.726143360,-1.768063307
8307,0.499034822,0.706902206
8308,-2.607372046,-0.252841771
8309,2.575510979,1.270511746
8310,-0.176034153,-2.673440456
8311,0.080994807,0.309460133
8312,-0.267378390,2.164000988
8313,0.606689751,-0.055318002
8314,1.921931028,2.695484161
8315,-0.117441781,0.315336406
8316,-1.325977683,0.630830884
8317,-0.217528015,-0.003319663
8318,-0.054831736,0.308802783
8319,0.372011125,1.653936505
8320,0.016189227,-1.833074212
8321,1.285213947,2.304712057
8322,3.602144957,2.094946146
8323,-0.981541812,-1.379330516
8324,-1.448785424,-1.654134512
8325,-0.849715829,-2.966218948
8326,0.127605930,0.505173385
8327,-0.754668593,1.013252497
8328,2.670382500,-0.349543542
8329,-0.004790262,0.396292120
8330,0.972232103,-0.539788127
8331,-1.798721194,1.952239871
8332,-0.224866465,1.996469855
8333,0.629313588,-0.826304317
8334,0.687314093,-0.562213480
8335,3.683316708,-0.288997412
8336,-0.732828677,0.780789495
8337,-1.421803355,-0.220317274
8338,-2.212674618,-1.365057349
8339,-0.893358290,0.041925926
8340,1.174191713,-0.569377899
8341,-0.684852242,0.877148628
8342,-1.023754001,-0.990653336
8343,2.921877146,1.327491283
8344,-0.284186572,-0.502326071
8345,-0.296925366,-2.888957024
8346,0.075407818,-0.898013473
8347,0.960935771,1.246701837
8348,-0.055037554,-0.477374315
8349,0.134216502,-0.901519716
8350,0.083875231,0.418063551
8351,-0.038072444,-0.905577183
8352,0.559609115,0.406854540
8353,2.638424158,1.754369378
8354,1.358508110,-0.818658233
8355,0.470340461,0.900458276
8356,-0.008065712,-0.048269350
8357,-0.708986759,-1.326211691
8358,-0.115002982,0.290198594
8359,-0.179055631,-0.252457261
8360,-1.275638580,0.517903149
8361,1.699404836,-3.803152323
8362,-0.218883783,-0.200087279
8363,0.202972278,0.823721170
8364,0.660659790,-0.337708622
8365,-1.107830286,0.520330966
8366,-0.851493776,0.097428188
8367,0.060639068,-0.185629398
8368,0.438681155,0.169896454
8369,0.512508929,-2.161802769
8370,0.698056877,1.201516271
8371,-0.855411589,1.059221625
8372,-0.591987967,1.896567225
8373,-1.277100682,-0.429025352
8374,0.019387446,0.377638221
8375,1.884226084,3.595944405
8376,3.364655495,-0.172125906
8377,0.411378354,1.586964846
8378,1.340731978,-1.321750402
8379,-0.157344550,-0.125691563
8380,-1.811413527,-1.381334305
8381,0.342748672,-0.579607487
8382,1.092532277,0.900414884
8383,-1.368348718,1.452268720
8384,0.641486108,-2.356965542
8385,-2.140681028,0.001727966
8386,-0.355400503,-0.221931830
8387,-0.654405355,-1.201871872
8388,2.006891012,1.218535781
8389,0.601213872,0.519146442
8390,1.732642293,-0.498062015
8391,-0.232414216,0.239635095
8392,-0.131491452,-2.339070320
8393,-0.863693833,1.062851310
8394,-1.285112500,0.659065306
8395,-0.175278455,0.026025446
8396,-0.639353275,-0.262174189
8397,-1.647749305,-0.626764476
8398,1.172412395,0.155600920
8399,-0.864812136,1.464806199
8400,-0.582092106,-1.421530843
8401,-0.157485962,0.382604063
8402,-0.967677593,0.007868599
8403,-1.232265234,-0.774933159
8404,-0.076606296,-1.389795542
8405,-0.824581146,-2.104287148
8406,-0.298867851,-0.233785033
8407,-1.776161551,0.799780488
8408,-3.852659464,1.000028729
8409,0.915414929,0.875028014
8410,-2.018544436,-2.013090134
8411,-1.613613486,-0.713925004
8412,1.082685590,0.485885054
8413,-0.713849127,-0.739529252
8414,1.408236980,-0.376200885
8415,-0.186226204,-0.064428717
8416,1.166847110,1.202250361
8417,1.007041335,-1.020242214
8418,-1.153127789,-2.164629698
8419,-1.328760147,-1.143908739
8420,-0.078186825,-1.458430409
8421,3.299506187,1.669582725
8422,1.600345612,-0.635095835
8423,-1.991629601,-0.857280195
8424,-0.634616494,0.429619879
8425,1.337732077,0.246860474
8426,0.279433548,0.152646750
8427,-0.084181242,0.251835436
8428,-0.364875495,1.731958985
8429,-0.286305189,0.048920270
8430,-0.837496579,0.938785970
8431,-1.325561762,-1.242386937
8432,0.086318083,3.526054382
8433,0.752058923,-0.657111943
8434,0.841500998,-0.531867325
8435,1.348820090,-1.532638311
8436,0.228420317,1.093995929
8437,0.356809616,0.859266281
8438,0.575770915,-1.466776252
8439,1.473761439,0.722412407
8440,-0.287970245,-0.129836529
8441,-1.316292763,-0.217365876
8442,-0.369458944,-1.584352612
8443,3.076868296,-0.972121418
8444,0.074826814,-0.863799393
8445,0.212961137,1.708176851
8446,-1.826594353,-3.025141716
8447,-0.847363651,-0.780776560
8448,0.520328879,0.159649670
8449,-2.474192381,-2.326704025
8450,1.277712345,-0.609944701
8451,-1.849525332,-1.049276233
8452,-1.062505603,-0.904223621
8453,-0.753927767,0.751281142
8454,0.919645727,-0.743024766
8455,0.222626597,-1.181699991
8456,-0.206083044,-0.429842860
8457,-1.450909615,0.268456250
8458,-1.304896474,0.155611396
8459,-0.511950791,1.663106918
8460,0.147326574,0.497419178
8461,-1.349345803,0.516580701
8462,0.040605046,-0.463438034
8463,0.356458962,1.540890336
8464,1.059512734,-1.070903301
8465,-0.871311188,0.948250830
8466,-0.035401765,0.760842264
8467,-2.559413671,-1.244596958
8468,0.129347220,-0.406893939
8469,0.218867213,-2.694755316
8470,0.364343256,-1.287635803
8471,-1.392294526,0.655052543
8472,0.620704055,-0.435486317
8473,0.173851386,1.463244557
8474,-0.134478301,-0.166465089
8475,1.611588836,1.612537146
8476,-1.200718880,0.190815628
8477,2.344986439,-0.582133055
8478,1.248493314,-2.060184479
8479,0.406044841,0.289594650
8480,2.340023518,-1.505915046
8481,-3.806014061,-0.263710648
8482,-0.023488253,0.327721953
8483,-0.491657853,1.784461141
8484,-1.843637228,2.070218801
8485,0.867005229,1.971539617
8486,-0.091049492,-0.408574522
8487,0.342991650,-0.651061952
8488,-0.176346868,3.626600981
8489,-2.072511196,-0.335655302
8490,-0.063079379,0.364246070
8491,-0.869321585,-1.070239305
8492,0.284759045,-0.381634593
8493,2.120943069,1.758169889
8494,1.171046138,-0.614447832
8495,0.633602798,-0.290847480
8496,-0.229186803,-0.431167364
8497,-0.773918152,1.755237818
8498,0.245956898,-0.803048611
8499,-0.463303983,0.231812596
8500,2.181881189,0.120648704
8501,-0.647693515,-0.634169698
8502,-0.858112514,-0.731615007
8503,-0.378907949,-0.967337132
8504,-0.751628458,0.734082699
8505,-0.606507361,1.085715771
8506,1.137849331,-2.265390396
8507,-0.725143850,-0.169715062
8508,0.458979875,-1.295285821
8509,1.549474597,1.480168223
8510,1.660373211,0.199279264
8511,0.146491528,-0.083344251
8512,1.917927623,-1.127953887
8513,-0.829025626,-0.610524237
8514,0.529133558,4.004636288
8515,1.532112479,1.153031588
8516,-0.325541973,-0.038207218
8517,-0.896701634,-1.545235157
8518,0.057222441,-1.792762637
8519,-0.568249881,0.637197077
8520,-0.084820077,1.215897918
8521,0.348893732,0.366067827
8522,0.534914136,-1.908508897
8523,-0.227770999,-2.323487997
8524,0.803435206,0.807372928
8525,-0.809442937,-2.327688456
8526,0.772968352,0.505943537
8527,-1.162853479,-0.029237140
8528,0.335149646,-0.090518259
8529,-1.391755819,0.169896856
8530,-0.597628534,-0.231127143
8531,-0.342734039,0.810798168
8532,0.090909697,-0.635944605
8533,-0.561897039,-2.560537338
8534,0.308303058,-2.011876583
8535,-2.668384552,-0.261017919
8536,-0.707687199,2.771673441
8537,-0.344241649,-0.316676915
8538,-0.120052688,-0.814689994
8539,-1.192016125,0.357615799
8540,-2.206064463,-0.727670670
8541,-0.013424191,0.092096217
8542,-1.661250234,-2.896672487
8543,0.153650731,0.171930701
8544,0.186128438,-0.132265136
8545,-0.395052910,0.735981464
8546,0.450863600,0.322061926
8547,-0.043319199,-0.803340018
8548,0.475826472,-0.096508935
8549,-1.558153629,-0.355779409
8550,0.584061801,0.393864483
8551,1.471651077,0.729662776
8552,1.699102044,1.283516407
8553,-0.084406540,-1.060069561
8554,-1.027866960,0.373509586
8555,-0.463810086,0.445735067
8556,0.281106263,0.082544006
8557,-0.680607080,0.350592703
8558,0.764031053,1.827835798
8559,-1.912757277,0.326724678
8560,-0.457141161,-2.897634745
8561,-0.584682524,-0.523538172
8562,-0.259610891,0.699057341
8563,-0.070484027,-0.152147993
8564,-0.197064817,1.527668357
8565,-0.130536005,0.463543147
8566,-1.963226676,1.039101005
8567,-0.102948010,0.151371941
8568,-0.117156744,0.086255901
8569,-2.555703163,-1.061994433
8570,1.024581909,2.642309904
8571,0.392062485,-0.636174917
8572,4.370110512,1.711437821
8573,-3.813315630,-1.499660611
8574,-1.630004525,0.579201043
8575,-1.827422619,-1.660726428
8576,0.428223491,-0.275995880
8577,-0.445869565,-0.898803115
8578,0.027612746,-0.691989601
8579,-0.880012631,0.225844249
8580,-1.630964160,-2.017997980
8581,-0.433396131,0.414997697
8582,0.117045671,-0.497214437
8583,0.477057427,0.168606475
8584,-0.326168746,0.123155721
8585,1.985005617,0.007488307
8586,-3.155575275,-0.159987852
8587,-0.343986630,1.669474959
8588,0.335367769,0.588181734
8589,0.289944112,-1.782048345
8590,-0.846531153,1.100031972
8591,-1.417971134,-1.413048625
8592,1.602318645,0.134723499
8593,0.112715729,0.058030151
8594,1.641132712,0.096747607
8595,-1.199432373,2.232434988
8596,0.258748919,-0.751080751
8597,0.276674598,-0.063735388
8598,1.316294312,0.562065661
8599,1.577379823,-1.768471718
8600,1.820775270,-0.237723798
8601,-1.407271743,-0.536685109
8602,-1.183956623,-2.243854761
8603,2.654187918,1.687628031
8604,-1.041740894,-1.442070246
8605,-0.056892592,0.347084582
8606,-2.113471508,1.357244372
8607,-0.220954537,1.508278251
8608,0.434840024,-1.504510522
8609,0.038499556,0.273914456
8610,-0.315336972,1.467675090
8611,0.098397128,-0.333950937
8612,-0.849060595,-2.332501411
8613,-0.661815643,-0.640073180
8614,-0.893903136,-2.886057615
8615,-2.090596199,-0.800380766
8616,0.553020358,-0.369879752
8617,-0.193967566,0.004762944
8618,0.204052657,2.527010441
8619,1.483447552,-0.397297025
8620,-2.295385361,0.820879459
8621,-5.776595592,1.353907228
8622,-0.141450152,0.525396645
8623,0.299790829,-0.788094223
8624,-1.463227630,0.873246491
8625,-0.730082214,-0.053368155
8626,-0.774908662,0.134660989
8627,0.224389657,0.843687475
8628,-0.203336060,-1.705725908
8629,0.507388890,-0.608699143
8630,-0.965710402,0.180292308
8631,-0.879467905,-0.942034543
8632,-0.666077971,0.354723901
8633,-0.049165472,-0.774347603
8634,1.648729682,-0.447736472
8635,0.213068217,-0.418260723
8636,0.294565856,0.015804695
8637,-1.756556511,-1.569706917
8638,-2.437461615,-1.763214588
8639,-0.975504935,1.903060198
8640,0.032196987,1.936560869
8641,-0.239568010,0.674901545
8642,0.355766326,-2.102024078
8643,0.140316725,0.442196280
8644,0.721006334,1.428700686
8645,-0.440658242,-0.425249577
8646,-1.018532276,-0.169096515
8647,-0.120482728,-0.117543295
8648,-0.277831912,0.500078678
8649,-0.466292113,0.553918600
8650,-1.363966346,-1.302508950
8651,-0.346938014,0.089153573
8652,0.190941662,0.637325585
8653,-3.037997007,-0.286127985
8654,1.664289474,-0.389453620
8655,-0.721568346,-0.906160891
8656,-1.088470936,0.320378959
8657,0.485473067,0.559739828
8658,0.458715200,-0.499704331
8659,2.173568964,2.210201979
8660,-0.637841165,0.834085882
8661,0.063505098,-0.320170492
8662,-1.196821690,-0.149388954
8663,-0.402764797,0.650899589
8664,0.079393320,-0.271660209
8665,-0.272649288,0.608302176
8666,-2.289981365,-0.456708461
8667,-1.143738151,-0.622262597
8668,-1.980465889,0.093390979
8669,0.982072175,4.057890892
8670,-0.205850348,0.815651059
8671,0.672958374,0.996362388
8672,-0.230755553,0.449787647
8673,-0.854886651,-0.184173062
8674,1.525715947,1.025348067
8675,1.685636163,-1.444703817
8676,-0.525395632,0.785457969
8677,-0.195971236,-0.221303940
8678,-1.467772961,0.380659044
8679,-0.838808179,-0.674251318
8680,-1.280311584,-0.127039656
8681,-1.004655600,-0.314096451
8682,-0.270127445,-1.431356668
8683,-1.477249146,-0.550409138
8684,0.350284100,-0.174181089
8685,0.538797438,0.283271998
8686,0.222528294,-0.107805796
8687,-0.193379045,2.629521370
8688,0.313344806,-0.235818639
8689,1.430478811,-0.513909161
8690,-0.864810526,-0.591127276
8691,-2.191578388,0.973619819
8692,0.251965731,0.127077430
8693,0.265701532,1.040970564
8694,-0.467422396,0.116533883
8695,-0.201104864,0.251947314
8696,0.157643840,-0.604120374
8697,0.138089448,0.121884815
8698,-0.855476916,-0.918170094
8699,-0.053278625,-0.166217312
8700,-0.056458365,5.150988102
8701,0.391555220,0.124499537
8702,-0.610319555,0.280514717
8703,-0.739614189,0.560600102
8704,0.152775764,0.967301965
8705,0.099077970,-0.766238272
8706,0.023062436,0.148122817
8707,1.996745706,1.189789772
8708,0.193093091,0.405301362
8709,-0.328006178,-0.312044352
8710,-0.041216135,0.161644205
8711,0.042661067,0.182567701
8712,-0.660349607,-0.551279247
8713,0.817748427,0.121399514
8714,-0.237021253,0.588524997
8715,-0.090027668,0.177317858
8716,2.224345922,-0.026688755
8717,0.891803384,0.788783729
8718,-0.128447041,0.187255934
8719,0.367298126,0.874223113
8720,1.636914492,-0.983373642
8721,0.296769559,0.437760204
8722,0.521483779,-0.107852638
8723,0.401892245,-1.599713802
8724,0.217885301,-0.176027820
8725,0.883664966,-1.572166085
8726,-1.528800368,-0.279267937
8727,2.204100132,-0.902341604
8728,1.241711020,3.254475117
8729,1.352728248,0.447455406
8730,0.123519264,0.581290722
8731,0.081234910,2.472835302
8732,-1.104724765,0.419857085
8733,0.083063148,-0.377640843
8734,-2.830651999,-0.788880646
8735,0.106639162,-1.324606061
8736,-1.710419059,0.823923647
8737,0.045064609,0.911321342
8738,0.601884305,-3.041340828
8739,0.031521183,-1.251596451
8740,-0.595211744,1.796182394
8741,-0.693655610,-0.051404230
8742,0.056777887,0.121337175
8743,1.017297387,1.875033498
8744,-0.867574632,-0.069623806
8745,-0.053269301,1.170971990
8746,2.089943409,-1.783740520
8747,0.385222942,-0.464152813
8748,0.721444726,0.563226998
8749,-0.154644907,0.395521909
8750,-0.205061734,0.751833022
8751,0.224887282,0.338565707
8752,-0.521123230,1.404278755
8753,0.798459947,-0.068637267
8754,0.750225961,-1.089812279
8755,-0.454891056,0.170137331
8756,0.957935989,-2.092687845
8757,-3.648572445,0.329565763
8758,-0.476725459,0.224925488
8759,-2.691235542,0.961910725
8760,0.421509981,0.524686575
8761,-0.000259534,-0.312402874
8762,0.359497309,3.069513321
8763,0.884952009,-0.530666709
8764,-0.116058409,-0.337823868
8765,-0.215055346,-0.132935926
8766,0.634629428,-1.538828254
8767,-0.495690346,-1.861304998
8768,0.576560199,0.735949457
8769,0.583934605,0.300915956
8770,-1.475018024,0.027590832
8771,1.061256289,-0.626448154
8772,-0.002927810,2.065551758
8773,-0.616434574,0.581678987
8774,0.702627242,-0.233597994
8775,-0.875071824,-0.180283830
8776,0.307014436,-0.038501557
8777,-0.711170316,0.504313946
8778,-1.333067775,-1.336312532
8779,-0.144593731,-0.091837570
8780,-0.417776078,0.596348047
8781,0.178688630,0.733807087
8782,0.351595610,0.506138980
8783,1.091037869,1.485969305
8784,0.584285080,-0.652276993
8785,-1.850050926,-0.975994110
8786,-1.419600368,0.158363461
8787,2.037646532,2.310609102
8788,-0.065341666,0.135369584
8789,0.194377229,-0.595694065
8790,1.002395630,0.263867229
8791,0.053573500,-0.536585152
8792,0.904819489,-0.842178285
8793,1.588890195,-0.724266589
8794,-0.902420938,0.396818846
8795,0.031619791,0.848719597
8796,0.057604115,0.136337727
8797,-1.012698054,-0.035942495
8798,-0.571405292,1.770732045
8799,0.060580745,-0.574051559
8800,-3.413945913,1.906501889
8801,0.408845305,-0.373272061
8802,0.100728974,-1.088327169
8803,0.414794892,0.728907108
8804,4.269071102,0.235970974
8805,-0.607659042,0.753640234
8806,-1.814800620,-1.131894588
8807,-1.692763448,-1.461143374
8808,0.392145693,-0.045881104
8809,0.262665451,-0.030057684
8810,1.222158670,1.797502398
8811,-1.794929504,0.831493795
8812,-0.593012452,0.163036853
8813,-0.161068782,-0.199391529
8814,-0.761290252,0.645826280
8815,1.268209577,-0.589156330
8816,-0.852894366,-1.051768780
8817,-0.547685385,0.630664408
8818,0.716740072,-0.675232530
8819,0.672597647,0.236992836
8820,-1.347647190,-3.648143053
8821,-0.420908779,1.376165867
8822,-0.871954203,0.524103940
8823,0.000399047,-0.216035306
8824,-2.504249811,-1.743670821
8825,-0.608002841,0.814097464
8826,-1.683396697,-1.013070941
8827,-0.253473669,-0.466889203
8828,-1.137074828,0.194005951
8829,-2.502077341,-1.659736037
8830,-2.898791552,-0.598155499
8831,-2.385972023,0.770688295
8832,1.413563251,-0.135032311
8833,-3.005718708,-1.869926095
8834,-0.909522235,1.003455997
8835,-0.298717320,2.740550280
8836,-0.304818302,-0.193823919
8837,0.005894681,0.209454119
8838,-0.958440423,-0.940262914
8839,0.749308050,-0.163308114
8840,1.624120593,-0.149314031
8841,-1.180380940,0.694407701
8842,0.217432499,-0.242937386
8843,-2.448103666,2.010154486
8844,-2.323234320,-0.010933878
8845,1.790271163,-1.254931808
8846,0.500162482,0.075644605
8847,0.744428575,0.025827780
8848,0.613107145,0.691138804
8849,-0.369383007,0.447905153
8850,-1.872623801,0.037754390
8851,0.166330159,1.486625552
8852,-0.270639718,-1.263777256
8853,0.351507992,-0.127534062
8854,0.104030505,0.203025430
8855,-1.254905581,-0.893771052
8856,2.131141424,-0.936693788
8857,-0.245985463,0.380958080
8858,-0.986449480,0.602966905
8859,-0.970496953,0.145908341
8860,0.033905037,-0.218703344
8861,-2.218077183,2.127297640
8862,-0.058199704,-0.182011291
8863,-0.966800451,0.179957822
8864,-0.074609287,0.370571554
8865,1.526363730,-0.837929428
8866,1.126501918,-0.473563999
8867,-0.366871923,-2.119109869
8868,0.985915065,-0.541697741
8869,1.290735006,0.567443490
8870,-0.521909297,0.077428140
8871,0.242771074,-0.053155240
8872,1.476264715,-0.296288937
8873,-0.360714495,-0.165721253
8874,-0.776420355,1.493164659
8875,1.838670492,0.689067841
8876,1.254528642,-1.601996541
8877,-1.336833596,-0.469750911
8878,0.339659274,-0.096379407
8879,0.250568479,0.312903583
8880,0.851381779,0.970206916
8881,0.535039544,1.268460989
8882,0.468696862,0.170668319
8883,-1.074273467,-0.175033316
8884,0.028285110,-1.308071017
8885,3.179861546,0.281964242
8886,0.313600928,0.614787579
8887,-0.661343992,-0.536635995
8888,0.108050562,1.348122001
8889,-1.554476619,-2.237285376
8890,-0.222068340,0.875545561
8891,-0.784984946,1.020273685
8892,-0.741754532,0.459774822
8893,-0.704774320,0.530105770
8894,0.097144477,-0.176198721
8895,-0.795716703,-0.102106288
8896,-0.100628220,-0.582871675
8897,0.539859951,-0.126575664
8898,0.495606095,-0.730386257
8899,-0.559012651,-1.263729692
8900,0.360872328,2.367557287
8901,-1.371445656,-1.279801846
8902,1.696841478,-1.602039099
8903,3.871627092,-0.730831504
8904,0.263002276,-1.115199566
8905,-0.829393625,0.017374795
8906,0.971183121,-1.223241091
8907,1.173672795,2.168888807
8908,2.156902075,0.988942921
8909,0.942740977,-0.465538412
8910,0.829169214,-0.499682784
8911,0.652449131,0.398824394
8912,1.359369993,-0.411486477
8913,-1.040849090,1.224317908
8914,0.665976286,0.366611600
8915,2.024101257,-0.218870535
8916,-1.526212573,-0.232038498
8917,-1.358776331,-0.334657520
8918,-1.821304679,0.783758461
8919,-0.251874059,-0.267746180
8920,-0.901699901,-0.706412077
8921,-0.934818804,2.378933430
8922,-0.984200239,-2.325513124
8923,3.259419441,0.851262271
8924,-1.377479672,0.564331949
8925,-0.075282842,-0.688464046
8926,-1.832693458,-0.943478823
8927,2.225307465,-0.975154996
8928,0.599264085,0.153615326
8929,1.925884962,0.851069927
8930,1.779565454,0.623190105
8931,-2.615562916,-0.567201376
8932,-1.679624081,1.669458747
8933,0.459944487,-0.211870968
8934,-0.537477434,-0.107689634
8935,-0.826327980,-1.945004940
8936,-0.576150775,0.515395761
8937,-0.589805424,-3.434221268
8938,2.116688490,0.967939496
8939,1.249428988,-1.007582903
8940,1.362019897,-0.937820792
8941,-1.051185966,0.460736215
8942,2.091930389,-0.980672836
8943,0.173540279,-1.900720596
8944,-0.754545391,0.545444429
8945,-1.747612715,-0.608255565
8946,0.554705918,-0.022050230
8947,-0.745988071,-2.613354921
8948,-0.606903255,-0.431347013
8949,-0.241862997,-0.986922801
8950,1.952304959,-0.060547795
8951,2.890647411,-0.570312977
8952,-0.789832592,-0.575255513
8953,0.971594691,0.800732553
8954,-2.795912504,-0.085501067
8955,-0.795826733,-1.144119501
8956,0.383621305,0.163304552
8957,0.445629269,-0.178072304
8958,0.731177688,-0.472435683
8959,-0.343096256,-0.415446907
8960,0.421845496,0.067289077
8961,1.475383878,0.476630867
8962,0.295044988,0.701035798
8963,-0.703570902,0.339080751
8964,0.214756429,-0.101605318
8965,-0.956956148,-0.114794642
8966,-0.033009987,-0.190944955
8967,-2.115712881,0.980419695
8968,-1.696507692,-0.712182522
8969,-0.050971385,0.227418736
8970,-1.361973047,-1.405926347
8971,-1.375276089,0.826183796
8972,-0.199065819,-0.139447585
8973,-1.770651817,0.282205373
8974,-0.809028387,-0.307477832
8975,-2.539359093,0.902274251
8976,0.889628708,-0.557159483
8977,-1.929936171,-0.899332941
8978,1.243102431,-0.689958811
8979,0.654764891,-0.227170929
8980,0.132023126,0.262530804
8981,-1.627731442,0.044951648
8982,-0.076173939,-0.911956549
8983,0.620958149,-0.531985164
8984,-0.210642800,1.791326880
8985,0.248369083,1.757095098
8986,0.514804244,-0.209009916
8987,0.592882574,-0.976846576
8988,-2.072328568,-2.720672369
8989,-0.398666918,-0.327805072
8990,-0.168999955,-0.509174824
8991,-0.367511958,-2.406630278
8992,1.129400849,-1.438437581
8993,-2.416127682,2.144729137
8994,0.233667150,0.282706201
8995,1.348245978,2.325845003
8996,0.610678017,-0.509292781
8997,-1.237593055,-1.655241966
8998,-1.910712242,-0.704794109
8999,0.241678059,-0.283127785
9000,-2.006776094,-1.613387704
9001,1.910023332,0.571006358
9002,0.486531377,0.067078002
9003,-0.290230989,0.055348679
9004,0.158246607,-0.178449064
9005,0.419453055,-2.471871614
9006,-1.129594684,0.451196730
9007,1.788857341,-1.716464400
9008,-2.488651991,0.218492135
9009,-0.391430885,0.079758257
9010,2.713719368,1.272078395
9011,-0.515132904,-2.268092871
9012,0.754574835,-0.415766031
9013,0.191852853,1.485825062
9014,-0.618130565,-1.850831389
9015,-0.145861745,0.332460523
9016,-0.211553082,1.974200249
9017,1.941855311,-0.231529653
9018,0.326652080,0.035732888
9019,0.308877319,-0.082412168
9020,-0.428302586,-0.037380084
9021,-2.273839474,0.914422035
9022,-0.594644189,0.178366482
9023,1.295294285,2.297288179
9024,0.035851222,-0.174633935
9025,0.937967241,-0.065554477
9026,0.070707358,0.918515623
9027,-0.057095990,0.659188509
9028,-1.070870757,2.712556601
9029,0.377551824,-0.226210698
9030,-0.588722110,1.393601775
9031,-0.552929878,-3.287425280
9032,0.996708691,-2.021533251
9033,1.244480371,-2.461983919
9034,0.116095692,-0.407966346
9035,1.661849618,-0.116688177
9036,0.363279313,0.514117479
9037,0.394260794,0.579859197
9038,0.597744584,0.549431145
9039,-0.794838190,-0.413416147
9040,-0.540707767,0.215244114
9041,0.174434707,0.918460965
9042,-0.786687672,-0.090087220
9043,0.252295911,0.054769810
9044,-0.465066075,0.438206226
9045,-0.161555007,-0.127500460
9046,0.807319582,-0.273977965
9047,0.759591520,1.983021498
9048,0.362467080,0.315255463
9049,-0.698807418,0.361534894
9050,1.010964155,-0.344597548
9051,0.603569388,1.839565992
9052,1.012010932,-0.872724175
9053,-0.417548835,-1.248270631
9054,0.277880013,1.895432353
9055,2.257513523,-2.511821747
9056,-0.296369284,-0.179995686
9057,-0.639603138,0.265702844
9058,-1.923978925,0.844658256
9059,-0.518575430,-0.349094629
9060,-0.281773895,-0.239417374
9061,0.774316251,2.332608223
9062,-0.566572368,-2.349201679
9063,1.501884341,0.723716378
9064,-1.406760812,-1.799447179
9065,0.508883357,-0.696099937
9066,-1.613350630,-0.772196651
9067,-0.353646785,-0.308530658
9068,0.387297541,-0.040405169
9069,-0.251755565,0.028972706
9070,-1.065906525,0.180213362
9071,-2.339234591,0.925590158
9072,0.077038251,-0.145907611
9073,0.421469003,0.074970409
9074,-0.093246274,0.563116312
9075,-0.435168773,-0.739941001
9076,0.218898177,-0.034983009
9077,0.875586331,-0.383910805
9078,0.371202767,1.266461849
9079,-1.116080523,0.763131440
9080,0.393367171,-0.043280981
9081,0.656711876,-1.345618010
9082,0.348028988,0.355135918
9083,-2.632735968,-2.598981380
9084,-1.410402536,-0.041236833
9085,-1.566233277,1.403105259
9086,0.090307727,-0.509897709
9087,-0.290550381,0.115991026
9088,-0.220952570,-0.066279195
9089,-0.155281290,0.820323646
9090,0.349026382,0.144448280
9091,-0.381088495,0.719092131
9092,0.455664366,-1.435460806
9093,0.843480885,1.057813883
9094,-0.712419212,-1.661681533
9095,0.264901042,-0.469527930
9096,1.347788811,1.871771216
9097,1.402768254,0.937521100
9098,0.801459789,0.137257978
9099,-0.456897736,-2.165231466
9100,-0.260841727,0.803957880
9101,-2.163921356,0.108998671
9102,0.050700583,-0.210417360
9103,-0.056362469,1.132886767
9104,0.238981262,0.228960231
9105,1.123449206,-1.503069520
9106,-0.248417214,0.199651256
9107,2.301279306,0.892257214
9108,-1.420898914,-1.380321860
9109,-1.176070333,-1.061098576
9110,1.170447469,-0.074235812
9111,0.970945716,-0.082143046
9112,0.104657628,-0.007740178
9113,-0.577837884,-0.252145648
9114,-1.205465674,-1.034294605
9115,-0.244881928,0.114511460
9116,2.297866583,1.818165660
9117,-1.713793516,0.007776306
9118,-3.013033867,3.182205915
9119,0.605983973,-1.067247272
9120,-0.297550082,-0.614950478
9121,2.665402889,-0.410204351
9122,-1.509306908,-0.382759392
9123,1.210530758,-3.098222256
9124,-1.267070532,-1.284080863
9125,0.136764526,1.115549445
9126,-0.597494364,-0.729004323
9127,-0.634501159,0.468289346
9128,0.901576519,0.594500363
9129,0.354717851,0.779010117
9130,1.071457028,-1.298738480
9131,-1.240919709,-1.423930764
9132,-0.636048973,-1.606493831
9133,0.153135583,-0.208646193
9134,-2.182186604,0.265841395
9135,0.240609691,-2.540936708
9136,0.280429274,-0.458772451
9137,1.023293138,0.240098551
9138,0.460336655,-0.226151943
9139,1.349826694,1.286275387
9140,-0.165209725,0.034059130
9141,-0.091039501,-0.455447823
9142,-0.741528392,0.744040668
9143,-0.073278211,-1.081079364
9144,1.619186044,-1.755144119
9145,1.902735829,0.047511704
9146,-0.265268415,-0.832197905
9147,-0.149499550,0.229001299
9148,1.120816350,-0.341684580
9149,1.456326008,-0.309361935
9150,-0.220974475,1.207690954
9151,-1.044496775,-0.044303779
9152,0.451295406,1.119831681
9153,1.735445261,-0.183429033
9154,-0.311638266,-0.122488081
9155,1.013983727,-1.332640052
9156,-0.692989945,0.604455113
9157,0.181325153,-2.655082941
9158,-0.373816520,-0.745490313
9159,0.855874717,0.819734931
9160,0.368803680,0.339353412
9161,-0.268075466,-1.558753252
9162,-0.275315940,-2.371518373
9163,-1.887947321,0.374960780
9164,-0.186153695,0.211132392
9165,-1.097979069,1.393456697
9166,-0.631418884,-0.528729141
9167,0.435534000,-0.103915900
9168,0.969442964,-1.097981930
9169,-0.404961944,-0.945271254
9170,1.019364953,2.355786800
9171,0.344446093,-0.180584028
9172,-0.039238125,1.016306520
9173,1.212977767,1.749365807
9174,-0.011535256,0.285423696
9175,-1.315695047,-3.120544672
9176,0.704539359,-0.046918664
9177,-0.097760946,0.211337760
9178,2.086197615,0.990276217
9179,0.174202308,-0.362068832
9180,-1.460124969,1.341697693
9181,2.728982210,1.918718457
9182,0.455261141,-0.521191001
9183,-1.359166622,-2.497704268
9184,1.090086102,1.264866352
9185,-0.660664499,0.803185225
9186,0.032564629,-0.393258244
9187,0.296770483,0.096167631
9188,0.264800578,0.132337824
9189,1.085487962,-0.545555353
9190,0.335212708,-0.623825014
9191,-1.109000444,-2.281844139
9192,0.969164848,-0.992329597
9193,1.566357970,0.536436975
9194,1.041093349,0.381605446
9195,-0.302888095,0.552502215
9196,-0.398246080,-0.393527687
9197,0.069138013,0.362648129
9198,0.963286161,-0.997379243
9199,0.010350741,0.166259065
9200,0.042914867,0.375275403
9201,-1.273943901,-0.746811092
9202,-1.167648673,-1.024923682
9203,2.966055632,0.886623681
9204,-0.050555274,-1.280228615
9205,1.552924156,-1.164346695
9206,0.871194363,-3.162740231
9207,2.609106779,-0.643115640
9208,-0.266140252,0.540834785
9209,-1.508211613,0.863086343
9210,2.132225513,2.211834192
9211,0.918065846,-0.377861530
9212,1.536113143,1.051256895
9213,0.410897791,1.342037559
9214,0.634674191,0.614743412
9215,0.331978321,0.624645889
9216,-0.047990870,0.905746341
9217,-1.832576394,3.036428690
9218,2.276087999,-1.224521995
9219,-0.367366135,-1.570443034
9220,0.078387141,-0.836412013
9221,-1.159195185,-1.684448719
9222,1.851426721,1.086519003
9223,-1.682250023,-0.571640730
9224,2.383969545,-1.127698064
9225,-0.002507356,-2.762599945
9226,-0.458919585,0.067411333
9227,-2.024760723,-0.056280121
9228,2.369989872,0.698376298
9229,0.285082638,0.476458490
9230,0.016437739,-0.416626751
9231,1.222322822,0.827467680
9232,-0.223450333,-0.484323770
9233,0.791593015,1.592981577
9234,-0.173530340,-0.421873450
9235,-0.580133319,-2.212722301
9236,0.047860369,-0.944568574
9237,-0.232458547,0.017357066
9238,2.085883379,-0.076956920
9239,-0.955259740,0.071981005
9240,0.229582250,-0.161595941
9241,2.444587708,0.049750134
9242,0.350480080,-1.275254488
9243,1.016113520,-1.312183022
9244,-1.274031878,-0.583898306
9245,-0.210248023,-2.976193428
9246,-0.749807537,-0.424038738
9247,3.603827238,1.218458533
9248,0.148224294,1.201204538
9249,-0.193188787,-1.285076499
9250,-1.673802733,3.164179087
9251,-0.247833431,0.253332227
9252,0.120908715,0.202867359
9253,1.389000654,0.835019588
9254,-0.390168846,1.503942132
9255,1.037069917,1.221938252
9256,0.644349396,0.127547771
9257,-0.221844152,-0.005233095
9258,0.912582994,-0.866199195
9259,2.261022806,0.923777938
9260,2.825597763,1.726172686
9261,0.668219805,-0.791323841
9262,-0.322889894,0.526345730
9263,-0.378568411,0.329322875
9264,0.670333147,0.400917292
9265,0.414911926,-0.076106429
9266,0.220207378,-1.199023247
9267,-0.154695407,-0.085435167
9268,0.553196847,2.038413048
9269,0.030337840,-0.568916798
9270,0.114051946,1.546013117
9271,-0.207478225,-0.261533439
9272,0.652327418,0.713479102
9273,-2.286785126,0.092299432
9274,-0.207217544,-0.641202748
9275,-0.246448129,2.414090872
9276,-0.952320576,-0.306385398
9277,-1.025355816,-0.391691238
9278,-0.033975393,-0.784708083
9279,-1.582058072,-0.269693226
9280,0.118380897,-0.127630249
9281,2.493645668,1.640876174
9282,0.496384740,-0.594579279
9283,-0.207598716,-0.041000623
9284,-1.130450368,-2.742046833
9285,-0.093158938,0.083481796
9286,-1.696405172,0.327281564
9287,0.252678484,-0.102922350
9288,0.160298213,-0.096878566
9289,0.712057710,1.440097094
9290,-0.161685929,0.128112212
9291,-0.058085728,2.234694958
9292,1.066801548,1.122755051
9293,0.641639650,0.362134278
9294,0.865141153,-0.142565116
9295,-0.314571589,0.594797492
9296,0.029690135,0.234832168
9297,0.540537119,-1.675941706
9298,-1.191452622,-0.304396898
9299,-0.077335663,-0.179535568
9300,-0.011371580,-1.234599710
9301,0.866282761,0.558803260
9302,0.939243734,1.381257534
9303,1.004585266,0.445568562
9304,1.889728785,0.591616392
9305,0.234057128,-0.092438623
9306,-0.217573658,2.820722818
9307,-1.021481156,0.630922675
9308,0.546061456,0.461516410
9309,-1.787519217,-2.400360584
9310,0.580153465,-2.314533949
9311,-1.277941346,0.125865266
9312,-0.350698918,-0.269250304
9313,0.500129879,0.229317874
9314,0.816289425,1.438766360
9315,1.399037480,1.216645956
9316,-1.033992171,0.009373278
9317,0.957371771,0.361463636
9318,0.379361600,0.444391161
9319,0.085004263,2.218856096
9320,0.142447546,-0.072313197
9321,-0.290158898,0.077201203
9322,-0.125363201,0.931534886
9323,-0.152593821,0.848074853
9324,5.463546753,1.686549664
9325,-0.259874046,-0.138351962
9326,0.773257434,-1.288828731
9327,0.295154303,-0.259611070
9328,3.277368069,-0.991723478
9329,-0.410867274,0.169640824
9330,2.087351561,0.245727777
9331,0.574985445,0.138743982
9332,-0.328222364,-0.492567569
9333,0.981723964,0.235397503
9334,-3.698972225,0.155818909
9335,0.673689842,0.372660607
9336,-0.906788230,-2.020147085
9337,0.306282222,1.177130699
9338,-0.223169819,0.033485357
9339,2.513548136,-1.061541796
9340,-0.561100900,0.160608485
9341,0.699567735,0.716596365
9342,-1.729937553,-1.388354897
9343,-0.216876611,-0.337531000
9344,-0.767002881,0.130989015
9345,-0.612034857,0.666178882
9346,0.518293619,0.870209754
9347,-2.045953751,-0.955105007
9348,-2.005503893,0.368084729
9349,0.289854556,-0.268690705
9350,-2.856516361,0.451274484
9351,-1.023625016,-0.625438213
9352,1.007057428,-0.537911117
9353,-0.759828269,-0.205061153
9354,-0.599739134,-2.459377527
9355,-0.175516218,0.064880580
9356,0.389956236,0.448361784
9357,0.503965497,1.764563799
9358,-0.486138403,-1.422370911
9359,-0.104942992,1.154623866
9360,-0.547934413,2.685246944
9361,1.411234856,-0.471289486
9362,-2.235870838,0.892114639
9363,0.387028128,-0.065181985
9364,2.250148535,4.781908035
9365,-0.096016452,0.642267883
9366,0.939787686,0.345457435
9367,1.253501415,-0.971937656
9368,1.446507096,-1.117559195
9369,1.928307772,-0.443961442
9370,-1.176346898,-1.433000565
9371,1.298125863,-0.952588439
9372,0.496861160,0.358206749
9373,-1.707900643,0.829352975
9374,0.827607632,1.736221671
9375,-0.695907235,1.185250282
9376,0.335284173,0.454701930
9377,0.367923439,-0.537180662
9378,0.664529502,-1.407498479
9379,-0.911482394,0.536741674
9380,3.554608107,0.099662833
9381,-0.026844552,0.551816642
9382,-0.497490048,0.415077806
9383,0.205310509,-0.119266175
9384,0.082924865,1.089697719
9385,0.395347506,0.255658984
9386,-1.712905049,-2.105754614
9387,0.484997362,0.614663005
9388,1.377387285,-0.317182630
9389,-0.144375011,0.099829897
9390,0.281905442,0.685849607
9391,0.083188459,0.292914391
9392,0.886273980,2.233001232
9393,-0.578569174,0.803099573
9394,0.781290412,-0.166296840
9395,3.143631697,-0.624127388
9396,1.291699767,0.179637834
9397,1.240324736,0.300332010
9398,-0.014007797,-0.896126926
9399,0.422655314,1.205153465
9400,-0.637683630,0.145494729
9401,-1.702881217,0.245956779
9402,0.142079875,-0.377473861
9403,-0.585581541,0.570714235
9404,1.847682834,-0.432356864
9405,-0.314424694,-0.304816097
9406,-1.653755307,3.673575640
9407,-0.744444788,-0.201354802
9408,-0.094897449,-2.611522913
9409,-0.153693870,0.148707375
9410,-0.929607451,-0.976550758
9411,-0.725579619,0.689215243
9412,1.396344066,-0.085279405
9413,0.189325556,0.278732091
9414,2.100907564,1.341876030
9415,0.503801465,0.591775835
9416,1.466907740,-0.873396039
9417,-1.436959624,4.448958397
9418,-1.123478293,-0.876566529
9419,0.458192229,-0.590433061
9420,1.412689567,2.726787090
9421,-1.940084457,2.524908066
9422,-0.066999890,-0.576952696
9423,-0.140330076,-0.083174400
9424,-0.234124884,0.295953155
9425,0.819782794,-1.261088610
9426,-1.593769670,-0.097447500
9427,3.218477011,1.339838147
9428,0.657475829,-0.797931433
9429,-0.441754162,0.085404970
9430,-1.363209963,0.471533895
9431,0.789071858,-0.662699521
9432,0.566954672,1.249623299
9433,-1.908773899,0.616713941
9434,-2.032057285,-0.504411697
9435,0.385782748,-0.519644380
9436,-0.236070663,0.810824037
9437,-0.293210566,-0.984965444
9438,0.199109614,0.122834034
9439,-0.343617171,0.982110798
9440,-0.958624542,0.060221061
9441,0.240981564,-0.087763414
9442,0.246224642,0.603218198
9443,0.670888066,-0.101349495
9444,-0.965068460,0.626230240
9445,2.097897291,-0.192788109
9446,0.589553833,0.568146169
9447,-0.531690419,-0.673014879
9448,0.113721602,0.102887288
9449,0.469348073,0.917649686
9450,-0.537828982,-0.506060481
9451,1.331171989,-0.404936612
9452,-0.506247580,0.334033996
9453,1.077781081,0.035840318
9454,-0.105933949,-1.511413336
9455,-0.547005951,0.566067994
9456,0.762301981,-0.200871274
9457,-0.185806111,-0.393501312
9458,1.049555540,-0.838922799
9459,0.734053195,0.767615080
9460,0.234049529,-1.071285605
9461,0.484954923,2.191560030
9462,1.385340095,1.121724367
9463,-1.071961522,1.885997295
9464,-0.197850347,-0.008860495
9465,-1.243288755,-3.894060612
9466,0.164583251,-0.037471123
9467,0.664282262,0.105392195
9468,-0.028329771,-0.146046385
9469,-2.412444353,-0.894397080
9470,-0.865307391,-0.340458304
9471,-0.734748662,1.095311761
9472,1.073099375,0.023026101
9473,1.846317053,0.989979982
9474,0.056894008,-2.125986814
9475,-0.051117405,1.578375578
9476,-1.228045344,-0.237169087
9477,-1.828779817,-0.578197896
9478,2.555433989,2.214550495
9479,0.440625817,-0.098655395
9480,1.621060014,-0.858420670
9481,0.127575085,0.375559151
9482,3.294741154,0.836496949
9483,0.305395544,0.314431995
9484,1.097392797,0.848777115
9485,-0.911953449,-0.421970934
9486,1.106079102,1.111505508
9487,0.046820261,-0.306172431
9488,0.091406889,0.218116090
9489,0.144827217,-0.564241529
9490,-1.829887271,2.374689579
9491,0.258141845,0.347899586
9492,-1.470540047,2.701530933
9493,1.195378065,-0.226958230
9494,0.799219012,-0.395787984
9495,0.203068957,0.590141535
9496,-1.526242852,1.744870424
9497,2.847913027,-0.123135626
9498,0.695950985,-1.023183346
9499,-0.224010959,0.354798317
9500,-0.006537655,0.261351913
9501,1.218251824,1.308513999
9502,0.103401773,2.708675861
9503,-0.417011976,-0.793536961
9504,-0.976706266,0.105015576
9505,0.743135512,-0.149020135
9506,0.880218327,1.371662736
9507,1.559350491,-0.778922319
9508,0.366874278,-0.755096495
9509,2.299273014,-0.546699584
9510,-0.521980107,-0.573603392
9511,-1.099625587,-0.904516459
9512,4.171111584,1.479304910
9513,-0.186465025,0.011098169
9514,0.584145904,-0.271397650
9515,0.941530824,-0.218707100
9516,0.614228129,0.367123485
9517,1.567886829,0.093133949
9518,0.016142802,0.006577220
9519,-1.150160313,1.529105306
9520,-0.769947946,-0.794131875
9521,1.375311732,0.717823625
9522,-1.066875577,-0.174005777
9523,-0.570916831,0.582533658
9524,0.461839080,-0.258772016
9525,0.030008556,-1.813901424
9526,-0.831212997,-1.201747179
9527,-0.319705367,-0.644858360
9528,-0.308364660,-0.162471071
9529,0.395427316,0.456972897
9530,-1.289053559,-0.783606172
9531,0.267569959,-0.420049816
9532,-1.081452847,-2.751970768
9533,-1.158490658,1.725369811
9534,0.176632240,-0.060697291
9535,-0.327044040,0.704628706
9536,-1.786763549,-1.138836861
9537,-1.009668827,0.376326144
9538,-0.650799692,1.079701304
9539,2.605273485,0.438349992
9540,1.632099152,-0.359661549
9541,1.330475092,1.235395074
9542,-2.678406477,2.741443157
9543,-0.562255085,-0.650550902
9544,-0.930143356,-1.040285110
9545,0.344521970,2.762126923
9546,-1.373618126,-1.540529251
9547,0.352552414,1.015065670
9548,-0.835960150,0.564657331
9549,-1.119290113,-1.125677347
9550,0.831818342,2.438192129
9551,-0.524957359,-0.173756123
9552,0.202437341,-0.041872449
9553,1.609669805,1.231959701
9554,-0.381527752,-0.220500827
9555,-0.025499033,0.854774117
9556,-0.496987045,0.959152699
9557,0.323941916,1.060144424
9558,0.005227540,-1.073960423
9559,0.226095900,-0.388467103
9560,0.156579450,0.111219242
9561,1.472019792,-0.496001989
9562,1.316758037,0.933148682
9563,-1.949438572,-3.032364368
9564,-1.523983002,0.905526221
9565,-0.039087653,-0.581540704
9566,-2.355718374,0.727601886
9567,2.091388941,-0.404097021
9568,0.186014131,0.152526185
9569,-2.395373106,-1.398875833
9570,2.390624285,-2.331137419
9571,1.616484404,-2.554757118
9572,-1.280300021,-0.075932935
9573,2.588526011,1.386673331
9574,-1.298430562,-1.066641450
9575,0.125438273,-2.953898668
9576,0.079703368,-0.461235672
9577,0.317534834,0.566521645
9578,-0.067572527,-0.299272388
9579,1.331555724,-1.389401317
9580,-0.128360033,-0.058307379
9581,0.678556383,-0.059478704
9582,0.151700526,0.481778830
9583,-1.426947236,-0.303281695
9584,-0.619059861,-0.127957523
9585,0.247156322,0.570383787
9586,0.721233547,0.204214081
9587,4.063308239,-3.132188559
9588,-1.325163126,0.000031416
9589,0.123640805,-0.274984211
9590,0.239305258,-0.477424353
9591,-0.281433791,0.086974643
9592,0.447385907,0.661426842
9593,0.200538874,-1.679964423
9594,0.539946020,1.061547518
9595,-0.101235196,-0.590249121
9596,0.408925921,0.143477067
9597,0.752664983,0.535480738
9598,-0.227130622,0.645614624
9599,1.881783128,2.446927071
9600,2.683036804,-0.710794091
9601,1.458175421,-1.222894549
9602,0.237251446,0.440446824
9603,-0.225466475,0.068649366
9604,0.179205298,-1.259208918
9605,0.274766803,0.886145592
9606,0.479951620,2.445640087
9607,-0.667732120,0.412980855
9608,0.421947777,0.174969852
9609,2.023554802,0.661646903
9610,-0.078627400,-0.233341500
9611,1.516034245,0.385421515
9612,-0.660565317,-1.245870590
9613,-1.837760925,0.915392876
9614,0.221201196,-2.049001217
9615,-1.085943699,-0.083053812
9616,-0.238908440,0.786021888
9617,-0.796000838,-0.041960049
9618,-0.100734249,-0.207615897
9619,3.443481207,-0.185648412
9620,0.251755446,0.027981611
9621,-0.015993385,-0.248333827
9622,-0.470726877,0.084563904
9623,1.071094990,-2.559481859
9624,0.167771190,2.844428539
9625,-1.404366851,0.890702963
9626,0.383100599,0.860094130
9627,1.000595570,0.464689702
9628,-1.924160480,1.051766157
9629,-0.249730110,-0.432356894
9630,0.016731130,0.898460329
9631,0.870137990,0.795817733
9632,-1.747376323,-1.548615217
9633,-0.826346815,-2.275912523
9634,0.879006386,-0.675046980
9635,-0.017753828,1.641463041
9636,0.672934115,-0.501560092
9637,0.244789928,-1.153631926
9638,-0.718415380,0.252788484
9639,0.261905074,-0.849401116
9640,-0.215144813,1.039550424
9641,-0.828232944,0.927554905
9642,-0.262084305,1.197487473
9643,0.677824199,1.822476864
9644,-0.844296038,0.251680553
9645,0.790759444,1.027645946
9646,-0.653213680,-0.199239597
9647,0.172126591,0.210150570
9648,-1.189651012,2.558511019
9649,-0.686562896,0.905431330
9650,-0.141094059,0.116293326
9651,-0.759252548,-2.200892210
9652,-1.939053416,-1.068107009
9653,-0.132334232,0.067896202
9654,-1.696861506,1.186657667
9655,-1.250310183,-0.393393993
9656,0.607682347,1.207862020
9657,-2.131915569,4.417012691
9658,1.158772945,0.995856762
9659,-0.376657218,-2.556880474
9660,-0.447520256,-0.003947776
9661,-2.788705587,-0.244784951
9662,1.122971296,-1.195178270
9663,-1.325769663,-0.213754550
9664,-0.879902363,0.338869393
9665,0.343697667,0.904302955
9666,1.180024385,0.579891086
9667,0.727925718,-0.806089878
9668,1.228822947,-1.588041425
9669,0.678855717,1.142513037
9670,-1.094396114,-1.695522308
9671,-0.212006122,0.027651927
9672,1.165270090,0.117307544
9673,-0.708534896,-0.576338172
9674,0.094547592,-0.729286551
9675,-1.071780205,-1.042649627
9676,-2.033839464,0.791298866
9677,-0.928339362,0.285440236
9678,0.497958422,0.640670180
9679,0.100536108,-0.120851561
9680,0.301555544,-0.174884439
9681,0.722581029,0.528690994
9682,-1.464100957,2.043728352
9683,0.623879910,-0.396562487
9684,2.832794666,2.111944914
9685,0.512972772,-0.501898289
9686,-0.113228016,-0.571141303
9687,-1.547957659,0.843323469
9688,-0.348421425,-0.493541688
9689,-1.065524578,1.075737119
9690,1.151286006,0.798834205
9691,1.626375318,0.409220040
9692,0.445177704,0.919123948
9693,-2.140956402,0.527841091
9694,-0.130475476,2.866463423
9695,1.243195295,-0.496460080
9696,-0.287538737,0.193204030
9697,0.380985349,-0.864275873
9698,-0.210621700,-0.154803947
9699,-1.238196254,-0.538113654
9700,-0.321202129,1.247940898
9701,-0.760393679,0.150101170
9702,-1.002729774,1.859858632
9703,-0.096239708,0.046379507
9704,-1.334866524,0.452548444
9705,0.260274798,0.433547795
9706,1.178580403,0.502891421
9707,0.873611271,-0.250335306
9708,0.106616192,0.853517115
9709,-0.284833163,-0.202469528
9710,-0.184636280,-0.696732581
9711,2.355536699,-3.687100649
9712,2.589720964,2.971332312
9713,1.154763818,-0.781837702
9714,-0.871848226,1.091805577
9715,-1.724641204,-0.243956938
9716,-0.846649945,0.575553536
9717,-0.470139921,0.373529941
9718,0.763600767,0.949225962
9719,0.096612222,1.009914279
9720,2.417090654,-0.963853121
9721,0.189059749,-0.156736091
9722,-0.230952963,0.990771532
9723,-0.125623465,-0.035977386
9724,0.675171673,-0.822582364
9725,-0.211478218,0.054091014
9726,1.885737300,0.185772583
9727,0.905659437,-0.535759330
9728,0.052891061,-0.148167402
9729,-0.443604589,-0.278772026
9730,0.107701555,-0.402230322
9731,0.983004689,1.499914050
9732,-2.024455547,2.033653021
9733,-0.144021332,0.477485418
9734,0.291681677,0.727281809
9735,1.223948598,-1.158218741
9736,-2.176688433,-1.033789158
9737,-2.599169970,-0.786980927
9738,0.799312294,-0.527971089
9739,0.879154563,0.942752004
9740,0.112517558,-0.981896341
9741,-1.063994050,-0.259851426
9742,-0.159765348,-0.642704487
9743,0.159220099,-2.947502851
9744,1.043806672,-0.398941875
9745,-0.630302727,1.151385784
9746,1.627744317,-2.988038301
9747,-0.517336965,1.729129314
9748,0.228580266,0.416783065
9749,-0.189160407,0.165347457
9750,-0.167730018,1.501330376
9751,-0.688256502,-0.953504920
9752,-0.579125285,-2.014423847
9753,2.636634350,-2.543350458
9754,-1.150280476,-1.239873290
9755,-0.186203316,-0.094076224
9756,0.212564260,0.689934492
9757,-0.655356526,-1.090766072
9758,-0.307229817,-0.947887361
9759,-0.807606578,-0.747277200
9760,-1.378706813,0.958644152
9761,2.334478140,-0.500098109
9762,-1.570711017,1.130051494
9763,-1.669276357,-0.013196056
9764,-0.247332230,-1.060638785
9765,-0.067541301,-2.399507523
9766,-2.939363718,0.837263048
9767,-0.630451024,-0.658766806
9768,1.137208104,0.133997530
9769,0.369176269,-1.642767668
9770,1.265375018,-2.071347475
9771,-0.358563244,1.424438834
9772,1.691011429,0.568523586
9773,1.969948649,1.947635770
9774,0.998513222,1.282593489
9775,0.002720355,1.337137699
9776,-0.124886528,-0.672843575
9777,0.691843510,1.423620582
9778,-0.971388221,-1.518186808
9779,-0.340629518,-0.858776450
9780,-1.977188349,-0.280420929
9781,-0.586954355,-0.655019939
9782,1.206347108,1.535937190
9783,0.501089633,-0.261643767
9784,1.958850741,0.538261712
9785,-0.463142693,0.572722137
9786,0.207129374,0.514568210
9787,0.941273451,0.401584476
9788,0.648699939,-0.098450907
9789,0.002362944,-0.258373320
9790,0.295858204,-0.620641649
9791,0.295460910,-0.284220278
9792,-0.309160233,-0.589926779
9793,1.243978620,-0.724931479
9794,0.856182754,2.177046299
9795,0.164081573,-1.651944160
9796,-0.661698163,-1.875196338
9797,-0.833474636,-0.002319618
9798,-0.363092899,0.756795704
9799,1.295542479,-2.140021563
9800,-0.945109010,1.152844429
9801,1.112161756,-0.926669300
9802,-0.946959078,0.682921350
9803,0.417506129,-0.197716162
9804,-0.316954583,1.581769466
9805,-1.462201834,-2.192039967
9806,0.403754056,-0.746454239
9807,-0.155458450,0.079984017
9808,-0.968438387,0.313762397
9809,-1.696894884,-0.097541779
9810,0.227860466,1.099927545
9811,-1.478962183,0.543014050
9812,1.443560600,0.115786955
9813,1.758905292,1.379013300
9814,0.202608764,1.049871087
9815,3.443809986,1.572640419
9816,1.195145369,1.581556320
9817,0.609710813,0.149850681
9818,2.035315990,1.092733622
9819,0.051426187,-1.953793406
9820,-1.290375710,0.883303642
9821,-0.300627172,-0.262716621
9822,-1.573551774,0.096760742
9823,-0.903283000,-0.998885155
9824,-0.259359300,-2.079349756
9825,-0.535881341,-3.144825935
9826,3.389138937,-0.266504556
9827,1.184503555,-0.229971349
9828,1.336838126,1.004700899
9829,1.607656837,-0.904547393
9830,0.743078053,-0.156356469
9831,0.190801889,-0.313627779
9832,-0.188462228,-1.628476739
9833,0.326243907,-0.497277647
9834,-0.156528309,-0.596219242
9835,0.256340533,-0.901355922
9836,-0.272144675,-1.693474650
9837,-0.498523355,0.517156184
9838,0.765137017,0.398385167
9839,0.283079743,-0.882693350
9840,-0.152109236,-0.022114789
9841,-0.733512819,-0.569115341
9842,1.527328014,-1.824444771
9843,-1.409186840,2.235381365
9844,-0.807758451,-0.303096324
9845,0.146875739,0.416465014
9846,1.172329545,-1.568046689
9847,0.347313046,0.606952190
9848,-1.156079292,-0.005950437
9849,-0.290418506,-1.053052306
9850,2.511991262,1.726634860
9851,0.874364436,-0.384363025
9852,-0.200999007,0.463073343
9853,-0.157241866,-0.856075943
9854,-0.839455664,-0.379315704
9855,0.311788678,-0.824501097
9856,-1.797123909,-0.007066045
9857,-0.653257728,-0.044221099
9858,-0.598341227,0.838792384
9859,-0.409777790,-2.578859568
9860,0.190586910,-2.160101652
9861,0.706548572,3.415121794
9862,-0.781432390,-3.154501438
9863,-1.723053098,2.152191877
9864,-0.632730007,-2.068821669
9865,0.254268467,-0.037143514
9866,2.083206892,2.129200459
9867,-1.265670657,1.681030512
9868,0.356517315,0.113582522
9869,0.054582663,-1.235683322
9870,1.460039258,-0.587988615
9871,0.718118966,0.199687853
9872,-0.163099483,-0.032826658
9873,-0.005232069,-0.456556201
9874,1.932346702,0.119561478
9875,1.645736337,0.199037254
9876,0.252568066,0.083000973
9877,0.837059021,0.436338603
9878,0.762017846,-0.047474444
9879,-0.173422083,-0.198820084
9880,-0.591814697,2.376616240
9881,-1.713568091,1.796129942
9882,0.432417899,-0.441553861
9883,0.487691462,-1.087901831
9884,0.648159623,-0.127477750
9885,-3.622388840,-2.750846148
9886,0.344970137,0.436210722
9887,-0.595566034,0.547285676
9888,-0.964362621,1.164079666
9889,-0.720904589,0.372869641
9890,-0.889781654,-1.137770295
9891,1.477456927,2.236320972
9892,0.881007850,2.158856869
9893,-0.129725382,0.658111513
9894,-1.095394373,2.457980633
9895,0.697947502,0.664742470
9896,1.442557812,-0.791198134
9897,-1.186390758,-0.480642617
9898,-0.742626190,0.151181266
9899,0.130538821,0.292684555
9900,0.544724345,-1.593834162
9901,0.901679516,0.492604077
9902,-0.357885271,0.462249428
9903,-0.033298466,1.394043922
9904,1.211092710,-0.630356550
9905,-1.485194802,-2.125388384
9906,-0.633108914,0.439756989
9907,-1.585571885,-0.826871216
9908,-1.778897166,-3.158665895
9909,0.229012266,1.110078096
9910,0.181519106,-1.890168548
9911,0.220344290,0.439578742
9912,0.156957403,-1.511734486
9913,0.019689027,0.352498740
9914,-0.098502629,-1.323945045
9915,0.284842223,0.918504417
9916,1.132959962,-0.050988197
9917,-3.337439299,0.799816906
9918,0.599547088,-1.013041139
9919,0.525465250,-0.589082301
9920,-1.587625146,1.312012672
9921,2.189415693,1.118675232
9922,-0.213474557,-0.099409461
9923,0.077478692,-0.330321580
9924,1.401193380,2.127465010
9925,-0.160863668,-0.144065455
9926,-1.107653975,0.753232837
9927,-0.547008872,-0.480699927
9928,-0.242843777,-1.137142062
9929,-0.250287980,0.082924560
9930,-0.278089762,1.321645141
9931,2.410948277,0.350871712
9932,1.313414454,2.483664513
9933,0.888333380,-0.879039288
9934,1.042529583,-0.599994123
9935,-0.808204710,0.891490221
9936,-0.275649220,-0.427608341
9937,0.532478511,0.133184880
9938,-0.575823069,0.743631840
9939,1.130074859,0.360300183
9940,0.455267251,-0.322818995
9941,-0.214361206,-3.127193451
9942,-0.829762042,-1.141351700
9943,-0.926373065,0.934517384
9944,-1.090857983,2.856448650
9945,-1.015136123,2.482520819
9946,-2.773407459,-1.070854783
9947,1.900216818,2.821101904
9948,-1.929395318,0.640509784
9949,0.195142224,0.325738341
9950,-0.048726521,0.821598172
9951,0.462330818,0.786062956
9952,-0.496521205,-0.561204374
9953,-1.984865189,0.018662371
9954,-0.184536502,0.056394599
9955,1.172823548,2.205197573
9956,-0.170795798,-3.024409533
9957,0.067429923,1.072377324
9958,-1.542175889,-0.160790399
9959,1.601003528,-0.794295132
9960,-0.506898642,-0.516539097
9961,1.475966811,0.552571774
9962,-0.901336014,0.024112113
9963,0.802325249,-0.550613344
9964,0.695075750,1.029870868
9965,-0.352245957,0.363326490
9966,2.162043571,-0.943049192
9967,-0.762955427,1.574787617
9968,-2.638743162,-1.573439717
9969,-0.950035989,0.393781424
9970,1.040454149,-0.434591264
9971,-0.007790110,0.045425922
9972,-1.392435551,1.538698912
9973,-0.866037548,0.345935613
9974,1.309181213,0.645603597
9975,-1.312107444,-0.543629766
9976,-1.007300496,-1.639198899
9977,-0.914905369,-0.212239727
9978,0.222188771,-0.801960647
9979,-2.413383722,0.084767327
9980,0.654079378,0.054694403
9981,-0.470820874,-0.525337219
9982,-1.734296203,-3.446393013
9983,-0.406891137,-0.580119491
9984,0.717808545,-1.209310412
9985,-0.024551962,1.207044959
9986,0.193144307,-0.172208816
9987,-0.390559584,-0.370455086
9988,-0.390017003,-0.048070446
9989,0.854627550,-1.018117070
9990,-2.318203211,1.817981005
9991,-3.330568552,-0.572953045
9992,1.332098603,-1.216047883
9993,-0.029141892,-0.928581476
9994,-0.563952208,-1.014352083
9995,0.096265085,-0.574908733
9996,1.993629575,-0.573416770
9997,1.931275129,0.574298918
9998,0.117013775,-0.192615464
9999,1.102069139,0.663182974
