index,acc_x,acc_y
0,1.279928684,0.208204955
1,0.492261171,-1.260837197
2,-1.266264796,0.597456813
3,1.936523557,0.126702532
4,1.548853755,-1.229999661
5,-0.103986397,0.438423663
6,-0.792049348,2.218349218
7,1.810126662,2.314079762
8,-1.050069213,0.011335959
9,0.505535126,-1.205103874
10,-0.093421862,0.307940871
11,-0.720888972,1.099112153
12,0.745264649,-1.331506133
13,-0.214047730,0.879614770
14,0.219098374,0.640151262
15,0.231833458,0.331940293
16,1.676090598,-0.554357409
17,-1.668655872,-1.712013960
18,-1.237574220,1.055139661
19,-0.129854277,0.185939878
20,-2.776858568,-0.621332705
21,0.342933029,-0.101750910
22,0.520047784,1.238111258
23,-0.734358668,0.075229391
24,0.617955744,0.328543723
25,-0.030198868,-0.516769588
26,0.571320415,0.103541322
27,0.441333622,0.834866941
28,-0.836558759,-0.323358238
29,-0.443621337,0.169938087
30,-0.527968705,0.136680990
31,0.934367776,1.825856328
32,2.099946976,1.139565349
33,-0.164392099,0.696476281
34,-0.036738694,-1.356474280
35,-0.475966305,0.254821092
36,-1.207696676,-0.778849244
37,-2.795541763,0.757005811
38,0.031189863,-0.153063834
39,0.316243380,-0.127708465
40,1.647680283,0.172087744
41,0.348569065,1.603711367
42,-0.690048814,0.559429467
43,-0.062451672,-1.274791718
44,1.150575876,0.377885759
45,-1.831033826,-1.100280166
46,-0.016376799,0.222011641
47,0.309658706,0.480458349
48,2.105753899,-1.699415326
49,-2.311366796,2.082141876
50,0.999011576,-0.466164887
51,-1.578904748,1.055192709
52,2.599544764,0.113549612
53,-0.716740251,-0.296855628
54,0.684130132,-0.892497003
55,0.146784008,-0.192154408
56,-0.379233778,1.588578939
57,-1.129916430,-0.541469395
58,-0.127557471,1.770375371
59,1.817270756,0.130588561
60,1.398544073,0.052491967
61,1.438756824,0.863631070
62,0.797947168,-0.217548490
63,2.163550854,-0.904793561
64,-1.526477575,0.540481746
65,-0.327916533,-0.478264272
66,0.433133513,0.164878473
67,-0.287053794,-0.224075839
68,0.776544273,-0.063548155
69,0.246136516,0.593816459
70,1.875897884,-1.296216965
71,-0.749991953,1.038613200
72,-0.974244416,1.735430479
73,0.222404093,0.661196530
74,-0.364446133,-2.606102467
75,1.995859742,-1.932186484
76,-1.046481729,-0.945837557
77,-4.386543751,0.210016727
78,1.048163295,0.369644552
79,-1.777945280,-2.083668709
80,-1.275065660,-1.684888124
81,-0.759425700,-0.153905436
82,-0.487229913,-0.778617382
83,0.402141839,-0.052272558
84,0.157192737,-0.054185983
85,-1.403006315,-1.054069519
86,-1.236915588,1.606011033
87,2.684794188,-2.620883942
88,0.955187500,-2.276104927
89,-3.544377804,-2.406562090
90,0.540046453,-0.533057630
91,-1.472001910,-2.512837887
92,-0.537709892,0.741199791
93,-0.106298901,0.660831451
94,-1.528714895,1.586633205
95,2.723299503,-1.463803530
96,-0.304883748,0.228883982
97,0.951514900,0.982476175
98,1.115663171,0.563297749
99,0.251049668,0.106971622
100,-1.245873213,4.119687557
101,-1.072169542,-0.323577225
102,-1.515048623,0.395488620
103,-0.819071949,2.570884943
104,0.337039322,-0.058809329
105,-0.033377189,0.070098959
106,0.326573163,0.234889254
107,-0.266605020,0.702520669
108,0.375965506,1.362983704
109,-0.739858747,-0.331001699
110,1.748736620,-0.089874350
111,1.485876083,1.936329126
112,-1.645309806,0.476206064
113,2.235248804,1.996906519
114,1.753501296,-1.734475017
115,-0.693680108,-0.481094152
116,-0.111891322,1.875451565
117,-1.467335343,-1.000838280
118,-0.247365609,0.215767950
119,1.238434315,-0.462368220
120,-0.112555988,0.508728683
121,1.551187634,2.427718163
122,-1.258846164,1.668875575
123,-1.902368903,-1.605256319
124,0.600111902,-1.020898223
125,1.337047458,1.707709193
126,-3.614715576,0.621960402
127,-0.215064153,-1.863327503
128,-2.696597338,-1.477118254
129,0.131222978,-1.190957665
130,-0.395644188,-1.451527357
131,0.114620671,1.746731758
132,1.252761602,0.199857458
133,0.525649965,0.242561653
134,0.350794166,0.254353166
135,-0.310207576,0.047009703
136,-0.641694844,-0.299159497
137,-1.848010182,1.522798300
138,-0.319242567,0.199228048
139,1.089988828,0.372900456
140,-1.264094234,0.900690556
141,-0.867964149,0.239366055
142,-0.164161056,-0.114666745
143,-1.448477864,0.260514915
144,3.566278219,-2.602687597
145,0.104238831,0.431602746
146,-0.673524201,-0.209617972
147,-1.080535054,-1.206390500
148,-1.194657087,-0.275291473
149,0.928798378,-1.396619201
150,-0.098239765,-0.729671061
151,-0.130949050,-0.675482869
152,0.174867973,0.734867632
153,-0.210087731,1.398123860
154,1.025601506,-0.916606724
155,-0.784662545,1.083849788
156,-1.173357368,-0.043412339
157,-0.741292238,-0.459279865
158,1.639250159,-1.313876271
159,-0.576313913,-1.170204163
160,-0.046520572,-1.250183344
161,-0.326630294,-0.301289171
162,1.818548083,-0.295192480
163,-0.078920148,1.367412448
164,-0.272849590,-1.592440367
165,-0.513470769,-0.087725364
166,2.286392689,-1.200379610
167,0.794669092,1.081779361
168,-1.963582993,1.868748426
169,2.654858828,-0.923644722
170,0.828476369,0.754468977
171,-0.869318485,1.001153827
172,-0.851390064,1.030988097
173,0.685444772,0.751620591
174,-0.837010562,-2.136902094
175,-0.990507662,-1.265933633
176,1.764960647,0.158207342
177,-0.501548111,0.594429433
178,-0.400156170,-0.727133453
179,-2.064688206,-1.602119446
180,2.055491447,0.449112713
181,-1.176247001,-0.833210111
182,-0.334088355,-0.685279489
183,1.187266707,1.231565356
184,1.302245617,0.268248588
185,1.902967811,-0.616560757
186,0.241883472,-0.464496881
187,1.966177940,1.451255918
188,0.659047186,-0.023939501
189,1.213831306,-0.490339547
190,0.758139789,0.100236714
191,-0.889601469,0.483281791
192,-0.877687156,-0.418821394
193,0.019760780,-1.538274646
194,1.349862337,1.454467058
195,2.314136267,-1.401942015
196,0.693261087,-0.297402024
197,-0.575795293,-0.366975248
198,0.502444088,-0.666045368
199,-2.483499527,-0.727481186
200,1.768283725,-0.042450469
201,-0.474647254,0.249681592
202,0.363337278,0.285511076
203,0.315125167,-0.960562229
204,0.141014621,-1.438120723
205,0.625599325,-0.274497360
206,1.060442805,-0.008967689
207,-2.180941105,-1.357441187
208,0.281702399,-0.536074102
209,-1.244260669,-1.509525299
210,-0.509788215,0.738788366
211,0.362640589,-1.024530649
212,-0.251327425,-0.658827186
213,-0.635869980,-0.245182574
214,-0.937672377,0.163485348
215,0.660784543,-0.917715251
216,-2.053294182,-0.131265238
217,1.969339252,-3.794080496
218,-0.250448346,0.078475304
219,-2.404932737,-0.719574451
220,2.000108004,-0.998400867
221,-0.204517201,0.329514593
222,1.626009703,-0.188332155
223,2.662551641,0.483145624
224,-3.927711010,-2.708954811
225,-1.524195790,-1.150355577
226,2.885383844,-0.333240241
227,1.676527381,0.777099550
228,0.187546998,1.199627876
229,-0.857219458,0.959154189
230,-0.120029405,2.150789976
231,0.002188314,-1.848301411
232,2.259348631,1.674109936
233,-3.081592083,0.376149684
234,1.806952953,-2.019886732
235,1.206374168,2.515083313
236,0.854845405,0.989340305
237,-0.533669412,-3.581522942
238,0.789159298,0.369621634
239,1.019222617,0.043714453
240,-0.765653968,1.359055161
241,-1.475649953,0.141586527
242,0.297262311,-0.580781281
243,-0.552887559,1.385439277
244,-1.189008355,0.726678610
245,-1.396235585,-0.529880047
246,0.065248571,-0.252789497
247,-0.430639952,0.018984478
248,-0.725180984,0.604509532
249,1.159934640,0.987678289
250,0.566982985,1.759371161
251,1.152274132,-0.303718835
252,-1.774304867,0.591354489
253,1.433201194,-1.802758932
254,0.133432418,-0.390249223
255,-1.187795162,-1.255849481
256,3.137241840,-0.337271631
257,-0.000949725,-0.100966640
258,-0.545061231,-0.111095175
259,-0.041026764,0.247428671
260,-2.008305073,2.925008535
261,0.092883296,-0.138390794
262,-0.111815415,-0.364450991
263,0.864077151,2.192404985
264,1.261261225,0.854555309
265,1.202930450,-0.834854245
266,0.221577242,-0.275411189
267,-0.101943903,0.189658329
268,0.118350461,-0.179749742
269,0.520061135,-2.189100742
270,0.348213494,0.201763794
271,-0.047587253,-0.683798969
272,-0.221228868,-1.752688527
273,2.088610411,2.463605404
274,0.046063434,0.274331272
275,0.201342881,-0.363075674
276,1.238663316,0.541349649
277,-0.616169870,-1.306815505
278,-4.526583195,-0.216557056
279,-0.552944005,0.145409256
280,0.013418586,0.270062894
281,-1.863078117,0.983571172
282,0.742230654,-0.321459621
283,-0.657951951,-0.796703458
284,-0.193725541,-0.044913191
285,0.512449741,0.632531762
286,0.515160859,-1.810388088
287,-0.352848202,0.874787927
288,0.326398492,0.577893615
289,0.094282992,-0.575110376
290,2.200285435,-1.920493603
291,-0.042929605,-0.243209586
292,-2.143588305,0.683947921
293,-0.996102273,0.232414469
294,0.669267714,1.539782166
295,0.027152918,-0.309431940
296,0.554050624,0.006644603
297,0.334464133,-0.125650704
298,-0.516946256,0.102764361
299,-0.545647681,1.273810625
300,-1.501959562,-2.843706608
301,0.799148083,0.283399343
302,0.042886835,0.173958629
303,1.186396480,-0.446574658
304,-0.233678952,-0.630514324
305,0.146819651,1.267780185
306,0.150354117,0.105951697
307,-0.635975659,1.131706476
308,-0.829273105,-0.941912591
309,0.097436637,-1.077988148
310,1.378237009,0.978229344
311,0.014533915,-2.992690563
312,0.827547014,-3.547423363
313,-0.098066702,-0.154257745
314,1.529681087,-1.620293260
315,0.101423368,1.560676455
316,-0.147802696,-0.307896376
317,-0.667141378,0.433822513
318,0.106122017,-0.003813272
319,2.235878229,1.119340539
320,0.300792485,-0.771266580
321,-0.005727777,-0.205601856
322,1.355247617,-0.251342356
323,-0.022261634,-0.964504421
324,1.808692336,-1.142181873
325,0.248252213,0.153765261
326,0.911580682,0.426536351
327,0.336081773,-0.587677598
328,0.730572462,-0.164070293
329,-1.526179194,-1.827180147
330,-1.527127147,-1.077184439
331,0.752734542,0.220592022
332,1.333735824,-3.144192219
333,-1.661054134,1.683143377
334,-2.947385073,4.196857929
335,1.885892510,-2.419625521
336,-1.324989915,0.219220847
337,1.396280169,-0.099225044
338,1.227305293,0.859647095
339,-0.872285008,-2.144121647
340,0.225914672,-0.375944167
341,-0.033139825,-1.318131804
342,0.997588456,2.045567513
343,-0.089740157,-1.309234381
344,0.238985762,-0.587051570
345,1.008961916,-0.288822114
346,-1.147262216,1.616885185
347,2.069586515,-0.025043221
348,-0.113899380,-0.048957586
349,0.598384976,2.082604647
350,0.015473323,-1.874765396
351,-0.880468011,-1.554133415
352,-1.541973591,-0.132505506
353,0.595381618,1.032166958
354,1.093334436,-0.298311919
355,1.973219037,1.244647622
356,0.557241023,2.653187513
357,-0.103760064,0.732885599
358,-0.288429111,-0.956796527
359,0.713220775,1.397755861
360,-0.107233912,0.513373613
361,0.665859520,-0.582612157
362,-0.859905243,-1.111798167
363,0.154861346,0.877424598
364,1.029005289,0.211398825
365,-0.819555640,-0.375046879
366,1.208701372,-2.676671267
367,-2.167301893,0.880389392
368,0.708408296,-1.049458861
369,1.866283774,-1.609187365
370,-0.655398309,0.513205647
371,0.220957175,0.117677592
372,0.574386120,0.134819075
373,-0.181091443,0.370109320
374,-0.314557344,-0.135969847
375,1.707122207,-0.358764231
376,0.662252367,2.112942457
377,0.632247210,-0.051015425
378,0.317014486,0.266641170
379,0.102592528,0.189842939
380,0.853647053,1.345658422
381,-1.379907846,0.973250568
382,-0.096217066,-0.265889764
383,-0.137895823,-2.378252983
384,1.027389526,-0.181619257
385,0.630437493,-0.658222198
386,0.695459127,1.462087035
387,-0.767030954,-0.743142009
388,-0.360407740,-3.126489878
389,-0.270940989,-0.565240860
390,3.282883644,-2.171126842
391,-0.611282647,-0.517789245
392,2.894629478,-0.283490568
393,0.971908987,-2.458187580
394,0.913925588,0.162578508
395,3.809724331,1.033606052
396,-0.109446742,-3.017570496
397,0.016415434,-1.549800754
398,-0.119256631,-0.341032952
399,-1.321610808,-0.294745862
400,-0.709002137,-0.764583945
401,-0.710606992,-0.590040982
402,1.543478489,-0.640927076
403,0.090210699,-0.133682773
404,1.768552423,2.410618544
405,0.395538568,0.603940904
406,0.374211013,1.114744782
407,2.295622110,0.948732734
408,1.084627151,-0.877276719
409,-0.123388387,-2.157412767
410,-0.499258608,-0.650011241
411,0.046885252,0.846001089
412,1.229844928,-0.590050280
413,-0.632042229,1.834244967
414,-0.232630387,0.879689038
415,3.462742090,-0.680263698
416,-0.107235469,-0.627989948
417,0.521094263,0.217115670
418,1.085515857,-0.497030407
419,0.310667366,3.254963875
420,-0.587760448,3.300308943
421,0.102897689,-0.166169003
422,0.139733031,-0.073187009
423,0.391713619,0.061106861
424,-1.259396791,-0.796478271
425,-1.466150045,4.466253281
426,-1.291434050,1.077520728
427,0.012944072,-0.452235520
428,0.597790241,-0.317859560
429,-1.127025843,-0.778829694
430,0.217290819,0.294030160
431,-0.613647401,0.261166424
432,-0.235197738,-0.194207594
433,-1.496457696,-0.813999355
434,0.184591040,-0.182506144
435,-2.812434912,0.467519492
436,-1.483318448,0.480426818
437,1.016482472,1.470919490
438,1.750397801,-1.524873257
439,-1.688158751,-0.230173662
440,1.194242954,-0.203945100
441,-0.060096964,0.889794111
442,0.066888869,1.880031347
443,-1.044499278,0.247383952
444,0.630832255,0.208636925
445,3.217019081,0.489096582
446,-0.871934831,-0.359595180
447,1.875616431,-0.593984127
448,-1.593215227,-1.892818332
449,-0.385029763,-0.336295336
450,0.871774137,3.004380941
451,-2.089468718,0.319546908
452,-1.771210790,0.261266202
453,0.576625705,1.499248862
454,-0.825196922,0.143232122
455,-1.431080222,0.417957932
456,0.741796374,-0.324820638
457,-0.357474834,-0.326004535
458,0.644500494,0.006033998
459,-0.415609509,1.108282447
460,-0.936464846,-0.525572717
461,0.241144523,-0.306942374
462,-1.021229744,-1.300825357
463,-0.437341273,-1.787572026
464,0.332406521,0.614676118
465,1.152521014,1.086002946
466,2.332698107,2.135001898
467,0.364647955,0.991817951
468,2.524032831,-4.429535866
469,0.044835445,0.555504858
470,-0.271046758,-1.741101503
471,0.134975359,0.111757651
472,1.576564550,-0.840074778
473,0.237610087,0.385586828
474,0.237745434,-0.519410610
475,-0.059469525,-0.249616206
476,0.003712459,-2.072306156
477,3.216330290,0.621543586
478,0.696716666,0.130256400
479,-0.936781466,-0.639549375
480,-2.291093111,0.092797987
481,0.618251443,-0.418786138
482,0.941450655,-0.589675486
483,1.079551578,2.849141836
484,-0.051680699,-1.414942026
485,-1.017906070,-0.079927042
486,-0.085571200,3.233350277
487,1.237348795,0.405058116
488,0.585570216,1.376179576
489,-0.233559191,0.065746017
490,1.351190686,-0.604369164
491,-1.944826961,0.873650253
492,0.288031310,0.024649069
493,-0.095738731,0.247371778
494,-0.028185979,-0.446531177
495,-0.983151197,1.730958700
496,1.788344741,0.566968620
497,0.140703052,-0.261168361
498,-0.457378000,1.761827588
499,-0.180802092,0.086009145
500,-0.715135276,-2.656335354
501,-0.649808824,0.117187500
502,0.471645683,-1.400739670
503,-0.729945660,0.773770452
504,-1.248349786,0.285758883
505,-0.735423923,-1.947516561
506,0.366476625,1.778183222
507,0.330457985,-0.896026552
508,0.275009125,0.177775756
509,-0.809561074,1.991144061
510,-1.344011426,-0.740734279
511,0.511750698,1.545137525
512,0.196454316,0.343561947
513,-0.193926677,-0.487233877
514,0.079183683,-2.292447329
515,0.084374778,0.434946418
516,2.559097528,-0.627338886
517,0.082991548,0.146920830
518,-0.354729444,2.978130817
519,-0.747858167,0.729223311
520,0.753540933,-1.619388700
521,-0.751048326,0.330874443
522,-0.207389683,1.415329576
523,1.244217277,0.258630276
524,2.640606165,-0.246494606
525,-1.009089470,-0.895606160
526,-0.310244381,-0.882888198
527,-1.246358395,-0.415969223
528,-0.717288792,-1.138416409
529,3.322756290,0.628962576
530,0.275484800,-0.597360909
531,0.125255376,-0.143776774
532,2.304515362,-0.689622402
533,0.480937570,-1.040199876
534,2.432226658,-0.893407226
535,0.862699449,-0.508460879
536,-0.204517931,2.427875996
537,2.189172506,-1.257569671
538,1.454467535,0.755162597
539,-0.274069905,0.547427297
540,0.264535159,-1.460475206
541,-0.962738454,1.243865848
542,-0.409441799,0.049791019
543,3.473285198,0.914553404
544,0.752572834,0.367546052
545,-0.410990775,-0.228428423
546,-1.395514011,0.258917570
547,0.446893096,0.166026369
548,0.710086703,-1.149530768
549,-0.529534876,-0.275713682
550,-1.414987326,-0.943628192
551,0.330650538,1.605841517
552,0.455955893,-1.940147042
553,-0.336342901,-0.009775181
554,0.940481007,-2.040622234
555,1.603858471,-0.182050183
556,1.081304908,0.436831266
557,-0.361916751,2.421048403
558,0.066795021,-0.196738839
559,-1.346699953,-1.863578200
560,0.040835727,-0.152263880
561,0.045237217,-0.254272968
562,1.538372040,-0.450868607
563,-0.139682651,0.173030823
564,1.004710674,0.630932570
565,1.260343432,-1.315900683
566,2.000414371,-1.021016359
567,-3.011558294,0.947637618
568,0.187773123,2.526326180
569,-0.324709445,-0.064550169
570,-1.958026052,-0.823965788
571,-2.081105709,1.213211894
572,-1.995347381,-0.383846462
573,1.619013548,0.597068250
574,-1.338303208,-0.002137165
575,0.862577200,0.461062461
576,-0.229979798,-0.828770995
577,-0.649809659,0.443361133
578,0.091335423,-0.645879686
579,-0.098052993,-1.665908456
580,-0.905373931,4.146086216
581,0.098921761,-3.079698324
582,1.714526653,2.048367023
583,-0.129263729,0.888626516
584,-0.429985344,0.110626385
585,0.657141089,1.557696342
586,0.313725650,1.468264937
587,1.261839032,-0.613098204
588,-0.453072071,1.268229723
589,-0.764877915,-1.447034001
590,2.292557240,2.049402952
591,0.013986500,-0.322421610
592,-0.536352396,0.583367229
593,0.224324763,-0.011781864
594,-1.732746601,0.359566659
595,2.931036949,-1.505147099
596,-3.657866716,1.084585428
597,1.097221375,1.836652637
598,0.374468356,-1.440847516
599,-2.388151407,0.402691603
600,0.916384280,0.338885754
601,-0.694057584,-0.580721259
602,-1.277638912,-1.676670313
603,-0.458398014,-0.105956435
604,1.282737494,-0.710683286
605,-2.197149754,2.265324593
606,-0.693852544,-3.528064966
607,-0.363181591,0.170058697
608,-0.106716476,-1.064794064
609,-0.985723734,-0.469288826
610,0.102962464,-1.207833529
611,1.470579028,1.631518483
612,-2.066965580,0.732001960
613,2.948235989,0.388199866
614,-1.195909381,0.864100039
615,0.427968860,0.926195025
616,-2.472089052,1.501489639
617,0.832250476,0.552738428
618,1.168527603,0.150486484
619,0.919671178,0.387454361
620,-0.372762173,1.754261136
621,1.428792953,0.285461098
622,-0.560385525,-0.346220106
623,4.354438782,1.968919039
624,-2.354013920,0.101252608
625,-0.880938053,0.513130307
626,-1.572321653,2.134693861
627,1.889843583,1.501274228
628,0.974200606,-0.543863654
629,0.980092287,-0.016695278
630,-0.131182700,-0.119943388
631,-1.138646364,1.001377344
632,-0.613999128,0.522268951
633,-2.574639082,-0.758185923
634,1.094333768,-0.411223531
635,0.614540339,1.108662367
636,0.441547006,-1.126206040
637,0.130082160,0.002696531
638,-1.208267808,1.025959730
639,0.066842951,0.147710964
640,0.296056926,-4.308081150
641,0.696993887,-2.159696817
642,-2.439599037,1.001577497
643,1.211932421,1.057382464
644,0.403607458,-0.017167239
645,0.685795963,0.356950134
646,0.977994740,1.076830029
647,-1.040250301,3.328742504
648,0.879879892,-2.526822329
649,0.607602179,0.564888477
650,0.951596260,1.586136222
651,-0.013400936,-1.829305530
652,0.030860310,-0.314269602
653,-0.777272582,-0.553422332
654,0.061702505,1.941459537
655,-0.525680959,0.378892303
656,1.259961009,1.171206355
657,0.170100302,0.560767412
658,-1.103122711,0.181992218
659,0.345743537,-0.733589590
660,-1.623792052,2.614857197
661,0.439837247,3.742863894
662,-0.189316928,0.091604382
663,0.975935459,-0.338901281
664,-0.943825781,-0.822463810
665,0.643579841,0.193501517
666,-0.143503338,-0.202415049
667,-0.364394784,0.154106528
668,0.038030326,0.939031601
669,0.174961612,0.115783125
670,0.089477375,-0.156519711
671,-0.669143319,-0.177588165
672,-0.913361430,1.599961042
673,-0.801411986,1.147497416
674,-0.419524342,-2.325284719
675,-0.122605182,-0.194357187
676,-0.850813687,0.533989251
677,-1.649345517,-2.098658323
678,-1.104704380,-1.103938937
679,-1.642869711,-1.192900538
680,0.995278180,1.624849439
681,0.338202327,-3.220598459
682,0.227945626,0.337115169
683,1.077191591,0.475501359
684,-0.186055288,-0.544355214
685,0.293462396,2.273364544
686,-1.813815355,-0.843329549
687,1.408929467,-0.367511064
688,1.244586110,0.332312405
689,-0.088632911,0.364836156
690,-0.206984565,0.474815130
691,0.474775314,-0.586288989
692,0.428116620,2.118787766
693,-0.321736008,-1.150750518
694,-1.783370018,-1.887992859
695,-0.380777031,0.849537849
696,2.480912447,2.131791830
697,-1.677344561,0.402114332
698,0.429587007,1.076186776
699,-0.478027970,0.281208992
700,0.162399307,0.457275808
701,-0.573758364,-1.157098532
702,-2.889559031,0.582715631
703,-0.576541364,2.547343969
704,-0.692420900,-0.529815257
705,-1.733937025,0.996705651
706,-0.374785215,1.403335452
707,-2.966030359,0.425813615
708,0.400858611,1.521524429
709,1.570859790,0.966487944
710,-0.464929521,3.114218473
711,0.115347147,0.569877148
712,-0.177098319,-0.183564156
713,2.181490660,-0.198598340
714,1.200725436,-1.223301291
715,-2.537538767,0.784106314
716,0.066694431,1.710648656
717,-0.038104836,-0.544240713
718,0.861412466,-0.091825537
719,-0.413454950,-1.333845377
720,0.680515230,-0.858784497
721,0.658032954,-0.285014629
722,-0.888134480,-1.419641495
723,-0.258563548,-1.130406499
724,-0.301508397,-0.045259561
725,-1.375100374,0.350882262
726,-0.520109892,-0.903386831
727,0.215152457,-0.368336022
728,-1.705503345,-3.605731726
729,2.229728937,2.336257458
730,1.774440646,-3.281093597
731,0.099867411,0.332559437
732,-1.080186605,1.320389032
733,-0.158080295,0.134498820
734,-1.541120768,0.314023435
735,1.071128607,3.127288818
736,1.255916357,0.079680651
737,-1.361218929,0.955595911
738,1.312423229,0.702279270
739,1.097398400,0.143823862
740,-0.145072579,0.462537169
741,-2.470394373,0.759076774
742,-0.795433640,-0.269100130
743,1.023686647,-0.071211763
744,-0.376080424,0.418066382
745,2.706009150,0.155805573
746,0.453250706,-1.093316078
747,0.152088255,0.427929014
748,0.105995342,0.350361854
749,0.914067984,-0.995867610
750,0.843115151,0.798248589
751,2.221306801,0.682242215
752,-2.233929634,-1.759266376
753,0.167054072,0.190262884
754,-0.634460151,0.366386086
755,1.738496900,-0.716555774
756,1.331933975,-0.394994676
757,0.376910001,-0.370030940
758,1.830881238,-1.889171004
759,0.912064612,-0.850234747
760,0.256741107,-0.102335326
761,1.339121938,-0.537290812
762,0.745060742,-1.117212057
763,0.777058363,0.592603266
764,-1.888000011,0.328936607
765,-1.104600549,-0.031253397
766,2.480214834,2.496769905
767,-0.390162677,0.439440101
768,0.085864469,0.336672068
769,-1.756219983,-0.247513548
770,0.833281934,0.438093811
771,0.358754337,0.960027933
772,2.718424082,-0.105529718
773,0.340764254,-1.690068483
774,-0.089773968,-0.311220318
775,1.754628062,0.990996003
776,-0.067297548,-0.484860331
777,-0.803352177,-1.017490625
778,-1.381563425,0.294413090
779,-0.076631777,0.649522185
780,-0.434545666,-0.535468340
781,-0.138781086,0.162518904
782,-0.046247300,-0.490685672
783,-1.584789515,0.851752758
784,-0.538544178,0.658536673
785,0.816552341,-0.585008621
786,-0.195317283,0.796815038
787,-1.695440412,-0.674852490
788,0.925897181,0.577557147
789,-0.488806307,1.972553253
790,2.643670797,1.164999962
791,-0.528408349,-0.639028609
792,1.772141337,-0.447335660
793,-1.016827345,2.177407742
794,0.234935030,-0.392568260
795,0.556755960,0.871417403
796,0.621750057,-0.120229684
797,-1.258562326,-0.744976997
798,-0.438663334,0.540837944
799,-0.685271680,0.769245207
800,-0.900607109,-0.037958302
801,-0.137841821,0.240001112
802,0.244265229,-1.000027061
803,0.158912227,-0.030635189
804,0.351198643,-0.984273076
805,-2.012240648,-2.482017517
806,2.796881676,-1.083561301
807,-0.291768998,-0.495437056
808,-0.282143891,-2.030256987
809,0.518365383,0.149574459
810,-0.315375298,1.264495492
811,0.780781090,-0.733137548
812,3.352799892,2.717746496
813,-1.209799886,-1.147152185
814,0.184284344,0.073834606
815,-2.741228580,1.746311784
816,0.414406389,-1.504603744
817,2.447826147,0.639804125
818,-0.778844178,0.716421545
819,-2.220801353,-0.061235689
820,0.982159913,-0.223340303
821,0.299472690,0.160138860
822,0.192010328,0.304249614
823,0.498626560,-0.249410182
824,-0.557735622,0.967823505
825,-0.392591983,-0.524338841
826,0.034027219,-0.193829894
827,-0.702736080,-0.980631411
828,-3.000812054,1.183169484
829,0.650873899,-0.556495011
830,0.031369131,0.512150228
831,1.865169644,0.147810206
832,-0.909219801,-0.296469063
833,0.373763263,0.554978371
834,-0.068315603,0.343488067
835,-0.425069898,0.708442032
836,-0.252280951,-0.071192801
837,-0.449877918,-0.676748633
838,-1.218737841,-0.406277418
839,-0.614324391,0.260461271
840,-1.115182161,-0.108280167
841,1.273013115,-0.221372783
842,0.987860024,1.938508511
843,0.356964737,-0.139947966
844,-0.114157788,0.283591717
845,-3.052102804,0.952823281
846,1.999098182,-1.241488576
847,-0.017456196,0.884697497
848,0.137275338,-0.495450407
849,-0.797726154,-0.094726518
850,-0.994623840,-1.500130653
851,-0.217914328,0.061064299
852,0.682962656,2.114491701
853,0.865116060,-1.348825693
854,-0.116504155,-0.114051118
855,0.753116786,2.631896973
856,-0.352324247,0.071922161
857,1.417524219,-1.194968820
858,-0.876143754,3.327127695
859,0.939802587,-0.584609330
860,-0.059097838,-2.393293619
861,-0.789766192,2.244349957
862,2.190258980,0.503815591
863,-0.220374659,-0.689278185
864,-2.065931797,0.115894012
865,-1.216255665,1.985317349
866,0.248384848,-1.479239225
867,1.201833487,0.995910525
868,0.230964899,0.202418819
869,-0.606373370,0.874564707
870,-0.037314028,1.024338841
871,3.012774467,-0.453166127
872,-0.371564478,0.437619925
873,-0.995437205,1.798169017
874,-1.364799142,0.942415237
875,0.683362663,0.320305020
876,1.001080990,-0.837839007
877,0.100721374,0.345174432
878,0.241444081,-1.148122787
879,0.623292267,-1.855649233
880,1.210986495,0.331016272
881,0.049992181,-0.639553428
882,-1.594388604,-0.121509276
883,-0.699185193,1.257046342
884,-0.071786515,0.544893026
885,0.162326559,-1.439428329
886,0.627582967,0.091216892
887,-0.335522830,-1.701092720
888,0.592490911,-0.747547925
889,0.966941118,-1.863848805
890,0.226213083,0.645810783
891,1.210487247,-1.031510949
892,0.867432296,-0.120001517
893,-0.152274698,-0.223086193
894,-0.356855869,-1.260354161
895,-0.196266100,1.616922736
896,0.431641698,-0.790898085
897,2.250786543,1.781135678
898,-2.132684469,-0.542109013
899,0.616537929,-0.153995588
900,-1.548808217,-2.369472504
901,-1.225471735,1.215534806
902,-0.675001860,0.765776753
903,1.904366732,-0.269383043
904,1.436027050,1.208851814
905,-0.236429647,0.007905328
906,-0.820306122,-0.075869717
907,0.118124336,0.354826063
908,-0.781677008,-2.767542362
909,0.226480722,0.673920870
910,0.408751607,0.143221989
911,-0.358171552,-1.681378365
912,0.337084204,0.749613225
913,-0.913058102,0.665540278
914,-0.426323116,1.265925765
915,0.697214127,-0.672512174
916,0.385617882,-1.724575877
917,-0.073943399,-0.216203213
918,0.168208912,0.667014003
919,0.152728960,-0.008288812
920,1.577539802,0.978291988
921,-1.070209265,0.793093026
922,0.368141830,0.736378074
923,-0.483135223,-0.001917876
924,-1.272202730,0.433806419
925,0.169515997,-1.401561499
926,0.759770095,0.669577658
927,-1.355415940,-0.751063228
928,0.274573117,0.100597017
929,-2.304064274,1.675597906
930,-0.280505687,0.536544323
931,0.024636205,1.660459638
932,0.389157295,0.239892676
933,0.420807660,0.080627836
934,-2.115472555,4.009465218
935,0.013042761,0.994533777
936,-0.137536809,-0.741382539
937,-0.737342656,-0.315172166
938,3.540681362,-1.344039559
939,-1.373053670,-0.031139806
940,0.478588849,-0.726443887
941,-0.196127996,-0.169254720
942,0.005968486,0.722578704
943,0.140373930,1.604329586
944,0.216527477,0.153116643
945,-0.350396305,1.357926011
946,0.790225089,0.435215831
947,-1.238703728,-0.730116189
948,1.728796601,-1.213065863
949,0.061744969,0.459152013
950,-0.926598370,1.164950490
951,-0.414592594,-0.951757014
952,0.070146903,1.800981998
953,-1.353775263,-2.788844347
954,-0.292402238,3.072640896
955,0.610120654,-0.702442288
956,0.884544313,-0.309516400
957,-0.823365748,0.764780462
958,1.115189672,0.384634852
959,-0.489014506,-1.734203458
960,-0.923588395,-0.806169450
961,-0.166845620,-1.703101158
962,1.511521459,-1.197278023
963,-1.893394589,-2.186927557
964,-1.049944758,0.150492311
965,0.828770638,2.162107706
966,-2.601023197,0.079293557
967,-0.810186386,0.444656819
968,0.753024399,-0.577694595
969,-0.060936391,0.489255518
970,1.326686621,1.062029958
971,-0.287069350,0.625772238
972,0.453746319,0.557487428
973,-0.882125854,-1.559451222
974,2.571649075,-1.305168271
975,0.204763561,0.885882199
976,-0.263803035,-0.205267742
977,-2.422292948,-1.125606298
978,0.518183887,4.954782486
979,-0.212807104,-0.408667028
980,-1.452321768,-1.203198552
981,-1.231611133,-0.704506934
982,1.118162513,-0.882589400
983,0.324043930,-0.324658215
984,-0.769818187,0.824035227
985,-1.144590735,0.936746776
986,0.579002857,3.811251163
987,2.134772778,-1.231012821
988,0.104210891,1.288090348
989,-0.146065414,-0.120221041
990,0.145863652,0.084437899
991,2.468609095,1.402384043
992,-1.186618447,1.262321234
993,-0.224718571,-0.165589869
994,2.151686430,1.120223403
995,-1.241777420,-0.447539717
996,0.221286952,-0.156579375
997,0.539360225,-0.544494808
998,-1.155396104,0.922335386
999,-0.562696874,-0.246947050
1000,-0.560667574,1.024251342
1001,0.550871849,4.662191868
1002,1.205904484,0.542903543
1003,1.311981916,-0.985717416
1004,-2.970067024,-2.391357899
1005,2.213192701,-1.194484115
1006,0.212197021,-3.294713259
1007,-0.030090945,-0.422976047
1008,-0.452469140,-0.745202780
1009,1.356285214,-0.675449371
1010,0.820321560,0.829750657
1011,0.245704427,1.003919005
1012,1.769110084,-0.598337770
1013,0.090293728,-0.645330966
1014,-0.717391372,0.297824204
1015,0.434161216,-0.579026163
1016,-1.640664339,-0.802577317
1017,-0.758284032,2.073848963
1018,1.819922805,1.687619567
1019,0.849885464,-1.626902103
1020,-2.096205473,1.816115379
1021,2.464673996,2.002637148
1022,0.540940702,-0.835886359
1023,0.734159827,-0.220218450
1024,-0.006827052,-0.702502310
1025,0.333813637,-1.211868286
1026,2.674547672,1.558373094
1027,-0.630426109,-0.394478381
1028,-0.191690668,0.876675487
1029,0.924359143,-2.849354744
1030,-0.247649521,-1.611536503
1031,-1.322896242,1.435429215
1032,2.534989119,0.098052330
1033,1.868340969,-1.214039922
1034,-0.801095009,-1.978087902
1035,1.325503349,0.470447361
1036,2.833395958,-1.727416992
1037,1.489498973,0.873008192
1038,0.070166670,-1.825531602
1039,-0.888724208,-0.305670708
1040,0.160289899,0.114270240
1041,-0.556032717,0.930024147
1042,0.279251516,0.731430054
1043,-0.127984047,0.356526166
1044,-0.331318617,0.427206635
1045,0.726873815,1.954842091
1046,-0.518955171,-0.714344144
1047,0.796911657,0.987595499
1048,-1.874995112,-2.195430517
1049,-0.502739370,-0.387397885
1050,0.466418982,-0.670617104
1051,-1.042873979,-0.402911842
1052,-0.039914235,0.283810228
1053,0.187936336,0.027387425
1054,0.015654206,-1.266300082
1055,-0.644932449,2.299385786
1056,-0.164462909,-0.433363080
1057,-2.308098793,0.172535822
1058,0.464730859,-0.314217389
1059,-0.181971222,0.204075694
1060,-0.302876353,1.203842998
1061,-2.022439241,-0.475269973
1062,0.269604892,0.473049641
1063,-0.054241490,-0.177256569
1064,-0.567137361,0.785063505
1065,0.402607858,1.538584828
1066,-1.379626632,1.869099140
1067,-0.941688180,-0.298067093
1068,0.601553202,0.537438989
1069,-1.198691726,-1.015112996
1070,-0.383025587,-0.065649390
1071,-0.995041430,-0.849969208
1072,0.478288472,-2.586276293
1073,0.155093461,1.152036428
1074,-0.911632895,-0.796441019
1075,0.857878268,-1.026469946
1076,-1.189371347,-1.076551080
1077,1.077013969,-0.950778306
1078,-0.567818761,0.377365381
1079,-1.270910621,0.414550841
1080,-0.496593595,0.148012549
1081,1.107092142,0.084691562
1082,0.649038374,-0.050000560
1083,-0.016990341,-0.578853011
1084,-1.384238601,0.685938478
1085,0.344531357,1.171337485
1086,-0.410511374,-0.087553963
1087,-0.590400457,0.858853400
1088,-1.993937612,-0.020154048
1089,-0.760400414,-0.769921362
1090,-0.492662013,1.574521422
1091,1.042343736,1.732535839
1092,0.163893983,0.023796577
1093,1.037808061,2.433948755
1094,-0.410798639,-0.845405102
1095,1.664175510,-1.644455433
1096,-0.975306392,0.717506528
1097,-0.635678232,-0.498188376
1098,0.452602386,-0.601182342
1099,2.703057289,-1.649589181
1100,2.953723192,-1.890396118
1101,0.252209842,1.164386988
1102,2.543297052,0.147167131
1103,-1.548179030,-1.470971823
1104,-0.482161105,-0.265680760
1105,0.019564092,1.376727223
1106,0.695459425,-0.607832491
1107,0.094679378,1.193590045
1108,0.036652397,-0.186008394
1109,2.609361410,-1.185930967
1110,0.987387717,0.999232948
1111,-0.010595860,0.724817634
1112,-0.994734645,0.009071816
1113,-0.148898929,-4.297933102
1114,-0.594386399,2.682641983
1115,0.252102822,0.763599694
1116,-0.633203387,0.230752021
1117,0.547283471,-2.168986797
1118,0.908794343,-0.911934257
1119,-0.267324686,0.438105822
1120,0.229580835,-1.073558450
1121,2.650247812,-0.685230434
1122,0.041985985,-1.303651571
1123,-0.158388376,-0.607402623
1124,-0.115587600,-1.054237127
1125,-2.380651474,-1.136214375
1126,-0.080849774,-0.346456319
1127,-0.355893135,-0.350038558
1128,-1.107853413,0.144010678
1129,-1.424223065,0.273408234
1130,0.544514239,0.640691161
1131,-0.964462519,-1.870293498
1132,0.660828054,1.896226645
1133,-0.402126580,2.575691938
1134,0.341921836,0.024592560
1135,2.057993174,-1.154003501
1136,-2.268866777,-0.724749506
1137,0.127932727,1.401449561
1138,-0.702304661,1.061843038
1139,0.472853631,-0.985473156
1140,0.169192269,0.831407249
1141,1.379530668,-0.172051355
1142,0.987103224,0.909240007
1143,-2.096322060,1.494967580
1144,2.167135000,0.700162649
1145,0.339770615,0.279119909
1146,0.937892199,-2.728302002
1147,0.968380690,0.523657262
1148,-1.518930078,-0.615359843
1149,0.122095950,-1.458624363
1150,-0.170703277,-0.619181514
1151,-1.299709201,-3.725203991
1152,-0.767121017,-0.740803003
1153,-0.795300364,2.857541084
1154,2.277131081,-1.295633674
1155,-0.232820570,-0.739661098
1156,-0.454155982,0.309540123
1157,1.899304152,1.426678419
1158,0.711604297,-1.103099346
1159,-0.427644908,0.993249595
1160,1.413996339,-0.525163889
1161,0.326427102,-0.849266052
1162,-0.941365898,0.555875182
1163,-0.137041509,-1.256887197
1164,0.110090360,-0.203019142
1165,0.129944101,0.437990338
1166,0.601733923,0.649030566
1167,0.155220762,-1.940751433
1168,-0.542383790,0.549913526
1169,0.398936838,0.096949495
1170,-1.038200140,1.635041714
1171,0.201082706,-0.768302143
1172,0.637137651,2.076036692
1173,-1.058029532,2.762003183
1174,-1.918751359,0.016130406
1175,-0.534471035,2.089544058
1176,-0.570940375,2.373805523
1177,-0.106173635,-0.571927845
1178,1.712289691,0.023245873
1179,-1.249196649,1.104268193
1180,-0.227831870,0.209608778
1181,0.129284874,1.876688361
1182,2.357914209,0.492967099
1183,0.991528928,-0.643275142
1184,-0.266485304,0.283598095
1185,1.087145209,0.147198230
1186,0.143749744,-0.213623121
1187,-0.279413551,0.950345397
1188,0.591196716,1.302464366
1189,0.420675784,-0.611677706
1190,-0.420819581,0.218797311
1191,-0.454679102,-0.732525110
1192,-0.172968045,-0.055526987
1193,-0.354278535,-0.123353131
1194,-1.867166400,-0.460141271
1195,-0.659547746,-0.366148144
1196,-0.127430946,-0.958579540
1197,1.937263012,-1.327668786
1198,-0.574463964,-0.810950816
1199,-1.827098608,0.008639456
1200,2.103255510,-0.421927303
1201,0.430640787,-0.294157326
1202,-0.079429716,-0.144002140
1203,0.753482163,1.343935966
1204,0.429496020,-1.322721124
1205,-0.058030959,1.202888250
1206,0.190416381,0.047257449
1207,-1.219633222,-1.058519006
1208,0.664618731,-0.908689916
1209,0.984189868,-0.411987960
1210,0.851152658,0.397063494
1211,-3.448205233,1.382279038
1212,-1.443369031,-0.711166382
1213,-0.034535456,0.181385055
1214,-2.647305489,-1.017681956
1215,-1.185571194,-0.699401736
1216,-0.541802347,0.530964553
1217,-0.588288426,-1.844691157
1218,0.396153003,0.041680865
1219,0.120331012,0.088590749
1220,-0.331413597,-0.062893167
1221,1.618202329,2.199718237
1222,-0.149835467,-1.085395098
1223,-0.142213479,0.647702277
1224,-0.494801968,-0.580323398
1225,-3.507761478,1.586050153
1226,1.139344931,-0.959411681
1227,0.054401033,0.681246042
1228,0.594358861,1.116299629
1229,1.501336694,0.503214300
1230,0.077232711,0.028636947
1231,-0.523472130,0.184769541
1232,0.614560246,0.810444415
1233,-1.524063468,-0.168465868
1234,1.224541426,1.013254046
1235,-0.154432401,0.100375779
1236,-0.234729707,-0.176583916
1237,-1.275125504,-0.454884887
1238,-0.474538386,0.390666634
1239,0.005257301,0.150947317
1240,3.172720432,-0.123152524
1241,1.696283460,0.362346381
1242,-0.075186513,0.186046317
1243,1.814131856,-0.360429049
1244,1.683210492,0.209553584
1245,-0.729562938,-0.126898125
1246,3.228869915,-0.000591151
1247,-1.566079140,-0.093668059
1248,0.110497974,0.400193691
1249,-1.319680691,-1.848360181
1250,1.782645226,2.573863745
1251,-1.102638483,1.339021087
1252,-1.573206306,0.574284434
1253,-2.094538450,0.107039258
1254,1.146528721,1.056516409
1255,-3.232572794,0.748172998
1256,0.005215117,0.276527733
1257,0.547035575,0.937506318
1258,0.574077010,0.505082846
1259,-0.172616452,0.425540179
1260,-0.814510226,1.046810031
1261,-1.810984254,-0.798055112
1262,0.026228424,-3.687350988
1263,-1.215674639,4.006744862
1264,0.996004879,-0.755407810
1265,0.491622955,0.422245085
1266,-0.481388479,-0.323519677
1267,-1.363894105,-1.690535903
1268,0.718399048,0.155165181
1269,0.406475246,-2.178586960
1270,1.098498464,1.269496560
1271,-0.137953699,0.686723411
1272,-1.065829158,0.287133992
1273,1.494245291,0.225763932
1274,-0.064086393,-0.295847744
1275,-0.444423795,-3.270110607
1276,0.129844174,-0.218106970
1277,-1.871618748,1.283232450
1278,-0.896572053,-0.231421515
1279,0.248787269,0.172455519
1280,-0.768825173,0.709706485
1281,0.053203594,1.189177871
1282,-0.680044234,0.264172882
1283,1.046566725,1.627165437
1284,-0.047528129,0.481313258
1285,0.142928541,-0.197702616
1286,-0.376703858,-1.008433580
1287,1.566736579,-2.324616194
1288,0.942700803,-1.522944212
1289,1.468121767,-0.002220154
1290,-0.674342215,-0.031971846
1291,0.206532195,0.493130863
1292,-0.985146344,0.378958493
1293,-1.332119107,-0.393546700
1294,-0.511011660,1.127986073
1295,0.364292920,-0.325774908
1296,4.342013836,-1.212597966
1297,0.528105021,-0.112842225
1298,-0.356024295,-1.361952186
1299,-0.333624601,0.232483283
1300,1.573846698,-1.106527209
1301,2.022541523,-1.186520696
1302,0.436899334,0.873728454
1303,0.164015010,0.722718775
1304,0.932519794,-1.778326750
1305,-0.406425476,1.081332445
1306,-1.553280592,-0.383495390
1307,-0.816306412,-0.947796941
1308,1.404371142,-1.665785313
1309,1.043491483,0.976327479
1310,-1.127982259,3.216704845
1311,2.353190422,-1.610122561
1312,0.839284062,-0.578214526
1313,0.509693205,1.650358081
1314,0.394032568,2.030240297
1315,0.913550735,-0.120711006
1316,1.319101572,0.065084718
1317,0.011995527,-0.330939442
1318,1.571243525,1.328475118
1319,1.989444256,-1.808200598
1320,-2.287119627,0.084395193
1321,0.928700089,0.048271734
1322,0.454079211,-0.988584220
1323,-0.630505919,1.129209757
1324,-0.572443187,0.870474696
1325,0.265777737,-0.195775867
1326,-0.137663946,-1.041227818
1327,-0.494002640,-1.099982977
1328,-0.258627027,0.097066678
1329,3.310684681,1.644194484
1330,0.089100465,1.665089130
1331,-0.542559624,0.458898246
1332,1.935742140,-1.865111232
1333,0.324609518,-0.810701430
1334,0.668887854,0.096519142
1335,2.924727678,2.966113091
1336,-0.850308836,0.823666632
1337,-2.217188597,1.430586100
1338,0.322861493,0.037593834
1339,-0.048983783,-0.113525935
1340,0.239656880,0.134440199
1341,-1.634126663,-1.817605376
1342,-0.318111092,-2.113171339
1343,2.211505175,-1.685176969
1344,1.047388792,-0.064004451
1345,-2.991878033,1.022456646
1346,-1.707146525,0.585993111
1347,-0.671302676,1.001905560
1348,2.456673622,1.430217385
1349,1.188139081,0.200350955
1350,0.346801639,1.160016656
1351,1.104775310,-2.187389612
1352,1.306050181,-0.373251379
1353,0.017892305,-0.200125724
1354,-3.156981230,1.820670605
1355,-1.325566411,-0.905903220
1356,-0.926903844,-0.406979412
1357,-0.767021656,-1.070747495
1358,1.357131600,-1.055630803
1359,0.090402029,0.266081512
1360,-0.797341466,0.218339935
1361,1.029331565,-0.003084962
1362,0.213303789,0.440346301
1363,3.011537075,-0.717730165
1364,-0.471717477,-0.719447494
1365,-0.167079151,-0.384995818
1366,0.724362910,-1.115333796
1367,-1.348993301,-0.163896188
1368,0.793598354,-0.387812406
1369,0.655947030,-0.904919982
1370,1.473716974,1.559624672
1371,-1.432123542,-0.543661237
1372,2.417232752,2.403714657
1373,0.343619347,0.051905658
1374,-0.425790131,0.014632255
1375,1.098767281,2.379865646
1376,-0.153798983,-0.141671091
1377,-0.123224080,0.029513892
1378,-0.630243778,-0.878649592
1379,-0.138959527,0.622189701
1380,-1.465706825,0.055416793
1381,0.228805557,-1.462991238
1382,-1.384292841,-0.374627322
1383,-0.259854764,-0.059792612
1384,0.561676562,0.331885099
1385,1.066411614,0.532589436
1386,0.651407003,-0.736691654
1387,0.716832101,1.177136064
1388,-1.218575716,0.322276294
1389,0.035531830,0.649608552
1390,-1.020210505,1.153687835
1391,-0.159359157,-0.094846696
1392,-0.239876613,-2.099691153
1393,1.874122858,0.722942829
1394,-1.050765157,0.711257815
1395,-0.140604734,0.915527284
1396,-0.153385371,0.458592176
1397,0.431564003,-0.355314851
1398,1.054884195,-0.722999096
1399,0.431022644,0.364847541
1400,-0.022976961,0.455404639
1401,0.974198043,-0.594854832
1402,-0.514951527,-0.024773426
1403,-0.785110474,3.366070032
1404,-0.083954826,-0.781301081
1405,0.811130285,0.423291177
1406,1.041487455,-2.697551250
1407,0.094953090,-0.349105209
1408,-0.345834225,1.481212497
1409,1.643550158,1.791675329
1410,-0.931264818,1.959273458
1411,-1.985367417,-0.336951107
1412,-1.954852462,-0.807653606
1413,-1.353899002,-1.371131301
1414,1.726929545,-1.159997106
1415,0.247511402,0.350450039
1416,-3.387163401,0.714353502
1417,0.899798393,-0.027378004
1418,-0.174916416,-0.417962283
1419,0.122232139,-2.784976959
1420,0.087668926,0.779931724
1421,-0.161811233,2.129436731
1422,1.359058261,0.619855106
1423,0.944123864,0.579931736
1424,-0.979195595,2.435178280
1425,3.594930172,-1.831460238
1426,0.411403000,-0.281958878
1427,-0.675583005,0.636976004
1428,-0.126078337,-0.106816694
1429,0.775950193,-2.039814472
1430,-0.837036133,-0.969939291
1431,0.340997398,-0.350550830
1432,-0.521772206,1.326578975
1433,0.648144841,-1.093108416
1434,-0.245451406,-0.910085499
1435,-0.017268365,0.224629700
1436,1.027893424,-0.974663973
1437,-1.990273833,1.910634160
1438,-0.190757409,0.848355353
1439,-0.549061477,0.166782662
1440,-0.843687117,-1.069257855
1441,-0.661584258,-0.700965285
1442,-2.285265207,-0.160475954
1443,-0.396466106,-0.318070471
1444,1.465482593,-0.367792368
1445,-0.804725051,1.176208854
1446,-0.581350446,-0.984920740
1447,0.685345054,0.568155169
1448,-1.515354156,-0.919707716
1449,-1.902616858,0.050007612
1450,-0.395119995,-0.087073922
1451,-3.295987368,0.191980302
1452,-1.720940828,1.265684724
1453,2.818045378,1.641811132
1454,-0.342602491,-2.095046043
1455,1.288174033,-0.007196289
1456,1.139047027,-0.772750676
1457,0.458292484,-0.539548099
1458,0.367465496,0.122519456
1459,-0.730479479,0.459854901
1460,0.600110590,0.836848438
1461,-1.541471124,-0.294937015
1462,2.021991253,0.145045191
1463,1.254651070,2.513979912
1464,-2.765876532,-0.130062118
1465,-0.942826152,-1.576841235
1466,-0.606838346,0.481708020
1467,-0.124302819,-0.277016699
1468,1.480697036,0.001422215
1469,0.385203600,0.143427417
1470,0.673240781,-1.119318128
1471,0.291344166,-0.578885198
1472,1.366959453,-0.875049114
1473,-0.224872619,-0.398696929
1474,0.220400989,0.104750559
1475,-0.385021597,0.820832551
1476,1.734015465,-0.938830733
1477,-0.450376809,-1.310201883
1478,0.885793686,0.831561089
1479,0.577557862,-0.742033660
1480,-0.727919936,-1.634238720
1481,0.213432610,0.311004788
1482,0.278520584,-0.023952069
1483,0.966162324,-0.514380276
1484,-0.448780507,-2.897076368
1485,0.358117342,-1.236552596
1486,1.180356860,-1.691303253
1487,-0.035887755,-0.192873955
1488,-0.255823284,-0.801566422
1489,-0.452473164,-0.589808583
1490,-0.407140017,-0.555371583
1491,0.373467028,-0.131119534
1492,1.071791887,0.534159422
1493,-2.287424564,2.111385345
1494,0.431729764,-1.020392299
1495,-0.338658631,0.591926992
1496,-0.150946990,-0.372474670
1497,-1.903283834,-0.465396464
1498,-0.954392135,0.516783655
1499,-0.071729235,-0.218787432
1500,-0.016130401,-0.809001207
1501,1.553010345,-0.657665670
1502,2.733350277,0.694427073
1503,0.261242509,1.849313378
1504,-0.470808506,2.832732439
1505,0.097925358,1.945228577
1506,-0.197657660,-0.488830924
1507,0.076796509,0.748479247
1508,0.553238928,-0.078471914
1509,0.320444316,-0.295584500
1510,-0.150083676,0.018703174
1511,0.961379886,0.718569040
1512,-0.943366468,-0.531394958
1513,-0.028698081,-0.739711046
1514,-2.105345488,1.356248617
1515,0.360019267,0.759074032
1516,-1.653555155,-1.359136105
1517,0.031378984,0.185132697
1518,0.311440766,0.491183609
1519,-1.500216603,0.512182891
1520,-0.558273435,-1.373022795
1521,-0.784846544,0.158739552
1522,0.158346638,0.276684701
1523,0.440407068,-0.251477718
1524,-0.413692594,1.206231713
1525,0.371952116,-0.521066725
1526,1.198753953,-0.386211962
1527,-0.108986884,1.502096653
1528,-0.465450674,-0.424015731
1529,-1.019042134,0.018027928
1530,-0.900947273,-0.050680276
1531,0.535937309,-2.068722725
1532,-2.919413567,-0.286821276
1533,-1.838568449,-0.377912283
1534,1.058478475,-0.605448008
1535,0.429769039,1.609644771
1536,1.233986974,-2.710368872
1537,0.507837653,1.903491735
1538,2.367253304,2.323838711
1539,1.196317077,3.358391047
1540,-0.759790421,0.747795224
1541,-0.592322707,-0.621660709
1542,-0.526068985,1.548003078
1543,-0.832578421,-0.186366588
1544,-0.446583211,1.546566486
1545,-1.108602047,-0.531422019
1546,0.489932299,0.456121147
1547,-0.993528366,-0.749575675
1548,0.232272148,-0.232060015
1549,0.558652639,-0.319890618
1550,-3.524403334,0.081142917
1551,0.499074310,1.352299094
1552,1.086618185,1.187013149
1553,-0.711393714,0.076215439
1554,-0.183098122,1.309451222
1555,-0.569602609,2.453374386
1556,-2.120424986,-0.939286292
1557,1.523946643,0.423955411
1558,0.825428367,-1.068220496
1559,2.616504908,0.599862158
1560,2.750618935,-0.205814362
1561,-2.361410379,-2.157421350
1562,-0.382009029,1.251050591
1563,-0.114711821,1.428109646
1564,2.119117022,-2.435420036
1565,3.065077543,1.989910007
1566,0.343146682,0.604206681
1567,-0.516272962,0.581608951
1568,-0.517746925,-3.085856199
1569,0.627799749,-0.583847821
1570,0.705308199,2.160352230
1571,1.540362358,-2.943063736
1572,-0.182054609,0.521279991
1573,-0.285017341,0.361557066
1574,-1.652134895,-2.321502447
1575,0.152422056,0.470078796
1576,-0.008600655,-0.914316952
1577,-1.249744534,-0.382204115
1578,-1.509420514,-0.438638717
1579,-0.348643571,0.870589137
1580,-0.027319547,-1.120648623
1581,1.152017593,0.488379747
1582,-0.977230489,0.870279133
1583,1.184497356,-0.845385849
1584,-0.808151126,-2.197803259
1585,0.443288624,-1.565987587
1586,-1.092550755,1.009390950
1587,-0.319090277,-2.139046669
1588,1.573630095,0.155370772
1589,-0.589929223,-0.197276741
1590,0.490578085,1.056628346
1591,0.597816825,0.539339066
1592,-0.083769098,-0.150995687
1593,0.278228104,-0.673322976
1594,-0.412078470,1.096988320
1595,2.483460665,1.303766847
1596,0.708371818,0.996499002
1597,-1.034258246,-0.936722815
1598,-0.072099604,0.844609499
1599,-0.312012553,0.399310052
1600,0.179969728,0.160982668
1601,0.860275507,-0.863434970
1602,-0.800851107,-1.074927568
1603,-0.362272024,-0.528578281
1604,-0.790706813,-0.647910774
1605,0.967142582,-0.110011883
1606,1.299796343,2.365048409
1607,-0.639393210,-0.195727021
1608,0.724664271,-0.486378849
1609,-0.146167517,-0.441069663
1610,0.832468271,-0.048555911
1611,-0.737449884,-1.104355097
1612,-0.488887161,-0.302989006
1613,0.866735637,0.665859759
1614,0.038509443,0.190914199
1615,-0.889011979,-1.787730932
1616,-2.638302565,-0.567742586
1617,1.508657217,-1.386120558
1618,-1.640025377,-0.890985012
1619,-0.694542050,0.692477286
1620,-1.512822986,-0.156895459
1621,-0.222051784,0.332801282
1622,0.918177783,0.283294439
1623,0.142869905,-0.204046935
1624,1.766436219,1.621532798
1625,-0.402563900,0.047142617
1626,-1.594190955,-1.946720243
1627,1.845353723,0.871043384
1628,-2.223796606,-0.628603399
1629,0.115113169,-0.641925633
1630,-1.364783645,-0.490871429
1631,-2.101848125,0.750630438
1632,0.737190127,-0.104597360
1633,-0.173705697,0.000595777
1634,-1.364318848,-1.138215065
1635,0.438040823,1.568554401
1636,2.125500441,3.318877220
1637,1.392168999,-0.565032303
1638,0.898388326,3.641683102
1639,-1.133805752,0.128157213
1640,-0.265261680,-3.369316339
1641,0.285169244,0.231838375
1642,-0.254862338,0.584793448
1643,-0.243229583,-0.617545664
1644,-0.347197741,0.518873394
1645,-0.439628869,1.220477819
1646,-1.218445063,1.190810561
1647,1.250459552,-0.037318531
1648,-1.050238848,0.538486838
1649,1.569146037,-1.159637690
1650,0.756548464,-0.529938340
1651,0.140310213,0.535900474
1652,0.714667201,-0.836389780
1653,-0.772900283,0.589174271
1654,-0.104146026,-0.635217607
1655,0.200805992,-1.542790294
1656,-0.448473603,0.302388459
1657,-0.309588939,-0.071596660
1658,-0.726937771,-0.907378614
1659,0.533892453,1.079806328
1660,3.662451982,0.331888080
1661,1.057836771,-0.313474417
1662,0.933088779,-0.067626514
1663,-0.071125470,-2.067371845
1664,-0.211176157,-1.335452437
1665,2.125032425,-1.124388695
1666,0.418064922,-0.188942149
1667,-0.005805051,1.905320644
1668,0.444540918,-0.630570233
1669,-0.770101011,1.218011022
1670,0.190233871,-0.258828431
1671,-0.172502145,-0.022116700
1672,2.331187248,-1.259040713
1673,-0.396210283,-0.629508376
1674,-0.166680172,-0.380074739
1675,0.853049517,-0.582777679
1676,-0.275129437,-0.116661362
1677,-1.076957941,1.060975671
1678,0.066683777,0.023839118
1679,-1.167539716,0.445968032
1680,-0.321742445,-0.839550436
1681,-0.347555906,-0.089949630
1682,1.425670505,1.426223755
1683,-0.400318056,0.401826382
1684,0.206370056,0.452316940
1685,1.090152383,2.082128286
1686,-1.697790027,0.843378544
1687,0.054461662,-0.162026510
1688,-0.032055862,-0.613586426
1689,-1.035857558,0.189428955
1690,-3.865033627,1.767712474
1691,-0.757847130,-0.987607181
1692,2.649584293,-1.186955810
1693,-0.623197198,-0.496181786
1694,0.045833193,0.590314209
1695,0.814705133,5.068079472
1696,-1.112550855,-0.840766490
1697,-0.219991788,0.451988488
1698,-2.062210083,0.923604965
1699,0.330436677,-0.174451634
1700,1.020223141,3.083429337
1701,0.423785061,-0.470819801
1702,-0.752385437,-0.915202856
1703,-0.296109617,-0.167367861
1704,0.680058002,-2.563737392
1705,-1.979654312,0.985578895
1706,0.796880722,1.941175580
1707,1.143665791,0.333007336
1708,-0.558945775,-1.588463545
1709,1.728205204,-0.967092097
1710,-0.214450493,-1.493126035
1711,-0.168181524,0.054611754
1712,0.174371794,-1.274831772
1713,0.468881965,0.336376518
1714,3.292647123,-1.129275680
1715,0.192800805,-0.598736465
1716,-0.123721540,-0.159252644
1717,-0.247895911,-1.692154646
1718,-1.287546754,0.439925402
1719,0.643138468,-1.139979243
1720,-0.601094723,1.372523427
1721,-0.937252641,-0.152038544
1722,1.134603381,0.232548937
1723,0.332927465,-0.288375616
1724,-0.626928449,-1.471280456
1725,-0.025527339,-0.562100828
1726,2.062812090,1.305665612
1727,0.355550617,-1.116061568
1728,0.352789223,0.142746404
1729,-0.102213554,-0.112531111
1730,-1.567986488,-1.455553889
1731,0.260831684,0.064249985
1732,-3.123877287,-2.917101383
1733,1.106375694,-2.249033451
1734,2.074295998,-0.220327422
1735,-0.625198543,1.230660200
1736,1.425429225,0.295081317
1737,-0.719072461,1.170108199
1738,-1.055180907,0.958842754
1739,-0.691012383,1.513255000
1740,-0.032479838,1.219100118
1741,-1.379186034,-0.603288651
1742,-1.696547031,1.686049104
1743,-0.373379022,-0.553785384
1744,0.652095020,-0.139881179
1745,2.576354265,-2.847319365
1746,-0.178272903,0.172798052
1747,-1.236262083,2.032305956
1748,0.307150841,0.216953814
1749,0.545890987,0.224472523
1750,0.075855985,-0.416802913
1751,0.584221840,0.104833759
1752,-0.103713013,-0.800464153
1753,0.277500600,-0.770834684
1754,0.092190176,3.300905943
1755,1.072877407,0.450767994
1756,-1.299282074,-1.389189243
1757,-0.512714803,2.600245714
1758,-0.239761382,-0.826047301
1759,0.288742810,-0.556808889
1760,-1.489305377,1.772089005
1761,1.167590261,-0.956975520
1762,0.150296286,-0.189187229
1763,1.154992700,-0.652206361
1764,-2.094613552,-0.499483466
1765,-0.365463108,0.351699859
1766,0.077947617,0.969679713
1767,-1.216264009,0.924946070
1768,3.473628521,-0.374375463
1769,-0.089015014,-0.196024075
1770,-1.385879755,-1.886129618
1771,-2.284274340,2.063210487
1772,1.704799294,0.916514814
1773,0.099129543,-0.126745299
1774,0.605444729,2.226481915
1775,3.603647470,-1.102764964
1776,-0.507464647,0.245619252
1777,0.908756077,-0.886291325
1778,0.780527174,-0.663403392
1779,-0.404639035,-1.066290021
1780,-0.653221667,2.612983227
1781,-0.370228529,-0.412743419
1782,0.172715992,0.383120209
1783,-0.458979815,-1.129482269
1784,-0.734679401,1.038277030
1785,0.799889922,0.638227880
1786,-0.164067984,-3.315220356
1787,1.333126545,-2.197218895
1788,-0.574132264,-1.330449939
1789,1.918555140,-0.702919424
1790,-0.678027332,0.143170998
1791,-0.716126084,-1.229986429
1792,-0.151324108,-0.035438243
1793,0.111885034,-3.285637856
1794,0.850629568,0.660947204
1795,0.625385523,2.093226671
1796,1.507584333,1.074049234
1797,0.847720563,0.288525492
1798,0.807579637,0.672258556
1799,1.131704926,-0.577655196
1800,-0.657633483,0.321339011
1801,-0.217182159,-0.245255470
1802,-0.566953719,0.026790155
1803,-1.130112648,1.651905298
1804,-0.435059935,-0.601015806
1805,0.753718555,0.639608681
1806,0.394103348,1.500885725
1807,-0.306435943,-0.401911467
1808,0.054366276,0.322862267
1809,0.007585611,0.451076746
1810,0.453135014,-0.920838535
1811,-1.174921155,-1.367748260
1812,-0.070394777,-0.198527038
1813,0.039941255,-0.175135329
1814,1.398193836,-0.957302511
1815,-0.143919855,-1.060728192
1816,-2.167980671,1.022955418
1817,1.006257892,-1.744672060
1818,-0.301863462,1.023113012
1819,-0.228032261,-0.366435379
1820,-1.081210017,0.803266048
1821,1.157548666,0.252908409
1822,-0.080166027,0.804847777
1823,1.293846250,1.249473214
1824,-1.188263059,-0.169050023
1825,-0.170550942,0.151123464
1826,1.532786131,1.051746249
1827,-1.843684316,-1.123998404
1828,0.565989792,-1.354815364
1829,0.231662989,0.473210216
1830,2.025018692,0.126969308
1831,0.657388389,1.490586638
1832,1.273511648,-0.936747730
1833,0.374186993,0.513768196
1834,-0.240835607,0.543529689
1835,0.334460765,-0.353310585
1836,-2.156211138,0.766697347
1837,-0.634380519,-1.710121155
1838,-2.184197664,0.462095320
1839,-0.377070814,-0.351987779
1840,-0.211032853,-0.878133059
1841,-0.903194547,0.590318978
1842,-0.796527863,-0.007203066
1843,-0.909554720,-0.300158530
1844,-0.567583621,-1.186673760
1845,0.449858755,2.272398949
1846,-0.237144858,-0.269579351
1847,-1.026571870,0.406900764
1848,-3.329756975,-1.516599774
1849,1.392857909,0.551250398
1850,-0.117651843,-0.305119395
1851,0.442992866,0.509768009
1852,0.080412894,0.474840045
1853,-0.476144046,-0.246603563
1854,-0.751018763,-2.797840118
1855,0.363385320,-0.028376441
1856,-0.909549773,-0.237651959
1857,-1.120498657,-1.784147263
1858,0.245629311,-0.873226225
1859,-2.153898001,2.039344788
1860,0.941650569,0.290718555
1861,0.482353956,-3.168954849
1862,-0.212656572,-1.272825718
1863,1.405789256,-2.515464783
1864,0.256116062,0.546227276
1865,-1.451336741,-0.872374117
1866,-1.413993955,-1.820262432
1867,-0.451417744,0.575592279
1868,-0.280269176,-0.095662206
1869,1.420374036,-1.278907061
1870,1.201807618,-0.414264560
1871,-0.326674849,0.253536552
1872,0.095779032,-1.426245213
1873,0.390571386,-1.508082986
1874,-0.817094803,0.230723307
1875,-0.413396567,3.264033318
1876,-0.294109076,-0.272666276
1877,0.531976700,0.844624102
1878,-1.675760031,0.262929648
1879,0.746249735,0.875361979
1880,-0.245282009,0.105130233
1881,-1.573977351,1.139754295
1882,-0.402834922,-0.366359055
1883,0.117378585,-0.289842188
1884,-1.018730998,0.472963482
1885,0.485090584,0.036347009
1886,-1.096812129,-0.983193576
1887,-0.930912912,0.237979040
1888,-0.328469127,2.080083370
1889,0.206784397,-0.375358462
1890,-2.583305120,1.442083836
1891,-2.471920252,-0.747227490
1892,0.346952796,-1.663141608
1893,0.668164313,0.464950234
1894,-0.672566414,-0.300346404
1895,1.074428201,-0.944372058
1896,0.413573802,0.437861592
1897,-0.433003783,-0.319648802
1898,-0.558627367,-2.415331602
1899,-0.933211923,0.233620957
1900,-2.499037027,1.474083304
1901,2.434805155,0.335285753
1902,-1.093871593,-1.126445413
1903,-0.672456801,-0.101503178
1904,-2.077312469,-1.025199652
1905,-0.137201265,-0.343586415
1906,1.362200260,-1.017314196
1907,-0.499528378,-0.180040851
1908,1.300860047,-0.157514572
1909,0.922644854,-0.649644315
1910,0.151016042,0.768167198
1911,0.086301222,0.120675050
1912,0.453325897,-0.075800285
1913,0.385811567,-0.611242056
1914,-1.725327492,0.259777397
1915,-0.877643406,0.816645682
1916,0.638639927,0.700145066
1917,0.828089654,-0.035263490
1918,-0.160543516,0.990533412
1919,-0.111475252,0.943832576
1920,1.404923677,-1.115070939
1921,0.336307496,-1.849807501
1922,-1.363415599,0.648766756
1923,-0.818910897,-0.114581898
1924,-0.268912435,-0.121138334
1925,0.670753598,0.236238241
1926,2.886126041,0.627002835
1927,-0.222550631,-0.053540990
1928,0.434887618,1.871618271
1929,0.424066603,0.035763882
1930,-1.436857820,-0.554851294
1931,-1.102078676,-1.484292865
1932,2.083013296,1.944671750
1933,0.757190943,0.435262173
1934,-0.098989204,-0.822177052
1935,-1.651921988,2.495903015
1936,-1.216658473,1.426528215
1937,-1.230435848,0.076112211
1938,1.197192311,0.337792784
1939,-0.690195143,-0.489446580
1940,-0.262890011,0.355668962
1941,0.625867784,-0.992377043
1942,-1.570193768,-0.421607107
1943,1.067350745,1.148738861
1944,-1.126105666,0.180502489
1945,1.557885647,0.923261166
1946,0.545719802,0.498669744
1947,0.475801319,-0.242952108
1948,1.365931630,0.873457313
1949,2.515551567,1.204766154
1950,1.567532659,-1.598692417
1951,-0.101201169,-0.155235320
1952,0.252873510,1.420931935
1953,-0.293164790,0.648886919
1954,1.471805096,-1.024760604
1955,-1.826309681,1.473126173
1956,-1.363840818,-0.878665388
1957,0.892271101,1.905689597
1958,-0.421454877,-0.356797189
1959,2.660462618,0.731607199
1960,-0.316956133,0.083495654
1961,0.075642377,-1.652285218
1962,0.141115621,-0.907958388
1963,-0.586477220,-0.047560968
1964,-0.398857594,-0.414452344
1965,0.422113925,1.189593911
1966,0.208789349,-0.216266870
1967,0.985379875,2.143137932
1968,0.387580991,-0.705353141
1969,-1.585254550,-0.401882946
1970,-0.749883711,1.368449926
1971,-0.181170702,0.702242017
1972,0.000204013,-0.540006876
1973,-0.585053504,-0.966702104
1974,-0.723865032,1.045528889
1975,2.731351852,-0.914374173
1976,-0.126380533,-0.157725900
1977,-0.881722927,-0.492472082
1978,0.089205652,-2.353540182
1979,-0.126231655,1.413028002
1980,-0.676919162,-0.810532212
1981,-0.628703356,1.170064569
1982,-0.873004615,1.182270527
1983,-0.653074443,0.433865488
1984,-1.261951685,-0.095173299
1985,0.066930361,-0.520470560
1986,3.166254282,1.050774336
1987,-2.088400364,1.861926794
1988,-0.053410541,0.835636616
1989,-0.069199935,0.315724969
1990,-0.922550023,-0.481563419
1991,0.177193910,0.271848083
1992,0.482896149,0.683272421
1993,0.900065362,-2.498279333
1994,0.031490583,0.074044883
1995,-1.082945108,-0.235660970
1996,0.764934778,0.078801893
1997,0.311786920,0.484421521
1998,0.283374816,0.106236830
1999,-2.560696602,0.991803706
2000,0.662316024,-0.212126479
2001,0.862943649,-0.833138406
2002,-0.916559696,0.415348500
2003,-0.825588465,-1.224791169
2004,0.408153564,0.135991454
2005,0.107753716,-1.418133497
2006,0.120913707,-0.079981893
2007,0.785756946,-0.668621838
2008,-0.843032122,-0.138009489
2009,0.529574513,-0.801077783
2010,-1.835313916,0.684093118
2011,-1.060347080,0.102775224
2012,-0.121804185,-0.611252785
2013,0.280809313,0.720707893
2014,-1.355222344,2.030699730
2015,2.144465208,-3.022302628
2016,0.325404972,-0.904178023
2017,-2.334317207,-0.243371487
2018,-0.644661963,-0.349466711
2019,0.603881776,1.695461154
2020,1.138026714,-2.440487146
2021,-0.411729336,0.196581304
2022,0.269349247,-0.398914009
2023,0.864980280,-0.320305288
2024,-0.935378909,-1.041370869
2025,2.258813143,2.830722332
2026,0.352724999,0.963248074
2027,-0.020250035,-0.338999510
2028,-0.628320158,0.282325685
2029,-1.101528287,-0.492404789
2030,-0.025195256,0.173903733
2031,1.321150303,-1.591558814
2032,0.361090839,-0.165873438
2033,0.230632082,-1.149460435
2034,1.777485847,0.148175895
2035,0.986667097,-2.063865423
2036,0.681516469,-0.688768387
2037,-4.782369614,-1.584084511
2038,-1.012634277,0.151950628
2039,0.412831247,-0.089237601
2040,-0.126945496,-0.157267362
2041,0.598287344,-1.990866899
2042,-1.038012862,0.038734112
2043,0.303954929,0.494537473
2044,-0.264930964,0.210596025
2045,0.099362619,-1.172462940
2046,-0.819949090,-0.180504188
2047,0.101215877,-0.595194876
2048,-0.148932591,0.258765042
2049,-0.207576931,-2.822079659
2050,0.504739523,-0.650189400
2051,0.890042543,-1.190559149
2052,0.137470290,-0.160605431
2053,0.390265167,0.366522670
2054,-0.164721608,0.146174267
2055,0.605278909,5.146293640
2056,0.852692008,1.471415520
2057,0.316284508,0.908281505
2058,-0.027626416,-1.758932352
2059,-0.834678411,-0.386689782
2060,2.236791611,-1.111447573
2061,-2.078158140,1.290003896
2062,0.397219926,-0.348748654
2063,0.306978881,0.089177020
2064,-0.456464887,1.291395068
2065,-0.642925203,-1.367751837
2066,-1.580266833,1.424203992
2067,1.762992144,1.195720911
2068,0.203680187,0.250886321
2069,-0.717080295,-1.054913640
2070,-0.585587204,1.154995203
2071,-1.822779298,-0.830770791
2072,0.804861307,0.351489216
2073,-0.869682670,1.633990765
2074,-0.456366867,-2.401886702
2075,0.012700043,1.089662671
2076,-0.835256338,-0.431530684
2077,-0.984990299,0.689912379
2078,0.040433511,0.588749409
2079,-0.205235839,0.643407643
2080,1.946599007,1.221659899
2081,-0.228438228,2.262260675
2082,-0.737686634,-0.805595636
2083,0.092919759,0.190791205
2084,-0.223675057,0.241290256
2085,-0.350239426,0.350974202
2086,-0.912085831,1.606572390
2087,0.266840875,-0.295452803
2088,-0.638004184,-1.694336295
2089,1.378456473,-1.102512121
2090,-2.150546074,-1.043529987
2091,0.088348508,-0.549992919
2092,-2.850611448,0.379477233
2093,-2.204815865,1.046193004
2094,0.676966727,0.925779760
2095,-0.087753154,0.225714132
2096,-0.116013423,0.923681498
2097,1.483314276,-2.038142920
2098,-0.589020610,-0.436245382
2099,1.911879659,-0.894741058
2100,-0.022920655,1.600090981
2101,-0.228268370,2.502692699
2102,2.031224012,0.029687682
2103,-0.670094550,4.787921429
2104,-0.489339292,2.067229033
2105,2.505960941,-0.090129428
2106,-1.203366160,1.533502579
2107,-0.491203725,1.265833855
2108,-1.363320947,0.584316730
2109,0.549370527,-0.015635649
2110,0.073299572,2.604753017
2111,-0.119404629,1.155386448
2112,-0.648476303,-0.100910641
2113,0.506687224,-0.978336692
2114,-0.301024169,1.062219143
2115,0.587669611,-0.741580188
2116,0.598793387,-1.178005219
2117,-0.718840182,-2.284773111
2118,0.047098286,-2.982313156
2119,-1.438943863,1.013864636
2120,2.110884666,0.134539142
2121,-2.985675812,-0.957608581
2122,-0.211286038,0.568437278
2123,-0.088280246,3.030084610
2124,-0.633476079,0.383296251
2125,1.010114431,-0.369033813
2126,3.078723431,4.325721741
2127,0.007570417,-1.033530474
2128,1.193128824,-0.645343602
2129,-1.403572679,0.015991047
2130,1.004793763,-1.334936500
2131,0.913748443,-0.646568179
2132,1.386813521,1.045221686
2133,-0.910812855,0.448586971
2134,-0.781008542,0.231748447
2135,-2.541070461,-1.528358817
2136,1.283747315,-0.896471322
2137,2.602276325,1.787996411
2138,1.674683571,-0.163571700
2139,-0.354392827,-0.127553910
2140,-2.213426113,0.404026806
2141,-0.124936804,-1.070287228
2142,-0.971917868,0.596066356
2143,0.365043491,-0.033989828
2144,-2.932441235,-0.334422499
2145,-0.868170321,-0.016207991
2146,0.239120066,-0.118490458
2147,0.438112825,0.628171623
2148,0.128431261,1.967140555
2149,2.356150150,-1.236364603
2150,-0.781341553,-2.467581511
2151,0.013905054,0.620971799
2152,-1.274187684,-0.249171019
2153,-2.658411980,-1.390985847
2154,-0.455696106,-0.753688633
2155,1.598791957,2.231189013
2156,0.827613354,-0.118272334
2157,0.092462495,-0.647676706
2158,-0.147105515,-0.508250833
2159,0.989631295,-1.994233489
2160,0.305622637,0.654973984
2161,-0.070000522,1.047333121
2162,0.933589041,0.374936491
2163,2.227129936,1.562762856
2164,-0.098541372,1.048105121
2165,0.235235035,1.234083056
2166,-0.489553809,1.697772384
2167,-0.711319864,-1.501432538
2168,-0.438474864,0.324914306
2169,-2.456204891,0.067424633
2170,1.481974244,-2.245528460
2171,-1.567025900,1.348604798
2172,0.626457214,-1.626941681
2173,-0.158042461,0.276990056
2174,-0.605396748,1.600720882
2175,1.155120015,2.925006628
2176,-0.618390679,0.336838484
2177,1.302550316,0.751864970
2178,-1.212351203,0.729743838
2179,-0.076501109,-1.254861116
2180,0.445814312,-1.176324606
2181,-1.178486347,-0.656204224
2182,-0.513922870,-1.853918552
2183,-0.895528138,-2.313646555
2184,1.382457018,1.754010201
2185,-1.559987426,4.881634712
2186,-0.751098752,0.752214968
2187,-0.497780293,-0.815643191
2188,0.117722809,0.333544135
2189,-0.077678390,0.237812772
2190,0.805240035,0.692871809
2191,0.431702942,0.379674405
2192,-0.885809064,0.304585993
2193,-3.189611673,-2.467961788
2194,-1.417307496,-0.621653318
2195,-0.100054078,-0.241936728
2196,0.758842111,0.023309072
2197,-0.709863722,0.229976341
2198,0.922838211,0.115969010
2199,-1.113142371,-1.898805976
2200,-1.525218248,0.474940300
2201,-1.124958754,-0.421016842
2202,-1.085122108,-0.649898887
2203,0.491569579,-0.043658085
2204,-2.306449652,0.421423674
2205,-2.303784847,0.441225916
2206,1.170793772,1.436560512
2207,0.882199943,-0.936245441
2208,-0.653559208,-0.020300118
2209,-1.820429206,0.120544933
2210,-3.100548506,-0.016715631
2211,-0.525546849,-1.055372953
2212,0.515549541,3.175514936
2213,-0.783121109,0.137283906
2214,0.221653327,-2.091936827
2215,0.909404457,-0.938652039
2216,-0.077600300,0.724141598
2217,-0.282619029,0.274316192
2218,-0.968711674,-1.949841619
2219,-0.503168344,-1.108636141
2220,-0.820965588,-1.070140123
2221,-0.726691723,-1.814431667
2222,-0.954662323,2.200916529
2223,-0.171956301,1.784893155
2224,1.858302236,-0.121612296
2225,-0.603347301,0.449335337
2226,-0.361001998,-1.222784996
2227,0.450165242,0.144534037
2228,0.037157927,1.622421741
2229,-1.304911852,-0.541026354
2230,0.289402544,0.011268367
2231,1.203873634,3.000951052
2232,0.449548453,1.412571669
2233,0.135997519,0.023012213
2234,0.283074707,1.422950864
2235,0.175175846,0.122237399
2236,-0.581239581,1.155285239
2237,1.650065064,1.194525003
2238,-2.200751305,-0.814396739
2239,-0.904408216,1.405061841
2240,0.757481754,0.934315860
2241,0.290753216,0.746792734
2242,0.386557877,-0.021246897
2243,0.531725645,-0.336572230
2244,-0.716541290,0.316954404
2245,-0.381985158,-0.041883916
2246,-0.908672750,1.335633993
2247,-3.191351652,-1.879666805
2248,2.015083790,-3.920432806
2249,-1.040161371,-1.391902685
2250,2.072183609,-0.693528712
2251,1.708617210,2.287178755
2252,-1.124328375,1.849854708
2253,0.052322149,0.434540093
2254,0.298497081,0.017606406
2255,-0.135775894,-1.548076391
2256,0.077919714,0.970525801
2257,-0.279469192,-0.473870933
2258,0.220165536,2.145094395
2259,1.125232697,0.779082239
2260,1.171760440,0.157279328
2261,0.667773247,1.289929628
2262,2.391887426,-0.060535431
2263,-1.215668440,0.406456649
2264,3.274365902,4.847257614
2265,0.872532725,0.463449091
2266,1.213612080,0.730505168
2267,0.841762185,-0.052247964
2268,-0.837601125,-1.317836761
2269,-0.223351672,0.460492700
2270,0.778068841,0.202154428
2271,0.422143251,0.336035401
2272,-2.347935677,-1.320685148
2273,-0.256615072,-0.515844226
2274,-0.928236187,-0.262598783
2275,-0.224343166,-0.172617182
2276,0.547763228,0.671145976
2277,1.522930861,0.100027554
2278,1.826109171,-0.351616412
2279,2.683712482,0.618803084
2280,1.148502827,-1.263743162
2281,0.267087132,2.267072916
2282,-0.223079011,0.254584700
2283,-1.018558741,2.066958427
2284,0.824415505,-0.073999733
2285,3.420504570,-1.037297368
2286,-0.937632501,0.407366455
2287,0.059986781,-0.144279107
2288,-2.046001434,1.046678066
2289,-0.333114386,1.035334468
2290,-0.388098985,-0.551762700
2291,-0.233484149,0.251444578
2292,0.993259847,-2.789717197
2293,0.814443648,0.540059388
2294,1.727794051,0.082253113
2295,-1.622114062,-0.402268231
2296,-3.496576786,1.365317106
2297,-0.248819232,0.122399226
2298,1.280447960,-0.766631305
2299,2.181139469,-2.718177080
2300,1.021001816,-0.614070475
2301,-1.730529070,-3.819096088
2302,-0.057337664,-0.236898810
2303,1.397490382,0.251027793
2304,0.154748216,-0.034750927
2305,-0.158100352,-0.338401586
2306,2.250171661,1.905988216
2307,0.272501498,-0.094420910
2308,-0.326981872,-0.009375460
2309,1.003688216,-3.659703255
2310,-0.934137642,2.318624020
2311,0.529648483,-0.684352815
2312,1.198367715,-0.170649484
2313,-0.868631005,-0.225790694
2314,0.229590133,-2.810392618
2315,0.109492466,-0.222957358
2316,-1.457819819,-0.305573702
2317,-0.239846766,-1.314691901
2318,3.081931114,0.717927516
2319,-1.254141808,-1.142677188
2320,0.465553790,1.217628956
2321,0.885371745,2.455898046
2322,-0.209000468,-0.400451362
2323,0.276905209,1.010179043
2324,-0.474297792,-0.959321499
2325,0.310027003,-0.217938662
2326,-0.218797848,0.016096378
2327,-1.664382100,-0.877993822
2328,-0.386460155,-0.680931568
2329,0.213542998,0.213688225
2330,-2.598534346,-3.304793119
2331,-0.726215303,0.172114298
2332,-0.597183704,-1.238169551
2333,0.556024671,-0.003702532
2334,2.244028807,-0.527608871
2335,1.206332207,0.200997233
2336,0.147644728,0.317744046
2337,-0.282096893,0.975360990
2338,0.326289356,0.877455473
2339,-0.146728694,-0.782778919
2340,0.593236208,-0.419478744
2341,-1.382827520,-1.787864208
2342,-0.725398421,0.997916162
2343,-0.987582266,-0.016728556
2344,0.660991311,-0.722862303
2345,3.105574131,-0.167959765
2346,0.175309718,-0.005779828
2347,-0.292156279,-0.881224155
2348,0.024585217,1.383298278
2349,0.390317619,1.619123936
2350,-0.165601820,0.068204656
2351,0.023969464,0.197820023
2352,-2.422015905,1.553240418
2353,0.350429118,0.105156772
2354,0.348262340,-0.119291559
2355,1.119166374,-0.487265617
2356,-1.272760987,0.248946175
2357,0.005681320,-0.376199543
2358,-0.873083115,-0.145318568
2359,-0.210952252,-0.057477966
2360,-1.001985192,-0.757740676
2361,-1.747718334,-1.441664457
2362,-0.688558042,-0.183035582
2363,-2.187627554,-0.212252721
2364,-1.490058661,-0.656776309
2365,1.675797939,0.287583381
2366,-2.526669264,-1.042635083
2367,-0.966241360,-1.255136967
2368,0.060426630,-0.413757056
2369,-0.583015501,0.067502946
2370,-0.775719285,0.252783269
2371,-1.027461886,1.004288197
2372,0.191224337,-2.695202112
2373,0.299829036,-0.079665110
2374,0.586522877,0.820964754
2375,-0.095542580,0.767608762
2376,0.551030040,-0.651196957
2377,1.258561969,-1.555833578
2378,0.397651941,0.600782454
2379,1.281072378,1.160420775
2380,0.964698732,-2.126428604
2381,0.300788760,-0.101934060
2382,-1.376995206,1.329979181
2383,-0.134268150,1.133971095
2384,-0.339127243,-0.684718907
2385,-1.229942918,0.196164802
2386,-0.410165131,-0.551424205
2387,-1.098904967,2.693467855
2388,-0.371928692,-1.451380730
2389,-1.763071775,-0.702305555
2390,0.390991986,0.732864201
2391,0.367338926,0.170775041
2392,1.006898761,1.881491661
2393,2.095765114,1.798362136
2394,1.531932950,-0.783680558
2395,0.374196887,-0.950660586
2396,-0.123090476,1.326480150
2397,0.369281322,-2.058623791
2398,-0.415655315,-0.473711759
2399,-0.289936393,-1.243562937
2400,-1.378229499,-0.559167445
2401,0.028715925,-0.663902700
2402,-1.183595657,-0.338958710
2403,0.576628566,-2.265819073
2404,-0.858978808,1.143175483
2405,-1.770731330,0.162882864
2406,0.634291232,-0.264539361
2407,-0.000213332,0.372880608
2408,-0.513866901,-2.292053699
2409,-1.429035544,-1.096700907
2410,1.925694942,1.241401434
2411,-0.142615989,-0.360052377
2412,2.373375893,-1.663018584
2413,-1.430878639,3.700140238
2414,1.137834787,2.422048807
2415,-1.165801764,0.560276926
2416,1.036451578,-2.475865126
2417,0.097791262,-0.449068159
2418,-0.057057846,0.347779602
2419,0.775649905,1.121712804
2420,0.922299385,-0.834857047
2421,-1.880650997,1.944455504
2422,-0.348345876,0.873505354
2423,-0.248273969,0.707780421
2424,1.546374798,2.391611099
2425,0.590516627,-2.233906984
2426,-2.807358980,0.400678843
2427,-0.654135764,-1.077932954
2428,-0.041622311,0.084756039
2429,0.585178375,-0.044333760
2430,-0.695700645,-0.165533200
2431,0.112843461,-0.120588735
2432,-0.939037740,0.095023774
2433,2.205421686,-2.045033216
2434,-2.252574444,-0.584652364
2435,0.057467293,0.314549953
2436,0.669630468,-1.241125822
2437,1.649991512,-0.271475971
2438,-1.650611997,-1.042758822
2439,-1.742851496,0.810807526
2440,0.916908026,-0.292060077
2441,-0.170079872,1.446594238
2442,0.786246061,-0.381818056
2443,-0.277052760,-0.683636546
2444,-2.334966183,-2.483095407
2445,0.872005522,-0.016413298
2446,-0.390484869,0.105855815
2447,-1.001232028,0.961155474
2448,0.220843643,0.056122266
2449,-0.450911552,-0.208446592
2450,1.787471771,-1.139052153
2451,-1.218918562,-0.321991533
2452,0.370117933,-0.762840450
2453,2.365672827,-1.898157954
2454,0.691635847,-0.254426599
2455,0.743593693,0.213849887
2456,0.611545682,-0.293047011
2457,-0.065346129,0.595150650
2458,0.200795978,-0.386373222
2459,0.924089670,-0.214081734
2460,0.629377425,1.070539355
2461,0.541130662,0.653668344
2462,1.187058210,-1.207730770
2463,0.409503877,-0.934227228
2464,0.844397962,-1.354068160
2465,0.841438830,0.396253169
2466,-1.145275235,0.803223491
2467,0.347901404,0.515990615
2468,0.142653167,1.735959291
2469,1.770294666,-4.544863224
2470,0.197679862,-0.875163078
2471,0.092291348,-0.190590352
2472,0.136764094,-0.148676008
2473,0.162823021,-1.455633521
2474,-1.525172353,0.437136382
2475,1.578622460,-1.579610825
2476,1.325097203,0.451536745
2477,-0.207525462,0.582436681
2478,-1.044322610,-0.699922800
2479,-2.063932657,0.118419930
2480,-0.089729600,-0.238462955
2481,2.530200005,0.235704690
2482,-0.518064797,-0.054057688
2483,-4.375975132,2.029256821
2484,-1.835352540,1.897036195
2485,0.845417261,-1.956948757
2486,1.762690663,0.366183609
2487,-0.037820019,0.827816129
2488,0.170242056,-0.163090035
2489,-0.973647177,1.864824653
2490,0.909172654,-0.573828399
2491,0.245152920,0.253729582
2492,0.071709268,0.070520803
2493,0.340050340,-0.009997966
2494,0.591482460,-0.599860728
2495,1.679679751,1.682213545
2496,-1.054638267,-0.335305810
2497,0.178438097,-0.302145571
2498,1.016290903,1.457753539
2499,1.491386771,-1.047588587
2500,-1.456356049,-0.467690766
2501,2.942949533,-1.108860016
2502,0.230957359,1.030204892
2503,0.753444552,1.455745220
2504,0.926799238,0.187779427
2505,-0.426704407,0.299533606
2506,1.657421231,1.921981096
2507,0.061817277,0.190809011
2508,0.221408859,-1.063023329
2509,-0.622732162,0.385038197
2510,-0.804473042,0.379055977
2511,2.215221643,0.040083155
2512,-1.098812222,0.690124929
2513,-1.085512280,0.504501283
2514,1.195662618,-1.317422628
2515,0.017917721,-0.236035630
2516,-0.676253974,0.100872904
2517,-0.672411323,1.255699754
2518,-1.036368012,-1.178895473
2519,-1.676489949,-0.942230284
2520,1.104168534,1.488421679
2521,2.634212017,1.168308139
2522,3.735170126,-0.029261013
2523,1.140200496,0.938532233
2524,-0.468953371,0.734242499
2525,-0.028592907,-0.177601382
2526,0.361076295,0.517470837
2527,0.321452916,-1.202035427
2528,-1.238253474,-0.799804270
2529,0.201840386,-0.587478042
2530,2.247210264,-1.500517726
2531,-0.365042090,1.941877604
2532,1.002475262,0.567648590
2533,-2.068492174,0.602046788
2534,-0.568620026,-0.536469519
2535,0.568215132,-0.260795563
2536,-0.588846505,0.505858421
2537,0.569760740,-1.183354616
2538,-0.675542414,-0.791591406
2539,0.977928758,-1.044409275
2540,1.153441191,0.425189406
2541,0.046031900,-0.229413927
2542,-1.283797503,0.128988504
2543,-0.632240951,0.744676292
2544,-0.330662936,-0.095263176
2545,-0.153758392,1.092769146
2546,0.273428887,0.765154660
2547,0.147598088,-0.504182935
2548,1.268202662,-0.106133156
2549,1.822801709,1.029077053
2550,-1.835515857,-0.153639823
2551,-0.168588072,-0.073151149
2552,0.806533813,-0.284334749
2553,-0.936699569,2.790169477
2554,1.953646183,-0.599895656
2555,-0.934364676,-0.300456494
2556,0.563271284,-0.716878414
2557,-0.705621660,-0.371031493
2558,1.295213938,0.311671674
2559,-0.322869897,0.562666178
2560,-0.373210162,-0.479467154
2561,-2.252897501,-3.431196213
2562,0.391744733,0.472636253
2563,-0.785530508,-0.146262556
2564,-0.125199780,-1.015971422
2565,0.635473609,-0.174894944
2566,-0.539290786,0.453523934
2567,-1.247315645,-0.793501258
2568,1.630762219,-1.963790774
2569,0.053806368,0.286857426
2570,-0.118735120,-1.608404875
2571,0.878175497,-1.053441405
2572,1.979598641,0.768328309
2573,-1.338263392,-1.661051750
2574,1.301704049,0.723053575
2575,2.518610716,-0.064547375
2576,-0.562467337,-1.143509865
2577,1.969897151,-0.473778605
2578,-2.884114742,0.427289367
2579,-0.642116666,0.196856886
2580,2.117300510,-0.880410373
2581,-1.223878026,-0.943079948
2582,0.376934111,0.024869865
2583,-1.561091185,-0.866867244
2584,-0.050932385,-0.717739344
2585,-0.419748515,0.777369678
2586,-1.413761735,1.103451133
2587,-0.439863205,0.748206317
2588,0.139919564,1.521683216
2589,1.246594071,-0.269597828
2590,0.188195363,-0.160453126
2591,-0.297773123,0.611406982
2592,-0.699436665,0.915018916
2593,-0.391344815,2.699167252
2594,0.963136554,1.485721946
2595,0.635272324,2.326940536
2596,0.325303078,-0.536530018
2597,-0.126336217,-0.605526268
2598,0.995194674,0.048135847
2599,0.304305494,-1.999390602
2600,-0.271892786,0.566937685
2601,2.196439266,-0.288870335
2602,0.480383903,1.802532792
2603,-0.026861545,-0.802428067
2604,-1.196279407,0.534788489
2605,-0.617799580,-1.209169149
2606,-0.230525389,-0.883927524
2607,3.064277649,-0.334595799
2608,-0.546143770,-0.962642193
2609,2.311990023,-0.297557473
2610,-0.806121111,1.915369391
2611,0.336089790,-0.824396193
2612,0.581745565,-0.130439520
2613,-1.064142346,1.309685111
2614,-0.697253704,3.054456472
2615,1.312841773,1.898939013
2616,-0.845400751,0.430547506
2617,0.147344872,0.047798596
2618,2.031069279,-0.381198257
2619,0.126683563,-0.503717959
2620,-1.537501454,0.156519383
2621,0.386564314,0.784550667
2622,-0.508972406,0.287827164
2623,-1.444352865,-0.070716143
2624,0.244987443,-1.928543329
2625,-0.104386941,-0.416925579
2626,-1.076894164,0.627713084
2627,-0.720561564,1.816789627
2628,-0.282359749,1.398211837
2629,0.333056927,-2.784523964
2630,0.986351192,-0.909570158
2631,0.933602989,-2.172108173
2632,-0.275214791,-1.329800963
2633,0.059246056,0.387042791
2634,1.202989817,-1.489409685
2635,0.348557651,-0.570082843
2636,-0.512792468,1.286824346
2637,2.804367781,1.978611708
2638,-2.964905500,0.570187032
2639,-1.461297750,1.703735352
2640,0.917867124,-1.160138726
2641,-0.805538356,-1.383671165
2642,0.919272661,-0.336108506
2643,-1.430709958,2.501368761
2644,-2.377397060,0.049748175
2645,0.010966323,1.732000709
2646,-1.960025430,-0.211835429
2647,0.339378417,-0.091527693
2648,-0.267059356,0.053770561
2649,0.307557732,1.309782863
2650,-0.035187274,-1.344356060
2651,0.622476399,-0.637040675
2652,0.561416209,0.843960643
2653,-0.223322824,-0.254491150
2654,0.784224510,-1.424428344
2655,-0.420848578,-1.256914020
2656,-0.318236500,-0.999130964
2657,-0.866642416,-0.283753514
2658,2.147261620,1.208679438
2659,-0.120797224,-0.176752537
2660,-0.469986439,-0.007995782
2661,0.516545296,-0.145490736
2662,0.487724215,-1.030256391
2663,0.521448672,-0.189553499
2664,2.106189489,1.900576711
2665,0.478337348,-0.526647031
2666,0.614745021,0.889088571
2667,2.054553270,1.076390624
2668,-0.558653295,-0.542663455
2669,-0.106871404,0.203282982
2670,0.660729825,0.117822565
2671,-1.271028757,-0.021953790
2672,-0.703247368,-0.019433407
2673,-2.371683598,-0.810175061
2674,0.876465797,-0.542052865
2675,-1.188226700,3.447794676
2676,0.786704659,1.122133017
2677,0.120223142,0.208087683
2678,-0.901108503,0.211922109
2679,-0.085971564,0.133112118
2680,1.415374994,-2.130951166
2681,0.024286337,-0.368438780
2682,-2.440835953,1.986555576
2683,-1.256425023,-0.373340994
2684,0.535618007,0.775659680
2685,-0.129599914,1.738867640
2686,0.793856978,0.626638651
2687,-0.558773160,-1.436537385
2688,-0.469535261,0.315515727
2689,-0.368656248,-0.150478020
2690,0.504954338,0.953022838
2691,0.298367769,-1.086471438
2692,-3.384886980,-3.910956144
2693,-0.529106379,0.433446348
2694,-0.865727425,0.025781637
2695,0.088384464,-0.468809992
2696,0.463990420,0.341735661
2697,-0.817705989,-0.045201886
2698,-0.686293244,-1.579713583
2699,-0.178693086,-0.308422893
2700,0.031557370,0.357133657
2701,-0.295287251,3.364135981
2702,0.617135644,-0.155054748
2703,-0.836265802,1.307736516
2704,-1.739902735,0.524220109
2705,0.865323484,2.466686010
2706,-0.190050200,-0.018730311
2707,1.554363132,2.540991068
2708,2.384205341,1.406323075
2709,0.779139161,-2.499391556
2710,-0.572710454,0.092568509
2711,0.109694585,0.193233594
2712,-0.429605603,0.030861968
2713,0.121593483,0.486960411
2714,-2.799357414,0.953671515
2715,1.576964855,-0.040268235
2716,-1.320278287,0.500428915
2717,-0.646198630,-0.065987818
2718,-0.321593165,0.163481236
2719,-0.312388599,-1.201567292
2720,0.215809077,0.101206146
2721,-0.997106433,1.143851161
2722,3.228760242,-2.204881668
2723,-0.441495508,-1.652701974
2724,-0.129500583,-0.302686870
2725,-0.714936137,-0.926493108
2726,-1.413820505,-0.274613082
2727,-0.247283474,-1.559105754
2728,-2.382205486,1.358525157
2729,1.461255670,0.306161702
2730,-0.074908137,-0.469629019
2731,0.223199770,-0.050500236
2732,-2.272116423,-1.666905522
2733,1.986523509,0.009537982
2734,-1.523074627,-0.546069801
2735,0.392720163,0.268836468
2736,-0.467572629,0.550155759
2737,-0.502822757,0.909901083
2738,-0.394968301,-0.996419668
2739,0.325501382,-1.911046386
2740,0.262330294,0.549957216
2741,1.752795458,1.112986445
2742,0.216911852,1.226943374
2743,0.817374408,1.042345285
2744,-1.695574403,-0.104993105
2745,-0.187669337,-0.002778449
2746,0.353737116,0.066146798
2747,-0.037998360,1.588621140
2748,0.100050934,-0.670172036
2749,0.989234865,-1.174634457
2750,-0.962568879,-0.833015800
2751,2.396801710,-1.418601394
2752,-2.393049955,-0.464433461
2753,0.897121429,-2.614026785
2754,-0.519599676,-3.846075773
2755,0.848628521,0.177226499
2756,0.044806875,-0.600160837
2757,-0.210611165,-0.185624406
2758,-1.631642103,0.387864083
2759,-2.165874958,1.990398526
2760,-2.326205730,-1.619148970
2761,-0.777387679,0.657986641
2762,-0.139713228,-0.138636038
2763,-1.536057949,1.444555879
2764,-1.806178331,0.347539186
2765,0.247579396,0.318141341
2766,1.040158868,-0.305300921
2767,0.472906291,-0.056946885
2768,-1.130879641,-0.399962515
2769,1.349264383,0.876426458
2770,-1.236767173,0.114139654
2771,-0.123974904,0.681913197
2772,-2.657178164,-2.053146601
2773,-3.672043085,-0.096709244
2774,2.205121994,-1.709010720
2775,-3.830112934,-1.409622788
2776,-1.683012486,0.634625316
2777,0.188889340,0.031089822
2778,-1.658478141,-0.866698742
2779,0.950811446,0.075284623
2780,2.399833679,1.229606628
2781,0.642739415,1.018325925
2782,-2.945431232,4.332753658
2783,0.449055076,-1.134554505
2784,-1.743668675,2.050686121
2785,1.415851235,-2.510451555
2786,-2.835032701,0.064123094
2787,-4.287557602,-1.337859035
2788,-0.622103155,-1.123280287
2789,-1.075352550,1.738431096
2790,-1.789840937,0.058152046
2791,2.141393661,0.364411771
2792,-0.149748057,-1.066442966
2793,0.554784298,0.353877187
2794,-2.586189032,1.396967530
2795,-0.392943263,-1.743820548
2796,-0.339301825,1.227730632
2797,3.953136444,-0.179756045
2798,1.051128745,1.391703606
2799,-0.740574539,-0.837394774
2800,0.601188421,1.203693032
2801,0.234527528,1.566462398
2802,-1.865359783,1.032162905
2803,1.264214277,-1.885725498
2804,-2.213052750,-4.501739502
2805,0.904899955,0.898335338
2806,1.396150708,-0.147287771
2807,-1.744927406,-1.551115870
2808,2.357931137,-2.029134512
2809,-3.214847803,0.431474060
2810,0.177899897,0.346903652
2811,-0.498431623,-0.316835403
2812,-1.620465040,-0.461263597
2813,0.494494379,-0.493399709
2814,0.256467909,-1.293341160
2815,-1.079840183,0.937091708
2816,-0.856799364,1.812995315
2817,-2.519600868,1.024641156
2818,1.192485452,0.490868777
2819,-0.101304948,-0.492121279
2820,-1.188321352,0.098919064
2821,0.589902282,-2.534207106
2822,0.227866620,0.164056405
2823,0.093104720,-2.016026974
2824,1.251558423,-1.336020470
2825,0.652587712,-0.421734095
2826,-1.401866913,2.167551279
2827,-2.264991760,1.422327876
2828,1.030907154,-0.521674097
2829,-0.066473514,-0.623212516
2830,-0.332608044,-1.536278605
2831,0.330994248,0.690222919
2832,0.204828992,-1.554581761
2833,-0.397292197,-0.430900127
2834,-0.989309132,-0.024833405
2835,0.318223387,-0.216076165
2836,-0.844223678,1.209626436
2837,1.484565854,-1.714249134
2838,0.686152399,2.374459267
2839,-1.044110417,1.193675518
2840,-0.232402980,0.385464221
2841,-2.012267351,-0.841586590
2842,0.065016389,-1.815907359
2843,-0.018840352,0.477442831
2844,0.426401377,0.311661631
2845,0.975862622,0.208618134
2846,-1.030085802,-3.042668581
2847,1.274029493,0.043894857
2848,-1.489239097,1.310600996
2849,1.188405871,0.082144886
2850,0.561984837,0.656159580
2851,-0.794812322,-0.038054012
2852,0.104230985,1.324148774
2853,-1.740953088,-0.969505250
2854,0.009069820,-1.205045342
2855,-0.326448649,1.667117715
2856,-0.197006956,-0.263222367
2857,0.560125351,-0.821106672
2858,-0.558428586,-2.338981628
2859,-1.513393402,-0.591910243
2860,-0.689760029,-0.470306009
2861,-0.502552688,-0.260959536
2862,0.292317748,0.234818056
2863,-2.218853951,-0.301863760
2864,-0.011163240,0.983941436
2865,-1.336936355,0.996212661
2866,0.788636029,1.259108901
2867,0.008346652,1.614144444
2868,-0.906766236,-2.318442345
2869,0.666877031,-1.092059493
2870,-0.709329069,-0.547705531
2871,-1.543357849,-0.122719407
2872,-0.250829071,-0.008876899
2873,-0.790425718,0.296994925
2874,1.181712866,0.298991203
2875,2.785104752,-0.437474400
2876,1.270078421,0.641290784
2877,-1.157081962,-0.943910122
2878,-1.518958569,-0.656639338
2879,0.373711020,-0.196681425
2880,0.482541323,2.356387138
2881,0.453814924,-0.348317206
2882,1.100076795,-0.173935786
2883,1.565130472,2.189820290
2884,-0.449125141,2.066672087
2885,1.321408987,1.878651142
2886,-1.148995876,0.476195365
2887,1.479267478,-1.181152463
2888,0.021892086,-1.244353294
2889,0.588742375,0.394858748
2890,-0.940058887,-2.508992195
2891,-0.247423321,-0.323707342
2892,-1.443823099,1.088291049
2893,2.351931810,1.919570446
2894,-0.882775605,0.398668557
2895,-2.541411877,0.365081400
2896,0.717465401,-1.346749783
2897,-0.129736751,0.159540445
2898,-2.906594276,0.299741864
2899,1.676951051,-1.113362789
2900,-0.160446182,0.714723945
2901,1.469839811,1.031314015
2902,-1.980478048,-2.136362314
2903,-2.176452875,1.211451173
2904,-1.302428007,-0.656545520
2905,4.876380920,-0.013638220
2906,2.375657082,-1.074089408
2907,-0.318424374,-1.260376334
2908,-0.766374350,-0.499503016
2909,0.025606992,0.575261176
2910,-0.188553035,-0.524707735
2911,0.087048605,0.022632865
2912,0.143880412,-0.469726086
2913,-0.822111368,1.292668223
2914,0.862071872,0.309822917
2915,0.518638790,0.182290882
2916,-0.047519609,-1.130869269
2917,-0.991950393,-0.808814168
2918,0.034669265,-1.462248445
2919,0.793712437,1.237791538
2920,0.834840775,0.254222184
2921,-0.726507246,0.107850119
2922,-2.064884186,-0.167683885
2923,0.324640572,-0.190629125
2924,0.768705785,-0.394190252
2925,-0.066304483,-0.516746879
2926,-0.863813043,-2.797545195
2927,0.349757701,0.144207969
2928,-2.330585480,-1.213484883
2929,-0.179409146,1.877277613
2930,0.512605727,-0.034112405
2931,-0.671087503,0.391902477
2932,1.171976209,-0.033801459
2933,0.461716592,-0.213416427
2934,1.564017057,-0.872977555
2935,-1.520081162,-1.325994134
2936,0.801556945,0.934825003
2937,-0.126016289,0.246499822
2938,0.345551282,-0.112345442
2939,-0.834318101,0.089950688
2940,-0.147663981,0.123437986
2941,-0.039694630,-0.347186118
2942,0.567571402,1.341448069
2943,0.268620700,0.372954637
2944,-2.027997017,0.688611686
2945,0.487399131,-0.674433589
2946,0.054193344,1.322907686
2947,0.662388861,-2.550140142
2948,1.699506402,-1.757896304
2949,0.534683645,0.388172507
2950,-0.837936997,0.146087006
2951,0.121248871,0.851928532
2952,0.125203311,0.681200147
2953,-0.831199884,3.412447453
2954,1.360049844,2.257900476
2955,0.731206834,-2.418727160
2956,1.562911391,0.073988333
2957,-0.443975866,0.227276117
2958,0.470985979,-0.600704908
2959,-0.187893972,-0.023224873
2960,-3.954932451,-0.718275487
2961,-2.045449018,1.124023914
2962,-0.413508356,-0.457299024
2963,-2.384041548,3.049177408
2964,-0.812015951,-0.125813648
2965,-0.939315557,1.218769193
2966,0.675990105,-0.091683060
2967,0.038684785,0.815929115
2968,-0.223305330,1.328106046
2969,2.913525581,-0.862458646
2970,-0.129322439,-2.219787836
2971,-0.224835888,0.748661697
2972,-0.295479059,0.626635134
2973,0.686295450,-0.381701648
2974,-0.562531829,0.764824986
2975,-0.441367537,0.031098941
2976,0.159403324,-1.235499263
2977,0.232487962,0.311490476
2978,-0.544313312,2.527850866
2979,-0.407832861,1.106545210
2980,-0.347874910,-0.224878371
2981,-0.425403267,-0.709674954
2982,-1.091635108,-0.159906283
2983,1.875340104,0.389442831
2984,-4.399893284,0.756112039
2985,0.039284650,-0.903755844
2986,-0.609851539,-0.387471706
2987,-0.757390082,0.995748878
2988,-1.686694980,2.372139931
2989,0.784727871,0.142156482
2990,-0.269714624,-1.749028921
2991,0.586056292,0.508896828
2992,0.181239739,-0.376205683
2993,-0.522704422,0.269036323
2994,-3.321505785,1.317694426
2995,-0.931920707,2.054317951
2996,0.026203493,1.464666963
2997,-0.106162690,-0.414516151
2998,-1.828449011,-0.698290586
2999,-0.718962312,0.278049439
3000,0.270031124,-0.436131924
3001,1.539482236,-1.495769858
3002,-0.056078997,-1.008875728
3003,-0.119153880,0.581313908
3004,-0.481319487,-1.263992071
3005,-1.629066110,-1.425958037
3006,1.659721494,0.144115806
3007,-1.193119884,-0.313470334
3008,2.515820980,0.126558244
3009,-0.703557491,0.247149125
3010,1.882638335,-1.251049280
3011,1.836773276,0.687590241
3012,-0.192659199,-0.119217269
3013,0.086920507,-1.362259030
3014,0.050911263,1.647257209
3015,1.375880957,0.767062545
3016,-0.443708509,0.116294488
3017,0.121992156,-0.881355047
3018,-1.613260627,-1.025812507
3019,-0.693220317,-0.763890684
3020,-0.266724020,0.243788496
3021,1.400645018,-1.576436043
3022,1.035919785,0.690279186
3023,-4.058783531,-1.208450437
3024,-0.547778487,-0.345290601
3025,1.126119614,1.415988564
3026,1.083787084,-1.658206344
3027,2.340748072,-1.333895206
3028,4.382882595,-1.964014173
3029,2.216306925,-1.322992682
3030,-0.411904544,-0.207131863
3031,-2.096916199,-0.996567905
3032,0.774242163,-0.756168842
3033,-1.331817508,0.343829721
3034,-0.532275081,1.565217495
3035,1.601643324,-1.252322078
3036,-1.463991523,0.299107581
3037,0.249619618,-0.200850800
3038,-2.762129307,-0.364565045
3039,-0.133226454,-0.161708519
3040,-3.376018524,-1.868825078
3041,-0.727624893,1.216837645
3042,0.991520822,-0.323517382
3043,0.715991974,0.240225941
3044,0.893106878,-2.224323988
3045,-1.951865911,1.261111379
3046,-0.172081992,-0.583959699
3047,-0.007929686,0.995713770
3048,-0.271294922,-0.851775110
3049,1.498508692,1.431162000
3050,0.300730675,0.808481395
3051,-0.154476792,-0.425228536
3052,1.329757929,-1.552586794
3053,0.056933418,0.141834870
3054,1.696519375,-2.025093555
3055,0.758389354,0.304902464
3056,-0.369640023,-2.882699490
3057,1.120357752,0.998112619
3058,0.472981542,0.890596807
3059,0.893546104,-0.869804621
3060,-0.930918694,2.907905102
3061,1.219259858,0.794542730
3062,-0.041409802,0.707961679
3063,0.351871431,0.317781836
3064,1.309452295,2.135524750
3065,0.155727640,0.552461803
3066,1.465649009,1.225598693
3067,-1.088085175,-0.856683910
3068,0.324101061,-0.121594623
3069,-0.514333010,-1.173045874
3070,0.010587427,-0.108484261
3071,0.317334950,-0.117628053
3072,-1.066070199,-2.416015625
3073,-0.406061560,0.559487283
3074,-0.734837770,-0.267104447
3075,1.721696377,0.093692236
3076,2.605141878,-0.542190552
3077,0.090359464,1.872946382
3078,0.090390205,1.310858488
3079,0.162547618,1.145220995
3080,0.401804239,-0.200013623
3081,-3.206784487,-1.640698552
3082,0.965001762,1.780827641
3083,0.101335868,-0.235484272
3084,1.186984181,0.183794424
3085,3.855792284,0.979255736
3086,-0.546570718,-1.378697515
3087,0.587041020,0.669096231
3088,0.055104773,-0.710227847
3089,-0.236158550,-1.606560349
3090,1.087482691,-0.315267205
3091,-6.113636017,0.861041546
3092,0.110886566,1.379737735
3093,0.735083282,0.712127686
3094,-0.792498946,-0.127376050
3095,0.682915390,1.846332431
3096,-0.517757654,-1.582425237
3097,0.037751783,-0.156785607
3098,-1.371231437,0.988188088
3099,0.922730386,-0.476669729
3100,-1.050561190,0.448328435
3101,0.390530974,-0.311742127
3102,-0.585501373,-1.229359031
3103,0.843076050,-0.230606571
3104,1.153200150,-0.835200608
3105,0.602062404,0.547924936
3106,1.178828835,-3.431316614
3107,-0.236936823,2.909626722
3108,2.449656487,-0.288583040
3109,0.370251775,0.399530679
3110,-0.213806227,-0.480185926
3111,0.029743737,-0.147477478
3112,1.209441662,-0.413876712
3113,4.241345882,0.093390569
3114,1.028403997,1.576741576
3115,2.098654509,1.413325667
3116,-1.224921107,-1.453890085
3117,-2.969704628,-0.414602160
3118,-1.504177332,1.542718649
3119,-0.181002825,0.182003409
3120,1.224791169,-2.233417511
3121,-1.165595889,1.954856753
3122,0.709035218,1.163414717
3123,1.078232765,0.119360439
3124,1.275821328,-0.133274451
3125,-0.795642376,0.627642274
3126,1.589612842,0.290588558
3127,2.347102165,-0.731213748
3128,-1.520045638,0.205325961
3129,0.600805879,0.808685303
3130,-0.263360113,3.200282812
3131,2.502377748,-0.660723269
3132,0.132393032,-0.092305899
3133,-0.962712288,-0.843325436
3134,0.036911897,0.536366642
3135,0.591217041,-0.205817685
3136,0.705472767,-0.094705500
3137,-0.221190006,0.255552560
3138,-0.057327732,-0.141898513
3139,0.274779111,0.763022184
3140,-1.379656792,-0.152286470
3141,-2.569295406,2.051166058
3142,1.659617305,0.302733779
3143,1.504729390,0.190504923
3144,1.315311790,1.214654684
3145,-0.944563806,0.974376500
3146,0.110923477,-0.277260423
3147,-0.886029363,0.521723628
3148,-0.623509765,-1.266081929
3149,2.446603775,-0.075222120
3150,2.060063124,0.827490985
3151,1.546120405,2.000047922
3152,1.770395041,0.258367687
3153,-0.624267220,-0.531070650
3154,0.200755969,-0.705537379
3155,0.516880393,-0.348770082
3156,0.240201727,0.153680354
3157,2.555413961,-1.261086822
3158,0.205157623,-0.088275723
3159,-1.785470366,-2.212539673
3160,-0.362564802,1.176577926
3161,-0.375716120,-0.631185472
3162,0.482819170,-0.166838825
3163,2.409323692,-0.360897243
3164,0.250309438,-1.483706594
3165,-0.493093252,0.744575083
3166,-1.336753130,-0.244440511
3167,0.616446674,-1.030122399
3168,0.361842334,2.021002531
3169,-0.344845414,-0.530005395
3170,0.208469719,0.642239392
3171,-1.997289658,-0.405166924
3172,0.130459309,0.155408859
3173,0.071177930,0.663545430
3174,0.868192196,-1.380569339
3175,0.128702089,-0.128448397
3176,-1.572720528,-0.910086095
3177,0.959014475,0.742839396
3178,0.971472800,2.140343189
3179,-2.037786722,-0.812905371
3180,1.800231457,-1.313126206
3181,-1.388217568,-0.295926452
3182,1.880072832,-0.186241180
3183,-1.662493587,0.247904778
3184,0.043168768,0.904010773
3185,0.609629214,1.522810817
3186,0.018231014,0.424809426
3187,0.783528626,-0.563392699
3188,-0.728354096,1.028809071
3189,0.224863946,0.340044349
3190,-0.896433592,1.604798436
3191,-0.595060945,1.945736527
3192,0.933443189,1.482099652
3193,0.067285247,-0.306399852
3194,1.733668566,-2.707392693
3195,-0.977075398,1.773496509
3196,-1.218163729,-1.644727945
3197,0.491246432,-0.495059490
3198,-0.065144815,0.163628802
3199,0.264078915,-1.014593005
3200,-0.064859517,-0.509810925
3201,-0.059870776,-2.437547684
3202,-0.879652858,-1.354560137
3203,-2.569414377,-1.443364143
3204,2.224859238,1.662098169
3205,1.173547864,0.525709093
3206,-1.610039830,2.317949295
3207,-0.058144014,-0.527502954
3208,1.179858804,1.066440463
3209,1.031828165,0.427276015
3210,1.243210673,0.406223714
3211,-0.670602739,-1.085544705
3212,1.013084292,0.055160996
3213,-1.319321990,0.304794133
3214,0.748844564,0.814353883
3215,0.961700141,-0.213614836
3216,-1.099096298,3.142407894
3217,-1.172890186,-1.083790421
3218,-0.947914600,-1.554875135
3219,-0.039493583,-0.158822343
3220,0.561914980,0.428030878
3221,-1.348036528,1.603401065
3222,-0.319001824,-0.589422643
3223,0.029057406,0.877692342
3224,0.972360551,0.648620009
3225,0.057190266,0.381098807
3226,1.686563611,0.076137245
3227,-0.314320773,-0.844123542
3228,-1.088081121,0.314851135
3229,1.298047185,-0.851454258
3230,-0.764385045,0.746211648
3231,2.310981989,2.048965216
3232,-0.780835807,-1.208294034
3233,2.809868097,-0.895547748
3234,0.172625750,0.091989152
3235,-0.317836761,-1.077960610
3236,-1.889196396,1.763725877
3237,3.800329208,1.071129084
3238,-1.563426018,-1.292296171
3239,-0.181148589,-1.091961503
3240,0.416937381,0.707569122
3241,3.187803984,-0.397952586
3242,-0.773015618,-0.727423429
3243,0.896191955,-0.070084400
3244,0.789841473,2.558638811
3245,0.233318299,-0.066814460
3246,-1.248826146,2.522155285
3247,-0.893946052,0.076991610
3248,-0.114701509,0.550997615
3249,-0.978691638,1.729032397
3250,1.606351376,-2.522240639
3251,-1.006906748,0.461120367
3252,0.192190975,1.002994061
3253,0.138209164,2.932429790
3254,-0.818065405,-1.289543152
3255,0.053325482,-0.189839140
3256,-0.527707517,-0.754571319
3257,1.646492004,0.606550753
3258,2.417419434,0.330470979
3259,-5.313740253,-1.796249509
3260,0.125016689,-0.118568666
3261,1.479005575,0.775192916
3262,1.104424477,-0.344571650
3263,1.840931535,0.413884014
3264,-1.594375372,-0.332114100
3265,2.020405054,0.447559923
3266,-1.538769364,1.685458422
3267,0.204372823,-2.441081762
3268,1.099811673,1.221306920
3269,-1.933116913,0.664174676
3270,-0.232909873,-0.253985763
3271,-0.936835647,0.245888010
3272,-1.588881969,0.300738633
3273,-0.049871687,-0.456329972
3274,0.061697789,0.254719287
3275,-3.938825369,2.709470272
3276,-1.474574089,0.387595505
3277,-0.938832641,0.316187382
3278,0.600120068,0.718576193
3279,-0.319845647,0.148195446
3280,1.257596612,-0.568878174
3281,-2.104084492,-1.561366558
3282,0.091852672,0.641181767
3283,1.710173368,2.185003757
3284,-1.355384111,1.080954313
3285,0.560956836,-2.138310194
3286,0.832885504,0.175370723
3287,-1.612842083,1.815535307
3288,1.035107136,0.926294744
3289,-1.481848240,-3.477528811
3290,-1.074138641,4.350672245
3291,-0.573238909,0.101615846
3292,0.450774491,-0.486917794
3293,2.225894213,-0.048488926
3294,-0.201668873,0.075473331
3295,-0.351498127,0.034739904
3296,-1.044188976,0.543039203
3297,0.472079098,-0.124131761
3298,-1.179793119,0.736367285
3299,0.850453198,-2.260920525
3300,-3.568870068,-2.389361620
3301,-0.067017905,0.575280666
3302,1.602111459,-1.355046034
3303,0.223338053,-0.178688541
3304,-0.903457522,0.489786416
3305,1.648120046,-0.519230425
3306,-1.013087034,0.427041441
3307,-2.375061512,1.471618891
3308,0.864559472,0.518977344
3309,-0.348168075,0.011226556
3310,-0.111900516,2.125540495
3311,0.115546949,0.624871433
3312,-2.261272669,-0.628327072
3313,0.108083747,1.194010735
3314,0.401044428,-1.570971489
3315,0.657558262,-1.243463993
3316,2.870403051,-2.190488815
3317,-0.624692857,-0.531506538
3318,-0.728806436,-0.043002501
3319,0.671467960,1.127666473
3320,-2.586863756,1.143293738
3321,-1.335772872,0.407148689
3322,-0.681187510,-0.359978139
3323,1.131541610,1.910381079
3324,-1.174467206,0.309594661
3325,-0.201375663,-1.044561744
3326,0.397601604,-2.844056606
3327,0.758678198,-0.345911622
3328,-0.871626973,-0.618925333
3329,-1.184935212,1.279402256
3330,-0.115131430,0.057736173
3331,3.116867065,-1.405656695
3332,1.518001795,0.372115195
3333,-1.466780305,-1.075488091
3334,-0.716458082,-0.210477382
3335,-0.183868930,0.466224253
3336,0.392331690,0.422698438
3337,-0.887582839,0.039000344
3338,-0.401210546,0.039994895
3339,0.113347962,0.096621253
3340,-3.053716421,-1.222726107
3341,0.370224923,2.265620232
3342,-1.045178175,-0.804529667
3343,-0.767595351,0.524707317
3344,0.614370644,0.903066993
3345,2.502063036,0.491699755
3346,1.232619405,-1.053955793
3347,2.258607864,-0.708869398
3348,-0.837600827,-0.021686694
3349,1.805736184,1.645416856
3350,1.086698771,-1.132205367
3351,1.069210172,-0.602017701
3352,0.404618979,0.738830864
3353,2.299029112,3.165853977
3354,0.159560233,-0.462516636
3355,-0.556956708,0.659633756
3356,0.624402285,-0.593855917
3357,-0.383866012,0.200764522
3358,0.550946772,0.360917300
3359,-0.814536393,-1.456411123
3360,-1.160448790,0.339639783
3361,-0.383444279,0.097638756
3362,1.117229819,1.605796576
3363,1.985166550,-0.647496104
3364,0.606372833,-0.047432449
3365,0.876927257,-0.212526590
3366,0.020121353,0.676078677
3367,0.740353882,-0.479810148
3368,-1.230000019,-1.166042924
3369,-0.521343529,0.542198598
3370,0.542006016,0.393158674
3371,0.877898812,-2.069273710
3372,0.150087476,-1.295966029
3373,0.287347168,0.276495248
3374,-0.483133018,0.503550231
3375,0.106517807,-1.162339926
3376,-0.766629279,0.017900284
3377,-1.583502054,-2.560750008
3378,0.867996156,1.126941442
3379,0.628610909,-0.534318447
3380,0.814124048,0.062382348
3381,0.449977964,-1.580555677
3382,-0.160005569,0.054379538
3383,-1.203713894,0.525828660
3384,0.372007370,3.754602909
3385,-2.629201412,0.123059265
3386,0.292757779,-0.060357384
3387,-2.131286383,-1.639030933
3388,-0.534574986,2.334612370
3389,-0.767878890,0.337545872
3390,-1.098915815,0.645157576
3391,-0.459046692,1.608486891
3392,0.290331066,1.402788162
3393,0.857777894,-0.741413176
3394,1.670318007,-0.593509376
3395,0.297167152,0.725256264
3396,-0.732826591,1.541337371
3397,1.758708477,-1.494985461
3398,-0.397733241,-0.114996873
3399,0.488824546,0.954690695
3400,0.056472436,0.892369926
3401,1.425219536,-1.671939254
3402,-0.135352626,-0.564793348
3403,-3.371515036,-2.102380753
3404,-1.024530053,0.281775624
3405,-0.190327525,0.101104654
3406,0.376302660,-0.148049593
3407,1.196773767,-0.538957179
3408,0.203155130,-1.063606262
3409,-2.536232471,-0.867858112
3410,-0.152334690,-2.621490240
3411,0.274788022,0.787150264
3412,-0.509380400,1.601503611
3413,0.787079155,0.135905132
3414,-1.045055747,-0.741100073
3415,-1.189335465,0.797423005
3416,0.704811573,-0.705952644
3417,-0.001295447,-0.122166671
3418,0.987326443,-0.597588897
3419,-0.765781283,4.058975220
3420,0.111048214,0.378997087
3421,-1.970272660,-0.718805254
3422,0.299788237,0.049200762
3423,0.431531221,-0.317029983
3424,-0.096534841,-0.071477637
3425,1.098649383,1.105707407
3426,0.819326878,0.101084091
3427,0.837974250,-0.224229336
3428,1.994888425,-1.563238144
3429,-0.364950061,-0.522315919
3430,-0.412957191,2.133666277
3431,-0.513977587,0.615015566
3432,-1.808365107,1.820166826
3433,2.514829397,0.119259104
3434,-0.393856764,0.871256351
3435,0.263140202,1.773107767
3436,1.396125197,1.388876438
3437,1.300598741,-0.524774790
3438,-0.223141462,1.032668710
3439,0.174002528,-0.470491260
3440,2.356828213,0.344503373
3441,0.282329261,-0.102030069
3442,0.872917295,1.322935939
3443,0.771728098,-0.001115362
3444,-0.435375333,-0.737661064
3445,-0.383551389,0.954865992
3446,-0.311457157,-0.380232841
3447,0.120855011,0.076948397
3448,-0.340395987,0.225958779
3449,1.465295911,1.832020164
3450,-0.617228985,-0.344245821
3451,-1.422247291,-0.322493255
3452,-1.335211396,0.840098262
3453,-0.142949820,2.356539726
3454,0.477112085,0.135256186
3455,-2.548147202,-0.290822953
3456,-1.324398875,-0.528239131
3457,-0.706813872,0.325723976
3458,-0.161326423,0.044016369
3459,-1.265855193,-2.463242769
3460,1.236556649,0.926300526
3461,4.235169888,-0.752222002
3462,1.087212563,0.969240487
3463,1.720996022,0.312441856
3464,-4.005964279,0.601623595
3465,-0.255538404,1.301884532
3466,-0.352039665,-1.246841788
3467,1.184677482,0.323334813
3468,1.421705961,0.565202057
3469,0.818350017,0.043639842
3470,-0.392173618,-0.611528337
3471,-0.251222938,-0.589679778
3472,-0.520841599,1.711060643
3473,0.557149351,0.814848006
3474,0.372072399,-2.768229961
3475,-0.324022263,-2.076542377
3476,-0.366864830,-0.372614354
3477,-0.316185355,-0.088804953
3478,-0.653951943,0.613233984
3479,-0.929559231,-0.481214643
3480,0.422011435,0.513831258
3481,-0.442952991,0.136177480
3482,0.251700431,2.524352074
3483,1.101366639,0.018249368
3484,-0.109396785,0.190973535
3485,0.722941875,-1.013278365
3486,1.325281739,0.154713899
3487,0.324007899,-0.255240977
3488,0.425345749,1.513097882
3489,-0.150946721,-0.620547295
3490,-1.272560596,-0.473914087
3491,1.315670967,0.729604542
3492,-1.224061489,-0.011984171
3493,-0.815149665,0.008392491
3494,-0.635318696,1.632870555
3495,-1.219369173,-0.686405003
3496,-0.724166632,-3.793574333
3497,0.026298901,-1.174618363
3498,-0.513439238,-0.392617583
3499,-0.152648672,0.021489324
3500,-1.875384688,0.813487470
3501,0.851255715,0.222710654
3502,1.181566715,0.458919913
3503,-1.373189211,-1.745873928
3504,1.359888196,0.164891228
3505,0.524817884,2.126476049
3506,-1.658026934,2.632547855
3507,0.582614958,0.264418513
3508,-0.083748907,-3.849463463
3509,-2.377622128,-2.044388533
3510,1.094908953,-0.630023897
3511,0.152287081,1.081945062
3512,1.486735344,-0.511885226
3513,-0.598818183,-0.016795954
3514,-1.026674390,0.848321438
3515,0.448482007,-1.903262854
3516,-0.298904717,-0.056818787
3517,1.276609659,0.133651748
3518,-0.780149937,0.494848728
3519,0.154800773,1.296716213
3520,-0.744216502,0.242109150
3521,-4.793665886,1.495855689
3522,0.057056881,-0.796940327
3523,0.143749982,-0.331996769
3524,-0.760181725,-1.271101117
3525,-1.133349180,1.046526194
3526,-0.177067012,-0.410551608
3527,-0.122074209,-0.316964388
3528,2.469141960,-1.583194375
3529,-1.297701001,1.070438862
3530,-1.913204312,0.180373579
3531,-0.352035671,1.241832614
3532,1.148606300,2.645171404
3533,1.928819776,0.283333987
3534,-0.579222620,-0.212321624
3535,-1.353622675,-0.436848611
3536,-1.076762199,-2.036220551
3537,0.227169409,-0.499268681
3538,1.333622456,-0.392846495
3539,-0.147166163,0.310826331
3540,0.265961766,0.044845145
3541,-0.269203007,0.098957360
3542,-0.725783527,-0.485727876
3543,-1.811261654,1.549247742
3544,2.613579035,-3.207066536
3545,-0.996192217,-0.213094786
3546,-1.060824990,0.327797323
3547,0.017382732,1.909898162
3548,1.254099131,-0.758115888
3549,2.486127138,-0.866398096
3550,-0.695037842,-1.030227780
3551,-2.303430557,-0.537467599
3552,-0.142429560,-0.321495950
3553,-1.253231645,-0.553164244
3554,-0.370467007,2.241388798
3555,-0.827373445,0.297298104
3556,0.510491431,-0.148586243
3557,-2.031006336,3.644805908
3558,1.202016234,0.041266214
3559,1.374126196,-0.685810149
3560,4.936097622,-0.401734084
3561,0.961360335,-0.862882912
3562,-0.422007054,-0.394407153
3563,0.147522137,-0.098757431
3564,-0.295110822,-0.340808332
3565,0.666551173,1.177119613
3566,1.335583687,-0.868411005
3567,0.483247101,1.095626712
3568,-1.809186697,-0.863588512
3569,0.413348585,0.041495793
3570,0.062642008,0.303411424
3571,-0.595945239,0.164933860
3572,-0.096498430,-0.120651141
3573,0.661065280,0.149090335
3574,-0.022776177,1.828494787
3575,0.391048968,0.331488431
3576,-2.156394005,0.974735379
3577,0.241294026,-0.817151904
3578,0.661868155,0.690088332
3579,-0.108200125,0.204809919
3580,0.361584157,0.707835317
3581,2.595935822,-1.172964692
3582,-1.554184675,3.186436176
3583,1.421224713,-2.034838676
3584,0.670321167,-0.179246470
3585,1.306892514,0.681952178
3586,-1.188163042,-2.946418047
3587,-0.206621155,-0.404558331
3588,-0.092287309,-0.680975437
3589,-1.445762515,-2.518544436
3590,-0.099195033,-0.157547742
3591,2.070131302,0.389702141
3592,0.833400786,-0.157417998
3593,-0.858481407,-0.304941177
3594,-0.267041832,0.870970368
3595,1.404477954,-0.282110244
3596,0.535286725,-0.369435370
3597,0.718295157,-0.644585788
3598,0.519889057,1.281393528
3599,0.992010951,0.697247267
3600,0.269095302,0.670412362
3601,-0.371108621,-0.065062612
3602,1.350859165,0.303359121
3603,1.880567908,-0.137008741
3604,-1.141184211,-0.643885612
3605,-1.904458165,0.559252262
3606,-1.797712088,2.558964729
3607,2.397671461,2.383234262
3608,2.097114801,-0.154013887
3609,-1.353364825,1.051497579
3610,-0.227492884,0.465617508
3611,0.616151273,0.953383923
3612,0.331177205,-0.302984565
3613,-0.552336395,2.437574863
3614,0.454883724,-0.046221029
3615,-0.799531400,-0.583561957
3616,-0.370024502,0.151525334
3617,-1.476519465,-2.357428312
3618,-0.383151501,0.256855577
3619,-1.597380996,1.426741242
3620,0.074719153,0.776771724
3621,1.353083968,1.390371084
3622,-0.588683009,0.352698773
3623,-1.482297540,0.441420883
3624,-0.691079080,-1.098276019
3625,0.148383304,2.077490091
3626,1.104662418,0.759672940
3627,-0.468864083,0.102398723
3628,0.411916196,-0.077328883
3629,-1.335223556,-0.877429426
3630,0.843220711,0.013500126
3631,-0.359555393,-1.369966388
3632,-0.633545578,2.010823011
3633,-1.169840455,2.772090197
3634,0.747539937,0.227100685
3635,0.972847521,0.414595991
3636,-0.010060288,0.175714016
3637,1.914558172,3.694921494
3638,-1.224368572,1.457923055
3639,-2.505701065,1.218575001
3640,2.610352039,-1.074175835
3641,-2.811671257,0.004913294
3642,-1.020763636,-0.037892349
3643,1.477717996,0.890818536
3644,2.607288599,-2.668766260
3645,0.459741354,-0.118818872
3646,0.467149228,0.465462416
3647,-0.726394832,-1.701913118
3648,-0.372117400,-0.183690980
3649,0.314360768,-0.349138618
3650,-0.531575143,-3.336296320
3651,0.329104573,-0.532930195
3652,-3.273128033,0.480292976
3653,-0.648610234,-0.615365207
3654,-0.174350053,0.813654482
3655,-0.094595678,0.696687222
3656,-1.464074492,-1.844043612
3657,0.101402819,1.318814516
3658,0.177276447,0.116324946
3659,-0.821635306,0.482630491
3660,0.690615535,0.785160542
3661,0.455938935,0.381382972
3662,2.837113142,-0.043639023
3663,-0.550965846,-0.115513273
3664,0.046672590,-0.221227154
3665,0.490874976,0.191999331
3666,-0.245891511,-0.159295186
3667,0.697147787,-1.017110467
3668,-0.481801808,-0.660942793
3669,0.827381909,1.387901664
3670,1.362744689,-0.648925543
3671,0.989926159,0.458341032
3672,-0.575377345,-1.124314547
3673,0.649553120,0.377548277
3674,-0.005733262,1.364988446
3675,-1.558758140,1.888399482
3676,-1.684409022,-0.403968036
3677,0.784422576,-0.893781185
3678,1.241020918,-0.651462734
3679,-0.839804411,-1.025278926
3680,-0.491786480,-1.776394844
3681,-0.924698889,0.923403859
3682,0.552589357,-0.110449098
3683,0.207026199,0.440373451
3684,-1.121837497,-0.456080228
3685,-1.830977440,-1.698882937
3686,-2.232952118,-0.515142918
3687,1.608737946,-0.902657449
3688,0.788230658,-0.173579723
3689,0.114249229,-0.999680221
3690,-0.054927353,0.298134476
3691,0.561254799,-0.157226786
3692,-0.327031195,0.364430696
3693,-0.190148637,0.033917289
3694,-2.297444105,-0.039637499
3695,-0.719442248,2.401263952
3696,0.131979600,-0.903351903
3697,-1.355917096,0.500025630
3698,-0.144406423,-0.138888761
3699,0.298739254,-0.032758765
3700,-2.594482660,-1.019637465
3701,-0.106280372,1.652543664
3702,1.185841084,-0.671058118
3703,-2.349972725,2.485334873
3704,3.022127867,-3.553467035
3705,1.396330237,2.181109190
3706,-0.461780787,0.555137455
3707,-0.466630131,-0.577475011
3708,1.082726359,-0.525235116
3709,-1.171231031,-1.701262712
3710,-1.454877257,-0.924249947
3711,1.072464705,-0.389987141
3712,0.838551879,-1.181694627
3713,-0.178443760,-1.217486024
3714,1.217143774,-0.677908063
3715,1.167619467,1.447750211
3716,0.778717816,0.024412327
3717,0.770630598,-1.151370287
3718,-2.630920172,0.942123890
3719,1.646460176,-0.057706460
3720,0.225099921,-0.454602778
3721,2.046094894,1.017001033
3722,-0.525592327,0.312614381
3723,-0.914720476,-0.419186532
3724,1.162664294,0.726063371
3725,0.167251050,-0.050278403
3726,0.201309472,-1.489355445
3727,-0.437180251,-0.428080916
3728,-0.645308852,0.205282226
3729,-2.399624586,1.791026950
3730,0.131036475,0.589266658
3731,-0.394871682,-0.721230805
3732,-0.756046832,0.888548851
3733,1.736428499,-1.350574017
3734,-0.579001963,-1.251514673
3735,-0.730741262,0.646370888
3736,0.334369332,-0.942069292
3737,-3.296083450,-0.911100268
3738,-0.591573536,-0.009222030
3739,-0.659773171,1.746145606
3740,1.202099323,0.257902741
3741,-0.238765836,-2.059823990
3742,0.156710207,-0.021478385
3743,-0.349445671,0.750112951
3744,-0.432992488,-2.492896557
3745,1.007882833,-1.323230982
3746,-1.913486123,-2.768790245
3747,1.110032439,-0.614887953
3748,-0.768455327,0.130806774
3749,-3.370898008,0.774138451
3750,0.724064648,4.989888191
3751,0.489321768,-2.418099880
3752,0.132030576,0.231086880
3753,2.364830017,-2.093322277
3754,-0.698464096,0.307972312
3755,-0.123020306,0.115486398
3756,-0.017316811,0.303282887
3757,1.267944574,0.685122132
3758,-0.898725867,1.400751114
3759,-0.777689099,-3.121108532
3760,-1.352820039,-2.118955135
3761,0.666920006,0.764730811
3762,1.134273171,0.614574373
3763,-0.045759737,0.594611645
3764,1.168133259,1.036628366
3765,1.342366338,0.030524066
3766,-0.123604164,0.967078209
3767,-0.363394529,0.121250652
3768,0.857231796,-2.414225101
3769,0.856539190,1.288254380
3770,-0.209084377,0.523432195
3771,-0.462838173,-1.889997244
3772,-0.450852454,0.771404266
3773,0.610143065,-1.438782811
3774,2.288397074,-0.320628285
3775,0.014320957,-1.670493603
3776,-1.751518607,0.946695089
3777,-2.248038292,0.090398952
3778,0.222086281,0.010711011
3779,0.654697120,-1.863962412
3780,0.058167346,2.924198627
3781,1.338599563,0.796580732
3782,0.546453595,-0.750907362
3783,-0.411882609,1.040339351
3784,-0.590281487,-3.020020962
3785,0.057394218,-0.268072277
3786,0.276355654,0.865836799
3787,1.135043859,-0.588271797
3788,-0.984400272,1.030765057
3789,-2.163035870,-0.517071903
3790,-0.095130764,-1.897037506
3791,-0.189618006,-0.428581446
3792,-3.689857483,1.265513539
3793,-0.015554797,-1.163849235
3794,1.782821774,1.889216661
3795,-0.264743596,1.240143657
3796,0.031542085,-0.269436717
3797,-0.223984838,-0.136176690
3798,-1.066549301,0.535991967
3799,-0.900219619,0.593540013
3800,0.667131066,-1.995198488
3801,1.324969888,-0.416132599
3802,1.336679816,1.033424139
3803,1.785088062,-0.894429803
3804,-1.463750601,0.590947866
3805,-2.181241989,1.012621284
3806,1.543164730,-0.380105168
3807,0.196347356,0.681793094
3808,1.485950708,1.220372796
3809,-2.144148111,-2.781766176
3810,-1.946682930,0.249639899
3811,0.585603952,-0.349460959
3812,0.847399473,-0.404764444
3813,-0.851664901,0.211672574
3814,-0.358377010,-1.690529704
3815,0.641313970,0.053810325
3816,-0.663637519,-1.209940672
3817,1.582801819,0.203934193
3818,0.335886359,-0.311681211
3819,0.026937474,1.483150482
3820,-0.719604373,-0.292760164
3821,0.158617243,-0.511069834
3822,-1.119718313,-2.192338705
3823,0.344460994,-0.810657024
3824,1.130470395,0.031170348
3825,-0.020465558,1.294341445
3826,-0.171467394,0.253752679
3827,-0.911231399,0.315368980
3828,0.551677525,-0.746277511
3829,-1.266257405,0.015601677
3830,0.825166941,1.730218530
3831,-3.192846298,1.698805213
3832,-1.050534964,-0.354552776
3833,-0.169292241,-0.405990779
3834,-0.145793945,-0.041703243
3835,0.066477381,-0.325067759
3836,-0.234714270,0.360792577
3837,0.349845558,0.101044588
3838,0.378627628,0.132348821
3839,0.085137866,0.547956288
3840,0.118029185,0.258976877
3841,2.086714983,1.855726242
3842,-2.796529770,-1.768897533
3843,1.379798174,-1.163985014
3844,-0.058789425,0.694462001
3845,1.045376062,-1.490293622
3846,0.627443910,-0.214002624
3847,0.427170604,0.868004739
3848,0.217843622,1.565971613
3849,0.569629371,0.044922307
3850,-0.598053157,-1.184983134
3851,0.707741499,-0.661813557
3852,-1.395981789,0.203737870
3853,0.622334957,-0.809273601
3854,-0.478528142,2.239903688
3855,-0.984541416,0.521014631
3856,0.443577081,0.224061146
3857,1.391598344,1.264051676
3858,0.646270573,-0.938703001
3859,-2.057577133,0.055142719
3860,0.694541812,-0.197301075
3861,2.645023584,2.895966768
3862,1.468765378,2.065551519
3863,-0.016978124,-1.571102858
3864,1.374855757,-1.380634546
3865,-0.342206955,1.440902948
3866,-0.114637695,-0.097749867
3867,-0.175747037,-0.179745227
3868,-0.890551746,0.966404617
3869,0.991902411,0.393533647
3870,1.374600649,0.225807741
3871,-0.119180165,2.174473763
3872,-2.228078365,0.838493705
3873,-0.553477824,-1.186813951
3874,2.783052921,-1.487989426
3875,-1.325843930,0.380641758
3876,-0.170819148,0.013858435
3877,-0.441882312,0.174280301
3878,2.047464132,0.247822344
3879,-2.601663828,-0.213479236
3880,-0.902334750,1.340600491
3881,0.140116975,0.493249178
3882,0.509003937,-1.036141276
3883,1.596777797,-2.241930008
3884,0.499388725,-1.820600033
3885,-0.138129100,0.034147847
3886,-1.764576197,-0.135265276
3887,1.183317780,-0.351362079
3888,0.916986048,1.504599810
3889,-0.603518605,0.656591475
3890,-0.589074850,1.880250096
3891,0.753374159,0.924621761
3892,-1.441458344,-2.100437641
3893,-0.841552794,-1.655150175
3894,-2.162042379,0.559263468
3895,-0.323887467,-0.184585184
3896,-1.394787431,-0.353366107
3897,-0.397786915,1.302852154
3898,-0.580379248,-0.914015174
3899,1.463428140,0.666978478
3900,-1.793697000,-1.209912658
3901,0.561458588,1.581828594
3902,-1.420211911,4.165839195
3903,1.013526440,-1.368811369
3904,-0.501931965,0.164579675
3905,0.456830770,-1.939333081
3906,-0.221548975,-0.092954740
3907,0.083380513,1.273268104
3908,0.308514625,1.148151517
3909,-0.898690999,-0.000858964
3910,-0.967378199,-0.732872844
3911,-0.640555024,-1.613735080
3912,-0.820334315,0.062539518
3913,0.820647120,0.462101251
3914,0.025732905,-0.418295771
3915,1.187498093,0.621514797
3916,1.806510329,-1.788359284
3917,0.041954219,-0.436326623
3918,2.588033199,1.765021205
3919,-0.190815017,-0.798157454
3920,1.139425278,1.989024282
3921,-1.475293279,-3.092395782
3922,1.548148036,1.670052886
3923,-1.129187822,0.021665746
3924,0.848235965,0.598446429
3925,0.146225408,-0.532486677
3926,0.011147575,0.467769861
3927,0.346697092,1.146848917
3928,-0.516944408,0.081221059
3929,0.634896100,1.653021812
3930,-0.698095977,-1.291656971
3931,1.221507788,-0.499551922
3932,-2.140277863,0.743747711
3933,-1.743608952,0.954050064
3934,-1.020331740,-0.757894754
3935,0.204543948,-0.631600082
3936,-0.251103580,0.879103959
3937,0.533472180,-0.235590994
3938,-1.649852872,-1.349361658
3939,-0.167012870,-0.071176618
3940,-0.687737644,-0.800661385
3941,1.673418164,-0.126890600
3942,1.127574205,1.397142529
3943,0.841880739,-2.347846270
3944,0.665468395,0.042802550
3945,0.122199528,1.030063510
3946,0.801942527,-1.093313932
3947,1.292430043,0.999755979
3948,-1.311834455,2.670354366
3949,-1.395735502,-0.040125452
3950,-0.561435580,1.223292351
3951,-0.402894348,-0.134257331
3952,0.976823270,0.933680892
3953,-0.298124403,0.931886196
3954,-0.298035383,0.580804825
3955,2.358393669,-2.470535278
3956,0.239712387,0.051032793
3957,-1.174904704,-2.466895580
3958,-0.670038283,1.344262362
3959,-0.852149487,0.039282020
3960,-0.573265016,-1.102386355
3961,-0.517908692,-0.286705703
3962,-0.709007561,-0.785648525
3963,-1.844379544,0.607718170
3964,0.455123276,-0.920495927
3965,1.413856745,-0.295209318
3966,1.046849608,-2.137900591
3967,0.069720745,2.179626226
3968,0.590984106,1.319681168
3969,-0.936908662,2.505067348
3970,-0.035545159,1.765515566
3971,-0.257368028,-0.501470745
3972,-0.298617333,-1.406302094
3973,0.868581235,-0.022453116
3974,-0.225917086,1.391843081
3975,-0.428654075,0.240811870
3976,-1.312680960,-1.956449747
3977,0.272610813,0.462371141
3978,-0.828577280,0.417011172
3979,0.888376594,-1.752729297
3980,-0.245344475,-0.178384736
3981,-0.197714895,-0.511716545
3982,-1.524739742,-0.685614049
3983,-0.196417212,-2.757090569
3984,1.769274592,0.086735442
3985,-0.194608241,0.235737726
3986,-0.156856850,0.861678779
3987,1.443083167,-1.199151993
3988,0.022962114,-0.217113689
3989,0.199376777,-0.164709970
3990,0.731063604,-1.569485188
3991,0.313438654,-0.493718207
3992,-0.108994253,0.309470356
3993,-0.105815984,0.594296455
3994,-1.080707550,-1.511130810
3995,0.271131277,0.242572188
3996,0.163282827,-0.023942199
3997,-1.968629003,-0.376418889
3998,-2.148667812,-0.004375980
3999,-0.614005804,-2.184302568
4000,-3.050162554,-3.814765692
4001,0.531341672,0.758963764
4002,-0.046171535,1.967627287
4003,-2.297991753,-0.653836131
4004,-0.471311808,0.458950788
4005,0.866994202,2.043548346
4006,-0.011725298,0.062519163
4007,-1.005082607,0.516305029
4008,-1.998243332,0.814173758
4009,-1.937637329,0.469593167
4010,-1.082015276,0.418767780
4011,1.142653823,-0.149348199
4012,-0.074006379,1.028822184
4013,1.345610976,-0.749313951
4014,-0.067431763,-0.574155688
4015,0.840911925,0.614649892
4016,0.507638097,0.066346504
4017,-0.464490622,0.173001438
4018,1.063239217,-0.736123323
4019,1.510926366,0.625345945
4020,1.433233023,-1.392662644
4021,-0.964733958,-0.109621309
4022,1.099684000,0.075557627
4023,-0.100910723,-2.930087328
4024,0.536709011,-1.101717591
4025,-1.079585791,0.871404827
4026,-0.050371747,0.803778052
4027,-0.827772677,1.051045656
4028,-1.486324906,-0.008758267
4029,1.024598002,-1.820483088
4030,-1.375570297,2.549517393
4031,0.376295894,0.243864551
4032,0.368567288,0.080412477
4033,-0.767702162,-0.065058537
4034,1.185958147,1.715664625
4035,0.542572677,2.133632183
4036,-0.373930663,-2.123360872
4037,0.158286452,0.640944421
4038,-0.862381637,-0.071455404
4039,0.379372329,-0.309996873
4040,0.293410242,0.950499713
4041,1.515375376,1.300487757
4042,3.110989571,-1.154676795
4043,0.209009677,-0.684993386
4044,-1.536936045,-0.738913476
4045,2.062737465,0.242186978
4046,0.209365338,0.551352382
4047,0.642158628,-0.572887480
4048,0.798573673,0.185776293
4049,0.125742212,-0.098726138
4050,2.124334812,1.535493016
4051,-0.700131953,2.501781940
4052,-2.146498442,1.071631789
4053,0.665534437,1.497689962
4054,-1.810550094,-0.240599617
4055,0.795278430,0.468845308
4056,0.683701634,-0.974782526
4057,-0.062040213,0.819584429
4058,0.501332760,-2.084051132
4059,2.063546896,1.080648899
4060,0.715864778,0.091404624
4061,0.558535874,-0.085719980
4062,-0.446816891,0.296331346
4063,-0.533396006,0.625123143
4064,1.645118475,0.091278933
4065,0.449526608,-0.347151101
4066,0.014366350,-1.566925883
4067,-0.111353464,0.707159936
4068,-1.100688338,0.378874779
4069,0.199241996,1.187492609
4070,1.721437454,-0.215767413
4071,0.321243405,0.582705677
4072,-0.296109527,-0.572541893
4073,-0.209169552,0.554406226
4074,-0.114093207,-1.144606471
4075,1.260890484,-0.453159690
4076,-0.284322321,0.094627179
4077,-1.951609254,-0.253166556
4078,0.748611152,0.943787396
4079,-0.591759324,-0.777313888
4080,-1.263260961,-0.510350168
4081,-0.391530395,-1.030879378
4082,-1.606172919,-1.151650190
4083,-0.703129888,-1.070349813
4084,0.329324096,-0.041541070
4085,0.305182785,-1.468535066
4086,0.220883355,0.131715029
4087,-0.434210837,1.728586197
4088,-0.013849172,-0.352449656
4089,-0.388107717,0.175613195
4090,-1.182687759,0.745029211
4091,-0.893093944,-1.578229070
4092,1.549555540,-0.271293998
4093,-0.029704811,-0.170737177
4094,-0.520947278,0.044439532
4095,-0.161073908,-0.130120113
4096,2.427408457,-0.900857508
4097,0.925030351,-1.355622530
4098,-0.622817099,1.092457175
4099,1.453975439,0.973190427
4100,2.735702515,-1.478961706
4101,-1.065784574,-0.622921050
4102,-0.827165961,-0.491518170
4103,-1.334752083,-0.853038192
4104,2.798498631,1.277713060
4105,-0.472970307,-1.274261355
4106,-0.588197470,-0.358798712
4107,-0.407538056,0.195109576
4108,0.398506790,-0.247743994
4109,-1.258463025,1.106818080
4110,0.239121333,-0.164859653
4111,-0.484266937,-0.207277834
4112,-1.845337629,2.319036961
4113,-0.985340536,-0.971594512
4114,1.714820623,1.240247130
4115,1.697278619,2.040944815
4116,-0.112276822,-0.148159936
4117,-1.188087463,-0.631455719
4118,0.243309245,2.570913553
4119,0.624899566,0.448991448
4120,0.143938646,-0.177749649
4121,0.848705709,1.456747890
4122,3.248640537,-0.822211206
4123,-0.343792289,2.964243412
4124,1.327361941,-0.273280054
4125,-1.387537360,1.695777416
4126,-0.132958174,-0.840672076
4127,1.696878791,0.617321849
4128,0.516546786,1.572425961
4129,0.282066822,1.049020767
4130,2.157846451,-1.578623414
4131,1.117695332,-2.265209436
4132,1.014907598,-0.013883704
4133,-1.015280485,-1.036124825
4134,0.950197279,1.183983088
4135,-0.729340374,-0.327564240
4136,-1.660670519,-0.001423028
4137,0.997057021,2.196722746
4138,0.083845466,0.204187512
4139,-1.827573538,-1.686999202
4140,-0.351412594,3.321482182
4141,-0.600227654,-0.560755849
4142,1.195693851,-0.137528017
4143,0.509841502,-1.220227718
4144,0.180695564,-1.304568529
4145,0.091598347,-0.082073756
4146,-1.465136766,1.165190101
4147,-0.686945200,-0.720679224
4148,0.235139951,-0.624308705
4149,1.685538650,1.010048032
4150,2.032827139,0.123663664
4151,1.616574645,-1.405160904
4152,0.960064650,0.600072086
4153,0.135857329,0.349410325
4154,2.065647602,-1.150158286
4155,-0.840797842,1.373668432
4156,1.186534286,0.026639014
4157,0.005144733,-0.239877999
4158,0.465098888,1.457022786
4159,-0.393692791,0.249080017
4160,1.497602344,1.044504166
4161,-0.722716451,-1.120947957
4162,-0.724324822,-0.175996467
4163,0.183272541,-1.426432610
4164,-2.125440836,3.399124861
4165,0.496217370,-0.203839287
4166,1.116673589,-0.091476344
4167,-0.525795400,-1.754761338
4168,1.308372021,2.144591331
4169,0.296173066,-1.066739559
4170,1.076748610,1.124746680
4171,-0.804652691,-0.316168934
4172,0.629773796,-0.736981690
4173,0.402770936,0.712876916
4174,0.166299149,-2.139122248
4175,1.663039923,-0.775274098
4176,0.174801841,1.042243838
4177,1.806401849,-2.581673861
4178,-0.358208567,-0.674337089
4179,-0.142973810,0.167598724
4180,0.691584706,-1.337186098
4181,1.464004993,-1.865578413
4182,-2.800785542,-1.418476820
4183,0.653145850,0.732647538
4184,0.248764977,0.476613045
4185,-0.115522340,-0.007980208
4186,-0.399908423,-1.219691277
4187,-0.111054175,2.724741936
4188,2.227340698,1.266860723
4189,-2.029024601,-2.886989832
4190,0.159834713,-0.030556997
4191,-1.035240173,-1.227345705
4192,0.536408663,0.680003166
4193,-2.403590918,1.331266761
4194,-1.278176785,-0.217243150
4195,-3.192253113,-0.829679251
4196,-0.897556603,-0.801028550
4197,0.963714421,1.229783297
4198,-1.998465180,-0.944402516
4199,-1.921666265,0.070578896
4200,-0.923889399,0.129630879
4201,0.408604950,-0.809864163
4202,1.421268225,2.133520365
4203,-0.368001819,1.449265957
4204,0.310486108,-3.560619593
4205,-0.726377666,-0.133968949
4206,1.171300530,-1.254220605
4207,-0.053165484,1.152130961
4208,-0.561142564,1.161788225
4209,-0.481118768,-0.583842039
4210,0.877333224,0.374805957
4211,-0.168760866,0.810544670
4212,2.015486002,-2.223157406
4213,-2.542473793,1.540983677
4214,-0.036667824,-0.245819464
4215,0.918274581,-0.987026870
4216,0.269299150,0.935083628
4217,-0.876913488,0.551051259
4218,3.561232567,0.416146696
4219,-1.061739326,1.396671057
4220,0.748578966,4.902589321
4221,-0.137583002,0.700807631
4222,-0.869003356,0.353097349
4223,-1.011426210,-0.375642389
4224,-0.981868684,0.625031948
4225,0.375152856,-1.309004784
4226,-1.129508257,1.115635872
4227,0.426143765,-0.100416847
4228,1.833343983,0.883992136
4229,0.161984950,0.010210929
4230,0.143223107,0.169478387
4231,2.396409750,-0.220846355
4232,-0.052907195,0.113008983
4233,-0.556689799,-0.652559698
4234,-1.483746529,1.552870989
4235,1.150027990,-1.330592155
4236,-0.170909181,0.189257383
4237,-0.893958092,-0.457194746
4238,-0.313515216,2.024493694
4239,-0.163420379,-0.351102442
4240,1.710456133,-0.699434340
4241,0.196739241,2.072643995
4242,0.226982549,-1.375938773
4243,-1.094436169,-1.293848157
4244,0.619901240,-0.240725651
4245,-1.085048437,0.167239666
4246,1.364053130,-0.107088313
4247,0.645518661,-1.377416134
4248,1.958398581,2.006458044
4249,-1.676264644,-1.790069699
4250,-0.171316952,-0.117138959
4251,-1.474651217,0.754671037
4252,0.220251188,0.098386958
4253,0.282788575,-0.108403392
4254,0.449775577,-1.116993308
4255,0.153267652,1.674564600
4256,1.238635182,0.487932146
4257,-2.886488199,1.869872570
4258,-1.295333147,-0.948544025
4259,0.835921645,1.082546234
4260,1.106468320,0.507119000
4261,0.111198723,-0.219514370
4262,-0.576484263,0.130227044
4263,-0.821181774,0.139366686
4264,-0.846302032,1.055636048
4265,-0.751816094,1.227651238
4266,-0.532944500,-1.605323434
4267,-2.739384890,-0.073619381
4268,2.575576305,1.630005479
4269,2.035884857,-0.736082554
4270,-0.550805271,-2.098006964
4271,-0.164527759,-0.170112789
4272,2.076501131,0.053713135
4273,-0.649437964,0.680212140
4274,0.311957240,0.488255709
4275,3.039244175,3.280182362
4276,1.068287492,0.984146714
4277,-0.646569133,0.365287423
4278,-0.471272796,0.844937682
4279,-0.390308082,-0.341237485
4280,0.328069955,-0.908725142
4281,1.321796179,1.111335635
4282,0.348544508,0.104427107
4283,0.358173221,0.251542538
4284,0.536996901,-1.510403514
4285,-0.562406659,-1.510298252
4286,1.703481197,-0.829568982
4287,0.972287655,0.224203303
4288,0.447776020,-0.051467776
4289,0.157290563,-0.065893114
4290,1.748189449,1.735172629
4291,-2.166391134,0.663514137
4292,1.067337990,-0.842592180
4293,-0.149981514,0.146245360
4294,-1.892230272,-1.180841446
4295,2.612023354,-2.471006393
4296,1.496470213,-0.156633154
4297,0.840430439,2.280863285
4298,-1.657635450,0.894277394
4299,0.248555779,0.872823596
4300,-1.219939828,-0.719505727
4301,-0.256892443,-0.942197978
4302,-0.063277394,0.124947786
4303,0.538058341,1.431947708
4304,0.384520531,2.086428881
4305,-0.700098217,1.872096062
4306,1.713854432,0.586231589
4307,-0.662841380,0.109361365
4308,-0.026044235,-0.286577612
4309,-1.562743425,0.168601826
4310,0.783455372,1.153854728
4311,-0.288692892,0.682973444
4312,-1.650055766,0.635188639
4313,0.923702896,-0.824742734
4314,0.332860619,1.821745157
4315,0.890054643,-0.958918333
4316,3.190736771,-1.994720697
4317,0.368436396,-0.199329019
4318,1.933793426,-0.354687750
4319,0.428963572,-1.137014985
4320,-0.779579759,-1.308359146
4321,-0.779307783,-0.634120524
4322,0.274447411,0.478061169
4323,0.156848952,-0.200460762
4324,-1.779978991,0.448584050
4325,0.079415143,0.180803046
4326,1.652664900,-1.190444469
4327,-0.251176387,1.332093477
4328,0.026876550,2.732923985
4329,-0.409228384,1.691185474
4330,1.668141127,0.003655573
4331,0.844846189,0.245829299
4332,-0.901023388,0.323977679
4333,-0.922231972,-0.195110008
4334,-1.234671235,0.796648026
4335,0.325116038,-0.227736384
4336,2.483318806,0.036715418
4337,-0.969852507,-2.131444216
4338,0.170391977,-0.143280596
4339,0.049757116,0.575600922
4340,0.980882168,0.740538716
4341,1.436954021,-1.787047625
4342,-0.905711710,-0.122042246
4343,-0.157026544,-0.321318418
4344,0.031038120,-0.509640217
4345,0.042403691,0.639125764
4346,-1.246641636,-1.277678132
4347,-0.740534782,-0.025371686
4348,-0.280497789,0.224522322
4349,-1.847609758,-0.055082761
4350,-0.621842325,-1.076655149
4351,1.247146368,-0.154565096
4352,1.302927017,-1.323426127
4353,0.281762540,0.903038204
4354,1.819703698,0.323685825
4355,-0.063110672,-0.172725037
4356,-1.968582034,0.517835617
4357,0.116787419,2.193862438
4358,-0.717079580,-0.257764727
4359,0.153484017,0.070870668
4360,-2.500067472,-1.730965018
4361,-0.966868281,2.889914036
4362,0.068125121,-0.143226713
4363,0.366706878,0.213001639
4364,1.157765031,-0.593992531
4365,-0.478329509,0.494418621
4366,0.004404740,-1.972155929
4367,-0.715588152,1.096531868
4368,0.465794891,0.629492640
4369,-1.125132680,-1.267990828
4370,1.923023701,-0.557917118
4371,0.326867819,-0.429895848
4372,-2.078171015,-1.850138664
4373,-1.322505951,0.042236090
4374,2.962755203,-1.114234686
4375,-0.359780282,1.251020789
4376,0.181786820,0.321182936
4377,0.186050698,0.773064733
4378,-0.453557253,0.904614210
4379,-0.307933301,-0.789937377
4380,-0.107809968,-2.406847477
4381,-1.452361941,1.436451674
4382,0.921584845,0.979324877
4383,2.377434492,3.130037546
4384,-0.394716263,-0.170749441
4385,-0.557526469,0.449318856
4386,-0.106467344,-0.636771739
4387,0.218374833,-0.802201807
4388,-0.483051568,0.289680332
4389,1.358450174,-0.231468990
4390,1.022539020,3.377566814
4391,0.397989899,-0.141616464
4392,0.156627238,0.908505201
4393,0.596292794,0.781263828
4394,1.672881961,-1.830081820
4395,0.086688854,0.266483098
4396,0.561490178,-0.550434113
4397,-0.093210749,-0.284338385
4398,-0.420853168,0.436692387
4399,0.650069594,0.962678313
4400,0.401619524,0.409588158
4401,0.113398962,2.024776936
4402,-2.103570461,0.094308116
4403,0.300294369,3.496740580
4404,-0.619790971,0.472061247
4405,0.073796220,-1.062567234
4406,-0.854989946,-0.918684065
4407,-1.040244818,-2.514359474
4408,-3.150907993,-2.604954243
4409,-0.253900379,0.569064319
4410,-0.161115751,-0.859206736
4411,1.542629123,-1.045858383
4412,0.265938908,0.800314903
4413,0.029031629,-0.359141111
4414,-2.494554281,-0.333484679
4415,0.202153668,-0.068321027
4416,-1.755280495,1.970099926
4417,1.331556201,2.869870186
4418,-0.087246910,1.287788749
4419,0.907391369,0.129173964
4420,-0.296564937,-1.401368737
4421,0.485307306,-0.805866957
4422,0.843375683,-0.572053730
4423,-2.288704872,-0.990161359
4424,-0.174955845,-0.416429609
4425,-1.018757105,-0.034081437
4426,-1.415922999,0.386052132
4427,-2.496344328,0.371912360
4428,-0.566320956,-0.820569456
4429,-0.961358070,0.402606517
4430,0.242036000,-0.223600283
4431,0.791166365,0.198910818
4432,-0.577243984,1.700916529
4433,0.069821663,-1.652428985
4434,0.432718158,-2.468043327
4435,-0.704510510,0.960439324
4436,-0.387134165,-0.197324395
4437,0.193663642,0.072358668
4438,0.491014868,0.705759823
4439,-1.076478004,0.530856848
4440,0.512288570,0.938636303
4441,-0.491743237,-0.978236794
4442,-2.573342562,1.519102097
4443,-0.408994466,-0.441070199
4444,-1.238411188,-0.580440044
4445,0.252604455,-0.180378973
4446,-0.506767869,0.151903495
4447,-0.264201850,-0.007503067
4448,1.230581403,-1.503013968
4449,-1.738896370,0.878120601
4450,2.626752853,0.751694560
4451,0.563860774,-0.643015385
4452,1.742227435,1.639979362
4453,0.212290198,-0.389728785
4454,0.184895813,0.359585017
4455,1.116378307,0.294170558
4456,-0.377746463,2.132436991
4457,-0.231295839,-1.930824518
4458,0.089560330,-1.116565943
4459,0.424987346,1.566468120
4460,-0.131391302,-1.777959108
4461,-1.460441947,-0.947486460
4462,-0.156061307,2.260299206
4463,2.021954775,0.011268585
4464,-0.540770173,-1.644562125
4465,-1.156403899,0.351396590
4466,0.198116615,0.021020304
4467,0.092248775,1.274007082
4468,-0.054709911,0.031418357
4469,0.697729170,-1.243306518
4470,-0.201774314,0.051740829
4471,2.491751909,0.461961627
4472,-0.345201880,0.938138127
4473,-0.060151905,0.170250252
4474,0.151103213,-0.089052990
4475,-0.587400079,0.712626517
4476,-0.014853043,0.232274935
4477,0.802188098,-0.728223741
4478,-1.168961883,0.731632233
4479,-0.785167992,-1.430248260
4480,0.676678956,0.393245220
4481,-0.835743785,-0.632499218
4482,-0.177684978,0.390227377
4483,0.074234858,1.641560316
4484,0.008949385,-0.165595859
4485,0.564117134,1.293739319
4486,0.090085275,-1.623024464
4487,0.360748023,2.422973871
4488,-1.075035810,0.191423208
4489,0.172079787,-0.412198037
4490,0.671814978,0.938178360
4491,0.967956960,0.452558249
4492,1.044886470,-0.228155211
4493,2.720192909,-0.524799407
4494,0.721122861,-1.502481222
4495,0.100215845,-1.342506528
4496,0.486386299,0.560770810
4497,0.255701512,-1.192385912
4498,0.249139458,-0.831010580
4499,-2.591906071,2.476731777
4500,0.469933361,-0.720707357
4501,-1.182647824,2.003282785
4502,0.172465250,-2.013047695
4503,-0.364758164,-0.191558614
4504,0.564630449,1.563696742
4505,-1.701588750,0.196156800
4506,0.026351659,-0.932955384
4507,-0.854287803,-0.032502633
4508,0.575125933,-0.391761899
4509,0.890449822,0.036686707
4510,-0.551815152,-1.032911658
4511,0.645219505,0.508600056
4512,1.138986349,-1.065284252
4513,-0.113904439,-0.245346352
4514,2.114812851,-1.171115160
4515,-3.338657141,-1.262523174
4516,-0.143372640,0.126073688
4517,0.845372081,0.233632967
4518,-0.196443722,0.106497139
4519,-0.187662631,0.042695768
4520,1.907528996,0.045416832
4521,-0.280520558,-0.698815763
4522,-0.029330095,-0.185544565
4523,0.185786769,0.044350479
4524,2.081564665,1.792808175
4525,-0.466178834,-0.497930288
4526,-0.568287551,-1.946891665
4527,-2.140521049,2.126941204
4528,-1.565404415,-0.360213965
4529,-0.627039611,0.118659653
4530,-1.914106131,1.278134108
4531,-0.360126823,0.208166078
4532,0.391210705,-1.224301577
4533,-0.606789052,1.403407574
4534,-0.166219354,-1.171257973
4535,-0.601236761,0.811989009
4536,-1.123086452,0.368211836
4537,0.058483660,0.459969997
4538,-0.774148047,-0.691837013
4539,0.086328976,-1.369877458
4540,0.719925404,-1.212345839
4541,0.193293646,-0.182614997
4542,0.703381598,-0.392217517
4543,-0.298966020,-1.768768311
4544,-0.825622618,1.380627275
4545,-0.238170281,0.196692333
4546,-1.686087132,2.101347446
4547,1.765234590,1.707723022
4548,0.380009681,0.244632572
4549,-0.038502980,1.270932794
4550,-3.403213978,-0.674550056
4551,0.441810668,1.510865688
4552,0.149936303,-0.763931155
4553,-3.667768478,-0.857422829
4554,0.951090932,0.109893396
4555,-0.959319532,0.540920198
4556,-2.425175667,1.555086970
4557,2.777423143,-1.321065903
4558,1.084074140,-0.243156582
4559,0.490697801,0.196349099
4560,0.784608066,0.403321475
4561,-0.834075570,0.594060540
4562,0.699541807,0.002137799
4563,-0.150744841,1.011910439
4564,-0.530296683,1.620063305
4565,-1.018818021,2.426808834
4566,-0.579312921,-1.392490149
4567,-0.167455316,-0.187550902
4568,2.974430323,-0.719220877
4569,-1.896037459,-1.507986665
4570,-1.715198398,-0.244131282
4571,-0.339027494,-0.359291911
4572,1.171947837,-0.554312587
4573,-0.606972456,0.284784049
4574,1.142842650,-0.891832471
4575,0.228394657,0.055653408
4576,2.560762405,-0.278212517
4577,-0.234564602,-2.036000252
4578,-2.213438749,0.832375467
4579,0.680243611,-1.114692688
4580,-0.282005847,-0.298471481
4581,0.549567997,1.304374337
4582,-0.039174721,0.168359444
4583,-0.025063585,-0.331331223
4584,-0.300725311,1.080327153
4585,0.659775436,1.100305438
4586,-1.212396979,2.338552475
4587,-1.493467808,-0.173534468
4588,-1.745737910,0.342150748
4589,0.132388964,0.068275750
4590,0.958166242,0.612184942
4591,1.020550251,0.485553324
4592,4.172007084,0.369345963
4593,0.125097319,-0.829331994
4594,0.840733469,0.063713171
4595,0.055789262,0.774880052
4596,-0.122205339,-0.590548158
4597,0.299195886,1.619917512
4598,-0.882985830,-0.169491187
4599,-0.813608468,0.813827217
4600,0.759776235,-0.697795987
4601,-0.136879548,-0.072900720
4602,1.754973531,1.607296705
4603,0.709432721,0.361519992
4604,-0.180454105,0.487061650
4605,-0.701304555,-2.909455061
4606,-0.655310750,0.910817683
4607,0.594168723,-1.870000124
4608,0.380373538,-0.741116464
4609,0.221884981,-0.635899067
4610,-1.073835135,-0.491348028
4611,1.254599571,-0.520111024
4612,0.587862611,1.063323975
4613,1.828859210,3.722048283
4614,-0.217370793,0.530664444
4615,0.968695760,1.112779617
4616,-0.119334966,-0.170743451
4617,-2.000084400,-0.511595964
4618,0.798366368,0.658418298
4619,1.583286881,-0.107845016
4620,-0.153393686,0.231190249
4621,1.563796520,-1.761881709
4622,1.248386383,0.785296738
4623,1.598841667,-2.726262331
4624,0.303687304,0.210105285
4625,1.629042506,0.338545710
4626,0.008098147,-0.295742184
4627,0.919454694,-0.541599333
4628,-0.077105135,0.062087979
4629,-1.566626430,0.111701317
4630,-2.462875128,-2.079030514
4631,0.746338904,0.045912586
4632,0.630285382,0.086307488
4633,-0.127220690,0.837889135
4634,-1.449921131,-0.050525822
4635,2.611005068,-0.208527550
4636,0.698649406,-0.408032507
4637,-3.970592022,-0.576032221
4638,-0.108836964,2.116787910
4639,-2.979494333,3.937570333
4640,0.299630225,-1.276659131
4641,-0.340525895,-1.364262700
4642,-0.309953392,-0.071821898
4643,0.021108231,-0.244919911
4644,1.536057949,0.807689965
4645,0.248217970,0.694366574
4646,-0.469021499,-0.085126080
4647,0.793285012,-0.944689214
4648,-1.241722107,-0.079212353
4649,1.752237916,-0.959061503
4650,-2.021211624,1.259131193
4651,-1.829421520,-0.073623791
4652,1.846463084,-0.433936208
4653,-0.266868651,1.646292448
4654,0.070244119,-0.043620400
4655,0.877815783,3.122417212
4656,0.464811593,-1.182033658
4657,1.473180771,-1.630358100
4658,1.223350644,-1.918492198
4659,1.534546971,-1.794951797
4660,-1.274201035,-0.868942857
4661,0.620335400,-1.076319456
4662,0.300565183,-0.378626496
4663,5.242441177,-2.243197918
4664,1.407201052,1.220895529
4665,1.125121474,-2.124652624
4666,-0.120248757,0.597593009
4667,-0.233816504,-0.422847092
4668,-0.219302967,-0.212594539
4669,0.119022347,0.178601667
4670,-1.135608673,0.015636688
4671,-0.413718313,-0.138091788
4672,0.381990820,-0.055506326
4673,1.198693275,-2.776808023
4674,-0.440155625,-0.429826736
4675,-0.793539405,-0.236407578
4676,-0.325558484,-0.498696238
4677,-0.509809971,0.398344636
4678,1.611562848,-1.644779921
4679,-1.119621515,-1.244289041
4680,0.581614614,-0.481127799
4681,0.297290117,-0.000850511
4682,1.008096457,1.119359970
4683,-0.625787377,1.385033250
4684,1.897695541,2.984086514
4685,0.005926104,0.222325444
4686,-0.858017683,0.619693458
4687,-0.027169395,-0.225466147
4688,0.007787973,-0.051455598
4689,0.011919155,0.384917110
4690,-3.234670639,-0.106223986
4691,0.805159092,0.794965744
4692,-0.499912530,1.701794267
4693,3.309738398,-0.327194273
4694,1.967631221,-1.083838701
4695,0.077535443,-0.705802143
4696,-2.306426764,0.717974961
4697,-1.120500803,-2.446745634
4698,0.260149211,0.046236340
4699,2.454044342,-1.379995584
4700,1.445194483,-1.107754707
4701,0.702253640,-0.517240584
4702,0.820084929,1.568056345
4703,-0.543427289,0.949246109
4704,2.275293350,-3.912226200
4705,0.436670899,-0.044061441
4706,-1.166707277,-1.277164340
4707,0.166777506,-0.223912388
4708,0.622269928,0.091997452
4709,-0.458397955,-0.207857072
4710,-0.598695278,-1.053232431
4711,1.346710324,0.339088321
4712,0.366944045,-2.778563023
4713,-0.188244551,0.126118794
4714,1.497608662,-0.170923859
4715,0.820405662,0.071799412
4716,-1.203469634,-0.588336051
4717,-0.159305930,-0.286928862
4718,0.003378289,0.295156777
4719,-0.556179702,1.999523997
4720,0.573430479,-0.709923565
4721,-0.428895742,-0.380656034
4722,-0.826482892,1.671129823
4723,-2.046299696,3.844467640
4724,0.491436720,-1.038573384
4725,-0.265993297,0.182798490
4726,1.106587648,-1.022535324
4727,0.915977418,0.431735426
4728,1.505543947,-0.459053397
4729,-1.602816343,-0.818489790
4730,-1.003441215,0.166085884
4731,1.371253729,-0.285892785
4732,-1.121213794,1.076325297
4733,-0.822317183,1.446884990
4734,-0.481998414,2.870447159
4735,0.218663335,-0.542343795
4736,0.298221886,0.811760306
4737,-0.458746910,-1.509464860
4738,-0.153951168,0.327266365
4739,0.070792332,0.814963341
4740,0.810603201,-0.293831915
4741,-0.563072979,1.115183830
4742,0.767903328,-1.457889557
4743,-0.576480746,-0.896077216
4744,-1.142591953,-0.420017749
4745,0.143716499,-0.387013495
4746,2.822781563,0.175519556
4747,2.684102535,0.169112742
4748,-1.638615370,-0.193688139
4749,-0.751060605,3.124140024
4750,-0.056771565,0.477082759
4751,-0.742331028,-0.677417934
4752,-2.369476318,0.709975600
4753,-2.866293669,-1.343822956
4754,0.244764432,0.179996222
4755,1.662358403,-0.071065329
4756,-0.509609282,-0.263677418
4757,-2.394469261,1.124644756
4758,1.677152038,-2.917035580
4759,0.158615634,-0.698728144
4760,0.775826156,0.672391415
4761,0.826019943,-1.308870316
4762,-2.816815615,1.951325059
4763,-0.170964286,-0.734492600
4764,0.153988823,0.219418839
4765,0.008512067,0.198295623
4766,0.420386285,0.457894683
4767,0.140255183,-1.458176136
4768,0.060672041,0.317544758
4769,0.383260339,-1.131097674
4770,-1.003929496,1.145740628
4771,-0.023355728,-2.325934887
4772,1.061507225,0.038433526
4773,-0.156247169,-0.607514799
4774,-0.624816716,-0.725786507
4775,2.089112759,-0.382019252
4776,-1.758373499,2.727041006
4777,-0.555340290,0.707802355
4778,0.737987638,-0.992048204
4779,1.613191843,0.067734838
4780,3.238826275,-0.424352437
4781,0.249124810,-1.371664524
4782,2.078749180,-0.272445381
4783,0.638955951,-0.478123397
4784,-1.965388775,1.024263501
4785,0.755303562,0.167281419
4786,1.083172321,-0.060427241
4787,0.602123082,0.873835683
4788,-0.882605374,-0.274566501
4789,1.020604491,0.694471002
4790,-0.702198446,-0.881542504
4791,0.224875018,-0.497679174
4792,-1.088063240,1.118685246
4793,0.492495805,-0.664163232
4794,-1.323521018,1.219587922
4795,0.146638855,-1.902737498
4796,-0.261311173,-1.307243347
4797,1.172061443,0.756732881
4798,1.666684270,-0.355589867
4799,0.582668781,-0.054731730
4800,1.377036214,-1.149308562
4801,-1.555221319,1.947429299
4802,-0.156508341,0.160431370
4803,1.094061255,0.098797955
4804,1.449657559,-0.321895808
4805,0.323982626,-0.018976733
4806,-1.127331018,-0.988886476
4807,1.489595652,0.644579530
4808,-1.538480043,-1.227653384
4809,-0.195070595,-0.049676087
4810,1.294548273,-1.485679388
4811,0.309590995,-0.392967343
4812,-0.006297444,-1.811051607
4813,-1.355296731,-0.399079382
4814,-2.121638060,-0.353877664
4815,-0.060107257,0.232907549
4816,-1.032019377,0.973616719
4817,-1.286352634,-1.096609473
4818,0.600613058,0.967083573
4819,-1.095210552,-3.484018326
4820,-0.577084541,-0.068814650
4821,-1.443170547,0.701958001
4822,0.599922478,-1.516273618
4823,-1.513966441,2.229548693
4824,0.360360563,1.030742764
4825,-0.021145985,-0.161801681
4826,0.571285129,-0.406990826
4827,-1.259775639,-2.193120241
4828,-1.081346750,-1.195873141
4829,-1.697121739,-0.543451250
4830,1.282344222,2.049139738
4831,-0.299425036,1.765839934
4832,-0.596047819,-1.681135893
4833,-0.619629622,-0.865894914
4834,0.693988919,0.789894164
4835,-0.090139650,0.376395136
4836,-0.759545445,1.231405497
4837,-0.974224091,0.950072110
4838,0.237837896,-1.994687319
4839,-1.242422223,0.734778523
4840,-0.485023409,1.395320415
4841,0.263503373,-0.179827958
4842,1.619387388,-1.528393388
4843,-0.582846105,-1.633503675
4844,-1.433439374,0.145090371
4845,1.554135203,0.454973757
4846,0.708457351,-0.265641183
4847,-0.766827583,-5.063164711
4848,0.024677793,0.275020123
4849,0.828136504,-1.306720734
4850,-1.382491946,-0.106066130
4851,-0.927387416,0.094448842
4852,-0.423608065,-0.257648379
4853,-1.214993596,-4.217460632
4854,0.566310883,0.578620791
4855,0.124860741,-0.553809881
4856,-0.832318127,-1.021218657
4857,-0.321389377,0.880250633
4858,-0.385481715,-0.560851514
4859,-0.991661906,0.281351835
4860,1.690392375,0.671202302
4861,0.014168390,-0.780535102
4862,0.253885597,-0.062251188
4863,0.007491080,-0.411319315
4864,3.227812290,-0.845960796
4865,-0.103546202,0.742194891
4866,-1.352720618,0.188938379
4867,0.930066049,1.719841123
4868,1.202531099,0.856784105
4869,0.165869087,1.991138935
4870,-0.696909308,-0.894118845
4871,0.173253193,-0.089821465
4872,0.497588664,0.228587791
4873,-0.529173911,-0.110862941
4874,0.901279151,0.544121027
4875,-0.727837801,-2.038410902
4876,1.039587379,-1.857373834
4877,-0.174589366,-0.821328342
4878,-0.305513263,-0.100553617
4879,-1.065649509,1.496829033
4880,-0.468058527,2.241555214
4881,0.588591576,0.441295743
4882,-1.629441500,-0.313628554
4883,-1.463697195,1.663949013
4884,-1.272047162,-0.328718990
4885,-2.101629972,0.366191596
4886,0.224554092,-1.834458232
4887,-0.094403028,-0.113699362
4888,0.393470585,-0.114549346
4889,1.290171862,-1.913320661
4890,-0.202575997,-0.862889707
4891,0.434323430,1.352058172
4892,0.812661767,1.427455068
4893,1.053042531,-0.842891634
4894,0.479735881,-1.459085464
4895,0.885846555,-0.875445783
4896,0.020560658,-0.268681884
4897,1.001616478,-0.186075836
4898,2.777278662,-0.685233533
4899,0.060895212,0.175516516
4900,1.862180829,2.561018229
4901,-0.114436582,0.146730676
4902,-0.506831825,0.233285338
4903,-0.600643873,-0.541052520
4904,1.093861341,-0.251703233
4905,1.299904704,0.009315678
4906,0.303843439,-0.046598449
4907,0.042550601,0.380453289
4908,1.616208196,-0.399969101
4909,0.429690570,0.440249026
4910,-1.099945068,-0.168763578
4911,0.553699732,1.160198927
4912,0.268342197,0.566730320
4913,0.175846905,-3.071473122
4914,0.563752353,2.757491112
4915,-0.021128198,-2.412005424
4916,-2.237812996,-1.048183560
4917,-2.020336866,1.271565676
4918,0.188294351,-0.187825963
4919,-1.091386795,0.186292410
4920,-1.997868776,0.670604885
4921,-0.035696816,-0.162045196
4922,0.559671402,-0.730440736
4923,-2.379866123,-2.277135372
4924,-4.369381428,-1.731868863
4925,0.803677678,-0.221344247
4926,0.242377758,0.027507449
4927,-3.829754829,0.873248219
4928,-3.059809923,-4.396739006
4929,0.315974414,-0.212558359
4930,0.709772944,-0.179070592
4931,-0.963692784,0.868735075
4932,-0.479662955,-0.528438210
4933,0.391742229,-1.659397364
4934,-0.760197043,-0.190959513
4935,0.340890497,0.070545763
4936,0.592696846,-0.838237226
4937,-2.411429644,-0.795460463
4938,1.015393496,0.826277316
4939,-0.670166194,-0.700214088
4940,-0.263765395,0.118198156
4941,3.432144642,0.681792259
4942,-0.784207225,0.481273472
4943,-0.367320001,-0.431042045
4944,1.508698940,1.341905713
4945,-1.150990605,0.031208359
4946,0.271262288,-0.354054153
4947,1.165820479,0.007814851
4948,0.085880719,0.048263021
4949,2.247254133,-0.851613522
4950,0.956252694,0.096459687
4951,2.471716404,-0.312398106
4952,1.921758890,1.736937046
4953,0.156334773,-0.810459018
4954,3.354022503,0.197548270
4955,-0.097382687,0.170734420
4956,0.771119416,2.343779564
4957,-2.314677954,-2.358681679
4958,-1.283898234,0.201792672
4959,-0.125820652,-0.281072527
4960,-0.384331137,0.574269116
4961,-1.130818367,1.096821308
4962,0.243615627,0.552069485
4963,1.194930673,-1.203036189
4964,-0.754547000,-0.164827362
4965,0.150345445,0.122328497
4966,0.389896244,1.339822173
4967,1.577889681,0.663551033
4968,-0.305099875,-0.775814712
4969,-1.084584832,-0.869732916
4970,0.831382513,-1.089193702
4971,-0.042751752,0.792177677
4972,1.301541090,-0.121810652
4973,-1.831293106,-1.384324908
4974,1.174021482,-0.936811447
4975,0.940627873,-0.045120917
4976,0.069702633,-1.759034038
4977,-0.049340378,-0.175520658
4978,-0.442773312,-0.622936666
4979,0.818570077,-3.497710943
4980,1.453909993,-1.500473499
4981,0.372914523,2.401466370
4982,0.035708088,2.161789656
4983,-0.645219982,0.110855177
4984,0.864525795,-0.179252982
4985,0.476363450,3.185687304
4986,0.781015575,0.662350953
4987,-0.025597790,-1.380898356
4988,0.638127923,-0.432712018
4989,1.254410982,-0.541785836
4990,0.480955094,-2.686017275
4991,-2.769750118,-0.842820227
4992,-1.460878015,-0.767697692
4993,-1.208565474,-0.744078755
4994,-0.311681539,0.581755877
4995,0.818452597,-1.700060606
4996,-0.884174407,-2.089356184
4997,-1.473327160,0.889420688
4998,2.589950562,-1.143342137
4999,-2.336890459,2.086236477
5000,0.143074825,0.158810407
5001,-0.753101885,1.279541731
5002,0.387968689,-0.277463466
5003,-0.827687204,0.558157325
5004,0.491945505,0.063199423
5005,3.603117466,2.028297901
5006,0.043549567,-0.152886733
5007,-0.002601084,-1.088470221
5008,2.512624264,0.009695645
5009,-2.734611511,-1.575458169
5010,0.009423845,0.770119011
5011,0.143741548,0.013084960
5012,-0.250482142,-0.233570725
5013,-1.713267326,-1.096174121
5014,0.289007843,-0.081901558
5015,-0.868913710,1.107302785
5016,-0.023909833,2.267915010
5017,-1.023267627,-0.372715771
5018,-0.233900785,-0.104365855
5019,1.836296320,0.314686626
5020,-1.025973797,0.570877969
5021,0.093379043,1.192796350
5022,-1.174705625,-0.024276156
5023,-0.581638038,0.075830370
5024,1.031678319,0.037661009
5025,1.511246920,-5.146490574
5026,1.330001831,-0.200072184
5027,0.427777171,0.402004123
5028,-1.832719088,0.535952687
5029,0.706693947,-1.750331402
5030,-1.050636888,-0.141948313
5031,1.214063287,-0.083475180
5032,-0.085900292,0.063030720
5033,-0.479814947,1.891432524
5034,0.350759029,-0.157629654
5035,0.060457651,1.126633763
5036,-0.790391982,-0.831936061
5037,-1.448749185,-1.727971554
5038,-0.697667956,-1.178530097
5039,-0.351791084,0.716454923
5040,-1.338119745,-0.160593763
5041,-2.164148331,-0.802471876
5042,0.058792606,-0.159003854
5043,-0.398877501,0.898051679
5044,0.606509209,-1.329927087
5045,1.008350492,1.484835625
5046,-1.347514510,0.279710442
5047,0.193242535,0.169066280
5048,0.350830495,-0.263217717
5049,-0.315378904,0.064763390
5050,-0.187468097,1.165299058
5051,0.169395193,0.615526378
5052,0.237933189,0.054902509
5053,0.009706933,-1.391660213
5054,-0.187128440,0.143464565
5055,0.222480521,-2.142704487
5056,1.597264528,0.256367624
5057,0.719333947,0.877666950
5058,-0.186958477,2.025534630
5059,-0.761394501,2.714734316
5060,-0.957621038,-0.259654492
5061,-0.031763721,-0.796061456
5062,-1.211462140,-0.855478466
5063,-0.059408247,0.458413720
5064,0.057947181,-0.504500091
5065,-1.709266305,1.455754519
5066,-2.094723463,2.242760658
5067,-0.772510231,-0.625406742
5068,-0.750027835,0.520551860
5069,-0.732745528,0.388762742
5070,-0.595620275,1.187535286
5071,-0.732073545,0.120879114
5072,-0.619023383,-0.039507646
5073,-0.151924446,0.779183567
5074,0.823882759,0.100200243
5075,-0.218585283,0.083824389
5076,0.553505838,0.238200888
5077,-0.792288423,-0.897599936
5078,0.260758847,2.847627640
5079,0.246251017,1.030077934
5080,1.133962870,-0.172996998
5081,0.757466137,-0.217475936
5082,-0.453484714,-2.724873543
5083,2.366607904,-0.549326062
5084,-0.087870486,-0.462908179
5085,2.302409887,0.191422701
5086,0.112872683,-0.307962269
5087,0.103430636,-0.205351576
5088,0.531338811,-1.179273367
5089,1.774186850,-0.767295480
5090,-0.029809376,0.255678564
5091,-0.511069357,-0.153440431
5092,0.667983830,-0.925762534
5093,2.022682428,0.736042321
5094,0.093263075,-0.832283199
5095,0.909863114,-1.659202814
5096,0.783811092,0.197387934
5097,0.452755362,0.246048644
5098,-0.469814301,-0.742469311
5099,-0.205220327,2.576385021
5100,-0.368060857,-0.050981678
5101,-2.062190533,-1.232527137
5102,-0.787116170,2.788160563
5103,-1.005684853,-2.086362123
5104,0.011953717,0.972126186
5105,0.427942365,-0.828175128
5106,1.412021399,-1.368982315
5107,0.520239830,1.052674651
5108,1.609296918,-1.230217576
5109,0.996047735,0.650476038
5110,0.429947644,-2.101164818
5111,0.208080545,1.356080174
5112,0.225869760,0.621711791
5113,0.543576837,-0.184491411
5114,0.374989331,0.096934550
5115,-0.271793783,-0.889800072
5116,0.091323629,-0.207588077
5117,0.311285317,0.192075118
5118,0.850311816,-0.099101059
5119,0.745851099,0.821908474
5120,0.195484504,-0.583550990
5121,-0.962301731,-1.958247662
5122,0.358904809,1.794772744
5123,-0.386915833,0.300627589
5124,0.394993216,0.604915202
5125,1.462432027,0.152228951
5126,0.436408967,0.296038330
5127,1.571002126,-2.037925959
5128,0.792102575,-0.211552829
5129,-0.078464091,0.196869582
5130,-0.259401292,-0.134576797
5131,3.448278427,-0.666894972
5132,1.854459286,1.805536032
5133,0.331765503,0.470706284
5134,0.121388651,1.042314291
5135,1.552810073,-3.348407507
5136,0.364319503,4.010367393
5137,0.496901512,-0.203499034
5138,0.986896217,-0.318424702
5139,1.642657638,0.532318711
5140,2.191377640,1.216301084
5141,0.207128674,-0.317544669
5142,0.388705492,-1.873766184
5143,-1.592951655,0.285334468
5144,-2.434607506,2.619334698
5145,0.469062686,1.696267605
5146,1.378429413,2.081544638
5147,0.550221026,-0.535081208
5148,-1.186223388,-1.872078180
5149,-0.635320067,-0.276906103
5150,-1.531826138,0.765005946
5151,-0.277385712,1.436115980
5152,0.232203022,0.830362916
5153,-3.168864012,0.506698012
5154,1.592013836,0.121813342
5155,0.404755831,-0.313524872
5156,-2.387958050,-1.260514855
5157,0.805818617,-0.818387330
5158,0.423745006,1.837026477
5159,-1.544327617,0.212197021
5160,-0.189924404,0.425630659
5161,-2.187592268,0.772115350
5162,0.241694257,-2.139169216
5163,-1.348494053,1.528634191
5164,0.583045363,-0.953579843
5165,0.138584495,-0.461110324
5166,1.168412805,-0.325606048
5167,0.174658865,0.064249776
5168,-0.083281852,-1.859291911
5169,0.493738294,0.437995881
5170,-0.181263879,-0.244831070
5171,-2.491837502,-0.411174387
5172,-0.089569449,-2.155581713
5173,-0.865298748,1.431233764
5174,-0.355603814,-0.152493894
5175,-1.091185808,0.597678721
5176,-0.793510258,2.251831770
5177,-0.785599709,-0.889486194
5178,-0.208516687,-0.185477152
5179,0.249122769,-0.199788198
5180,2.194307089,0.886128545
5181,0.120805725,-0.230684862
5182,0.291298360,0.269865155
5183,-1.022329092,-0.514755964
5184,0.313022524,-0.103752270
5185,0.322841316,0.223093271
5186,-0.221615836,1.042441130
5187,-1.155522943,2.469149590
5188,-0.236668542,-0.259780377
5189,-0.968891203,-0.659450650
5190,0.443753839,-0.390773356
5191,-0.181312069,1.742013335
5192,0.230082303,-0.163217589
5193,0.225402594,-0.390425026
5194,0.968419194,-2.101734877
5195,-2.983383894,-0.888188601
5196,-0.979867518,-0.603148937
5197,0.954430997,0.179092646
5198,0.623369992,0.045879632
5199,0.406758070,0.133170173
5200,0.312878191,-0.384496868
5201,0.788375974,-0.465263546
5202,-0.032941658,-1.474319816
5203,0.220456421,0.172957972
5204,-0.213900790,0.114124402
5205,0.356182009,0.054631747
5206,0.184571311,-0.086416744
5207,-0.775423229,-1.541992784
5208,1.894092321,-2.221296787
5209,-0.606660485,-1.389325261
5210,1.450124025,0.645075560
5211,-3.069347620,0.727722466
5212,0.895912170,-2.868628502
5213,-1.839537144,0.017498270
5214,-1.335030794,0.620515764
5215,0.574274480,0.316653520
5216,0.978733420,-2.164655209
5217,-0.081294209,-0.146330148
5218,1.762773991,0.347468168
5219,-0.084903769,-0.458933234
5220,0.206206322,-0.162499458
5221,2.150403500,2.125047922
5222,1.450563073,-0.101700909
5223,-0.032231178,1.205855012
5224,-0.213357598,0.215608239
5225,-1.899153233,0.971217394
5226,-0.286922872,2.002407074
5227,-3.254935980,-0.195054084
5228,2.098318815,-0.075064726
5229,-2.377096891,2.634398222
5230,-1.643424392,1.956195831
5231,0.726378322,1.539187551
5232,1.188509464,1.621096730
5233,1.400851488,0.383709580
5234,0.787494063,-1.312738657
5235,-0.813720882,-1.086794972
5236,-1.698645234,-0.674708605
5237,-1.105030537,-0.742473066
5238,-1.536922932,-2.212230444
5239,-2.019787550,-0.012238989
5240,-1.137464404,-0.121415004
5241,0.161676720,0.949301362
5242,-1.377000570,-0.293679208
5243,-0.156899229,-0.754641294
5244,0.122511409,-0.236496970
5245,0.505983889,-0.422832310
5246,0.119794987,0.323175877
5247,0.409503967,-0.161966398
5248,-0.873627782,0.160492301
5249,0.042807583,-0.874336958
5250,0.185158610,-1.678943396
5251,0.760484695,0.949673474
5252,0.536590219,-1.019284964
5253,-0.343425453,-0.723551571
5254,-2.158266306,-1.222841382
5255,-0.982007146,0.682548165
5256,-0.529725790,1.117937922
5257,-0.764830530,0.834455788
5258,-3.381178856,0.549967945
5259,1.276617289,-2.374787092
5260,-0.021888264,0.550255656
5261,-0.897288680,-1.845071793
5262,-3.662585974,-0.944432497
5263,-0.226401046,0.009708598
5264,-0.581692517,0.372311145
5265,-0.256084144,0.172681212
5266,-0.312239021,0.738442123
5267,-2.196019650,-0.103278875
5268,0.150804251,-0.212068915
5269,-0.557046652,-0.121975146
5270,-0.989988983,0.431803495
5271,1.357677341,-0.886978567
5272,2.670039415,-1.643736601
5273,-0.062412672,0.186593950
5274,-0.623407841,0.983701646
5275,-1.172045827,-1.737762451
5276,1.099401712,0.309657991
5277,0.812505305,1.826770067
5278,1.646955848,-2.859631777
5279,-0.033650018,-0.201654166
5280,0.064484447,1.313100100
5281,-1.135483742,-0.642653644
5282,0.230897903,0.320673585
5283,-0.046366811,-0.579402208
5284,-0.614543319,-0.206950620
5285,0.107597545,0.379425585
5286,-0.747415781,-0.752327979
5287,0.457849056,-0.812529206
5288,0.375042349,0.998264730
5289,-0.698765993,-1.848717213
5290,-1.660384774,-1.465609431
5291,-0.128241420,0.112972453
5292,0.532751858,0.469709367
5293,-0.040544450,1.183324575
5294,1.170513749,-3.176506519
5295,-1.807899237,1.729007006
5296,0.467939794,1.021122217
5297,0.236021370,0.752908111
5298,-1.810077667,0.888335466
5299,1.420810103,-1.351196527
5300,0.724145055,-0.158432037
5301,-0.129366115,-0.182341278
5302,-1.506868720,4.156703949
5303,-0.110869877,-0.153795645
5304,1.434517145,1.474965334
5305,-0.692567885,-1.169787526
5306,-0.870311081,1.081796646
5307,-4.199301243,-1.215767384
5308,-2.331959486,0.583269656
5309,-0.885742188,-0.627778232
5310,0.007923171,-0.898231566
5311,2.651787281,2.699846506
5312,0.511067510,-1.029483080
5313,-0.504631758,0.649387717
5314,0.179424301,-0.242976397
5315,-1.588816047,-1.310921431
5316,0.967760503,1.694438338
5317,1.214965224,0.512733400
5318,-0.862624049,-0.970109940
5319,-1.936824560,1.582589030
5320,-0.643694758,-0.327793390
5321,-1.989470601,-2.983996630
5322,0.517526805,-0.127259254
5323,-0.604983032,2.124108791
5324,0.872932613,-0.753122568
5325,-0.906136572,1.848564267
5326,-0.393124223,0.096269824
5327,-1.697532296,-0.254732847
5328,-2.837701559,-0.725964367
5329,-1.343234062,2.758741617
5330,-1.697138786,0.054206301
5331,-1.460848212,0.189683050
5332,-1.978022099,1.319484115
5333,0.954617441,-1.709724784
5334,0.575121880,-0.438102931
5335,0.043018732,0.407166898
5336,-0.360955149,-1.290163398
5337,-0.523550332,0.265380561
5338,0.543948114,0.062130746
5339,0.530619562,-0.012256785
5340,0.597067237,0.886544049
5341,-0.848057747,1.795392275
5342,1.755881786,-1.102758527
5343,-0.510436714,-0.756335318
5344,-0.731930912,-0.954648852
5345,-1.071173072,-2.744863033
5346,0.916721702,0.728573561
5347,-0.768091381,-0.701086938
5348,0.572757959,1.262286067
5349,-0.502137423,-0.974913895
5350,-1.550865650,0.629504919
5351,0.742912233,-1.476988196
5352,-0.099533923,-0.190404266
5353,-0.033235874,0.428636402
5354,0.247984990,0.167204201
5355,0.968948126,0.697725773
5356,0.305230111,0.046958845
5357,-1.888624549,0.592929780
5358,-0.760289848,-0.883193731
5359,-0.287380248,-0.461066931
5360,-0.055173561,0.328475207
5361,0.796938419,-1.364229918
5362,-1.255049944,1.296816349
5363,-0.915825129,1.827319145
5364,-1.042380571,-0.576291084
5365,0.588436425,0.569477260
5366,0.938465953,2.418185234
5367,1.140295267,-0.442446083
5368,-0.616212845,-0.581037641
5369,1.070834875,-1.280950308
5370,0.438324481,-0.357850373
5371,1.128346205,-0.746127844
5372,0.243141353,0.762322426
5373,2.828463078,3.388974667
5374,0.479562104,0.199315771
5375,-0.256909937,0.213777691
5376,-2.006329536,-0.288644075
5377,1.012461424,-1.780124784
5378,-0.387406319,-0.357740939
5379,2.684190035,2.317041636
5380,2.095926523,2.292053223
5381,-0.685513020,-0.458389431
5382,0.672456086,-0.984943092
5383,0.366637677,0.034916777
5384,-0.693585932,-0.837856531
5385,-0.268917173,-0.161946431
5386,0.212269172,-0.155077085
5387,-0.219850257,-0.137478784
5388,0.868789434,-2.297347307
5389,1.763365865,0.148714483
5390,-0.408911973,-2.205409288
5391,-0.085214123,0.556299508
5392,-0.130115464,-1.719704390
5393,-2.077457666,-1.383067727
5394,-0.497102082,-1.021514058
5395,0.423297286,-0.017926197
5396,-0.716535926,-1.813056350
5397,0.492548019,-0.272719711
5398,0.821208417,-1.451743126
5399,1.654590487,1.479094625
5400,1.274662137,-1.010799766
5401,-0.568944454,0.356891781
5402,0.298837900,0.400999248
5403,-0.712116539,0.615256488
5404,0.950845897,-0.179944530
5405,0.274675399,0.067782521
5406,0.017931854,-0.486079216
5407,-0.200760916,-0.278677911
5408,0.454802185,0.558237493
5409,-0.511110663,-0.991838217
5410,1.927483082,-0.147348851
5411,2.021841764,-0.181546763
5412,1.092726946,-1.998016477
5413,0.671280742,-0.732241511
5414,0.401762158,0.933163881
5415,1.628325582,-1.166262269
5416,0.866314054,0.691086829
5417,0.796757579,-0.523444474
5418,-1.140978336,0.119739085
5419,-0.771004498,0.079770818
5420,-1.134278059,-0.922151744
5421,-1.033916235,-0.417170197
5422,0.261602908,0.312605977
5423,0.067810841,0.165511429
5424,-0.074560851,0.470204622
5425,0.231171742,-3.616239786
5426,-0.155786201,-1.015403271
5427,-0.088709474,-0.683606505
5428,-0.639627993,-1.872815371
5429,-0.605518460,-1.441770673
5430,-1.346613526,-0.566729009
5431,1.207296610,-0.748061419
5432,0.235487312,0.343753904
5433,1.065305233,-0.123262197
5434,2.676893473,0.990085363
5435,-0.568918347,-2.061957836
5436,0.683589697,1.875200272
5437,-0.936107814,1.581700206
5438,-1.330455065,1.757069826
5439,-1.148565531,0.031327065
5440,0.674236774,-1.004856706
5441,-1.077990532,0.443334490
5442,1.187061906,0.425069422
5443,0.287716627,1.886254191
5444,-1.891734123,-0.249805138
5445,0.452141851,0.753866792
5446,1.595857739,-1.800925732
5447,0.339580983,-0.417020112
5448,0.945068479,0.455445170
5449,1.763084769,-0.892550886
5450,-0.877866089,1.895036459
5451,0.548308730,-1.413825035
5452,1.054843307,0.892872453
5453,0.627224207,0.096349433
5454,-0.574883699,-0.166431725
5455,-0.164891601,-1.021868944
5456,-0.670962453,0.203520373
5457,-0.507405102,0.214030385
5458,-1.060931921,-2.235073328
5459,0.093604654,0.129399300
5460,-0.495686263,-1.617618084
5461,0.047512170,-0.176976934
5462,-2.298181295,1.596994996
5463,-2.130197048,2.481498718
5464,-0.018952683,1.102662802
5465,0.151040614,-1.519215345
5466,1.543555140,0.437534183
5467,0.266518056,0.312922835
5468,0.102934435,0.870485961
5469,-0.707487583,0.973101854
5470,1.305316925,-1.912399173
5471,-2.148667097,1.228920102
5472,-1.866591930,-1.817365050
5473,0.962179124,-1.359567285
5474,1.897594333,0.376623511
5475,2.632097244,0.076000430
5476,-0.720333159,1.618565798
5477,-0.816306233,-0.458628476
5478,0.672508955,0.160925224
5479,-1.589358211,0.683481395
5480,-0.966750383,0.663078666
5481,-0.295855999,-0.876480222
5482,-0.334752649,1.948856115
5483,0.664083123,-2.273188353
5484,2.088987350,1.043230295
5485,0.381075829,0.726556480
5486,1.047577739,0.805644691
5487,1.705987334,-0.962057531
5488,-2.254146814,0.876722991
5489,0.206967324,0.105653487
5490,-0.485893041,0.652679980
5491,-0.005337999,-0.188987821
5492,-1.168718576,-2.288960934
5493,0.122100323,-0.238841400
5494,0.479776859,0.241701633
5495,-0.515990198,0.161879495
5496,0.134847417,-1.042260647
5497,-0.003870856,0.943956792
5498,-0.121977516,-0.150097281
5499,2.447014332,-2.334918261
5500,-1.101794481,0.680857301
5501,0.340002835,0.941449881
5502,-0.532995045,0.342387855
5503,0.488174528,1.852376819
5504,-1.041126013,0.144637972
5505,-0.059924323,0.764158666
5506,-0.335413933,-0.753981829
5507,-1.139353991,-0.339590579
5508,-1.402418494,-1.786044121
5509,-0.023371736,-0.006434586
5510,-0.833840370,-0.425094515
5511,0.550265074,0.708113730
5512,1.013655186,-0.186993286
5513,1.329821944,-2.062438488
5514,0.240111604,0.221591085
5515,1.055606604,0.415914923
5516,0.750871003,-1.010301352
5517,-0.654766738,0.895840764
5518,-0.240914643,0.035296891
5519,-3.680463314,-0.235264659
5520,1.360455394,-0.853532672
5521,-1.188381672,-2.169239283
5522,-0.111828469,0.237888917
5523,-0.717651188,0.649860203
5524,0.287661254,0.071950294
5525,0.180496171,-0.117773831
5526,-0.907364488,0.371633172
5527,-0.774202764,1.144219518
5528,1.133329630,1.321453691
5529,0.076567538,-1.077595949
5530,0.326056510,1.455797911
5531,-0.272770196,-0.331451625
5532,-0.516420960,2.347380877
5533,1.324163198,0.025040934
5534,-1.257968903,-0.494471103
5535,-2.316276789,-0.631452322
5536,2.338849783,0.446503729
5537,0.413820088,0.744381130
5538,-0.122484922,0.533375859
5539,3.014221907,-0.738008678
5540,-0.745274782,1.489664078
5541,0.014059499,-0.407737136
5542,0.074627690,-2.219190359
5543,-1.980567336,-0.431751251
5544,0.067174077,0.545631409
5545,0.652784467,-0.527764618
5546,-2.065585613,-0.037850492
5547,0.207009584,-0.159273773
5548,0.238827750,0.424323916
5549,-0.324153513,0.188523367
5550,0.265962094,0.068271749
5551,-1.895108104,0.703561604
5552,2.198678493,-1.544915199
5553,5.083435535,0.592692852
5554,0.650534511,3.015890837
5555,-1.350960612,0.610623121
5556,-0.877841175,1.084110498
5557,-2.621546030,0.011333162
5558,-0.464387864,0.750016689
5559,0.052017517,0.331978709
5560,1.126921892,-0.842629492
5561,0.061980691,-0.398645729
5562,0.298495978,2.559100866
5563,1.337048531,0.710787356
5564,-0.259065330,1.431705117
5565,-2.053835630,-0.756143630
5566,-0.447532028,-0.050207138
5567,0.261628866,0.457580835
5568,-0.106256239,0.427148610
5569,-0.150819987,0.023701578
5570,0.445717990,0.387131840
5571,-0.364801258,0.578489780
5572,0.321206123,-0.417897612
5573,0.167176753,0.491834700
5574,1.509884834,1.146135807
5575,-1.239464879,-0.551563323
5576,-0.354873598,1.327536583
5577,0.326811880,0.118232302
5578,-1.046519637,-1.670571089
5579,0.082674563,-1.584711194
5580,0.177488193,1.069207311
5581,0.042638388,0.201635867
5582,-2.032660007,0.983420789
5583,-0.662888646,0.324668169
5584,1.641769528,-0.887456238
5585,0.480367184,0.430355549
5586,1.532536864,-0.987813532
5587,-1.495255470,0.011871206
5588,0.348089665,-0.721050620
5589,-0.716097236,-2.623490572
5590,-2.866219044,-0.549281240
5591,0.050359897,-0.410618007
5592,-1.346470475,1.461762428
5593,0.734335363,1.926746368
5594,-1.445616484,0.158131525
5595,-0.112895891,0.855181277
5596,-0.629001677,1.511497021
5597,-0.545484960,1.227656603
5598,-0.187937632,2.369393110
5599,0.513754070,1.114923835
5600,0.217482358,0.149052367
5601,-2.272979736,0.810223699
5602,0.835700631,-1.904787660
5603,0.230335519,-0.355586886
5604,-0.993332148,-0.444424212
5605,1.254974961,0.019591052
5606,-1.660662532,0.951573372
5607,0.602668703,0.180810973
5608,-0.134413779,-0.159207121
5609,-0.878171206,-1.133485436
5610,2.970563173,-1.352426291
5611,-0.372688740,1.776260734
5612,-0.326263487,-0.627171457
5613,-0.011493248,0.339841753
5614,-0.432655871,0.219391108
5615,0.061391287,-0.633543551
5616,-0.277872592,0.601918876
5617,-0.510231018,0.100408792
5618,-1.244063258,-0.206519589
5619,1.584329367,-3.061798334
5620,-0.126522049,-1.278380990
5621,-0.729153752,0.030486146
5622,0.166418359,1.090271115
5623,-0.308915645,-0.558992028
5624,0.313431710,0.250464171
5625,1.502507329,-1.003545165
5626,2.897643328,4.047789097
5627,-0.271410942,-1.512830853
5628,0.005059431,-0.429796070
5629,2.187674999,-0.373200715
5630,1.228366733,-0.859581828
5631,-0.470083863,-1.805963755
5632,0.355532914,-2.492081404
5633,-2.560752153,0.831297338
5634,0.484802097,2.150578022
5635,-0.088383183,1.104553938
5636,1.053075314,-0.347378165
5637,0.232394442,-0.387007743
5638,1.452713132,-1.073023915
5639,2.223716259,0.743074119
5640,1.027035236,1.033092737
5641,0.205781966,-1.006868720
5642,-0.161623299,0.797897041
5643,2.019015551,1.360943675
5644,0.046411589,-0.144187242
5645,-0.982715249,-2.022325993
5646,1.225536108,-1.540247917
5647,-0.116162546,0.613720059
5648,-0.950892448,0.052499592
5649,0.131594554,0.014375702
5650,-0.154881328,-1.355743885
5651,-0.592419386,0.968432128
5652,0.249914259,-0.055758409
5653,0.674064875,-0.054853078
5654,1.020252585,0.560530424
5655,-1.347146630,-1.028082609
5656,-1.015763640,-0.724590778
5657,-0.281700224,0.515358984
5658,-1.054067612,-0.265569538
5659,-0.652433038,-1.901002884
5660,0.293275476,0.973924398
5661,-0.967723191,1.240705371
5662,-0.151127487,0.155379742
5663,-0.661691487,-0.613721967
5664,1.140367627,-0.335953057
5665,2.508472681,-0.244783223
5666,-0.009703115,-0.321487099
5667,-2.029084682,0.859671414
5668,-0.386945426,0.493243515
5669,-0.632313073,-0.637484908
5670,-0.389602035,0.316369623
5671,0.170287058,-0.057969309
5672,-0.520215869,1.012600780
5673,0.595212638,-0.306617439
5674,-1.454731107,-0.398825198
5675,-1.529248118,-1.130516052
5676,-0.531014800,0.653376341
5677,-0.204307705,1.638401031
5678,0.168559924,0.130237758
5679,0.356260628,0.437760234
5680,0.348352849,0.471110642
5681,-0.488214672,2.161062479
5682,1.584681153,-1.981667519
5683,0.292795151,2.261196136
5684,0.016925501,-0.754636586
5685,-0.975810826,0.224875316
5686,-1.778149366,-2.186824560
5687,0.951892197,2.098213673
5688,0.271695316,-0.925916135
5689,-0.118332207,1.127683878
5690,0.019989597,-1.182566404
5691,-2.662138939,-0.427205682
5692,-0.291127771,0.853340507
5693,-1.922597170,-1.861523151
5694,1.005257010,0.872919202
5695,0.258227587,0.831378341
5696,-0.901399672,-2.966459274
5697,-0.366524041,-0.835102856
5698,1.747356296,1.122758865
5699,-0.256464154,-0.264433652
5700,0.489400953,0.394720227
5701,-0.111272030,-1.728317261
5702,-0.646284044,-0.106893085
5703,0.666198313,-0.759108841
5704,-0.804616153,-0.435380608
5705,3.138888121,-0.448839754
5706,-1.572871327,-0.345759183
5707,0.270655632,-0.336178243
5708,-0.428972423,1.207393289
5709,0.295265198,-0.097444214
5710,1.814287663,-1.336798787
5711,-0.110779755,1.782949686
5712,1.018355846,-0.476487815
5713,-0.740754426,-0.340585381
5714,0.162557736,0.242301911
5715,0.125415206,0.349064797
5716,-0.670891523,0.528773606
5717,-0.773933291,0.370283425
5718,-1.327696681,1.519322634
5719,-1.143347979,1.259101987
5720,0.330166936,-0.113103747
5721,0.786690712,-1.430434823
5722,0.457472265,-0.056564726
5723,0.906102598,-0.807537913
5724,-0.707823455,-0.007760588
5725,-1.001125336,2.619824171
5726,-1.259466052,-0.141232103
5727,-0.089121841,0.344873846
5728,-0.114350915,0.089777961
5729,1.987921000,-0.204768524
5730,0.506370306,0.020925391
5731,3.924134493,1.152454138
5732,-0.729374111,0.049008470
5733,1.057541370,0.376239002
5734,-0.066066705,0.387282938
5735,-0.732187927,0.328918755
5736,-0.617597640,1.055151701
5737,-1.216667175,-0.575931072
5738,0.039028056,0.333791316
5739,1.678941965,0.191775426
5740,0.268502116,0.336262733
5741,0.796239793,-1.725804806
5742,0.359748900,-0.091799423
5743,0.535866797,0.077673718
5744,0.779470861,-0.571112633
5745,0.006322522,0.273461014
5746,-2.900291681,1.415373445
5747,0.914215267,0.446679324
5748,0.034711234,0.788857460
5749,-0.039814115,-1.228608966
5750,1.988965750,-0.095176816
5751,0.178402126,-0.010278900
5752,-1.261589766,1.880044580
5753,0.977196991,1.134412527
5754,0.560109138,2.772107124
5755,-2.447440624,1.390840769
5756,1.292155027,-0.337541610
5757,-0.668416202,-1.080031395
5758,-1.130080819,-1.294392347
5759,0.730691969,0.767625213
5760,2.347111702,-0.355697960
5761,-0.565377116,-1.604148984
5762,-1.442794323,-0.860310614
5763,0.803044498,-0.677689135
5764,-0.021090489,-1.449417353
5765,-0.226956710,1.460503459
5766,-1.505591989,0.541074693
5767,0.176354527,0.115973346
5768,2.137958050,0.098075323
5769,0.472236037,1.042430282
5770,-3.293154716,0.220203117
5771,0.442618310,-0.072055936
5772,-0.368667185,-0.480735660
5773,-1.947640896,0.216396645
5774,-0.465837002,1.698874593
5775,-1.193803310,2.416397572
5776,-1.514914274,-1.069688439
5777,2.733565807,1.691664934
5778,-2.861363888,0.930840611
5779,2.902061939,0.625693679
5780,-0.380091876,-0.064935133
5781,-1.929253817,0.867176890
5782,0.629811525,0.016626496
5783,1.406620741,0.010758051
5784,-3.047943354,3.563451529
5785,-1.140352249,1.714074373
5786,-0.884680331,4.088889599
5787,1.883989930,1.487581611
5788,-1.393890142,-3.460480452
5789,0.317301005,0.243908480
5790,0.083984897,0.753150165
5791,-0.625587821,-0.515882492
5792,0.406621218,0.264111519
5793,1.564744473,-0.316924840
5794,0.515446723,-0.266175508
5795,-0.661281586,0.425942481
5796,0.668691397,0.578218997
5797,-0.195413679,-2.772827148
5798,3.258498669,-0.857903600
5799,0.214301109,0.459853768
5800,-3.243160963,-0.515633225
5801,-1.199476242,1.078207850
5802,0.236596525,-1.181487799
5803,0.077396639,0.682178736
5804,0.081998996,-0.790401876
5805,0.698587120,-1.879205823
5806,-1.344401240,-0.713639736
5807,-0.607742667,-0.994637668
5808,1.488004804,0.027615054
5809,0.638440132,0.804850340
5810,-0.829023063,-2.252273083
5811,0.832220197,1.935384274
5812,-0.403198570,1.107224941
5813,0.069766462,0.380778700
5814,-1.364992976,-1.712838292
5815,-0.980892062,0.580302715
5816,-0.002745126,2.112458706
5817,-1.727809906,-0.690701425
5818,1.907051563,0.271634817
5819,-3.703500271,-0.402252406
5820,2.254578590,0.103187829
5821,1.744224429,0.670442760
5822,2.141198158,1.177144647
5823,0.304036438,0.057561293
5824,0.050194297,-3.116104364
5825,0.910745144,-0.467951804
5826,1.091560006,0.024698649
5827,0.487998605,1.055142283
5828,-0.156920627,-1.088169694
5829,-1.058188677,-0.625612020
5830,0.003575275,-0.339092135
5831,1.455606818,0.965808272
5832,-1.062246442,-0.171776116
5833,-2.495064259,0.299602598
5834,0.459330887,0.389248520
5835,-1.329014301,-1.337225437
5836,-0.375340611,-3.702654839
5837,-1.641615033,-0.356624305
5838,1.602157354,-1.059406281
5839,0.601635098,-2.048554182
5840,-0.562493682,0.382646054
5841,2.679821968,-1.984272718
5842,-0.188329399,-0.119915329
5843,-1.301430345,-0.712546349
5844,-0.013568853,-1.292246580
5845,-1.582569718,1.312668920
5846,-0.089859799,1.288474679
5847,1.118889093,-0.324817032
5848,2.030915499,-0.988829434
5849,-0.110466570,-1.509087682
5850,-1.421872735,-0.818900704
5851,0.266324490,0.060654350
5852,-2.442338705,-2.684782743
5853,1.102447391,-0.355081588
5854,-0.152451053,1.570977449
5855,-0.306569457,0.097897619
5856,0.275386363,-0.308700532
5857,0.912137210,0.269297779
5858,0.107530504,-0.406989425
5859,-1.521241426,-0.753744423
5860,0.312861890,-0.090434067
5861,1.476680398,0.645971417
5862,-0.104829878,0.327976763
5863,-0.145752415,-0.187216803
5864,-2.435441494,-1.091313004
5865,0.073447116,-1.421970487
5866,0.153157130,1.127531290
5867,-0.390165001,-0.922496676
5868,0.541111887,-1.575930357
5869,0.306739420,-0.387872308
5870,2.821449041,2.025599957
5871,-0.372810841,0.208781973
5872,0.671987355,1.239848852
5873,-2.351285696,1.072137237
5874,-0.962918222,1.118057489
5875,-0.359959573,-0.461295754
5876,0.291266173,0.308979750
5877,1.963064075,0.686965168
5878,-1.181953549,0.866511047
5879,-0.414126635,0.453626692
5880,2.303496361,-0.448490113
5881,0.050274301,1.504045486
5882,0.628040075,-0.029657690
5883,-0.192636788,-2.450793743
5884,-2.496523857,1.095086694
5885,-0.552681088,-0.103585847
5886,0.638371468,-1.206871748
5887,0.129882872,2.272870064
5888,0.023592016,0.048583064
5889,0.066057950,0.377427280
5890,-0.068522617,1.295684814
5891,0.546682656,-0.671952784
5892,-0.382433563,0.134675041
5893,-1.620893240,-1.316779017
5894,-1.406454206,-1.197651148
5895,-0.431472212,2.552599430
5896,-0.016805965,-1.153213263
5897,-1.019952059,-0.098423317
5898,0.086084977,0.051082257
5899,1.512792230,-0.165103599
5900,0.734226644,0.245894954
5901,1.523855090,0.568700731
5902,0.273274750,-0.467249662
5903,0.170363799,0.094162606
5904,0.346957833,-0.751152515
5905,0.812820613,0.187382594
5906,-2.001875401,-0.212959215
5907,0.547181070,-1.845687985
5908,-0.404251993,3.061632156
5909,-0.127813488,1.138704896
5910,-0.135084137,0.346708894
5911,-1.339736223,-2.069478273
5912,-0.156710610,-0.086234942
5913,0.592213750,0.643377721
5914,-0.977294743,-0.532062829
5915,-0.210882962,1.092549562
5916,-0.696525156,-0.366628021
5917,-1.038696289,1.715346694
5918,-1.918556571,1.002424002
5919,0.738116443,0.436279207
5920,-1.898157597,1.116292119
5921,0.027800022,-0.341847450
5922,-1.137246966,-1.604172826
5923,0.093284681,-0.282990366
5924,0.501138747,-0.630049586
5925,-0.432924688,2.925869703
5926,-0.024641976,0.918179810
5927,-0.636957824,1.734148741
5928,0.505459964,0.084251590
5929,1.246243119,-1.635552645
5930,0.166404739,-0.676610589
5931,0.315138906,0.333369970
5932,-0.975853741,-0.692516506
5933,0.605433583,3.893211842
5934,1.681020856,0.406041712
5935,0.611810327,-1.041655421
5936,1.700439692,1.201114178
5937,0.626632512,0.020038908
5938,-0.666776478,-1.415365696
5939,-0.410782635,1.278022766
5940,0.527883112,0.666426957
5941,0.256778210,-0.411288798
5942,1.161254048,0.340988845
5943,0.978532374,2.015369892
5944,-1.464657903,-2.087621927
5945,0.538824320,1.087674618
5946,1.249736547,-0.016867541
5947,1.941735744,-0.181840658
5948,0.663003862,-0.513093531
5949,0.004633412,-1.508937359
5950,1.844117284,-1.423198342
5951,0.526991308,-1.265715837
5952,-0.465475053,-0.429470658
5953,-0.149201423,0.281837493
5954,-0.280150265,-0.283435464
5955,-0.142205968,0.784609258
5956,-2.581248522,2.071638107
5957,1.945449710,-1.765493155
5958,0.023519412,-0.296425521
5959,-3.056288004,-3.333877087
5960,0.119497664,-0.118299760
5961,0.283725590,-1.589329362
5962,-0.372112960,0.798653603
5963,0.569716990,-1.346170783
5964,-0.441917211,-1.125274777
5965,0.243437931,-2.556971312
5966,-0.368609071,-0.014654391
5967,0.438412517,-1.017944694
5968,-0.294594556,2.423834801
5969,-0.000555812,-0.212358221
5970,0.236146614,-1.394965291
5971,-4.021139622,-1.870383978
5972,-0.281456321,0.058246218
5973,-2.015733480,0.638841987
5974,1.149264455,1.769417763
5975,2.937537670,-0.546100080
5976,0.676788509,0.217894778
5977,0.107941590,0.748223782
5978,-0.705301762,-0.042404197
5979,0.051614460,-0.363553345
5980,-0.348352700,-0.205615133
5981,0.554023266,-0.228611290
5982,-0.062448815,1.151069522
5983,0.261475265,0.168181136
5984,-0.382566988,-0.073466882
5985,-1.798823118,1.195227265
5986,-0.328110576,0.326457918
5987,0.030034458,1.085214138
5988,1.532134652,-1.707834005
5989,0.487886071,-1.661160946
5990,-0.137916461,-1.161912441
5991,-0.250980407,-2.396810532
5992,2.607939720,2.033129692
5993,0.736740708,-3.160607338
5994,0.012519858,-3.422297478
5995,0.885658383,0.621593952
5996,0.878602028,-0.131204858
5997,0.746764481,-1.062797546
5998,-0.361388296,0.277567178
5999,0.044061128,-0.237866610
6000,-0.676541865,-1.376853704
6001,-0.108772755,1.268729925
6002,-0.693918824,0.463215351
6003,-1.474761128,0.986335158
6004,-0.115705118,-0.225035787
6005,-0.123299889,-0.114145167
6006,0.161325708,1.923739552
6007,-0.159050882,0.193419144
6008,-0.275415272,1.607635736
6009,-0.047878038,0.234545514
6010,0.127740785,0.004669274
6011,0.205986634,-0.484053254
6012,0.284978181,0.003372012
6013,2.330791473,3.046686888
6014,0.503711939,2.558985949
6015,0.492737889,-0.657810271
6016,-0.169560060,1.043523669
6017,-0.028578892,-1.116752148
6018,-0.720648050,0.436636567
6019,-0.297411829,0.136827022
6020,-0.874428511,0.732960880
6021,1.804894328,2.415028334
6022,-1.700187445,3.408268452
6023,1.982829690,-0.345996082
6024,-0.097732998,-2.569837809
6025,-1.388114691,0.913873374
6026,-0.267738849,-0.010308591
6027,-0.549916089,0.544706464
6028,-0.713609219,-0.353985339
6029,-1.929768443,-1.848603725
6030,-0.133492142,1.670059800
6031,0.051572572,-0.588264406
6032,0.278463423,-2.389773846
6033,-1.604015470,-1.167083383
6034,0.103287444,-0.342492431
6035,-0.966007411,0.578534305
6036,-0.436063439,0.003979211
6037,0.821314692,-0.727749884
6038,0.960788846,0.125217855
6039,0.133185089,0.505324900
6040,0.890685141,-0.320416242
6041,0.126754805,0.754334092
6042,-0.473212302,-0.130612209
6043,1.746953249,1.919801116
6044,0.106355816,2.242998600
6045,1.592357039,-0.068099454
6046,-2.425401688,-0.682050943
6047,0.869465292,1.085554957
6048,-0.598996282,0.112992570
6049,-0.206785560,0.106414467
6050,-1.970995307,-0.592601717
6051,0.474159062,-0.698406339
6052,0.170758724,4.408374310
6053,-0.169690609,-1.164712906
6054,0.451159298,-0.247743756
6055,0.078560516,0.933108926
6056,1.019736409,-0.936877728
6057,-0.113394186,-1.903218508
6058,1.107207298,-1.036166787
6059,-0.332345933,0.156464607
6060,-0.333301485,1.271239400
6061,0.096696854,0.236896783
6062,1.159837723,-2.534278631
6063,-1.473380208,1.295834303
6064,-2.458025217,-2.273008585
6065,-0.266276270,0.001450170
6066,2.769490957,-0.287286967
6067,0.935171723,-1.504721761
6068,0.252367020,1.929702997
6069,1.814423084,1.438079953
6070,-0.135495499,0.416403502
6071,1.401213527,0.625426531
6072,0.384680361,-1.851769924
6073,2.045186281,0.003686101
6074,2.190046549,0.448783368
6075,1.263110757,-0.524500191
6076,-0.843636453,0.667382598
6077,0.135932431,-0.210117117
6078,2.107416153,1.397295594
6079,2.104115963,0.210928217
6080,1.780773520,-1.906846046
6081,0.576892138,0.042470310
6082,0.634625852,1.707201600
6083,-0.235969126,-0.591322482
6084,-0.043372568,0.358822882
6085,0.190285251,-0.117089398
6086,-0.740094483,0.478544325
6087,-0.744932353,-1.873438478
6088,-1.288266540,0.150873408
6089,0.726050138,1.027703166
6090,1.600804567,0.505687296
6091,1.119474530,0.376101732
6092,-0.577624321,1.028152943
6093,0.375112265,0.991980433
6094,1.523098826,1.402531981
6095,1.598255515,0.274277508
6096,-0.926281214,1.356903672
6097,-0.029728938,-0.487917364
6098,0.476638764,-0.488503337
6099,-1.218178868,-2.044828892
6100,1.418244243,1.215298414
6101,-0.121768229,-0.245080754
6102,0.116453283,0.156311259
6103,-0.266156882,-0.083853304
6104,0.434018731,0.706400335
6105,1.568591475,0.271889627
6106,2.239197254,-2.596344233
6107,2.333441734,-0.261900485
6108,0.212297216,1.488344431
6109,0.241177291,-1.715758443
6110,-0.798808515,-0.494096249
6111,-1.897369504,0.326497763
6112,-0.425799936,-0.732528269
6113,1.174421668,1.816455245
6114,0.085415967,0.262309790
6115,1.301735759,2.405429602
6116,-0.782032788,0.454442650
6117,-0.985736370,-2.970709085
6118,0.449263811,0.384155065
6119,-0.308116198,-2.546842337
6120,1.224127293,2.925001621
6121,-1.820669651,0.029525297
6122,0.238031581,0.344879538
6123,-1.536919355,0.137493864
6124,-0.533031702,0.614132345
6125,-0.545652866,1.233708739
6126,-0.010103426,0.463285893
6127,-1.641862154,2.848119736
6128,-2.936197519,-1.947806716
6129,-1.333470106,-1.142539620
6130,-0.598044515,2.636310816
6131,2.170779467,-0.489940554
6132,0.661335230,-1.250495315
6133,1.531420827,-0.290727466
6134,-2.379078865,-1.625618219
6135,3.424257040,3.200885057
6136,-0.568571985,0.228727177
6137,2.323092699,-1.637889504
6138,-0.220977232,-0.631091356
6139,-0.835840046,-0.282301605
6140,0.349033922,-0.340299904
6141,-0.030059433,-0.184313029
6142,-0.512901068,1.856887817
6143,-0.032637160,0.362858653
6144,-0.566218078,1.235070348
6145,1.905497432,-0.008758228
6146,-1.197880983,2.471397877
6147,-1.741841078,0.455049932
6148,0.803496897,2.055540562
6149,0.566097498,0.722182989
6150,0.851499319,0.027054442
6151,1.706096649,-1.468685031
6152,0.360039562,-1.280404210
6153,1.736601949,0.399850368
6154,-1.706495166,0.281640351
6155,-0.383280218,-0.977966070
6156,0.336425573,-0.541216850
6157,0.936640859,-0.688982785
6158,0.993805945,0.009942399
6159,-0.162546486,0.920415223
6160,-0.106536359,-1.084771037
6161,-0.793328643,0.995435715
6162,-2.515230417,0.381462485
6163,-0.054643162,-2.753486872
6164,0.411926538,0.361779630
6165,-1.639110565,0.391250491
6166,-0.141113266,-1.712935805
6167,-2.230341911,-2.483144760
6168,-0.940573335,-0.656649053
6169,-4.373357773,-0.169750929
6170,-0.811664224,0.953064144
6171,0.336653948,-0.326083243
6172,-1.124850988,-0.816992700
6173,-1.945975304,-0.955190182
6174,-2.670212030,1.985883474
6175,0.492162466,0.913811147
6176,-0.081815362,-0.220982030
6177,2.364193201,-0.412433147
6178,0.731021225,0.243202001
6179,1.582034826,0.003768697
6180,2.383300304,-0.403314859
6181,-1.303652763,3.252673149
6182,0.648842931,2.654351711
6183,1.100361347,-0.524825931
6184,-0.054572064,0.227756456
6185,-1.216058850,0.531654179
6186,0.956262231,0.515711427
6187,0.043350842,0.745200634
6188,0.540115714,-0.658475697
6189,0.229684442,-0.021080811
6190,-0.094513752,0.212049440
6191,-0.211914495,0.082976602
6192,-1.241007328,-1.484187365
6193,0.437303990,-0.751292706
6194,0.632774830,0.852546692
6195,1.324058890,0.032487888
6196,-0.852172434,0.110863507
6197,-0.606740117,0.284822255
6198,-0.312182188,-0.110153884
6199,1.539364338,-0.776227236
6200,2.542689800,-0.449178487
6201,-0.038678389,0.633288503
6202,-0.033940658,0.550895452
6203,-1.735092044,-1.332851171
6204,-1.745014787,-1.155321360
6205,3.150643826,-0.041064832
6206,1.355131626,-0.288904548
6207,1.129921675,-0.147411451
6208,0.192556188,-0.247671783
6209,0.517516136,1.068787456
6210,0.109080270,1.886427283
6211,-1.456607461,0.399148524
6212,1.650040865,-1.804045796
6213,0.532896817,2.404855251
6214,-3.362498522,0.226204544
6215,2.000420809,-1.018856406
6216,-0.703116715,-0.682823718
6217,-0.057293374,-0.118207864
6218,-1.831895471,1.358785629
6219,0.274151146,-0.287036538
6220,0.447115242,-2.444476366
6221,-0.083544008,-0.353455573
6222,-0.053597629,-0.790617764
6223,-0.250532359,0.583747268
6224,2.163289785,-1.527741432
6225,0.289109141,-3.255055189
6226,0.101844110,-1.548303723
6227,0.613961279,0.937024891
6228,4.351450920,-1.282576442
6229,-0.572357059,1.294849873
6230,0.198438212,3.688914776
6231,-1.118554711,-2.919453859
6232,-0.382634073,0.295251697
6233,-2.293158770,-0.975240767
6234,0.667398572,1.010123849
6235,0.306941360,0.351039708
6236,0.628202975,-3.309923887
6237,-0.502667189,2.295945168
6238,0.814099312,0.427500069
6239,-0.159535170,-0.240649521
6240,0.827575207,-0.535069406
6241,0.258177489,-0.085494787
6242,-1.385658741,-0.048259225
6243,0.298658371,-0.784449220
6244,0.537437439,-0.296051711
6245,2.577234268,-0.485180318
6246,-1.066278815,-0.130306214
6247,-0.355668485,0.968468368
6248,3.179167747,0.960517347
6249,1.097029686,1.071796060
6250,0.331085533,0.616213858
6251,0.733155251,1.451822162
6252,-0.209608793,0.555145025
6253,-1.100439429,-0.339826316
6254,1.799692154,1.670609593
6255,0.344825476,0.481406659
6256,-0.623427987,-0.619778693
6257,-0.244171962,-1.133499861
6258,-0.178324252,3.095384121
6259,0.311909407,0.495042622
6260,-0.359547138,1.180607915
6261,0.044126682,-0.236380085
6262,-0.040360279,-0.868454754
6263,-0.601248503,-0.299074084
6264,0.269488513,0.182045192
6265,-0.655428588,0.847188950
6266,-1.237533331,-0.113959387
6267,-2.968726873,-0.437891781
6268,3.714898348,1.322504163
6269,-0.629549503,-0.909057617
6270,0.869990349,-0.446471781
6271,0.250964761,-0.062671721
6272,-0.613674164,0.233203083
6273,0.014005274,-0.815496266
6274,-0.835030794,-0.452977955
6275,2.124090433,-1.720141411
6276,-0.150017932,2.416079521
6277,-0.098635361,0.946304440
6278,-0.890906930,2.051058054
6279,1.160522580,0.674952626
6280,-0.166976616,-0.000004597
6281,-0.159514606,-0.154263273
6282,-1.135970950,-2.779608250
6283,-0.902143359,-0.911401927
6284,0.364948809,0.114741668
6285,-0.438988388,0.164085031
6286,-1.244249463,0.422408283
6287,-0.765196919,0.189131215
6288,-0.031978220,-1.535987139
6289,-2.140672922,-1.414581299
6290,1.062532425,0.094091013
6291,-0.052970305,1.642498255
6292,-0.908248127,-0.919541895
6293,-0.351783603,-0.563583255
6294,-1.563294768,1.457279563
6295,-0.132842943,1.699314713
6296,-0.690370440,-1.145746708
6297,-0.611679792,0.325679243
6298,-0.794188380,0.071363881
6299,-2.046295643,0.479651600
6300,2.174209356,-0.696358263
6301,-0.530529261,-1.334959030
6302,2.033295631,-0.931333363
6303,-0.737612247,0.135424703
6304,0.067811005,-0.156271219
6305,0.241402075,-0.317742229
6306,-0.018537277,-1.007438302
6307,1.170733452,-1.244708776
6308,-1.416295528,0.106015213
6309,1.452391744,-0.560346961
6310,0.502668679,0.299438834
6311,-0.648754954,3.348494530
6312,-0.089411609,0.358255208
6313,0.319067508,0.050368380
6314,-0.523109734,-0.462770700
6315,0.989216626,-3.578271389
6316,0.026997117,-2.002932787
6317,-1.072821617,0.124291226
6318,-1.053609967,-0.739246309
6319,1.449690819,0.859042168
6320,0.809716225,-0.257720947
6321,-1.301710486,0.808589876
6322,-0.797356665,-1.226461291
6323,0.085908048,1.665984511
6324,0.765053153,1.084350228
6325,0.178180456,-0.798472285
6326,0.240985200,-0.664098501
6327,2.912032366,1.140237570
6328,-0.167134523,0.261346012
6329,-1.072340488,0.160960928
6330,-1.379279256,0.144433707
6331,-0.150604069,0.146641612
6332,0.063800551,0.187263399
6333,-1.263771415,0.690789998
6334,-1.169798374,1.626984119
6335,0.399822652,-0.761874139
6336,-1.507639289,0.070120640
6337,1.451161742,0.315454751
6338,0.802819431,0.118661337
6339,1.050846219,-1.324143052
6340,-1.632969022,0.337290049
6341,2.731559753,-1.980912209
6342,0.521779060,0.218086481
6343,-1.722807765,0.438636214
6344,0.879324138,0.611603916
6345,-0.450248480,1.499806643
6346,-3.296221972,-1.593938231
6347,0.825691819,-0.543046951
6348,0.423062444,0.356978536
6349,-0.898480833,-0.527036726
6350,0.103869215,-0.748295724
6351,0.948092520,-0.550310552
6352,1.047468781,-1.381001830
6353,1.902032018,0.751955509
6354,-0.658390224,0.079141594
6355,-0.195868760,-0.487197876
6356,0.268169761,-0.241731718
6357,-1.894489288,-2.000753641
6358,-0.128597781,-0.241572067
6359,-0.064605862,-0.064525507
6360,1.142252326,-0.195206925
6361,0.612272143,1.952250838
6362,1.398985863,1.009811163
6363,-1.177995086,2.141798258
6364,-0.046871118,1.307911515
6365,-1.790084362,0.905350745
6366,-1.315093040,1.010067344
6367,-0.079805426,0.950404763
6368,-1.243247390,0.657446623
6369,-0.750320375,-1.176216006
6370,-0.212015107,-0.539846957
6371,1.145899177,0.809658647
6372,0.145276785,0.616588175
6373,-0.729158342,-1.393468976
6374,-0.078821175,-0.726007044
6375,-0.891167879,1.112795234
6376,0.906347632,-1.532210946
6377,0.649845004,0.025213879
6378,0.859481871,0.215731278
6379,-0.325356364,0.600613475
6380,1.485860944,-1.517178774
6381,-0.353334218,-0.723791003
6382,0.378109992,-3.336887121
6383,-0.557501495,1.496161699
6384,-0.532405198,-0.549540043
6385,-0.600528538,3.229230165
6386,1.882251143,2.198816776
6387,0.363867134,-1.618254423
6388,-0.083293244,0.192860872
6389,2.490677118,-1.384126544
6390,-1.370695233,-1.481440187
6391,-0.666945517,-0.627166927
6392,0.232641056,-1.650934577
6393,0.303639412,-0.289669722
6394,-0.130347669,0.175846025
6395,-0.375380814,-1.116946697
6396,0.696682394,1.422779202
6397,-0.099140018,-0.856978476
6398,0.560791194,1.204546332
6399,0.590869963,-1.152083635
6400,-2.440353394,-1.701918483
6401,-0.004512853,-1.517005324
6402,0.999300599,1.499045491
6403,-0.183154926,0.095326133
6404,-0.594231844,-1.438842416
6405,-0.569837093,-0.003550714
6406,-0.342021763,-1.408682346
6407,0.804566085,-1.305211902
6408,0.902380884,-3.460644007
6409,-0.303684324,-0.096991479
6410,-1.446184039,-1.549405098
6411,-0.815223515,1.566502213
6412,0.231897697,0.392581969
6413,2.626647711,-0.030111959
6414,-0.371662736,0.324461877
6415,-0.349361509,-0.173463538
6416,1.199013710,-0.883706570
6417,1.667454481,-2.163783550
6418,-2.201445103,2.245325327
6419,-1.010015368,2.853212595
6420,1.083604813,-2.444941282
6421,-1.355463982,-0.126038924
6422,-0.124200448,0.100942321
6423,-1.609085321,1.037173629
6424,-0.167503968,-0.409139037
6425,-0.400533646,-2.521105528
6426,1.625701427,-1.505923033
6427,-0.886305809,1.691742420
6428,1.078519106,-1.791533470
6429,4.904908657,0.360825360
6430,0.170022443,0.131247148
6431,-0.715944350,-1.704144835
6432,1.056805849,-2.391872406
6433,2.257200480,-2.547112226
6434,1.111318231,-1.396331072
6435,-3.667577982,2.980213165
6436,-0.608451903,-1.635493279
6437,1.277194262,-1.335668087
6438,0.435075760,0.266899824
6439,0.784364283,0.181611821
6440,0.147312075,0.204232037
6441,-0.668054700,-2.077718496
6442,-3.365579367,-2.217699289
6443,0.531585515,-0.261260718
6444,-0.778992593,-0.386964977
6445,0.631313384,-0.784149051
6446,0.042848632,-2.019737959
6447,0.375736833,0.033899523
6448,0.346702188,-0.059893504
6449,0.119581059,-1.064117193
6450,0.143230274,-1.880986571
6451,0.216110617,1.523480415
6452,-1.381039023,0.152928784
6453,-4.117488384,-0.624597788
6454,-0.914374828,0.021984898
6455,0.067628667,0.167257175
6456,-0.078849383,-1.525718451
6457,-0.938493133,0.156420618
6458,1.228119969,-0.601712942
6459,2.441572428,-0.527849138
6460,-2.103462458,0.257209897
6461,-0.221410453,-0.715566158
6462,-1.143914223,1.077358842
6463,-0.210684791,0.868671417
6464,0.996153295,1.078062177
6465,1.334746599,-1.228582382
6466,-0.127762184,-0.030547479
6467,-0.101032227,0.415412635
6468,-1.910450459,-0.323640913
6469,3.016490698,-1.965995431
6470,-0.409430504,0.357648820
6471,-0.314348072,-0.087000683
6472,0.886103332,1.469501138
6473,-0.488652498,-1.384475112
6474,0.130638346,-1.821069956
6475,1.158223271,1.809277058
6476,1.565639257,0.080759756
6477,1.341429353,1.545768857
6478,1.433982730,-0.021019559
6479,-0.322540909,0.789763033
6480,-1.138721585,-1.839205384
6481,2.020008564,-0.385050446
6482,-1.285807610,-2.734907627
6483,-0.521998703,-1.878504157
6484,2.410214901,0.706168950
6485,0.982213497,-0.467572063
6486,-1.370304346,1.548228502
6487,0.315801561,-0.098712996
6488,2.397948742,-0.199851468
6489,-2.065351486,1.407128692
6490,0.792430043,-0.938718319
6491,-2.979388714,2.611428499
6492,0.457865536,0.569346547
6493,-0.397672474,0.033062149
6494,-0.438108772,-0.465730995
6495,-1.149548411,0.504263401
6496,-4.684068680,1.950478792
6497,-0.382657051,0.270103514
6498,0.269753754,-0.365063608
6499,1.232331634,0.003445802
6500,1.945616603,-0.148643181
6501,0.215211183,-0.142388314
6502,-4.746765614,0.329970628
6503,0.833599150,-0.437770426
6504,2.318355560,-0.727346480
6505,0.118994646,0.414226979
6506,-1.182618856,-1.057323456
6507,0.932069659,-1.220488191
6508,-0.673726320,0.770295203
6509,-1.322803497,-0.480588138
6510,-1.089086533,-1.156735420
6511,0.082771569,0.510391831
6512,1.015203238,0.130663678
6513,-0.376178801,0.981700718
6514,0.865028083,1.076666474
6515,1.126281381,-0.275710195
6516,-0.072930716,-1.632102370
6517,0.289884478,0.803951561
6518,-0.006288510,-0.597022533
6519,-0.700778663,-0.089540258
6520,-1.340378523,-0.285477996
6521,0.059710458,0.657724440
6522,-1.647582054,-0.115332216
6523,0.789230585,0.018423162
6524,0.222771630,0.528597474
6525,2.239814281,0.626433074
6526,0.002674601,2.633234024
6527,-1.560630202,2.786160946
6528,-1.155853152,-0.840814412
6529,0.504881203,-1.594451547
6530,0.154553622,0.058792684
6531,-0.367019147,-0.216060087
6532,-0.809000492,0.734344423
6533,-0.524547994,0.405754417
6534,0.761877894,-0.593929648
6535,1.206618786,-0.502124071
6536,-0.481153190,-0.674646795
6537,0.209608495,0.538877964
6538,-1.813355088,0.118120871
6539,0.027366081,1.265829802
6540,0.486679941,-1.358242869
6541,0.639044225,2.026305914
6542,1.395516157,-0.236385867
6543,0.451716751,-1.229385734
6544,-1.654492736,-0.034487031
6545,2.323962927,0.790858567
6546,-1.432443142,0.785096407
6547,-0.603332043,-0.023508525
6548,-1.151689291,-0.048855599
6549,-0.843399644,-1.012887359
6550,1.011081100,-0.112008989
6551,0.198884845,-0.445761889
6552,-0.163859621,-2.063661575
6553,-1.835215211,1.309246898
6554,-0.402822733,0.587921977
6555,3.591988802,1.345820308
6556,-2.081453800,0.532034159
6557,-0.032054830,0.166445613
6558,0.952396274,1.380994678
6559,-0.742306530,0.286283672
6560,-1.400329828,0.263812184
6561,0.087872051,0.169111639
6562,0.123800591,0.589203179
6563,0.003404996,-1.185103297
6564,0.221006110,0.819511294
6565,-0.325308979,-0.795104980
6566,-1.864308834,-0.076831855
6567,-0.269234389,-0.358930260
6568,-0.395839781,-0.629061282
6569,-0.493443847,1.332043767
6570,-0.394534528,-1.424865723
6571,1.477725863,-2.938806534
6572,2.254178286,-2.548697472
6573,0.842692912,0.729433298
6574,-1.605743170,-0.434446096
6575,-1.141128421,3.066228151
6576,-1.165740967,-0.502915025
6577,-0.823393047,1.463551283
6578,-0.972767770,-1.157914281
6579,-0.183057114,1.001928926
6580,0.424791485,-0.890882850
6581,2.017674685,-0.593873560
6582,1.592158556,-0.446412414
6583,-0.217707023,0.124001116
6584,-0.424216837,0.898861885
6585,-1.926319003,-1.678731799
6586,1.110451102,1.307468176
6587,0.043631006,-1.393319011
6588,-0.113523230,0.710018933
6589,-2.032626867,0.082628764
6590,-1.408540010,-2.495078802
6591,-0.304376155,-0.997230828
6592,0.050755013,-1.266277909
6593,0.914855778,0.325043052
6594,0.919597507,0.314092517
6595,-0.312045932,-1.573289633
6596,1.005892754,-1.192423463
6597,0.082090080,1.747150183
6598,-0.249223098,-0.307338297
6599,-1.390108824,-1.204031348
6600,0.062760107,0.133319005
6601,0.830085754,0.019591967
6602,-1.346018910,-0.075301968
6603,-0.080464691,-0.093303204
6604,0.127303869,1.923027277
6605,-0.936977327,1.440678954
6606,1.304954052,0.336410314
6607,0.198778465,0.329754204
6608,0.057875913,-0.351931542
6609,0.865528226,0.897646785
6610,0.549004436,0.017281963
6611,-0.440492481,-0.061056357
6612,0.045687165,-0.503834844
6613,0.696524680,0.401178956
6614,1.156918287,-1.402343392
6615,-0.678804576,-0.838607311
6616,0.468520224,-0.274117857
6617,0.252570301,1.693949938
6618,0.482056886,-1.161049485
6619,-1.128306150,-0.890833199
6620,-0.512976944,0.375111669
6621,-0.055781331,2.977208376
6622,2.093282461,-0.748534560
6623,2.283499718,3.046769857
6624,0.355310917,0.694190621
6625,0.689230919,-0.841882586
6626,-0.536371052,-1.123588800
6627,0.099613786,-2.820998192
6628,3.009001493,-2.146441221
6629,-0.543613315,-1.058600307
6630,-0.162863597,-0.088982716
6631,0.465196282,0.444899142
6632,-0.032788977,-0.352771848
6633,0.107987508,-2.895167112
6634,-0.557599247,0.038980410
6635,2.552691460,1.002127409
6636,1.383929729,0.616305053
6637,0.239290327,0.066874936
6638,-0.897104144,-0.039243612
6639,0.791677237,-0.733596802
6640,1.109375834,0.900268853
6641,0.946520448,0.712515414
6642,1.251886129,-0.241089866
6643,0.294334173,-0.033035647
6644,1.384679079,0.318238288
6645,-0.537180007,-0.724361360
6646,-2.268244743,-0.161675870
6647,0.979531229,2.924125433
6648,-0.565894127,-1.459789991
6649,-0.310731500,0.689579368
6650,1.256517649,1.232313037
6651,0.361217678,-1.433262229
6652,0.372899503,0.838313103
6653,0.817672014,-0.494895697
6654,0.340001911,-0.598717570
6655,3.578213215,0.742486179
6656,-0.586736441,-0.741441190
6657,0.510593712,0.364404768
6658,-0.074183352,-0.403858721
6659,-0.596148670,1.793476701
6660,-0.383024931,-1.045187593
6661,0.461649150,-0.783986449
6662,-0.099831372,0.343892545
6663,-0.441148549,0.696375310
6664,-0.103341155,1.628980160
6665,-0.147449747,-0.344274998
6666,-0.791214645,0.467676669
6667,2.440229177,-1.899176955
6668,0.594344497,-0.064545676
6669,-0.205608740,0.073892504
6670,0.402314514,-0.315325797
6671,0.330845356,-0.169230491
6672,0.321185201,0.028133200
6673,-0.470781565,2.842558384
6674,0.022669915,-1.956170440
6675,-0.389166087,1.343196869
6676,0.353133649,-0.329045445
6677,-1.568928480,-0.551331401
6678,2.327661514,0.097156897
6679,0.751475155,-0.155580387
6680,-0.028534511,0.227498785
6681,0.249654472,-0.209414467
6682,1.657927394,-2.964940786
6683,-1.349757195,-1.239033580
6684,-0.730495095,1.705865145
6685,-0.596242428,0.559301376
6686,-2.449912071,-1.159993410
6687,0.964706123,-0.255935043
6688,-0.398749143,-0.466149986
6689,0.776788056,1.024157643
6690,1.625907183,-0.234979421
6691,0.350955635,0.456984758
6692,0.076777972,0.938805461
6693,0.285242140,-0.127241433
6694,0.120804057,0.218032926
6695,-0.801700950,1.828995585
6696,1.244839191,-1.592197418
6697,-0.229625776,2.968749285
6698,0.999220788,-0.027840538
6699,1.132933855,-0.892062068
6700,0.384319216,-1.479496598
6701,-0.415222347,1.313903570
6702,1.991255879,-1.578479767
6703,0.426144511,0.440912515
6704,-1.374020100,-0.769134521
6705,-0.067013562,-0.573569000
6706,1.966592550,-0.102425754
6707,-0.065874077,-0.744422853
6708,-1.291754842,-0.355754256
6709,-0.976627827,-0.047645736
6710,0.462011635,-0.884914935
6711,-0.122281082,-1.227530479
6712,-0.001126416,1.192053676
6713,-1.051914930,-1.326212406
6714,0.545215070,0.262067616
6715,0.187430054,-1.074103117
6716,0.359869868,0.174409896
6717,0.245712072,1.396505237
6718,-0.560687184,-0.162021637
6719,-0.395229548,0.645717502
6720,-0.126051873,0.084157668
6721,0.669830918,1.483238935
6722,-3.214205265,2.298579693
6723,-0.638039768,0.634161174
6724,0.092037961,-0.168321043
6725,-0.819716156,-1.225406170
6726,-1.114340425,-1.149709940
6727,0.033754878,0.232455507
6728,3.840024471,1.794675827
6729,-1.533746481,-0.029037835
6730,0.230338171,-0.178926915
6731,-1.984166741,-0.365921825
6732,0.936766744,0.851753354
6733,1.393914104,-0.123910137
6734,-0.857483864,0.299087405
6735,0.356894135,-0.565527797
6736,0.091660276,1.846863627
6737,0.338312835,0.963953853
6738,1.667591929,1.750130177
6739,1.397368431,-1.340097189
6740,0.179630026,0.398970306
6741,0.551691949,1.467061877
6742,-0.171853662,-0.558202505
6743,0.126436815,1.263168454
6744,1.787840247,0.686893225
6745,0.275018364,-1.821128488
6746,1.752486229,1.227394581
6747,-1.385091305,0.038665712
6748,-0.061023686,0.496211380
6749,-0.373753190,-1.059133887
6750,-0.137939170,-0.146086380
6751,0.174041614,-0.288919419
6752,-1.211800694,-0.340858728
6753,0.228644729,-0.350250632
6754,-0.097563162,0.130314097
6755,-0.722196341,1.228329897
6756,-0.720337749,-1.330357075
6757,-1.583306789,-2.224484444
6758,0.199587047,-0.772676826
6759,-2.857744217,-1.809843898
6760,-0.025517432,-0.300995082
6761,0.555359483,0.382403582
6762,0.024333142,0.217863679
6763,-0.503371775,-0.023903998
6764,1.103415966,-0.270278871
6765,-0.099370494,-1.045472741
6766,0.204804242,-0.935152531
6767,-2.059756994,-1.044407248
6768,1.868340969,1.910324335
6769,-2.873161793,0.543544412
6770,-1.487602711,0.586329281
6771,1.129405141,-2.341155767
6772,-0.860152006,-0.125555679
6773,0.256088287,0.697317183
6774,1.843948960,0.828801155
6775,-4.895091534,-2.183926582
6776,0.716163039,0.282396108
6777,1.232888818,0.261710167
6778,-0.277286887,-1.297828913
6779,-2.400478125,0.200019598
6780,0.899882495,-0.497212261
6781,-1.627650976,0.144974202
6782,-1.808975697,0.497279972
6783,0.382552654,-0.195920348
6784,0.976586044,-1.302686691
6785,-0.132312447,1.658920646
6786,0.474029511,0.318936676
6787,0.171827555,-1.413607955
6788,0.897640884,-1.747468710
6789,0.641849577,0.428246915
6790,0.512552321,0.644830346
6791,0.055188306,-0.171461388
6792,0.590661287,-0.077339865
6793,1.377876282,-0.741590858
6794,0.158169448,-0.071945556
6795,0.374714196,2.843150139
6796,2.210130692,1.045100331
6797,-0.281216919,-0.873067319
6798,-0.431665242,-1.791214228
6799,-1.748916984,0.665855289
6800,-1.017494082,-0.430422425
6801,0.427380651,0.636154890
6802,-1.696018457,-0.745035708
6803,0.247482672,-0.184214726
6804,-1.462349653,-0.773017645
6805,0.154186517,0.136198446
6806,-2.801825762,0.754492819
6807,0.000551555,1.077661037
6808,-0.624829173,-1.205824614
6809,0.244893402,-0.100733258
6810,-0.602504849,-0.554657817
6811,1.247207403,0.363960952
6812,0.347165376,-0.430063277
6813,0.540188193,0.515308678
6814,-1.468526125,1.125848413
6815,-0.898830116,-0.472893775
6816,-0.965103567,-0.903654218
6817,0.146666825,-0.113502540
6818,0.623506784,0.519409895
6819,2.843074083,1.126046658
6820,1.209946394,-0.338607788
6821,0.106566504,0.088140294
6822,-0.600676417,-0.966091216
6823,1.494496584,-0.763275266
6824,-0.513717532,-1.703310370
6825,0.142786384,-0.218470529
6826,-0.424119532,-0.308567613
6827,-2.391895294,0.634591520
6828,-0.300300390,0.596203446
6829,1.007392287,-0.207871050
6830,0.273922771,-0.437518150
6831,3.925961018,-3.849459887
6832,0.083216377,-3.642610788
6833,-0.583044827,1.485877037
6834,-0.899714530,0.529862523
6835,-0.847576320,0.010666975
6836,0.677073896,2.247488737
6837,-0.446669489,0.453637302
6838,-0.247917190,1.400129676
6839,0.906757414,0.055438463
6840,0.247431427,0.547330618
6841,0.553109229,2.639906168
6842,-0.821955621,-1.889538169
6843,0.949374795,0.510998428
6844,-0.696331859,-1.198239446
6845,-0.281456232,0.106628619
6846,-0.324206084,0.104638398
6847,-1.830452323,-1.140016675
6848,1.112894535,0.389164239
6849,0.193263128,-0.401777774
6850,0.935893893,-1.587853789
6851,-0.057169866,-0.129478455
6852,2.231638670,0.101068087
6853,-0.930362761,2.576995850
6854,0.372632235,-0.799010694
6855,0.102692649,-0.568311632
6856,-0.355413526,-0.457850486
6857,0.036440313,-1.071077824
6858,3.721583128,-1.727903485
6859,0.935009301,1.338117480
6860,-0.420522213,0.889624298
6861,-0.700907171,1.348057270
6862,-2.668959856,-0.533670425
6863,0.311647624,1.253611922
6864,0.657747388,0.541384518
6865,0.129169419,-0.780924141
6866,0.266603082,-1.471234202
6867,0.609425068,1.049017549
6868,-0.422246277,-0.198375627
6869,1.684809208,0.768952370
6870,-0.416128695,1.299059510
6871,0.282084733,1.300215364
6872,-1.011327744,-0.557661891
6873,-0.752746403,-0.353349149
6874,1.063704371,-0.266789943
6875,-0.420621634,0.429603875
6876,0.765443444,0.791287184
6877,0.631408393,-1.963675141
6878,-0.580800176,0.856086254
6879,-0.091322802,1.899005294
6880,1.841938376,-0.354128182
6881,0.395461768,-2.025382757
6882,-1.182532549,-1.900095701
6883,1.256188512,0.690275908
6884,-0.072638541,-0.150315434
6885,-1.411558390,1.022738576
6886,-2.252336502,-1.290886521
6887,0.226875871,-2.067441702
6888,-2.114871740,1.623686314
6889,-0.091109410,-0.189605311
6890,-0.672915220,-0.280975521
6891,0.287054420,-1.842966199
6892,-0.720532775,0.230105534
6893,2.852189541,2.692943811
6894,0.885335565,-0.162827685
6895,-0.874098003,-0.335948139
6896,0.501966357,0.818303823
6897,-0.046868276,1.036335349
6898,0.091518089,0.136284664
6899,0.353790373,-0.587672114
6900,0.717880607,-1.067782879
6901,-0.060921278,0.538011730
6902,1.090105534,-1.135590553
6903,1.079414845,-1.012365460
6904,-0.025380073,0.911686003
6905,1.194773078,-1.271962285
6906,-1.317178130,0.579639137
6907,-0.882684410,1.010710835
6908,-0.397132576,2.830450773
6909,-0.032624085,1.754393697
6910,-0.819391131,0.429213196
6911,0.825769186,1.346080542
6912,-1.204117417,2.672104359
6913,-0.237080216,-1.758273482
6914,0.787309051,0.930150867
6915,-0.591646194,1.332997322
6916,-0.779334426,0.543715060
6917,0.360676140,0.400195837
6918,-0.607825518,-0.369692653
6919,1.044026613,1.076503515
6920,0.332648367,-0.483300209
6921,0.132407844,-0.935153425
6922,-0.347447485,-0.019529555
6923,-0.044336326,0.245048597
6924,-1.666337609,-1.720442533
6925,-0.025381509,-0.177058518
6926,0.518156707,-0.362955183
6927,-2.034317970,1.124346614
6928,0.946010768,0.603004813
6929,0.829501331,2.384258747
6930,-0.435594052,-1.810841799
6931,0.313173681,0.291401595
6932,0.363608181,0.084622331
6933,-0.330983460,0.035156570
6934,0.109608278,1.205262423
6935,0.853475451,0.854093552
6936,0.941877663,-0.683078051
6937,-0.236150160,-2.084344387
6938,-0.426056057,1.319714308
6939,1.539552450,0.001641681
6940,0.104317121,2.017498732
6941,-0.363702565,-0.207539394
6942,2.385380745,2.847064257
6943,-2.831293583,-2.318858147
6944,-0.975177407,-0.679764330
6945,2.201423645,2.124056101
6946,-0.825497687,1.507696509
6947,-1.861070991,-0.374488860
6948,0.223239645,-0.846280754
6949,0.464580387,-0.222912252
6950,-0.209052444,-1.262847066
6951,0.059719045,3.422946930
6952,0.753938198,0.631117165
6953,2.597846746,-0.719336331
6954,1.380597472,1.466997504
6955,0.343517005,-0.307087541
6956,0.819689631,-0.857835710
6957,2.261615276,1.027793765
6958,-0.153001323,0.084643997
6959,1.887431502,-0.603317976
6960,0.753690362,0.589932442
6961,1.037399411,-0.198572725
6962,-0.997579932,0.006674754
6963,-0.681062937,-1.657936811
6964,0.310616106,-0.104353681
6965,0.119566329,-0.960879385
6966,-0.548142433,0.569673717
6967,2.367431641,1.671465635
6968,-1.121420383,0.369541377
6969,1.217374921,-0.395726144
6970,0.348062605,-1.437202096
6971,0.436540872,0.274386674
6972,0.240093917,-1.625704050
6973,0.176916465,-0.207067043
6974,1.267514229,-0.828989327
6975,0.016448615,0.833960950
6976,0.407476187,-0.506815076
6977,-0.030359954,-0.668596506
6978,-1.338069201,0.098008886
6979,-0.079108000,0.153451905
6980,2.211962938,0.549737096
6981,1.372940540,0.849729240
6982,0.148900673,0.102292538
6983,-2.910235882,0.911332488
6984,2.601061344,-0.035395391
6985,0.007338131,-0.123672366
6986,0.707278311,1.573303461
6987,1.190930247,-0.408701420
6988,-0.517290175,-0.201487303
6989,1.116826773,-0.186730474
6990,0.934981406,0.401437491
6991,-1.140365124,-0.418616772
6992,0.774716854,-0.154721841
6993,-0.295624197,0.075380296
6994,0.042780630,0.911314368
6995,0.804691136,0.396441042
6996,0.100095652,-0.293683529
6997,0.787229657,0.678545475
6998,0.200850204,1.167268395
6999,-0.775408268,-0.834276676
7000,0.051994201,-0.487997413
7001,-1.174465656,1.888562322
7002,-3.504480124,0.206098378
7003,-0.205151290,-0.491065234
7004,-0.028762626,0.354938924
7005,-1.064889312,1.040379047
7006,-1.519009948,0.834532082
7007,-1.502605915,-0.825747311
7008,-0.310718805,-1.303206682
7009,0.957763851,1.439572334
7010,0.881494164,0.552758336
7011,0.031459652,-0.220975474
7012,1.809682369,1.721716046
7013,0.125092581,0.562950253
7014,-0.510859251,-0.870247960
7015,-0.350382924,0.719472945
7016,-2.094659328,-0.304735243
7017,-0.508101583,1.667578578
7018,0.865204930,-0.030439414
7019,-0.667350769,0.986387491
7020,-0.219937548,-0.927120268
7021,-0.612753749,-0.676086545
7022,-0.818402290,-1.044820428
7023,-0.902941346,-0.432837188
7024,1.014591217,-3.506643295
7025,-2.806454897,0.498461753
7026,1.060200930,-0.289665520
7027,-1.739432573,-0.856711686
7028,3.747182608,-1.729719758
7029,0.192559376,0.122080289
7030,-2.520935774,-1.633080959
7031,0.554026186,-0.276292801
7032,0.013667502,0.160976902
7033,0.646323860,0.549358845
7034,-0.550119698,0.849089444
7035,0.788469434,-1.023035765
7036,0.108788401,-1.749211192
7037,-1.208614111,0.952080965
7038,-2.039946795,0.417524666
7039,-0.392873764,0.623994648
7040,0.509641469,1.119419217
7041,0.103471324,1.115786076
7042,0.434619993,0.796555042
7043,0.395546019,-0.566361129
7044,1.537548780,0.555974245
7045,-0.789351106,-0.889829278
7046,0.680298746,0.228063136
7047,0.090209141,0.915962398
7048,0.512568712,-0.442238688
7049,0.368459612,-0.530040085
7050,1.566511631,-0.815891564
7051,0.268323660,-0.905509293
7052,2.607891321,-2.641463280
7053,-0.809457958,3.466330290
7054,0.058843933,-0.194559947
7055,-0.154098332,-0.269006401
7056,1.216336131,0.516937256
7057,1.325551987,2.360322475
7058,1.203846216,0.155740380
7059,2.452559948,-0.617450714
7060,0.123406939,0.461175412
7061,-0.560359478,0.221935838
7062,0.658977330,0.483038306
7063,1.730502367,4.113165855
7064,1.351048827,-0.147192106
7065,0.197949126,0.174866006
7066,0.141907617,-0.165713936
7067,0.569071412,1.296567082
7068,-0.370914519,-0.166366771
7069,-1.245925426,-0.138237566
7070,-2.172726870,-0.288088650
7071,-1.102792621,-0.954596341
7072,-1.183539033,-1.590674639
7073,-0.185462087,0.095294431
7074,-2.431859016,-0.993251920
7075,1.890158772,-0.190058514
7076,-0.473410010,0.270243019
7077,0.985400915,-1.610765815
7078,-0.902134478,0.674643338
7079,-0.927884221,4.075816631
7080,0.704230249,-0.060527265
7081,1.273495317,-0.751487374
7082,-0.907335937,-1.815951467
7083,-0.426933169,0.027320869
7084,-1.754665732,-1.920227170
7085,-1.957805157,-0.104930244
7086,-0.673921883,-0.033004098
7087,-0.553457439,-2.139840841
7088,-0.435192823,-0.103373267
7089,-0.256212920,0.179885477
7090,-1.511028171,-1.236027956
7091,1.467651367,-0.886685312
7092,2.238055229,0.315128058
7093,0.143961251,1.746579885
7094,2.078195095,-1.043014646
7095,-0.311352849,0.104926169
7096,0.359763503,-0.862479150
7097,-0.359299213,1.629414558
7098,-0.814534247,0.117760047
7099,-0.182973251,0.165446222
7100,-0.122651085,0.861750782
7101,-0.648990810,0.532431543
7102,-0.644916534,0.689238012
7103,-1.610040665,-2.479125977
7104,0.384955704,-0.970699787
7105,-0.590518057,-0.330354512
7106,-1.034451365,-1.731388807
7107,-1.471179724,-1.816289306
7108,-0.591374755,-1.674163580
7109,-0.099988438,0.341956645
7110,-0.773316979,0.732059300
7111,0.281363368,0.494582683
7112,0.114105545,-0.900466561
7113,1.222280860,0.941624761
7114,-2.024797201,-0.468802959
7115,0.528578520,2.069523573
7116,0.179942727,-0.017993385
7117,0.668495417,-1.645603180
7118,-0.337993979,0.756105900
7119,-0.108571678,-0.364583015
7120,-0.243425518,-0.001452806
7121,-0.455940932,0.719771683
7122,0.406780452,1.356115699
7123,0.188041002,-1.130007267
7124,-2.710779905,-1.234764338
7125,0.617886305,-1.316996813
7126,-0.249057844,0.012506240
7127,1.108493090,0.824048221
7128,0.744458377,0.618130028
7129,1.363000274,-0.122687146
7130,-0.973092437,2.486660719
7131,0.571124434,0.023081813
7132,3.125441551,0.162740156
7133,-0.547904491,1.007389545
7134,-1.228974104,-0.095316924
7135,-0.617740989,-0.028985487
7136,-0.083851144,-0.185743138
7137,-2.544183254,0.451648533
7138,3.263275623,3.087897301
7139,0.479664713,0.402561843
7140,-0.907936931,0.153189376
7141,-1.451241612,0.540916085
7142,1.171571255,-1.838830471
7143,0.694575906,-0.915170312
7144,-2.093758106,1.325889349
7145,0.737423778,1.148463011
7146,-0.784730613,-0.768507957
7147,1.061945319,-0.802462637
7148,0.050751790,-0.211002782
7149,1.301263094,-0.902942419
7150,0.721594989,1.472990751
7151,0.841293573,0.433354944
7152,0.923232555,1.777891517
7153,0.189199656,0.390662640
7154,0.232252523,0.073757276
7155,-1.283202052,1.637205720
7156,0.883727491,0.267868072
7157,-0.687432706,4.595093250
7158,1.874093533,1.221735358
7159,-2.045013428,0.042479359
7160,4.546092510,3.135775328
7161,-1.170298576,-0.997754633
7162,0.477795333,-0.766015530
7163,-0.604838133,0.236607641
7164,-0.281982213,0.772741497
7165,-1.120625377,-0.343702018
7166,-0.007279304,0.165790901
7167,-0.348288029,-0.254400909
7168,-0.778866887,-0.103599556
7169,0.213861704,2.072831631
7170,-0.066864260,-0.291620374
7171,-1.141781330,-1.705871940
7172,0.120921239,-1.173956513
7173,-0.296247065,-0.116831169
7174,-1.668080807,0.901246011
7175,1.131482005,0.916371047
7176,-0.963155389,-0.495082140
7177,0.189602882,-0.596975863
7178,-1.730677485,0.083764136
7179,-0.085760728,-0.384016365
7180,1.328995943,0.709241092
7181,-0.413200021,-0.520982981
7182,3.136880875,0.617234647
7183,-0.335079432,-0.272489518
7184,-0.419727355,0.001944332
7185,0.222239703,-0.552788317
7186,-1.713792920,2.134247065
7187,-1.550515652,-1.505578876
7188,-0.178939402,-0.014990590
7189,-0.980857432,0.394771665
7190,-0.565871179,1.146298647
7191,-0.300852180,0.357825965
7192,-0.070516475,-0.760101736
7193,-0.042232398,0.176114559
7194,-0.373648405,0.337844014
7195,0.970621645,1.074186444
7196,0.837351382,-1.646886230
7197,0.403429925,0.267312527
7198,-1.521553516,-0.468620390
7199,0.096610837,-0.272591650
7200,-0.069595344,0.165413827
7201,-0.339161307,-1.447052240
7202,-1.003175497,1.112306714
7203,-0.124085888,-0.043361854
7204,-0.261995345,0.031782657
7205,-1.515510917,0.308839798
7206,0.854234576,0.118797921
7207,2.348443270,1.431343317
7208,1.651326537,0.635447919
7209,0.378614783,0.699271142
7210,0.004995890,-0.190342546
7211,0.391486406,1.251046777
7212,0.480544835,0.591690004
7213,1.282276392,0.124656603
7214,-0.508823097,2.278032303
7215,3.197334528,1.744704366
7216,-0.110016227,-1.250861883
7217,1.152220249,-0.336037755
7218,-2.897020102,0.281676471
7219,0.168753996,0.131346345
7220,0.672602117,0.537451982
7221,0.621347308,-0.343930066
7222,3.531996012,-0.867797613
7223,-0.634880424,-0.882571220
7224,-0.723603129,0.152663648
7225,-1.343607306,1.101558089
7226,-1.282384515,0.574148417
7227,0.699527919,0.712507665
7228,-1.004347324,-0.956930459
7229,0.192736551,0.439410836
7230,-0.578895450,0.583600402
7231,-0.330600917,-0.247431576
7232,-1.699295759,0.519431829
7233,1.066636562,1.961910605
7234,0.700271428,0.148418620
7235,0.152261212,-1.565237880
7236,-0.171817496,0.014180343
7237,0.521872640,-0.154112861
7238,0.740836501,2.013359547
7239,-0.178388968,0.201665744
7240,-0.084354721,2.205185413
7241,1.084704518,-2.274128199
7242,1.878544092,0.099403940
7243,-1.251528025,1.029432893
7244,-1.293671846,1.302432179
7245,-0.010352992,-0.232136101
7246,-2.124024868,1.546281576
7247,0.939501703,-0.267137706
7248,0.323350400,0.104167610
7249,-0.893406808,0.328341782
7250,-0.014839445,0.469899237
7251,0.631309867,-2.328771830
7252,1.499657154,-1.133996725
7253,0.229016587,-1.676745057
7254,2.192760944,-2.524114370
7255,-0.162102163,-0.341815561
7256,-2.033890009,2.317374945
7257,-1.287867308,0.483606726
7258,-0.193743378,-0.070116788
7259,-0.474083453,0.305170298
7260,-0.047277063,0.608436346
7261,-1.018638730,-0.236745760
7262,-1.394895315,-1.180628181
7263,2.944294453,-0.670805871
7264,0.314804256,-0.163740680
7265,0.302235991,0.364207596
7266,1.340733886,-1.472077847
7267,1.281707287,-1.887770057
7268,0.535120070,0.067391083
7269,-0.091180332,-1.691774011
7270,1.207275748,2.436908960
7271,0.323966801,-2.524191856
7272,0.166079789,-2.275282860
7273,0.159087330,0.505557656
7274,-1.054980874,-0.513314068
7275,0.703861415,-0.685032547
7276,-0.353927106,0.314060450
7277,-0.316713929,-0.809308529
7278,0.611357033,-0.858765304
7279,0.071629539,-0.945329130
7280,-0.978369176,-0.062781736
7281,-0.612684429,-0.733336389
7282,-0.758565009,0.089073673
7283,-1.924619913,0.538925231
7284,0.564057350,0.841983438
7285,-0.038099241,1.461499810
7286,-0.494277030,0.413987279
7287,0.910395503,-0.400289774
7288,1.231343627,-1.787432313
7289,-0.525442302,-0.183932081
7290,0.281606615,-3.404978037
7291,-1.837018371,1.070748210
7292,-1.707073927,0.492756993
7293,-0.398542106,-0.669556499
7294,0.919514060,1.287535191
7295,-0.832480073,-2.010917902
7296,-0.883547723,-1.699038148
7297,-0.207430154,-0.560556591
7298,0.190341696,-0.025785545
7299,0.550539792,0.862315238
7300,-0.581555188,1.201859593
7301,-0.691954970,-1.301059008
7302,0.292688072,0.716827214
7303,0.207280234,-0.506808221
7304,1.096795082,1.254277349
7305,0.207655862,0.772108853
7306,-0.087543182,0.223610163
7307,-4.509335995,-2.325744629
7308,1.176335931,3.194019794
7309,0.683598757,-1.056440949
7310,-0.118360110,0.490966797
7311,-1.922699094,-0.444065869
7312,-1.786169291,0.842119217
7313,-0.015723711,1.348226786
7314,-1.097252727,-0.472644448
7315,-1.448515534,1.406217098
7316,-1.567347765,0.958849013
7317,-0.675834119,-0.072138600
7318,0.463909924,-0.996661544
7319,0.658423781,-0.647243142
7320,1.240266323,0.463004321
7321,0.223980039,0.388439149
7322,0.330095142,0.501973391
7323,-0.526056528,-2.097810030
7324,-0.355701864,0.999186099
7325,-1.554967880,-1.333383799
7326,0.516229987,0.037928104
7327,1.746591449,2.934988976
7328,0.565977216,-0.631683350
7329,1.168897033,-1.255516171
7330,0.048903354,-0.492041230
7331,2.937671900,-0.576016068
7332,1.266798615,2.783966303
7333,0.384767830,-0.780393302
7334,0.610777318,1.313770890
7335,1.192925811,-0.156129777
7336,-1.914432287,-0.497042865
7337,0.414388299,1.964698792
7338,-1.650037766,-0.341014624
7339,1.309486508,-0.410487741
7340,-0.391067713,-1.908161402
7341,-0.624964297,-0.577753663
7342,2.324626923,-1.087656021
7343,-1.417201400,0.729994357
7344,-1.388518095,-0.787506759
7345,-0.167105362,-1.489833355
7346,0.573136330,0.357440799
7347,-0.786804855,-0.245078996
7348,0.556773126,-0.572701454
7349,0.845126152,2.818672657
7350,0.076973483,0.138344228
7351,-1.628867269,2.616882563
7352,0.518056512,1.559536338
7353,-0.224105880,-0.145140484
7354,-0.332719922,3.248540163
7355,0.490315825,-0.255281687
7356,-0.048317846,-0.849287450
7357,-1.533472776,0.823611796
7358,0.073892102,-0.138468191
7359,0.265937150,0.678987622
7360,-0.543565273,-1.575114131
7361,-1.998407245,-0.127899066
7362,-0.125264019,-1.123409867
7363,0.036688548,-0.056803048
7364,0.203772649,-0.306531370
7365,1.940581322,1.082025647
7366,1.644378543,1.906464577
7367,0.074118659,-0.334993839
7368,0.101712294,-0.436441422
7369,0.720838070,1.171834588
7370,1.052834153,0.608058631
7371,0.141556233,1.405403852
7372,-0.214247331,-0.668559670
7373,0.467693895,0.626614094
7374,-3.119609833,0.769759417
7375,-0.004554593,0.357457131
7376,-0.378293276,-1.123538136
7377,0.537713528,-0.052171558
7378,-0.545305490,-0.546852112
7379,-0.322979540,-1.392596364
7380,-1.323941946,-1.009963632
7381,0.401745200,-0.221124411
7382,-1.357059479,-1.176475525
7383,0.697063148,-0.686339676
7384,-0.601398230,-0.342903525
7385,-0.179423705,0.127853706
7386,0.313201725,0.171523646
7387,-1.073913097,-3.570062876
7388,1.489952445,-2.134211779
7389,0.526607394,-0.615649283
7390,-0.164930418,-0.802759707
7391,0.155058265,-0.548080087
7392,-2.640906334,2.753230572
7393,-2.511506319,-0.985092759
7394,0.754571795,0.856237352
7395,-1.602924228,-0.886275232
7396,-0.269095927,0.120189399
7397,0.145000547,-0.134412050
7398,-0.576587915,1.721446157
7399,-0.985139549,1.078406572
7400,2.769695520,-0.036477312
7401,-0.542537510,-0.746285319
7402,0.039898667,-0.311362296
7403,0.004536869,-0.162311912
7404,0.406080961,-0.060066566
7405,0.274019867,0.619346261
7406,-0.305644065,0.107611053
7407,0.802861929,-0.453094363
7408,-0.350402981,-0.002519266
7409,0.763077915,0.265284598
7410,1.432885170,0.761983931
7411,-1.211250186,-0.893583834
7412,-0.785022676,-3.466625452
7413,0.365239412,-0.127165005
7414,-0.264189988,-1.654563427
7415,0.964709818,0.294307888
7416,0.025354953,1.236457109
7417,1.106858730,0.071335077
7418,0.220171437,0.586968720
7419,0.546429336,0.996686339
7420,0.593837738,0.512631834
7421,1.129184008,-2.514459848
7422,-1.130856752,1.765445828
7423,0.247309268,-1.034424067
7424,0.315871805,-0.164675325
7425,0.670217931,-0.277166039
7426,-1.149562001,0.201804578
7427,-0.647254884,0.317045867
7428,-0.210413620,-0.525680661
7429,1.795525670,0.296347052
7430,1.246905327,-1.070676804
7431,1.237885475,-2.030174017
7432,-0.006074561,0.611582994
7433,-1.814220786,-1.668885946
7434,-1.428455591,1.504969954
7435,-0.171005175,0.082985751
7436,1.027452946,2.148210764
7437,-0.895583987,1.119162679
7438,-0.083581150,-0.937069774
7439,1.461862564,1.338282347
7440,-0.042098615,-0.551291764
7441,-0.570610404,0.947724164
7442,-0.418421745,-0.170540482
7443,0.098120615,-1.405373573
7444,-1.488713384,-1.005726814
7445,-0.828829348,0.167721435
7446,1.191152334,-0.325562149
7447,-0.208262354,0.163570598
7448,-0.534126997,-1.558474898
7449,1.836534142,0.365281105
7450,-1.719159007,0.014207667
7451,-0.380592883,0.114088818
7452,0.948938549,1.583389759
7453,-0.838401258,-1.922247410
7454,0.340722889,-0.551879942
7455,-1.965644717,-2.389529705
7456,1.566748142,-0.153034329
7457,0.892010748,-1.026602149
7458,-1.122123718,-0.866439402
7459,-2.648921967,-2.941123009
7460,-0.099372424,0.803204119
7461,0.853039742,-0.644597411
7462,-0.398967981,-0.325854868
7463,0.522845089,-1.460579276
7464,2.368249178,-0.379734784
7465,0.190029368,0.040096611
7466,-0.124076694,-0.139333755
7467,-0.444199055,1.109915137
7468,1.306041360,-0.195696563
7469,-0.611730754,-0.580580413
7470,1.529271126,-0.223770440
7471,-0.203588307,2.989140272
7472,-2.197644711,0.050339952
7473,0.667091370,0.246517345
7474,-2.091525316,0.002946394
7475,0.068538837,-0.194887340
7476,0.082899876,-0.491930991
7477,-1.710384250,1.032738805
7478,0.250421077,-0.188514680
7479,-0.125598446,-0.415975004
7480,-0.785474777,0.149036318
7481,1.086791158,-2.025280476
7482,-1.904440284,0.458175778
7483,-0.707216859,-1.534988165
7484,-0.574991047,-0.518661916
7485,0.442020386,0.101889156
7486,-0.172954142,-0.094573081
7487,-0.623655617,0.825434029
7488,1.063275218,1.813811898
7489,3.059092999,1.260354877
7490,1.464106441,0.085254453
7491,0.361966938,-0.416208476
7492,0.596160054,0.534171343
7493,-1.366781592,-1.319864869
7494,0.289311349,-0.240167648
7495,-1.167176366,0.426585883
7496,0.858577311,-1.006203771
7497,0.030683653,-0.684047222
7498,0.974885225,1.540892124
7499,-0.628556967,-1.091022015
7500,1.064499021,-2.221868277
7501,-0.863596737,0.438996196
7502,0.299326658,1.622097969
7503,2.671321869,2.007057190
7504,-0.333744287,-0.619094431
7505,-1.030770898,2.248463869
7506,-0.884621859,0.869052470
7507,-0.744935989,-0.093261585
7508,0.408192486,1.883238554
7509,-0.097048678,0.431171745
7510,0.661202431,-0.136962980
7511,-0.198248759,0.598324060
7512,-0.043943278,-1.037291169
7513,0.643317878,1.617616773
7514,-1.091901302,0.194316298
7515,2.673886299,-1.788273931
7516,-2.287871599,-1.868844509
7517,1.597904801,-1.364665747
7518,0.379601538,-0.914410770
7519,0.166784331,-1.341766596
7520,-1.582432151,1.117639065
7521,-0.084778741,0.195687622
7522,-0.045162946,0.162655205
7523,-3.573044777,-0.408181429
7524,0.095598809,1.538785219
7525,-0.044902582,0.844182491
7526,-0.000095356,0.239079773
7527,-0.664591312,-0.880854309
7528,-1.123258233,-0.711803973
7529,0.176067263,-1.155050635
7530,0.137599736,0.447069436
7531,0.030781155,0.667335987
7532,-1.870277882,0.910374999
7533,0.167160422,1.455863953
7534,0.961353183,0.502346754
7535,-0.581908584,-0.337981105
7536,0.745075941,0.557147622
7537,0.375895947,-0.532484233
7538,-1.147138476,0.094218895
7539,-0.087150723,-1.275342703
7540,0.444297075,-0.332743913
7541,-0.207805082,0.378716350
7542,0.367012829,-0.036927629
7543,-0.665771544,2.548317909
7544,-1.930849910,-1.043274641
7545,2.809167862,0.862155437
7546,0.680738807,-4.497981071
7547,-1.634168148,-0.311475158
7548,-0.944161892,0.894800186
7549,-0.691578507,-0.184180707
7550,0.878566742,-0.421909332
7551,1.503287911,1.700238228
7552,-0.031846549,-1.450469494
7553,-1.080254793,-1.005331516
7554,0.262806803,-0.948749959
7555,1.231575489,1.048994541
7556,-1.599965572,1.797591448
7557,0.563813567,-2.426824093
7558,-2.797668219,-0.549726546
7559,-0.127488896,-0.627824783
7560,-0.474902809,-0.589700341
7561,0.667794049,-0.596491694
7562,0.783248186,-0.221174002
7563,-2.251862049,-4.249477386
7564,-0.915589571,0.128179118
7565,-0.084314629,-0.465429574
7566,-0.519316375,1.906724334
7567,2.127392769,0.795083702
7568,1.253009439,0.809899867
7569,0.232776925,-0.872639358
7570,0.792504907,1.660764813
7571,0.327349991,1.608170152
7572,1.360948086,-1.373487353
7573,-1.549461246,2.294559002
7574,-2.224911213,-0.498631805
7575,0.998177946,0.510748267
7576,-0.457551301,0.823578119
7577,-2.265423775,-4.188992023
7578,-1.380952358,-0.798638940
7579,0.161643505,0.286713213
7580,-0.057144273,0.265577883
7581,-1.362095356,2.170190096
7582,1.769399405,0.570840180
7583,-0.939979851,0.611289918
7584,1.538969278,-1.140411973
7585,-0.382625699,-0.888814867
7586,0.122990690,-2.432777643
7587,-1.306365728,-0.606062531
7588,1.010638475,0.822113454
7589,0.839868605,1.336522579
7590,-1.315910339,-1.487554312
7591,-0.205178231,-0.311664581
7592,-1.409994245,-0.456512481
7593,-0.022383945,0.972982585
7594,0.152365521,-0.103040434
7595,0.706313908,1.620316982
7596,0.717262626,0.596301675
7597,-2.227939129,3.456072569
7598,0.056772143,0.637263775
7599,1.989772916,1.173455238
7600,0.148074180,-1.688292146
7601,-0.823692024,0.001168236
7602,-0.879263103,0.839006722
7603,-1.460216165,1.306925535
7604,0.832599521,0.176490843
7605,0.908508718,-0.043119702
7606,0.273197263,-0.892865598
7607,-3.608640671,-2.942205667
7608,0.297583729,2.482332468
7609,-0.238567069,0.206760675
7610,0.434057087,0.032924138
7611,0.730847716,0.639527380
7612,2.101920843,-1.031036973
7613,0.289716691,-0.539268434
7614,1.266036272,-1.089559197
7615,1.135805130,-2.485587358
7616,0.296785533,0.509211481
7617,-1.358269811,0.336924523
7618,-0.252738833,1.708991766
7619,1.039847970,0.147142068
7620,-0.363236934,-0.241969943
7621,-0.797163844,-0.028984746
7622,-0.810336828,-0.671210945
7623,-0.436189055,0.289232522
7624,-0.870956063,0.013687192
7625,-1.574934721,0.333099127
7626,-0.320365697,2.690657854
7627,-0.857831776,-0.705791950
7628,-1.988653779,-2.162294388
7629,1.632751703,-0.635851681
7630,1.031898737,-1.956256986
7631,0.611343265,1.517298818
7632,0.517385066,0.247736022
7633,0.231318146,-2.139011621
7634,-0.044059925,0.285715550
7635,-3.406688452,1.184462667
7636,0.567027867,-0.643188179
7637,0.584187388,0.857214212
7638,0.366024286,-1.809898138
7639,0.343501300,0.008187165
7640,-1.047891259,1.020666003
7641,-0.831661046,-0.624222398
7642,-0.416836858,-0.817536712
7643,-0.376958966,-0.932837069
7644,0.211271852,-1.810020566
7645,0.434694767,0.531281888
7646,0.898970783,0.625789464
7647,-0.000357713,0.590329945
7648,-1.352839708,-1.105630517
7649,0.718602121,-1.976773620
7650,-0.048352901,0.341746181
7651,-0.171501115,2.241244078
7652,1.181248426,-0.082937352
7653,2.516396523,0.083251983
7654,2.861488342,0.832871795
7655,-0.371843815,-0.672449887
7656,0.151796669,0.205755621
7657,0.673199832,0.584846079
7658,-3.521970034,-1.669607878
7659,-2.707918882,0.943928242
7660,0.890772820,1.141362786
7661,0.858390629,-0.148998573
7662,0.214086488,0.577610672
7663,1.069909334,-0.653911948
7664,-0.233685404,-1.053897500
7665,-0.397763282,-0.182700992
7666,-2.066613674,0.798678875
7667,-0.735586226,0.273090571
7668,0.253166378,-0.203601509
7669,2.643011570,-1.271013379
7670,0.365002900,3.047507048
7671,-1.931469917,0.149519950
7672,0.623188317,0.258244544
7673,1.059223652,0.289079577
7674,0.017044380,-0.168849751
7675,-0.065468386,0.913488328
7676,-0.644295096,-0.454445928
7677,0.064222045,0.879007638
7678,-0.872231722,1.771274686
7679,-0.385228097,0.180375278
7680,0.241428807,0.187284097
7681,-0.481555402,0.657143414
7682,0.143302649,-0.177106753
7683,2.569127083,0.109547213
7684,1.801886916,-0.549338102
7685,0.886344314,-0.341234982
7686,-1.627493739,0.759645581
7687,-0.527081251,0.300180912
7688,-0.986394167,0.076445967
7689,1.884723663,-0.385625690
7690,-0.986891985,-0.814904928
7691,-0.322857857,-5.052734852
7692,0.256174624,0.835363805
7693,0.297255129,-2.557222128
7694,-0.266344011,0.968513489
7695,1.094184875,0.465222687
7696,0.006023474,-1.277685761
7697,1.481996775,-1.805176139
7698,3.585369349,0.479561865
7699,0.160741821,-0.009486866
7700,0.110797152,0.545603156
7701,-0.526458442,-0.317470938
7702,-0.716470003,-0.616562724
7703,-2.061632872,2.342717886
7704,-0.196693689,-0.300243527
7705,-1.270614505,-0.444431633
7706,-1.642403364,0.201732516
7707,0.260693610,0.307192028
7708,0.358038455,-0.389580220
7709,-0.467992336,-1.171915770
7710,-0.241422251,0.232003346
7711,0.721791863,-0.577761352
7712,-1.453490019,1.731567979
7713,0.366875559,0.897062778
7714,1.193588376,0.917171896
7715,1.706749201,-0.380705923
7716,0.276599288,0.184429213
7717,-1.493133783,-2.675684690
7718,-0.735977709,-1.996271849
7719,0.274840802,-0.013112075
7720,-0.079255246,-0.275280505
7721,-0.552664161,0.024391914
7722,0.478264362,0.896938264
7723,0.077441439,-0.506687760
7724,-1.253646731,0.025752025
7725,1.523840070,-1.728110790
7726,-0.227268964,0.517932296
7727,1.479995728,-3.849484444
7728,0.025169384,-3.453694105
7729,-0.390680075,-0.022965379
7730,0.730233490,2.112051010
7731,0.310026199,-0.037546452
7732,-0.437277824,0.010831633
7733,-0.496280968,2.960479259
7734,0.007741811,-1.844017982
7735,-0.395380974,-0.372334540
7736,-0.107167430,1.568507075
7737,-0.173118547,0.662995636
7738,0.787817061,0.062475376
7739,-0.343623400,1.455211759
7740,0.692128658,0.501267254
7741,-0.054211985,0.653171957
7742,-0.758944631,-0.895917058
7743,0.039313577,0.138672814
7744,-2.400635242,-0.070739195
7745,-0.346788675,-0.143194675
7746,-0.345504940,0.483334482
7747,-0.196365163,-1.998249650
7748,1.987491131,-1.234695911
7749,1.692608714,0.035710931
7750,2.947051525,4.232798100
7751,-1.624976993,0.120633326
7752,0.626745999,0.295443714
7753,-0.823474348,0.308011323
7754,1.481350899,-0.448188037
7755,-0.089442067,0.573758662
7756,0.457507938,0.072709113
7757,-1.862711668,0.248392448
7758,1.261183023,-0.710599840
7759,0.932989836,3.508368015
7760,-1.376614332,-3.048250437
7761,-1.199532151,2.866138458
7762,0.396849245,-1.000949025
7763,2.293222189,1.306554556
7764,2.382291317,-0.330043972
7765,1.860454082,-1.340935707
7766,0.176426679,-0.933032393
7767,0.224678010,0.812944114
7768,-0.566736758,-0.134538829
7769,-1.479088068,2.216532707
7770,2.918709040,0.392567068
7771,-3.340941429,-0.237167999
7772,-0.533278227,-0.156500727
7773,1.515126586,3.025850773
7774,-0.916070580,1.177778482
7775,-0.244463459,-0.629948974
7776,-1.849325657,-1.849980950
7777,-0.549796760,2.484618902
7778,-0.718836665,-0.409474313
7779,0.528305233,1.130863070
7780,2.628752947,0.837604821
7781,0.489098459,-0.821752846
7782,-1.406827092,-0.157910839
7783,-0.651340961,-0.436330527
7784,2.259979486,-2.325257540
7785,-0.199873686,0.109396152
7786,0.364082396,0.603498042
7787,-0.654160738,1.665043950
7788,-2.406293392,-2.050473928
7789,0.004277199,-0.067459591
7790,-1.607041359,-1.449588060
7791,0.627279580,0.345364928
7792,0.108333655,-0.833552837
7793,0.268503875,1.312043071
7794,-0.235293001,0.152695715
7795,-0.073795006,-2.201545954
7796,-0.803801417,-1.853496671
7797,0.384628385,-0.213977367
7798,-0.774552286,-0.502608359
7799,1.175436616,1.300823331
7800,-3.178780079,-0.745745659
7801,-0.884716451,2.247925758
7802,0.003813851,-0.186382979
7803,-2.787191629,-1.590735555
7804,-0.816196144,-0.479746461
7805,-0.866434216,-0.143588766
7806,-1.008385777,0.083194010
7807,-0.808170378,1.425450683
7808,0.183128238,-0.398841172
7809,0.022968734,-0.541318178
7810,0.461857557,-0.106319040
7811,1.835325122,0.324580461
7812,0.822366476,-0.009509715
7813,0.606678486,-0.579337716
7814,0.919211507,1.210300803
7815,0.944552720,-0.268563837
7816,0.063932121,-0.387582093
7817,0.757610083,1.274588943
7818,0.710482597,-0.179570660
7819,0.977169633,0.963804364
7820,-1.746515393,0.631710589
7821,1.846317053,-0.555864990
7822,-0.234558672,-0.108496018
7823,2.018839359,-1.044977427
7824,1.032306910,-0.527475178
7825,2.021104097,-0.499102175
7826,-0.022572255,-0.496062785
7827,-1.333397865,-1.113764167
7828,0.732158601,0.694540918
7829,0.366365582,1.207520962
7830,0.037211735,-0.689154267
7831,0.149020463,0.090218350
7832,-3.456044436,-0.338542014
7833,-0.926931798,2.975201845
7834,1.181327224,1.748068690
7835,2.365063906,-0.258451939
7836,0.140853629,-0.181608319
7837,1.382835150,-0.721176445
7838,-0.566162169,-0.395827115
7839,-0.098216183,-0.136130258
7840,-2.264677048,2.092317104
7841,0.798972964,-1.801464558
7842,0.134418830,-0.539213240
7843,0.957188904,1.709301829
7844,0.437921524,2.351799488
7845,-0.657543004,-0.393132150
7846,0.178298086,-0.118960120
7847,-0.671137750,-1.134090662
7848,1.750702381,-1.414679766
7849,0.547896326,-0.188515931
7850,0.011046319,-0.351723373
7851,-0.032101158,0.316107750
7852,-0.021352891,-1.390208483
7853,-0.418872982,0.112470806
7854,-1.579472423,0.748916745
7855,0.752712965,-0.310349613
7856,0.216819152,-0.419267654
7857,2.524535894,1.141302943
7858,-0.191973701,-2.475257635
7859,0.019280119,0.610408008
7860,-1.333653331,1.528265476
7861,1.789744377,0.748366237
7862,-0.613386333,-1.518547177
7863,-3.437214613,1.304849267
7864,-0.085062131,0.398333073
7865,-0.739575446,0.175061822
7866,-1.463980913,1.550509214
7867,-0.627767980,1.229030728
7868,1.821114540,0.977030337
7869,-0.663995206,-1.000691056
7870,-0.353138745,1.931900024
7871,0.989367127,-1.350945115
7872,1.317647219,-1.955373049
7873,-0.851287663,1.425542712
7874,-0.938146353,-0.186076999
7875,0.163092792,-0.284960717
7876,-0.803232789,-1.390500188
7877,0.980128169,-0.083486520
7878,-2.728944302,1.242402434
7879,2.091722250,1.001918197
7880,1.173108935,-0.385094404
7881,0.236686125,0.327103764
7882,0.510782361,0.080062166
7883,-0.042410422,-2.117686510
7884,0.616781712,-0.158604294
7885,2.048944473,0.222534463
7886,-1.759023786,-0.991394281
7887,-0.166427046,0.585230112
7888,0.969693244,0.527554393
7889,-0.025166923,-0.349076480
7890,-0.333424151,0.399407357
7891,-0.225125790,0.238617241
7892,-0.397497743,-0.626588047
7893,-0.856387675,-0.085857436
7894,0.402904242,1.229431033
7895,0.070316948,-2.217310429
7896,-1.017653346,-0.098992355
7897,0.692922354,-0.210116357
7898,1.242194533,-2.873024702
7899,1.240536094,1.963143945
7900,0.275562078,-0.804968596
7901,2.759153605,2.140672207
7902,0.494723529,0.153828934
7903,-0.263130873,-0.165002972
7904,0.065219685,-0.073211953
7905,-0.751457512,0.412518859
7906,0.481438011,-0.250573337
7907,0.966450334,-0.414330870
7908,-1.286833286,-0.830706954
7909,0.488883436,-1.018649220
7910,-0.538097024,0.751509368
7911,-0.254762262,0.056111321
7912,0.578973174,0.640180230
7913,-0.321361542,-0.309561193
7914,-0.289247632,0.653411508
7915,1.499555826,1.298156500
7916,1.818587899,-1.151691079
7917,-1.324226260,-0.905901611
7918,1.451183081,-0.454590827
7919,2.443652630,0.193401039
7920,0.008218950,0.298882544
7921,-0.515268266,-0.825311780
7922,0.409632206,0.810778141
7923,0.292401195,-2.400260687
7924,-0.338701606,-0.720200658
7925,-0.163334772,0.279641896
7926,1.031682134,-0.569868207
7927,-0.477121264,1.979866266
7928,-1.229305983,-0.474592298
7929,-0.442900538,-0.191203162
7930,-0.398869634,0.974709988
7931,0.242731616,3.593628168
7932,0.779267728,0.972931027
7933,-2.609329939,1.044647336
7934,-1.015284181,-1.944482327
7935,-0.865069807,1.044451594
7936,-1.828693151,-0.967762768
7937,-1.810619354,-0.075632647
7938,0.298862725,-0.280947983
7939,-1.699065447,-1.792408109
7940,-1.492006302,-0.067495383
7941,0.965423107,0.071002729
7942,-1.019754529,-0.280068696
7943,-1.732918501,-2.465090275
7944,0.303468406,-1.190713167
7945,0.166485175,0.585208058
7946,-0.355899125,0.950725198
7947,0.395666391,-0.106467031
7948,0.505483806,-1.321257472
7949,-0.526166916,0.587401807
7950,0.828347623,0.276902139
7951,-0.030367902,-1.045957923
7952,-2.137181759,-2.671907902
7953,-0.234664679,-0.156404182
7954,-0.296348333,-0.280863196
7955,2.728002548,-1.458544731
7956,-1.392284632,-0.100593634
7957,-0.390871286,0.732553601
7958,0.426500291,-1.493968368
7959,-1.414273739,-0.563484848
7960,2.224227190,-0.904525578
7961,-0.576252460,-0.480689883
7962,2.549583435,-1.438371301
7963,-0.271163672,-1.800594568
7964,1.416046143,1.122599363
7965,1.388506293,3.133834600
7966,-0.484532833,-1.695805669
7967,1.045638323,0.063738756
7968,0.157947510,-1.059020400
7969,1.785861254,1.251448393
7970,-1.596064210,0.037136775
7971,-0.608119547,-1.303477526
7972,1.284604669,-1.336959243
7973,0.001094146,-1.879496932
7974,1.128663540,0.705772042
7975,0.180299044,0.032614313
7976,-0.063951910,0.202404842
7977,-1.125527382,-0.082709052
7978,2.969342947,-2.231189728
7979,-0.076588973,3.052866697
7980,-1.145924211,-0.481082290
7981,-0.320540577,1.409931064
7982,-0.015366868,0.214242324
7983,2.800931454,0.262039065
7984,-0.404275715,2.005509377
7985,-2.023411274,2.125808954
7986,1.820582151,0.056371924
7987,-1.640716910,-0.794549286
7988,-0.730077267,-2.970029116
7989,1.273269296,-0.131758779
7990,0.918096542,-1.801068783
7991,1.370501161,1.477482677
7992,-0.120258279,0.362342030
7993,2.157666206,0.452169210
7994,-0.384369731,-0.025975851
7995,-1.113337517,-0.055370100
7996,-0.377024084,0.230261892
7997,0.133447856,0.134050339
7998,-2.173271894,1.033840537
7999,0.435723722,2.347124577
8000,-0.762134969,-2.037252665
8001,1.035495400,2.134513378
8002,-0.624677896,-2.156941652
8003,-1.854240417,0.382840276
8004,-1.221741080,0.891397655
8005,0.608559132,-0.035639111
8006,-0.609044552,-0.745858848
8007,0.058040030,-1.795908689
8008,0.121448174,1.996282101
8009,0.580175281,3.430324316
8010,0.819023252,-0.197229698
8011,-1.142435193,0.937961578
8012,0.783691645,0.794586658
8013,1.519329786,-0.633477807
8014,-1.432057858,-1.078913808
8015,-0.974884450,-1.102875471
8016,1.464588165,0.107169159
8017,-1.383084774,-0.300621450
8018,0.314054042,0.781257272
8019,0.297748744,-1.586039543
8020,0.957557976,-1.127026439
8021,-0.972818553,0.393123686
8022,-0.231897086,-0.864302814
8023,0.538324356,1.156522870
8024,-1.659366965,-1.534855723
8025,-1.120443106,0.378380150
8026,-0.169212863,-0.655667484
8027,-2.549667120,-1.321311474
8028,-0.215089798,2.610358238
8029,0.355220973,-0.134013221
8030,-0.810361683,-0.233413175
8031,0.621206105,2.263821840
8032,0.587109983,-2.402436972
8033,1.625341654,-0.287610024
8034,-1.340173841,2.114309072
8035,-1.662880898,0.539720118
8036,-1.670138478,1.499404669
8037,0.133402109,0.272046804
8038,0.306179225,-3.032483339
8039,-0.377965301,0.184305847
8040,-2.108529568,-3.737617254
8041,0.057688862,0.276971072
8042,-2.049340487,0.642838359
8043,0.153594196,-0.080473065
8044,-1.579677820,-1.102455974
8045,1.688249707,2.546150923
8046,-0.228078827,3.021518469
8047,0.238731161,-0.189373940
8048,-0.243837640,-0.035964601
8049,0.937911570,0.348570257
8050,0.142771989,0.644363165
8051,0.012377617,-1.362686753
8052,3.167657852,-0.905294955
8053,1.455309510,0.492887527
8054,0.092257299,0.579741359
8055,0.707196891,0.386861712
8056,-0.031581592,-2.036328077
8057,0.624464273,-1.532207012
8058,-0.211186051,0.564874530
8059,-2.142441511,-1.876829505
8060,0.426244944,-3.684226751
8061,-1.180973291,-0.178232387
8062,0.152939856,-2.295392275
8063,1.349218607,-0.236929715
8064,0.000972521,0.517796099
8065,1.735689044,1.459646225
8066,-0.633610249,-1.395018816
8067,1.929857612,-1.387434244
8068,-2.177073479,-0.039656747
8069,-2.482677937,-2.555615425
8070,0.921418071,1.987318277
8071,0.978810072,-0.153764054
8072,-0.819121957,1.425669193
8073,1.498339176,-0.933992624
8074,0.416574895,-1.413756847
8075,2.591022730,3.970354795
8076,0.148560911,-0.544651866
8077,-0.817171931,-1.322944880
8078,-1.096260190,1.720624447
8079,-0.157880634,-0.299012780
8080,-0.095433280,-0.594248533
8081,-0.770144224,-0.497251511
8082,-1.989339590,-1.758042574
8083,0.388189405,-0.807852924
8084,0.450306356,0.768631697
8085,-1.486330748,0.129839182
8086,-0.975162387,-0.299995512
8087,0.029808054,1.165068388
8088,1.714197516,-0.630700290
8089,-0.126447201,0.298074335
8090,-0.566064477,1.156824350
8091,-0.647940576,-1.262300134
8092,-1.347716808,-0.406404018
8093,0.321972162,-0.544336438
8094,0.716747582,1.018244386
8095,-1.628562093,-0.944513261
8096,0.024437902,0.144765243
8097,-2.062273026,-1.695534348
8098,0.593125284,2.647916555
8099,0.408430785,0.460832268
8100,0.552026749,0.458121628
8101,-1.741803288,0.597836018
8102,1.577197433,-0.123858504
8103,-2.512920618,1.403314114
8104,-0.569642305,1.016024470
8105,2.967455626,-0.984361768
8106,-0.534151912,-3.179748297
8107,0.229780808,0.922445118
8108,-1.248191476,-1.935868859
8109,3.510148048,1.329273105
8110,-0.252429485,0.126166999
8111,0.270210266,0.394967705
8112,0.149094656,-0.239249349
8113,-0.521423280,0.208849683
8114,-0.078513719,-2.418569088
8115,1.065520763,-1.000566721
8116,0.595477641,2.031870127
8117,0.611832023,0.125096798
8118,0.119143553,0.104215078
8119,0.886905909,-0.448455602
8120,-0.697877109,-1.847533345
8121,-1.101488829,0.480810523
8122,1.003829479,0.464113653
8123,-0.899828851,-0.971540213
8124,-0.547823191,-0.887688100
8125,-0.642524064,-1.316983819
8126,0.039309636,-0.208569705
8127,0.533224821,1.012348175
8128,1.055625439,-0.650268376
8129,0.326782405,-1.713227987
8130,-1.136435628,-0.738840759
8131,0.562873721,1.652233839
8132,-0.531437993,1.346469879
8133,1.372580647,2.318472147
8134,2.395542860,1.410508275
8135,-0.985881388,-0.439480662
8136,0.701832473,2.078125477
8137,-0.905214548,-0.780065298
8138,-0.297772676,-0.899747729
8139,0.046778087,2.194925547
8140,-0.433356494,0.217973307
8141,-1.829171896,-1.317908764
8142,-5.049887180,1.740789533
8143,-0.740611315,1.680711150
8144,-0.210442737,1.500239015
8145,-1.053998590,1.061345935
8146,-0.762439489,-0.693487525
8147,-0.995741785,-0.620144665
8148,-0.617615759,0.985815287
8149,-0.511168659,-1.230544686
8150,0.271121740,-1.639333010
8151,-2.841068983,-1.522535086
8152,0.444193870,0.684259117
8153,-0.467741191,-0.415150762
8154,0.608054698,0.422231227
8155,0.120205224,-0.140929073
8156,-0.142375529,-1.812591195
8157,0.379093468,-0.551907957
8158,0.195062891,-0.370104939
8159,-1.415416479,-1.925542593
8160,-1.065447688,-1.215084910
8161,-1.863041878,-0.098083071
8162,-0.742182076,0.898176670
8163,-0.540291846,1.234189391
8164,0.278694242,-0.025861248
8165,0.316400468,-1.362416029
8166,0.369075596,2.393488169
8167,-2.162574530,1.727122188
8168,0.358151108,1.561307311
8169,0.902050734,-1.093834281
8170,1.418052197,0.762845278
8171,1.055132151,0.022566618
8172,-0.962708950,0.425592929
8173,0.235724121,1.237627149
8174,0.571046054,-0.347173661
8175,0.013441593,0.618115604
8176,-1.344586372,1.980460882
8177,-0.490692347,0.676238894
8178,0.474737525,-0.194818795
8179,-0.871820390,0.204786196
8180,-0.624450207,1.513077736
8181,1.129862428,0.272650898
8182,0.169835791,0.572518885
8183,0.734494865,-0.989277363
8184,-0.552173793,3.525509596
8185,-0.331872076,-0.102715850
8186,-0.270686984,1.055234432
8187,-0.281996787,-0.790681243
8188,0.624957919,-0.037515029
8189,0.143898681,-0.380016059
8190,-0.520869076,0.169711575
8191,-1.621794343,-0.448369563
8192,-1.427900553,-0.653108478
8193,-1.211594582,2.095593929
8194,0.463838011,-0.625561714
8195,0.726399362,0.172314838
8196,0.499674588,0.797406971
8197,-0.325871468,-0.523627222
8198,0.133953720,-0.116134465
8199,-0.102518447,-1.467240334
8200,-0.641953290,-0.082005173
8201,0.753427148,1.300022840
8202,-2.744085550,-1.361801386
8203,1.578286052,-0.101461768
8204,-0.412156999,-0.111598946
8205,-0.840953588,2.082226992
8206,0.447957098,2.584549665
8207,-0.168263525,-1.586233139
8208,0.391553700,-1.452290654
8209,1.228096604,-1.142825961
8210,0.279992372,0.099280693
8211,1.205082893,0.221932188
8212,0.483307928,-0.472839594
8213,-1.017847180,-0.004430449
8214,-1.563098550,1.592886686
8215,0.130793452,-1.216351032
8216,-0.188171461,0.109400786
8217,0.108358636,0.619274855
8218,0.247934446,-0.858098209
8219,-1.069378257,-2.819541693
8220,-0.395041257,-0.919402361
8221,1.485057116,2.036401987
8222,0.960183620,-0.835431159
8223,-0.490637153,0.571880758
8224,-1.907806039,2.297394037
8225,-0.314029843,0.412919253
8226,0.520956099,3.416843653
8227,1.127942443,1.104350090
8228,-1.838797450,0.258602053
8229,-0.024206918,0.093037017
8230,0.554716229,0.889498353
8231,0.892405927,-0.367683917
8232,1.354134202,-0.499175489
8233,-1.627703309,0.807632923
8234,-0.661429226,-1.138648033
8235,0.287555993,1.759255171
8236,3.358675241,-3.105960131
8237,-1.525282621,1.678962827
8238,0.190813914,-1.246005058
8239,0.670656800,1.250136495
8240,-1.303416014,1.127578855
8241,-0.482222438,-0.467139006
8242,-1.104122281,0.343595564
8243,-0.084086247,-0.164345324
8244,-0.135713875,-1.560151935
8245,2.149119854,-1.684532046
8246,0.676513672,1.341470242
8247,1.574231505,1.691880107
8248,0.158908144,-0.032567326
8249,-0.133730143,0.481464595
8250,-0.317667603,0.239063978
8251,0.708802581,0.002298790
8252,-0.136624873,-0.064295694
8253,-0.269524455,-0.081477672
8254,-0.860208213,0.831065953
8255,0.008249983,-0.503096044
8256,0.342451841,0.067215145
8257,-2.554228544,0.658596098
8258,-0.115730852,0.391165316
8259,-0.661242962,-0.314326465
8260,0.580928028,-0.795489490
8261,1.336010337,1.172144890
8262,0.050688501,0.830465496
8263,0.096424729,-0.482171029
8264,-0.504400730,-0.148933828
8265,2.355556726,-1.033014655
8266,-1.458853960,-2.273657560
8267,1.750959873,-0.177193850
8268,2.764165878,-2.252999067
8269,-1.550143123,-0.352185786
8270,-0.239821181,-0.151277393
8271,-0.170788363,-0.319955170
8272,-0.234107241,-1.011422276
8273,-3.882434368,-0.173900813
8274,0.445451051,0.672792971
8275,-1.102839947,0.053220794
8276,-1.304928899,-0.566367865
8277,-0.598529041,-1.269817829
8278,-0.132831708,0.648294032
8279,-0.525222301,0.734265983
8280,-0.029152857,0.704100490
8281,0.871719182,0.980881214
8282,0.693419039,1.621319175
8283,-0.453908622,-1.451208472
8284,-1.589306593,-0.301247418
8285,2.306989908,-0.152816996
8286,1.355845571,-1.934563398
8287,-0.268329591,-0.232584804
8288,-0.657141805,-1.760057330
8289,-2.952323437,-0.710833549
8290,-1.780243516,0.141095385
8291,-1.419221163,-0.823293567
8292,0.355631024,-0.053178236
8293,1.406071186,0.050903428
8294,1.557121158,-2.245516300
8295,2.119089127,0.126817644
8296,-1.044383287,-1.252954721
8297,-0.077911608,-0.933702648
8298,0.608878195,0.750880241
8299,0.912822783,0.356719404
8300,-1.471155167,-1.238019705
8301,1.398758292,0.830570877
8302,0.083889976,-1.457874656
8303,-0.126730412,0.733427823
8304,-0.726411045,2.144382000
8305,1.941317797,0.755773842
8306,1.793470144,-1.754316449
8307,0.529410183,0.738660693
8308,-2.645280361,-0.266151905
8309,2.535954237,1.303816676
8310,-0.171808258,-2.736800194
8311,0.081184812,0.329739481
8312,-0.142648607,2.131905079
8313,0.621887982,-0.055256773
8314,1.950960040,2.793576241
8315,-0.120075725,0.322491139
8316,-1.373755574,0.633026540
8317,-0.180643857,0.023231255
8318,-0.055440355,0.317551583
8319,0.352944911,1.664346218
8320,0.011595271,-1.878447771
8321,1.293812513,2.362689257
8322,3.653102636,2.202773333
8323,-1.008553743,-1.409627557
8324,-1.417229056,-1.695478320
8325,-0.863538146,-3.026663542
8326,0.131817505,0.518177509
8327,-0.674803495,0.966983080
8328,2.696710825,-0.319983184
8329,-0.016673952,0.386771113
8330,0.994741499,-0.562679291
8331,-1.760356545,2.015962124
8332,-0.221248612,2.029278994
8333,0.631606042,-0.855981529
8334,0.711109698,-0.574351847
8335,3.732302904,-0.300212771
8336,-0.748636723,0.816111088
8337,-1.470352054,-0.272997051
8338,-2.255313635,-1.397276521
8339,-0.919834793,0.043881603
8340,1.200716972,-0.578088284
8341,-0.714449346,0.890511394
8342,-1.059552073,-0.991506755
8343,2.998723984,1.400942922
8344,-0.244934514,-0.453932583
8345,-0.247426152,-2.926867962
8346,0.069353059,-0.958248198
8347,0.883431435,1.219642639
8348,-0.056318928,-0.382687300
8349,0.141138524,-0.921030045
8350,0.067128919,0.403742522
8351,-0.067291848,-0.936673760
8352,0.510317624,0.415939718
8353,2.635297775,1.885610580
8354,1.372667909,-0.831620753
8355,0.493642360,0.908757925
8356,-0.014681225,-0.050785787
8357,-0.672515333,-1.333832860
8358,-0.109746389,0.157094240
8359,-0.183980748,-0.256161064
8360,-1.325134754,0.533202529
8361,1.671392679,-3.819934845
8362,-0.220570832,-0.201740593
8363,0.205589890,0.837773025
8364,0.675367653,-0.331992805
8365,-1.163076282,0.530407488
8366,-0.826026678,0.106932931
8367,0.061896451,-0.189228117
8368,0.445831239,0.176133096
8369,0.458819389,-2.168294907
8370,0.724071383,1.241234183
8371,-0.879391968,1.090461969
8372,-0.647170544,1.834373713
8373,-1.376631618,-0.426038802
8374,0.016007259,0.383031428
8375,1.925492644,3.611150980
8376,3.345930099,-0.181269348
8377,0.430951834,1.603128314
8378,1.349386811,-1.361268401
8379,-0.160914391,-0.128813177
8380,-1.997747302,-1.373504877
8381,0.353054017,-0.598627806
8382,1.097481489,0.924306870
8383,-1.381122828,1.461135864
8384,0.581908107,-2.396889687
8385,-2.175776958,0.044458248
8386,-0.382267177,-0.180145234
8387,-0.691127658,-1.175021768
8388,2.043316603,1.220752358
8389,0.484629750,0.569821239
8390,1.771681190,-0.520391405
8391,-0.237306759,0.244083047
8392,-0.205872208,-2.330084801
8393,-0.874077976,1.071267247
8394,-1.364543676,0.684966803
8395,-0.178940251,0.026606148
8396,-0.599453151,-0.291991919
8397,-1.678161383,-0.632033408
8398,1.185688496,0.178651676
8399,-0.884516656,1.476320148
8400,-0.600961924,-1.452180147
8401,-0.154649526,0.385548383
8402,-0.977789283,0.030668773
8403,-1.270079494,-0.781814873
8404,-0.092710488,-1.424875021
8405,-0.879137874,-2.138022900
8406,-0.308422804,-0.241737381
8407,-1.778460979,0.824333847
8408,-3.834722757,1.037375093
8409,0.959257483,0.874985695
8410,-2.129911184,-2.037122965
8411,-1.652688980,-0.725471973
8412,1.103551626,0.514310658
8413,-0.736784995,-0.758851409
8414,1.427573204,-0.418429315
8415,-0.190960422,-0.066292591
8416,1.210907102,1.219513178
8417,1.030718207,-1.033929944
8418,-1.194406748,-2.187831879
8419,-1.404682040,-1.164816856
8420,-0.089476466,-1.496651530
8421,3.354997396,1.656408429
8422,1.610734582,-0.624551237
8423,-2.071155787,-0.930607021
8424,-0.643500924,0.435106903
8425,1.356308222,0.251276553
8426,0.284363419,0.157151297
8427,-0.085081056,0.256616950
8428,-0.367125601,1.742874384
8429,-0.293581486,0.048078019
8430,-0.860543132,0.960415483
8431,-1.353644609,-1.227787614
8432,0.074944086,3.552169800
8433,0.764379799,-0.668295741
8434,0.939947307,-0.453078657
8435,1.398898363,-1.489308000
8436,0.225559458,1.118968964
8437,0.366648585,0.865162790
8438,0.545440257,-1.518608451
8439,1.502462864,0.726988554
8440,-0.294416130,-0.134215876
8441,-1.390082955,-0.256468058
8442,-0.408484280,-1.593062520
8443,3.056535721,-0.998775601
8444,0.095541552,-0.898641586
8445,0.245999604,1.709396839
8446,-1.832184196,-3.074594259
8447,-0.860849202,-0.812543154
8448,0.542922020,0.167622641
8449,-2.451902866,-2.283883572
8450,1.332404375,-0.640179217
8451,-1.900291681,-1.002218008
8452,-1.095556855,-1.016662717
8453,-0.787968874,0.720737934
8454,0.936838627,-0.750736237
8455,0.211368859,-1.166702032
8456,-0.214207217,-0.442534745
8457,-1.437757254,0.301438838
8458,-1.228289604,0.077452488
8459,-0.503768623,1.689292908
8460,0.146795601,0.506578505
8461,-1.352959991,0.527553618
8462,-0.004638992,-0.483247250
8463,0.374569893,1.567409992
8464,1.043275237,-1.110109448
8465,-0.893712997,0.991039395
8466,-0.040791564,0.776029348
8467,-2.571216345,-1.223235488
8468,0.154146716,-0.431581259
8469,0.240958169,-2.733839512
8470,0.358251393,-1.329585314
8471,-1.454390168,0.666651905
8472,0.635211587,-0.462588668
8473,0.169271171,1.388987303
8474,-0.141420946,-0.168901339
8475,1.656260133,1.595590234
8476,-1.213497281,0.188279882
8477,2.328071117,-0.542686403
8478,1.270046353,-2.069505930
8479,0.411686242,0.299775422
8480,2.372756958,-1.558594942
8481,-3.818594456,-0.256365955
8482,-0.023812177,0.335693330
8483,-0.493816882,1.752572775
8484,-1.855908871,2.195505619
8485,0.867463946,2.029159784
8486,-0.095855445,-0.406975448
8487,0.348706871,-0.672384262
8488,-0.135201782,3.733488798
8489,-2.023877621,-0.348619848
8490,-0.063562721,0.373447716
8491,-0.935758233,-1.095281839
8492,0.292375624,-0.394128710
8493,2.184859276,1.783838153
8494,1.174614549,-0.643920779
8495,0.645090103,-0.336224526
8496,-0.232658923,-0.441698909
8497,-0.830660224,1.729788899
8498,0.244385347,-0.831674874
8499,-0.479714036,0.233878285
8500,2.190874815,0.087959714
8501,-0.658751130,-0.645140290
8502,-0.879955292,-0.789559305
8503,-0.352942646,-0.992309213
8504,-0.763624549,0.736811817
8505,-0.610245347,1.098627806
8506,1.172347784,-2.140200853
8507,-0.764909744,-0.136764228
8508,0.512417734,-1.317782521
8509,1.541786075,1.557427168
8510,1.724942207,0.206184864
8511,0.146749809,-0.088313416
8512,1.968355656,-1.136103153
8513,-0.844050825,-0.614531815
8514,0.588896692,4.082404137
8515,1.439533949,1.138731360
8516,-0.348630220,-0.103301197
8517,-0.838743150,-1.596251369
8518,0.059029013,-1.858294010
8519,-0.635835826,0.612737298
8520,-0.094003581,1.242239237
8521,0.353749156,0.376158625
8522,0.564171076,-1.906576872
8523,-0.254295230,-2.333838701
8524,0.806152105,0.823803127
8525,-0.781736493,-2.306095362
8526,0.786102414,0.505578935
8527,-1.187928796,-0.028454760
8528,0.343685240,-0.093228407
8529,-1.399679780,0.175189719
8530,-0.610710680,-0.233118728
8531,-0.346420497,0.818989456
8532,0.094630413,-0.653004050
8533,-0.605670631,-2.603041410
8534,0.288924485,-2.043852806
8535,-2.697118282,-0.239995211
8536,-0.748137236,2.807381392
8537,-0.351654738,-0.322588772
8538,-0.114848077,-0.829524457
8539,-1.216596484,0.368207812
8540,-2.295583487,-0.744225681
8541,-0.017681487,0.087062247
8542,-1.665712476,-2.971174479
8543,0.150405422,0.194033548
8544,0.191141337,-0.136710972
8545,-0.404426962,0.753751695
8546,0.464198232,0.330059201
8547,-0.041878272,-0.805012286
8548,0.490130633,-0.098303735
8549,-1.535946250,-0.336519748
8550,0.606776237,0.401518613
8551,1.523248911,0.750823498
8552,1.783063293,1.313067198
8553,-0.081729218,-1.147554874
8554,-1.052881479,0.418073803
8555,-0.469917715,0.465668827
8556,0.290760815,0.087690562
8557,-0.689568102,0.354325831
8558,0.878812909,1.904126167
8559,-1.990694404,0.269736230
8560,-0.444380969,-2.926084757
8561,-0.602320969,-0.562183678
8562,-0.267038435,0.718191385
8563,-0.072376199,-0.157429293
8564,-0.184673101,1.451727152
8565,-0.186010569,0.470031947
8566,-1.964912891,1.051843524
8567,-0.105899617,0.154532924
8568,-0.120509900,0.088788062
8569,-2.493432283,-1.092241049
8570,1.023968935,2.621242523
8571,0.386911452,-0.660960972
8572,4.418719292,1.724551678
8573,-3.840513468,-1.547069311
8574,-1.657672644,0.567433119
8575,-1.859267831,-1.699488759
8576,0.438542545,-0.286996365
8577,-0.454570770,-0.917716563
8578,0.037311915,-0.759837866
8579,-0.912707388,0.232314423
8580,-1.601185918,-2.058924198
8581,-0.455189496,0.424766481
8582,0.012299482,-0.520147562
8583,0.492383242,0.158434659
8584,-0.334010869,0.127499983
8585,2.081320286,-0.008433563
8586,-3.251081944,-0.164433450
8587,-0.334774971,1.733342290
8588,0.339501679,0.603297532
8589,0.292525202,-1.802775979
8590,-0.844772577,1.113839030
8591,-1.434434056,-1.421271801
8592,1.640574694,0.133882537
8593,0.129919022,0.061553556
8594,1.652436733,0.103341833
8595,-1.237388015,2.281734705
8596,0.242256150,-0.774557173
8597,0.284868717,-0.066663787
8598,1.342063308,0.609049916
8599,1.615567327,-1.850796819
8600,1.871233582,-0.277111709
8601,-1.443546414,-0.544548988
8602,-1.261021614,-2.270757437
8603,2.752202988,1.728267431
8604,-1.039228678,-1.415692806
8605,-0.014615983,0.440611362
8606,-2.088860750,1.327656746
8607,-0.208826825,1.535279274
8608,0.453114122,-1.523164511
8609,0.066776939,0.287535816
8610,-0.303074807,1.526057839
8611,0.102868944,-0.350902766
8612,-0.834298551,-2.324495077
8613,-0.691883028,-0.641081631
8614,-0.853545785,-2.908297539
8615,-2.137996912,-0.842215061
8616,0.568682194,-0.371129692
8617,-0.197513998,0.002757779
8618,0.237528130,2.631427765
8619,1.529202580,-0.397189289
8620,-2.336311817,0.875360727
8621,-5.726761818,1.333916068
8622,-0.130227819,0.545924246
8623,0.313403994,-0.833675086
8624,-1.495700955,0.880569935
8625,-0.767388344,-0.053977087
8626,-0.823990822,0.169087231
8627,0.259083062,0.852817059
8628,-0.199639067,-1.728544235
8629,0.523936868,-0.632140994
8630,-0.997949243,0.197897449
8631,-0.945850492,-0.961582661
8632,-0.686295867,0.369793326
8633,-0.026198419,-0.802443385
8634,1.677232862,-0.396607876
8635,0.224344745,-0.430123746
8636,0.314236671,0.026113831
8637,-1.906035542,-1.683661342
8638,-2.484340668,-1.774367332
8639,-0.988689125,1.933352947
8640,0.032812353,1.974720716
8641,-0.247152299,0.687673688
8642,0.354942411,-2.167862892
8643,0.144574806,0.451583385
8644,0.707733214,1.441547990
8645,-0.488675535,-0.387419015
8646,-1.082055330,-0.173481315
8647,-0.123160966,-0.121826224
8648,-0.290406287,0.517718494
8649,-0.559906363,0.533180475
8650,-1.436910272,-1.365261674
8651,-0.349922419,0.094974421
8652,0.193394184,0.653742611
8653,-3.104851961,-0.301205128
8654,1.664615750,-0.478571385
8655,-0.755795419,-0.894079745
8656,-1.151223421,0.353803158
8657,0.498714238,0.577020168
8658,0.469627500,-0.507580042
8659,2.270036459,2.198757648
8660,-0.639308751,0.892987967
8661,0.008814773,-0.201188430
8662,-1.217592359,-0.149076179
8663,-0.401284397,0.628970921
8664,0.082389362,-0.276736677
8665,-0.274216771,0.628521681
8666,-2.272463322,-0.456394196
8667,-1.236846805,-0.658516347
8668,-1.888935804,0.072278947
8669,1.012296796,4.143458843
8670,-0.212932602,0.844569325
8671,0.675765038,1.009758711
8672,-0.279999614,0.373785794
8673,-0.922982454,-0.177032590
8674,1.606872559,1.054872394
8675,1.741019011,-1.440059781
8676,-0.584431350,0.810448587
8677,-0.200510502,-0.228458896
8678,-1.491306067,0.379398614
8679,-0.794909418,-0.631719649
8680,-1.323413968,-0.140818775
8681,-1.038388014,-0.329533488
8682,-0.216984510,-1.302995443
8683,-1.531844854,-0.558474123
8684,0.357500494,-0.176226392
8685,0.574673653,0.300153375
8686,0.228595778,-0.112294436
8687,-0.208802819,2.684062243
8688,0.324631274,-0.241661280
8689,1.475652814,-0.550750256
8690,-0.890007496,-0.599485755
8691,-2.297590971,0.991772711
8692,0.257520318,0.126946166
8693,0.262709767,1.052018285
8694,-0.476393342,0.121861897
8695,-0.208196059,0.258722156
8696,0.159290075,-0.619843304
8697,0.140651792,0.124998733
8698,-0.927061439,-0.889812112
8699,-0.056385931,-0.169948518
8700,-0.029164361,5.118763924
8701,0.394143671,0.136897817
8702,-0.623631537,0.286608368
8703,-0.754322469,0.580868363
8704,0.100068025,0.965804756
8705,0.098075166,-0.777143598
8706,0.023591144,0.152504414
8707,2.111548424,1.170385599
8708,0.085683942,0.400834739
8709,-0.335882217,-0.284871459
8710,-0.045082312,0.165525004
8711,0.044501524,0.185943201
8712,-0.677089334,-0.589729965
8713,0.839649737,0.132211298
8714,-0.242182970,0.600312233
8715,-0.091004722,0.180742666
8716,2.210445881,-0.075103462
8717,0.942321062,0.817362845
8718,-0.128939688,0.191140518
8719,0.356690675,0.837287307
8720,1.602157354,-0.910622418
8721,0.303607702,0.454646289
8722,0.534847140,-0.109085150
8723,0.428363770,-1.652326226
8724,0.222740978,-0.179541066
8725,0.891854882,-1.577723384
8726,-1.578561902,-0.217718557
8727,2.199000597,-0.888516665
8728,1.310859799,3.355355501
8729,1.375733256,0.480526209
8730,0.126637682,0.598347723
8731,0.078361988,2.476733685
8732,-1.124054551,0.395883799
8733,0.087101482,-0.388026208
8734,-2.905380487,-0.837730706
8735,0.087635808,-1.353578091
8736,-1.725546718,0.815620780
8737,0.079425111,0.909160018
8738,0.578792989,-3.089438200
8739,0.089510597,-1.138739944
8740,-0.588564098,1.837574005
8741,-0.702929914,-0.053628180
8742,-0.038897511,0.077406742
8743,1.051356316,1.928786397
8744,-0.876451850,-0.136022434
8745,-0.051950317,1.190089941
8746,2.127580881,-1.778644681
8747,0.411994070,-0.485497296
8748,0.742644846,0.587923110
8749,-0.174030051,0.381847233
8750,-0.222939923,0.779250741
8751,0.232220635,0.347174406
8752,-0.514144123,1.423006296
8753,0.879560709,-0.050280277
8754,0.768071830,-1.137938738
8755,-0.472866029,0.167187572
8756,1.003426552,-2.138956070
8757,-3.699335814,0.269049853
8758,-0.488038272,0.232893020
8759,-2.736995220,0.963601828
8760,0.420296311,0.535855651
8761,0.000951998,-0.320697904
8762,0.360317558,3.108026743
8763,0.902884603,-0.539939880
8764,-0.116531663,-0.344852895
8765,-0.219414905,-0.138158873
8766,0.644380093,-1.585312724
8767,-0.478868842,-1.881505966
8768,0.576955914,0.751003802
8769,0.597450972,0.317759365
8770,-1.510848880,0.032005802
8771,1.095992804,-0.594743609
8772,-0.022835478,2.190831661
8773,-0.613722861,0.588433027
8774,0.720086753,-0.242993757
8775,-0.892463088,-0.191106543
8776,0.313371778,-0.041797642
8777,-0.719873250,0.515386224
8778,-1.508563876,-1.378226995
8779,-0.149652198,-0.095809296
8780,-0.419857740,0.609184265
8781,0.179231748,0.743988097
8782,0.365894765,0.514912307
8783,1.167461872,1.546588659
8784,0.590617418,-0.705482423
8785,-1.968032598,-1.011994243
8786,-1.456225157,0.170942932
8787,2.103636265,2.328720808
8788,-0.066881724,0.138463840
8789,0.200422466,-0.611478031
8790,1.028601408,0.288101792
8791,0.055917785,-0.550205648
8792,0.959046483,-0.865643084
8793,1.618601799,-0.749862790
8794,-0.972532094,0.361968189
8795,0.083965614,0.894358218
8796,0.062586129,0.140833035
8797,-1.034620285,0.039473135
8798,-0.563931048,1.791212201
8799,0.069072112,-0.607984900
8800,-3.428164482,1.928917766
8801,0.433888048,-0.391034544
8802,0.115409106,-1.128914595
8803,0.402255923,0.663882017
8804,4.298758507,0.258852780
8805,-0.656271458,0.750472248
8806,-1.834715366,-1.209432364
8807,-1.701617002,-1.463625550
8808,0.332674265,-0.124505579
8809,0.270617098,-0.026694702
8810,1.273122668,1.781183362
8811,-1.902031302,0.820556521
8812,-0.657103479,0.244362548
8813,-0.172775537,-0.206962317
8814,-0.814878345,0.643028080
8815,1.285533071,-0.601113975
8816,-0.912989497,-1.072516441
8817,-0.580277145,0.653104901
8818,0.802312136,-0.730704010
8819,0.687914550,0.239566147
8820,-1.415096879,-3.609683275
8821,-0.428967118,1.400033593
8822,-0.896661758,0.532215238
8823,0.001870908,-0.221779943
8824,-2.546504021,-1.750638604
8825,-0.612648427,0.834331930
8826,-1.733142495,-1.011853695
8827,-0.247259974,-0.443393558
8828,-1.170237660,0.212502822
8829,-2.500502348,-1.663800955
8830,-2.914094210,-0.626337409
8831,-2.410158873,0.764047801
8832,1.439810991,-0.126669288
8833,-3.049618006,-1.872861147
8834,-0.900065958,1.014720559
8835,-0.282793373,2.793469906
8836,-0.314823508,-0.198770672
8837,0.012619588,0.218903854
8838,-0.985656500,-0.982304335
8839,0.765137851,-0.162858889
8840,1.669429421,-0.179232299
8841,-1.183223248,0.714988410
8842,0.223021865,-0.250118732
8843,-2.452478886,2.077445507
8844,-2.371551752,-0.027341533
8845,1.824110746,-1.242491722
8846,0.519675434,0.076948583
8847,0.775106728,0.011769602
8848,0.638663471,0.719732583
8849,-0.375894606,0.466385663
8850,-1.885051489,0.036406159
8851,0.172248289,1.503384471
8852,-0.296171397,-1.281185389
8853,0.357903451,-0.128857434
8854,0.106329001,0.206475735
8855,-1.273765922,-0.898057163
8856,2.151969910,-0.933572888
8857,-0.248464078,0.388270587
8858,-0.989384234,0.661369920
8859,-0.983993948,0.140569791
8860,0.074766815,-0.275407284
8861,-2.194793224,2.181840897
8862,-0.061445359,-0.184291691
8863,-0.989225388,0.200015694
8864,-0.077752784,0.381245375
8865,1.570188046,-0.849749088
8866,1.109533310,-0.450799942
8867,-0.373421371,-2.104187727
8868,1.029820919,-0.532620907
8869,1.363422036,0.588300705
8870,-0.521287978,0.094259225
8871,0.248513967,-0.050687883
8872,1.538854957,-0.293715656
8873,-0.371619046,-0.160581246
8874,-0.716831923,1.619075537
8875,1.883551717,0.788909674
8876,1.253128171,-1.605515242
8877,-1.348426223,-0.493242919
8878,0.337453038,-0.154884562
8879,0.254665524,0.321354955
8880,0.849720895,1.001340151
8881,0.564374208,1.299415469
8882,0.463588625,0.206142142
8883,-1.094475746,-0.174084410
8884,0.031908728,-1.327414393
8885,3.164087057,0.322459131
8886,0.325391054,0.627903581
8887,-0.679956198,-0.550466418
8888,0.138395131,1.415851474
8889,-1.636855125,-2.233117580
8890,-0.269128382,0.906535268
8891,-0.775417566,1.037232280
8892,-0.746528983,0.456245989
8893,-0.720929682,0.546309292
8894,0.099432983,-0.179050192
8895,-0.813144624,-0.086278401
8896,-0.104489066,-0.601591229
8897,0.570657492,-0.140578672
8898,0.510367751,-0.775811374
8899,-0.586476147,-1.330450892
8900,0.421642184,2.427470207
8901,-1.447759628,-1.330756068
8902,1.712081909,-1.648815155
8903,3.922429085,-0.762889981
8904,0.278225243,-1.168425679
8905,-0.863023639,0.012481262
8906,0.997211635,-1.267704487
8907,1.103876472,2.271192789
8908,2.148984194,1.049810290
8909,0.951120794,-0.450394213
8910,0.849654615,-0.539665937
8911,0.663351893,0.410166532
8912,1.413083792,-0.420502692
8913,-1.066570282,1.227643609
8914,0.677033186,0.379741967
8915,2.075689316,-0.175515577
8916,-1.568763971,-0.212826550
8917,-1.374917984,-0.332252443
8918,-1.841037869,0.845783472
8919,-0.237295032,-0.230919063
8920,-0.878723979,-0.719390035
8921,-1.043386936,2.470520020
8922,-0.986062288,-2.334205151
8923,3.406536579,0.908313990
8924,-1.386238337,0.576063216
8925,-0.059420612,-0.729085267
8926,-1.861375690,-0.967425227
8927,2.186983585,-0.909214735
8928,0.642969012,0.128125533
8929,1.972086549,0.833272457
8930,1.806770325,0.599821568
8931,-2.629306316,-0.621374130
8932,-1.705425024,1.704415321
8933,0.378013998,-0.292586029
8934,-0.548551798,-0.109127767
8935,-0.850848198,-1.955012798
8936,-0.596678138,0.525368690
8937,-0.540906608,-3.391346931
8938,2.116907835,0.972275853
8939,1.300641060,-1.033047915
8940,1.380368948,-0.957275867
8941,-1.087061286,0.458290547
8942,2.155109882,-1.020291090
8943,0.161969334,-1.933725476
8944,-0.769421220,0.507297218
8945,-1.765543938,-0.637545228
8946,0.525411308,-0.032240503
8947,-0.714658976,-2.602491140
8948,-0.621087492,-0.443381339
8949,-0.255499184,-1.070171356
8950,1.979328036,-0.073672041
8951,2.914448261,-0.582537770
8952,-0.832284451,-0.635571241
8953,1.011874080,0.820422709
8954,-2.822648525,-0.079127535
8955,-0.815234900,-1.177067518
8956,0.377260864,0.194863543
8957,0.459076792,-0.205857113
8958,0.739360273,-0.464625090
8959,-0.355148435,-0.424589366
8960,0.414161891,0.089101560
8961,1.489455104,0.526616514
8962,0.300164431,0.706821620
8963,-0.726707578,0.350236088
8964,0.226674333,-0.100737050
8965,-1.039202929,-0.152438745
8966,-0.048382029,-0.220527336
8967,-2.096473694,0.950599790
8968,-1.749475002,-0.700124145
8969,-0.052411646,0.231896535
8970,-1.362691045,-1.377128839
8971,-1.427736521,0.797002137
8972,-0.202518702,-0.142898336
8973,-1.779103518,0.293182343
8974,-0.824895024,-0.319283605
8975,-2.545997620,0.924382925
8976,0.953323722,-0.632469535
8977,-1.982426047,-0.924576342
8978,1.273105502,-0.669332325
8979,0.682356358,-0.246078834
8980,0.164502203,0.267309129
8981,-1.636399746,0.061170038
8982,-0.070501469,-0.931589186
8983,0.626849949,-0.572788477
8984,-0.322971195,1.796233535
8985,0.221774533,1.812512398
8986,0.525353551,-0.215094462
8987,0.623834074,-0.983408749
8988,-2.127185345,-2.661725521
8989,-0.418706298,-0.373600960
8990,-0.180833668,-0.528608501
8991,-0.413120419,-2.430691004
8992,1.186032534,-1.490025759
8993,-2.447958946,2.162127733
8994,0.242166564,0.286504775
8995,1.387500048,2.372042656
8996,0.631662011,-0.526429057
8997,-1.292918921,-1.704478502
8998,-1.983234882,-0.630846083
8999,0.248086423,-0.287380725
9000,-2.041697264,-1.637880921
9001,1.980625153,0.584331095
9002,0.508775413,0.068302147
9003,-0.295856476,0.058753133
9004,0.160757586,-0.181715459
9005,0.456834942,-2.494717121
9006,-1.131950498,0.443212181
9007,1.826274872,-1.729387641
9008,-2.542835712,0.182058007
9009,-0.410487175,0.094526552
9010,2.737707615,1.234878182
9011,-0.483514816,-2.302452087
9012,0.771620512,-0.413163275
9013,0.230533242,1.472431898
9014,-0.652742267,-1.859143853
9015,-0.149083287,0.336567312
9016,-0.170423090,2.011880636
9017,1.977994204,-0.127257839
9018,0.333396196,0.036613911
9019,0.315348685,-0.084632196
9020,-0.408736080,-0.139935881
9021,-2.334683657,0.883753002
9022,-0.612354994,0.178686395
9023,1.316103101,2.271466255
9024,0.036594220,-0.180136681
9025,0.950735867,-0.140333444
9026,0.070982806,0.940392613
9027,-0.050143182,0.675731242
9028,-1.090068460,2.688044071
9029,0.385790199,-0.229434893
9030,-0.621192455,1.414679646
9031,-0.541590631,-3.355806112
9032,0.995186388,-2.104625702
9033,1.277209997,-2.496692419
9034,0.116532877,-0.416508466
9035,1.739036202,-0.116458230
9036,0.388267189,0.539376318
9037,0.400651157,0.587272406
9038,0.615239739,0.560607433
9039,-0.818528414,-0.364692897
9040,-0.559361875,0.222270399
9041,0.170147255,0.939834535
9042,-0.816245556,-0.098952331
9043,0.258129328,0.054706238
9044,-0.483394295,0.455718338
9045,-0.162969574,-0.128480703
9046,0.831202567,-0.262329668
9047,0.690866709,1.968716264
9048,0.373269588,0.328337222
9049,-0.718734264,0.366028666
9050,1.032515168,-0.351458162
9051,0.582601428,1.880623460
9052,1.054124951,-0.834796011
9053,-0.393038630,-1.290033698
9054,0.278280765,1.902758002
9055,2.328655243,-2.561265230
9056,-0.304924488,-0.184120253
9057,-0.660493672,0.274107605
9058,-2.053671360,0.848975360
9059,-0.571881473,-0.393704116
9060,-0.292186230,-0.253117859
9061,0.883883595,2.276199102
9062,-0.608782947,-2.358577728
9063,1.503490210,0.795661390
9064,-1.379309058,-1.800080657
9065,0.557841718,-0.782170177
9066,-1.591001868,-0.865428805
9067,-0.414608896,-0.353355378
9068,0.399892062,-0.038954139
9069,-0.253979355,0.037612882
9070,-1.071349502,0.181880131
9071,-2.302683353,0.926555753
9072,0.078940921,-0.150394306
9073,0.431390256,0.075141825
9074,-0.105895512,0.568615317
9075,-0.437185407,-0.758800864
9076,0.223251238,-0.037380639
9077,0.876497924,-0.419135690
9078,0.386118233,1.229025245
9079,-1.123348117,0.785441160
9080,0.367258459,-0.050881252
9081,0.676871657,-1.356511235
9082,0.353107542,0.349797249
9083,-2.685278893,-2.612906456
9084,-1.380597830,-0.053803653
9085,-1.611368537,1.438643694
9086,0.095477581,-0.522737086
9087,-0.298169553,0.117118157
9088,-0.227483049,-0.069125161
9089,-0.179291338,0.878220677
9090,0.383928537,0.168485925
9091,-0.397198409,0.738807499
9092,0.611214757,-1.572175503
9093,0.886266172,1.068730116
9094,-0.727181494,-1.679040909
9095,0.270957738,-0.484104097
9096,1.359232903,1.872748017
9097,1.429909348,0.953737676
9098,0.824057460,0.137443632
9099,-0.474474281,-2.181480408
9100,-0.248016059,0.820964396
9101,-2.212362528,0.123375379
9102,0.051765751,-0.214355126
9103,-0.070546485,1.060930371
9104,0.243044078,0.234150887
9105,1.114277840,-1.557465196
9106,-0.254198194,0.209469721
9107,2.349003792,0.917618930
9108,-1.471503973,-1.411660314
9109,-1.186658382,-1.097447038
9110,1.194351077,-0.059957683
9111,0.949189246,0.027217207
9112,0.108158037,-0.008848300
9113,-0.559773386,-0.250200212
9114,-1.232714653,-1.064669728
9115,-0.248971984,0.117080860
9116,2.276577473,1.806748748
9117,-1.701248765,-0.000082514
9118,-3.071515322,3.223095894
9119,0.605680645,-1.076389909
9120,-0.302925557,-0.630838573
9121,2.685658932,-0.333676189
9122,-1.528405905,-0.424890220
9123,1.235495210,-3.134653807
9124,-1.279227495,-1.308342099
9125,0.128611356,1.169219971
9126,-0.608838320,-0.759954810
9127,-0.666288197,0.493381768
9128,0.906431377,0.533035159
9129,0.383964568,0.865541279
9130,1.084924102,-1.308671236
9131,-1.326951265,-1.504430652
9132,-0.588654459,-1.642279506
9133,0.157604471,-0.212778896
9134,-2.162650824,0.336308509
9135,0.195516914,-2.530797482
9136,0.287559569,-0.473145217
9137,1.063439131,0.241587952
9138,0.391945034,-0.218482494
9139,1.357965350,1.293390036
9140,-0.166757509,0.040133420
9141,-0.095875509,-0.427243352
9142,-0.750744224,0.753173888
9143,-0.073364981,-1.123429775
9144,1.663257122,-1.804612994
9145,2.007770538,0.074893288
9146,-0.281346560,-0.851223707
9147,-0.152959093,0.234678373
9148,1.129702449,-0.341879576
9149,1.510685325,-0.293594062
9150,-0.240051091,1.214603782
9151,-1.086965322,-0.097300313
9152,0.553178072,1.103027463
9153,1.777752876,-0.208713323
9154,-0.322961211,-0.103477985
9155,1.047411203,-1.400755763
9156,-0.703786075,0.619220495
9157,0.202496931,-2.660358191
9158,-0.317698658,-0.740196526
9159,0.869163513,0.834063470
9160,0.376998693,0.344517827
9161,-0.220005199,-1.557986856
9162,-0.248430058,-2.354909420
9163,-1.917350054,0.391748458
9164,-0.200427115,0.199812919
9165,-1.137158394,1.390436172
9166,-0.648339868,-0.553540170
9167,0.446201324,-0.104445137
9168,1.002489448,-1.136323452
9169,-0.376509786,-0.980544686
9170,1.013917804,2.418535709
9171,0.348204315,-0.188614935
9172,-0.040033251,1.036152363
9173,1.243176460,1.777270675
9174,-0.012612962,0.292372912
9175,-1.319303989,-3.092612505
9176,0.807550371,-0.000145785
9177,-0.099556692,0.215210631
9178,2.126646996,1.027117729
9179,0.168553904,-0.342519194
9180,-1.447249174,1.429230928
9181,2.732501507,1.960593462
9182,0.463243574,-0.534599185
9183,-1.365863085,-2.503105402
9184,1.146714211,1.314876437
9185,-0.742960691,0.814229429
9186,0.033365227,-0.399896979
9187,0.301945508,0.098448522
9188,0.340948582,0.063164204
9189,1.083522677,-0.514339268
9190,0.344430804,-0.633937597
9191,-1.146714568,-2.316843510
9192,0.968319595,-0.973003328
9193,1.627664924,0.524946451
9194,1.039924026,0.519980609
9195,-0.310040295,0.571300864
9196,-0.412410557,-0.411897570
9197,0.071065128,0.374866635
9198,0.994678199,-1.023718119
9199,0.012827170,0.171099171
9200,0.042295035,0.384397835
9201,-1.307611704,-0.762268543
9202,-1.177155972,-1.100050092
9203,2.982013941,0.883549511
9204,-0.056155238,-1.280958652
9205,1.583121896,-1.188605189
9206,0.915383875,-3.219567060
9207,2.649784565,-0.638901114
9208,-0.270954281,0.560850799
9209,-1.565905213,0.891073406
9210,2.086560488,2.248585463
9211,0.914414465,-0.347540885
9212,1.548455834,1.145909190
9213,0.432623297,1.408758759
9214,0.635902762,0.616513312
9215,0.310817808,0.713282466
9216,-0.062768228,0.947677553
9217,-1.825626612,3.085089445
9218,2.264926434,-1.273385406
9219,-0.359376013,-1.608162880
9220,0.081239246,-0.855127275
9221,-1.147265911,-1.676404834
9222,1.904603124,1.090143323
9223,-1.742321014,-0.493475020
9224,2.499304533,-1.202615857
9225,0.056223072,-2.841567993
9226,-0.544531643,0.028161108
9227,-2.117912054,-0.082461163
9228,2.421260357,0.712388098
9229,0.317892283,0.489766359
9230,0.015833585,-0.427442163
9231,1.250701904,0.836404145
9232,-0.229590312,-0.500946164
9233,0.821285844,1.613043427
9234,-0.175010338,-0.428808659
9235,-0.564949036,-2.217027664
9236,0.046669334,-0.958892167
9237,-0.236248195,0.017944736
9238,2.106097460,-0.100486420
9239,-0.968221486,0.056820050
9240,0.233106464,-0.166363582
9241,2.455823421,-0.029314011
9242,0.348415822,-1.307842970
9243,1.003813386,-1.389874816
9244,-1.299067616,-0.597400904
9245,-0.245807096,-2.981787682
9246,-0.785897970,-0.421242595
9247,3.620169878,1.163451791
9248,0.142219648,1.225408673
9249,-0.197750941,-1.328749776
9250,-1.676138520,3.204755783
9251,-0.276296288,0.276919037
9252,0.124273710,0.204368666
9253,1.453790784,0.837112129
9254,-0.393605888,1.529753089
9255,1.053753257,1.236261606
9256,0.659361720,0.126853481
9257,-0.226081982,-0.004050391
9258,0.943461776,-0.874673605
9259,2.228730202,0.957370341
9260,2.874842405,1.732569575
9261,0.729830801,-0.799973309
9262,-0.325994760,0.534557760
9263,-0.396825552,0.333867878
9264,0.680551529,0.402285725
9265,0.397554457,-0.101051353
9266,0.219760522,-1.237200260
9267,-0.158451676,-0.084808670
9268,0.575571239,2.050635815
9269,0.032973696,-0.586040020
9270,0.127872631,1.596386313
9271,-0.213133216,-0.271082222
9272,0.596789241,0.783544183
9273,-2.210201740,0.029113317
9274,-0.240019977,-0.662906826
9275,-0.216979310,2.417758226
9276,-1.001463890,-0.339775831
9277,-1.040470958,-0.401181102
9278,-0.047201619,-0.803762734
9279,-1.633464813,-0.274346828
9280,0.139216021,-0.112201892
9281,2.516171217,1.635799885
9282,0.506269157,-0.606698334
9283,-0.211557269,-0.040153813
9284,-1.130162477,-2.794848442
9285,-0.096631639,0.088223428
9286,-1.626584291,0.353781581
9287,0.258248031,-0.104731195
9288,0.195482016,-0.145665482
9289,0.731782973,1.462062359
9290,-0.167688921,0.129783183
9291,-0.091450609,2.306374073
9292,1.049467087,1.234888792
9293,0.653537631,0.379790336
9294,0.890560567,-0.144254193
9295,-0.321150422,0.612791598
9296,0.030934703,0.241021767
9297,0.534017444,-1.688606024
9298,-1.287715554,-0.329387307
9299,-0.019746294,-0.190619141
9300,-0.024483107,-1.263507962
9301,0.881655037,0.551979661
9302,0.927363873,1.398531675
9303,1.075556517,0.424395055
9304,1.892588615,0.551184654
9305,0.246314555,-0.047989253
9306,-0.242152512,2.860785961
9307,-1.061660647,0.627238750
9308,0.563281119,0.467189431
9309,-1.781147957,-2.505346537
9310,0.582208931,-2.324325800
9311,-1.242983222,0.100139610
9312,-0.357930064,-0.264889300
9313,0.517356932,0.231281996
9314,0.776053488,1.536963582
9315,1.436947107,1.239418983
9316,-1.077074051,0.010215195
9317,1.001248956,0.364444971
9318,0.393405497,0.463717073
9319,0.124726906,2.344310522
9320,0.145639792,-0.073277511
9321,-0.317501187,0.070804752
9322,-0.150908738,0.956107259
9323,-0.152471289,0.874565303
9324,5.399652958,1.702539206
9325,-0.263746053,-0.142548501
9326,0.801556706,-1.313773513
9327,0.306805372,-0.267917454
9328,3.291284800,-1.041732073
9329,-0.434338301,0.168589130
9330,2.095837831,0.258439720
9331,0.586025476,0.139105380
9332,-0.333188415,-0.500304401
9333,1.007599354,0.233567670
9334,-3.763370991,0.125882819
9335,0.689220190,0.397571653
9336,-0.926417172,-2.015724897
9337,0.310300678,1.204806328
9338,-0.227584332,0.035358239
9339,2.556536674,-1.066569686
9340,-0.577371299,0.164804175
9341,0.724480927,0.729409873
9342,-1.889896035,-1.394660354
9343,-0.218387067,-0.274616003
9344,-0.763766348,0.131509751
9345,-0.580208421,0.614974737
9346,0.533703566,0.896492600
9347,-1.975515485,-0.980394900
9348,-2.024070978,0.351653337
9349,0.299493313,-0.279810041
9350,-2.840919971,0.492024124
9351,-1.026402354,-0.620960176
9352,1.034134865,-0.545936525
9353,-0.771541357,-0.201509595
9354,-0.617286503,-2.488268614
9355,-0.177929536,0.066219047
9356,0.397405803,0.454054236
9357,0.505255282,1.862663388
9358,-0.534150958,-1.378709435
9359,-0.114436775,1.201651335
9360,-0.576411664,2.745112896
9361,1.437346935,-0.510626912
9362,-2.254463673,0.919135094
9363,0.397886157,-0.067408785
9364,2.271671772,4.827825546
9365,-0.022963727,0.721502125
9366,0.903068244,0.410050273
9367,1.291065335,-1.010574579
9368,1.465629458,-1.137477994
9369,1.999025583,-0.549375713
9370,-1.219324827,-1.474179983
9371,1.348588347,-0.908943653
9372,0.501911998,0.370068908
9373,-1.729544163,0.831259191
9374,0.843165576,1.762824774
9375,-0.706006289,1.271473527
9376,0.332658857,0.356252730
9377,0.382072836,-0.549098909
9378,0.643911958,-1.472280860
9379,-0.938553691,0.548556745
9380,3.589615822,0.100278780
9381,-0.028385615,0.571262717
9382,-0.554232955,0.403547615
9383,0.209180534,-0.122891530
9384,0.053965423,1.113656998
9385,0.409896493,0.262096286
9386,-1.714304924,-2.080876827
9387,0.512949944,0.649168074
9388,1.369052887,-0.262225926
9389,-0.156146899,0.101408064
9390,0.285265326,0.702187598
9391,0.085824825,0.298496425
9392,0.908149421,2.340558767
9393,-0.607714415,0.836776674
9394,0.813743651,-0.163188964
9395,3.285775900,-0.718600273
9396,1.400685310,0.217848703
9397,1.201960087,0.343446761
9398,-0.001786213,-0.927209198
9399,0.429858744,1.237289310
9400,-0.633389115,0.193109840
9401,-1.778661966,0.234545320
9402,0.191202357,-0.384446740
9403,-0.606631577,0.576272905
9404,1.849926353,-0.503330529
9405,-0.330194920,-0.299641132
9406,-1.593864202,3.772357464
9407,-0.758290708,-0.217012048
9408,-0.051907457,-2.655811071
9409,-0.158506036,0.151057124
9410,-0.936643720,-1.004649043
9411,-0.716525853,0.705360413
9412,1.419543862,-0.119257078
9413,0.204854146,0.267279327
9414,2.110412598,1.299857020
9415,0.501976669,0.608826578
9416,1.544215798,-0.897603393
9417,-1.517361999,4.483454227
9418,-1.180339813,-0.999193490
9419,0.459647417,-0.606496215
9420,1.482938766,2.671202183
9421,-1.996685147,2.542210102
9422,-0.076087117,-0.575482547
9423,-0.144136965,-0.082480945
9424,-0.241442084,0.304521769
9425,0.850902081,-1.240765095
9426,-1.622591138,-0.094495371
9427,3.178213596,1.332949758
9428,0.679586649,-0.799717784
9429,-0.456411421,0.087852567
9430,-1.320678830,0.571407318
9431,0.810922444,-0.669491649
9432,0.585006475,1.361135125
9433,-1.949405670,0.632653415
9434,-2.077505589,-0.516393542
9435,0.399949163,-0.528023660
9436,-0.240523294,0.773070693
9437,-0.297265738,-1.009561539
9438,0.189061821,0.182127029
9439,-0.389523894,1.035125613
9440,-0.967904449,0.059768461
9441,0.245507210,-0.089455523
9442,0.251042128,0.612447679
9443,0.684031248,-0.097691856
9444,-1.049507022,0.593839884
9445,2.116854668,-0.205932915
9446,0.607339025,0.560398221
9447,-0.549917996,-0.668602765
9448,0.117112607,0.105964847
9449,0.449694127,0.860331416
9450,-0.553024888,-0.491118282
9451,1.304048181,-0.454454154
9452,-0.523898482,0.343238324
9453,1.106371641,0.062124036
9454,-0.114056073,-1.549324512
9455,-0.567401648,0.581988871
9456,0.771972299,-0.211223006
9457,-0.192212582,-0.404757351
9458,1.080314159,-0.868975043
9459,0.704504192,0.728238881
9460,0.208735615,-1.091563940
9461,0.534378648,2.276499271
9462,1.427836299,1.141163945
9463,-1.117033124,1.882345319
9464,-0.204082489,-0.008752026
9465,-1.244129181,-3.871356010
9466,0.168384612,-0.039355632
9467,0.691540003,0.118083037
9468,-0.029032467,-0.150615558
9469,-2.438406706,-0.888683736
9470,-0.983801961,-0.292561084
9471,-0.747456968,1.146246076
9472,1.093050122,0.026399245
9473,1.862994909,1.010401964
9474,0.053978533,-2.179302216
9475,-0.039408796,1.565574408
9476,-1.201674581,-0.236116335
9477,-1.860013723,-0.570785582
9478,2.586246014,2.191349030
9479,0.451843619,-0.100175031
9480,1.617394567,-0.888948560
9481,0.130972877,0.382591993
9482,3.318840981,0.820393860
9483,0.314874947,0.326114118
9484,1.119480014,0.872086585
9485,-0.922976434,-0.477569729
9486,1.147958159,1.109246969
9487,0.049363766,-0.320306391
9488,0.093501762,0.223924398
9489,0.142714515,-0.571216941
9490,-1.759610653,2.513705015
9491,0.265661180,0.356679767
9492,-1.619037390,2.592647076
9493,1.222715735,-0.209011719
9494,0.819425106,-0.408247113
9495,0.202237651,0.595660329
9496,-1.578649640,1.801850557
9497,2.932943821,-0.106709331
9498,0.660712659,-1.134279728
9499,-0.264687091,0.350662827
9500,-0.011829520,0.350969136
9501,1.296844482,1.315313101
9502,0.113656066,2.743911505
9503,-0.432527184,-0.834416747
9504,-1.004039645,-0.003212002
9505,0.739839017,-0.181611255
9506,0.922255337,1.384599209
9507,1.583297968,-0.807907403
9508,0.400617003,-0.752169788
9509,2.295872211,-0.585374653
9510,-0.533370733,-0.603896797
9511,-1.122913361,-0.928532124
9512,4.299372673,1.437887192
9513,-0.192406684,0.011173074
9514,0.585844457,-0.259303242
9515,0.967705846,-0.248295456
9516,0.563763201,0.351591110
9517,1.619583011,0.090248518
9518,0.018728750,0.004616029
9519,-1.170550942,1.597246408
9520,-0.794024050,-0.803952992
9521,1.363807678,0.691962481
9522,-1.199433684,-0.196418956
9523,-0.581603646,0.593793273
9524,0.475836456,-0.263335377
9525,0.189576358,-1.886921644
9526,-0.835481286,-1.226183891
9527,-0.342281997,-0.636530757
9528,-0.236482233,-0.147085786
9529,0.410830230,0.506321132
9530,-1.341619134,-0.788443327
9531,0.277738482,-0.440434068
9532,-1.124965072,-2.941303253
9533,-1.151057005,1.762406468
9534,0.181096971,-0.061398368
9535,-0.330427527,0.749361455
9536,-1.824316382,-1.213469625
9537,-1.041358709,0.417213947
9538,-0.634788573,1.111317754
9539,2.635656357,0.430944562
9540,1.650336027,-0.354972482
9541,1.323369384,1.251257420
9542,-2.669612169,2.680589676
9543,-0.625713348,-0.651602507
9544,-0.920327663,-1.059044957
9545,0.400950760,2.753507614
9546,-1.255420804,-1.485177398
9547,0.333886385,1.046751618
9548,-0.843430161,0.631352842
9549,-1.132000446,-1.120162249
9550,0.828164577,2.444051981
9551,-0.544961214,-0.170391932
9552,0.207063645,-0.045218486
9553,1.682991385,1.291382432
9554,-0.388816714,-0.226031825
9555,-0.026064165,0.878830969
9556,-0.502806962,0.979051769
9557,0.327926844,1.082304358
9558,-0.001040415,-1.118469238
9559,0.238422737,-0.397345215
9560,0.161319599,0.111197375
9561,1.507171392,-0.458525062
9562,1.368344069,0.975256920
9563,-1.956125379,-3.110076427
9564,-1.522375584,0.948922575
9565,-0.092144623,-0.534739375
9566,-2.411401033,0.577244282
9567,2.152355909,-0.475502491
9568,0.189540923,0.155975059
9569,-2.414078951,-1.389346957
9570,2.383499384,-2.394633532
9571,1.736041188,-2.589830875
9572,-1.269145012,-0.060759734
9573,2.676974535,1.461276174
9574,-1.315278649,-1.096749663
9575,0.072450548,-2.955842495
9576,0.086256072,-0.476922780
9577,0.326423645,0.580609083
9578,-0.069635943,-0.307017595
9579,1.355319738,-1.409397364
9580,-0.131039217,-0.060930125
9581,0.748302341,-0.105899408
9582,0.147871688,0.498966575
9583,-1.428762794,-0.353999138
9584,-0.645233214,-0.146452561
9585,0.242536545,0.586582601
9586,0.786445498,0.173941478
9587,4.055173397,-3.169455528
9588,-1.309270859,0.020945901
9589,0.128229216,-0.276978642
9590,0.237590343,-0.489255667
9591,-0.292836994,0.091113098
9592,0.450159281,0.673459709
9593,0.162013799,-1.700972199
9594,0.587553263,1.102210522
9595,-0.109642483,-0.607216299
9596,0.421272576,0.137546420
9597,0.748754740,0.558482826
9598,-0.304311991,0.713773668
9599,1.937357068,2.502770662
9600,2.723758698,-0.716074407
9601,1.465177178,-1.241083860
9602,0.254119217,0.441229284
9603,-0.231494635,0.070917174
9604,0.158672169,-1.262311459
9605,0.249871850,0.891793191
9606,0.485550523,2.616349697
9607,-0.680439413,0.420898616
9608,0.438209832,0.180160090
9609,2.088110447,0.674558878
9610,-0.079988375,-0.239271104
9611,1.582222939,0.405120760
9612,-0.686560929,-1.261331439
9613,-1.843450546,0.945733190
9614,0.215826333,-2.114486933
9615,-1.107043147,-0.091268316
9616,-0.252813309,0.831356585
9617,-0.804844558,-0.028708762
9618,-0.102219485,-0.211610034
9619,3.470347404,-0.064734824
9620,0.287742376,0.099095151
9621,-0.020603051,-0.252416939
9622,-0.497305393,0.084583640
9623,1.122385740,-2.590290308
9624,0.205435410,2.937635183
9625,-1.470591664,0.894816935
9626,0.395802766,0.897662759
9627,1.014482379,0.450646967
9628,-2.030798912,1.109469771
9629,-0.255349219,-0.441444904
9630,0.020379879,0.941543639
9631,0.897806823,0.800891399
9632,-1.747378111,-1.497146368
9633,-0.814799309,-2.296574593
9634,0.934491277,-0.708696485
9635,-0.015668757,1.745917678
9636,0.715137482,-0.514519513
9637,0.296726853,-1.254823565
9638,-0.748866200,0.275521159
9639,0.286959380,-0.892278492
9640,-0.207366303,1.059596658
9641,-0.856233180,0.972611725
9642,-0.291272432,1.191061258
9643,0.707635164,1.911026835
9644,-0.865496457,0.256762177
9645,0.800462961,1.056879640
9646,-0.669797599,-0.203294203
9647,0.181034312,0.212317973
9648,-1.216469526,2.556555033
9649,-0.718089998,0.906554341
9650,-0.143347293,0.118097983
9651,-0.777609944,-2.235076189
9652,-1.950581074,-1.113091946
9653,-0.019530417,0.084815525
9654,-1.719842196,1.197898984
9655,-1.294880986,-0.427306473
9656,0.643346608,1.244524240
9657,-2.002201080,4.348336697
9658,1.205824852,0.985564530
9659,-0.397800922,-2.461257458
9660,-0.468444735,0.007495885
9661,-2.746770859,-0.053231206
9662,1.176524162,-1.254708886
9663,-1.400229692,-0.156927139
9664,-0.895544529,0.344368964
9665,0.349721372,0.932910144
9666,1.228197932,0.579288244
9667,0.775523663,-0.824297190
9668,1.226260304,-1.618399978
9669,0.699336052,1.162565470
9670,-1.101709127,-1.743289828
9671,-0.216407657,0.028996035
9672,1.221758485,0.112046488
9673,-0.771501184,-0.577840865
9674,0.067625672,-0.632840872
9675,-1.071876168,-1.068235874
9676,-2.046562433,0.810330331
9677,-0.942508221,0.320277512
9678,0.502607703,0.653447092
9679,0.102945276,-0.124279246
9680,0.309800744,-0.177863225
9681,0.738730609,0.533779562
9682,-1.511061788,2.125071049
9683,0.650669277,-0.385244995
9684,2.834740162,2.042357445
9685,0.521549702,-0.512420297
9686,-0.121932477,-0.587751985
9687,-1.626789570,0.851659477
9688,-0.363014042,-0.520949602
9689,-1.087974548,1.086472869
9690,1.166200280,0.800495744
9691,1.641017199,0.365682960
9692,0.511751294,0.930027485
9693,-2.148239136,0.557918251
9694,-0.116551086,2.874120712
9695,1.268748879,-0.500958443
9696,-0.288734913,0.181266040
9697,0.398111552,-0.882689297
9698,-0.215726227,-0.159924448
9699,-1.248784065,-0.537679017
9700,-0.351664752,1.305817962
9701,-0.782453656,0.152704090
9702,-1.002437830,1.954132795
9703,-0.100727692,0.047033593
9704,-1.359220266,0.473081827
9705,0.268887460,0.446944833
9706,1.198122025,0.518188894
9707,0.881123126,-0.267074466
9708,0.087568119,0.857010067
9709,-0.291033626,-0.209809840
9710,-0.167075917,-0.769448340
9711,2.361424923,-3.679274082
9712,2.679285288,3.003128767
9713,1.240074158,-0.771002233
9714,-0.900050104,1.138978243
9715,-1.791141272,-0.197771356
9716,-0.860078216,0.584922671
9717,-0.480389178,0.385367721
9718,0.719919741,0.947032690
9719,0.084789462,1.058877707
9720,2.409571171,-0.992871583
9721,0.191422641,-0.160979450
9722,-0.214756310,0.997173429
9723,-0.111040846,-0.030015383
9724,0.651429296,-0.817624509
9725,-0.282478243,0.081939965
9726,1.921905518,0.193468884
9727,0.929208815,-0.547523260
9728,0.055868730,-0.150263995
9729,-0.436453521,-0.315827906
9730,0.110530272,-0.412793159
9731,1.018159866,1.522767425
9732,-2.041488171,2.071326971
9733,-0.113835141,0.429692388
9734,0.297387451,0.746948600
9735,1.266890168,-1.157086015
9736,-2.177127600,-1.029313684
9737,-2.512236357,-0.803092062
9738,0.813529015,-0.538579106
9739,0.887901545,0.947868764
9740,0.106024660,-1.013767004
9741,-1.090648055,-0.265277863
9742,-0.141056567,-0.648811638
9743,0.211704344,-2.885158062
9744,1.049847960,-0.418710917
9745,-0.646362245,1.189983487
9746,1.657138348,-3.005392075
9747,-0.571274877,1.725453854
9748,0.234189257,0.430357873
9749,-0.194524363,0.170104131
9750,-0.203247190,1.594743490
9751,-0.696361423,-0.992539644
9752,-0.619687438,-2.029413462
9753,2.636555195,-2.556260824
9754,-1.172584057,-1.309474349
9755,-0.189983785,-0.095107116
9756,0.218954623,0.713442802
9757,-0.591458440,-1.027103424
9758,-0.244596317,-0.949548125
9759,-0.820393264,-0.776223123
9760,-1.408642054,0.980627954
9761,2.410242558,-0.561390758
9762,-1.555329442,1.202093005
9763,-1.698040128,-0.015497630
9764,-0.253449410,-1.088180065
9765,-0.104897015,-2.504592180
9766,-2.979425430,0.878753901
9767,-0.650612950,-0.675998449
9768,1.181677222,0.121005438
9769,0.330147445,-1.692261696
9770,1.312087893,-2.115478277
9771,-0.376969457,1.461330652
9772,1.723077536,0.571700871
9773,2.026228189,1.949984670
9774,1.017750144,1.264236689
9775,-0.007920233,1.347513556
9776,-0.123063073,-0.688083172
9777,0.681605577,1.422988296
9778,-1.011525869,-1.556517124
9779,-0.348022759,-0.875059009
9780,-2.056165695,-0.307194173
9781,-0.729368091,-0.703929663
9782,1.112518787,1.590001822
9783,0.511514306,-0.260395885
9784,2.027741432,0.536901474
9785,-0.475470960,0.583823264
9786,0.211418420,0.530041218
9787,0.980078220,0.418354660
9788,0.665009618,-0.105264179
9789,0.002390970,-0.261336684
9790,0.332951546,-0.621808112
9791,0.304518670,-0.292949975
9792,-0.179101422,-0.636472642
9793,1.290363789,-0.729367495
9794,0.830946445,2.216705799
9795,0.173176855,-1.685419440
9796,-0.654466271,-1.909284234
9797,-0.841008127,0.039521009
9798,-0.368175894,0.772995234
9799,1.309736729,-2.122630835
9800,-0.969870865,1.188330650
9801,1.172402620,-1.005196571
9802,-0.966587722,0.710938513
9803,0.419995606,-0.199578896
9804,-0.324297965,1.614880204
9805,-1.478195310,-2.191460848
9806,0.388047934,-0.740969419
9807,-0.158842310,0.080932550
9808,-0.969290435,0.256115347
9809,-1.729305983,-0.091569766
9810,0.226000980,1.126409173
9811,-1.486952305,0.542093515
9812,1.481813908,0.103169307
9813,1.813999057,1.378315330
9814,0.211418569,1.070136428
9815,3.509350300,1.638321638
9816,1.202761889,1.647886276
9817,0.623797297,0.154466495
9818,2.033851385,1.018116593
9819,0.113248177,-2.002356291
9820,-1.329411030,0.933324337
9821,-0.307846844,-0.273148715
9822,-1.592680097,0.111809500
9823,-0.938041449,-0.997764587
9824,-0.224516466,-2.121652126
9825,-0.495646477,-3.209868193
9826,3.335284472,-0.217262313
9827,1.216359854,-0.239970922
9828,1.316283584,0.991939783
9829,1.640039086,-0.905113041
9830,0.773579061,-0.167306423
9831,0.159435660,-0.334873289
9832,-0.160759032,-1.644716382
9833,0.337682039,-0.501565695
9834,-0.189207897,-0.604709923
9835,0.283513546,-0.901793182
9836,-0.264514655,-1.724610567
9837,-0.510094225,0.527126610
9838,0.776571512,0.404236257
9839,0.283623189,-0.913045049
9840,-0.179822832,-0.023811368
9841,-0.744682193,-0.587474227
9842,1.509791970,-1.902204275
9843,-1.460557699,2.252693176
9844,-0.821914375,-0.321115226
9845,0.147821620,0.426918000
9846,1.193848372,-1.570326209
9847,0.355702728,0.619631708
9848,-1.212176919,0.103422016
9849,-0.280806750,-1.085815668
9850,2.510299444,1.766658545
9851,0.916116595,-0.392283738
9852,-0.201585978,0.479757994
9853,-0.139336899,-0.885405838
9854,-0.862244010,-0.413938791
9855,0.307050377,-0.838454723
9856,-1.816842675,0.076149225
9857,-0.672497869,-0.055009466
9858,-0.642767131,0.837750673
9859,-0.381249905,-2.649118900
9860,0.188441858,-2.199053049
9861,0.723188519,3.427905083
9862,-0.795626342,-3.255184889
9863,-1.744197249,2.214924812
9864,-0.652975023,-2.096108675
9865,0.277476013,-0.089902423
9866,2.056251764,2.084343672
9867,-1.272881031,1.724752784
9868,0.363727450,0.135083377
9869,0.046496060,-1.238203645
9870,1.448237300,-0.604585707
9871,0.754266322,0.218287066
9872,-0.168232709,-0.033394776
9873,-0.012346051,-0.475455463
9874,1.917214036,0.183762297
9875,1.701119900,0.199322715
9876,0.257731378,0.087035917
9877,0.854783356,0.439169854
9878,0.778562248,-0.053023476
9879,-0.175403267,-0.201035783
9880,-0.576857626,2.462353706
9881,-1.792616725,1.833562255
9882,0.466558665,-0.442357481
9883,0.528266251,-1.146628618
9884,0.665048063,-0.126480252
9885,-3.524147749,-2.528701782
9886,0.355092824,0.461516798
9887,-0.620292246,0.549274206
9888,-0.968833327,1.200613141
9889,-0.731383920,0.382776588
9890,-0.935111523,-1.170209169
9891,1.430651188,2.358814001
9892,0.853436351,2.282230854
9893,-0.129390091,0.670323968
9894,-1.125398755,2.491147518
9895,0.740571797,0.672713876
9896,1.465722203,-0.822803974
9897,-1.223046541,-0.493112385
9898,-0.760834455,0.148744345
9899,0.134145245,0.271908700
9900,0.508154750,-1.597201943
9901,0.925718129,0.526434839
9902,-0.373805195,0.464002877
9903,-0.035191551,1.433932066
9904,1.230583072,-0.634662211
9905,-1.479649425,-2.151196003
9906,-0.655482888,0.467846572
9907,-1.608071923,-0.846127391
9908,-1.773826361,-3.178029776
9909,0.226887718,1.119586110
9910,0.171518654,-1.949569821
9911,0.219027579,0.455871582
9912,0.188823491,-1.524590850
9913,0.023563473,0.363972723
9914,-0.107656389,-1.242328644
9915,0.294333398,0.996289432
9916,1.194481969,-0.062950641
9917,-3.360544920,0.829212725
9918,0.674230754,-1.022138596
9919,0.538477540,-0.608763814
9920,-1.628512502,1.314984441
9921,2.234021187,1.159090877
9922,-0.219213039,-0.101636089
9923,0.078477629,-0.336028636
9924,1.335982084,2.164439440
9925,-0.163162142,-0.147675186
9926,-1.157407165,0.753070295
9927,-0.540607989,-0.459126681
9928,-0.246911883,-1.168058395
9929,-0.254000425,0.085898347
9930,-0.344462514,1.345804453
9931,2.505632639,0.386705846
9932,1.350202799,2.549459934
9933,0.912018418,-0.910773993
9934,1.058001280,-0.609192193
9935,-0.813557565,0.959840178
9936,-0.284176260,-0.439769506
9937,0.543946564,0.138023928
9938,-0.496312559,0.764078438
9939,1.079842567,0.424117446
9940,0.466784000,-0.323581874
9941,-0.287673414,-3.203783512
9942,-0.786322296,-1.175548196
9943,-0.948245108,0.954454064
9944,-1.108088613,2.892493486
9945,-1.054331064,2.503328323
9946,-2.870908737,-1.159626842
9947,1.989010453,2.889559984
9948,-1.915661216,0.612046659
9949,0.209102184,0.326859981
9950,-0.096231580,0.888102651
9951,0.478488505,0.792664051
9952,-0.520134985,-0.564686716
9953,-2.015547514,0.010638351
9954,-0.187657371,0.058095638
9955,1.243317962,2.212750435
9956,-0.168313652,-3.095913649
9957,0.076421589,1.083261371
9958,-1.554661036,-0.147198677
9959,1.650096774,-0.791735888
9960,-0.517119765,-0.527565777
9961,1.510585070,0.556075394
9962,-0.889154196,-0.012197883
9963,0.841723084,-0.564069927
9964,0.712846398,1.055003881
9965,-0.364366144,0.376964778
9966,2.210135221,-0.953277051
9967,-0.777727962,1.606766939
9968,-2.662529230,-1.580864549
9969,-1.007166862,0.411961973
9970,1.014970422,-0.468429625
9971,-0.002351447,0.065682955
9972,-1.391610742,1.538315058
9973,-0.886985779,0.356587648
9974,1.301563501,0.660646498
9975,-1.301689506,-0.597078741
9976,-1.010811448,-1.652885675
9977,-0.932689965,-0.220803887
9978,0.197180688,-0.811997890
9979,-2.514976025,0.034197580
9980,0.671424448,0.050003152
9981,-0.513713300,-0.532335758
9982,-1.730258703,-3.450677872
9983,-0.445292979,-0.536403835
9984,0.746116698,-1.242439389
9985,-0.022560548,1.239617348
9986,0.196974322,-0.175904140
9987,-0.427082658,-0.366786718
9988,-0.406069428,-0.051804308
9989,0.870827019,-1.063709140
9990,-2.373203993,1.841611505
9991,-3.279027462,-0.598479867
9992,1.366544843,-1.226870418
9993,0.020090777,-0.922488689
9994,-0.590895891,-1.014025450
9995,0.088764250,-0.591808736
9996,2.022398233,-0.562912107
9997,1.969518065,0.564665914
9998,0.117969073,-0.197491407
9999,1.137367606,0.682446063
