index,acc_x,acc_y
0,1.287034273,0.213379845
1,0.496580929,-1.265244722
2,-1.272185206,0.597337246
3,1.943294048,0.126835600
4,1.552517533,-1.235893965
5,-0.103665650,0.444577605
6,-0.795777380,2.220454454
7,1.815095782,2.310683250
8,-1.055138230,0.019960061
9,0.514691889,-1.203300357
10,-0.094323598,0.310323209
11,-0.716651618,1.103902936
12,0.750632465,-1.333978891
13,-0.215022162,0.884260118
14,0.224977449,0.644143343
15,0.232600644,0.333068341
16,1.679926395,-0.556025028
17,-1.663800716,-1.712962627
18,-1.242675304,1.060823202
19,-0.130151525,0.186497822
20,-2.779011250,-0.624393940
21,0.343895555,-0.102149978
22,0.522847950,1.243014693
23,-0.737972736,0.074931011
24,0.620035172,0.330076665
25,-0.031647466,-0.519585848
26,0.575415194,0.102452427
27,0.441568851,0.838813424
28,-0.844560087,-0.321529537
29,-0.444910824,0.169678524
30,-0.530325472,0.137598678
31,0.937746704,1.828503489
32,2.104650974,1.145363331
33,-0.166015431,0.698787212
34,-0.036199313,-1.360893130
35,-0.477507800,0.254830778
36,-1.209342241,-0.775122166
37,-2.801915169,0.757332623
38,0.031288140,-0.153623089
39,0.317405581,-0.127813250
40,1.657713175,0.169702739
41,0.342352241,1.605507612
42,-0.692713320,0.561109602
43,-0.063481234,-1.282440782
44,1.154306412,0.376794040
45,-1.832969308,-1.103722095
46,-0.016605338,0.222896934
47,0.309961170,0.481639743
48,2.106739759,-1.702557564
49,-2.309022188,2.084102392
50,1.004880309,-0.469952822
51,-1.585331321,1.060870647
52,2.604873657,0.112766899
53,-0.719664395,-0.297580153
54,0.686699748,-0.895182133
55,0.147369325,-0.192829147
56,-0.383487940,1.590521574
57,-1.133887410,-0.546604574
58,-0.130958945,1.772383928
59,1.821524143,0.129661202
60,1.400337815,0.051736504
61,1.446350694,0.865922987
62,0.800698876,-0.217430383
63,2.167331696,-0.907329679
64,-1.534906983,0.540363312
65,-0.329332769,-0.479522854
66,0.435584426,0.166559905
67,-0.288145959,-0.227740616
68,0.779164791,-0.062844515
69,0.254670739,0.599744797
70,1.879903555,-1.300572753
71,-0.749705195,1.043509603
72,-0.976513922,1.737927794
73,0.223535180,0.663441539
74,-0.368429124,-2.611325026
75,1.997792602,-1.938452721
76,-1.046669245,-0.949155569
77,-4.388045788,0.213503793
78,1.051093340,0.369178534
79,-1.783530712,-2.093408585
80,-1.273684025,-1.680906653
81,-0.761197269,-0.156591505
82,-0.481465459,-0.781729996
83,0.403437138,-0.052513357
84,0.157709867,-0.054344840
85,-1.404682636,-1.056560755
86,-1.240613222,1.604490638
87,2.693367720,-2.622643709
88,0.964596212,-2.288669109
89,-3.553441763,-2.406485796
90,0.541860104,-0.535600483
91,-1.478185892,-2.513422251
92,-0.539650440,0.743467689
93,-0.105776623,0.663386762
94,-1.526473999,1.594342113
95,2.721192122,-1.469341874
96,-0.306007892,0.229890123
97,0.953602910,0.987402797
98,1.117124081,0.567025721
99,0.251805782,0.107181661
100,-1.242468596,4.119183540
101,-1.076258540,-0.324634910
102,-1.517304540,0.400771379
103,-0.817559481,2.575009584
104,0.340065479,-0.061286766
105,-0.033709433,0.070324190
106,0.326749146,0.235693336
107,-0.268611938,0.707765520
108,0.376589268,1.368295908
109,-0.743875742,-0.332413107
110,1.754902005,-0.084871553
111,1.494236350,1.930366039
112,-1.648807049,0.477602184
113,2.239284515,1.998818994
114,1.756693840,-1.735709429
115,-0.700556517,-0.478181720
116,-0.110806488,1.880562425
117,-1.469864249,-1.000372767
118,-0.250032067,0.217325166
119,1.242644548,-0.463006884
120,-0.111642011,0.512564540
121,1.552245498,2.432168722
122,-1.256431580,1.671918511
123,-1.907414436,-1.606832266
124,0.602552235,-1.026298642
125,1.336383104,1.715708613
126,-3.618097544,0.621511340
127,-0.216330677,-1.873201966
128,-2.702659130,-1.479116678
129,0.132204026,-1.194862127
130,-0.404615343,-1.448773026
131,0.107445002,1.753361464
132,1.257474780,0.203461036
133,0.526854336,0.242269620
134,0.352672189,0.255749673
135,-0.311828941,0.046692386
136,-0.644462347,-0.299932599
137,-1.845074654,1.527496099
138,-0.317360461,0.198531538
139,1.095168471,0.377934039
140,-1.263160348,0.904332757
141,-0.871182799,0.239315927
142,-0.164657697,-0.115035243
143,-1.451465249,0.265198708
144,3.564127445,-2.608441114
145,0.104692198,0.433887601
146,-0.676811755,-0.209688723
147,-1.082429051,-1.205045462
148,-1.199981213,-0.272348851
149,0.934082150,-1.398775697
150,-0.102399580,-0.738196313
151,-0.137254670,-0.679273665
152,0.172310591,0.738186717
153,-0.208879933,1.401869655
154,1.029124022,-0.920411348
155,-0.785521507,1.086454630
156,-1.176316023,-0.043025058
157,-0.744450629,-0.460146576
158,1.642616153,-1.318035245
159,-0.575128436,-1.178432465
160,-0.046885546,-1.255298853
161,-0.331343442,-0.299097747
162,1.823144794,-0.294371128
163,-0.080910265,1.370409369
164,-0.279985309,-1.592943192
165,-0.514615059,-0.087622099
166,2.290954828,-1.198344588
167,0.795238018,1.083559513
168,-1.970768571,1.878629327
169,2.654879570,-0.917888582
170,0.829248011,0.756297767
171,-0.869104028,1.004670739
172,-0.849558711,1.033507109
173,0.686461449,0.753094435
174,-0.837517858,-2.139092445
175,-0.991920173,-1.269535542
176,1.768272042,0.158443257
177,-0.503038228,0.597348869
178,-0.399794430,-0.727742732
179,-2.065034151,-1.605249166
180,2.058795214,0.450013489
181,-1.183192611,-0.834941506
182,-0.332094699,-0.682006121
183,1.187485337,1.235018969
184,1.300918818,0.258974433
185,1.905621171,-0.612893641
186,0.242673203,-0.466272056
187,1.968457937,1.457201123
188,0.661278009,-0.024120810
189,1.216640353,-0.492614448
190,0.760927737,0.101676151
191,-0.891552866,0.486864865
192,-0.882699192,-0.421890646
193,0.016802201,-1.543827415
194,1.358132839,1.459821463
195,2.312707186,-1.409221768
196,0.695653379,-0.300184995
197,-0.577469647,-0.368593425
198,0.504121304,-0.668180048
199,-2.490512848,-0.723265767
200,1.770280838,-0.036622532
201,-0.476173043,0.250549793
202,0.364425689,0.287026554
203,0.309702128,-0.974752009
204,0.142381579,-1.443435431
205,0.624285936,-0.278499752
206,1.063513517,-0.001889123
207,-2.187062263,-1.362563491
208,0.283308744,-0.537332058
209,-1.242891669,-1.513283253
210,-0.511073232,0.741592765
211,0.363494605,-1.027094722
212,-0.253045201,-0.661541700
213,-0.637675107,-0.246412799
214,-0.943397224,0.165332630
215,0.662396848,-0.920581222
216,-2.060093880,-0.131557018
217,1.972586989,-3.799588919
218,-0.251431704,0.078835376
219,-2.406857491,-0.723585546
220,2.004870415,-1.002109170
221,-0.205502778,0.331306905
222,1.623510003,-0.181792438
223,2.671097040,0.488627285
224,-3.934783936,-2.707481146
225,-1.530234218,-1.158249259
226,2.893002987,-0.331620216
227,1.687340736,0.782579720
228,0.191728055,1.200439453
229,-0.860386252,0.962239921
230,-0.119846314,2.153166533
231,0.009166654,-1.844920278
232,2.267806530,1.674046993
233,-3.091526270,0.377512574
234,1.810890317,-2.023540258
235,1.207419872,2.519368887
236,0.855435491,0.996972740
237,-0.534636199,-3.591223001
238,0.793125033,0.371389151
239,1.022477865,0.042215958
240,-0.768816948,1.368051410
241,-1.478634477,0.144129798
242,0.298766166,-0.581157744
243,-0.548792481,1.386388779
244,-1.195247650,0.728537858
245,-1.401462793,-0.528562486
246,0.065504372,-0.253594548
247,-0.437976331,0.018563144
248,-0.720556676,0.611456275
249,1.158919930,0.992907107
250,0.564617395,1.762775898
251,1.155030727,-0.303104579
252,-1.780961633,0.588750064
253,1.438053489,-1.800626159
254,0.133943841,-0.391716331
255,-1.189906716,-1.259208441
256,3.143519640,-0.334663749
257,-0.000055309,-0.101698123
258,-0.546911061,-0.111925416
259,-0.041112967,0.248335034
260,-2.010247707,2.928956747
261,0.093219683,-0.138915256
262,-0.113136545,-0.364981592
263,0.867470443,2.194396496
264,1.263155580,0.860165834
265,1.207206488,-0.836279333
266,0.222282201,-0.275862753
267,-0.103106603,0.190473840
268,0.118736938,-0.180415228
269,0.519509435,-2.194515228
270,0.349364787,0.202256739
271,-0.048198726,-0.686116815
272,-0.220014632,-1.753790259
273,2.089533806,2.466752768
274,0.046223957,0.275038570
275,0.201239765,-0.365021557
276,1.242488265,0.545950294
277,-0.622134149,-1.308446527
278,-4.533174515,-0.217257604
279,-0.557060957,0.146015108
280,0.013445303,0.271042854
281,-1.865827918,0.983738899
282,0.743900895,-0.324686915
283,-0.659055889,-0.799632668
284,-0.194317117,-0.045072973
285,0.513764203,0.634571373
286,0.519615829,-1.806736946
287,-0.354706675,0.876495659
288,0.329848588,0.581971824
289,0.094642915,-0.577211320
290,2.208043098,-1.923952222
291,-0.044547465,-0.244545862
292,-2.144350052,0.687009633
293,-1.001152039,0.233990625
294,0.673471212,1.543959022
295,0.027050897,-0.310169905
296,0.556308925,0.006804711
297,0.335459054,-0.126056999
298,-0.518325865,0.103110746
299,-0.544776440,1.277841687
300,-1.505984783,-2.847290039
301,0.801610053,0.284097821
302,0.040812742,0.176178977
303,1.189529300,-0.448665082
304,-0.235754192,-0.631340921
305,0.150414541,1.271802306
306,0.151889220,0.102658063
307,-0.639720917,1.139761806
308,-0.828373611,-0.949268401
309,0.095728613,-1.080876946
310,1.376706839,0.982246995
311,0.020806611,-2.996644020
312,0.828725457,-3.552886009
313,-0.098505497,-0.154690549
314,1.533895135,-1.624884248
315,0.102163807,1.564620852
316,-0.149373069,-0.308749259
317,-0.670280635,0.435809642
318,0.110765807,-0.003941917
319,2.246180773,1.128745437
320,0.301503479,-0.775541365
321,-0.009519564,-0.206755877
322,1.353270173,-0.252030253
323,-0.020711936,-0.969270647
324,1.816362381,-1.145007849
325,0.249009043,0.154114872
326,0.911858201,0.430590093
327,0.337628394,-0.589921236
328,0.732008100,-0.161933288
329,-1.534839749,-1.833786249
330,-1.528476238,-1.074629068
331,0.756043792,0.220826596
332,1.338665128,-3.144321680
333,-1.667719483,1.691810966
334,-2.950827360,4.200940132
335,1.896251917,-2.418665171
336,-1.332440257,0.216877207
337,1.398038030,-0.097665749
338,1.233548522,0.859285116
339,-0.873085618,-2.151232243
340,0.226848170,-0.363773763
341,-0.025226062,-1.319412708
342,0.993354738,2.050940275
343,-0.085058786,-1.312920928
344,0.238732263,-0.588873982
345,1.010491848,-0.287292778
346,-1.152013183,1.617353082
347,2.076839209,-0.024608590
348,-0.111878209,-0.037806410
349,0.599963546,2.087241173
350,0.012920193,-1.880414605
351,-0.875842810,-1.551631212
352,-1.545161843,-0.130285546
353,0.598659337,1.037234426
354,1.097997189,-0.300688416
355,1.980409861,1.252605081
356,0.560327947,2.651644230
357,-0.103243604,0.734715044
358,-0.279893160,-0.957225502
359,0.712510824,1.402562737
360,-0.109904870,0.516659319
361,0.668688893,-0.585627198
362,-0.858632445,-1.117018700
363,0.156213269,0.880262911
364,1.029126167,0.210543782
365,-0.822103620,-0.377244204
366,1.210609317,-2.673749447
367,-2.171429396,0.890295088
368,0.710781395,-1.053735256
369,1.872484803,-1.608067393
370,-0.657351911,0.512483835
371,0.224994794,0.116192140
372,0.576361537,0.135829151
373,-0.184084475,0.369255304
374,-0.316319883,-0.136382535
375,1.714030862,-0.360552192
376,0.665022433,2.114638329
377,0.635038316,-0.050293274
378,0.316498131,0.266958535
379,0.103241622,0.191335186
380,0.855073988,1.350386143
381,-1.384220362,0.969057262
382,-0.095414370,-0.266913563
383,-0.133311942,-2.380305529
384,1.031923532,-0.180853933
385,0.629679382,-0.664494872
386,0.695343494,1.466622114
387,-0.770346880,-0.746014059
388,-0.366594493,-3.129562140
389,-0.270700544,-0.566775262
390,3.290844440,-2.176218987
391,-0.612777829,-0.520925105
392,2.901861429,-0.283023149
393,0.976004124,-2.462322235
394,0.915731668,0.164550424
395,3.812759161,1.039853573
396,-0.112384737,-3.023334742
397,0.020655535,-1.558712363
398,-0.119043462,-0.342032373
399,-1.327084780,-0.297518581
400,-0.708190143,-0.770039976
401,-0.713903248,-0.592289567
402,1.551198602,-0.642123580
403,0.090448096,-0.134038627
404,1.779404163,2.414302826
405,0.394158751,0.609537065
406,0.375285715,1.118781567
407,2.300706625,0.953829110
408,1.086113453,-0.879765391
409,-0.127526507,-2.159830332
410,-0.501248837,-0.653806925
411,0.044806708,0.848989844
412,1.233188272,-0.595340014
413,-0.634648502,1.840232134
414,-0.240475237,0.877732754
415,3.462627649,-0.680185080
416,-0.108323395,-0.631206334
417,0.523237705,0.217721209
418,1.087968111,-0.498240948
419,0.307748616,3.260196686
420,-0.588027418,3.304488420
421,0.103227168,-0.166733131
422,0.140205592,-0.073405847
423,0.392897576,0.061235450
424,-1.258503437,-0.799998999
425,-1.467248797,4.471649647
426,-1.298212647,1.081499934
427,0.013642003,-0.454314649
428,0.601765335,-0.318928570
429,-1.131366968,-0.780810893
430,0.217832729,0.294964641
431,-0.613740563,0.264508665
432,-0.236130998,-0.195078999
433,-1.495207310,-0.810513794
434,0.185713992,-0.183136463
435,-2.815573215,0.463408321
436,-1.482475400,0.479990393
437,1.021318197,1.475228548
438,1.753080606,-1.525643229
439,-1.696326971,-0.233645573
440,1.197135091,-0.205069363
441,-0.059586901,0.893543422
442,0.065003134,1.886706948
443,-1.045042276,0.257305324
444,0.633381128,0.208694071
445,3.223855019,0.487820983
446,-0.871657193,-0.363994598
447,1.882350445,-0.597858667
448,-1.597236991,-1.895301461
449,-0.386054695,-0.337608218
450,0.874656975,3.011999607
451,-2.093472481,0.319694608
452,-1.773135543,0.261373520
453,0.583938956,1.501546264
454,-0.828366697,0.142908603
455,-1.443122506,0.420259386
456,0.747073889,-0.338526666
457,-0.359303266,-0.327227920
458,0.641798854,0.009982107
459,-0.420289993,1.110008836
460,-0.939378500,-0.520303667
461,0.242204890,-0.308513194
462,-1.021050811,-1.305595994
463,-0.440426350,-1.792140007
464,0.332285404,0.617653191
465,1.150997162,1.095201373
466,2.341253757,2.137190342
467,0.370067388,0.994779706
468,2.513002396,-4.436759472
469,0.045132179,0.557410955
470,-0.267801791,-1.748426914
471,0.135464832,0.112177305
472,1.582767367,-0.842591465
473,0.238955781,0.386898816
474,0.238885328,-0.521305561
475,-0.059524409,-0.250296861
476,0.011109401,-2.073155403
477,3.223222733,0.616580367
478,0.698005378,0.132795170
479,-0.939473033,-0.642610788
480,-2.296393871,0.096039422
481,0.621243358,-0.421117932
482,0.943373501,-0.591955006
483,1.084857464,2.850044250
484,-0.049791358,-1.419193149
485,-1.018735290,-0.066847615
486,-0.084316224,3.233063221
487,1.243589401,0.406471878
488,0.591942191,1.370788217
489,-0.234764263,0.067801021
490,1.356224060,-0.606271446
491,-1.949573159,0.880274177
492,0.289002538,0.024316719
493,-0.096032433,0.248094544
494,-0.028290292,-0.447373778
495,-0.990678072,1.735201001
496,1.790598273,0.562621713
497,0.141739339,-0.262447625
498,-0.458932310,1.767746449
499,-0.181409597,0.086323872
500,-0.711040914,-2.663155794
501,-0.650574684,0.120303094
502,0.474654108,-1.399460196
503,-0.732329011,0.777358949
504,-1.251546621,0.285782367
505,-0.732787967,-1.953888535
506,0.368758589,1.780561924
507,0.334578127,-0.899306715
508,0.275950521,0.178360194
509,-0.803842425,1.996732235
510,-1.350481272,-0.741038978
511,0.509784997,1.550258756
512,0.194845021,0.345155388
513,-0.195036501,-0.489077330
514,0.086463325,-2.299106836
515,0.084130108,0.436847389
516,2.558220863,-0.622558892
517,0.083914220,0.148126245
518,-0.357499689,2.983672142
519,-0.749248445,0.733543932
520,0.753901958,-1.624431968
521,-0.753681481,0.331391811
522,-0.207937911,1.418190718
523,1.247165918,0.262207955
524,2.648783207,-0.245705456
525,-1.015021682,-0.897449076
526,-0.310027748,-0.887715876
527,-1.250304341,-0.410772532
528,-0.718890667,-1.140978694
529,3.324156284,0.622922599
530,0.279226184,-0.598961473
531,0.125899956,-0.144445166
532,2.309959412,-0.693417549
533,0.481295168,-1.044451475
534,2.429989576,-0.894601941
535,0.866229892,-0.509463191
536,-0.201295763,2.435060740
537,2.190854788,-1.264705062
538,1.464491010,0.757687271
539,-0.283155471,0.548197687
540,0.266167492,-1.463233232
541,-0.966296494,1.243583202
542,-0.411664039,0.049236666
543,3.477466822,0.915513635
544,0.755660534,0.368476629
545,-0.408397019,-0.232494414
546,-1.398225784,0.258252829
547,0.448238730,0.166182056
548,0.710829020,-1.153738022
549,-0.531364083,-0.277011991
550,-1.418403625,-0.946134925
551,0.329442710,1.609102726
552,0.459834397,-1.942555904
553,-0.337552190,-0.009749081
554,0.941942275,-2.045511246
555,1.607826948,-0.183048129
556,1.082797527,0.440004170
557,-0.361298442,2.425925970
558,0.067028686,-0.197594300
559,-1.353422403,-1.871604562
560,0.041835491,-0.153677538
561,0.045400809,-0.255624175
562,1.540413857,-0.451011121
563,-0.139383376,0.174181446
564,1.007449746,0.632717431
565,1.257217646,-1.320040584
566,2.004742146,-1.022865891
567,-3.017982244,0.947315991
568,0.187392369,2.532572985
569,-0.326641321,-0.065536305
570,-1.964334726,-0.819493771
571,-2.077183485,1.221579790
572,-1.999480009,-0.383590996
573,1.623051882,0.596348107
574,-1.337803125,0.001513431
575,0.871956527,0.458106786
576,-0.230733886,-0.831532955
577,-0.646109223,0.444677562
578,0.091601856,-0.647663713
579,-0.096986629,-1.671149850
580,-0.910669029,4.145427704
581,0.094333649,-3.083999395
582,1.714296699,2.046136856
583,-0.130975723,0.891379535
584,-0.431982577,0.111362010
585,0.662101150,1.559302807
586,0.313439161,1.472671747
587,1.262661099,-0.621171892
588,-0.453733802,1.273212552
589,-0.765053272,-1.451682687
590,2.301986217,2.045632362
591,0.013947640,-0.323947936
592,-0.538252354,0.587367356
593,0.225266308,-0.011814348
594,-1.734129429,0.363649189
595,2.931721926,-1.511860371
596,-3.648603439,1.087734699
597,1.102935076,1.845574021
598,0.373656332,-1.442950487
599,-2.394836903,0.408490658
600,0.920775771,0.340636224
601,-0.692960262,-0.584807873
602,-1.284407258,-1.685209394
603,-0.459543228,-0.106447347
604,1.285166264,-0.711706996
605,-2.200634718,2.268891573
606,-0.705539644,-3.528140783
607,-0.365410745,0.175124854
608,-0.105659172,-1.068754435
609,-0.981021225,-0.474486411
610,0.107006878,-1.213861108
611,1.475992441,1.641505003
612,-2.070102215,0.734957159
613,2.954610348,0.389915526
614,-1.199813485,0.868272841
615,0.426028430,0.925800800
616,-2.483044624,1.496412039
617,0.827607930,0.547874451
618,1.169414997,0.150898859
619,0.922932446,0.387306124
620,-0.375122964,1.761153936
621,1.430425048,0.283596486
622,-0.559968829,-0.342893243
623,4.361325264,1.973375559
624,-2.347432137,0.097833127
625,-0.882245243,0.515976429
626,-1.573580980,2.138379097
627,1.887714267,1.506145954
628,0.976455748,-0.547068119
629,0.979585052,-0.011754041
630,-0.131723002,-0.120383948
631,-1.139609575,1.005284309
632,-0.616721809,0.519342244
633,-2.587803364,-0.769700110
634,1.096401572,-0.410614669
635,0.618597209,1.111699700
636,0.442261994,-1.129437447
637,0.130810261,0.002220870
638,-1.213028550,1.030633211
639,0.067114048,0.148027718
640,0.299280494,-4.311193466
641,0.698535264,-2.161468029
642,-2.448162317,1.007076979
643,1.210969090,1.066588283
644,0.408815056,-0.012330228
645,0.691860199,0.355379432
646,0.983372390,1.079680562
647,-1.040497184,3.328576565
648,0.883526266,-2.533753872
649,0.613951683,0.561868608
650,0.956111252,1.588529944
651,-0.020200444,-1.829358339
652,0.030952942,-0.315396488
653,-0.787704766,-0.538362145
654,0.059926093,1.947239399
655,-0.532458007,0.382963598
656,1.264685631,1.174660444
657,0.167953312,0.565895617
658,-1.107501984,0.179607257
659,0.352209687,-0.737967134
660,-1.626981378,2.617975473
661,0.435930550,3.748690367
662,-0.190024853,0.091930106
663,0.972713828,-0.344890386
664,-0.944415152,-0.822102606
665,0.646609902,0.194628000
666,-0.145230517,-0.202903986
667,-0.363922983,0.163120389
668,0.038935181,0.945752263
669,0.175573617,0.116110556
670,0.089903697,-0.157188803
671,-0.671601832,-0.177772373
672,-0.917913675,1.612191439
673,-0.804796517,1.149545074
674,-0.422308862,-2.327549696
675,-0.123191543,-0.195154741
676,-0.858186901,0.534966230
677,-1.652783275,-2.101970911
678,-1.109084606,-1.106490016
679,-1.647425175,-1.196126223
680,0.998382509,1.626385927
681,0.343339682,-3.225499630
682,0.228975117,0.338608891
683,1.081043839,0.474489272
684,-0.186608776,-0.546757042
685,0.297087520,2.274728298
686,-1.817798734,-0.844397366
687,1.413446307,-0.369862765
688,1.242538929,0.334502071
689,-0.088909768,0.366347671
690,-0.208322749,0.476528704
691,0.476716369,-0.588264704
692,0.427236080,2.123913050
693,-0.324775428,-1.155640602
694,-1.788145304,-1.891463637
695,-0.381649554,0.852339864
696,2.485713720,2.132366419
697,-1.681139946,0.401986599
698,0.437949598,1.080022216
699,-0.478949010,0.282825530
700,0.162885487,0.460586131
701,-0.577724218,-1.162048101
702,-2.895606756,0.580051064
703,-0.578859150,2.550773859
704,-0.695515454,-0.530566931
705,-1.738248348,1.003630400
706,-0.378032476,1.410792708
707,-2.969573975,0.426696539
708,0.400579840,1.521316767
709,1.577893257,0.968980730
710,-0.460403085,3.115852118
711,0.116178244,0.572553694
712,-0.177792862,-0.184106320
713,2.184857130,-0.197873622
714,1.206606746,-1.229785085
715,-2.545588017,0.778217375
716,0.064261749,1.711365223
717,-0.038378738,-0.548485100
718,0.862123847,-0.082651772
719,-0.418609440,-1.338890553
720,0.682928443,-0.861272573
721,0.659696937,-0.286411583
722,-0.889427662,-1.422546864
723,-0.258576959,-1.135330439
724,-0.302798599,-0.045173679
725,-1.381318927,0.354256213
726,-0.526836097,-0.905311108
727,0.215997756,-0.370081246
728,-1.707635045,-3.607396841
729,2.230470896,2.334082603
730,1.764174938,-3.284600735
731,0.100154206,0.333552480
732,-1.080127120,1.326001406
733,-0.158655286,0.135111913
734,-1.544479966,0.314602137
735,1.070716858,3.135205507
736,1.261075735,0.077896394
737,-1.365185380,0.961799204
738,1.316249132,0.697255194
739,1.101682425,0.142494276
740,-0.145171672,0.464698493
741,-2.477635860,0.759078503
742,-0.798741102,-0.274136364
743,1.017990947,-0.065076426
744,-0.382000625,0.415336341
745,2.712812185,0.154438987
746,0.456210077,-1.097048879
747,0.154984310,0.426727325
748,0.106296010,0.351570845
749,0.916111350,-1.000463843
750,0.846369982,0.800356686
751,2.223910570,0.682509303
752,-2.239161491,-1.760872483
753,0.167871147,0.191888377
754,-0.641873181,0.363410503
755,1.741359830,-0.715820312
756,1.336729169,-0.390538752
757,0.373673916,-0.360667884
758,1.837018132,-1.892627835
759,0.917648435,-0.853484929
760,0.263208449,-0.103786796
761,1.343081236,-0.533178985
762,0.756498277,-1.120449543
763,0.779537201,0.594997048
764,-1.895794034,0.326521486
765,-1.109641552,-0.031757895
766,2.479222536,2.493370771
767,-0.391380221,0.442276329
768,0.086096957,0.337937206
769,-1.761029124,-0.249344632
770,0.838760197,0.440674394
771,0.360810012,0.964642942
772,2.718351126,-0.105880804
773,0.344892263,-1.692861319
774,-0.090054952,-0.312387317
775,1.756828189,0.987919688
776,-0.067564555,-0.487213254
777,-0.807966292,-1.019524097
778,-1.388874173,0.294768423
779,-0.078004576,0.642087400
780,-0.435425341,-0.536335289
781,-0.139274746,0.162965968
782,-0.046755597,-0.492804497
783,-1.591544032,0.851206779
784,-0.545114160,0.665172100
785,0.823668361,-0.586410224
786,-0.197602257,0.799430668
787,-1.697929263,-0.669253349
788,0.929275870,0.574542642
789,-0.488591820,1.975554109
790,2.648998260,1.163626194
791,-0.531100631,-0.642832398
792,1.768718243,-0.447889447
793,-1.016794801,2.182872295
794,0.235799000,-0.394108087
795,0.557815731,0.874418259
796,0.625373900,-0.122457899
797,-1.263147950,-0.744796932
798,-0.437388867,0.545107424
799,-0.687439620,0.772526741
800,-0.903967977,-0.037947066
801,-0.137410134,0.237092763
802,0.246382192,-1.005573750
803,0.159491897,-0.030776707
804,0.351863027,-0.988782108
805,-2.020103455,-2.482095242
806,2.801221848,-1.078690648
807,-0.294088364,-0.500831068
808,-0.267788649,-2.030103922
809,0.519979000,0.150383011
810,-0.314753056,1.266271234
811,0.784109116,-0.735847175
812,3.354646683,2.722603321
813,-1.212615490,-1.150784373
814,0.185032755,0.074203774
815,-2.749012947,1.749493003
816,0.416588306,-1.508287549
817,2.453824043,0.642736375
818,-0.784338653,0.715936303
819,-2.224693060,-0.060134247
820,0.986867309,-0.225786179
821,0.300459743,0.160541996
822,0.192750797,0.305606604
823,0.500086427,-0.250056535
824,-0.559776843,0.970973730
825,-0.388169795,-0.530511320
826,0.034404811,-0.194614202
827,-0.708019614,-0.983662009
828,-3.005804300,1.186083198
829,0.653202355,-0.557889342
830,0.034663379,0.513323188
831,1.870826364,0.149611652
832,-0.917186081,-0.291729897
833,0.372961015,0.557825685
834,-0.068641804,0.344845355
835,-0.426897496,0.710243702
836,-0.253017157,-0.071758851
837,-0.448527008,-0.684498310
838,-1.222975135,-0.405120075
839,-0.616644323,0.261752903
840,-1.117457867,-0.112098284
841,1.277553201,-0.222517624
842,0.990257442,1.944786429
843,0.358289301,-0.140554175
844,-0.119066909,0.294098467
845,-3.057068586,0.952905893
846,2.006402016,-1.242899656
847,-0.020402517,0.888600171
848,0.138786376,-0.499476165
849,-0.799488246,-0.097108588
850,-0.993714452,-1.504951715
851,-0.218823746,0.061222658
852,0.684846878,2.119841099
853,0.868353367,-1.350826621
854,-0.116821140,-0.114450768
855,0.748578072,2.631536722
856,-0.353285789,0.071949802
857,1.419286132,-1.197425246
858,-0.878865421,3.332560062
859,0.943461180,-0.587175608
860,-0.060592584,-2.401974440
861,-0.790335238,2.254429579
862,2.199399471,0.510371983
863,-0.220721036,-0.691617370
864,-2.068137169,0.119281247
865,-1.221147537,1.987451553
866,0.246643215,-1.483715773
867,1.195835114,1.007467866
868,0.231437042,0.203915820
869,-0.611534655,0.879223704
870,-0.038093548,1.028524995
871,3.017683268,-0.452832609
872,-0.369847387,0.437490523
873,-1.002193093,1.798887253
874,-1.370993614,0.945612907
875,0.679625273,0.324414074
876,1.001090050,-0.840415537
877,0.096866697,0.342546493
878,0.243524030,-1.152525544
879,0.628987730,-1.856061816
880,1.216520667,0.330063641
881,0.051676448,-0.640227377
882,-1.598819971,-0.123528652
883,-0.702215314,1.259561777
884,-0.071896322,0.546830058
885,0.164653599,-1.444242120
886,0.630421102,0.096342437
887,-0.337849289,-1.703049421
888,0.594954669,-0.749975741
889,0.965624869,-1.870714545
890,0.226637423,0.651573002
891,1.216842651,-1.031570435
892,0.870795131,-0.119483121
893,-0.152876064,-0.223615736
894,-0.358142406,-1.265100598
895,-0.203142762,1.625678062
896,0.433566034,-0.793723464
897,2.254534006,1.783279300
898,-2.137873888,-0.545419157
899,0.615591168,-0.153455675
900,-1.548712969,-2.377152443
901,-1.229108334,1.208701491
902,-0.677919328,0.768809795
903,1.902527332,-0.276088357
904,1.438593626,1.210096478
905,-0.238186195,0.008366583
906,-0.822094917,-0.077452555
907,0.118603259,0.356195837
908,-0.799124002,-2.770602465
909,0.230361119,0.678939700
910,0.409730107,0.144402698
911,-0.359861404,-1.687365770
912,0.337464243,0.752427399
913,-0.914055049,0.664311826
914,-0.425765365,1.272561073
915,0.702213168,-0.673490822
916,0.391005337,-1.726799726
917,-0.074344695,-0.216832951
918,0.169150904,0.670473874
919,0.153171659,-0.008311152
920,1.583682895,0.980838239
921,-1.066186070,0.803461492
922,0.369415402,0.740022600
923,-0.485428154,-0.002002653
924,-1.274424076,0.433612645
925,0.169970855,-1.409826398
926,0.761213660,0.671354890
927,-1.357277036,-0.752833724
928,0.275223941,0.101466499
929,-2.306590557,1.677052259
930,-0.282645524,0.538075030
931,0.020957554,1.665275097
932,0.386032343,0.241442844
933,0.422448963,0.080693699
934,-2.112336397,4.004693985
935,0.013684485,0.996481836
936,-0.136035860,-0.745707154
937,-0.740153491,-0.316169769
938,3.548853397,-1.338584542
939,-1.378851652,-0.032632310
940,0.480302304,-0.728864014
941,-0.196815893,-0.169720292
942,0.007046122,0.726070702
943,0.135580376,1.609246016
944,0.217252836,0.153621569
945,-0.350958556,1.359681129
946,0.794645250,0.435927838
947,-1.240790009,-0.731956422
948,1.730359674,-1.217549086
949,0.061320055,0.460528135
950,-0.925173521,1.169599056
951,-0.414798260,-0.955146790
952,0.063023753,1.798578262
953,-1.355836272,-2.792912006
954,-0.294847369,3.081063509
955,0.613866210,-0.704584301
956,0.886575103,-0.311593413
957,-0.825850487,0.767247736
958,1.117564917,0.386912018
959,-0.483875602,-1.719204068
960,-0.926773667,-0.810789824
961,-0.168050706,-1.709263444
962,1.513921380,-1.201237679
963,-1.896545172,-2.190397501
964,-1.056011081,0.153459102
965,0.835252106,2.169039488
966,-2.605677605,0.079406932
967,-0.812812686,0.447512895
968,0.746724010,-0.578966975
969,-0.060433052,0.485456228
970,1.329720140,1.065634131
971,-0.290945500,0.632039964
972,0.455269963,0.559971035
973,-0.874161482,-1.561204791
974,2.577254772,-1.306866169
975,0.211767301,0.890899658
976,-0.265123129,-0.206089392
977,-2.429867744,-1.128905058
978,0.514172912,4.964787483
979,-0.213294581,-0.417132735
980,-1.452161789,-1.201464772
981,-1.236664891,-0.712092578
982,1.120574832,-0.885512352
983,0.325334609,-0.325493664
984,-0.765403807,0.830728352
985,-1.142911673,0.938894987
986,0.581230044,3.814018726
987,2.141000986,-1.233108640
988,0.108739302,1.293412447
989,-0.146305546,-0.120797217
990,0.146471679,0.084720433
991,2.469585180,1.402697206
992,-1.192297101,1.261024356
993,-0.225149110,-0.168099433
994,2.154489040,1.119006395
995,-1.244298697,-0.451271117
996,0.223001167,-0.156836227
997,0.541688442,-0.546813011
998,-1.154800653,0.926479459
999,-0.565210760,-0.247316897
1000,-0.562188089,1.026247859
1001,0.546499431,4.667121410
1002,1.207212567,0.548748314
1003,1.314133286,-0.989420772
1004,-2.974522829,-2.397995472
1005,2.208483934,-1.198268771
1006,0.209375352,-3.298437834
1007,-0.028743807,-0.423694313
1008,-0.455349118,-0.749080718
1009,1.361144066,-0.683858275
1010,0.819766581,0.823816657
1011,0.247197911,1.006854534
1012,1.775171280,-0.600825012
1013,0.090810329,-0.647698164
1014,-0.720328927,0.299608469
1015,0.435097396,-0.581304908
1016,-1.644990444,-0.804930270
1017,-0.759335279,2.079848289
1018,1.832322955,1.689414978
1019,0.854575932,-1.631485581
1020,-2.102647305,1.817669868
1021,2.470625162,2.001908779
1022,0.544486105,-0.838808239
1023,0.737176776,-0.223335847
1024,-0.006195084,-0.704821825
1025,0.341041595,-1.216197252
1026,2.681020737,1.563580394
1027,-0.632521629,-0.395797819
1028,-0.188616678,0.880570710
1029,0.924798846,-2.846937418
1030,-0.249227688,-1.616429448
1031,-1.327355623,1.444167256
1032,2.545143604,0.104760312
1033,1.870688438,-1.224655986
1034,-0.803363383,-1.983529687
1035,1.328204632,0.472142905
1036,2.832454205,-1.732944727
1037,1.494009495,0.879234076
1038,0.074293420,-1.841269016
1039,-0.890086949,-0.309111446
1040,0.160648838,0.114821672
1041,-0.558972418,0.932987213
1042,0.281254381,0.734643459
1043,-0.128674284,0.357865125
1044,-0.332130820,0.428662807
1045,0.729635060,1.961071253
1046,-0.521302223,-0.717808962
1047,0.799865365,0.990784585
1048,-1.880483866,-2.197052240
1049,-0.504599512,-0.389352560
1050,0.473487079,-0.673308492
1051,-1.045562148,-0.402931213
1052,-0.039956491,0.284724414
1053,0.188582242,0.027418783
1054,0.016370365,-1.270362258
1055,-0.640274405,2.300109625
1056,-0.164935887,-0.435072213
1057,-2.311704874,0.173107237
1058,0.466321945,-0.314680755
1059,-0.182919085,0.205349088
1060,-0.304175526,1.207914472
1061,-2.024317503,-0.481385916
1062,0.271052122,0.473587900
1063,-0.054423358,-0.177797109
1064,-0.571053147,0.786342263
1065,0.404480994,1.540581703
1066,-1.381679654,1.871923804
1067,-0.944617212,-0.299475759
1068,0.599123180,0.538691282
1069,-1.200751543,-1.018729806
1070,-0.379257470,-0.066920511
1071,-0.996065259,-0.855382502
1072,0.483693510,-2.590210676
1073,0.155972987,1.155023456
1074,-0.915286720,-0.798901320
1075,0.860458136,-1.032610416
1076,-1.183216691,-1.077881098
1077,1.071788788,-0.954635739
1078,-0.570728540,0.379895598
1079,-1.272329807,0.416608185
1080,-0.498358577,0.149377346
1081,1.111326218,0.083379798
1082,0.650808632,-0.050228804
1083,-0.018341649,-0.581057549
1084,-1.386375546,0.689598024
1085,0.342967749,1.172480106
1086,-0.404265404,-0.080558024
1087,-0.593015850,0.861858785
1088,-1.999446392,-0.016994277
1089,-0.763967812,-0.767212570
1090,-0.489579856,1.579651833
1091,1.041880369,1.731180191
1092,0.164389133,0.023960842
1093,1.040313244,2.440682411
1094,-0.412231207,-0.848672807
1095,1.666004658,-1.647715926
1096,-0.980797946,0.715815127
1097,-0.637953818,-0.500123382
1098,0.453570396,-0.602304280
1099,2.711719275,-1.655850649
1100,2.955987453,-1.887130022
1101,0.253488302,1.168645263
1102,2.544884205,0.147380695
1103,-1.553575277,-1.473220706
1104,-0.484326869,-0.266991824
1105,0.019975731,1.380694985
1106,0.694339693,-0.611365616
1107,0.096734911,1.193996072
1108,0.037111390,-0.186820880
1109,2.612742901,-1.189246893
1110,0.990896940,1.003232837
1111,-0.011029720,0.728510559
1112,-0.996465743,0.010763189
1113,-0.147947595,-4.303939819
1114,-0.597056508,2.684929609
1115,0.248911470,0.765837789
1116,-0.635700405,0.231641129
1117,0.546200037,-2.177276134
1118,0.911014378,-0.914587319
1119,-0.264084518,0.449750900
1120,0.234708428,-1.075827122
1121,2.652904987,-0.691255569
1122,0.045521088,-1.311445594
1123,-0.159339905,-0.609808207
1124,-0.118659578,-1.058033943
1125,-2.384199381,-1.131468654
1126,-0.081200637,-0.347717822
1127,-0.357706398,-0.351017416
1128,-1.109864473,0.147095352
1129,-1.426915884,0.273640752
1130,0.541258335,0.641500890
1131,-0.965736270,-1.875668883
1132,0.660353780,1.902705312
1133,-0.400501877,2.573680878
1134,0.343461901,0.024737909
1135,2.064073086,-1.153541327
1136,-2.275411367,-0.724761367
1137,0.129926845,1.408179045
1138,-0.702179253,1.065912843
1139,0.475013256,-0.989727259
1140,0.161590680,0.830001414
1141,1.382047296,-0.174890369
1142,0.990005612,0.910152793
1143,-2.098335743,1.500341415
1144,2.174910545,0.704658687
1145,0.341374636,0.280336410
1146,0.937891722,-2.732060432
1147,0.979158521,0.525825799
1148,-1.524817586,-0.615066767
1149,0.121083222,-1.462864757
1150,-0.170836449,-0.621547222
1151,-1.301584840,-3.729800701
1152,-0.771452725,-0.742216825
1153,-0.799566031,2.863759995
1154,2.279234886,-1.297894716
1155,-0.236308783,-0.742223144
1156,-0.457440615,0.311450928
1157,1.898890138,1.433437467
1158,0.716745138,-1.108997941
1159,-0.429100543,0.995638490
1160,1.412144780,-0.534389317
1161,0.328567803,-0.846830606
1162,-0.944010437,0.558616579
1163,-0.138487905,-1.260533452
1164,0.110217400,-0.203981042
1165,0.134306505,0.438839436
1166,0.603590012,0.650835097
1167,0.155237436,-1.947538376
1168,-0.551032484,0.552181363
1169,0.399108768,0.098039463
1170,-1.038519382,1.638583064
1171,0.204018384,-0.768132031
1172,0.633752584,2.083436728
1173,-1.061979651,2.768989563
1174,-1.926366925,0.016645761
1175,-0.530713201,2.095817089
1176,-0.561023355,2.385196686
1177,-0.108534895,-0.574385524
1178,1.725361824,0.016337370
1179,-1.244423866,1.098592162
1180,-0.231779486,0.209351420
1181,0.137152240,1.880891323
1182,2.360708952,0.492825806
1183,0.999216497,-0.641380787
1184,-0.267002940,0.284767896
1185,1.090564847,0.148131579
1186,0.144457370,-0.215369940
1187,-0.281922787,0.952926219
1188,0.590884149,1.298266411
1189,0.421439648,-0.615467012
1190,-0.422285080,0.219760418
1191,-0.455603838,-0.737196684
1192,-0.173449248,-0.055733420
1193,-0.355889112,-0.120106019
1194,-1.870756745,-0.462307960
1195,-0.660938144,-0.368821263
1196,-0.127885088,-0.964123011
1197,1.938577533,-1.325781941
1198,-0.577017307,-0.814858496
1199,-1.833249688,0.012506300
1200,2.106856108,-0.420346826
1201,0.436119616,-0.299861431
1202,-0.080790654,-0.146225378
1203,0.753829300,1.349189878
1204,0.436202496,-1.326070547
1205,-0.056218985,1.207980633
1206,0.188630790,0.049516145
1207,-1.218672872,-1.062026620
1208,0.667305708,-0.912163973
1209,0.987577081,-0.416595399
1210,0.853657663,0.398158401
1211,-3.447730064,1.376123786
1212,-1.451668859,-0.719311953
1213,-0.034696616,0.182039171
1214,-2.655238152,-1.021387458
1215,-1.184926391,-0.705842137
1216,-0.542410851,0.531965613
1217,-0.595049918,-1.846167922
1218,0.398242265,0.042836379
1219,0.120693080,0.088906147
1220,-0.332469970,-0.063108414
1221,1.637336493,2.214046955
1222,-0.151952550,-1.093692183
1223,-0.147456542,0.657716513
1224,-0.496583521,-0.582849920
1225,-3.501877546,1.583992243
1226,1.135438681,-0.961034715
1227,0.056970302,0.686756492
1228,0.589396894,1.118352771
1229,1.505863190,0.498399287
1230,0.078041680,0.027579257
1231,-0.527814448,0.190030769
1232,0.614281774,0.813814938
1233,-1.530599594,-0.166202649
1234,1.226372123,1.016042352
1235,-0.154981002,0.100789040
1236,-0.236600310,-0.177327439
1237,-1.278646350,-0.457952052
1238,-0.477120608,0.393402159
1239,0.005294506,0.151690215
1240,3.176553726,-0.124206401
1241,1.702823639,0.360595405
1242,-0.075464934,0.186713904
1243,1.816037774,-0.366753489
1244,1.685428739,0.207642376
1245,-0.730040371,-0.126493096
1246,3.234015465,-0.009127336
1247,-1.562327385,-0.100657463
1248,0.110921286,0.400994986
1249,-1.324440956,-1.851991653
1250,1.785786390,2.577114582
1251,-1.107998490,1.345289707
1252,-1.581335664,0.575124562
1253,-2.099732637,0.107649677
1254,1.149994493,1.058797240
1255,-3.242308617,0.751142979
1256,0.005170110,0.277473241
1257,0.555782914,0.945622146
1258,0.579058468,0.508865774
1259,-0.173487589,0.427375823
1260,-0.816641808,1.052372932
1261,-1.818294883,-0.803250730
1262,0.023573790,-3.684837341
1263,-1.219078898,4.003674984
1264,0.990893781,-0.747937679
1265,0.494239926,0.424254745
1266,-0.483179212,-0.324546278
1267,-1.367068887,-1.694341302
1268,0.720249593,0.150888592
1269,0.401912302,-2.182581663
1270,1.096220732,1.271524310
1271,-0.139669746,0.688969612
1272,-1.061791897,0.290384352
1273,1.496210217,0.229092076
1274,-0.065181009,-0.295781642
1275,-0.442627072,-3.271095991
1276,0.130202964,-0.219027460
1277,-1.872721314,1.292071104
1278,-0.901727438,-0.234344751
1279,0.251796454,0.173253134
1280,-0.767868578,0.717723489
1281,0.053314928,1.192162395
1282,-0.681820333,0.267339528
1283,1.049220920,1.626727819
1284,-0.041466240,0.490436077
1285,0.143529594,-0.198448375
1286,-0.375992984,-1.010954857
1287,1.575473309,-2.319030046
1288,0.944017470,-1.526879311
1289,1.473865032,-0.004136634
1290,-0.675455809,-0.031939972
1291,0.207266569,0.494762361
1292,-0.989566505,0.379778743
1293,-1.330817580,-0.398182571
1294,-0.510981679,1.127671480
1295,0.365441144,-0.326769531
1296,4.348721027,-1.214026690
1297,0.529991984,-0.112681746
1298,-0.363937587,-1.367456913
1299,-0.334514618,0.233432963
1300,1.580438972,-1.105326533
1301,2.019467354,-1.188567281
1302,0.441714346,0.875972450
1303,0.164219514,0.724653900
1304,0.935306966,-1.782260656
1305,-0.406282634,1.082939386
1306,-1.553731203,-0.385454595
1307,-0.817886889,-0.950204492
1308,1.413336039,-1.667210460
1309,1.048065305,0.977550566
1310,-1.125517964,3.219187260
1311,2.339234352,-1.613440275
1312,0.841621637,-0.580752373
1313,0.510600984,1.655418515
1314,0.395909637,2.031909466
1315,0.908680320,-0.112844117
1316,1.317925334,0.064483374
1317,0.012039272,-0.332157969
1318,1.578068972,1.335330963
1319,1.994046807,-1.812846303
1320,-2.289015055,0.088988379
1321,0.933630228,0.051989846
1322,0.456496269,-0.989876568
1323,-0.631689489,1.128898740
1324,-0.573440731,0.876719654
1325,0.266357005,-0.193839371
1326,-0.138089284,-1.044064879
1327,-0.502349615,-1.099156976
1328,-0.259746552,0.097494721
1329,3.318115711,1.639331698
1330,0.090510659,1.670005679
1331,-0.545828760,0.459709734
1332,1.939377546,-1.872401834
1333,0.325950950,-0.812645197
1334,0.671885729,0.096923389
1335,2.932399511,2.971021652
1336,-0.854081035,0.826541424
1337,-2.222080946,1.432444215
1338,0.325182259,0.039189804
1339,-0.049359698,-0.114066407
1340,0.241230428,0.135921314
1341,-1.640303493,-1.819574237
1342,-0.321081996,-2.117495775
1343,2.214480877,-1.688495159
1344,1.054108977,-0.063839093
1345,-3.000904560,1.030579567
1346,-1.711556911,0.589236677
1347,-0.673064828,1.003975153
1348,2.462318420,1.429260015
1349,1.190915704,0.201931402
1350,0.346975952,1.164844036
1351,1.104816318,-2.191448450
1352,1.308718204,-0.373604506
1353,0.020749679,-0.201415747
1354,-3.158698320,1.828922153
1355,-1.333146691,-0.907562733
1356,-0.929503798,-0.408629745
1357,-0.769848645,-1.076410294
1358,1.361697555,-1.055668473
1359,0.090651505,0.267097175
1360,-0.800412893,0.219548240
1361,1.035945296,-0.009490757
1362,0.214200452,0.441288650
1363,3.027854681,-0.721873939
1364,-0.467814505,-0.718069792
1365,-0.167782590,-0.386542559
1366,0.727278948,-1.124986172
1367,-1.343036294,-0.167833447
1368,0.795893371,-0.389209151
1369,0.662585318,-0.906348407
1370,1.482865691,1.566932797
1371,-1.436904788,-0.545795858
1372,2.422682762,2.409477234
1373,0.349061251,0.058318920
1374,-0.427678466,0.015025490
1375,1.096007705,2.388674974
1376,-0.155974910,-0.138695970
1377,-0.123852208,0.029756736
1378,-0.631985068,-0.880179584
1379,-0.139616400,0.624769390
1380,-1.468639493,0.058016699
1381,0.229255006,-1.467362046
1382,-1.389899969,-0.373385906
1383,-0.260659009,-0.059953973
1384,0.563965559,0.333938330
1385,1.068739176,0.532187283
1386,0.653039575,-0.737895966
1387,0.711688399,1.185917974
1388,-1.226082444,0.322120279
1389,0.036473248,0.652781069
1390,-1.021961451,1.156834483
1391,-0.160050824,-0.095196977
1392,-0.236181557,-2.105547428
1393,1.885605454,0.723386765
1394,-1.050647974,0.713812768
1395,-0.140414223,0.919190764
1396,-0.154268712,0.459779888
1397,0.433313787,-0.357925594
1398,1.060412169,-0.725631595
1399,0.436181217,0.360875875
1400,-0.023154134,0.456874907
1401,0.979087353,-0.596279621
1402,-0.518208444,-0.022930354
1403,-0.791338503,3.373561621
1404,-0.081704266,-0.784910619
1405,0.817087710,0.422554851
1406,1.043827772,-2.701291084
1407,0.095326170,-0.350514352
1408,-0.347660333,1.484110951
1409,1.652167916,1.797995925
1410,-0.934049308,1.963577509
1411,-1.992427349,-0.329305232
1412,-1.959908366,-0.813327491
1413,-1.352496266,-1.374844790
1414,1.729953170,-1.161478877
1415,0.248645559,0.351816922
1416,-3.391567945,0.716959298
1417,0.902126133,-0.027364243
1418,-0.175381467,-0.419269621
1419,0.127842709,-2.789778471
1420,0.084075674,0.785056889
1421,-0.156358853,2.130608797
1422,1.360483289,0.624771893
1423,0.948444664,0.581322730
1424,-0.983349979,2.441570282
1425,3.600245237,-1.831084728
1426,0.412448168,-0.283252478
1427,-0.677317023,0.641097307
1428,-0.126528710,-0.107205458
1429,0.771900535,-2.043737173
1430,-0.835394502,-0.973523974
1431,0.344571888,-0.350701541
1432,-0.523964047,1.330069423
1433,0.641837060,-1.086581945
1434,-0.246231273,-0.913693190
1435,-0.017525399,0.225430965
1436,1.033256888,-0.980107903
1437,-1.996021867,1.908661366
1438,-0.185601428,0.857633829
1439,-0.553804398,0.166977718
1440,-0.843963265,-1.073910594
1441,-0.662267327,-0.705179691
1442,-2.291514158,-0.165453896
1443,-0.400484443,-0.320659667
1444,1.471410036,-0.366672963
1445,-0.803856254,1.182085872
1446,-0.586116076,-0.989518404
1447,0.689381659,0.569228411
1448,-1.511812091,-0.920547426
1449,-1.905241013,0.052746236
1450,-0.397594243,-0.087418377
1451,-3.297183275,0.193839461
1452,-1.718470097,1.271458507
1453,2.820316315,1.644149184
1454,-0.343985796,-2.098425865
1455,1.294658422,-0.003986039
1456,1.142383218,-0.780854881
1457,0.460399181,-0.541393399
1458,0.368650973,0.122997649
1459,-0.722226620,0.460768282
1460,0.600866675,0.836649060
1461,-1.545315504,-0.296165079
1462,2.014360905,0.150611654
1463,1.257348895,2.517716169
1464,-2.775808334,-0.131844491
1465,-0.945550382,-1.583222628
1466,-0.603054285,0.488783389
1467,-0.124906503,-0.278303683
1468,1.485347986,0.006859655
1469,0.386407495,0.143974990
1470,0.673978686,-1.121670961
1471,0.297086984,-0.579891860
1472,1.364279628,-0.884910703
1473,-0.226047292,-0.399386674
1474,0.220849991,0.105568863
1475,-0.383539885,0.820757270
1476,1.741803050,-0.942158818
1477,-0.448739111,-1.312133312
1478,0.884523749,0.831500411
1479,0.583514631,-0.743356109
1480,-0.737568378,-1.634418249
1481,0.207351014,0.307758272
1482,0.279433638,-0.024005264
1483,0.969839871,-0.515396655
1484,-0.451814950,-2.906192780
1485,0.356100649,-1.239888191
1486,1.185871959,-1.694827914
1487,-0.035948090,-0.193559378
1488,-0.259106576,-0.803851187
1489,-0.454139352,-0.591723382
1490,-0.408941925,-0.556854963
1491,0.380978018,-0.135875538
1492,1.076586246,0.535854220
1493,-2.293798447,2.110369444
1494,0.433171958,-1.022742391
1495,-0.339217216,0.588522494
1496,-0.156075224,-0.361397922
1497,-1.905962586,-0.463542551
1498,-0.954083025,0.521286964
1499,-0.072092623,-0.219324261
1500,-0.016018637,-0.812923610
1501,1.555009365,-0.665205121
1502,2.737015724,0.701559424
1503,0.264614850,1.857053161
1504,-0.468898326,2.839415312
1505,0.099853523,1.950746894
1506,-0.195642889,-0.494885266
1507,0.077095956,0.750891268
1508,0.555766821,-0.078855328
1509,0.321771175,-0.296579003
1510,-0.146606207,0.014711358
1511,0.964890838,0.720574617
1512,-0.947307289,-0.533721328
1513,-0.027625671,-0.743948758
1514,-2.093322039,1.355264187
1515,0.361971974,0.761909187
1516,-1.662143111,-1.360468149
1517,0.031894319,0.185958326
1518,0.307561755,0.491542280
1519,-1.508493662,0.519334197
1520,-0.558809459,-1.375874162
1521,-0.787908673,0.158571810
1522,0.159068897,0.277033836
1523,0.443100363,-0.259380132
1524,-0.412442535,1.212323904
1525,0.373113781,-0.523026228
1526,1.204328537,-0.386879086
1527,-0.113852262,1.508254647
1528,-0.466399044,-0.426551282
1529,-1.021462679,0.015317122
1530,-0.905125678,-0.050119489
1531,0.534592509,-2.073829412
1532,-2.927111387,-0.288716435
1533,-1.851115465,-0.386317044
1534,1.063386798,-0.598851264
1535,0.429079056,1.615253568
1536,1.226644874,-2.716904163
1537,0.514126897,1.910302758
1538,2.372919798,2.319880009
1539,1.198547363,3.364533186
1540,-0.763216436,0.748785079
1541,-0.594563186,-0.623665154
1542,-0.528676450,1.556349993
1543,-0.842601717,-0.188958168
1544,-0.442874312,1.552967310
1545,-1.110882640,-0.535231650
1546,0.492440492,0.456954598
1547,-0.999337196,-0.752046108
1548,0.233767465,-0.232945964
1549,0.560475826,-0.319539636
1550,-3.531176805,0.080414921
1551,0.499078691,1.356793165
1552,1.091904521,1.193824053
1553,-0.714797556,0.076226726
1554,-0.187906876,1.311854720
1555,-0.567928791,2.459383249
1556,-2.121147394,-0.942754865
1557,1.526929021,0.427155405
1558,0.828205347,-1.072304726
1559,2.626656055,0.596622288
1560,2.756007910,-0.204656005
1561,-2.374590635,-2.157320023
1562,-0.381839484,1.255726218
1563,-0.110350780,1.431190252
1564,2.120442152,-2.432412863
1565,3.067352057,1.997733831
1566,0.348138541,0.608225226
1567,-0.518185675,0.582970500
1568,-0.515134096,-3.092270613
1569,0.630346954,-0.586108565
1570,0.709932029,2.172034025
1571,1.543400288,-2.951610565
1572,-0.185390279,0.523631692
1573,-0.286026180,0.362674028
1574,-1.657423377,-2.323787212
1575,0.153175935,0.471634865
1576,-0.004772231,-0.921278179
1577,-1.253758192,-0.385693192
1578,-1.514525175,-0.439651489
1579,-0.350426137,0.872332990
1580,-0.027167125,-1.122833371
1581,1.154712439,0.490729809
1582,-0.980869770,0.877089918
1583,1.187827349,-0.844456315
1584,-0.811701536,-2.205749750
1585,0.448470950,-1.568328142
1586,-1.088908315,1.006994486
1587,-0.318846047,-2.144086838
1588,1.577426195,0.159317806
1589,-0.591820717,-0.198424593
1590,0.484134644,1.056076169
1591,0.598005116,0.544311881
1592,-0.084134653,-0.151491329
1593,0.280097574,-0.676225543
1594,-0.413663507,1.100463510
1595,2.485553026,1.305923104
1596,0.707056224,0.995951593
1597,-1.032659173,-0.932310224
1598,-0.072009467,0.848382533
1599,-0.315595716,0.395199686
1600,0.180845797,0.161668748
1601,0.862163544,-0.866320133
1602,-0.802238405,-1.078981996
1603,-0.363864154,-0.530755281
1604,-0.796007395,-0.650316954
1605,0.968315959,-0.107347772
1606,1.297402859,2.377014875
1607,-0.642883778,-0.197050840
1608,0.726455867,-0.485193372
1609,-0.146642461,-0.442750245
1610,0.836654842,-0.047685850
1611,-0.740371406,-1.108204365
1612,-0.490491360,-0.304391772
1613,0.868788660,0.668033838
1614,0.038793046,0.191691950
1615,-0.890248179,-1.794991732
1616,-2.644115448,-0.572284758
1617,1.511682510,-1.389503837
1618,-1.637119412,-0.881167173
1619,-0.698494315,0.696352184
1620,-1.520975232,-0.160020798
1621,-0.222647771,0.333510846
1622,0.920239031,0.284703672
1623,0.143516958,-0.205064341
1624,1.765640974,1.629214644
1625,-0.403950959,0.047063503
1626,-1.603077412,-1.949104428
1627,1.844521999,0.878004193
1628,-2.228507042,-0.628500402
1629,0.114000745,-0.646505892
1630,-1.367358923,-0.494206399
1631,-2.103457689,0.745972335
1632,0.739761889,-0.104846142
1633,-0.176666260,-0.002900574
1634,-1.371924400,-1.139200687
1635,0.438467294,1.571596622
1636,2.128688812,3.320863247
1637,1.394971848,-0.568567038
1638,0.901587427,3.646083593
1639,-1.138278723,0.127565637
1640,-0.283526629,-3.381229162
1641,0.286469460,0.232463554
1642,-0.258097529,0.583695710
1643,-0.239446372,-0.614478469
1644,-0.350873917,0.524079561
1645,-0.440185517,1.222949982
1646,-1.221212149,1.197297335
1647,1.256032705,-0.038651440
1648,-1.053833246,0.540124238
1649,1.569537401,-1.163413048
1650,0.762876928,-0.530321538
1651,0.140358925,0.533721268
1652,0.718461931,-0.839185238
1653,-0.773073316,0.593821347
1654,-0.104112722,-0.636947632
1655,0.200321883,-1.547897220
1656,-0.450307667,0.303403765
1657,-0.310495168,-0.071968630
1658,-0.728769541,-0.909619451
1659,0.533628166,1.084820986
1660,3.661485910,0.336198241
1661,1.062776685,-0.314035654
1662,0.934928000,-0.069028847
1663,-0.071099468,-2.072223186
1664,-0.211571291,-1.341364145
1665,2.128533602,-1.125294089
1666,0.419595987,-0.189581692
1667,-0.007349843,1.909611702
1668,0.448113203,-0.637491524
1669,-0.773104489,1.220368028
1670,0.191185951,-0.259744495
1671,-0.172966525,-0.022217346
1672,2.337633133,-1.259933352
1673,-0.398403317,-0.630268395
1674,-0.166879520,-0.381373972
1675,0.855840921,-0.588387847
1676,-0.276144415,-0.117005453
1677,-1.078260183,1.064248085
1678,0.068540454,0.024377782
1679,-1.169208884,0.447689801
1680,-0.327677786,-0.837966025
1681,-0.348317176,-0.090311408
1682,1.425410390,1.433067799
1683,-0.399865538,0.404084474
1684,0.207135856,0.454056412
1685,1.092204690,2.087210655
1686,-1.699023008,0.847911835
1687,0.054677557,-0.162582144
1688,-0.033057112,-0.618233323
1689,-1.037472963,0.187840000
1690,-3.868446827,1.765467644
1691,-0.755257666,-1.004813552
1692,2.655757189,-1.191101432
1693,-0.625351727,-0.497906566
1694,0.044066571,0.596038520
1695,0.814826906,5.071673870
1696,-1.121749759,-0.839226902
1697,-0.220807984,0.452503800
1698,-2.067716360,0.924262047
1699,0.331262320,-0.175180152
1700,1.020207882,3.088866472
1701,0.419486076,-0.477375746
1702,-0.752979100,-0.919781208
1703,-0.308371007,-0.171327457
1704,0.682871461,-2.572365046
1705,-1.992720723,0.985534191
1706,0.802306950,1.942493916
1707,1.147192955,0.334997326
1708,-0.560873210,-1.591897488
1709,1.734626412,-0.969045222
1710,-0.217152864,-1.498176217
1711,-0.168729216,0.054787260
1712,0.164650992,-1.290485263
1713,0.471104681,0.338084847
1714,3.295578480,-1.131026626
1715,0.189337835,-0.597594082
1716,-0.124099679,-0.159820646
1717,-0.250066489,-1.698519945
1718,-1.295461059,0.433413923
1719,0.644606769,-1.144981384
1720,-0.604256392,1.375834465
1721,-0.940850198,-0.152424365
1722,1.137640238,0.233039826
1723,0.334119380,-0.289367408
1724,-0.629800677,-1.476511002
1725,-0.025758544,-0.564350605
1726,2.063343763,1.306417346
1727,0.351399034,-1.118957639
1728,0.355445027,0.144166917
1729,-0.103823408,-0.112767436
1730,-1.577593207,-1.459267020
1731,0.261907250,0.064717658
1732,-3.132767200,-2.917675972
1733,1.097354650,-2.254184484
1734,2.077421904,-0.222036451
1735,-0.623551428,1.238155246
1736,1.430474043,0.299065799
1737,-0.712993741,1.169439316
1738,-1.061033726,0.952262819
1739,-0.694282055,1.513344884
1740,-0.025298847,1.225455284
1741,-1.380752206,-0.602814436
1742,-1.697527051,1.682756424
1743,-0.370014668,-0.556746900
1744,0.654790699,-0.139735311
1745,2.580971479,-2.857070923
1746,-0.179080606,0.173617661
1747,-1.238282084,2.037158966
1748,0.308514386,0.218708336
1749,0.547512650,0.224832073
1750,0.074944869,-0.420039028
1751,0.586590767,0.101969332
1752,-0.102228880,-0.805006027
1753,0.276945919,-0.773991406
1754,0.091355823,3.306430578
1755,1.076018929,0.451381952
1756,-1.300987601,-1.393712997
1757,-0.512127340,2.605150700
1758,-0.240689501,-0.829117179
1759,0.284461975,-0.543015003
1760,-1.492440343,1.775768518
1761,1.171365738,-0.960680366
1762,0.150812089,-0.189954028
1763,1.155553937,-0.649766386
1764,-2.097215891,-0.495434374
1765,-0.367163926,0.353175581
1766,0.078906097,0.973049879
1767,-1.222057104,0.926857054
1768,3.476147652,-0.371306092
1769,-0.089377299,-0.196614638
1770,-1.389488816,-1.890052080
1771,-2.288432837,2.066694498
1772,1.706954002,0.919385910
1773,0.099445395,-0.127173886
1774,0.606026292,2.231308699
1775,3.607460499,-1.101710916
1776,-0.509378850,0.245430559
1777,0.909163058,-0.894783139
1778,0.784576416,-0.665808916
1779,-0.406265169,-1.069956541
1780,-0.650105655,2.613084555
1781,-0.378208101,-0.412754178
1782,0.162336916,0.376315504
1783,-0.460159689,-1.133884430
1784,-0.737893045,1.040150762
1785,0.804357409,0.638835728
1786,-0.159549624,-3.324088335
1787,1.335942030,-2.197261333
1788,-0.574619591,-1.335017204
1789,1.925675869,-0.697973311
1790,-0.680944085,0.143974826
1791,-0.708004475,-1.229344606
1792,-0.153826207,-0.034787446
1793,0.112060525,-3.290780544
1794,0.862870455,0.660362065
1795,0.626880467,2.097696066
1796,1.511862040,1.072629452
1797,0.848185122,0.290094614
1798,0.811234772,0.673042655
1799,1.135574102,-0.581190825
1800,-0.660418630,0.322653890
1801,-0.218668774,-0.245386302
1802,-0.568068683,0.027380163
1803,-1.131491899,1.658614635
1804,-0.436228901,-0.602409184
1805,0.765821576,0.633455992
1806,0.394076377,1.507670164
1807,-0.307442307,-0.405998290
1808,0.054615974,0.323900014
1809,0.007443316,0.453133374
1810,0.455677837,-0.925799906
1811,-1.178455710,-1.363383770
1812,-0.070587270,-0.199050367
1813,0.040297594,-0.175918698
1814,1.402268410,-0.962564409
1815,-0.142675877,-1.063181758
1816,-2.165819168,1.030597091
1817,1.010838866,-1.754029036
1818,-0.305539250,1.020512938
1819,-0.229775727,-0.368055999
1820,-1.086338043,0.805269301
1821,1.159384012,0.249210387
1822,-0.080723025,0.808320224
1823,1.298371553,1.252211332
1824,-1.189742565,-0.168028444
1825,-0.171176136,0.151716486
1826,1.536016703,1.052825212
1827,-1.849429369,-1.127803206
1828,0.570398569,-1.362502456
1829,0.232576072,0.474661112
1830,2.025750160,0.127966970
1831,0.660859644,1.494136333
1832,1.274538040,-0.939397335
1833,0.375270844,0.515750051
1834,-0.241186783,0.544920266
1835,0.336003989,-0.353281915
1836,-2.156864643,0.771416008
1837,-0.640370667,-1.716136694
1838,-2.188431501,0.460484862
1839,-0.384107351,-0.353187591
1840,-0.196882561,-0.868725598
1841,-0.905608475,0.591904223
1842,-0.800099373,-0.009965690
1843,-0.913512826,-0.297604769
1844,-0.567219019,-1.181677699
1845,0.453160226,2.278537035
1846,-0.242840424,-0.269482225
1847,-1.029772401,0.408416271
1848,-3.327146769,-1.530762315
1849,1.397163749,0.553755581
1850,-0.124889441,-0.306122899
1851,0.444387585,0.511328936
1852,0.082237408,0.481196404
1853,-0.482376426,-0.244289652
1854,-0.753415108,-2.800452709
1855,0.364894301,-0.028627576
1856,-0.912850857,-0.238062203
1857,-1.119085550,-1.794813752
1858,0.244767964,-0.877978384
1859,-2.163197994,2.041934729
1860,0.944019675,0.292026371
1861,0.490739763,-3.172394276
1862,-0.214887813,-1.277436614
1863,1.407716870,-2.521514416
1864,0.256930500,0.548051000
1865,-1.457207918,-0.877250254
1866,-1.420687675,-1.823884845
1867,-0.454182923,0.578399956
1868,-0.281173229,-0.095967539
1869,1.422958970,-1.283136606
1870,1.206233144,-0.415863603
1871,-0.327918440,0.254785895
1872,0.102957830,-1.428327680
1873,0.388778746,-1.508929849
1874,-0.825459659,0.230767772
1875,-0.418113858,3.267560244
1876,-0.295040220,-0.274130136
1877,0.534375072,0.849053741
1878,-1.677451372,0.264631033
1879,0.746529758,0.876476824
1880,-0.246290475,0.105579175
1881,-1.579629302,1.145690322
1882,-0.407180339,-0.367030948
1883,0.117342092,-0.291500270
1884,-1.020845294,0.474411249
1885,0.482858092,0.023059539
1886,-1.101825714,-0.985719919
1887,-0.932943225,0.239941835
1888,-0.333326280,2.086089134
1889,0.207723469,-0.377260029
1890,-2.591409922,1.441715121
1891,-2.479073524,-0.753186643
1892,0.342403501,-1.660161614
1893,0.670939505,0.467078835
1894,-0.676523328,-0.302062422
1895,1.079369783,-0.947241127
1896,0.415367723,0.439155698
1897,-0.436104327,-0.321558148
1898,-0.559044361,-2.424479008
1899,-0.933633864,0.234660819
1900,-2.504815578,1.484512329
1901,2.437731028,0.333320826
1902,-1.101493239,-1.117971539
1903,-0.674671769,-0.101881750
1904,-2.077192068,-1.027847290
1905,-0.137479827,-0.345369101
1906,1.366622329,-1.021084785
1907,-0.502026737,-0.181362867
1908,1.305076718,-0.158236131
1909,0.924421728,-0.653679013
1910,0.150658101,0.770156324
1911,0.086626612,0.121045016
1912,0.454825521,-0.075925522
1913,0.386955708,-0.612580180
1914,-1.730814099,0.259901375
1915,-0.881063402,0.819284737
1916,0.629739046,0.702800572
1917,0.830572188,-0.035312500
1918,-0.161402613,0.994616866
1919,-0.110690139,0.947192430
1920,1.407136321,-1.121169209
1921,0.338360041,-1.852497697
1922,-1.366382003,0.651911139
1923,-0.823007166,-0.115401872
1924,-0.270013183,-0.122374199
1925,0.668222964,0.238984227
1926,2.892001867,0.629329085
1927,-0.223197833,-0.053861316
1928,0.442275792,1.873436451
1929,0.425450921,0.035527639
1930,-1.441419363,-0.554348350
1931,-1.109055161,-1.484831452
1932,2.095037222,1.948086262
1933,0.759259582,0.436335087
1934,-0.089073017,-0.827133596
1935,-1.656166315,2.498143911
1936,-1.218543291,1.430196643
1937,-1.237910390,0.071418531
1938,1.207450867,0.342195600
1939,-0.694308639,-0.492854387
1940,-0.264356822,0.357338816
1941,0.629542053,-0.996494710
1942,-1.573076725,-0.427420706
1943,1.073354006,1.154194832
1944,-1.130387664,0.180785760
1945,1.562548161,0.922115922
1946,0.547520876,0.500962079
1947,0.476636112,-0.243960574
1948,1.367975354,0.874030292
1949,2.522954226,1.204599619
1950,1.569663882,-1.604791284
1951,-0.101522125,-0.155891344
1952,0.253385663,1.424160004
1953,-0.293811500,0.650943518
1954,1.480187297,-1.009888172
1955,-1.831117868,1.478500724
1956,-1.370444536,-0.885137022
1957,0.895038664,1.912649512
1958,-0.422390491,-0.357134551
1959,2.667596102,0.735405982
1960,-0.317957789,0.083543614
1961,0.076823719,-1.657484055
1962,0.147316322,-0.908913851
1963,-0.588778675,-0.047553528
1964,-0.401116550,-0.416575789
1965,0.425620317,1.190865874
1966,0.209350556,-0.216928706
1967,0.977127433,2.148352623
1968,0.396437734,-0.703289628
1969,-1.588336825,-0.401211649
1970,-0.757166147,1.372724175
1971,-0.181371078,0.704261243
1972,0.002093307,-0.541959047
1973,-0.588614941,-0.966889083
1974,-0.724091947,1.051817417
1975,2.744952679,-0.921328366
1976,-0.126934871,-0.158124715
1977,-0.884633064,-0.507271886
1978,0.087865055,-2.360712528
1979,-0.126914322,1.413863778
1980,-0.683524489,-0.815915227
1981,-0.631178796,1.174564481
1982,-0.877588630,1.185187101
1983,-0.656411827,0.435279399
1984,-1.264328957,-0.094598375
1985,0.067402355,-0.522437572
1986,3.170895815,1.051688552
1987,-2.095846415,1.869593263
1988,-0.046510976,0.832562387
1989,-0.069599263,0.317078024
1990,-0.927983999,-0.482642263
1991,0.177486673,0.273012280
1992,0.481246829,0.686496079
1993,0.902609527,-2.503050089
1994,0.034021381,0.078900285
1995,-1.087376237,-0.237049103
1996,0.767068982,0.079764597
1997,0.312549710,0.485456645
1998,0.284357786,0.106586926
1999,-2.566200256,0.991772890
2000,0.662345469,-0.213928849
2001,0.859956801,-0.837126911
2002,-0.919514716,0.416177690
2003,-0.830814183,-1.219307423
2004,0.409046739,0.142153546
2005,0.106431141,-1.422751546
2006,0.121667556,-0.080660395
2007,0.790403426,-0.671030283
2008,-0.846220553,-0.138823345
2009,0.532369971,-0.808980167
2010,-1.841941714,0.685064971
2011,-1.063886881,0.102956347
2012,-0.122335449,-0.613189459
2013,0.279430568,0.724170923
2014,-1.357181549,2.033164024
2015,2.149294138,-3.023764849
2016,0.326162249,-0.908604026
2017,-2.338329792,-0.242844120
2018,-0.647013068,-0.348477632
2019,0.605910718,1.702926636
2020,1.146305442,-2.439072609
2021,-0.413686842,0.197461382
2022,0.270354331,-0.400426090
2023,0.869152427,-0.320214003
2024,-0.940501750,-1.042025685
2025,2.263131142,2.835731745
2026,0.353219450,0.965382636
2027,-0.019877117,-0.340303928
2028,-0.631014407,0.282091081
2029,-1.104106665,-0.492553264
2030,-0.025332794,0.174593046
2031,1.320626020,-1.595714569
2032,0.362450629,-0.166492209
2033,0.230108336,-1.155944347
2034,1.781244874,0.148114026
2035,0.989532769,-2.062348604
2036,0.684412837,-0.690756917
2037,-4.787557602,-1.587077260
2038,-1.017038465,0.152431175
2039,0.414399207,-0.090547062
2040,-0.134011135,-0.158114970
2041,0.599088371,-2.000070572
2042,-1.041624188,0.042477656
2043,0.306676894,0.497337431
2044,-0.265788943,0.211064041
2045,0.099097200,-1.166479826
2046,-0.822666287,-0.180750489
2047,0.102383927,-0.597227335
2048,-0.149446726,0.259707451
2049,-0.205395162,-2.828720331
2050,0.502381861,-0.655468822
2051,0.897003055,-1.178438902
2052,0.137903631,-0.161202088
2053,0.391597033,0.368014306
2054,-0.165290132,0.146510556
2055,0.610656381,5.146444798
2056,0.853163064,1.475383282
2057,0.316756546,0.913414896
2058,-0.026313361,-1.765079021
2059,-0.836451590,-0.389957547
2060,2.242568016,-1.110559464
2061,-2.081278324,1.291253328
2062,0.397914350,-0.350203872
2063,0.308165073,0.089101821
2064,-0.454054534,1.290492415
2065,-0.637179196,-1.378849983
2066,-1.586180449,1.429829717
2067,1.767988682,1.196678042
2068,0.198152691,0.247720391
2069,-0.715274334,-1.058652639
2070,-0.586039305,1.156894088
2071,-1.824980497,-0.833535731
2072,0.808342159,0.351546794
2073,-0.861312449,1.636665344
2074,-0.453726172,-2.410406828
2075,0.012117526,1.091525555
2076,-0.838827848,-0.432130635
2077,-0.986509204,0.691445529
2078,0.040950976,0.590884686
2079,-0.205308542,0.645335555
2080,1.952776194,1.217585444
2081,-0.229016140,2.270724297
2082,-0.739454806,-0.807563603
2083,0.093109161,0.191357553
2084,-0.223304257,0.242727235
2085,-0.351918042,0.352116466
2086,-0.919983387,1.604137301
2087,0.274260074,-0.295626402
2088,-0.638967931,-1.699786782
2089,1.381600261,-1.108851194
2090,-2.157276392,-1.046081901
2091,0.093124971,-0.552581728
2092,-2.856182814,0.381945848
2093,-2.210289001,1.051683187
2094,0.679811478,0.931849897
2095,-0.088064693,0.226316139
2096,-0.115317598,0.925331593
2097,1.490464091,-2.043362617
2098,-0.592866719,-0.437296093
2099,1.918238282,-0.896454394
2100,-0.023124518,1.605176449
2101,-0.239469975,2.503258228
2102,2.035426617,0.031353969
2103,-0.672806382,4.793108463
2104,-0.494290799,2.072078705
2105,2.515685081,-0.092548616
2106,-1.211111665,1.537271380
2107,-0.482765198,1.267637372
2108,-1.358538747,0.590796530
2109,0.550812483,-0.015719762
2110,0.075940475,2.607608318
2111,-0.121011786,1.159261823
2112,-0.649784029,-0.104220927
2113,0.511101365,-0.984926641
2114,-0.300665468,1.067819953
2115,0.587438583,-0.742215097
2116,0.606048107,-1.177823544
2117,-0.721151769,-2.293637753
2118,0.049666841,-2.994042873
2119,-1.433912277,1.024142623
2120,2.119254827,0.132198244
2121,-2.984537363,-0.959979236
2122,-0.209138066,0.569012105
2123,-0.091571063,3.032271147
2124,-0.635925353,0.383132517
2125,1.006598353,-0.367599428
2126,3.079078674,4.330338001
2127,0.007321921,-1.037965655
2128,1.194750309,-0.645509303
2129,-1.406457424,0.015629739
2130,1.008709550,-1.340489507
2131,0.918793559,-0.649146914
2132,1.387048960,1.045205593
2133,-0.914459229,0.451432586
2134,-0.784431159,0.231814682
2135,-2.546869040,-1.531549454
2136,1.287362933,-0.899638534
2137,2.603064299,1.799221754
2138,1.680229545,-0.165005937
2139,-0.356263608,-0.127771497
2140,-2.213470221,0.404029608
2141,-0.123626284,-1.074925780
2142,-0.985339284,0.598627985
2143,0.366585344,-0.033188459
2144,-2.932718039,-0.332419604
2145,-0.871375144,-0.016058331
2146,0.240026653,-0.118865877
2147,0.440580547,0.635059655
2148,0.128221616,1.971817374
2149,2.364571571,-1.231236577
2150,-0.772979140,-2.469273806
2151,0.013618641,0.623025000
2152,-1.278959394,-0.250759482
2153,-2.666000366,-1.390186071
2154,-0.457503200,-0.756656289
2155,1.597283483,2.232332230
2156,0.831910908,-0.114808403
2157,0.090591244,-0.655838907
2158,-0.147708967,-0.510824919
2159,0.992465913,-2.002334356
2160,0.305774480,0.660551071
2161,-0.069265865,1.050419450
2162,0.934507072,0.376520157
2163,2.228734016,1.566345453
2164,-0.098879166,1.050462723
2165,0.236593843,1.238426566
2166,-0.489592195,1.704956651
2167,-0.707466364,-1.507675648
2168,-0.436149240,0.328829378
2169,-2.463476658,0.066394553
2170,1.486666441,-2.250164270
2171,-1.570783138,1.352730393
2172,0.625644207,-1.635465384
2173,-0.158854753,0.278340548
2174,-0.604905725,1.608881950
2175,1.161157727,2.928621531
2176,-0.620072603,0.338922054
2177,1.309385777,0.752277315
2178,-1.214368820,0.730628848
2179,-0.075865708,-1.259110332
2180,0.448104292,-1.182035565
2181,-1.183591008,-0.659188688
2182,-0.510310829,-1.860408425
2183,-0.896250308,-2.319777012
2184,1.386660576,1.757418275
2185,-1.564983606,4.884093285
2186,-0.752335370,0.756662071
2187,-0.500082076,-0.820362508
2188,0.117830865,0.335423052
2189,-0.075126044,0.236200139
2190,0.807336986,0.695028484
2191,0.431780159,0.378146350
2192,-0.888300598,0.305806130
2193,-3.190424442,-2.462773561
2194,-1.418546438,-0.624655604
2195,-0.099969521,-0.242852747
2196,0.761958301,0.025014196
2197,-0.712677240,0.230282411
2198,0.924844742,0.118994504
2199,-1.117792368,-1.901824951
2200,-1.528326869,0.474231899
2201,-1.126084805,-0.422395319
2202,-1.087698698,-0.650866568
2203,0.494318873,-0.044164013
2204,-2.312867880,0.423077673
2205,-2.308254957,0.440548569
2206,1.180462837,1.442685723
2207,0.886452436,-0.937674522
2208,-0.656083226,-0.020467013
2209,-1.827412367,0.114524856
2210,-3.106316566,-0.018339703
2211,-0.527219176,-1.055161715
2212,0.507525861,3.183258533
2213,-0.786413670,0.136907175
2214,0.220470905,-2.093318939
2215,0.912660301,-0.943768919
2216,-0.081555776,0.728293657
2217,-0.283404112,0.275406361
2218,-0.968629420,-1.956147075
2219,-0.509289622,-1.111938953
2220,-0.822016776,-1.074101806
2221,-0.731628776,-1.818848968
2222,-0.958235919,2.203660488
2223,-0.166969240,1.780462503
2224,1.859168887,-0.129646316
2225,-0.611185312,0.446949482
2226,-0.360580683,-1.224583626
2227,0.451719701,0.145977512
2228,0.038296871,1.635748386
2229,-1.306688070,-0.541797817
2230,0.291345865,0.006988537
2231,1.202915311,3.011544943
2232,0.447376996,1.415895462
2233,0.137007192,0.022504447
2234,0.286351621,1.423400879
2235,0.177350521,0.125525221
2236,-0.566321373,1.154527664
2237,1.656735539,1.201309323
2238,-2.205908298,-0.816040158
2239,-0.907290697,1.407357574
2240,0.760018706,0.938574612
2241,0.291896164,0.749495506
2242,0.389468670,-0.021176042
2243,0.533277392,-0.338390201
2244,-0.716771662,0.316301823
2245,-0.382812351,-0.041918490
2246,-0.913433075,1.332435846
2247,-3.192326307,-1.884261727
2248,2.014966726,-3.924589634
2249,-1.044085979,-1.395403266
2250,2.078955650,-0.694899142
2251,1.714000940,2.290991306
2252,-1.127173781,1.856766224
2253,0.052212458,0.436127692
2254,0.299472630,0.017669788
2255,-0.140202895,-1.556413531
2256,0.079817474,0.975995660
2257,-0.281042010,-0.475660026
2258,0.220277637,2.149038315
2259,1.124043584,0.785521030
2260,1.177852988,0.158255666
2261,0.663157701,1.285914302
2262,2.398053885,-0.055095192
2263,-1.219574571,0.408876777
2264,3.273233175,4.847626686
2265,0.874788225,0.464758217
2266,1.215082407,0.733853221
2267,0.847277880,-0.051352181
2268,-0.838764787,-1.324589968
2269,-0.222827807,0.459625095
2270,0.779873729,0.203007728
2271,0.423793554,0.337095022
2272,-2.356329918,-1.325513363
2273,-0.259433657,-0.517132699
2274,-0.923935652,-0.262535423
2275,-0.225110725,-0.173140019
2276,0.549830914,0.673846722
2277,1.527038097,0.100233473
2278,1.830699563,-0.355985522
2279,2.688466787,0.614257038
2280,1.158800364,-1.265376568
2281,0.270040989,2.274686098
2282,-0.222926944,0.253793836
2283,-1.022976518,2.071074486
2284,0.826852977,-0.073905654
2285,3.417078733,-1.050002098
2286,-0.944465697,0.408183992
2287,0.060205568,-0.144715011
2288,-2.051997900,1.050626755
2289,-0.335017323,1.038864136
2290,-0.390095115,-0.554278731
2291,-0.235561803,0.253545076
2292,0.990525305,-2.791801214
2293,0.816558719,0.541276813
2294,1.731705785,0.081898816
2295,-1.627850056,-0.399308801
2296,-3.495105267,1.355235934
2297,-0.249751121,0.122702293
2298,1.287718296,-0.768514156
2299,2.183343172,-2.722294331
2300,1.025033712,-0.614491880
2301,-1.732232571,-3.823666811
2302,-0.057514150,-0.237914756
2303,1.400824428,0.252226859
2304,0.155335575,-0.034810044
2305,-0.158442944,-0.340886414
2306,2.257863760,1.905830979
2307,0.273448378,-0.094702557
2308,-0.327920914,-0.009330915
2309,1.002179861,-3.670324802
2310,-0.935745239,2.326339483
2311,0.531978607,-0.686876178
2312,1.205797791,-0.171213001
2313,-0.871594369,-0.226926446
2314,0.227796286,-2.811136723
2315,0.109691352,-0.224010557
2316,-1.465807796,-0.299656004
2317,-0.235557169,-1.315583110
2318,3.083865643,0.724227786
2319,-1.260454059,-1.144716144
2320,0.467835516,1.221218944
2321,0.884340286,2.464455128
2322,-0.209785789,-0.401909053
2323,0.276721388,1.014569163
2324,-0.474803865,-0.965642810
2325,0.310952038,-0.218389615
2326,-0.220068529,0.016449351
2327,-1.675063133,-0.876646638
2328,-0.385701120,-0.684548497
2329,0.214387476,0.214508653
2330,-2.599650383,-3.309999228
2331,-0.729288161,0.172294244
2332,-0.600210726,-1.239861250
2333,0.557671487,-0.002692498
2334,2.250620127,-0.526936471
2335,1.210456967,0.208123460
2336,0.146968037,0.320227414
2337,-0.282415599,0.978528917
2338,0.326322019,0.881675839
2339,-0.147510737,-0.786906660
2340,0.596130133,-0.419210047
2341,-1.387883782,-1.789773822
2342,-0.726737082,1.003507257
2343,-0.990680575,-0.015839523
2344,0.664006770,-0.726336956
2345,3.110242844,-0.168729454
2346,0.175694242,-0.005779924
2347,-0.293608665,-0.885112345
2348,0.023685576,1.387812734
2349,0.388937384,1.624585748
2350,-0.166195363,0.068452485
2351,0.024035964,0.198472857
2352,-2.425791502,1.556180000
2353,0.349174708,0.108366825
2354,0.351706654,-0.118116669
2355,1.121732950,-0.490608335
2356,-1.277402759,0.249986887
2357,0.002468884,-0.373706251
2358,-0.876860976,-0.145615920
2359,-0.211716086,-0.057779651
2360,-1.011298656,-0.764627099
2361,-1.753220677,-1.443088889
2362,-0.691261172,-0.183949068
2363,-2.191854239,-0.212635547
2364,-1.492920756,-0.660566509
2365,1.678591132,0.293846756
2366,-2.528501749,-1.046377897
2367,-0.970316410,-1.255908489
2368,0.065271430,-0.420931816
2369,-0.585535586,0.067224592
2370,-0.780987263,0.252510458
2371,-1.023836493,1.014597774
2372,0.187309116,-2.704011679
2373,0.301021934,-0.079931878
2374,0.584326863,0.823488951
2375,-0.095687389,0.769699574
2376,0.552804828,-0.654137850
2377,1.256622314,-1.559915781
2378,0.398351550,0.602882624
2379,1.286033750,1.158692360
2380,0.956558168,-2.127206087
2381,0.302189529,-0.103228517
2382,-1.379150867,1.333377361
2383,-0.134060755,1.125828981
2384,-0.339972198,-0.686948538
2385,-1.233061433,0.194891050
2386,-0.411256522,-0.554016471
2387,-1.104022980,2.700517416
2388,-0.371751279,-1.455395937
2389,-1.767917752,-0.702134609
2390,0.393019468,0.734522641
2391,0.368323088,0.171531424
2392,1.006699085,1.891456008
2393,2.097624302,1.799740553
2394,1.536907792,-0.785785079
2395,0.376294345,-0.953443050
2396,-0.121885128,1.329742789
2397,0.373724431,-2.060036182
2398,-0.416777164,-0.475375533
2399,-0.291643232,-1.243863344
2400,-1.382632971,-0.560114145
2401,0.030460622,-0.668403566
2402,-1.187275767,-0.341888428
2403,0.578557491,-2.276142120
2404,-0.861269832,1.145744085
2405,-1.770308495,0.157937020
2406,0.637741208,-0.263058990
2407,-0.003245796,0.365442336
2408,-0.521238804,-2.299037457
2409,-1.432365775,-1.099269629
2410,1.932556868,1.242559910
2411,-0.138646409,-0.369754672
2412,2.376274586,-1.659706116
2413,-1.438904047,3.703433752
2414,1.137454033,2.428350449
2415,-1.168806314,0.558784187
2416,1.039405584,-2.478696346
2417,0.098072104,-0.450656801
2418,-0.057372507,0.349183261
2419,0.776949406,1.128030896
2420,0.923712850,-0.838457763
2421,-1.886762738,1.950004458
2422,-0.349793792,0.877313912
2423,-0.249955267,0.710604131
2424,1.557247043,2.400475979
2425,0.590516329,-2.236813068
2426,-2.811018944,0.401062161
2427,-0.655478418,-1.081943989
2428,-0.041499265,0.087217800
2429,0.582396090,-0.045808464
2430,-0.697762251,-0.164799094
2431,0.113173589,-0.120941460
2432,-0.944475532,0.096384615
2433,2.207126617,-2.052464247
2434,-2.260511875,-0.592475235
2435,0.057977606,0.315519422
2436,0.673963308,-1.244253039
2437,1.655856609,-0.271766961
2438,-1.653796434,-1.043035269
2439,-1.744900465,0.813242555
2440,0.920272529,-0.293001264
2441,-0.171043873,1.450977325
2442,0.789671898,-0.383470416
2443,-0.278021723,-0.687441289
2444,-2.329611301,-2.489905357
2445,0.875504017,-0.017218580
2446,-0.392096430,0.106171302
2447,-1.003733754,0.965777218
2448,0.221631616,0.056318503
2449,-0.452612311,-0.208909765
2450,1.791854620,-1.139069080
2451,-1.220063686,-0.320107281
2452,0.371440113,-0.760230839
2453,2.366826534,-1.901455045
2454,0.687173665,-0.251908392
2455,0.741327822,0.219027251
2456,0.613510609,-0.294259608
2457,-0.063242659,0.590758622
2458,0.202391848,-0.389138311
2459,0.923714221,-0.214567721
2460,0.632965922,1.074786186
2461,0.542301714,0.656441629
2462,1.190947890,-1.212173820
2463,0.417479873,-0.932558715
2464,0.854026854,-1.350386620
2465,0.844439983,0.398409069
2466,-1.147653818,0.809158325
2467,0.348557234,0.517596602
2468,0.145040050,1.742104530
2469,1.772024512,-4.545552731
2470,0.199579358,-0.878471494
2471,0.092672177,-0.191155389
2472,0.137164295,-0.149169147
2473,0.164661273,-1.459153652
2474,-1.526891947,0.443949491
2475,1.580079913,-1.581864119
2476,1.330989242,0.459203035
2477,-0.208154410,0.584499359
2478,-1.041220427,-0.706242502
2479,-2.062784195,0.122158870
2480,-0.089862712,-0.239210069
2481,2.536498070,0.238863587
2482,-0.519852400,-0.054022115
2483,-4.381665707,2.032474518
2484,-1.832010508,1.898025155
2485,0.852598310,-1.956154704
2486,1.767862558,0.364438206
2487,-0.038150441,0.832363904
2488,0.169065759,-0.164196938
2489,-0.972168565,1.869159102
2490,0.913066864,-0.575427055
2491,0.241312996,0.253146142
2492,0.068725832,0.068126723
2493,0.341385365,-0.010299269
2494,0.591665208,-0.607510626
2495,1.681426287,1.689242601
2496,-1.058286548,-0.337648869
2497,0.178943589,-0.303262740
2498,1.020267367,1.462865829
2499,1.494569540,-1.051921844
2500,-1.459337473,-0.471216500
2501,2.953274727,-1.110444665
2502,0.234134808,1.035576105
2503,0.751706183,1.458431959
2504,0.931842327,0.188037977
2505,-0.427798927,0.300696224
2506,1.665785670,1.927431703
2507,0.062428094,0.191575557
2508,0.221887767,-1.068253875
2509,-0.625368416,0.386368603
2510,-0.808759093,0.381162286
2511,2.218938828,0.043835714
2512,-1.099013448,0.695707440
2513,-1.088705182,0.505580544
2514,1.202646494,-1.322206974
2515,0.018045792,-0.236951858
2516,-0.669409931,0.103434034
2517,-0.677574158,1.261773229
2518,-1.037960291,-1.186201096
2519,-1.683138251,-0.946511745
2520,1.109208703,1.496910214
2521,2.649135828,1.169777870
2522,3.745253801,-0.032232217
2523,1.144575000,0.935162723
2524,-0.472183198,0.744118690
2525,-0.033480234,-0.181240961
2526,0.361874640,0.519009471
2527,0.323778242,-1.207580686
2528,-1.242718220,-0.802185476
2529,0.203231812,-0.587678075
2530,2.250072241,-1.488177061
2531,-0.363583297,1.945464373
2532,1.008791089,0.569466770
2533,-2.068515301,0.608121037
2534,-0.570717931,-0.537508249
2535,0.571157932,-0.265030533
2536,-0.592187166,0.507622540
2537,0.574919283,-1.188254476
2538,-0.678263128,-0.793373227
2539,0.985070586,-1.050402641
2540,1.146556139,0.419901907
2541,0.045953009,-0.230428457
2542,-1.289721251,0.126344800
2543,-0.633397341,0.749123633
2544,-0.331433088,-0.096141398
2545,-0.151146144,1.097376227
2546,0.272526145,0.768085837
2547,0.147889107,-0.506123066
2548,1.267636418,-0.100560352
2549,1.828047037,1.027440786
2550,-1.841711164,-0.152148589
2551,-0.169059560,-0.073469728
2552,0.809850395,-0.284937739
2553,-0.936083019,2.793521643
2554,1.957438707,-0.608472943
2555,-0.930827200,-0.299284101
2556,0.566080689,-0.722950876
2557,-0.702621639,-0.365494460
2558,1.300029755,0.315118521
2559,-0.323034763,0.568806589
2560,-0.377158672,-0.479183525
2561,-2.250462294,-3.434489250
2562,0.395893544,0.461542845
2563,-0.788735926,-0.146545514
2564,-0.122955099,-1.020201325
2565,0.637947083,-0.174667180
2566,-0.546342015,0.458049953
2567,-1.249289870,-0.795198619
2568,1.637304902,-1.966904640
2569,0.054009642,0.287660182
2570,-0.125979275,-1.615424037
2571,0.878654540,-1.051032305
2572,1.983954906,0.770991385
2573,-1.342707157,-1.664113402
2574,1.305768967,0.725578666
2575,2.526232004,-0.064031191
2576,-0.564686418,-1.147871852
2577,1.985068321,-0.475588381
2578,-2.888320446,0.419934243
2579,-0.644185662,0.199045956
2580,2.124179840,-0.883582354
2581,-1.227279782,-0.950683594
2582,0.379828125,0.022138964
2583,-1.556270242,-0.868337214
2584,-0.054822296,-0.720034480
2585,-0.419746518,0.782398045
2586,-1.417973995,1.105263710
2587,-0.442010552,0.752618611
2588,0.140129969,1.524676561
2589,1.250877738,-0.270002842
2590,0.188805789,-0.160993457
2591,-0.298297822,0.614234746
2592,-0.702428758,0.917346358
2593,-0.400976986,2.708316803
2594,0.965745032,1.488407135
2595,0.629314840,2.330142498
2596,0.325965077,-0.538260520
2597,-0.127037048,-0.607964575
2598,0.997469783,0.049295116
2599,0.301889181,-1.997434974
2600,-0.272471577,0.568847179
2601,2.201244593,-0.291242123
2602,0.481833994,1.811163902
2603,-0.020035760,-0.798743248
2604,-1.199933767,0.534151435
2605,-0.618350208,-1.216278076
2606,-0.229107156,-0.887276232
2607,3.072970390,-0.335430980
2608,-0.546677768,-0.969590127
2609,2.320522308,-0.292888314
2610,-0.807995081,1.919660449
2611,0.340130955,-0.825900495
2612,0.583613575,-0.130731404
2613,-1.067759991,1.311472058
2614,-0.695582986,3.061460733
2615,1.322570086,1.901971102
2616,-0.850538135,0.429562628
2617,0.147843942,0.047941215
2618,2.034147739,-0.383481562
2619,0.127737328,-0.508602202
2620,-1.541785240,0.156543061
2621,0.389943898,0.786461473
2622,-0.511215150,0.289159298
2623,-1.450605989,-0.072216533
2624,0.239619598,-1.932698369
2625,-0.104566559,-0.418597519
2626,-1.080874801,0.627091646
2627,-0.717902780,1.822310090
2628,-0.283057362,1.403146029
2629,0.339029938,-2.790201902
2630,0.989695072,-0.912233949
2631,0.928112507,-2.168561220
2632,-0.272168487,-1.333893776
2633,0.059093647,0.388487697
2634,1.204834461,-1.486547112
2635,0.349933058,-0.572529852
2636,-0.514505386,1.286515832
2637,2.807201862,1.979235411
2638,-2.968309879,0.568833530
2639,-1.466322303,1.698562860
2640,0.914717019,-1.162238955
2641,-0.809832335,-1.385848999
2642,0.921326637,-0.339122057
2643,-1.435447335,2.492260456
2644,-2.384039879,0.052166540
2645,0.019473940,1.730094790
2646,-1.966575027,-0.214236751
2647,0.340198338,-0.093142636
2648,-0.267909020,0.053628396
2649,0.310432881,1.314410806
2650,-0.036612540,-1.349959373
2651,0.625994503,-0.642195642
2652,0.563062906,0.846141696
2653,-0.221405149,-0.247209340
2654,0.784628391,-1.429840684
2655,-0.426384568,-1.259598732
2656,-0.319836020,-1.001875043
2657,-0.877369285,-0.289097399
2658,2.153994560,1.209185362
2659,-0.119026244,-0.177765071
2660,-0.472347677,-0.007994607
2661,0.518154442,-0.145978540
2662,0.489209861,-1.034922957
2663,0.523072243,-0.190253854
2664,2.100825071,1.912127972
2665,0.479067892,-0.528423369
2666,0.617367506,0.891808689
2667,2.056876183,1.073575139
2668,-0.551667571,-0.554625213
2669,-0.107218124,0.204533666
2670,0.665123940,0.119225010
2671,-1.271185637,-0.017285183
2672,-0.707075000,-0.018815525
2673,-2.369816303,-0.810337782
2674,0.871298671,-0.532016635
2675,-1.193374753,3.452610016
2676,0.793003559,1.121570110
2677,0.121650852,0.207946837
2678,-0.905344665,0.211766481
2679,-0.086246558,0.133523434
2680,1.415365219,-2.138800859
2681,0.024727054,-0.369819969
2682,-2.445466518,1.991044044
2683,-1.262092113,-0.373146147
2684,0.537383735,0.777386487
2685,-0.125965863,1.746493578
2686,0.799931049,0.623789787
2687,-0.559072196,-1.446547031
2688,-0.467767000,0.318348616
2689,-0.373917013,-0.149017870
2690,0.505699754,0.955916166
2691,0.299582988,-1.089757562
2692,-3.389456272,-3.910561800
2693,-0.529750586,0.434644461
2694,-0.865656912,0.027424006
2695,0.089099556,-0.470917940
2696,0.463507265,0.342147350
2697,-0.820481002,-0.045170654
2698,-0.688498616,-1.582914591
2699,-0.179355398,-0.309283406
2700,0.031654943,0.358006537
2701,-0.296864122,3.371115446
2702,0.619524658,-0.154362008
2703,-0.838005662,1.312500715
2704,-1.739574909,0.522425532
2705,0.867230654,2.470132351
2706,-0.190751955,-0.018831456
2707,1.562264562,2.546197891
2708,2.389325380,1.408306956
2709,0.781649530,-2.505223989
2710,-0.575277328,0.092806503
2711,0.110158466,0.193943247
2712,-0.430187136,0.030508131
2713,0.121973619,0.488924623
2714,-2.804882765,0.959730506
2715,1.578855634,-0.044182722
2716,-1.331398010,0.509451210
2717,-0.648899734,-0.066274315
2718,-0.320958138,0.159509778
2719,-0.313328326,-1.205254436
2720,0.216533050,0.101527512
2721,-0.996715009,1.147270560
2722,3.227569342,-2.213062525
2723,-0.445748568,-1.654698610
2724,-0.129836485,-0.300495684
2725,-0.717700422,-0.930339932
2726,-1.412905335,-0.276013017
2727,-0.251558274,-1.564003706
2728,-2.388811111,1.353540897
2729,1.465349674,0.306106865
2730,-0.074254856,-0.474498421
2731,0.223799601,-0.050849017
2732,-2.274468422,-1.672263861
2733,1.991124749,0.014428593
2734,-1.528409243,-0.547510922
2735,0.391441554,0.270495147
2736,-0.469422221,0.552325845
2737,-0.504042029,0.913336277
2738,-0.396690041,-1.001678109
2739,0.336796820,-1.919470191
2740,0.262932897,0.551437676
2741,1.755775213,1.116180897
2742,0.216494650,1.227357626
2743,0.820335746,1.044980764
2744,-1.693100810,-0.102154605
2745,-0.188609704,-0.002266059
2746,0.354904979,0.066419281
2747,-0.040320985,1.600308418
2748,0.099367708,-0.669182122
2749,0.992233932,-1.177095532
2750,-0.966474295,-0.833662510
2751,2.397234678,-1.421978354
2752,-2.409817696,-0.458813429
2753,0.900571167,-2.614604473
2754,-0.525988698,-3.855331421
2755,0.852332830,0.177915558
2756,0.047627039,-0.601922750
2757,-0.213155597,-0.186078921
2758,-1.640058756,0.388183117
2759,-2.172678709,1.996460676
2760,-2.328652143,-1.621322870
2761,-0.779805899,0.660990298
2762,-0.140116319,-0.139070451
2763,-1.533132315,1.451634526
2764,-1.813469291,0.347910285
2765,0.248215541,0.318936408
2766,1.041172385,-0.306100816
2767,0.483184725,-0.059006467
2768,-1.137660742,-0.400725216
2769,1.354672074,0.879309595
2770,-1.242399812,0.111167431
2771,-0.125323534,0.684317172
2772,-2.657717466,-2.056867123
2773,-3.673444986,-0.100195326
2774,2.207112551,-1.715982437
2775,-3.831708431,-1.413673639
2776,-1.687233686,0.636897683
2777,0.189516753,0.031198438
2778,-1.665112019,-0.867629409
2779,0.954779744,0.074326277
2780,2.401951075,1.232594252
2781,0.642951250,1.022000551
2782,-2.949684620,4.335412502
2783,0.450364321,-1.139502645
2784,-1.749801993,2.056748867
2785,1.418067217,-2.520504713
2786,-2.840964317,0.068105429
2787,-4.295720577,-1.343811989
2788,-0.622535884,-1.127438307
2789,-1.075984120,1.746971130
2790,-1.798788786,0.060189575
2791,2.149407148,0.366447508
2792,-0.152968630,-1.074444175
2793,0.556566775,0.354872048
2794,-2.588886023,1.396574497
2795,-0.392938107,-1.748840809
2796,-0.338454217,1.231765985
2797,3.959611654,-0.174913079
2798,1.054035664,1.389719129
2799,-0.745314360,-0.838630080
2800,0.605568111,1.212034464
2801,0.239438191,1.567837596
2802,-1.872002482,1.037127137
2803,1.271989942,-1.886873841
2804,-2.216641665,-4.503912449
2805,0.904399693,0.894306779
2806,1.400578618,-0.147258565
2807,-1.751206994,-1.543557405
2808,2.363188028,-2.027585268
2809,-3.217882872,0.436524302
2810,0.178581476,0.348025054
2811,-0.500041485,-0.318215013
2812,-1.628898263,-0.463614970
2813,0.497926354,-0.496311069
2814,0.257344544,-1.296595454
2815,-1.087348938,0.937598467
2816,-0.858882785,1.817759037
2817,-2.507082462,1.021263242
2818,1.196646214,0.492243707
2819,-0.101392329,-0.494720399
2820,-1.184985638,0.102872305
2821,0.596222460,-2.538053989
2822,0.228924274,0.164989740
2823,0.091062121,-2.019102097
2824,1.252889633,-1.339656711
2825,0.648402870,-0.424690634
2826,-1.406017423,2.169895887
2827,-2.266804934,1.425679922
2828,1.033340216,-0.524387300
2829,-0.068265632,-0.623838782
2830,-0.328545749,-1.529435158
2831,0.332357854,0.692826450
2832,0.202884033,-1.559824228
2833,-0.403738201,-0.432162523
2834,-0.991251290,-0.025323745
2835,0.319582969,-0.216674685
2836,-0.844492555,1.214176059
2837,1.488432169,-1.717678547
2838,0.695185006,2.383955956
2839,-1.049248815,1.196589589
2840,-0.232838109,0.387089431
2841,-2.017424583,-0.855363965
2842,0.062813476,-1.821259856
2843,-0.017938830,0.481721222
2844,0.428272337,0.312710613
2845,0.977739036,0.212258518
2846,-1.041935325,-3.044559240
2847,1.278495669,0.045430277
2848,-1.496274352,1.313368320
2849,1.192606330,0.084643565
2850,0.561403036,0.661874115
2851,-0.796136439,-0.037261352
2852,0.102937721,1.327088356
2853,-1.745071054,-0.966590703
2854,0.008823660,-1.206309080
2855,-0.326415628,1.673965096
2856,-0.198123664,-0.264306992
2857,0.562406540,-0.835851073
2858,-0.560850143,-2.344742060
2859,-1.512373328,-0.589282990
2860,-0.692073643,-0.471513689
2861,-0.503710091,-0.262179494
2862,0.293754727,0.235475689
2863,-2.228293419,-0.304253608
2864,-0.012437263,0.987202704
2865,-1.343914270,0.996582806
2866,0.789536834,1.266575694
2867,0.007628695,1.617005944
2868,-0.909293413,-2.328123808
2869,0.667657197,-1.101089835
2870,-0.711310625,-0.549811900
2871,-1.546056151,-0.127505884
2872,-0.251861215,-0.008957142
2873,-0.793571293,0.297759205
2874,1.183532119,0.297341883
2875,2.787293434,-0.438177317
2876,1.272625804,0.644023478
2877,-1.159739017,-0.940150619
2878,-1.523808122,-0.659751296
2879,0.375101447,-0.197275028
2880,0.480057478,2.360738277
2881,0.455244660,-0.352197289
2882,1.103404760,-0.172268391
2883,1.570368409,2.189268589
2884,-0.448293895,2.069273710
2885,1.322761178,1.876268983
2886,-1.154978514,0.479898185
2887,1.482939839,-1.184417248
2888,0.020603530,-1.248298526
2889,0.585537374,0.400323242
2890,-0.936922371,-2.514259577
2891,-0.248099521,-0.325082153
2892,-1.449082971,1.089538097
2893,2.358491182,1.923175931
2894,-0.883650601,0.404770583
2895,-2.550333977,0.367650479
2896,0.720561624,-1.354981184
2897,-0.130120397,0.160150960
2898,-2.912785292,0.298111945
2899,1.683723569,-1.114906669
2900,-0.161013752,0.717564464
2901,1.477292418,1.034202337
2902,-1.991846800,-2.137443066
2903,-2.173021078,1.216874123
2904,-1.306582689,-0.658370554
2905,4.875992775,-0.016071836
2906,2.379160166,-1.080793142
2907,-0.319576800,-1.265452027
2908,-0.758818567,-0.507891893
2909,0.025900606,0.577024996
2910,-0.191465333,-0.529028714
2911,0.088795148,0.024794197
2912,0.144405037,-0.473694950
2913,-0.825234950,1.298883915
2914,0.849780560,0.310022056
2915,0.518712580,0.180969864
2916,-0.046740256,-1.135785699
2917,-0.991795301,-0.810821950
2918,0.036369532,-1.469964743
2919,0.798733294,1.242877722
2920,0.838109612,0.256314516
2921,-0.729785442,0.110739909
2922,-2.069025755,-0.168284401
2923,0.325481504,-0.192026675
2924,0.763276994,-0.396482736
2925,-0.066074371,-0.519339979
2926,-0.856876493,-2.803750753
2927,0.350733012,0.144686326
2928,-2.339566231,-1.212787747
2929,-0.178399608,1.882541656
2930,0.514842153,-0.034398314
2931,-0.673355222,0.391233563
2932,1.168096900,-0.044838041
2933,0.463228434,-0.214321390
2934,1.567691326,-0.876172185
2935,-1.519700646,-1.328699946
2936,0.804996371,0.939814091
2937,-0.126395226,0.247935683
2938,0.346860230,-0.111399569
2939,-0.842522919,0.086885229
2940,-0.147762954,0.121903770
2941,-0.039872855,-0.348336667
2942,0.570237935,1.344101787
2943,0.269230902,0.374474734
2944,-2.032466173,0.693944991
2945,0.471853822,-0.676781237
2946,0.055795580,1.323564649
2947,0.666918814,-2.560424805
2948,1.702983141,-1.758691192
2949,0.544103742,0.388342977
2950,-0.839620173,0.145782143
2951,0.121499777,0.854591310
2952,0.129410610,0.679668069
2953,-0.841451287,3.428900242
2954,1.358975410,2.264540434
2955,0.733848453,-2.426128149
2956,1.565852046,0.070065215
2957,-0.445799410,0.227775037
2958,0.475803137,-0.601339996
2959,-0.188502505,-0.023336934
2960,-3.954761028,-0.726693034
2961,-2.043970346,1.133973956
2962,-0.414460272,-0.467386156
2963,-2.375974894,3.055641174
2964,-0.815361261,-0.126361966
2965,-0.938167572,1.219868660
2966,0.681117117,-0.095174402
2967,0.039220918,0.819406569
2968,-0.219628617,1.328629613
2969,2.919173479,-0.865866899
2970,-0.127203301,-2.223469019
2971,-0.224213436,0.750778317
2972,-0.294553965,0.630565763
2973,0.688122749,-0.383907676
2974,-0.563175440,0.767873585
2975,-0.445222795,0.034932084
2976,0.167471051,-1.238326311
2977,0.233087152,0.312211156
2978,-0.545169652,2.533396244
2979,-0.413162440,1.107767224
2980,-0.349230289,-0.226371169
2981,-0.426023304,-0.708675146
2982,-1.096566081,-0.160614625
2983,1.881331682,0.392394274
2984,-4.403619766,0.762674153
2985,0.042393003,-0.907772362
2986,-0.610952735,-0.388243943
2987,-0.758946776,1.000336289
2988,-1.687640190,2.379304409
2989,0.787181973,0.142242849
2990,-0.270140767,-1.752330422
2991,0.589457572,0.510826945
2992,0.181893393,-0.377561659
2993,-0.524530590,0.270562500
2994,-3.326039314,1.319074035
2995,-0.942732096,2.060006857
2996,0.018719211,1.473630428
2997,-0.106360324,-0.415901631
2998,-1.829229712,-0.694148719
2999,-0.714268327,0.279079378
3000,0.271341711,-0.437291920
3001,1.541317821,-1.499398112
3002,-0.055042174,-1.009574533
3003,-0.121306285,0.582786918
3004,-0.478403896,-1.264472723
3005,-1.635614634,-1.432928205
3006,1.668466568,0.145184338
3007,-1.199422359,-0.311992794
3008,2.520467520,0.125426725
3009,-0.706384897,0.247114778
3010,1.884248257,-1.254614115
3011,1.841029644,0.691981256
3012,-0.193489850,-0.118714288
3013,0.084627882,-1.364290118
3014,0.050531581,1.649350047
3015,1.378391623,0.775333345
3016,-0.454841346,0.118279696
3017,0.119357087,-0.883261800
3018,-1.617966652,-1.024450541
3019,-0.695577741,-0.765630066
3020,-0.267721057,0.244997069
3021,1.407116413,-1.578571796
3022,1.037893057,0.691175520
3023,-4.062721729,-1.213685155
3024,-0.549695432,-0.346546054
3025,1.128424406,1.417360306
3026,1.083297729,-1.664692879
3027,2.345945835,-1.339473248
3028,4.389497280,-1.963877559
3029,2.219374418,-1.329523921
3030,-0.413680822,-0.207940623
3031,-2.099997282,-0.994150817
3032,0.778891444,-0.757555187
3033,-1.335748076,0.345039994
3034,-0.536209941,1.567181706
3035,1.607159972,-1.255092859
3036,-1.466534376,0.301912397
3037,0.250468642,-0.201596424
3038,-2.766291618,-0.363260865
3039,-0.152531534,-0.166590944
3040,-3.378421545,-1.870242238
3041,-0.726660728,1.219073653
3042,0.995595992,-0.326128423
3043,0.719312072,0.239288792
3044,0.895291567,-2.227627277
3045,-1.956368208,1.263087273
3046,-0.178744316,-0.587147117
3047,-0.011357957,0.998544157
3048,-0.272346020,-0.854483366
3049,1.496466517,1.436139941
3050,0.302267283,0.810757875
3051,-0.154698640,-0.426637262
3052,1.335996270,-1.561474085
3053,0.057158343,0.142464086
3054,1.692628622,-2.046800137
3055,0.760266662,0.305571645
3056,-0.373762071,-2.884948015
3057,1.122349381,1.000541925
3058,0.473325014,0.894158781
3059,0.896857798,-0.872580171
3060,-0.931305408,2.913179159
3061,1.222756267,0.800928235
3062,-0.042294707,0.713291287
3063,0.353318244,0.319208115
3064,1.309858203,2.147320986
3065,0.156414181,0.553861856
3066,1.466430783,1.230988622
3067,-1.092155814,-0.858400226
3068,0.325228691,-0.121897973
3069,-0.516265273,-1.176851034
3070,0.010465479,-0.108990096
3071,0.317302287,-0.113999277
3072,-1.068926096,-2.415724993
3073,-0.407227993,0.561136603
3074,-0.738958538,-0.268283367
3075,1.730117321,0.095554456
3076,2.610259295,-0.542581260
3077,0.089247152,1.876966953
3078,0.090981774,1.313504934
3079,0.157309815,1.143363237
3080,0.403447032,-0.200677916
3081,-3.212309837,-1.637753129
3082,0.966353238,1.783579707
3083,0.101712391,-0.236257061
3084,1.189765215,0.184271514
3085,3.858738422,0.980425775
3086,-0.548270583,-1.382557869
3087,0.585328281,0.673049390
3088,0.054054845,-0.714527905
3089,-0.239845693,-1.606930971
3090,1.088692665,-0.309351623
3091,-6.115412712,0.861908734
3092,0.110371299,1.384124994
3093,0.736203909,0.722000182
3094,-0.795174897,-0.127964988
3095,0.683097422,1.846223712
3096,-0.520165682,-1.588374257
3097,0.037932098,-0.157388493
3098,-1.373828411,0.993883848
3099,0.926589131,-0.479291201
3100,-1.054891825,0.448400825
3101,0.391677439,-0.311216384
3102,-0.585377634,-1.233246088
3103,0.845889032,-0.232058272
3104,1.156071544,-0.836922407
3105,0.609340727,0.550734162
3106,1.181564689,-3.435189724
3107,-0.232852101,2.917329788
3108,2.456360817,-0.285086602
3109,0.372134238,0.400268584
3110,-0.214106604,-0.481827438
3111,0.029769167,-0.147933885
3112,1.209380031,-0.406506300
3113,4.246045113,0.093946777
3114,1.031031728,1.584258676
3115,2.101510286,1.414888859
3116,-1.220110536,-1.455537558
3117,-2.970805168,-0.414110303
3118,-1.510379195,1.543767333
3119,-0.180203393,0.187778026
3120,1.221571684,-2.241307974
3121,-1.168552995,1.957922935
3122,0.708525836,1.161592007
3123,1.078305960,0.121443786
3124,1.273899913,-0.127856046
3125,-0.796032727,0.634435117
3126,1.600407362,0.290990770
3127,2.352424145,-0.733232021
3128,-1.522731304,0.209040865
3129,0.602234602,0.805367351
3130,-0.269006699,3.202996492
3131,2.498475790,-0.655761421
3132,0.132991582,-0.092672817
3133,-0.959659278,-0.843633652
3134,0.037487309,0.538082778
3135,0.592956901,-0.206738666
3136,0.708709955,-0.095127895
3137,-0.221740901,0.256622165
3138,-0.057557121,-0.142313987
3139,0.273149133,0.766307592
3140,-1.386743069,-0.154189989
3141,-2.566918373,2.056569815
3142,1.666197896,0.301089972
3143,1.502129674,0.189301908
3144,1.316582084,1.217303872
3145,-0.945738673,0.969087481
3146,0.111590043,-0.278797954
3147,-0.889648676,0.525148749
3148,-0.626636565,-1.270431042
3149,2.453051567,-0.069273703
3150,2.063934088,0.830409586
3151,1.543505669,2.006509542
3152,1.777048469,0.255133510
3153,-0.626487970,-0.533022702
3154,0.200271025,-0.702083647
3155,0.519104242,-0.351330936
3156,0.241114646,0.153324872
3157,2.560482979,-1.259273529
3158,0.205942973,-0.088625625
3159,-1.790313363,-2.215415955
3160,-0.360784203,1.181623578
3161,-0.375806510,-0.633155763
3162,0.484145820,-0.167214170
3163,2.417234898,-0.356109977
3164,0.247515246,-1.488728404
3165,-0.495606869,0.747155070
3166,-1.340889573,-0.245170683
3167,0.619182229,-1.032468200
3168,0.362470299,2.024781466
3169,-0.346435308,-0.532795131
3170,0.208731383,0.644289911
3171,-2.002906322,-0.407420695
3172,0.132628143,0.156133980
3173,0.069452494,0.666023731
3174,0.869542480,-1.383222103
3175,0.124608077,-0.129503965
3176,-1.576290369,-0.914943457
3177,0.964059830,0.745121837
3178,0.977155268,2.140466690
3179,-2.037596941,-0.817084551
3180,1.805889606,-1.320152283
3181,-1.391095400,-0.298243344
3182,1.884880304,-0.189973220
3183,-1.667364717,0.247630939
3184,0.041305467,0.908649266
3185,0.606717408,1.526552558
3186,0.019844653,0.426742613
3187,0.786141396,-0.566557765
3188,-0.730186224,1.032608390
3189,0.225403070,0.341260314
3190,-0.899145424,1.608709216
3191,-0.601432085,1.942971349
3192,0.941190779,1.488764882
3193,0.067445606,-0.307578832
3194,1.738744736,-2.709293127
3195,-0.978012323,1.777667403
3196,-1.219972253,-1.646645308
3197,0.495896906,-0.495390594
3198,-0.065383211,0.164184287
3199,0.267517328,-1.018086672
3200,-0.068201609,-0.512368083
3201,-0.063367829,-2.440132380
3202,-0.873243868,-1.355415106
3203,-2.576495647,-1.444650888
3204,2.225782871,1.671375513
3205,1.179566503,0.523046911
3206,-1.603466868,2.314078331
3207,-0.053355027,-0.527752042
3208,1.182996988,1.064314246
3209,1.035552025,0.428433597
3210,1.242072821,0.406827748
3211,-0.666273952,-1.089837670
3212,1.016699672,0.056387130
3213,-1.324063063,0.305157125
3214,0.751783490,0.817838490
3215,0.964356422,-0.213295475
3216,-1.103489280,3.148754835
3217,-1.172463179,-1.087671757
3218,-0.948737741,-1.559185863
3219,-0.039602906,-0.159390971
3220,0.564992368,0.430166870
3221,-1.345933557,1.599511266
3222,-0.321085900,-0.591722012
3223,0.029383430,0.879982352
3224,0.964908779,0.644395947
3225,0.056941245,0.382452816
3226,1.679130912,0.079870023
3227,-0.315438926,-0.849275172
3228,-1.091977000,0.316632450
3229,1.308587909,-0.853162169
3230,-0.771821380,0.746870756
3231,2.318862915,2.058158636
3232,-0.784272730,-1.204832911
3233,2.810266018,-0.896042585
3234,0.173256800,0.092228368
3235,-0.317237735,-1.081440449
3236,-1.888835549,1.765988708
3237,3.809139252,1.070351362
3238,-1.568496943,-1.294442773
3239,-0.182254285,-1.097350717
3240,0.420677006,0.710268319
3241,3.195478678,-0.396396756
3242,-0.776507258,-0.730246305
3243,0.900846362,-0.068445593
3244,0.792824626,2.561024427
3245,0.241223142,-0.070532754
3246,-1.253170013,2.522306919
3247,-0.896349192,0.076722555
3248,-0.111146659,0.560964763
3249,-0.977221668,1.737170100
3250,1.614537954,-2.523137808
3251,-1.008447289,0.458043933
3252,0.194312572,1.008001804
3253,0.142754167,2.924980879
3254,-0.822233021,-1.296016932
3255,0.052839994,-0.190612853
3256,-0.535950720,-0.753915250
3257,1.649766564,0.607961237
3258,2.417623997,0.335311592
3259,-5.319776058,-1.797491312
3260,0.125407964,-0.118939981
3261,1.479851723,0.771398723
3262,1.107689977,-0.344283879
3263,1.844143510,0.413761348
3264,-1.598209262,-0.334758669
3265,2.031593084,0.451388180
3266,-1.546606421,1.687155247
3267,0.206262857,-2.444754124
3268,1.104576230,1.227628708
3269,-1.936151385,0.673632681
3270,-0.233963013,-0.254973710
3271,-0.941569984,0.245246679
3272,-1.592558622,0.300111532
3273,-0.049988568,-0.458090067
3274,0.061908010,0.255714953
3275,-3.940727949,2.707993507
3276,-1.481249690,0.389558971
3277,-0.941114187,0.317839503
3278,0.603180766,0.719678104
3279,-0.320970625,0.148778707
3280,1.261599779,-0.573270321
3281,-2.094699621,-1.560160160
3282,0.093760051,0.643862963
3283,1.718779564,2.192346096
3284,-1.359511256,1.085337996
3285,0.563206077,-2.146172047
3286,0.831134737,0.171505839
3287,-1.616548777,1.818458438
3288,1.038463950,0.932678640
3289,-1.476062179,-3.479442835
3290,-1.076443195,4.354382038
3291,-0.575638711,0.100930229
3292,0.450461686,-0.475110829
3293,2.225231171,-0.044393353
3294,-0.202515990,0.075595945
3295,-0.352371722,0.034879621
3296,-1.050452828,0.544000149
3297,0.476573586,-0.122831039
3298,-1.183084249,0.738198042
3299,0.851635218,-2.270279646
3300,-3.576185942,-2.390514612
3301,-0.067019641,0.578065574
3302,1.599797845,-1.357249498
3303,0.226627633,-0.178046018
3304,-0.903391719,0.492950439
3305,1.654415846,-0.518728495
3306,-1.016078591,0.428686947
3307,-2.382265091,1.473140121
3308,0.860556066,0.513029277
3309,-0.349278837,0.010992885
3310,-0.113874935,2.132913828
3311,0.116554797,0.626596391
3312,-2.265532970,-0.632128179
3313,0.108144015,1.198442101
3314,0.401668489,-1.575982690
3315,0.659737647,-1.245975137
3316,2.873090506,-2.183408022
3317,-0.625230670,-0.537814975
3318,-0.732056737,-0.043204799
3319,0.674139440,1.132572651
3320,-2.591022015,1.138752580
3321,-1.339556813,0.401513517
3322,-0.685205698,-0.362201452
3323,1.143129349,1.915279508
3324,-1.177124023,0.310223192
3325,-0.205385029,-1.044762492
3326,0.402939141,-2.846013308
3327,0.757591724,-0.344641924
3328,-0.874671638,-0.622892499
3329,-1.187528849,1.281656623
3330,-0.115900762,0.057703622
3331,3.128747940,-1.401096702
3332,1.521411180,0.370411694
3333,-1.466241837,-1.080240250
3334,-0.715308011,-0.209824473
3335,-0.184353918,0.472808927
3336,0.394221812,0.428140491
3337,-0.891272724,0.038609676
3338,-0.404046834,0.041777883
3339,0.113628410,0.096959271
3340,-3.057142258,-1.225128293
3341,0.366606206,2.269723415
3342,-1.055452824,-0.807111144
3343,-0.772762418,0.525277436
3344,0.616116405,0.900256753
3345,2.509733200,0.500745475
3346,1.228896499,-1.058235288
3347,2.255496264,-0.708011985
3348,-0.840908349,-0.021796213
3349,1.805321217,1.651741862
3350,1.084729791,-1.129186988
3351,1.072396517,-0.604221940
3352,0.405737102,0.741385043
3353,2.302758217,3.168530226
3354,0.160384834,-0.464390129
3355,-0.563234031,0.662764072
3356,0.627119362,-0.597319722
3357,-0.386683553,0.202193171
3358,0.548898458,0.359554052
3359,-0.814598203,-1.462229133
3360,-1.155021906,0.338387609
3361,-0.385239214,0.098228507
3362,1.120900631,1.614378810
3363,1.990094543,-0.644870579
3364,0.608632207,-0.047599789
3365,0.880713463,-0.213490888
3366,0.019409245,0.678625941
3367,0.742798626,-0.481545866
3368,-1.230113626,-1.170725346
3369,-0.523820102,0.545166314
3370,0.546185374,0.384229720
3371,0.880968750,-2.069789648
3372,0.150674924,-1.301360965
3373,0.289263815,0.274305522
3374,-0.484541088,0.509162068
3375,0.103694402,-1.166209698
3376,-0.771609604,0.016835079
3377,-1.589968920,-2.561961412
3378,0.871515512,1.129154325
3379,0.631910205,-0.536691070
3380,0.816624403,0.062900670
3381,0.450347245,-1.587739229
3382,-0.160467952,0.054538336
3383,-1.206515193,0.529103220
3384,0.372008920,3.757487297
3385,-2.635832071,0.125917211
3386,0.293835759,-0.060692113
3387,-2.135989428,-1.642966628
3388,-0.533091605,2.338254929
3389,-0.777231812,0.339345932
3390,-1.102895856,0.647091448
3391,-0.463935107,1.615221739
3392,0.293526500,1.407613873
3393,0.858906925,-0.748085618
3394,1.674516678,-0.597744226
3395,0.297880739,0.728000879
3396,-0.740134418,1.540246844
3397,1.755919933,-1.505378246
3398,-0.399133474,-0.115164429
3399,0.490757436,0.960728943
3400,0.059720669,0.896261930
3401,1.429435253,-1.673022270
3402,-0.141009226,-0.570041835
3403,-3.379193783,-2.104889154
3404,-1.027812958,0.283188939
3405,-0.190573946,0.099757314
3406,0.377507895,-0.148714289
3407,1.201575756,-0.541842341
3408,0.203956842,-1.066927791
3409,-2.537877560,-0.864141643
3410,-0.152708769,-2.625659466
3411,0.274942994,0.788672686
3412,-0.511606455,1.604509950
3413,0.788352132,0.137309194
3414,-1.048143864,-0.741437852
3415,-1.191363215,0.803416193
3416,0.709840357,-0.707918286
3417,0.007284042,-0.123464406
3418,0.990823686,-0.600161135
3419,-0.766839445,4.052746296
3420,0.111552402,0.380326331
3421,-1.972010612,-0.720065951
3422,0.300904810,0.049302168
3423,0.432877928,-0.318384081
3424,-0.099895328,-0.069513068
3425,1.099024415,1.115231037
3426,0.822975457,0.098026983
3427,0.838636637,-0.222438768
3428,2.000427723,-1.565266609
3429,-0.366686970,-0.524030924
3430,-0.414963841,2.137485981
3431,-0.515927613,0.618424535
3432,-1.813184738,1.821163893
3433,2.528318167,0.127019674
3434,-0.397271603,0.876056731
3435,0.262694925,1.776947856
3436,1.400665283,1.389764071
3437,1.304761887,-0.522803485
3438,-0.223150522,1.037057757
3439,0.175151125,-0.472184807
3440,2.361896038,0.348322719
3441,0.285326928,-0.098898888
3442,0.878185570,1.324747443
3443,0.782326460,-0.000903014
3444,-0.437203437,-0.735423684
3445,-0.387208968,0.956174850
3446,-0.313338608,-0.382066339
3447,0.121269971,0.077204630
3448,-0.342118770,0.227103040
3449,1.465247512,1.836170673
3450,-0.619095325,-0.344466656
3451,-1.422532916,-0.321223050
3452,-1.339461327,0.847513020
3453,-0.147093475,2.361005306
3454,0.478656977,0.136158347
3455,-2.554570436,-0.290685236
3456,-1.325836897,-0.534198999
3457,-0.708288014,0.325009018
3458,-0.161963463,0.044236079
3459,-1.270218134,-2.468366146
3460,1.239081502,0.927634418
3461,4.241695404,-0.753770173
3462,1.089943290,0.972122669
3463,1.723710775,0.316814482
3464,-4.009986401,0.601340473
3465,-0.257318765,1.305110335
3466,-0.350550801,-1.251043439
3467,1.189484239,0.325485975
3468,1.425985336,0.563665569
3469,0.821670890,0.044219479
3470,-0.393233687,-0.612504423
3471,-0.252249837,-0.592314601
3472,-0.525968254,1.717963576
3473,0.556620359,0.816621602
3474,0.373238832,-2.778162241
3475,-0.327095926,-2.082592249
3476,-0.366424710,-0.374906957
3477,-0.317177206,-0.089181788
3478,-0.658005238,0.617285490
3479,-0.928808928,-0.483561367
3480,0.426486075,0.512641907
3481,-0.445737720,0.135933131
3482,0.253906935,2.530855656
3483,1.097357154,0.027254185
3484,-0.110496417,0.194717258
3485,0.725017667,-1.016115069
3486,1.329050899,0.154119119
3487,0.323143989,-0.254206449
3488,0.427300721,1.517766714
3489,-0.151786685,-0.622443795
3490,-1.271643400,-0.481581062
3491,1.312370300,0.730168879
3492,-1.231724501,-0.017602859
3493,-0.817826450,0.007997033
3494,-0.637970090,1.638129115
3495,-1.225301862,-0.685762763
3496,-0.732392192,-3.799293518
3497,0.027939342,-1.178741217
3498,-0.512515724,-0.390708357
3499,-0.153240085,0.021546522
3500,-1.885309815,0.809920251
3501,0.854712605,0.223774254
3502,1.168543577,0.461031646
3503,-1.374161601,-1.751860738
3504,1.356068015,0.159586757
3505,0.526481330,2.132984877
3506,-1.659944057,2.637331724
3507,0.585151374,0.265342295
3508,-0.078094006,-3.853748560
3509,-2.379789114,-2.049567699
3510,1.097321272,-0.629187524
3511,0.154033974,1.086638093
3512,1.489658356,-0.515687108
3513,-0.605486095,-0.019137872
3514,-1.032672286,0.849122584
3515,0.454286397,-1.903358102
3516,-0.302057028,-0.047901940
3517,1.278957248,0.136069104
3518,-0.782942414,0.496276498
3519,0.154990360,1.299924254
3520,-0.751197457,0.245618731
3521,-4.802906036,1.495316863
3522,0.051300019,-0.793476641
3523,0.142229944,-0.335600853
3524,-0.763278008,-1.276073575
3525,-1.137594223,1.050832391
3526,-0.185779244,-0.406056017
3527,-0.122443326,-0.318436861
3528,2.473057032,-1.587979436
3529,-1.306330919,1.072437882
3530,-1.922286153,0.176831946
3531,-0.352105796,1.247222900
3532,1.152703047,2.652177572
3533,1.927722931,0.289579183
3534,-0.578055918,-0.209311157
3535,-1.355956793,-0.441458851
3536,-1.077924013,-2.039576769
3537,0.227715105,-0.501159728
3538,1.330605745,-0.397074759
3539,-0.148258984,0.310842484
3540,0.266779125,0.044905651
3541,-0.270115644,0.100250036
3542,-0.722530067,-0.480762988
3543,-1.810796976,1.549111247
3544,2.618238211,-3.207387447
3545,-1.000575185,-0.215043336
3546,-1.066711426,0.330762446
3547,0.018248456,1.916970134
3548,1.258823752,-0.760146797
3549,2.487071753,-0.859467387
3550,-0.694771111,-1.034150958
3551,-2.304102182,-0.545077384
3552,-0.138840884,-0.319763958
3553,-1.257382274,-0.554537773
3554,-0.372993022,2.246132135
3555,-0.830690622,0.298226297
3556,0.512244999,-0.149565876
3557,-2.032560110,3.646443367
3558,1.204683065,0.039585177
3559,1.375964284,-0.686635792
3560,4.940333366,-0.399831623
3561,0.960952938,-0.868096888
3562,-0.423269123,-0.395531267
3563,0.141787529,-0.098884374
3564,-0.296496242,-0.342173874
3565,0.666042149,1.181515574
3566,1.342452645,-0.871245861
3567,0.483393401,1.099261403
3568,-1.813180566,-0.868194640
3569,0.414604455,0.041713361
3570,0.062787540,0.304270983
3571,-0.607118785,0.163158610
3572,-0.096759304,-0.121006705
3573,0.666145265,0.147966310
3574,-0.021331036,1.835647345
3575,0.392269790,0.331990182
3576,-2.159657717,0.972472906
3577,0.241536573,-0.820365906
3578,0.661166072,0.692162395
3579,-0.108519241,0.205542192
3580,0.358638227,0.709924698
3581,2.593159437,-1.178180695
3582,-1.558812857,3.193673134
3583,1.418635964,-2.039260387
3584,0.674955547,-0.179634675
3585,1.311589122,0.682563543
3586,-1.182959437,-2.944802523
3587,-0.208063468,-0.408031553
3588,-0.093563929,-0.683875442
3589,-1.446640611,-2.524175644
3590,-0.099568821,-0.157938197
3591,2.076153517,0.397529960
3592,0.837457299,-0.157649770
3593,-0.862199843,-0.306535959
3594,-0.274653196,0.873437107
3595,1.409670830,-0.288978606
3596,0.537064075,-0.370042533
3597,0.717660129,-0.638296306
3598,0.519446373,1.285037398
3599,0.985918880,0.692783058
3600,0.269917786,0.672609448
3601,-0.371595263,-0.065311067
3602,1.356318235,0.303179562
3603,1.888108850,-0.136574000
3604,-1.141228795,-0.647642314
3605,-1.906445265,0.560641766
3606,-1.796474457,2.562025547
3607,2.400083542,2.386042118
3608,2.107120514,-0.148961350
3609,-1.355690122,1.046423912
3610,-0.221599907,0.463023633
3611,0.617152810,0.958041191
3612,0.332414538,-0.303750843
3613,-0.558818519,2.448758602
3614,0.456000745,-0.046429455
3615,-0.803405702,-0.586694777
3616,-0.371582121,0.151987806
3617,-1.480547428,-2.351354361
3618,-0.384627074,0.258203238
3619,-1.602686524,1.425066233
3620,0.077717133,0.781987429
3621,1.354176283,1.398077250
3622,-0.588489532,0.356178463
3623,-1.487191916,0.442214102
3624,-0.688192129,-1.102023602
3625,0.148196995,2.079818964
3626,1.098931670,0.762059629
3627,-0.470818341,0.102253363
3628,0.416407824,-0.076863170
3629,-1.338131428,-0.875960708
3630,0.846816301,0.015214093
3631,-0.361755490,-1.372637033
3632,-0.635739028,2.017504454
3633,-1.163024545,2.778789759
3634,0.749906182,0.227315605
3635,0.974648356,0.415190309
3636,-0.010097869,0.176415905
3637,1.918966174,3.694062948
3638,-1.225243926,1.457883239
3639,-2.507824183,1.221978307
3640,2.616703033,-1.067725301
3641,-2.816744328,0.005992966
3642,-1.023398638,-0.038315270
3643,1.479463220,0.886772990
3644,2.611754894,-2.670437574
3645,0.461844683,-0.119333521
3646,0.469313920,0.467591941
3647,-0.727216005,-1.703997374
3648,-0.372282237,-0.185969412
3649,0.315079600,-0.350593328
3650,-0.523122728,-3.341311932
3651,0.327470779,-0.534665525
3652,-3.273666143,0.477879465
3653,-0.639502406,-0.622586012
3654,-0.175872132,0.816683114
3655,-0.094529398,0.698567271
3656,-1.463735104,-1.847431302
3657,0.099413432,1.324787855
3658,0.177963570,0.116648689
3659,-0.826031506,0.482555896
3660,0.691453755,0.787122726
3661,0.457607210,0.382132649
3662,2.843631268,-0.046094097
3663,-0.552630126,-0.117112510
3664,0.046136715,-0.221585289
3665,0.492425978,0.192484066
3666,-0.246892348,-0.159538046
3667,0.699786305,-1.017562866
3668,-0.483217925,-0.666724324
3669,0.829941809,1.386163712
3670,1.366105199,-0.651470006
3671,0.994277537,0.459589601
3672,-0.576701999,-1.130740047
3673,0.653517902,0.378956825
3674,-0.001228624,1.372702003
3675,-1.565851331,1.890135884
3676,-1.687884927,-0.406506300
3677,0.787796974,-0.896584988
3678,1.246731997,-0.654234946
3679,-0.841149330,-1.030352712
3680,-0.495005429,-1.776993036
3681,-0.928548038,0.926836848
3682,0.551503003,-0.105642095
3683,0.207706943,0.441695184
3684,-1.123454809,-0.460315853
3685,-1.834157705,-1.699142337
3686,-2.236611366,-0.519817650
3687,1.616235375,-0.905532420
3688,0.790738285,-0.171941072
3689,0.111816980,-1.000731468
3690,-0.054989740,0.299242258
3691,0.562924981,-0.156669229
3692,-0.328191400,0.365658522
3693,-0.190878496,0.033885498
3694,-2.296799183,-0.038273323
3695,-0.722788572,2.407652855
3696,0.128890857,-0.899993598
3697,-1.358010173,0.503764987
3698,-0.144648582,-0.139718905
3699,0.299695194,-0.032867361
3700,-2.593652725,-1.023369789
3701,-0.106804289,1.658499599
3702,1.190567970,-0.676086843
3703,-2.349857330,2.481947899
3704,3.024828911,-3.562110424
3705,1.399838924,2.183160067
3706,-0.465660244,0.557427347
3707,-0.469139218,-0.579461277
3708,1.086859941,-0.527604043
3709,-1.171679974,-1.706067324
3710,-1.458571434,-0.928851724
3711,1.072015762,-0.391337216
3712,0.844534934,-1.191125274
3713,-0.178477839,-1.223206401
3714,1.219079852,-0.681072235
3715,1.174559116,1.451339960
3716,0.782984853,0.023608709
3717,0.773266315,-1.154894471
3718,-2.641899109,0.944284320
3719,1.649224281,-0.050835360
3720,0.229287043,-0.451551080
3721,2.051625729,1.020510197
3722,-0.527846754,0.314220816
3723,-0.913108885,-0.423720777
3724,1.171344876,0.728226304
3725,0.168126345,-0.042546976
3726,0.201098904,-1.494311810
3727,-0.438952625,-0.430381060
3728,-0.652354240,0.203985244
3729,-2.406991959,1.786870241
3730,0.132729903,0.590073347
3731,-0.399157375,-0.718823731
3732,-0.758392155,0.890454650
3733,1.744356155,-1.348196149
3734,-0.579896212,-1.255921245
3735,-0.735980332,0.648236513
3736,0.335318267,-0.945511460
3737,-3.304126501,-0.912228286
3738,-0.593719065,-0.009146574
3739,-0.662149549,1.749589801
3740,1.204471231,0.263039082
3741,-0.240219221,-2.064160585
3742,0.157194868,-0.021564245
3743,-0.351021796,0.748200655
3744,-0.434486449,-2.497208118
3745,1.013727069,-1.322873831
3746,-1.915037513,-2.774978399
3747,1.114347100,-0.617235959
3748,-0.769834042,0.135786787
3749,-3.375935316,0.777535260
3750,0.722013950,5.000104427
3751,0.489602268,-2.423143625
3752,0.132630035,0.231870666
3753,2.365795135,-2.104498863
3754,-0.700897515,0.309712619
3755,-0.124229126,0.115513146
3756,-0.017225267,0.304237366
3757,1.267623067,0.687982142
3758,-0.903135896,1.403019190
3759,-0.777867198,-3.124448538
3760,-1.352690935,-2.121025085
3761,0.665429235,0.762381375
3762,1.135918617,0.619802773
3763,-0.046215039,0.596668899
3764,1.172588229,1.037562728
3765,1.343610764,0.027788818
3766,-0.123871937,0.971109092
3767,-0.360898703,0.121988617
3768,0.861586750,-2.416081190
3769,0.857819140,1.292076468
3770,-0.210278496,0.524878860
3771,-0.465255558,-1.895626903
3772,-0.452420831,0.774293542
3773,0.616325498,-1.438933611
3774,2.293388128,-0.320369482
3775,0.009226760,-1.674643755
3776,-1.756499052,0.945861101
3777,-2.254959822,0.097040348
3778,0.222993866,0.010765550
3779,0.653667808,-1.868631959
3780,0.055904754,2.928262234
3781,1.341831565,0.798338771
3782,0.539339006,-0.754526556
3783,-0.414454669,1.042484641
3784,-0.597676396,-3.021392822
3785,0.058238842,-0.269890189
3786,0.279427171,0.868199706
3787,1.140809774,-0.591062725
3788,-0.983387411,1.032908082
3789,-2.167034864,-0.517171443
3790,-0.097497582,-1.902333975
3791,-0.190695494,-0.430198252
3792,-3.697359085,1.269723773
3793,-0.016007982,-1.168460965
3794,1.790016294,1.896964431
3795,-0.267492473,1.247897863
3796,0.029821800,-0.269206583
3797,-0.224634707,-0.136615962
3798,-1.069363356,0.538299382
3799,-0.901903510,0.595508575
3800,0.669215322,-2.000786066
3801,1.316606879,-0.420242935
3802,1.342275381,1.030543327
3803,1.788050175,-0.913071752
3804,-1.467947006,0.594278514
3805,-2.185982466,1.017425895
3806,1.538065314,-0.382095486
3807,0.196291551,0.686171114
3808,1.489917159,1.209629059
3809,-2.147204638,-2.787252903
3810,-1.951273322,0.248745129
3811,0.587092519,-0.349876970
3812,0.850055754,-0.408069611
3813,-0.853745222,0.218345687
3814,-0.361257970,-1.695035458
3815,0.643934548,0.054683536
3816,-0.665199876,-1.216725588
3817,1.585217595,0.205821469
3818,0.336039037,-0.313383043
3819,0.020297483,1.485292673
3820,-0.721378386,-0.293442965
3821,0.159342587,-0.512461007
3822,-1.122618437,-2.188917875
3823,0.345372498,-0.814257801
3824,1.136772275,0.036137763
3825,-0.032836311,1.302054167
3826,-0.171548590,0.256209642
3827,-0.914859891,0.319040030
3828,0.558443367,-0.749963522
3829,-1.265248537,0.017313130
3830,0.834708750,1.735557079
3831,-3.197664022,1.703911662
3832,-1.054371357,-0.356705636
3833,-0.166537791,-0.396201521
3834,-0.146226615,-0.041857485
3835,0.066804290,-0.326179445
3836,-0.235938996,0.362268090
3837,0.353078097,0.105077133
3838,0.379869580,0.132850736
3839,0.085919283,0.550119936
3840,0.118438751,0.259807467
3841,2.078856468,1.860727787
3842,-2.802842140,-1.770370126
3843,1.378011107,-1.166662216
3844,-0.058067929,0.702146113
3845,1.049726248,-1.491617560
3846,0.629497647,-0.214970350
3847,0.424287498,0.870440423
3848,0.221681729,1.568596601
3849,0.571720481,0.045436408
3850,-0.603568017,-1.186114430
3851,0.708277404,-0.660128951
3852,-1.399025679,0.204878062
3853,0.621938825,-0.805278778
3854,-0.481324941,2.241101265
3855,-0.987231374,0.522394836
3856,0.445332557,0.224476576
3857,1.387706518,1.273789406
3858,0.648188770,-0.941731513
3859,-2.057075024,0.049791526
3860,0.697019398,-0.197673261
3861,2.646794796,2.900844336
3862,1.466155529,2.068984985
3863,-0.016639806,-1.576846957
3864,1.372106552,-1.379689336
3865,-0.340229392,1.450531721
3866,-0.114944994,-0.098176338
3867,-0.176523939,-0.180186301
3868,-0.894607961,0.971101046
3869,1.000120759,0.392356992
3870,1.383091450,0.226275459
3871,-0.116161421,2.182265043
3872,-2.232874632,0.839176178
3873,-0.557262421,-1.190280914
3874,2.790804625,-1.482883334
3875,-1.320550203,0.384319872
3876,-0.171409890,0.013898087
3877,-0.446185976,0.174210966
3878,2.051628113,0.242132053
3879,-2.606185198,-0.213607088
3880,-0.907588959,1.340866089
3881,0.136993125,0.493414730
3882,0.510417342,-1.041966558
3883,1.600861549,-2.243828058
3884,0.501783431,-1.827976584
3885,-0.138660997,0.034325946
3886,-1.763364196,-0.132664427
3887,1.180608273,-0.354083866
3888,0.916709363,1.514238358
3889,-0.605100989,0.658410728
3890,-0.595773280,1.883551240
3891,0.755184770,0.927766621
3892,-1.440960050,-2.108772755
3893,-0.835505664,-1.659639835
3894,-2.166586161,0.555062771
3895,-0.324907124,-0.185081989
3896,-1.401276588,-0.353983253
3897,-0.396184444,1.304005861
3898,-0.580564857,-0.918657243
3899,1.466499925,0.671038508
3900,-1.797826290,-1.210420609
3901,0.562115371,1.583883524
3902,-1.425971508,4.168646812
3903,1.019979239,-1.374867082
3904,-0.503641367,0.165533811
3905,0.462154716,-1.942713261
3906,-0.222432837,-0.093180925
3907,0.083151996,1.277522326
3908,0.306251377,1.152734995
3909,-0.901217997,-0.002172228
3910,-0.967347264,-0.736707866
3911,-0.650461018,-1.613030553
3912,-0.824307442,0.062448386
3913,0.823585212,0.465058297
3914,0.024945416,-0.419410884
3915,1.194601297,0.625777781
3916,1.807413459,-1.793623447
3917,0.041845474,-0.437802911
3918,2.588747740,1.768587470
3919,-0.192266583,-0.800851107
3920,1.141347647,1.992224932
3921,-1.476598144,-3.099928379
3922,1.553553700,1.676327705
3923,-1.128264904,0.019935314
3924,0.851522803,0.599899054
3925,0.146657467,-0.534132183
3926,0.011570609,0.469300747
3927,0.346512973,1.151177764
3928,-0.519370377,0.081542246
3929,0.636496305,1.661656380
3930,-0.701925516,-1.295017004
3931,1.225891829,-0.502534747
3932,-2.142568350,0.750976562
3933,-1.747966051,0.953436732
3934,-1.021066189,-0.761319995
3935,0.204512581,-0.633444667
3936,-0.251414597,0.882370949
3937,0.532565475,-0.230182990
3938,-1.653478622,-1.352993846
3939,-0.167501703,-0.071361348
3940,-0.692949355,-0.798709035
3941,1.676203012,-0.122862354
3942,1.128598571,1.403835058
3943,0.841081202,-2.351329088
3944,0.666513383,0.044618711
3945,0.120632805,1.032688022
3946,0.802693903,-1.098757863
3947,1.296102881,1.003501892
3948,-1.317029119,2.675656557
3949,-1.401826501,-0.042107534
3950,-0.558440089,1.226811528
3951,-0.405409098,-0.134572029
3952,0.978133619,0.940972328
3953,-0.303485751,0.931728423
3954,-0.298306912,0.582570434
3955,2.354751348,-2.477136374
3956,0.240664959,0.051251404
3957,-1.167066574,-2.465186834
3958,-0.673231721,1.349260449
3959,-0.857578754,0.041234165
3960,-0.573900163,-1.106376767
3961,-0.519517124,-0.287464857
3962,-0.710087240,-0.788976431
3963,-1.851797581,0.609209299
3964,0.460113168,-0.928512275
3965,1.410616994,-0.293459296
3966,1.048425794,-2.142339945
3967,0.073950171,2.183623552
3968,0.593953431,1.320697665
3969,-0.934327304,2.509435415
3970,-0.039992105,1.765181422
3971,-0.258759588,-0.503314197
3972,-0.291924208,-1.407693982
3973,0.872241437,-0.021648565
3974,-0.227680251,1.397238612
3975,-0.430328608,0.241725951
3976,-1.320188880,-1.952624083
3977,0.273374945,0.464120090
3978,-0.832032740,0.418490440
3979,0.886173487,-1.758002758
3980,-0.245092884,-0.178350806
3981,-0.198425546,-0.514280260
3982,-1.527622342,-0.690548122
3983,-0.189401254,-2.758247375
3984,1.775986791,0.082406387
3985,-0.193373635,0.240888938
3986,-0.158681706,0.864747763
3987,1.450704455,-1.199145675
3988,0.022574706,-0.217693657
3989,0.206351161,-0.175061926
3990,0.732482076,-1.573807716
3991,0.315051079,-0.495006889
3992,-0.109280333,0.310916454
3993,-0.110059969,0.600438654
3994,-1.076022744,-1.507369757
3995,0.271676242,0.246233836
3996,0.164879739,-0.024362100
3997,-1.973441839,-0.384574145
3998,-2.152240992,-0.000634344
3999,-0.619019568,-2.194375038
4000,-3.051587343,-3.812949419
4001,0.536044061,0.764878392
4002,-0.044011205,1.972921371
4003,-2.300821304,-0.652870834
4004,-0.476700068,0.462675065
4005,0.870691478,2.047995806
4006,-0.011620284,0.065210968
4007,-1.008302212,0.517739832
4008,-1.996291637,0.817902803
4009,-1.948423266,0.470035881
4010,-1.083651900,0.418973953
4011,1.145677328,-0.148460016
4012,-0.075099371,1.032492638
4013,1.348102689,-0.742547393
4014,-0.068349160,-0.577193856
4015,0.851267099,0.622900367
4016,0.509000123,0.066692583
4017,-0.466477424,0.174603775
4018,1.071303248,-0.736995280
4019,1.517586350,0.626288235
4020,1.439390540,-1.393774509
4021,-0.969309866,-0.113107733
4022,1.104396105,0.073939241
4023,-0.100563191,-2.932372332
4024,0.539869845,-1.105153680
4025,-1.079032898,0.875369132
4026,-0.048790514,0.806396604
4027,-0.830634415,1.056651950
4028,-1.495177507,-0.011972476
4029,1.028246403,-1.826664805
4030,-1.372468233,2.553864717
4031,0.373665452,0.243107781
4032,0.368858278,0.078748934
4033,-0.768411458,-0.063012563
4034,1.177597404,1.709925652
4035,0.541770458,2.141112328
4036,-0.369908988,-2.126702547
4037,0.155155092,0.644344866
4038,-0.864536524,-0.074606426
4039,0.380743444,-0.311124742
4040,0.295954973,0.952684939
4041,1.519451737,1.301528454
4042,3.110471487,-1.157884240
4043,0.204238325,-0.677165508
4044,-1.537570596,-0.741347909
4045,2.071551323,0.245252952
4046,0.210274607,0.553277016
4047,0.644224346,-0.575787902
4048,0.801701486,0.185479268
4049,0.126182392,-0.099057570
4050,2.130629539,1.539823294
4051,-0.702404201,2.504993677
4052,-2.147318363,1.074909329
4053,0.674403727,1.503893375
4054,-1.814095020,-0.241302207
4055,0.798991740,0.470174819
4056,0.685529530,-0.976511359
4057,-0.061576627,0.821567714
4058,0.510856211,-2.097579956
4059,2.065356016,1.089776516
4060,0.719442129,0.093052395
4061,0.562547088,-0.087589510
4062,-0.448075354,0.296675980
4063,-0.535850465,0.627090514
4064,1.646969080,0.090752259
4065,0.443922758,-0.342664361
4066,0.018095056,-1.569315910
4067,-0.112104297,0.710243106
4068,-1.103633761,0.379034847
4069,0.199433878,1.191643238
4070,1.724834681,-0.216743007
4071,0.321005493,0.585992634
4072,-0.297030061,-0.574164033
4073,-0.208838433,0.556294799
4074,-0.117814727,-1.150644541
4075,1.265071034,-0.456368029
4076,-0.284899175,0.094935484
4077,-1.952668309,-0.257534772
4078,0.751256287,0.940315068
4079,-0.593928933,-0.780391455
4080,-1.267112732,-0.514290810
4081,-0.394750744,-1.033437967
4082,-1.611805201,-1.147307754
4083,-0.705118775,-1.073523760
4084,0.330033392,-0.041810788
4085,0.306493461,-1.471284151
4086,0.215788767,0.130438581
4087,-0.436539531,1.732555866
4088,-0.019267203,-0.348124295
4089,-0.388496816,0.192320764
4090,-1.185699463,0.748544991
4091,-0.894505620,-1.585640907
4092,1.554481149,-0.273067087
4093,-0.029842176,-0.171311945
4094,-0.522846222,0.043844957
4095,-0.161607042,-0.130553454
4096,2.428416491,-0.899967194
4097,0.927244067,-1.362180710
4098,-0.626600087,1.094101191
4099,1.454546690,0.977949977
4100,2.742710590,-1.484146595
4101,-1.070822597,-0.626533806
4102,-0.830966532,-0.492185295
4103,-1.337694407,-0.857973874
4104,2.805726290,1.280640721
4105,-0.465279639,-1.278941870
4106,-0.591318011,-0.359811187
4107,-0.419138759,0.196775436
4108,0.401175082,-0.247863814
4109,-1.260404348,1.111858249
4110,0.239938334,-0.165581360
4111,-0.486725867,-0.207914516
4112,-1.842213631,2.320881367
4113,-0.989166856,-0.975242674
4114,1.719486594,1.246633887
4115,1.704407811,2.037637711
4116,-0.112685092,-0.148628533
4117,-1.193059444,-0.631310046
4118,0.243810996,2.574343204
4119,0.627648354,0.449690074
4120,0.144461319,-0.178391695
4121,0.858771145,1.460891366
4122,3.252229691,-0.822271764
4123,-0.341543019,2.966091156
4124,1.329481602,-0.269854844
4125,-1.383454919,1.702360392
4126,-0.133612975,-0.842944205
4127,1.697649002,0.612497926
4128,0.522435486,1.576621413
4129,0.281868815,1.051998377
4130,2.162016630,-1.582236648
4131,1.116303682,-2.270037889
4132,1.024225712,-0.014605330
4133,-1.012326121,-1.038067937
4134,0.952671587,1.184701800
4135,-0.732159197,-0.327910155
4136,-1.664595723,-0.001377349
4137,0.995433807,2.200339079
4138,0.084211856,0.204969645
4139,-1.834215164,-1.689234734
4140,-0.353768319,3.326535225
4141,-0.603837788,-0.562179506
4142,1.198985219,-0.136697188
4143,0.515093803,-1.225988388
4144,0.182460055,-1.309342742
4145,0.091243066,-0.081435755
4146,-1.474876642,1.169862151
4147,-0.688978851,-0.721752763
4148,0.236247212,-0.626183033
4149,1.684242010,1.009408236
4150,2.040671110,0.129005730
4151,1.622180820,-1.400226116
4152,0.962899029,0.601630747
4153,0.135673225,0.351491362
4154,2.072950840,-1.153391719
4155,-0.842070758,1.377005458
4156,1.190970302,0.026439812
4157,0.005267802,-0.240860105
4158,0.463417977,1.460125685
4159,-0.394922078,0.248250753
4160,1.500641227,1.045995593
4161,-0.726283252,-1.125047326
4162,-0.725509942,-0.173343912
4163,0.183729008,-1.430019617
4164,-2.115381002,3.399698734
4165,0.497848272,-0.204710886
4166,1.120211720,-0.090427391
4167,-0.525961399,-1.759099483
4168,1.312009215,2.138175964
4169,0.294106185,-1.070093632
4170,1.081735611,1.124713778
4171,-0.808132827,-0.319161654
4172,0.633950174,-0.737445116
4173,0.405997515,0.715210438
4174,0.172065541,-2.139122725
4175,1.666136742,-0.778028190
4176,0.176104218,1.045038581
4177,1.810673118,-2.571718931
4178,-0.356628090,-0.673648953
4179,-0.143486902,0.168152824
4180,0.689321995,-1.341846943
4181,1.468106627,-1.863942504
4182,-2.802434444,-1.419409275
4183,0.658884346,0.738200068
4184,0.251867324,0.471823484
4185,-0.115920842,-0.007300893
4186,-0.395984769,-1.216684937
4187,-0.101829849,2.726892948
4188,2.231574297,1.266000986
4189,-2.037269592,-2.891135931
4190,0.160293281,-0.030611027
4191,-1.040851712,-1.230211139
4192,0.538257599,0.681547463
4193,-2.407409906,1.335646749
4194,-1.285034537,-0.217741251
4195,-3.198116302,-0.830782712
4196,-0.891803443,-0.797793031
4197,0.967302918,1.233530164
4198,-2.003319025,-0.946641207
4199,-1.926282525,0.066759743
4200,-0.926874995,0.129210025
4201,0.409628212,-0.812991023
4202,1.426643968,2.130976915
4203,-0.373002768,1.455767870
4204,0.310268402,-3.563656807
4205,-0.729422688,-0.134129375
4206,1.176461697,-1.257381558
4207,-0.056721002,1.153490543
4208,-0.563156903,1.164034843
4209,-0.483988613,-0.586611450
4210,0.881439149,0.374352574
4211,-0.173892274,0.811352313
4212,2.006669283,-2.225751400
4213,-2.552592278,1.544026613
4214,-0.037014648,-0.246689498
4215,0.920995176,-0.990180850
4216,0.270287931,0.938099325
4217,-0.880055189,0.554522455
4218,3.568727255,0.419298798
4219,-1.064084888,1.403916478
4220,0.751068234,4.908022881
4221,-0.137868717,0.703171551
4222,-0.871668696,0.354165286
4223,-1.011352777,-0.381970674
4224,-0.985070050,0.626263082
4225,0.370350301,-1.311627388
4226,-1.131232858,1.120103240
4227,0.427875549,-0.101104431
4228,1.839240432,0.888515115
4229,0.162413687,0.010210155
4230,0.143700555,0.169980824
4231,2.397300720,-0.217486918
4232,-0.050468724,0.119520374
4233,-0.561493635,-0.647629440
4234,-1.474320769,1.556698442
4235,1.151062250,-1.336364388
4236,-0.170740306,0.190095469
4237,-0.903259933,-0.458497077
4238,-0.302726984,2.027675152
4239,-0.163992882,-0.352442354
4240,1.711355448,-0.700809777
4241,0.194573402,2.077297211
4242,0.225862235,-1.380693793
4243,-1.097477794,-1.301494002
4244,0.622159481,-0.241701975
4245,-1.088151097,0.162942499
4246,1.366547465,-0.106556043
4247,0.647905946,-1.384907126
4248,1.961678982,2.004092455
4249,-1.677933693,-1.796188354
4250,-0.171814099,-0.117541030
4251,-1.478250265,0.756263852
4252,0.224946603,0.098851644
4253,0.284280926,-0.109635666
4254,0.453985423,-1.126813293
4255,0.153842375,1.683568001
4256,1.249018431,0.487906843
4257,-2.900521278,1.868473172
4258,-1.297675014,-0.952878654
4259,0.839495778,1.083633065
4260,1.109366894,0.507460535
4261,0.111555979,-0.220250607
4262,-0.578696132,0.130759418
4263,-0.826240599,0.140430227
4264,-0.848276198,1.058506131
4265,-0.751327276,1.232680440
4266,-0.535355210,-1.608775020
4267,-2.742618799,-0.070679426
4268,2.584586859,1.632553577
4269,2.043294907,-0.737242937
4270,-0.552861750,-2.103235245
4271,-0.166333482,-0.170537233
4272,2.083985329,0.049314775
4273,-0.649138868,0.684440196
4274,0.307021290,0.495333254
4275,3.041260242,3.285821915
4276,1.068438649,0.982486606
4277,-0.648322463,0.366214603
4278,-0.469511002,0.844982028
4279,-0.391263545,-0.342353314
4280,0.329802454,-0.909526348
4281,1.324873686,1.113354445
4282,0.349816084,0.104807064
4283,0.359535158,0.252491415
4284,0.539389908,-1.514331102
4285,-0.566601276,-1.515763879
4286,1.709679246,-0.826747179
4287,0.978110552,0.225631967
4288,0.448314846,-0.050732762
4289,0.157954350,-0.066228949
4290,1.751565456,1.741063833
4291,-2.173269033,0.662018359
4292,1.068347096,-0.837644041
4293,-0.150471568,0.146769747
4294,-1.896383047,-1.186702967
4295,2.608978987,-2.476198435
4296,1.504431129,-0.155913293
4297,0.842535615,2.289814711
4298,-1.662023783,0.897486389
4299,0.245010406,0.874107659
4300,-1.225975156,-0.721361041
4301,-0.258981675,-0.945273817
4302,-0.064195246,0.123914756
4303,0.538708985,1.436830401
4304,0.387544662,2.085910797
4305,-0.700747430,1.874142766
4306,1.723674774,0.592595220
4307,-0.656646609,0.104636699
4308,-0.026472276,-0.287910193
4309,-1.567663312,0.169581205
4310,0.786561251,1.154238462
4311,-0.279881686,0.682445884
4312,-1.650892973,0.634084284
4313,0.931313813,-0.826205909
4314,0.332882911,1.824946165
4315,0.892181277,-0.961336732
4316,3.195088387,-1.994079828
4317,0.367264330,-0.194873706
4318,1.935807109,-0.350120783
4319,0.431034923,-1.141094327
4320,-0.786354005,-1.309774518
4321,-0.783558965,-0.632857800
4322,0.274964571,0.480511993
4323,0.155505955,-0.206993178
4324,-1.783068419,0.451115757
4325,0.079701483,0.181530863
4326,1.658105731,-1.190625429
4327,-0.251535505,1.334385872
4328,0.021173833,2.742193460
4329,-0.407122225,1.700933218
4330,1.672066927,0.004026700
4331,0.850695550,0.249487713
4332,-0.904681265,0.322647214
4333,-0.921416819,-0.196964130
4334,-1.235938787,0.790483713
4335,0.326422989,-0.228436098
4336,2.487215042,0.035928372
4337,-0.969114065,-2.138441324
4338,0.170984998,-0.143664926
4339,0.051057477,0.579007685
4340,0.983202279,0.743002415
4341,1.436199784,-1.792624116
4342,-0.908952177,-0.122565567
4343,-0.158184156,-0.323000222
4344,0.031769618,-0.510994375
4345,0.045442902,0.639356136
4346,-1.249890924,-1.282805324
4347,-0.743622541,-0.022550538
4348,-0.281526655,0.225507542
4349,-1.850005746,-0.056257717
4350,-0.623739839,-1.081276059
4351,1.254008293,-0.151711851
4352,1.306238174,-1.327584505
4353,0.283524215,0.908904612
4354,1.821947813,0.326391518
4355,-0.063227847,-0.173662499
4356,-1.977534413,0.512247503
4357,0.122129761,2.198866844
4358,-0.720954001,-0.260253280
4359,0.154073551,0.071156353
4360,-2.494428635,-1.732530713
4361,-0.972470045,2.896197796
4362,0.068372220,-0.143673614
4363,0.369787604,0.213470384
4364,1.159216523,-0.594062328
4365,-0.480715483,0.496171504
4366,0.002046619,-1.979385257
4367,-0.730782568,1.091999054
4368,0.468177944,0.633540630
4369,-1.123426080,-1.270213485
4370,1.922906399,-0.562015474
4371,0.327809244,-0.430237919
4372,-2.081352234,-1.854139566
4373,-1.329611421,0.041487459
4374,2.967814445,-1.114182830
4375,-0.363052100,1.253984809
4376,0.182723552,0.321955711
4377,0.186463028,0.776900470
4378,-0.457601070,0.901390851
4379,-0.313370198,-0.792336702
4380,-0.105605751,-2.413818598
4381,-1.457716703,1.442170858
4382,0.918149471,0.982244670
4383,2.379949808,3.134996414
4384,-0.395722181,-0.168077528
4385,-0.562835336,0.453159869
4386,-0.107609481,-0.640008986
4387,0.220201343,-0.806876898
4388,-0.485588878,0.291246682
4389,1.363673091,-0.231935084
4390,1.011821508,3.373545885
4391,0.399195433,-0.141812801
4392,0.157080621,0.911282301
4393,0.597021937,0.786276102
4394,1.677227259,-1.821637750
4395,0.088555060,0.268175930
4396,0.564539850,-0.550785303
4397,-0.093438581,-0.285278976
4398,-0.422309101,0.439182490
4399,0.649266481,0.968732595
4400,0.403359175,0.410163999
4401,0.117750809,2.025861025
4402,-2.108180523,0.093284577
4403,0.304699719,3.506641865
4404,-0.623063028,0.475185066
4405,0.074107081,-1.066906810
4406,-0.850865483,-0.922269940
4407,-1.041613102,-2.518090487
4408,-3.155887604,-2.603390694
4409,-0.254863501,0.570901215
4410,-0.162435174,-0.862432361
4411,1.542530656,-1.056594610
4412,0.266944349,0.803020597
4413,0.029236495,-0.360811144
4414,-2.500505209,-0.335320234
4415,0.202875197,-0.068487354
4416,-1.760640264,1.976095796
4417,1.338740468,2.867507458
4418,-0.088815734,1.290797591
4419,0.910025895,0.129681259
4420,-0.294382215,-1.405578732
4421,0.484764606,-0.809681654
4422,0.847878516,-0.562933564
4423,-2.289092064,-0.992220759
4424,-0.171916097,-0.421619445
4425,-1.023449183,-0.034709271
4426,-1.420594096,0.385730147
4427,-2.502750158,0.371079266
4428,-0.565339804,-0.823815644
4429,-0.969973624,0.416354418
4430,0.242928013,-0.224830598
4431,0.794666409,0.199872836
4432,-0.578533411,1.703978181
4433,0.084531464,-1.648449302
4434,0.435119420,-2.472773552
4435,-0.705624163,0.964716315
4436,-0.383657604,-0.196342006
4437,0.194320709,0.072606348
4438,0.492747605,0.706244171
4439,-1.077699661,0.532472372
4440,0.515728354,0.940498352
4441,-0.488756567,-0.978313148
4442,-2.575701475,1.523293614
4443,-0.414380640,-0.439208001
4444,-1.240289092,-0.587064803
4445,0.257843435,-0.177944303
4446,-0.511914194,0.155235052
4447,-0.265490890,-0.008410789
4448,1.235780358,-1.505151510
4449,-1.733299255,0.880497098
4450,2.632724524,0.750889361
4451,0.565271795,-0.645266712
4452,1.739725113,1.636941671
4453,0.212962657,-0.391385585
4454,0.185607687,0.360578924
4455,1.120670080,0.295416057
4456,-0.378979653,2.136974812
4457,-0.228716239,-1.935068130
4458,0.085547999,-1.131067872
4459,0.423622906,1.568764448
4460,-0.132733718,-1.782972336
4461,-1.450576425,-0.960402727
4462,-0.155724540,2.263233900
4463,2.030373335,0.007067716
4464,-0.537448347,-1.644526243
4465,-1.152475715,0.350359052
4466,0.198835775,0.021091130
4467,0.090587497,1.280095577
4468,-0.052744430,0.031885877
4469,0.698259294,-1.248750806
4470,-0.202414095,0.052105475
4471,2.496924877,0.462681383
4472,-0.347880781,0.942432821
4473,-0.060363285,0.170835540
4474,0.151610762,-0.089361727
4475,-0.589848936,0.715037644
4476,-0.022459842,0.236818939
4477,0.798112631,-0.732778966
4478,-1.169330955,0.730893552
4479,-0.789026499,-1.432474613
4480,0.675424755,0.393240362
4481,-0.842116416,-0.635533869
4482,-0.177876830,0.392256409
4483,0.075998068,1.645007133
4484,0.008904091,-0.166151434
4485,0.565420926,1.297223210
4486,0.094520479,-1.629589438
4487,0.362834811,2.428467512
4488,-1.074183941,0.198833019
4489,0.170857683,-0.417330205
4490,0.672900438,0.942436457
4491,0.971090615,0.453200787
4492,1.050259471,-0.236294121
4493,2.723401785,-0.530735910
4494,0.720245063,-1.502518177
4495,0.096523799,-1.341856480
4496,0.491737783,0.562618196
4497,0.257702351,-1.195443511
4498,0.254578739,-0.840058684
4499,-2.592694521,2.476428032
4500,0.470679820,-0.723606050
4501,-1.188399911,2.010596037
4502,0.170673519,-2.014373064
4503,-0.367105126,-0.191730753
4504,0.568872392,1.565993190
4505,-1.704603553,0.196538121
4506,0.027526189,-0.935835421
4507,-0.857737839,-0.032039329
4508,0.574910104,-0.393178284
4509,0.892308772,0.035783026
4510,-0.559840262,-1.036401391
4511,0.648883283,0.508415103
4512,1.142163038,-1.067998171
4513,-0.114281729,-0.246161863
4514,2.121967554,-1.172633290
4515,-3.341286421,-1.267874837
4516,-0.144842848,0.125434473
4517,0.847833037,0.233915925
4518,-0.196951717,0.106980197
4519,-0.188327000,0.042842656
4520,1.904161930,0.040881969
4521,-0.278060138,-0.704188287
4522,-0.029507443,-0.186119482
4523,0.186455607,0.044530191
4524,2.089087248,1.795679212
4525,-0.465361118,-0.500272632
4526,-0.565208733,-1.949353695
4527,-2.143198967,2.133375406
4528,-1.568762660,-0.360224456
4529,-0.628829122,0.120293222
4530,-1.917585373,1.279157877
4531,-0.361464143,0.209787607
4532,0.393530905,-1.229589820
4533,-0.609024823,1.406399727
4534,-0.160178959,-1.177991629
4535,-0.604008436,0.814038515
4536,-1.120379567,0.380559117
4537,0.059901282,0.461460412
4538,-0.777818739,-0.695268691
4539,0.083474614,-1.373028874
4540,0.717667878,-1.219229102
4541,0.193962172,-0.183472022
4542,0.707816362,-0.396138608
4543,-0.301351994,-1.771158695
4544,-0.832578242,1.375366330
4545,-0.240590781,0.201018393
4546,-1.685453176,2.104701519
4547,1.765064001,1.711004496
4548,0.381304622,0.246263787
4549,-0.037898641,1.274773002
4550,-3.412505388,-0.674435318
4551,0.444552034,1.518234849
4552,0.148929805,-0.766988993
4553,-3.668215036,-0.861847401
4554,0.947719038,0.103106037
4555,-0.961898923,0.540336251
4556,-2.431183577,1.558106422
4557,2.783521891,-1.322418213
4558,1.091554165,-0.244927555
4559,0.492607206,0.193829209
4560,0.786027431,0.406411618
4561,-0.839311242,0.595441818
4562,0.699770033,0.003152102
4563,-0.147580624,1.014271498
4564,-0.532883883,1.626205564
4565,-1.018064141,2.428530693
4566,-0.584140420,-1.397725344
4567,-0.168736741,-0.189161345
4568,2.983996153,-0.721603632
4569,-1.901849508,-1.511924148
4570,-1.722429276,-0.240207255
4571,-0.340240598,-0.362565696
4572,1.174836278,-0.557258308
4573,-0.609348774,0.284795582
4574,1.147466898,-0.894237638
4575,0.229214966,0.055949904
4576,2.567591190,-0.272917807
4577,-0.232197642,-2.038968563
4578,-2.217924118,0.832503796
4579,0.682330906,-1.117399693
4580,-0.283106804,-0.299492419
4581,0.551625371,1.308960795
4582,-0.039567631,0.168772414
4583,-0.025331499,-0.332635820
4584,-0.301600397,1.083307028
4585,0.660030246,1.103184223
4586,-1.209217072,2.347466230
4587,-1.497415781,-0.172979623
4588,-1.751476288,0.342547089
4589,0.132857651,0.068487264
4590,0.965109646,0.619782209
4591,1.021816850,0.489417791
4592,4.175626278,0.365683287
4593,0.125897110,-0.830034673
4594,0.844503820,0.062851802
4595,0.057113715,0.776875377
4596,-0.122162499,-0.592196047
4597,0.298214823,1.623103023
4598,-0.887695312,-0.168189242
4599,-0.816957355,0.815856159
4600,0.760686159,-0.699405551
4601,-0.137270600,-0.073235206
4602,1.754686236,1.611476421
4603,0.711750686,0.362825394
4604,-0.181227654,0.487924457
4605,-0.705605090,-2.913320780
4606,-0.653719544,0.907182395
4607,0.596475303,-1.873153806
4608,0.381723911,-0.743527532
4609,0.222472966,-0.638440013
4610,-1.077065706,-0.492548913
4611,1.261010170,-0.522221088
4612,0.592224061,1.069043279
4613,1.828100681,3.723085403
4614,-0.218561247,0.531076372
4615,0.970380366,1.118847847
4616,-0.119776867,-0.171322078
4617,-2.003332376,-0.515694559
4618,0.799648523,0.660375535
4619,1.589002848,-0.107769571
4620,-0.153882906,0.231970757
4621,1.566717386,-1.760618448
4622,1.249961972,0.790077507
4623,1.602993369,-2.725505114
4624,0.304558128,0.211326912
4625,1.632269025,0.343158722
4626,0.008064334,-0.296704769
4627,0.933819175,-0.548863351
4628,-0.070608959,0.065274879
4629,-1.571654201,0.113719687
4630,-2.469595194,-2.083012581
4631,0.745368123,0.051610392
4632,0.633570433,0.085732691
4633,-0.130018145,0.841654956
4634,-1.453880072,-0.050542977
4635,2.612357378,-0.201848984
4636,0.704863667,-0.411697507
4637,-3.981608629,-0.575522900
4638,-0.108838186,2.121578217
4639,-2.977588415,3.936574221
4640,0.305006713,-1.275112152
4641,-0.341153622,-1.367810130
4642,-0.311293572,-0.072205439
4643,0.021063430,-0.245799452
4644,1.539390683,0.815180540
4645,0.250364274,0.696562827
4646,-0.473684013,-0.084935002
4647,0.796075165,-0.947872639
4648,-1.246225357,-0.074338615
4649,1.756787777,-0.963355243
4650,-2.018732309,1.257536292
4651,-1.833160877,-0.071772218
4652,1.850802779,-0.436386526
4653,-0.273669571,1.650112748
4654,0.070142150,-0.044451609
4655,0.883723378,3.124969006
4656,0.467377514,-1.189924479
4657,1.471731782,-1.625229478
4658,1.225436568,-1.918138742
4659,1.540349722,-1.795367360
4660,-1.281289697,-0.871921003
4661,0.622853637,-1.078696012
4662,0.301636010,-0.380823463
4663,5.248890877,-2.249977589
4664,1.414497137,1.226730108
4665,1.125911832,-2.128134727
4666,-0.121904202,0.600816309
4667,-0.233940631,-0.423677772
4668,-0.220043004,-0.213191658
4669,0.119546160,0.179132104
4670,-1.134022713,0.019288421
4671,-0.415890187,-0.138819486
4672,0.383676499,-0.056063436
4673,1.200642467,-2.778575897
4674,-0.441611290,-0.431528687
4675,-0.796909332,-0.238514647
4676,-0.328607947,-0.503197014
4677,-0.513680279,0.398653209
4678,1.614477038,-1.647989035
4679,-1.126246810,-1.246778965
4680,0.587741435,-0.481466800
4681,0.299367517,-0.001056066
4682,1.018483043,1.122174382
4683,-0.627703428,1.388863564
4684,1.899205685,2.986582518
4685,0.005935112,0.223124757
4686,-0.860355556,0.622477055
4687,-0.027267706,-0.225927502
4688,0.006495994,-0.056196246
4689,0.009971178,0.387767732
4690,-3.239182711,-0.108173296
4691,0.806564689,0.798382819
4692,-0.499902427,1.708553672
4693,3.313211918,-0.332427800
4694,1.967504382,-1.079680920
4695,0.077370614,-0.710258543
4696,-2.300382853,0.724191666
4697,-1.121738076,-2.451637745
4698,0.260957420,0.046479747
4699,2.458649158,-1.382874012
4700,1.453122020,-1.110345483
4701,0.706501663,-0.518004417
4702,0.815508068,1.567952156
4703,-0.550510526,0.957028329
4704,2.280388117,-3.915009975
4705,0.438103676,-0.044412337
4706,-1.167465210,-1.281875730
4707,0.167445436,-0.224613935
4708,0.624932766,0.091860145
4709,-0.461204946,-0.211159945
4710,-0.600199759,-1.057507277
4711,1.356371284,0.339286059
4712,0.368881911,-2.786112785
4713,-0.188696623,0.126560166
4714,1.502472162,-0.171464309
4715,0.822060227,0.073544249
4716,-1.207478523,-0.589467049
4717,-0.159934908,-0.287985265
4718,0.003665086,0.296231836
4719,-0.555593073,2.004911661
4720,0.561962306,-0.709582388
4721,-0.430500388,-0.383548677
4722,-0.828671455,1.674561739
4723,-2.042079449,3.853943825
4724,0.493459255,-1.042151451
4725,-0.266195863,0.186978623
4726,1.109306097,-1.024662971
4727,0.918396771,0.426061243
4728,1.513381958,-0.460646957
4729,-1.605077267,-0.813092768
4730,-1.002778172,0.161731273
4731,1.375582218,-0.291630119
4732,-1.121430278,1.084073424
4733,-0.827041924,1.447192669
4734,-0.480113417,2.878392696
4735,0.218953833,-0.544437826
4736,0.298791587,0.813987732
4737,-0.459954470,-1.513968349
4738,-0.153959155,0.329334199
4739,0.068239935,0.816263855
4740,0.812487483,-0.298198789
4741,-0.567551792,1.122879028
4742,0.770497322,-1.459549189
4743,-0.576998055,-0.900129139
4744,-1.148283958,-0.422460705
4745,0.144556537,-0.388640076
4746,2.835161209,0.180770278
4747,2.687149525,0.175960511
4748,-1.643632412,-0.193570033
4749,-0.746262312,3.124922276
4750,-0.057416607,0.478751659
4751,-0.744654715,-0.679179132
4752,-2.378859997,0.707082033
4753,-2.872787952,-1.347739697
4754,0.245583326,0.180297807
4755,1.668081403,-0.072773419
4756,-0.510389268,-0.264723718
4757,-2.395275354,1.120206952
4758,1.675720930,-2.926613331
4759,0.157741308,-0.701755822
4760,0.778188288,0.675058365
4761,0.828036427,-1.307593226
4762,-2.818394661,1.955853581
4763,-0.172904074,-0.737162650
4764,0.154465944,0.220264226
4765,0.008620945,0.198974267
4766,0.425600111,0.457327574
4767,0.139298648,-1.465371847
4768,0.061376236,0.320290267
4769,0.384130567,-1.135378718
4770,-1.005898118,1.147232413
4771,-0.028014565,-2.329722166
4772,1.064863563,0.037655767
4773,-0.159734607,-0.600817800
4774,-0.631606758,-0.726919353
4775,2.092894316,-0.378274560
4776,-1.762994409,2.734469652
4777,-0.556980789,0.711260796
4778,0.740213931,-0.994292259
4779,1.617387056,0.062339857
4780,3.245369434,-0.425548941
4781,0.250742644,-1.375189304
4782,2.084285259,-0.272988945
4783,0.640723348,-0.479718328
4784,-1.968894124,1.024347186
4785,0.757822692,0.167446360
4786,1.086278200,-0.061227273
4787,0.604039013,0.875915349
4788,-0.885917902,-0.274241716
4789,1.020289063,0.692495406
4790,-0.702630877,-0.884127200
4791,0.225349173,-0.499687254
4792,-1.091825247,1.118441939
4793,0.493560493,-0.666248500
4794,-1.327163696,1.222825766
4795,0.149757653,-1.907802463
4796,-0.264131337,-1.309464216
4797,1.175076246,0.760877907
4798,1.670452118,-0.357825458
4799,0.585225105,-0.055421453
4800,1.382556438,-1.151395559
4801,-1.563886404,1.950943589
4802,-0.157337099,0.161005676
4803,1.088839054,0.101518601
4804,1.451470256,-0.322577000
4805,0.325174451,-0.018952414
4806,-1.132673502,-0.992870450
4807,1.496922970,0.645237029
4808,-1.543666959,-1.229015470
4809,-0.195715398,-0.049826853
4810,1.299690485,-1.490187407
4811,0.310613424,-0.394129604
4812,-0.009392128,-1.815590978
4813,-1.352913141,-0.392452657
4814,-2.113608837,-0.369830281
4815,-0.061128493,0.236002818
4816,-1.035478592,0.974068880
4817,-1.290291667,-1.097147107
4818,0.600608230,0.976967156
4819,-1.099426270,-3.486229658
4820,-0.579651713,-0.069376022
4821,-1.448853254,0.692486405
4822,0.595488369,-1.512755632
4823,-1.522077441,2.235633612
4824,0.362032980,1.033118606
4825,-0.021258419,-0.162500128
4826,0.571941733,-0.405154675
4827,-1.261558652,-2.197012901
4828,-1.088945508,-1.199793577
4829,-1.702949286,-0.542776883
4830,1.289459467,2.044560671
4831,-0.300297588,1.767153502
4832,-0.588938117,-1.687473536
4833,-0.620369732,-0.868779421
4834,0.696313322,0.792299569
4835,-0.090472467,0.377686918
4836,-0.759925663,1.237389445
4837,-0.976413608,0.955855727
4838,0.233745977,-2.003665686
4839,-1.246872425,0.735504448
4840,-0.483948857,1.401679635
4841,0.258712113,-0.185508519
4842,1.621983647,-1.527789593
4843,-0.581933260,-1.640792131
4844,-1.437869191,0.142334193
4845,1.555442691,0.455855817
4846,0.711236835,-0.266661376
4847,-0.760532141,-5.067613125
4848,0.024898941,0.276189357
4849,0.834107697,-1.309414029
4850,-1.383293986,-0.101756550
4851,-0.935926735,0.096712776
4852,-0.424968988,-0.258714050
4853,-1.213379860,-4.225447178
4854,0.568795741,0.580450952
4855,0.121578969,-0.556447327
4856,-0.828827262,-1.020639658
4857,-0.323720962,0.882636368
4858,-0.386588544,-0.562406898
4859,-0.993790805,0.284522533
4860,1.695129037,0.672387302
4861,0.013700778,-0.785135686
4862,0.254752368,-0.062538877
4863,0.006824133,-0.418645978
4864,3.226802111,-0.850802541
4865,-0.103948049,0.745777071
4866,-1.355864406,0.190790921
4867,0.929784954,1.724391222
4868,1.206839561,0.859816611
4869,0.182911575,1.985830426
4870,-0.699543655,-0.897762120
4871,0.173962876,-0.090455852
4872,0.499939024,0.229527369
4873,-0.530293643,-0.111554980
4874,0.903314888,0.545343757
4875,-0.727292120,-2.044296980
4876,1.039959192,-1.850552082
4877,-0.178142801,-0.826749861
4878,-0.306635827,-0.101719387
4879,-1.069824457,1.510816097
4880,-0.467800796,2.240493774
4881,0.590588152,0.443139374
4882,-1.633688569,-0.312357217
4883,-1.468815565,1.668046474
4884,-1.275484920,-0.332574189
4885,-2.105441093,0.374528676
4886,0.222487062,-1.839940548
4887,-0.093283460,-0.115294747
4888,0.393382728,-0.111228749
4889,1.293672800,-1.916825891
4890,-0.202957734,-0.865894079
4891,0.436149299,1.347046137
4892,0.814370751,1.432069421
4893,1.057616591,-0.844111443
4894,0.483008265,-1.457575321
4895,0.888016880,-0.879168928
4896,0.020510845,-0.269363850
4897,1.000889063,-0.189776167
4898,2.778712273,-0.687558591
4899,0.060971774,0.176486433
4900,1.866022587,2.564637899
4901,-0.114820689,0.147254959
4902,-0.507349193,0.234238237
4903,-0.602451444,-0.542525709
4904,1.095704079,-0.252084553
4905,1.304099560,0.009378954
4906,0.304715723,-0.046875801
4907,0.042586450,0.382532388
4908,1.619410396,-0.403373569
4909,0.430777699,0.441191524
4910,-1.106583834,-0.160426021
4911,0.555265427,1.158826590
4912,0.269101501,0.570060015
4913,0.179956213,-3.077735424
4914,0.559433818,2.764106989
4915,-0.024481582,-2.422677755
4916,-2.249410629,-1.048798203
4917,-2.022653580,1.264160275
4918,0.190904111,-0.189774007
4919,-1.093926549,0.187835604
4920,-2.004741669,0.667784274
4921,-0.035821736,-0.162616074
4922,0.560413599,-0.735110700
4923,-2.380954742,-2.283300161
4924,-4.370714664,-1.739345312
4925,0.806806445,-0.223123133
4926,0.243299216,0.027642686
4927,-3.833215714,0.872995198
4928,-3.060618639,-4.400855064
4929,0.317499638,-0.213253811
4930,0.707916915,-0.178138152
4931,-0.968520045,0.869981825
4932,-0.481358379,-0.530284524
4933,0.390609086,-1.665605068
4934,-0.766429842,-0.193877786
4935,0.341860682,0.071002826
4936,0.592926025,-0.846006453
4937,-2.415645838,-0.793605149
4938,1.019562721,0.826430798
4939,-0.672880232,-0.702705026
4940,-0.265005022,0.118166953
4941,3.436176777,0.679072320
4942,-0.787639916,0.482855916
4943,-0.369357795,-0.431784660
4944,1.512084484,1.346531630
4945,-1.156390905,0.034544282
4946,0.272293776,-0.355704844
4947,1.169933915,0.008303073
4948,0.082115524,0.045518391
4949,2.249347925,-0.856484056
4950,0.957864523,0.103804573
4951,2.477014065,-0.308547139
4952,1.923751712,1.733251452
4953,0.154941231,-0.805679440
4954,3.361023664,0.191631034
4955,-0.098261252,0.171575084
4956,0.772311449,2.354001522
4957,-2.323413849,-2.365680456
4958,-1.285608530,0.203431219
4959,-0.126275539,-0.282017320
4960,-0.385040611,0.575792074
4961,-1.136686325,1.095491886
4962,0.246176824,0.554451644
4963,1.199165225,-1.208272457
4964,-0.757683098,-0.165298104
4965,0.150840685,0.122782171
4966,0.391658157,1.342433810
4967,1.582478046,0.663536966
4968,-0.305042952,-0.779952943
4969,-1.083541036,-0.876278281
4970,0.831497610,-1.089546680
4971,-0.043023482,0.795894742
4972,1.301467896,-0.122248381
4973,-1.833460808,-1.387155294
4974,1.175948501,-0.940820098
4975,0.943716764,-0.047422249
4976,0.061466064,-1.760840058
4977,-0.050111908,-0.169271216
4978,-0.444705397,-0.625032067
4979,0.824078619,-3.503370047
4980,1.460149765,-1.498875856
4981,0.375016302,2.405835867
4982,0.040203765,2.166719437
4983,-0.646085203,0.113792665
4984,0.866936266,-0.185104430
4985,0.478209704,3.181985378
4986,0.784941018,0.660319746
4987,-0.028843483,-1.380888700
4988,0.640616238,-0.434522510
4989,1.255246282,-0.539662540
4990,0.483621627,-2.688694477
4991,-2.775610209,-0.843765855
4992,-1.460478187,-0.771394670
4993,-1.209719181,-0.750753522
4994,-0.312816083,0.582564771
4995,0.820496917,-1.704381108
4996,-0.887578964,-2.095373392
4997,-1.476709962,0.894264936
4998,2.596934557,-1.147215843
4999,-2.342432976,2.092947483
5000,0.143566743,0.159304097
5001,-0.755201161,1.281928658
5002,0.389491826,-0.279180825
5003,-0.831069410,0.557344615
5004,0.493883699,0.063063242
5005,3.605101585,2.033060551
5006,0.043768942,-0.153389663
5007,-0.007588956,-1.086086869
5008,2.517655134,0.010679676
5009,-2.740797997,-1.578026652
5010,0.011575794,0.775610864
5011,0.144346654,0.013087889
5012,-0.251730472,-0.234481573
5013,-1.720558047,-1.098091483
5014,0.289959490,-0.082185157
5015,-0.872430146,1.106165528
5016,-0.025005033,2.274595499
5017,-1.026573062,-0.373979330
5018,-0.234303445,-0.104906499
5019,1.840707660,0.307981551
5020,-1.030228615,0.567570865
5021,0.089414448,1.203643441
5022,-1.179010749,-0.026074482
5023,-0.583668530,0.073291257
5024,1.032770038,0.034362424
5025,1.521165490,-5.148993492
5026,1.333812356,-0.202238038
5027,0.429386973,0.403681189
5028,-1.834162593,0.538091004
5029,0.713848174,-1.749979973
5030,-1.054865122,-0.145367220
5031,1.209468126,-0.068094857
5032,-0.083990134,0.065703668
5033,-0.473461330,1.889945626
5034,0.352119327,-0.158346534
5035,0.062730514,1.133373976
5036,-0.791547000,-0.833198369
5037,-1.451131463,-1.731930971
5038,-0.699358642,-1.181677580
5039,-0.353215665,0.720034778
5040,-1.344407201,-0.161478043
5041,-2.169642687,-0.804061115
5042,0.059044860,-0.159582883
5043,-0.403931171,0.900815427
5044,0.610292912,-1.332416773
5045,1.007888317,1.490790248
5046,-1.339964151,0.280062586
5047,0.194112718,0.169448346
5048,0.352157682,-0.263820112
5049,-0.316394895,0.064940214
5050,-0.187746748,1.168416381
5051,0.170169041,0.618054986
5052,0.238899201,0.055093940
5053,0.007000135,-1.391442060
5054,-0.185250401,0.146214381
5055,0.222614646,-2.145200014
5056,1.595097542,0.251213610
5057,0.720507205,0.885135174
5058,-0.183092371,2.029435158
5059,-0.763805151,2.721295834
5060,-0.960597634,-0.263396144
5061,-0.034602411,-0.800434709
5062,-1.211660981,-0.853213489
5063,-0.059388410,0.461574346
5064,0.059499785,-0.505881667
5065,-1.711010575,1.461638927
5066,-2.098268986,2.249329567
5067,-0.764421701,-0.628990471
5068,-0.752845883,0.521993160
5069,-0.736097336,0.392299980
5070,-0.599239707,1.189570427
5071,-0.734775901,0.121386908
5072,-0.621077776,-0.039488994
5073,-0.153754488,0.781681895
5074,0.826178014,0.100506738
5075,-0.219505146,0.084971622
5076,0.556061029,0.244927943
5077,-0.794319749,-0.902356446
5078,0.264564574,2.853492022
5079,0.242923871,1.032930136
5080,1.137635589,-0.174286559
5081,0.760916948,-0.218283579
5082,-0.458872795,-2.729106426
5083,2.371701479,-0.545987189
5084,-0.087915041,-0.464387268
5085,2.306542873,0.194842964
5086,0.110202871,-0.303993791
5087,0.103771731,-0.205980346
5088,0.539647996,-1.184258103
5089,1.779489636,-0.766307831
5090,-0.029847287,0.256414145
5091,-0.514061451,-0.153906360
5092,0.670466900,-0.928645670
5093,2.025747061,0.737412393
5094,0.094496422,-0.828368127
5095,0.905584872,-1.660990238
5096,0.786105931,0.199484855
5097,0.455424964,0.247701928
5098,-0.471237779,-0.744787514
5099,-0.199314281,2.572603464
5100,-0.370145351,-0.050186045
5101,-2.064550877,-1.237088323
5102,-0.787509739,2.793498993
5103,-1.006371498,-2.083341122
5104,0.007058856,0.971730411
5105,0.428216457,-0.834645808
5106,1.416448116,-1.374827147
5107,0.521211326,1.055660367
5108,1.610059977,-1.222366333
5109,1.000651360,0.648860157
5110,0.428702205,-2.104047537
5111,0.210032105,1.365069866
5112,0.224465951,0.625654995
5113,0.546210289,-0.184481114
5114,0.376238793,0.096827969
5115,-0.262664169,-0.892715752
5116,0.091621295,-0.208456799
5117,0.312406093,0.192481235
5118,0.864004612,-0.097865239
5119,0.747710109,0.826082170
5120,0.198594704,-0.586655617
5121,-0.958756626,-1.961657405
5122,0.358561516,1.803705215
5123,-0.388676494,0.300348043
5124,0.394289792,0.610179007
5125,1.470625162,0.145805791
5126,0.437864661,0.297073513
5127,1.559510946,-2.040738344
5128,0.796423852,-0.214036182
5129,-0.078919135,0.197716653
5130,-0.260383129,-0.135725737
5131,3.454003334,-0.668015480
5132,1.857575655,1.810222745
5133,0.329959780,0.468366355
5134,0.121123202,1.046068907
5135,1.547406077,-3.352206469
5136,0.368977904,4.010105610
5137,0.500667334,-0.204188392
5138,0.989480853,-0.320023656
5139,1.650341868,0.534247518
5140,2.193347931,1.224617362
5141,0.207660809,-0.318460673
5142,0.393605322,-1.880075097
5143,-1.590282083,0.283850074
5144,-2.440230370,2.625067234
5145,0.459990621,1.691172004
5146,1.383725882,2.084116220
5147,0.552527726,-0.537248194
5148,-1.188228130,-1.877778172
5149,-0.627627611,-0.279430956
5150,-1.539246798,0.773022413
5151,-0.285399705,1.446498632
5152,0.232852593,0.833520055
5153,-3.170223475,0.508885622
5154,1.595531702,0.120872729
5155,0.406632960,-0.314576387
5156,-2.391726255,-1.262245655
5157,0.808189809,-0.821187556
5158,0.422583401,1.849469423
5159,-1.553826571,0.206327930
5160,-0.186426133,0.428064048
5161,-2.193413734,0.772616327
5162,0.240063339,-2.143615246
5163,-1.352192283,1.532929063
5164,0.588133872,-0.957218289
5165,0.139846891,-0.461388022
5166,1.172839761,-0.325863868
5167,0.175198451,0.064462662
5168,-0.080427423,-1.857819080
5169,0.496479452,0.438548774
5170,-0.182047144,-0.245899618
5171,-2.493487835,-0.412167668
5172,-0.095291495,-2.167761087
5173,-0.870008945,1.437530518
5174,-0.357135147,-0.152847186
5175,-1.094115376,0.597978234
5176,-0.796934962,2.254825592
5177,-0.781227469,-0.885769904
5178,-0.209188059,-0.186399013
5179,0.254612088,-0.199986547
5180,2.198022127,0.884233713
5181,0.128399789,-0.226968676
5182,0.296834677,0.266416132
5183,-1.026234508,-0.516159177
5184,0.314203292,-0.104017816
5185,0.324404746,0.223976627
5186,-0.221490920,1.046736360
5187,-1.155644894,2.473717690
5188,-0.239484578,-0.254978865
5189,-0.970295012,-0.663863242
5190,0.449941695,-0.385266185
5191,-0.183428243,1.747315645
5192,0.230638891,-0.167164996
5193,0.226465523,-0.391609013
5194,0.970757127,-2.098851204
5195,-2.986045361,-0.884452343
5196,-0.978636861,-0.611356437
5197,0.957657158,0.180267498
5198,0.626062274,0.046141576
5199,0.409168601,0.130462408
5200,0.313630611,-0.384906888
5201,0.789640248,-0.468153983
5202,-0.026527449,-1.475580096
5203,0.221175671,0.173170969
5204,-0.214424640,0.114604987
5205,0.355242550,0.061389163
5206,0.185065791,-0.086627945
5207,-0.780035734,-1.539457440
5208,1.899923801,-2.228348732
5209,-0.607687235,-1.393715978
5210,1.452885509,0.647518456
5211,-3.074706316,0.728362858
5212,0.887475729,-2.874034643
5213,-1.843991637,0.013178408
5214,-1.340059042,0.615406096
5215,0.576396763,0.316796839
5216,0.981488168,-2.167786837
5217,-0.081651181,-0.146706894
5218,1.767455816,0.346594840
5219,-0.085152008,-0.460404992
5220,0.206797421,-0.163209900
5221,2.151407242,2.129221439
5222,1.455811501,-0.103160821
5223,-0.031712823,1.212575078
5224,-0.213717952,0.216411784
5225,-1.911104798,0.974862218
5226,-0.286658525,2.008755445
5227,-3.260600328,-0.197124019
5228,2.107027531,-0.068928078
5229,-2.378572464,2.635684252
5230,-1.650977850,1.958142638
5231,0.729260087,1.540887833
5232,1.192884088,1.625059962
5233,1.406354904,0.383485466
5234,0.791806698,-1.312840819
5235,-0.816991329,-1.085197330
5236,-1.708263159,-0.675222397
5237,-1.110633731,-0.742058694
5238,-1.535132051,-2.221266747
5239,-2.028097630,-0.022402523
5240,-1.141222477,-0.118515365
5241,0.162165895,0.953274310
5242,-1.379210949,-0.296399176
5243,-0.157625437,-0.757188499
5244,0.122924261,-0.237311542
5245,0.507526755,-0.423993081
5246,0.118438236,0.327000737
5247,0.413273990,-0.160437018
5248,-0.877404571,0.160761341
5249,0.042659536,-0.878535450
5250,0.183209226,-1.686082363
5251,0.761585891,0.954761088
5252,0.539429307,-1.022204041
5253,-0.338446081,-0.723456502
5254,-2.162322998,-1.224823594
5255,-0.986294508,0.683366835
5256,-0.530564666,1.117581010
5257,-0.767985702,0.836708844
5258,-3.384970903,0.559263110
5259,1.273329258,-2.381925821
5260,-0.022946425,0.552864313
5261,-0.899998486,-1.849483252
5262,-3.671458006,-0.944388390
5263,-0.227162659,0.009513701
5264,-0.573783636,0.378097177
5265,-0.257344425,0.173417032
5266,-0.312216550,0.741096735
5267,-2.201887608,-0.101239428
5268,0.151477471,-0.212470055
5269,-0.560734570,-0.120588258
5270,-0.992338955,0.434841722
5271,1.356441379,-0.889991939
5272,2.674829960,-1.643628716
5273,-0.062710501,0.187390685
5274,-0.625103533,0.988734901
5275,-1.170345545,-1.736523747
5276,1.104482532,0.310781896
5277,0.821173668,1.828724623
5278,1.650883675,-2.862452030
5279,-0.034403093,-0.202830613
5280,0.068774618,1.311950207
5281,-1.134709239,-0.645954847
5282,0.232018068,0.325530559
5283,-0.046364881,-0.581298769
5284,-0.617882788,-0.205950171
5285,0.107843742,0.381600291
5286,-0.751515269,-0.755422056
5287,0.455294997,-0.811036170
5288,0.377061188,1.002064109
5289,-0.695991516,-1.852548242
5290,-1.664511204,-1.470383883
5291,-0.128559336,0.113361768
5292,0.534350395,0.471953064
5293,-0.042071350,1.191496730
5294,1.174848914,-3.187791348
5295,-1.814133644,1.733665347
5296,0.462356448,1.027125716
5297,0.236982539,0.755540907
5298,-1.812500596,0.894269645
5299,1.424685836,-1.351237893
5300,0.725424707,-0.165196866
5301,-0.129425600,-0.183056295
5302,-1.514207602,4.162473202
5303,-0.110638067,-0.160868049
5304,1.444232702,1.480116129
5305,-0.690209448,-1.174139857
5306,-0.876897275,1.082699656
5307,-4.203179359,-1.219510794
5308,-2.338359356,0.589418471
5309,-0.889079511,-0.627776623
5310,0.003271091,-0.899621606
5311,2.656527042,2.693226814
5312,0.513526559,-1.031229138
5313,-0.507508397,0.652570963
5314,0.182761401,-0.246350005
5315,-1.583594680,-1.311279297
5316,0.969561219,1.702476740
5317,1.219297767,0.511277556
5318,-0.871814489,-0.968660057
5319,-1.939283133,1.588558078
5320,-0.645353258,-0.329977423
5321,-1.991045713,-2.986739397
5322,0.519539177,-0.128853366
5323,-0.599811018,2.128627777
5324,0.869180262,-0.755971670
5325,-0.905426681,1.856017470
5326,-0.394778877,0.096789666
5327,-1.699730754,-0.257895321
5328,-2.841204166,-0.729970753
5329,-1.347666144,2.763699532
5330,-1.705439329,0.053395085
5331,-1.459450722,0.193709269
5332,-1.969913721,1.326210499
5333,0.958178937,-1.710190773
5334,0.579348624,-0.440625489
5335,0.043589093,0.409197778
5336,-0.363655418,-1.293868661
5337,-0.525614858,0.266649693
5338,0.545991600,0.062684864
5339,0.532683372,-0.012347274
5340,0.591076970,0.878528953
5341,-0.877658010,1.795935869
5342,1.765323162,-1.106570125
5343,-0.511961699,-0.759259224
5344,-0.733304441,-0.959528148
5345,-1.071842194,-2.750244379
5346,0.923618078,0.731717050
5347,-0.772030354,-0.701984167
5348,0.576346397,1.263745189
5349,-0.502968192,-0.978898764
5350,-1.555309057,0.632153451
5351,0.745158613,-1.482501984
5352,-0.100326501,-0.190164655
5353,-0.033427332,0.430602819
5354,0.249970838,0.169225231
5355,0.972511113,0.696241200
5356,0.306462497,0.047397412
5357,-1.891289234,0.592757881
5358,-0.761423886,-0.887451172
5359,-0.289116412,-0.462603599
5360,-0.055203073,0.329734296
5361,0.801028490,-1.365777373
5362,-1.257711768,1.300799608
5363,-0.916966081,1.831142187
5364,-1.044809818,-0.579668820
5365,0.593104184,0.570444942
5366,0.940619290,2.421168089
5367,1.137732387,-0.448781967
5368,-0.628108382,-0.580501795
5369,1.071190476,-1.280975342
5370,0.432268947,-0.356145650
5371,1.133933067,-0.753996909
5372,0.245401382,0.765330493
5373,2.835663080,3.395695925
5374,0.482881248,0.199636400
5375,-0.257982701,0.214417994
5376,-2.010754585,-0.292179793
5377,1.014235139,-1.784280658
5378,-0.384562105,-0.360961556
5379,2.687758684,2.321383953
5380,2.106810331,2.288654566
5381,-0.687132537,-0.460390776
5382,0.677224696,-0.989449203
5383,0.365984708,0.031257890
5384,-0.689111173,-0.839037180
5385,-0.269293338,-0.166287228
5386,0.213084623,-0.155684918
5387,-0.218082324,-0.139287427
5388,0.872579455,-2.303554535
5389,1.772657514,0.143678784
5390,-0.410755217,-2.212206841
5391,-0.086456813,0.557749867
5392,-0.128514513,-1.723388672
5393,-2.085024118,-1.389631629
5394,-0.500519574,-1.025748491
5395,0.421102196,-0.013530078
5396,-0.721004307,-1.814531446
5397,0.497509420,-0.274171680
5398,0.827505708,-1.454367280
5399,1.658728361,1.481489301
5400,1.279370666,-1.011304975
5401,-0.571417928,0.363404840
5402,0.298997730,0.403160453
5403,-0.712803125,0.617168307
5404,0.956374705,-0.182422712
5405,0.275586814,0.067931965
5406,0.017793560,-0.492090493
5407,-0.201709807,-0.279923320
5408,0.456591278,0.559794784
5409,-0.512123048,-0.996783972
5410,1.924215674,-0.144019902
5411,2.027183771,-0.182098582
5412,1.098625064,-2.002267599
5413,0.673369408,-0.734724283
5414,0.400547147,0.936819017
5415,1.632761717,-1.169384360
5416,0.872110903,0.694635808
5417,0.799581409,-0.524974704
5418,-1.140501022,0.124089070
5419,-0.774714231,0.083540983
5420,-1.143699408,-0.914088726
5421,-1.030482888,-0.414022326
5422,0.262693763,0.314493358
5423,0.067645229,0.166068763
5424,-0.075056672,0.472361982
5425,0.232970312,-3.618376732
5426,-0.164019868,-1.020773530
5427,-0.086997360,-0.689599156
5428,-0.635466576,-1.883156776
5429,-0.608715892,-1.444208622
5430,-1.350288987,-0.566396594
5431,1.211227775,-0.749522746
5432,0.236710966,0.345207214
5433,1.067750573,-0.123262689
5434,2.686094761,0.989736438
5435,-0.571583092,-2.068113804
5436,0.684133828,1.878318906
5437,-0.939384580,1.588183761
5438,-1.331551909,1.756212115
5439,-1.150820255,0.030669335
5440,0.680412233,-1.011468053
5441,-1.080908179,0.446163714
5442,1.191622853,0.424580574
5443,0.290063202,1.886622071
5444,-1.893317103,-0.252506077
5445,0.454669356,0.757251263
5446,1.599891663,-1.807256460
5447,0.342052311,-0.418158710
5448,0.948335171,0.456641346
5449,1.764549494,-0.895361722
5450,-0.879770577,1.899228454
5451,0.546453834,-1.418699980
5452,1.065405965,0.894827962
5453,0.628937483,0.097292759
5454,-0.576327443,-0.166572139
5455,-0.162026629,-1.021866083
5456,-0.673267782,0.205027550
5457,-0.509257138,0.214773491
5458,-1.054335117,-2.236957550
5459,0.093986958,0.129816756
5460,-0.498179913,-1.620687127
5461,0.048072770,-0.179332465
5462,-2.302879572,1.599657297
5463,-2.133337259,2.486816168
5464,-0.021936525,1.101220131
5465,0.155049294,-1.523823619
5466,1.546842813,0.440305024
5467,0.267681867,0.314190149
5468,0.104004584,0.873863816
5469,-0.711874366,0.973611474
5470,1.309614897,-1.914185166
5471,-2.158243179,1.222547770
5472,-1.869103551,-1.824368715
5473,0.966953874,-1.359285235
5474,1.900706530,0.378356904
5475,2.638705015,0.074209943
5476,-0.726573527,1.620564103
5477,-0.821492016,-0.461227834
5478,0.675528109,0.161263078
5479,-1.590120196,0.684255362
5480,-0.969537795,0.666009784
5481,-0.297078371,-0.877329409
5482,-0.334501594,1.954182982
5483,0.665573657,-2.275301695
5484,2.095435619,1.043435574
5485,0.381928712,0.728983939
5486,1.046341419,0.807221413
5487,1.710104704,-0.964178145
5488,-2.258027077,0.875996709
5489,0.207600906,0.105927832
5490,-0.488269836,0.650639057
5491,-0.005566966,-0.189559177
5492,-1.181865931,-2.299235344
5493,0.122039706,-0.239739388
5494,0.482052356,0.243191257
5495,-0.518746793,0.162599415
5496,0.140637398,-1.048374891
5497,-0.003103769,0.945586562
5498,-0.122281589,-0.150538400
5499,2.457013369,-2.336278677
5500,-1.101183534,0.676531971
5501,0.340980321,0.944266438
5502,-0.535837293,0.339209080
5503,0.488325834,1.858668089
5504,-1.045457721,0.146408573
5505,-0.058049731,0.770308554
5506,-0.336534828,-0.756468296
5507,-1.135462880,-0.344056368
5508,-1.411543608,-1.791967988
5509,-0.023475362,-0.007168992
5510,-0.836516619,-0.427136689
5511,0.550914884,0.711025536
5512,1.016515851,-0.185654640
5513,1.333292246,-2.063543081
5514,0.241187692,0.222402021
5515,1.064676285,0.411870122
5516,0.752757430,-1.008622169
5517,-0.652350664,0.899339080
5518,-0.241891041,0.035341114
5519,-3.689490080,-0.234607771
5520,1.362680674,-0.856457055
5521,-1.186517358,-2.172632217
5522,-0.112259053,0.238703221
5523,-0.720527232,0.652307093
5524,0.288739771,0.072036549
5525,0.181186363,-0.118322134
5526,-0.909930646,0.370136529
5527,-0.775543630,1.148457170
5528,1.127606988,1.320882916
5529,0.077565849,-1.079349041
5530,0.326776832,1.462759495
5531,-0.266706884,-0.329608768
5532,-0.518923879,2.358971119
5533,1.326292157,0.027272742
5534,-1.261495829,-0.496147186
5535,-2.319810629,-0.633433342
5536,2.345829725,0.448130786
5537,0.411866277,0.747368813
5538,-0.123388849,0.535784006
5539,3.014069319,-0.736933172
5540,-0.748405874,1.492910624
5541,0.014579818,-0.408871979
5542,0.072928481,-2.231836796
5543,-1.987179637,-0.431832045
5544,0.066595301,0.549455702
5545,0.655042410,-0.529551625
5546,-2.068279982,-0.037979852
5547,0.207739264,-0.159537703
5548,0.241721228,0.426312000
5549,-0.327656716,0.192392990
5550,0.267219335,0.068387188
5551,-1.899362683,0.703215361
5552,2.207596779,-1.548670530
5553,5.087540150,0.592060566
5554,0.647241116,3.023259401
5555,-1.349007368,0.623293817
5556,-0.885642767,1.086336613
5557,-2.629606485,0.013888124
5558,-0.464785546,0.754812598
5559,0.055232890,0.332744688
5560,1.129160404,-0.847424507
5561,0.062167324,-0.399895847
5562,0.305316418,2.562843084
5563,1.328516841,0.715012610
5564,-0.253320754,1.431651950
5565,-2.060326576,-0.754767299
5566,-0.449681520,-0.049404707
5567,0.262776643,0.459475875
5568,-0.105588049,0.429199338
5569,-0.151387200,0.023866881
5570,0.447654963,0.388105929
5571,-0.364322990,0.582682788
5572,0.322764635,-0.420251936
5573,0.167756349,0.493795127
5574,1.512674212,1.145288110
5575,-1.243472219,-0.551514924
5576,-0.355408669,1.334927440
5577,0.327917397,0.118716918
5578,-1.043499589,-1.673158884
5579,0.089702502,-1.590027690
5580,0.175693750,1.074440002
5581,0.042788848,0.202552468
5582,-2.034348726,0.988992274
5583,-0.664495230,0.324066520
5584,1.641219378,-0.890386581
5585,0.481881768,0.431826234
5586,1.536852241,-0.990613222
5587,-1.500238895,0.019453840
5588,0.348405451,-0.723333716
5589,-0.730021894,-2.628644466
5590,-2.868783474,-0.549126565
5591,0.050469499,-0.412290007
5592,-1.350926518,1.464814901
5593,0.740686476,1.944436669
5594,-1.446674585,0.160976470
5595,-0.113952816,0.856894732
5596,-0.632618427,1.519948125
5597,-0.548757613,1.230685949
5598,-0.188986108,2.380887270
5599,0.515521944,1.117795587
5600,0.218233243,0.149467319
5601,-2.276871681,0.809929490
5602,0.823777556,-1.903778315
5603,0.232514188,-0.357735544
5604,-0.996589601,-0.446995884
5605,1.259489179,0.017063819
5606,-1.666040063,0.950056314
5607,0.604848504,0.180887267
5608,-0.134842262,-0.159915715
5609,-0.882712722,-1.128300190
5610,2.970639467,-1.350839376
5611,-0.377699584,1.775606036
5612,-0.328394532,-0.630446374
5613,-0.012516495,0.341547132
5614,-0.435216844,0.219497636
5615,0.063211888,-0.631356359
5616,-0.279076844,0.604127228
5617,-0.512184560,0.100956216
5618,-1.248584747,-0.206058517
5619,1.585917473,-3.064603329
5620,-0.125382647,-1.284435868
5621,-0.725170374,0.025985753
5622,0.168639824,1.100459218
5623,-0.309015691,-0.560988069
5624,0.318185896,0.253187180
5625,1.497431874,-1.009272337
5626,2.895090818,4.044867039
5627,-0.275096029,-1.517980695
5628,0.005182958,-0.431484699
5629,2.184653282,-0.364346087
5630,1.234498978,-0.864783704
5631,-0.468370229,-1.807465076
5632,0.361481935,-2.502013922
5633,-2.566802025,0.833997011
5634,0.478356272,2.158281803
5635,-0.089339763,1.108471990
5636,1.056309223,-0.349682748
5637,0.233247519,-0.387804419
5638,1.455917120,-1.079225540
5639,2.225582123,0.746667683
5640,1.026413321,1.038742542
5641,0.207123190,-1.011700034
5642,-0.161810324,0.800833225
5643,2.028584719,1.367478013
5644,0.045034926,-0.148411497
5645,-0.980038583,-2.032206535
5646,1.224027872,-1.537472963
5647,-0.116529718,0.615757406
5648,-0.954140246,0.052296821
5649,0.130423993,0.013517800
5650,-0.158131585,-1.361444116
5651,-0.593914747,0.972310483
5652,0.250817031,-0.055960365
5653,0.676104009,-0.055107716
5654,1.022819281,0.562964976
5655,-1.354940295,-1.031557202
5656,-1.017821670,-0.728017330
5657,-0.286443621,0.516369462
5658,-1.057198048,-0.264926255
5659,-0.650995016,-1.907137156
5660,0.294513673,0.977212369
5661,-0.968510747,1.246445894
5662,-0.151765391,0.156083897
5663,-0.664935350,-0.613806427
5664,1.140174031,-0.334870070
5665,2.514232159,-0.249656722
5666,-0.009791791,-0.322634339
5667,-2.037346601,0.863628030
5668,-0.387598604,0.494999260
5669,-0.637260795,-0.640080094
5670,-0.391321152,0.317486227
5671,0.171020761,-0.058126099
5672,-0.526163399,1.013639927
5673,0.596771538,-0.307967693
5674,-1.458884478,-0.405312091
5675,-1.529545307,-1.133206487
5676,-0.533545196,0.656631529
5677,-0.204701662,1.644089103
5678,0.169045731,0.130688146
5679,0.359140903,0.439294845
5680,0.353116632,0.470489591
5681,-0.492034346,2.167370558
5682,1.583161354,-1.983044386
5683,0.292670518,2.262225151
5684,0.015818143,-0.760386527
5685,-0.979592502,0.224798545
5686,-1.779394984,-2.190976620
5687,0.953438818,2.104687929
5688,0.271717340,-0.929735124
5689,-0.117749199,1.130808711
5690,0.017967334,-1.185544252
5691,-2.666419506,-0.428519785
5692,-0.295640618,0.855758667
5693,-1.927702546,-1.864465117
5694,1.010510445,0.880926728
5695,0.258669794,0.833385289
5696,-0.902286053,-2.970661402
5697,-0.369311720,-0.841382802
5698,1.755780101,1.129981399
5699,-0.257257998,-0.265155882
5700,0.492150843,0.396121234
5701,-0.114207633,-1.739422917
5702,-0.645569086,-0.097662032
5703,0.670197308,-0.758024693
5704,-0.808931768,-0.435939819
5705,3.138762951,-0.453972906
5706,-1.578700066,-0.347543716
5707,0.271800935,-0.337347239
5708,-0.430616468,1.210675955
5709,0.296360254,-0.097740427
5710,1.814408898,-1.338930845
5711,-0.112088874,1.788219929
5712,1.029114485,-0.479758412
5713,-0.743282497,-0.341529369
5714,0.159234494,0.242895499
5715,0.125768423,0.350216478
5716,-0.674996138,0.522653401
5717,-0.777290940,0.372021437
5718,-1.331411123,1.518419266
5719,-1.147210240,1.259724736
5720,0.331566036,-0.113389537
5721,0.788501740,-1.435393453
5722,0.459369153,-0.056643736
5723,0.907832742,-0.809599519
5724,-0.710818589,-0.007885285
5725,-1.006261826,2.622721434
5726,-1.264680743,-0.140209019
5727,-0.089079812,0.345954865
5728,-0.115391485,0.090799294
5729,1.990388870,-0.207631499
5730,0.504577041,0.018447790
5731,3.932769299,1.158413887
5732,-0.733405471,0.050703045
5733,1.062343955,0.379790038
5734,-0.066370584,0.388801187
5735,-0.734682500,0.330248773
5736,-0.618321121,1.058361411
5737,-1.219297767,-0.572363257
5738,0.038575176,0.335365683
5739,1.683651090,0.189577267
5740,0.270075321,0.337754041
5741,0.798717797,-1.729403138
5742,0.360965639,-0.091674544
5743,0.538600147,0.077974036
5744,0.782635093,-0.573412061
5745,0.001272219,0.274698049
5746,-2.908229113,1.415747643
5747,0.917268872,0.448251605
5748,0.034967821,0.793326497
5749,-0.031098077,-1.224716187
5750,1.987648845,-0.094555929
5751,0.178936884,-0.010330861
5752,-1.263722658,1.886570573
5753,0.981080592,1.135148644
5754,0.565448284,2.776102066
5755,-2.454288483,1.390688539
5756,1.294704080,-0.340278596
5757,-0.668850541,-1.084529638
5758,-1.143394470,-1.293306708
5759,0.738286078,0.762766898
5760,2.353627920,-0.365700155
5761,-0.556989133,-1.610740185
5762,-1.442911506,-0.865388751
5763,0.808566630,-0.678430736
5764,-0.023896333,-1.451070428
5765,-0.219372362,1.464447856
5766,-1.513026476,0.544146240
5767,0.173017651,0.112003133
5768,2.143527269,0.096824914
5769,0.471625626,1.043421626
5770,-3.297990799,0.223095790
5771,0.443996578,-0.072284445
5772,-0.375684440,-0.485275686
5773,-1.953315854,0.218670413
5774,-0.461388826,1.692281961
5775,-1.195529461,2.421607733
5776,-1.515614271,-1.074755907
5777,2.731462717,1.694192886
5778,-2.864460707,0.931296706
5779,2.908020735,0.624913156
5780,-0.381638080,-0.065190710
5781,-1.932590604,0.868918955
5782,0.633386314,0.013636189
5783,1.416449308,0.013106174
5784,-3.049141169,3.561357975
5785,-1.143631577,1.713492870
5786,-0.889964163,4.097649574
5787,1.890323281,1.491555333
5788,-1.389239073,-3.466886997
5789,0.318395168,0.244736120
5790,0.082078338,0.754861176
5791,-0.627296805,-0.518724442
5792,0.408114821,0.265566319
5793,1.571759939,-0.313061774
5794,0.516405523,-0.266602159
5795,-0.663956821,0.429816782
5796,0.670363784,0.580030203
5797,-0.188981265,-2.777769804
5798,3.265116215,-0.859466732
5799,0.214669824,0.456651807
5800,-3.247792721,-0.512569785
5801,-1.201397181,1.081495523
5802,0.237991646,-1.187467813
5803,0.077500544,0.683526158
5804,0.080363527,-0.793114007
5805,0.692811966,-1.882740259
5806,-1.349100351,-0.715572357
5807,-0.610865653,-0.997369826
5808,1.497366190,0.034072164
5809,0.639747620,0.807529032
5810,-0.834455967,-2.253955603
5811,0.831218123,1.939909935
5812,-0.406020522,1.108578086
5813,0.070287332,0.382127583
5814,-1.362352252,-1.721156836
5815,-0.986874163,0.577452719
5816,-0.003657149,2.116412401
5817,-1.727946281,-0.692240417
5818,1.912776232,0.265557051
5819,-3.708162308,-0.409059107
5820,2.259513378,0.103371762
5821,1.747740626,0.674343824
5822,2.143169165,1.183071613
5823,0.305116594,0.057609335
5824,0.057069376,-3.117152691
5825,0.916736186,-0.469432354
5826,1.094967246,0.019916501
5827,0.490529656,1.055987597
5828,-0.160529196,-1.090913177
5829,-1.061594009,-0.623999119
5830,0.003429058,-0.340441287
5831,1.463176966,0.970869362
5832,-1.063752174,-0.171593994
5833,-2.499696016,0.298869312
5834,0.461384147,0.389968514
5835,-1.333806992,-1.338134289
5836,-0.380393028,-3.709455490
5837,-1.649483323,-0.360528290
5838,1.606068730,-1.062610507
5839,0.598483205,-2.056238174
5840,-0.564770579,0.383618534
5841,2.678689003,-1.995379448
5842,-0.189084843,-0.120504640
5843,-1.299726844,-0.720233262
5844,-0.016280694,-1.291731477
5845,-1.585703254,1.318684459
5846,-0.088205360,1.291368842
5847,1.123134851,-0.326483846
5848,2.031971455,-0.992019594
5849,-0.113151744,-1.514665127
5850,-1.417109489,-0.819678962
5851,0.267182469,0.060703315
5852,-2.445935965,-2.690794945
5853,1.106925368,-0.355899692
5854,-0.152023479,1.577309251
5855,-0.307704747,0.098312154
5856,0.276324660,-0.309930861
5857,0.914117873,0.271099120
5858,0.107793704,-0.409430414
5859,-1.525895953,-0.754994154
5860,0.314399451,-0.090707108
5861,1.476718545,0.649454772
5862,-0.107968874,0.328145981
5863,-0.146171167,-0.187668815
5864,-2.448288918,-1.093396306
5865,0.076119676,-1.421127796
5866,0.153645560,1.130689979
5867,-0.390395284,-0.925386012
5868,0.546778679,-1.579588175
5869,0.307567626,-0.389796317
5870,2.817170382,2.035187244
5871,-0.374456018,0.209489256
5872,0.682349741,1.240655065
5873,-2.357633829,1.073813081
5874,-0.964275956,1.123444080
5875,-0.360739350,-0.462887883
5876,0.291691124,0.311302602
5877,1.971198559,0.685946524
5878,-1.187489390,0.865234613
5879,-0.414738983,0.456838667
5880,2.308103561,-0.447138458
5881,0.049388945,1.502326488
5882,0.626943052,-0.031129664
5883,-0.196723029,-2.456319332
5884,-2.503918648,1.092679977
5885,-0.553451002,-0.106876962
5886,0.635497510,-1.212023020
5887,0.129614234,2.279394388
5888,0.025521064,0.049765751
5889,0.066239268,0.379470855
5890,-0.069882981,1.299844742
5891,0.553861797,-0.669059098
5892,-0.384320557,0.135707602
5893,-1.626466274,-1.314076185
5894,-1.407085776,-1.198676825
5895,-0.426742882,2.557857275
5896,-0.017547214,-1.158049464
5897,-1.022817492,-0.098902635
5898,0.091754951,0.058823675
5899,1.520753026,-0.160623521
5900,0.737599671,0.245183721
5901,1.526735067,0.568497837
5902,0.270623565,-0.468079448
5903,0.170978442,0.094462730
5904,0.344980925,-0.752557576
5905,0.815240324,0.187213719
5906,-2.007082939,-0.215194777
5907,0.546407521,-1.851379871
5908,-0.403418720,3.060704470
5909,-0.129450306,1.136105418
5910,-0.135696575,0.348237962
5911,-1.343395114,-2.075457096
5912,-0.157225296,-0.086446293
5913,0.595095396,0.646674275
5914,-0.978936136,-0.535299718
5915,-0.214743927,1.094409466
5916,-0.700263202,-0.367559642
5917,-1.040992379,1.719462514
5918,-1.925307989,0.997666955
5919,0.738100886,0.439997822
5920,-1.898778558,1.125463486
5921,0.027932081,-0.343271464
5922,-1.144004226,-1.617170453
5923,0.093944915,-0.284364492
5924,0.503136396,-0.633435071
5925,-0.433577776,2.927443504
5926,-0.023227636,0.921428919
5927,-0.641467035,1.739108086
5928,0.501341224,0.084372893
5929,1.250827551,-1.635876179
5930,0.164720550,-0.680139959
5931,0.313761771,0.338981688
5932,-0.977331460,-0.694247782
5933,0.597437441,3.889757395
5934,1.687057018,0.403210819
5935,0.619951487,-1.050847888
5936,1.698024750,1.205092788
5937,0.626898110,0.023828642
5938,-0.670601189,-1.415960550
5939,-0.406197041,1.273485899
5940,0.530873954,0.668678641
5941,0.255984783,-0.413970530
5942,1.168275476,0.342628837
5943,0.983324587,2.020329952
5944,-1.463814974,-2.091058969
5945,0.539996624,1.092648506
5946,1.266959667,-0.030829938
5947,1.949023843,-0.183754861
5948,0.667116821,-0.514090776
5949,0.008725286,-1.518218040
5950,1.848428965,-1.423445344
5951,0.528855026,-1.273700714
5952,-0.467414975,-0.427835405
5953,-0.150133878,0.282777876
5954,-0.282924801,-0.282778472
5955,-0.142397091,0.788337290
5956,-2.587484121,2.074815989
5957,1.943448186,-1.769855976
5958,0.023846598,-0.297313482
5959,-3.060301304,-3.343811512
5960,0.119993307,-0.118770830
5961,0.279079497,-1.587846518
5962,-0.375850707,0.801616013
5963,0.574167669,-1.347603321
5964,-0.437871665,-1.132200241
5965,0.231403798,-2.554219007
5966,-0.369883358,-0.014495128
5967,0.438875467,-1.022143483
5968,-0.303722918,2.426506042
5969,-0.002323748,-0.214845583
5970,0.234191537,-1.396495342
5971,-4.024495602,-1.877964139
5972,-0.282353848,0.058264755
5973,-2.017829657,0.635998666
5974,1.150876999,1.783719540
5975,2.942558289,-0.546457648
5976,0.680030584,0.218181908
5977,0.107903644,0.750667930
5978,-0.707731187,-0.042635545
5979,0.051658332,-0.365085661
5980,-0.349660635,-0.206152931
5981,0.555396378,-0.224292293
5982,-0.054150883,1.152699709
5983,0.263559490,0.169340387
5984,-0.383554101,-0.073767677
5985,-1.800073981,1.200123787
5986,-0.328908205,0.326693356
5987,0.023756512,1.088009000
5988,1.533673286,-1.713597178
5989,0.491109729,-1.668550014
5990,-0.138142139,-1.167205215
5991,-0.251319468,-2.406727076
5992,2.613891602,2.035010815
5993,0.734713495,-3.165351152
5994,0.010931260,-3.425862551
5995,0.886931002,0.625447154
5996,0.899328947,-0.130563959
5997,0.748774648,-1.068480134
5998,-0.362515837,0.278298080
5999,0.044505484,-0.238823503
6000,-0.679374933,-1.385377526
6001,-0.110292450,1.271267414
6002,-0.699535072,0.463802218
6003,-1.474200249,0.988914013
6004,-0.115990214,-0.225687265
6005,-0.123729341,-0.114522785
6006,0.161780074,1.931032300
6007,-0.160014018,0.193983510
6008,-0.277570873,1.613570094
6009,-0.048081692,0.235344231
6010,0.130036905,0.004849511
6011,0.206403077,-0.488010287
6012,0.285849214,0.003310016
6013,2.333286047,3.051537514
6014,0.504814386,2.562866211
6015,0.494762242,-0.663026869
6016,-0.170867234,1.049181819
6017,-0.030190591,-1.118916631
6018,-0.722175002,0.438054889
6019,-0.298643053,0.137538671
6020,-0.876915872,0.736662090
6021,1.808141589,2.423121214
6022,-1.702689052,3.411937952
6023,1.994527936,-0.345511615
6024,-0.098284706,-2.573930979
6025,-1.385684371,0.918222189
6026,-0.268698305,-0.010628124
6027,-0.552201569,0.546399832
6028,-0.716653824,-0.354958177
6029,-1.931384325,-1.853599191
6030,-0.136996225,1.675253987
6031,0.052244134,-0.590727389
6032,0.277785629,-2.394452572
6033,-1.607690930,-1.163020253
6034,0.101786777,-0.344565004
6035,-0.969814301,0.578932941
6036,-0.437880784,0.003993412
6037,0.825631738,-0.729775429
6038,0.966490328,0.129281268
6039,0.134025663,0.507166684
6040,0.896689773,-0.322945565
6041,0.127042145,0.761289537
6042,-0.471645743,-0.132958665
6043,1.750551224,1.921241999
6044,0.095243253,2.248570442
6045,1.594966292,-0.066267416
6046,-2.431538820,-0.686730027
6047,0.877501607,1.083759904
6048,-0.601261199,0.112753369
6049,-0.207630768,0.106735148
6050,-1.976886988,-0.590445936
6051,0.477077305,-0.701144576
6052,0.174213469,4.416378498
6053,-0.169672489,-1.166921616
6054,0.451760441,-0.248915792
6055,0.078028530,0.936805487
6056,1.022464037,-0.940044880
6057,-0.117065035,-1.909394860
6058,1.112372518,-1.036984563
6059,-0.338463008,0.160238475
6060,-0.335132241,1.274123311
6061,0.096990943,0.237773031
6062,1.161469340,-2.541478395
6063,-1.478118658,1.303438544
6064,-2.459667206,-2.282743454
6065,-0.267151415,0.001406480
6066,2.772718430,-0.288169622
6067,0.941120625,-1.505522490
6068,0.252195805,1.932718277
6069,1.813936591,1.444569588
6070,-0.139718220,0.419522464
6071,1.407601357,0.629185677
6072,0.391251236,-1.853102684
6073,2.053255320,0.002528354
6074,2.194315910,0.448964953
6075,1.266157389,-0.521831453
6076,-0.847889066,0.671529353
6077,0.136417136,-0.210992828
6078,2.106715679,1.397106290
6079,2.110676527,0.210869893
6080,1.791952610,-1.910630226
6081,0.576121867,0.037926730
6082,0.641954184,1.712039709
6083,-0.235235676,-0.594310343
6084,-0.043791216,0.360379010
6085,0.191387117,-0.117650196
6086,-0.736222684,0.481487453
6087,-0.738673925,-1.876637936
6088,-1.295905590,0.148077860
6089,0.729262650,1.030505300
6090,1.605499506,0.507451236
6091,1.124180675,0.376084715
6092,-0.579721034,1.032065034
6093,0.377415448,0.993422210
6094,1.528492093,1.399245381
6095,1.601554871,0.290241033
6096,-0.931587815,1.356823683
6097,-0.029602446,-0.489578247
6098,0.483860165,-0.490753204
6099,-1.222780585,-2.054587603
6100,1.422205567,1.223940134
6101,-0.122150153,-0.245857880
6102,0.116994672,0.156789377
6103,-0.268109441,-0.082401976
6104,0.430334240,0.707321703
6105,1.573243141,0.269882649
6106,2.245950699,-2.604547024
6107,2.339442968,-0.263880789
6108,0.213461816,1.492456317
6109,0.244662896,-1.720728636
6110,-0.795913219,-0.495910227
6111,-1.899867773,0.329248369
6112,-0.430040181,-0.735832810
6113,1.175750375,1.820531845
6114,0.084755518,0.264903724
6115,1.312770247,2.402611256
6116,-0.783843100,0.456295907
6117,-0.990098000,-2.982166529
6118,0.450375378,0.385465294
6119,-0.312683374,-2.548396349
6120,1.227659345,2.933028936
6121,-1.820560455,0.026911030
6122,0.238741115,0.345850080
6123,-1.540699840,0.137049824
6124,-0.536181629,0.617074192
6125,-0.548116446,1.235155582
6126,-0.014774363,0.463207155
6127,-1.648640633,2.851880312
6128,-2.929556370,-1.950909972
6129,-1.336070061,-1.146608472
6130,-0.597769320,2.642166376
6131,2.176777840,-0.488900661
6132,0.662647545,-1.253936648
6133,1.539092422,-0.293662071
6134,-2.387271166,-1.628776431
6135,3.431537628,3.203422785
6136,-0.570754468,0.229956225
6137,2.328545809,-1.640342474
6138,-0.224000528,-0.633734226
6139,-0.839881241,-0.285083652
6140,0.350738436,-0.341332823
6141,-0.030160099,-0.184750900
6142,-0.513937950,1.857149601
6143,-0.032650396,0.364250273
6144,-0.568217874,1.239366293
6145,1.910805464,-0.009877331
6146,-1.190739274,2.478095055
6147,-1.749847054,0.458414882
6148,0.807185948,2.060143948
6149,0.569744825,0.725261033
6150,0.853311777,0.027773727
6151,1.708345652,-1.473696232
6152,0.361982375,-1.280872583
6153,1.737428188,0.395993710
6154,-1.705720067,0.284611464
6155,-0.377578437,-0.981163442
6156,0.338121593,-0.542190611
6157,0.944456458,-0.692127883
6158,0.993942022,0.014135878
6159,-0.160442621,0.923564553
6160,-0.108882949,-1.087926269
6161,-0.794470310,0.998879969
6162,-2.515408278,0.389608800
6163,-0.049813498,-2.754968882
6164,0.413302183,0.363223284
6165,-1.647381544,0.389835596
6166,-0.139737606,-1.717360497
6167,-2.235616922,-2.485826492
6168,-0.944220543,-0.657231390
6169,-4.381536484,-0.172956690
6170,-0.810196579,0.956119359
6171,0.339872509,-0.328195751
6172,-1.129640818,-0.818984032
6173,-1.953176737,-0.956089199
6174,-2.677843094,1.996734977
6175,0.494813800,0.916740477
6176,-0.078036927,-0.226676971
6177,2.368971348,-0.417377025
6178,0.732669294,0.242955104
6179,1.587988973,0.004762281
6180,2.386566639,-0.406617045
6181,-1.302435875,3.258351088
6182,0.652367711,2.655365705
6183,1.103770137,-0.523138285
6184,-0.054790314,0.228682190
6185,-1.213584781,0.531484902
6186,0.958312511,0.519135296
6187,0.050856106,0.752421379
6188,0.541250765,-0.661245883
6189,0.230545133,-0.021231463
6190,-0.094838224,0.212837249
6191,-0.212924197,0.083530098
6192,-1.245827317,-1.484763861
6193,0.435477018,-0.755905151
6194,0.635554433,0.855078757
6195,1.330507517,0.029018128
6196,-0.856051683,0.114428245
6197,-0.609274149,0.283008099
6198,-0.318507224,-0.112320110
6199,1.543985367,-0.777081192
6200,2.552198648,-0.448163182
6201,-0.038525298,0.635371983
6202,-0.033824015,0.552881658
6203,-1.735998869,-1.337980270
6204,-1.746420503,-1.158406138
6205,3.146265745,-0.034671441
6206,1.358304739,-0.295067102
6207,1.137442470,-0.150437459
6208,0.190178350,-0.270173192
6209,0.516342223,1.073268890
6210,0.107672997,1.891393065
6211,-1.462112904,0.399579912
6212,1.651029110,-1.809348226
6213,0.534246206,2.410681725
6214,-3.364270449,0.221678287
6215,2.001949787,-1.006036878
6216,-0.704872429,-0.685122728
6217,-0.057080228,-0.122194409
6218,-1.835253358,1.357791543
6219,0.275304615,-0.287826061
6220,0.446479917,-2.453433275
6221,-0.083720103,-0.354843080
6222,-0.054168075,-0.795041561
6223,-0.254165232,0.577896297
6224,2.168584347,-1.531040788
6225,0.293342143,-3.261020660
6226,0.104002193,-1.558073997
6227,0.614107132,0.931560457
6228,4.359258652,-1.280204535
6229,-0.572884798,1.305001736
6230,0.202532455,3.693094730
6231,-1.122139335,-2.926016092
6232,-0.387331307,0.291733563
6233,-2.299872637,-0.978599012
6234,0.674613118,1.012796521
6235,0.308544815,0.351960182
6236,0.628464878,-3.315000296
6237,-0.497637480,2.296035767
6238,0.816969097,0.427949280
6239,-0.160147145,-0.240830451
6240,0.829810202,-0.536409497
6241,0.259114951,-0.085709684
6242,-1.390100121,-0.048059385
6243,0.299110144,-0.788372755
6244,0.540325105,-0.296414405
6245,2.584210396,-0.487342864
6246,-1.067926764,-0.132006437
6247,-0.357369721,0.971003294
6248,3.184488773,0.964442372
6249,1.099855661,1.075650930
6250,0.331940442,0.617747843
6251,0.736460924,1.457606792
6252,-0.210489914,0.556561649
6253,-1.114303350,-0.335852504
6254,1.805097342,1.669145465
6255,0.346463501,0.484419793
6256,-0.625415325,-0.621537328
6257,-0.245790407,-1.136508584
6258,-0.172899961,3.095502615
6259,0.313616514,0.499252290
6260,-0.359553993,1.184339523
6261,0.044220515,-0.237365782
6262,-0.042656690,-0.872532189
6263,-0.603229880,-0.299795032
6264,0.270546526,0.182449237
6265,-0.660881341,0.845552385
6266,-1.240990877,-0.114204839
6267,-2.971199751,-0.437467426
6268,3.717814684,1.324047685
6269,-0.634100199,-0.911900818
6270,0.873858035,-0.450570136
6271,0.250979155,-0.062155724
6272,-0.616668463,0.235299334
6273,0.010617466,-0.814592123
6274,-0.837299705,-0.457265466
6275,2.132871866,-1.718783140
6276,-0.150123492,2.419633389
6277,-0.104952648,0.952167571
6278,-0.893451512,2.059337854
6279,1.162879825,0.677140594
6280,-0.167531431,-0.000081118
6281,-0.159940958,-0.154637486
6282,-1.138013959,-2.783554554
6283,-0.908095777,-0.913949251
6284,0.368305176,0.122290611
6285,-0.442526102,0.167351618
6286,-1.262765169,0.418414801
6287,-0.768420696,0.191036820
6288,-0.027345117,-1.542933345
6289,-2.143832207,-1.423279047
6290,1.067460656,0.097878061
6291,-0.049935289,1.645551324
6292,-0.912854254,-0.923321962
6293,-0.353550643,-0.565468132
6294,-1.568616867,1.461426854
6295,-0.133296654,1.703707457
6296,-0.690964222,-1.151574254
6297,-0.612258136,0.328082442
6298,-0.796365380,0.071190491
6299,-2.054641485,0.484863311
6300,2.178384304,-0.699611187
6301,-0.534462512,-1.337157965
6302,2.037222147,-0.936065018
6303,-0.740908504,0.136485949
6304,0.068105914,-0.156940788
6305,0.242409989,-0.318320215
6306,-0.026121501,-1.008925676
6307,1.175894380,-1.254237890
6308,-1.419638276,0.102313928
6309,1.454883337,-0.562497556
6310,0.504765451,0.300626576
6311,-0.650139213,3.351575851
6312,-0.089839891,0.359478891
6313,0.320573837,0.050693385
6314,-0.523500621,-0.468385577
6315,0.993068457,-3.584881306
6316,0.027057627,-2.009666443
6317,-1.076657891,0.124759622
6318,-1.056988955,-0.742213428
6319,1.453289390,0.862313569
6320,0.813115954,-0.258792430
6321,-1.304648995,0.814260960
6322,-0.807459831,-1.228008866
6323,0.082766138,1.673094869
6324,0.766947567,1.086806774
6325,0.179295689,-0.801096559
6326,0.242247894,-0.668211997
6327,2.914442301,1.141123772
6328,-0.167920128,0.262144566
6329,-1.077775121,0.158516273
6330,-1.386054158,0.146729052
6331,-0.151336774,0.147268936
6332,0.064081945,0.187942579
6333,-1.268939257,0.692224801
6334,-1.172996521,1.631500721
6335,0.400803536,-0.765793085
6336,-1.514781356,0.070273146
6337,1.457795262,0.320435345
6338,0.806786358,0.119701914
6339,1.054354548,-1.328996181
6340,-1.638646841,0.336083531
6341,2.729575396,-1.983485818
6342,0.523465872,0.218888134
6343,-1.720248222,0.439585686
6344,0.881300271,0.613761127
6345,-0.444725871,1.507912397
6346,-3.297980785,-1.590206027
6347,0.829879642,-0.543415844
6348,0.424465507,0.358434230
6349,-0.902438939,-0.528221309
6350,0.102396891,-0.753290296
6351,0.951151669,-0.553450644
6352,1.052404642,-1.382463217
6353,1.904495716,0.753668010
6354,-0.660744011,0.079190932
6355,-0.196875691,-0.489757508
6356,0.269025117,-0.242309213
6357,-1.900730968,-2.001868963
6358,-0.128904983,-0.242349982
6359,-0.062963963,-0.058570854
6360,1.145853400,-0.193844602
6361,0.615772843,1.950529337
6362,1.406845808,1.009618521
6363,-1.181280136,2.150383711
6364,-0.051719062,1.313994646
6365,-1.785617709,0.898928821
6366,-1.315424085,1.014099240
6367,-0.081291892,0.953569233
6368,-1.246761799,0.658502877
6369,-0.751884282,-1.178083897
6370,-0.217169702,-0.546235383
6371,1.146256208,0.811105728
6372,0.145216092,0.618201017
6373,-0.731819928,-1.398807168
6374,-0.079979941,-0.730520487
6375,-0.894750714,1.112803102
6376,0.910751820,-1.537889123
6377,0.651082873,0.026790887
6378,0.863440573,0.217323348
6379,-0.320966333,0.599936008
6380,1.493285179,-1.518840313
6381,-0.355246872,-0.725659788
6382,0.381723672,-3.341462374
6383,-0.557057142,1.500239611
6384,-0.538424492,-0.551496565
6385,-0.597633719,3.236510038
6386,1.878744125,2.207180500
6387,0.368687868,-1.623999000
6388,-0.083624728,0.193635911
6389,2.491918325,-1.388720512
6390,-1.376145959,-1.478464365
6391,-0.669039369,-0.629938543
6392,0.233838439,-1.655999422
6393,0.303380370,-0.297406167
6394,-0.135143921,0.174359173
6395,-0.372725129,-1.118838906
6396,0.700411618,1.424391389
6397,-0.099827334,-0.860536516
6398,0.559231877,1.210212708
6399,0.583251059,-1.156121016
6400,-2.447354555,-1.703763723
6401,-0.005635228,-1.520965457
6402,0.998857081,1.506338596
6403,-0.183708861,0.095747985
6404,-0.595076442,-1.443736434
6405,-0.563306212,-0.009170608
6406,-0.341694087,-1.411639810
6407,0.800810874,-1.307419181
6408,0.902052164,-3.466105223
6409,-0.307277292,-0.097376287
6410,-1.454291224,-1.554737329
6411,-0.820627153,1.568160415
6412,0.228370711,0.392418742
6413,2.631454945,-0.025911562
6414,-0.372537166,0.325669527
6415,-0.350629479,-0.173934266
6416,1.202477455,-0.885331988
6417,1.670946240,-2.172056198
6418,-2.205772638,2.250819921
6419,-0.999704123,2.870044231
6420,1.086155534,-2.448339701
6421,-1.358188510,-0.129273251
6422,-0.124358915,0.101484574
6423,-1.612768292,1.038185596
6424,-0.168033481,-0.410589159
6425,-0.409486353,-2.525040865
6426,1.629930139,-1.506638169
6427,-0.891561806,1.696595311
6428,1.082884550,-1.790406108
6429,4.908324718,0.368932456
6430,0.166956604,0.127080977
6431,-0.718751967,-1.705431223
6432,1.059485078,-2.390460253
6433,2.266170263,-2.548292160
6434,1.116795421,-1.398434639
6435,-3.675212622,2.983434916
6436,-0.605918109,-1.633720756
6437,1.285916328,-1.351407886
6438,0.436497211,0.267785698
6439,0.786697507,0.183345422
6440,0.147879913,0.205114841
6441,-0.672081709,-2.083696604
6442,-3.367124796,-2.223526955
6443,0.535738468,-0.261604548
6444,-0.783627987,-0.387120128
6445,0.633425772,-0.787654996
6446,0.041530550,-2.022737980
6447,0.377138257,0.033765085
6448,0.347946346,-0.060260780
6449,0.118562534,-1.066145420
6450,0.139573097,-1.877170682
6451,0.213841796,1.532186270
6452,-1.384645581,0.154966757
6453,-4.131726742,-0.622985482
6454,-0.913948894,0.016177954
6455,0.069932275,0.169308752
6456,-0.079241082,-1.532917500
6457,-0.947465837,0.153881550
6458,1.227734327,-0.605981350
6459,2.444754601,-0.535001159
6460,-2.104924202,0.252414048
6461,-0.222095788,-0.718134344
6462,-1.148784757,1.081935406
6463,-0.215418532,0.875143170
6464,1.000004172,1.078678966
6465,1.333194017,-1.232033491
6466,-0.135719746,-0.034731578
6467,-0.101344764,0.416541815
6468,-1.915685058,-0.332814217
6469,3.017091513,-1.963965535
6470,-0.410683155,0.359128892
6471,-0.315766305,-0.087210588
6472,0.894718945,1.473654509
6473,-0.491819233,-1.391291380
6474,0.134620264,-1.825932145
6475,1.161426067,1.815255165
6476,1.570609808,0.077958412
6477,1.346382737,1.547825813
6478,1.441552520,-0.024572367
6479,-0.324555129,0.793137968
6480,-1.138426781,-1.834959984
6481,2.025157928,-0.388396621
6482,-1.272727966,-2.725342512
6483,-0.523630023,-1.881507039
6484,2.415166855,0.706497371
6485,0.981536150,-0.477393687
6486,-1.374554634,1.549289107
6487,0.316429555,-0.095600694
6488,2.406098843,-0.201721534
6489,-2.069888592,1.412772775
6490,0.797168016,-0.944717050
6491,-2.983249426,2.612522364
6492,0.456146151,0.572585523
6493,-0.399279356,0.033343811
6494,-0.440706283,-0.466201842
6495,-1.150180697,0.509222865
6496,-4.692059994,1.953193784
6497,-0.384492934,0.272143334
6498,0.270556480,-0.366218805
6499,1.237741351,0.006184418
6500,1.953347087,-0.153770640
6501,0.215953112,-0.142663166
6502,-4.753542423,0.322335333
6503,0.840311229,-0.435809821
6504,2.320239305,-0.727768600
6505,0.112656176,0.410975009
6506,-1.181122065,-1.064643741
6507,0.932848036,-1.227504849
6508,-0.674591482,0.776269734
6509,-1.325672984,-0.471311480
6510,-1.097431779,-1.158968329
6511,0.085279785,0.512679935
6512,1.018714547,0.131624699
6513,-0.375377536,0.983002007
6514,0.868473113,1.078648210
6515,1.129021049,-0.275885552
6516,-0.074211247,-1.641726971
6517,0.291282505,0.806180656
6518,-0.013232730,-0.598071337
6519,-0.706517696,-0.090047240
6520,-1.345237613,-0.286013216
6521,0.054934848,0.656672776
6522,-1.653170943,-0.120229959
6523,0.793656886,0.017825982
6524,0.226572543,0.521667242
6525,2.236936331,0.620370150
6526,0.002585765,2.642384768
6527,-1.558290839,2.786785364
6528,-1.158793688,-0.844904125
6529,0.507976413,-1.598764300
6530,0.155085340,0.058976296
6531,-0.368528455,-0.217249915
6532,-0.810915470,0.736127257
6533,-0.527488589,0.407375365
6534,0.764086604,-0.596556842
6535,1.212910175,-0.498179615
6536,-0.484228522,-0.675740480
6537,0.210924938,0.542000651
6538,-1.817223430,0.121280476
6539,0.024900936,1.266096592
6540,0.491405576,-1.366865754
6541,0.648658574,2.028691530
6542,1.400719285,-0.239640251
6543,0.453152210,-1.237035155
6544,-1.657218337,-0.035402086
6545,2.325457096,0.791086435
6546,-1.433370352,0.792890131
6547,-0.603940487,-0.023152482
6548,-1.153851867,-0.052848686
6549,-0.845050693,-1.014068246
6550,1.016791224,-0.113097101
6551,0.198419347,-0.449550390
6552,-0.168989867,-2.067715406
6553,-1.837558627,1.311809540
6554,-0.402955979,0.589874685
6555,3.597780704,1.349282622
6556,-2.081673145,0.536252081
6557,-0.032173634,0.166920170
6558,0.954328060,1.385740995
6559,-0.745582402,0.287655801
6560,-1.406440139,0.264484584
6561,0.088183984,0.169727951
6562,0.126302779,0.591615975
6563,0.002039312,-1.190710783
6564,0.222776949,0.822459877
6565,-0.323418170,-0.796507478
6566,-1.869355798,-0.075512305
6567,-0.270829231,-0.359730661
6568,-0.396571457,-0.631971180
6569,-0.494579643,1.335033894
6570,-0.395350635,-1.428559422
6571,1.471261144,-2.945894003
6572,2.261963367,-2.548899412
6573,0.844261527,0.731723547
6574,-1.609802961,-0.439241767
6575,-1.145944357,3.073030472
6576,-1.167352080,-0.503740072
6577,-0.828053474,1.470273376
6578,-0.977065504,-1.162353396
6579,-0.180117354,1.003674746
6580,0.426170379,-0.894442201
6581,2.019214630,-0.586976886
6582,1.596083164,-0.449244916
6583,-0.218831748,0.124224886
6584,-0.425572604,0.901998639
6585,-1.935876369,-1.675238729
6586,1.115211606,1.310492754
6587,0.041993435,-1.398781061
6588,-0.113819107,0.712925911
6589,-2.033476114,0.085444495
6590,-1.410151482,-2.500789404
6591,-0.311404109,-1.000885725
6592,0.050270025,-1.271361947
6593,0.916840076,0.326108485
6594,0.921256483,0.314373463
6595,-0.308657020,-1.577962041
6596,1.004417539,-1.194870949
6597,0.079357482,1.748083591
6598,-0.250005633,-0.308381766
6599,-1.388284445,-1.211441875
6600,0.062986486,0.133787110
6601,0.833416462,0.018950868
6602,-1.349385858,-0.070676379
6603,-0.080554783,-0.094039246
6604,0.125587672,1.932677388
6605,-0.940391541,1.443915486
6606,1.303318143,0.332068145
6607,0.204639360,0.331483275
6608,0.057001986,-0.352932036
6609,0.873555422,0.906022310
6610,0.550584853,0.017611703
6611,-0.442216992,-0.056646228
6612,0.047076207,-0.508262217
6613,0.694724321,0.400231391
6614,1.160538435,-1.410665274
6615,-0.681187391,-0.841628969
6616,0.470886946,-0.274399698
6617,0.252977580,1.697325826
6618,0.483839750,-1.166814446
6619,-1.130953550,-0.895597816
6620,-0.516042471,0.376693398
6621,-0.059576765,2.985561371
6622,2.095892429,-0.750122666
6623,2.285403967,3.045909405
6624,0.356518626,0.696450353
6625,0.691406012,-0.845329285
6626,-0.536677301,-1.126973152
6627,0.104369707,-2.820580959
6628,3.009175062,-2.145425081
6629,-0.546925962,-1.057186246
6630,-0.163716018,-0.082193956
6631,0.469063252,0.448078990
6632,-0.032364909,-0.354584664
6633,0.113465950,-2.901319742
6634,-0.559425414,0.039094906
6635,2.561538219,1.002834082
6636,1.384392977,0.620461464
6637,0.240093291,0.067188025
6638,-0.899919927,-0.038296171
6639,0.795198500,-0.731438816
6640,1.115079641,0.909217954
6641,0.948651254,0.713879883
6642,1.249057412,-0.234565616
6643,0.295387566,-0.033422966
6644,1.384145141,0.323102772
6645,-0.533372760,-0.728362679
6646,-2.271568060,-0.163911745
6647,0.983034611,2.927127600
6648,-0.564736247,-1.462152362
6649,-0.300045162,0.688278854
6650,1.259166479,1.234542489
6651,0.362540007,-1.438358188
6652,0.374133587,0.841441631
6653,0.820884645,-0.497145832
6654,0.341183424,-0.600544870
6655,3.588365555,0.741807461
6656,-0.590234876,-0.744119883
6657,0.513939202,0.367617399
6658,-0.074013807,-0.405699670
6659,-0.597878456,1.798686147
6660,-0.385467112,-1.050948262
6661,0.458448410,-0.785490930
6662,-0.100739226,0.344899029
6663,-0.443463624,0.698701799
6664,-0.101509765,1.631410599
6665,-0.147947520,-0.345407516
6666,-0.794182897,0.468600005
6667,2.434456825,-1.913064837
6668,0.596083403,-0.060733233
6669,-0.206499696,0.074231841
6670,0.404057413,-0.316455930
6671,0.332293928,-0.169980973
6672,0.322723597,0.028097296
6673,-0.470073223,2.841188431
6674,0.013784136,-1.960751891
6675,-0.389458865,1.345257759
6676,0.354152262,-0.330286711
6677,-1.564602971,-0.552926958
6678,2.334154606,0.098242290
6679,0.755734861,-0.155465186
6680,-0.028524559,0.229120329
6681,0.250686467,-0.210045591
6682,1.653221965,-2.968832254
6683,-1.353787661,-1.236976743
6684,-0.736289203,1.711078763
6685,-0.597243249,0.562516868
6686,-2.450047731,-1.160063982
6687,0.970949709,-0.256614685
6688,-0.402371883,-0.467038900
6689,0.782089829,1.026240587
6690,1.629768252,-0.238355711
6691,0.353373200,0.458443642
6692,0.079767093,0.947088122
6693,0.284408361,-0.131679043
6694,0.121597849,0.219195247
6695,-0.805682778,1.836784840
6696,1.242807150,-1.596218467
6697,-0.229950726,2.974902153
6698,1.003343582,-0.026643993
6699,1.133889675,-0.895120323
6700,0.395805836,-1.483454823
6701,-0.424143225,1.317908645
6702,1.992238998,-1.578221798
6703,0.428045243,0.442514658
6704,-1.376644969,-0.771754324
6705,-0.065362468,-0.575865805
6706,1.965749741,-0.109835587
6707,-0.066173963,-0.746126294
6708,-1.294500351,-0.359244078
6709,-0.978881717,-0.049512405
6710,0.464856714,-0.887961149
6711,-0.123230711,-1.232700825
6712,-0.005408643,1.195552588
6713,-1.054683566,-1.329479575
6714,0.550688922,0.264406651
6715,0.186940745,-1.078111172
6716,0.361311466,0.175132677
6717,0.252775341,1.401375175
6718,-0.562567890,-0.162479579
6719,-0.397516280,0.649152458
6720,-0.126416579,0.084408760
6721,0.671003044,1.487554312
6722,-3.217220783,2.305400610
6723,-0.640408993,0.632032096
6724,0.092317037,-0.168863326
6725,-0.823392510,-1.227533698
6726,-1.109251380,-1.154914618
6727,0.034024801,0.233341157
6728,3.848646641,1.799129605
6729,-1.537961602,-0.027644698
6730,0.230285078,-0.179682389
6731,-1.988929510,-0.368916661
6732,0.944350839,0.851094544
6733,1.399868727,-0.124031961
6734,-0.860915899,0.302628130
6735,0.358092219,-0.567672014
6736,0.089170597,1.850112915
6737,0.333828241,0.960740030
6738,1.673037291,1.750447512
6739,1.402203441,-1.341938496
6740,0.181337714,0.401826024
6741,0.553694010,1.469503164
6742,-0.172365353,-0.560291827
6743,0.121047661,1.268070340
6744,1.790273428,0.687858820
6745,0.275359422,-1.823455453
6746,1.760478497,1.236561418
6747,-1.390949249,0.039265148
6748,-0.060887966,0.498237848
6749,-0.374539882,-1.062621951
6750,-0.138372689,-0.146682367
6751,0.174584642,-0.289287418
6752,-1.218077660,-0.342438042
6753,0.231074274,-0.353988320
6754,-0.097906567,0.130784824
6755,-0.723293483,1.232148051
6756,-0.722601235,-1.331127405
6757,-1.591309428,-2.225041866
6758,0.199276462,-0.774605870
6759,-2.859951258,-1.813927650
6760,-0.025690246,-0.302142322
6761,0.555685461,0.384681135
6762,0.024348829,0.219273210
6763,-0.506346941,-0.021077327
6764,1.104375720,-0.268401831
6765,-0.098442256,-1.049358487
6766,0.206485420,-0.937842131
6767,-2.062695503,-1.051388025
6768,1.878908157,1.915418386
6769,-2.875509262,0.544550955
6770,-1.490258574,0.591537833
6771,1.133953929,-2.341818810
6772,-0.862759411,-0.125953764
6773,0.257064164,0.699697256
6774,1.845435262,0.829611480
6775,-4.903323174,-2.184666872
6776,0.714146495,0.287937164
6777,1.238395333,0.261209726
6778,-0.279474318,-1.302588820
6779,-2.404214144,0.201572955
6780,0.902056396,-0.497020632
6781,-1.632297635,0.144535571
6782,-1.812010288,0.499425918
6783,0.385761201,-0.194509953
6784,0.981659651,-1.306348920
6785,-0.134821698,1.665499568
6786,0.475716501,0.320996970
6787,0.173254907,-1.416299343
6788,0.903449893,-1.749627590
6789,0.642761886,0.430787861
6790,0.515002131,0.647195995
6791,0.056096878,-0.174392968
6792,0.592494547,-0.078219928
6793,1.378071070,-0.746445358
6794,0.158765152,-0.072252609
6795,0.373804718,2.852611542
6796,2.215937853,1.049451113
6797,-0.281244546,-0.889539659
6798,-0.435053229,-1.795521617
6799,-1.751787424,0.662172437
6800,-1.021522403,-0.435671270
6801,0.419424862,0.641638994
6802,-1.698395848,-0.746979296
6803,0.248344108,-0.184641197
6804,-1.466414452,-0.772450209
6805,0.154595092,0.136701763
6806,-2.811873436,0.754776955
6807,-0.000522148,1.080784798
6808,-0.622984767,-1.208976626
6809,0.245707318,-0.101039425
6810,-0.600730121,-0.562288821
6811,1.242504358,0.365686208
6812,0.347862244,-0.431906968
6813,0.543985784,0.516093493
6814,-1.471347094,1.122466326
6815,-0.902150571,-0.473937035
6816,-0.971394956,-0.904969633
6817,0.145443738,-0.106829591
6818,0.625570118,0.522082806
6819,2.849952936,1.128980517
6820,1.212670803,-0.336436719
6821,0.106940664,0.088567004
6822,-0.601446569,-0.968878865
6823,1.502257228,-0.767734706
6824,-0.514506042,-1.708239913
6825,0.143432379,-0.219182432
6826,-0.419499427,-0.308205128
6827,-2.395090580,0.634460509
6828,-0.301032513,0.596545100
6829,1.009643555,-0.204219893
6830,0.274748474,-0.438969284
6831,3.927776575,-3.856610060
6832,0.077849440,-3.649440289
6833,-0.581416070,1.492578149
6834,-0.902941167,0.531357229
6835,-0.835911095,0.001598564
6836,0.679186881,2.252417326
6837,-0.447533309,0.456681311
6838,-0.248670161,1.395868301
6839,0.909551263,0.056229498
6840,0.243521735,0.548999906
6841,0.546563864,2.633749962
6842,-0.820716560,-1.895696878
6843,0.955631793,0.510455430
6844,-0.697083652,-1.202341437
6845,-0.282401592,0.106974140
6846,-0.325306594,0.104712203
6847,-1.832682490,-1.138062358
6848,1.111958981,0.387688071
6849,0.194418877,-0.403106868
6850,0.940039039,-1.593799591
6851,-0.057351854,-0.130069435
6852,2.238828421,0.104230836
6853,-0.932361126,2.582183361
6854,0.373370081,-0.802631140
6855,0.100365683,-0.567440391
6856,-0.356413692,-0.459299743
6857,0.037682798,-1.074786544
6858,3.727778673,-1.731726766
6859,0.936974525,1.343687892
6860,-0.424213469,0.891609848
6861,-0.700878918,1.354690075
6862,-2.674111605,-0.540703356
6863,0.312862366,1.254511237
6864,0.664798439,0.543625474
6865,0.130288556,-0.783075690
6866,0.259570271,-1.470145941
6867,0.610125899,1.050470591
6868,-0.423633575,-0.199154243
6869,1.685885668,0.766649961
6870,-0.417454094,1.302641749
6871,0.282745630,1.304494977
6872,-1.015130877,-0.558617413
6873,-0.755666494,-0.344673276
6874,1.065657258,-0.267521888
6875,-0.422491193,0.431149960
6876,0.769177735,0.792396784
6877,0.638032675,-1.971051216
6878,-0.581635475,0.857077897
6879,-0.088048689,1.900591612
6880,1.846776247,-0.353412390
6881,0.400388598,-2.029137135
6882,-1.190071464,-1.904850245
6883,1.260929704,0.691206098
6884,-0.077042967,-0.153171822
6885,-1.413145185,1.026185989
6886,-2.255913258,-1.294862628
6887,0.219955206,-2.064615250
6888,-2.120012999,1.624561429
6889,-0.091478631,-0.190269455
6890,-0.675762057,-0.281825662
6891,0.290691197,-1.847458839
6892,-0.726842523,0.234126166
6893,2.852854490,2.694921017
6894,0.881646693,-0.158562943
6895,-0.881515384,-0.341990888
6896,0.498797715,0.804545999
6897,-0.046558429,1.039224982
6898,0.091441184,0.136810556
6899,0.355328143,-0.589425623
6900,0.719341636,-1.072425127
6901,-0.060054313,0.540423393
6902,1.096049070,-1.143382907
6903,1.083472133,-1.018692970
6904,-0.026267199,0.914877415
6905,1.210798383,-1.270292759
6906,-1.320278764,0.580421865
6907,-0.885035276,1.014020085
6908,-0.392861128,2.828367472
6909,-0.032576058,1.758781433
6910,-0.825459719,0.430630088
6911,0.828053296,1.348185420
6912,-1.196601748,2.685846329
6913,-0.243240103,-1.757082582
6914,0.788349211,0.932158470
6915,-0.593350291,1.335741997
6916,-0.780637443,0.546439707
6917,0.361212373,0.401629239
6918,-0.610153496,-0.371274233
6919,1.051508188,1.084368110
6920,0.333713263,-0.484855741
6921,0.135824695,-0.938960552
6922,-0.348578811,-0.019658133
6923,-0.042294830,0.246886164
6924,-1.673386931,-1.723033190
6925,-0.025570855,-0.177636549
6926,0.516260445,-0.367419690
6927,-2.035406590,1.127166152
6928,0.948495090,0.604192674
6929,0.825196087,2.378604412
6930,-0.433268636,-1.814260840
6931,0.314623266,0.292705089
6932,0.365358502,0.084958553
6933,-0.332150996,0.035054177
6934,0.110809952,1.211064816
6935,0.855488896,0.861976326
6936,0.947904348,-0.681440473
6937,-0.237608463,-2.088679790
6938,-0.425901294,1.322528005
6939,1.548264384,-0.000235432
6940,0.101039834,2.022653341
6941,-0.365374297,-0.207985789
6942,2.393496275,2.836161375
6943,-2.835342407,-2.322585583
6944,-0.978307545,-0.682805598
6945,2.208535433,2.130188704
6946,-0.825985789,1.517642975
6947,-1.866743565,-0.379166961
6948,0.223907232,-0.849389076
6949,0.466598302,-0.223718971
6950,-0.209029108,-1.267333746
6951,0.063775681,3.426273108
6952,0.756877124,0.634430468
6953,2.600636482,-0.722341418
6954,1.385203362,1.475116491
6955,0.344965369,-0.308373064
6956,0.824313819,-0.861907721
6957,2.271341801,1.031894684
6958,-0.154259130,0.084985577
6959,1.893364310,-0.604519129
6960,0.754122734,0.585493088
6961,1.040294766,-0.200682223
6962,-1.000295639,0.007176399
6963,-0.687365770,-1.656357884
6964,0.307873100,-0.100864515
6965,0.122545160,-0.967367828
6966,-0.549866676,0.570808768
6967,2.373029470,1.671067476
6968,-1.121026158,0.373144776
6969,1.221079707,-0.396315604
6970,0.350381315,-1.443349719
6971,0.437884927,0.276332378
6972,0.241036952,-1.631425500
6973,0.177602708,-0.207659677
6974,1.273522735,-0.831589758
6975,0.018137431,0.837067008
6976,0.409057379,-0.509465218
6977,-0.030664576,-0.670968235
6978,-1.340210915,0.103757821
6979,-0.079407498,0.153941825
6980,2.220412254,0.546836317
6981,1.372240901,0.854434133
6982,0.149451673,0.102641799
6983,-2.911768198,0.916202247
6984,2.606140614,-0.033550404
6985,0.001430366,-0.123990595
6986,0.707701623,1.576460123
6987,1.197379708,-0.412820429
6988,-0.519326448,-0.202642068
6989,1.120452881,-0.193664506
6990,0.938239515,0.402468741
6991,-1.144065261,-0.418212086
6992,0.777986288,-0.154525846
6993,-0.295992345,0.076023318
6994,0.043920022,0.920261919
6995,0.808639288,0.397936940
6996,0.100575715,-0.295108110
6997,0.790024579,0.678911805
6998,0.198269486,1.170770168
6999,-0.774878681,-0.835344255
7000,0.052145325,-0.489476115
7001,-1.178268671,1.890194178
7002,-3.509533405,0.208003536
7003,-0.206208274,-0.492914945
7004,-0.033279434,0.355573177
7005,-1.066725016,1.042001724
7006,-1.520934582,0.841753423
7007,-1.504984856,-0.824978352
7008,-0.311999738,-1.306182027
7009,0.960044920,1.443873048
7010,0.883283913,0.555411160
7011,0.031581201,-0.221769482
7012,1.814242244,1.721148014
7013,0.128818110,0.561388314
7014,-0.512783051,-0.871744871
7015,-0.350964487,0.721205354
7016,-2.099373579,-0.308415949
7017,-0.510334015,1.673972368
7018,0.868255734,-0.031442102
7019,-0.669030011,0.989808321
7020,-0.220144391,-0.931228697
7021,-0.616127431,-0.678367853
7022,-0.822727740,-1.055200815
7023,-0.905145824,-0.434079021
7024,1.012889028,-3.516544104
7025,-2.810350657,0.501227796
7026,1.061903715,-0.290622830
7027,-1.742517829,-0.857927263
7028,3.756486177,-1.733408093
7029,0.199704468,0.130734012
7030,-2.531057596,-1.634520650
7031,0.559530079,-0.278624237
7032,0.013711218,0.161505654
7033,0.650712192,0.549033046
7034,-0.553655267,0.851773620
7035,0.792308092,-1.024008036
7036,0.104889326,-1.755901575
7037,-1.213090301,0.954015434
7038,-2.045237780,0.413240343
7039,-0.394885600,0.627752125
7040,0.511369288,1.121750832
7041,0.104360297,1.120280623
7042,0.427870929,0.795587301
7043,0.397568613,-0.569429636
7044,1.541802883,0.557810605
7045,-0.794257760,-0.889367402
7046,0.682173491,0.229450375
7047,0.090570636,0.918567538
7048,0.514119804,-0.443024158
7049,0.371580958,-0.533170223
7050,1.554242492,-0.816767812
7051,0.269298583,-0.907743335
7052,2.608636618,-2.645538568
7053,-0.811838686,3.468512297
7054,0.063128002,-0.197152033
7055,-0.154667646,-0.270385176
7056,1.219861627,0.518728793
7057,1.325011611,2.367474556
7058,1.208138108,0.149498820
7059,2.460042238,-0.618428528
7060,0.123932905,0.462701172
7061,-0.562179565,0.222900137
7062,0.661747813,0.484093040
7063,1.733078122,4.108485699
7064,1.352365017,-0.148613244
7065,0.198549330,0.175556988
7066,0.142337978,-0.166424319
7067,0.572203338,1.299400568
7068,-0.373045444,-0.166424736
7069,-1.250103951,-0.140463889
7070,-2.177078009,-0.292175472
7071,-1.103170276,-0.956282079
7072,-1.185633659,-1.594187856
7073,-0.186231866,0.095646851
7074,-2.434652090,-0.995021820
7075,1.892781377,-0.192727908
7076,-0.475705504,0.271590859
7077,0.985158801,-1.611581445
7078,-0.898997009,0.680770040
7079,-0.936186314,4.074788570
7080,0.710951746,-0.062194642
7081,1.275540113,-0.754056215
7082,-0.909209192,-1.819177985
7083,-0.428315729,0.027310070
7084,-1.759272814,-1.923864126
7085,-1.960060000,-0.105880186
7086,-0.674475789,-0.037270654
7087,-0.552572608,-2.144922495
7088,-0.436769247,-0.103752412
7089,-0.257167757,0.180516899
7090,-1.512231946,-1.240304708
7091,1.469619274,-0.891140163
7092,2.242914677,0.316735893
7093,0.148475379,1.752238870
7094,2.084378719,-1.045509696
7095,-0.312594444,0.104986697
7096,0.360666364,-0.866229117
7097,-0.362717986,1.634132504
7098,-0.814285219,0.120584704
7099,-0.183607981,0.166138485
7100,-0.127646238,0.867647827
7101,-0.650777996,0.535884976
7102,-0.643435895,0.692564189
7103,-1.614634752,-2.483898401
7104,0.385562301,-0.969329059
7105,-0.592448831,-0.332277834
7106,-1.037136436,-1.733918667
7107,-1.462578535,-1.819688082
7108,-0.584723473,-1.680149913
7109,-0.100465752,0.343535841
7110,-0.776486635,0.733199239
7111,0.282152265,0.498245448
7112,0.115633123,-0.898302138
7113,1.224663377,0.943027794
7114,-2.029318810,-0.471505374
7115,0.529108047,2.074894667
7116,0.180599809,-0.017991642
7117,0.671071887,-1.651173234
7118,-0.339452922,0.757492304
7119,-0.107357979,-0.367715687
7120,-0.244452298,-0.001521651
7121,-0.456643522,0.723408818
7122,0.410756588,1.362013698
7123,0.189961389,-1.135596633
7124,-2.714995623,-1.231107831
7125,0.609857321,-1.320234418
7126,-0.250507772,0.012529475
7127,1.108585238,0.825671554
7128,0.746681929,0.620520771
7129,1.367346883,-0.126679987
7130,-0.969103873,2.488656521
7131,0.576960742,0.025158953
7132,3.127360106,0.165305063
7133,-0.544895649,1.006769180
7134,-1.233224630,-0.095228143
7135,-0.619612932,-0.029054970
7136,-0.084141865,-0.186575204
7137,-2.546350002,0.451669604
7138,3.260311842,3.095486879
7139,0.482136637,0.403607279
7140,-0.911587894,0.152410045
7141,-1.454384089,0.541668296
7142,1.176707506,-1.843618870
7143,0.696613610,-0.916822672
7144,-2.095226526,1.327350140
7145,0.740355313,1.151099086
7146,-0.787968516,-0.768014073
7147,1.059080482,-0.800171316
7148,0.050719809,-0.211957946
7149,1.304307342,-0.904366374
7150,0.726167619,1.479100227
7151,0.842555642,0.433015585
7152,0.923543811,1.784953117
7153,0.190172806,0.392802328
7154,0.236465394,0.076775074
7155,-1.287093520,1.637468100
7156,0.887673140,0.267754853
7157,-0.686865091,4.599481583
7158,1.880507946,1.225612521
7159,-2.051662207,0.041367404
7160,4.547885895,3.137658834
7161,-1.173793793,-1.002918005
7162,0.480529994,-0.768445075
7163,-0.608141482,0.232378870
7164,-0.281707764,0.775684834
7165,-1.124630809,-0.346325785
7166,-0.007255528,0.166314408
7167,-0.349280119,-0.255505532
7168,-0.782021105,-0.103888012
7169,0.212970927,2.087264776
7170,-0.067100100,-0.292380959
7171,-1.144502163,-1.704952121
7172,0.126551792,-1.168473482
7173,-0.297465235,-0.117197275
7174,-1.673175454,0.901517272
7175,1.138525486,0.920280933
7176,-0.966416180,-0.494330913
7177,0.190358773,-0.598508000
7178,-1.736171126,0.082357749
7179,-0.086133026,-0.386245549
7180,1.332673073,0.712167799
7181,-0.413447827,-0.523290217
7182,3.130614996,0.632259071
7183,-0.336824417,-0.273925364
7184,-0.420558482,0.001667887
7185,0.217392430,-0.554903626
7186,-1.708703518,2.131638050
7187,-1.553680658,-1.507664800
7188,-0.182954296,-0.015016220
7189,-0.984714210,0.395090401
7190,-0.566582501,1.147315145
7191,-0.302176982,0.359513998
7192,-0.078433767,-0.759141743
7193,-0.042324893,0.177072316
7194,-0.375549734,0.338911176
7195,0.968474627,1.076685071
7196,0.846836209,-1.650461078
7197,0.411294550,0.261166781
7198,-1.527956843,-0.472957343
7199,0.096785709,-0.273577780
7200,-0.069843575,0.165922984
7201,-0.334660441,-1.451864362
7202,-1.006638050,1.114944816
7203,-0.123909093,-0.037799627
7204,-0.260487527,0.028904548
7205,-1.519038916,0.312717110
7206,0.863281369,0.121395074
7207,2.346610069,1.435494184
7208,1.654579878,0.639934242
7209,0.379730612,0.704047084
7210,0.004973726,-0.190964639
7211,0.397845536,1.251566887
7212,0.483133465,0.591793299
7213,1.284822583,0.125244543
7214,-0.511925757,2.283576250
7215,3.204648972,1.747396111
7216,-0.109814748,-1.255541444
7217,1.160795808,-0.342397332
7218,-2.900544167,0.279995412
7219,0.169305682,0.131764576
7220,0.674945533,0.539550722
7221,0.623366594,-0.345124364
7222,3.540601730,-0.863058865
7223,-0.639392495,-0.885152459
7224,-0.725214124,0.152544856
7225,-1.351784825,1.107699394
7226,-1.284939885,0.573278606
7227,0.703575969,0.718909383
7228,-1.005770206,-0.959928274
7229,0.193569586,0.441023350
7230,-0.578447521,0.585160971
7231,-0.328295976,-0.252528369
7232,-1.708043575,0.520272791
7233,1.069391131,1.965244174
7234,0.702923000,0.146450981
7235,0.156271040,-1.571989179
7236,-0.173607767,0.013440369
7237,0.521046579,-0.154308274
7238,0.739639044,2.011415720
7239,-0.178808331,0.202459633
7240,-0.080136634,2.209909916
7241,1.088410258,-2.278487921
7242,1.882142544,0.099504940
7243,-1.256528378,1.024170041
7244,-1.293656468,1.307510853
7245,-0.010473221,-0.233098716
7246,-2.129117966,1.548824310
7247,0.944196880,-0.269442081
7248,0.324472666,0.104574345
7249,-0.894178689,0.329870701
7250,-0.014311331,0.471994460
7251,0.635514319,-2.337394238
7252,1.499080420,-1.137822866
7253,0.234834805,-1.678191185
7254,2.205309629,-2.523671865
7255,-0.162684843,-0.343386650
7256,-2.035578966,2.324813604
7257,-1.291965008,0.483956188
7258,-0.194400996,-0.070398815
7259,-0.476085484,0.306533337
7260,-0.046831585,0.609886289
7261,-1.025610328,-0.236904874
7262,-1.397105813,-1.185174227
7263,2.950226545,-0.673247695
7264,0.315987498,-0.164049089
7265,0.304223090,0.364900917
7266,1.342801213,-1.479504466
7267,1.285031557,-1.890936136
7268,0.537277460,0.066202909
7269,-0.094039991,-1.692632794
7270,1.213997126,2.436751842
7271,0.327875346,-2.530878782
7272,0.164150462,-2.280376196
7273,0.159979507,0.507728636
7274,-1.060626268,-0.515478790
7275,0.706011474,-0.686940312
7276,-0.354738832,0.314938575
7277,-0.317304879,-0.812397301
7278,0.613712609,-0.861203969
7279,0.072089449,-0.941782594
7280,-0.981916249,-0.066320047
7281,-0.614151061,-0.734678566
7282,-0.755301476,0.088904753
7283,-1.921518326,0.533996403
7284,0.565816939,0.847381294
7285,-0.042890046,1.459712029
7286,-0.493700624,0.411337644
7287,0.913747728,-0.401537687
7288,1.236601353,-1.790455699
7289,-0.527054191,-0.184391379
7290,0.281883985,-3.399548292
7291,-1.844735742,1.076427937
7292,-1.710990906,0.497812420
7293,-0.398204207,-0.672666848
7294,0.925433815,1.292268395
7295,-0.831969976,-2.015624523
7296,-0.883442402,-1.700499773
7297,-0.208561674,-0.562797964
7298,0.190985352,-0.025944574
7299,0.552531123,0.865426719
7300,-0.578179300,1.209764361
7301,-0.697337747,-1.316075563
7302,0.293613225,0.719869018
7303,0.207068488,-0.508802712
7304,1.099703431,1.259424210
7305,0.210252523,0.773809493
7306,-0.089536943,0.225017801
7307,-4.518745899,-2.325700045
7308,1.174793243,3.196690798
7309,0.686453581,-1.058616519
7310,-0.115128636,0.496921599
7311,-1.923245549,-0.446970999
7312,-1.793687105,0.845574021
7313,-0.016891608,1.350786567
7314,-1.101203442,-0.474161059
7315,-1.456188321,1.409227729
7316,-1.570258021,0.962137163
7317,-0.678854108,-0.070568658
7318,0.466536373,-1.002524734
7319,0.660027862,-0.649378598
7320,1.245231390,0.467151672
7321,0.223829821,0.389523387
7322,0.331121415,0.504033566
7323,-0.530866206,-2.102154970
7324,-0.355823755,1.002653241
7325,-1.554551363,-1.335092187
7326,0.517926455,0.038039051
7327,1.760632873,2.942245007
7328,0.568209231,-0.634533823
7329,1.172185302,-1.259490132
7330,0.049078442,-0.493871927
7331,2.947154760,-0.573597312
7332,1.275846004,2.790621519
7333,0.385006398,-0.782771289
7334,0.604064584,1.314505816
7335,1.201824069,-0.152307421
7336,-1.921648622,-0.495312601
7337,0.416136473,1.967258811
7338,-1.653130770,-0.341067225
7339,1.315099478,-0.412563056
7340,-0.393504918,-1.909676552
7341,-0.626830697,-0.581289411
7342,2.322349548,-1.091988802
7343,-1.426343918,0.730735242
7344,-1.393725634,-0.789835215
7345,-0.169204652,-1.489978433
7346,0.575000942,0.358656377
7347,-0.788872540,-0.249811575
7348,0.557091355,-0.569826305
7349,0.844997823,2.822186947
7350,0.077631973,0.137941271
7351,-1.644275904,2.623553753
7352,0.513839245,1.553795934
7353,-0.224918529,-0.145792767
7354,-0.338156253,3.249928474
7355,0.492112696,-0.259444743
7356,-0.047190052,-0.851869285
7357,-1.545228839,0.821099102
7358,0.074166805,-0.138884947
7359,0.269036770,0.681170344
7360,-0.545972705,-1.583387136
7361,-1.999660969,-0.120780081
7362,-0.124750569,-1.128249764
7363,0.035176903,-0.051986054
7364,0.204163522,-0.307794094
7365,1.945878148,1.086677551
7366,1.647261977,1.904725909
7367,0.074591808,-0.336531997
7368,0.102336735,-0.438548476
7369,0.722915471,1.181290865
7370,1.057327151,0.608283699
7371,0.135159910,1.408312917
7372,-0.217300281,-0.665909469
7373,0.469432592,0.628195167
7374,-3.123405218,0.764256239
7375,-0.004694981,0.360535979
7376,-0.379727155,-1.126699209
7377,0.540352225,-0.052229397
7378,-0.546904147,-0.548897862
7379,-0.323462963,-1.388125420
7380,-1.327213287,-1.006953716
7381,0.403745234,-0.222105414
7382,-1.361444473,-1.173025727
7383,0.693905234,-0.684600413
7384,-0.603549063,-0.346609026
7385,-0.179986000,0.128293276
7386,0.314091474,0.174663186
7387,-1.072156787,-3.576434612
7388,1.488676429,-2.140932322
7389,0.528803408,-0.617978990
7390,-0.166313231,-0.805904448
7391,0.155361563,-0.549930453
7392,-2.644862652,2.752756596
7393,-2.501436472,-0.982149959
7394,0.750885010,0.857892096
7395,-1.609815001,-0.887648940
7396,-0.270178139,0.120502084
7397,0.145709172,-0.135002896
7398,-0.577412426,1.728161931
7399,-0.988587737,1.080865979
7400,2.774092197,-0.033991680
7401,-0.541329682,-0.751524568
7402,0.042022359,-0.310407400
7403,0.004579092,-0.162932247
7404,0.405026287,-0.066596612
7405,0.275942445,0.621545196
7406,-0.306669861,0.108521186
7407,0.807146311,-0.454033732
7408,-0.352055341,-0.003167587
7409,0.765864313,0.267292291
7410,1.429058194,0.776327908
7411,-1.218038678,-0.898835182
7412,-0.788495123,-3.470224142
7413,0.366450042,-0.127432346
7414,-0.262931466,-1.659841418
7415,0.968254387,0.290536433
7416,0.022746064,1.235639095
7417,1.113916755,0.076780893
7418,0.221306190,0.589019537
7419,0.545743465,0.999262214
7420,0.595708311,0.516086400
7421,1.132637978,-2.522249699
7422,-1.131457210,1.771716356
7423,0.247964144,-1.038420439
7424,0.317026347,-0.165076733
7425,0.671596229,-0.280604631
7426,-1.150270343,0.201958954
7427,-0.648631632,0.318343788
7428,-0.210254639,-0.527821720
7429,1.799321890,0.294907242
7430,1.247401118,-1.076567173
7431,1.229829550,-2.030628681
7432,-0.005474134,0.615352452
7433,-1.816912055,-1.669584394
7434,-1.433395505,1.512162924
7435,-0.171382204,0.083393253
7436,1.033755660,2.150010109
7437,-0.899430156,1.113837004
7438,-0.080095172,-0.936533749
7439,1.466463327,1.341402888
7440,-0.041820921,-0.553417325
7441,-0.572165847,0.952744663
7442,-0.420751870,-0.171613634
7443,0.097310141,-1.408507466
7444,-1.491468430,-1.010038018
7445,-0.831724048,0.168624640
7446,1.196373105,-0.329126656
7447,-0.208599031,0.164159119
7448,-0.535854280,-1.563413620
7449,1.837414861,0.360916466
7450,-1.722139955,0.017122170
7451,-0.383152217,0.113987334
7452,0.953858554,1.583774805
7453,-0.841016650,-1.931361079
7454,0.341856986,-0.556278527
7455,-1.973242283,-2.392810106
7456,1.569620728,-0.152665809
7457,0.893511057,-1.031309605
7458,-1.118334413,-0.866147220
7459,-2.638484001,-2.944577694
7460,-0.098023318,0.805247903
7461,0.855138779,-0.647302151
7462,-0.400073051,-0.326902449
7463,0.526289403,-1.462589741
7464,2.372638702,-0.379378349
7465,0.190769345,0.040381033
7466,-0.124434732,-0.139648825
7467,-0.445462227,1.115304708
7468,1.310595155,-0.194311842
7469,-0.614661098,-0.583383441
7470,1.538554311,-0.223987520
7471,-0.200133249,2.987432718
7472,-2.204102039,0.053534944
7473,0.670061648,0.251745164
7474,-2.099224091,0.005331032
7475,0.068803653,-0.195481420
7476,0.083690830,-0.493889600
7477,-1.710488200,1.027637124
7478,0.251469344,-0.189176857
7479,-0.125851989,-0.417543113
7480,-0.786877573,0.151325300
7481,1.087332845,-2.030598402
7482,-1.910462856,0.458169997
7483,-0.710956991,-1.539411306
7484,-0.574661553,-0.528136253
7485,0.444516838,0.098900609
7486,-0.173581287,-0.094867624
7487,-0.626844466,0.828628302
7488,1.064528823,1.811186433
7489,3.063380241,1.262982011
7490,1.466986775,0.085383117
7491,0.363548130,-0.417878240
7492,0.598235726,0.534634411
7493,-1.374956489,-1.321649432
7494,0.290740460,-0.240911007
7495,-1.170744300,0.431780159
7496,0.863180518,-1.007847190
7497,0.033322353,-0.685219109
7498,0.973830283,1.545931816
7499,-0.630448401,-1.091705918
7500,1.062842011,-2.226246357
7501,-0.868244052,0.436858803
7502,0.299423248,1.624346018
7503,2.677118540,2.014054775
7504,-0.336725384,-0.619636774
7505,-1.039572001,2.255451918
7506,-0.884614170,0.871495247
7507,-0.749345720,-0.095984794
7508,0.408368587,1.891141295
7509,-0.097610958,0.433022618
7510,0.668058276,-0.141944960
7511,-0.203474283,0.603133202
7512,-0.038650755,-1.036509514
7513,0.645918190,1.615729094
7514,-1.094088912,0.193108574
7515,2.681178808,-1.787311792
7516,-2.288105011,-1.872377753
7517,1.601875544,-1.372319221
7518,0.381158382,-0.917356193
7519,0.166372344,-1.346352100
7520,-1.584100127,1.120637298
7521,-0.085107736,0.196461633
7522,-0.044993300,0.163577050
7523,-3.578029394,-0.403133571
7524,0.096573345,1.544680715
7525,-0.047083393,0.848953307
7526,-0.000479407,0.240860447
7527,-0.668847919,-0.883590043
7528,-1.127404690,-0.713993907
7529,0.184177443,-1.159944654
7530,0.139087811,0.449313164
7531,0.032938559,0.670095503
7532,-1.869874835,0.914687693
7533,0.172820583,1.458352923
7534,0.965714812,0.507760823
7535,-0.585005939,-0.340324521
7536,0.749418259,0.560972691
7537,0.377682418,-0.534975350
7538,-1.152451754,0.095853567
7539,-0.088521481,-1.280234694
7540,0.445961118,-0.333868593
7541,-0.208128735,0.380114585
7542,0.368252784,-0.037196804
7543,-0.666630268,2.552055359
7544,-1.935121894,-1.043469191
7545,2.823711395,0.864562213
7546,0.678661525,-4.507403374
7547,-1.640939116,-0.306759298
7548,-0.947043836,0.897414207
7549,-0.690951765,-0.180267215
7550,0.883606195,-0.424791723
7551,1.506561399,1.703164935
7552,-0.036913846,-1.448622465
7553,-1.083703279,-1.008920789
7554,0.261110872,-0.953926682
7555,1.235751390,1.051382422
7556,-1.602292061,1.801064849
7557,0.568128586,-2.431020975
7558,-2.804154396,-0.550431192
7559,-0.127956554,-0.630126357
7560,-0.479323626,-0.588884413
7561,0.669794619,-0.599147797
7562,0.782444477,-0.229985222
7563,-2.259637356,-4.252810001
7564,-0.917900622,0.128557295
7565,-0.084504224,-0.467364758
7566,-0.520444751,1.913916111
7567,2.131677628,0.792234778
7568,1.259817839,0.809491038
7569,0.234530225,-0.874752879
7570,0.795025826,1.652421832
7571,0.329419166,1.614511013
7572,1.365610957,-1.378922939
7573,-1.557878971,2.290491343
7574,-2.231218338,-0.510724306
7575,1.000945687,0.512430847
7576,-0.458619267,0.826514125
7577,-2.268748760,-4.192648411
7578,-1.387135386,-0.802836478
7579,0.161912650,0.287674457
7580,-0.057276264,0.266612262
7581,-1.368640304,2.178583384
7582,1.773889542,0.568076372
7583,-0.934432268,0.616234064
7584,1.542765021,-1.145162344
7585,-0.381325185,-0.888224244
7586,0.127149805,-2.439072847
7587,-1.310401678,-0.606032312
7588,1.013932586,0.824401200
7589,0.843363881,1.337378979
7590,-1.316679120,-1.492003798
7591,-0.205943882,-0.312483698
7592,-1.418611765,-0.459180474
7593,-0.020256765,0.975249410
7594,0.153144076,-0.103323840
7595,0.705143332,1.614054918
7596,0.721212447,0.592344105
7597,-2.227917671,3.456860781
7598,0.062285919,0.636657715
7599,1.984766722,1.175655842
7600,0.147368580,-1.693014741
7601,-0.825557172,-0.000904768
7602,-0.884538352,0.841949165
7603,-1.463295341,1.313032389
7604,0.834863842,0.176741287
7605,0.909319043,-0.043744639
7606,0.274170667,-0.895443439
7607,-3.610685587,-2.947793007
7608,0.297436923,2.489102125
7609,-0.239634320,0.207647115
7610,0.435737044,0.033225480
7611,0.733163118,0.640518665
7612,2.104850769,-1.041296721
7613,0.292234153,-0.545118928
7614,1.269974113,-1.090455055
7615,1.136934996,-2.495367765
7616,0.302438140,0.505119383
7617,-1.357188582,0.342807382
7618,-0.251765281,1.713864565
7619,1.043167830,0.149690464
7620,-0.365334988,-0.242410600
7621,-0.799769759,-0.028815579
7622,-0.814128041,-0.675890625
7623,-0.437883317,0.290494561
7624,-0.874101758,0.017148655
7625,-1.580014229,0.330261499
7626,-0.319804251,2.691922665
7627,-0.860682368,-0.709928155
7628,-1.988005400,-2.162472248
7629,1.641947150,-0.636187792
7630,1.038580060,-1.949266553
7631,0.614436984,1.516801596
7632,0.519722581,0.250081152
7633,0.234538138,-2.143581152
7634,-0.044264410,0.288834214
7635,-3.411806345,1.184054852
7636,0.569231391,-0.646072388
7637,0.586504638,0.858919978
7638,0.363207519,-1.814890265
7639,0.343610972,0.007595656
7640,-1.051345348,1.019401670
7641,-0.833687484,-0.629212260
7642,-0.420449466,-0.816348612
7643,-0.378114581,-0.936720192
7644,0.208787248,-1.815981507
7645,0.433528155,0.536573827
7646,0.903177202,0.629817069
7647,-0.006958931,0.597965658
7648,-1.356108785,-1.113219857
7649,0.719779372,-1.973006248
7650,-0.049173959,0.342393845
7651,-0.171502635,2.247591972
7652,1.185792685,-0.080692582
7653,2.516791582,0.079564713
7654,2.867080927,0.831584930
7655,-0.372874886,-0.674648702
7656,0.152284056,0.206368580
7657,0.675406456,0.586233616
7658,-3.520191193,-1.673002601
7659,-2.715921164,0.943391621
7660,0.894483149,1.141074300
7661,0.861610651,-0.149150044
7662,0.211265489,0.575452507
7663,1.075447798,-0.654735625
7664,-0.231352836,-1.057812572
7665,-0.398737013,-0.183384866
7666,-2.074692011,0.795687854
7667,-0.738890231,0.273634195
7668,0.253631711,-0.204399586
7669,2.647516489,-1.279147744
7670,0.361913770,3.056152821
7671,-1.932205677,0.149205849
7672,0.617518961,0.255895555
7673,1.066783786,0.291014463
7674,0.017059712,-0.169453651
7675,-0.065631956,0.916987360
7676,-0.647921145,-0.457347214
7677,0.066440284,0.885098696
7678,-0.878074884,1.777150512
7679,-0.386326581,0.180776134
7680,0.243584901,0.187096342
7681,-0.483952045,0.657827079
7682,0.143523812,-0.179347664
7683,2.566993475,0.107009508
7684,1.816179514,-0.554582477
7685,0.888945758,-0.341282308
7686,-1.627613664,0.762940466
7687,-0.528975368,0.301372468
7688,-0.985204220,0.072763272
7689,1.889395475,-0.382413417
7690,-0.988966644,-0.819033146
7691,-0.325535357,-5.057569027
7692,0.257523537,0.837751389
7693,0.295919716,-2.561995983
7694,-0.268218726,0.971613884
7695,1.093657017,0.469127387
7696,0.001831612,-1.276851177
7697,1.478463888,-1.807639003
7698,3.591147184,0.482163280
7699,0.161311746,-0.009526180
7700,0.111290753,0.547980964
7701,-0.528141558,-0.318840861
7702,-0.717192769,-0.616671264
7703,-2.066824675,2.343062401
7704,-0.197551236,-0.301609486
7705,-1.278583288,-0.445218176
7706,-1.646846056,0.199542210
7707,0.261222959,0.308123320
7708,0.359691024,-0.390474528
7709,-0.472671121,-1.173518181
7710,-0.244256794,0.236204952
7711,0.723343015,-0.579960823
7712,-1.454383016,1.728853106
7713,0.368179262,0.899837971
7714,1.198714614,0.919432104
7715,1.715472341,-0.381822616
7716,0.278805941,0.186481819
7717,-1.491440296,-2.670440674
7718,-0.737834275,-2.001820326
7719,0.276164293,-0.013045801
7720,-0.078756317,-0.276391566
7721,-0.555227280,0.024170928
7722,0.484954149,0.898858011
7723,0.078210272,-0.508404434
7724,-1.255550385,0.024388732
7725,1.524125099,-1.731982589
7726,-0.228899032,0.514364302
7727,1.479415894,-3.851590395
7728,0.022908175,-3.459162712
7729,-0.392475247,-0.031444918
7730,0.731907785,2.111222029
7731,0.306373835,-0.035859894
7732,-0.439397305,0.010120407
7733,-0.493597031,2.962611675
7734,0.006268280,-1.849129558
7735,-0.393001974,-0.362783134
7736,-0.117087118,1.575036883
7737,-0.173741549,0.665214539
7738,0.791202843,0.062650532
7739,-0.341667295,1.462014079
7740,0.694018304,0.502865911
7741,-0.056779496,0.652540684
7742,-0.759094596,-0.898469985
7743,0.039460815,0.139451578
7744,-2.404794693,-0.070549943
7745,-0.344894677,-0.145113736
7746,-0.347064137,0.487806082
7747,-0.193378329,-2.006400585
7748,1.993025303,-1.231382489
7749,1.695210457,0.030435868
7750,2.949341536,4.235894203
7751,-1.631232381,0.120698541
7752,0.631826758,0.294420063
7753,-0.820973277,0.309701025
7754,1.488568425,-0.451597184
7755,-0.090711579,0.577564895
7756,0.459129572,0.072893031
7757,-1.870927572,0.248807058
7758,1.261460543,-0.719661832
7759,0.934359312,3.512047291
7760,-1.379088998,-3.054303408
7761,-1.201469183,2.871117592
7762,0.398754537,-1.003322124
7763,2.297447681,1.310664773
7764,2.385896206,-0.321460962
7765,1.865417838,-1.348225117
7766,0.177775145,-0.939254642
7767,0.224992231,0.816667259
7768,-0.568295300,-0.134842366
7769,-1.477700233,2.226644039
7770,2.922463655,0.388597935
7771,-3.345036745,-0.235486090
7772,-0.535238802,-0.157289281
7773,1.517758846,3.030754089
7774,-0.922989428,1.183765411
7775,-0.249085471,-0.624681652
7776,-1.858420849,-1.854650855
7777,-0.550255775,2.489269972
7778,-0.720695496,-0.411291748
7779,0.532799602,1.133458853
7780,2.635468006,0.839958072
7781,0.489089549,-0.825913846
7782,-1.403668880,-0.150135979
7783,-0.656671643,-0.438601673
7784,2.261998415,-2.321127892
7785,-0.202320680,0.108733594
7786,0.367103815,0.602483451
7787,-0.653775096,1.668541074
7788,-2.410608768,-2.052159309
7789,0.006306908,-0.063950807
7790,-1.609118104,-1.452234507
7791,0.629255295,0.346792728
7792,0.113432109,-0.838812530
7793,0.269375175,1.315767646
7794,-0.231349528,0.149731487
7795,-0.073611163,-2.208433867
7796,-0.800287247,-1.860884309
7797,0.385888964,-0.214257419
7798,-0.779284120,-0.504468858
7799,1.176779866,1.303697944
7800,-3.188614845,-0.747198045
7801,-0.888952553,2.258212090
7802,0.003565802,-0.187410280
7803,-2.788347721,-1.595279098
7804,-0.818045735,-0.481238693
7805,-0.869902194,-0.141502544
7806,-1.012929320,0.084563859
7807,-0.810379207,1.429129958
7808,0.183959380,-0.400465488
7809,0.021784931,-0.542956412
7810,0.458524555,-0.109308235
7811,1.843090534,0.333702534
7812,0.824142277,-0.008635369
7813,0.608798385,-0.582033873
7814,0.928558648,1.210387468
7815,0.949829161,-0.268840760
7816,0.064232685,-0.389430523
7817,0.753348887,1.269997716
7818,0.712581456,-0.179822966
7819,0.981265783,0.969170630
7820,-1.747272491,0.638069451
7821,1.851548672,-0.549663067
7822,-0.235971630,-0.109179482
7823,2.027338743,-1.048596144
7824,1.037989736,-0.529111683
7825,2.025414705,-0.499604464
7826,-0.024343247,-0.492794931
7827,-1.335538149,-1.115747213
7828,0.734746277,0.696676791
7829,0.367429018,1.211430550
7830,0.035471015,-0.690873265
7831,0.149560153,0.090612687
7832,-3.466928244,-0.337870210
7833,-0.927119434,2.981926441
7834,1.181872725,1.744309545
7835,2.371560574,-0.258763403
7836,0.141272113,-0.182241574
7837,1.384598374,-0.721976161
7838,-0.568134010,-0.396875769
7839,-0.098622769,-0.136707067
7840,-2.271214724,2.101668119
7841,0.798424780,-1.807319045
7842,0.134207532,-0.541397274
7843,0.951031387,1.711329937
7844,0.444027126,2.362388611
7845,-0.659742236,-0.394813508
7846,0.179055840,-0.120391220
7847,-0.675722122,-1.138032556
7848,1.753350616,-1.419491172
7849,0.550335884,-0.188977793
7850,0.010810084,-0.352499753
7851,-0.032140676,0.317169249
7852,-0.013410228,-1.392331004
7853,-0.421138972,0.111570530
7854,-1.582648277,0.750899732
7855,0.754943788,-0.308963835
7856,0.208185628,-0.425382704
7857,2.527912378,1.142238498
7858,-0.191560209,-2.475140810
7859,0.018957434,0.611041903
7860,-1.334681511,1.528875113
7861,1.782881379,0.756411672
7862,-0.611997247,-1.529830098
7863,-3.446596384,1.305651069
7864,-0.084950313,0.400424153
7865,-0.742996335,0.176284373
7866,-1.458171844,1.551989436
7867,-0.629099488,1.232343674
7868,1.826933503,0.979509652
7869,-0.668716371,-1.003542304
7870,-0.355930895,1.934727907
7871,0.991078973,-1.353276849
7872,1.321390629,-1.959965944
7873,-0.850783825,1.432236671
7874,-0.943499029,-0.186945111
7875,0.163779944,-0.285844296
7876,-0.804948747,-1.394542098
7877,0.982977152,-0.084391452
7878,-2.732559204,1.248442173
7879,2.095717907,1.003916383
7880,1.175940156,-0.383704573
7881,0.237223014,0.328139484
7882,0.511983156,0.080599122
7883,-0.038077720,-2.124412298
7884,0.619423091,-0.158731222
7885,2.052834988,0.216390297
7886,-1.758668780,-0.986799002
7887,-0.170426682,0.585092604
7888,0.973421216,0.528915524
7889,-0.025141867,-0.350445956
7890,-0.334766239,0.400873184
7891,-0.225992054,0.239531994
7892,-0.399127394,-0.628069878
7893,-0.858912945,-0.085909434
7894,0.403925627,1.233520389
7895,0.068919890,-2.220921993
7896,-1.024069071,-0.098409310
7897,0.695469975,-0.212633178
7898,1.238615632,-2.877538204
7899,1.244231343,1.964294672
7900,0.276266783,-0.807401359
7901,2.762157679,2.148780584
7902,0.497584373,0.154517367
7903,-0.263507068,-0.165566072
7904,0.064118400,-0.073669210
7905,-0.754331887,0.414145857
7906,0.484495610,-0.250935346
7907,0.972999096,-0.410553753
7908,-1.290989399,-0.834648311
7909,0.494628221,-1.020651221
7910,-0.542820990,0.751132846
7911,-0.255397379,0.056350052
7912,0.585359693,0.641960740
7913,-0.323204011,-0.310208112
7914,-0.292898357,0.654757380
7915,1.498888016,1.302095890
7916,1.822072983,-1.158402562
7917,-1.327635527,-0.909732401
7918,1.456906796,-0.454824269
7919,2.447237253,0.195676312
7920,0.007687990,0.299987316
7921,-0.517795324,-0.822146893
7922,0.413440645,0.813341618
7923,0.299932182,-2.402861118
7924,-0.333071828,-0.723167598
7925,-0.163904935,0.280671537
7926,1.027742386,-0.572335958
7927,-0.481025785,1.986442804
7928,-1.236295462,-0.477084756
7929,-0.444099516,-0.192622602
7930,-0.402475893,0.978762567
7931,0.244098902,3.590864182
7932,0.781552315,0.976895869
7933,-2.613835812,1.047562957
7934,-1.015978932,-1.950724840
7935,-0.864394367,1.047396541
7936,-1.832662225,-0.970958948
7937,-1.819068432,-0.075301349
7938,0.300057411,-0.282430530
7939,-1.703698874,-1.792692304
7940,-1.496073127,-0.069290750
7941,0.967968225,0.063889846
7942,-1.023443222,-0.277826071
7943,-1.736657858,-2.475519180
7944,0.305674374,-1.194193125
7945,0.164657623,0.588440955
7946,-0.356416136,0.953768969
7947,0.397320449,-0.107040502
7948,0.508091271,-1.324357629
7949,-0.530047357,0.591244221
7950,0.830828071,0.277874440
7951,-0.027971251,-1.052045584
7952,-2.138636351,-2.665868282
7953,-0.229643449,-0.158280119
7954,-0.297542453,-0.281533480
7955,2.729737520,-1.458049893
7956,-1.397296786,-0.099606574
7957,-0.391186088,0.735273778
7958,0.428372383,-1.498795509
7959,-1.417423010,-0.562955439
7960,2.228443384,-0.906029642
7961,-0.573952317,-0.482473314
7962,2.552576303,-1.436634660
7963,-0.276403606,-1.803160429
7964,1.419968963,1.126477957
7965,1.386622787,3.138638735
7966,-0.487758487,-1.701926589
7967,1.047977448,0.064117275
7968,0.160130948,-1.062630057
7969,1.785290003,1.255150795
7970,-1.600728273,0.040119078
7971,-0.611339986,-1.306709290
7972,1.290720224,-1.337625861
7973,-0.002358191,-1.879940510
7974,1.130934358,0.702709794
7975,0.181068331,0.032336351
7976,-0.064187407,0.203131571
7977,-1.127936125,-0.081320591
7978,2.982660770,-2.233505487
7979,-0.075406656,3.061115503
7980,-1.149018645,-0.481241226
7981,-0.327987403,1.407196045
7982,-0.016133538,0.215658456
7983,2.804850101,0.260994673
7984,-0.403761297,2.009509325
7985,-2.030366898,2.133262157
7986,1.826537609,0.057818867
7987,-1.644491553,-0.793399930
7988,-0.732414067,-2.975759983
7989,1.277632117,-0.133108333
7990,0.920495391,-1.804219842
7991,1.373197794,1.482888818
7992,-0.121093661,0.363796741
7993,2.166324854,0.452522874
7994,-0.386738449,-0.026023993
7995,-1.116039872,-0.056377824
7996,-0.378739953,0.230965465
7997,0.133908927,0.134606615
7998,-2.177951097,1.033878565
7999,0.437474132,2.351974487
8000,-0.763145328,-2.043333054
8001,1.037598252,2.137837172
8002,-0.625326633,-2.161755323
8003,-1.856633902,0.384718418
8004,-1.220253348,0.892497838
8005,0.609498680,-0.034159847
8006,-0.612596869,-0.748408020
8007,0.058670003,-1.801201820
8008,0.120720752,2.000020981
8009,0.582086623,3.433966875
8010,0.821199119,-0.198404193
8011,-1.146061301,0.939950407
8012,0.785666287,0.796171844
8013,1.524251103,-0.641401052
8014,-1.430883050,-1.085453749
8015,-0.975749016,-1.107425928
8016,1.472285867,0.109294385
8017,-1.386091471,-0.308006078
8018,0.314313710,0.784718275
8019,0.305234879,-1.588784814
8020,0.964469016,-1.128627419
8021,-0.975952923,0.395265132
8022,-0.234692782,-0.866824627
8023,0.544829011,1.154592991
8024,-1.660501957,-1.541371465
8025,-1.123693466,0.379118562
8026,-0.170508102,-0.659858167
8027,-2.553083181,-1.314252734
8028,-0.215350896,2.615514517
8029,0.359922230,-0.136636332
8030,-0.813021600,-0.233890057
8031,0.626207113,2.265187979
8032,0.582553029,-2.409362793
8033,1.627581477,-0.284950435
8034,-1.343414783,2.117437840
8035,-1.669749379,0.542463481
8036,-1.676891685,1.505506754
8037,0.133928090,0.272779733
8038,0.296657771,-3.032178640
8039,-0.379445016,0.184958041
8040,-2.107229471,-3.734589577
8041,0.058005631,0.278086722
8042,-2.055824757,0.642065287
8043,0.154236600,-0.080794461
8044,-1.584274054,-1.105626106
8045,1.690130472,2.545591116
8046,-0.223585859,3.027529478
8047,0.239405483,-0.189949334
8048,-0.244572118,-0.036114853
8049,0.941471457,0.349666119
8050,0.142580882,0.647101343
8051,0.008321320,-1.362798572
8052,3.174777985,-0.900436580
8053,1.458090901,0.494532228
8054,0.104111627,0.576111853
8055,0.710039079,0.388048738
8056,-0.035697620,-2.035421610
8057,0.626514137,-1.537838101
8058,-0.212156132,0.567343056
8059,-2.146832466,-1.880982995
8060,0.429378062,-3.687316895
8061,-1.185681820,-0.188210681
8062,0.158733949,-2.294310331
8063,1.352705836,-0.237286061
8064,-0.000729487,0.516576648
8065,1.740268707,1.455884099
8066,-0.634401023,-1.403378606
8067,1.928515673,-1.383299947
8068,-2.182354927,-0.039455734
8069,-2.493421555,-2.555581093
8070,0.926155031,1.986497402
8071,0.987510204,-0.155170947
8072,-0.811888278,1.426340222
8073,1.497870088,-0.937682569
8074,0.422348917,-1.416462302
8075,2.593598366,3.969034672
8076,0.149811178,-0.546390176
8077,-0.819802582,-1.326178908
8078,-1.100759625,1.721715689
8079,-0.158772722,-0.300439328
8080,-0.095547274,-0.596922398
8081,-0.773978651,-0.492466211
8082,-1.993983388,-1.758088350
8083,0.388779342,-0.810514867
8084,0.450850457,0.771133244
8085,-1.495912671,0.130262166
8086,-0.976675570,-0.299613237
8087,0.025371740,1.171489477
8088,1.723809481,-0.637055635
8089,-0.126907215,0.299099118
8090,-0.570746422,1.157647848
8091,-0.653327584,-1.264901519
8092,-1.351921916,-0.409139246
8093,0.322961271,-0.546165705
8094,0.718701661,1.019658804
8095,-1.630682707,-0.949520528
8096,0.024502652,0.145461187
8097,-2.062653780,-1.700154543
8098,0.587475598,2.653717518
8099,0.414525151,0.460198730
8100,0.554348528,0.459902525
8101,-1.750601530,0.599503517
8102,1.580659866,-0.119406350
8103,-2.512997150,1.408091307
8104,-0.570373297,1.018281221
8105,2.977965117,-0.988136768
8106,-0.527689576,-3.185832024
8107,0.225829482,0.922523677
8108,-1.248305798,-1.938694835
8109,3.512165308,1.335559130
8110,-0.253935665,0.126041025
8111,0.272145599,0.396709710
8112,0.149642020,-0.239901826
8113,-0.518717766,0.205620319
8114,-0.077966064,-2.419238806
8115,1.067770839,-1.004139543
8116,0.593723834,2.036830425
8117,0.616312742,0.124205321
8118,0.119512938,0.104552217
8119,0.889493763,-0.450319499
8120,-0.699029446,-1.855339646
8121,-1.104167819,0.477777004
8122,1.005740762,0.465900004
8123,-0.906209886,-0.975661337
8124,-0.551855147,-0.892719626
8125,-0.643901110,-1.321751237
8126,0.039599072,-0.209421724
8127,0.534210563,1.018956780
8128,1.057045579,-0.648373842
8129,0.318601906,-1.720456600
8130,-1.141068578,-0.740894079
8131,0.560120642,1.657418728
8132,-0.532734275,1.354122281
8133,1.372349858,2.327635527
8134,2.399660826,1.414692044
8135,-0.990123451,-0.442454815
8136,0.698885560,2.085251570
8137,-0.908513665,-0.780675888
8138,-0.299671710,-0.902328789
8139,0.046399571,2.199708223
8140,-0.434806764,0.218298554
8141,-1.829135180,-1.320108056
8142,-5.056945324,1.746534944
8143,-0.739478052,1.683115125
8144,-0.209859505,1.501846075
8145,-1.058100581,1.064712405
8146,-0.762562811,-0.688922405
8147,-0.999485672,-0.618822813
8148,-0.618306935,0.990749598
8149,-0.509564638,-1.226747632
8150,0.265922695,-1.645370245
8151,-2.846122265,-1.519996285
8152,0.447934210,0.684730053
8153,-0.469065249,-0.416665196
8154,0.610218167,0.423655957
8155,0.120686613,-0.141460076
8156,-0.143615618,-1.828597307
8157,0.377128720,-0.564961076
8158,0.195353806,-0.372143596
8159,-1.424039006,-1.930802941
8160,-1.074028373,-1.202127337
8161,-1.867673039,-0.097661301
8162,-0.745142102,0.899732113
8163,-0.543608546,1.236555576
8164,0.279563993,-0.025887446
8165,0.319064528,-1.367304683
8166,0.371891677,2.393099308
8167,-2.162594318,1.738211036
8168,0.350415140,1.557416797
8169,0.903555214,-1.099462986
8170,1.421913147,0.771464407
8171,1.056469321,0.020925783
8172,-0.964059412,0.423988074
8173,0.237663627,1.240975022
8174,0.572134674,-0.345047683
8175,0.012506623,0.620980918
8176,-1.342783451,1.978651404
8177,-0.493855685,0.677274466
8178,0.475605696,-0.186240122
8179,-0.874853134,0.204937041
8180,-0.624215543,1.512550950
8181,1.136650205,0.271379977
8182,0.164933637,0.570973694
8183,0.735955000,-0.990194857
8184,-0.548445821,3.530528307
8185,-0.333275855,-0.102404326
8186,-0.269675940,1.060094118
8187,-0.283546656,-0.793283522
8188,0.625787437,-0.036274087
8189,0.144307077,-0.381358236
8190,-0.523477018,0.171240404
8191,-1.626627445,-0.450982302
8192,-1.432316065,-0.655746162
8193,-1.219256282,2.104482889
8194,0.465421945,-0.628198802
8195,0.731595993,0.170807347
8196,0.502595663,0.799962103
8197,-0.321686357,-0.525852799
8198,0.134375140,-0.116559111
8199,-0.104716443,-1.470453262
8200,-0.647487104,-0.078776665
8201,0.752646327,1.303643227
8202,-2.742320538,-1.369351625
8203,1.579354763,-0.099336714
8204,-0.413441241,-0.111901417
8205,-0.848742187,2.085389137
8206,0.447194993,2.578213692
8207,-0.168876797,-1.590899110
8208,0.394374818,-1.457143426
8209,1.231440544,-1.147059202
8210,0.280769855,0.099557854
8211,1.209180474,0.226249039
8212,0.485067636,-0.474411041
8213,-1.024201155,-0.000218764
8214,-1.565747499,1.590212345
8215,0.134781510,-1.220913887
8216,-0.188864902,0.110107161
8217,0.108218357,0.624991715
8218,0.248999059,-0.861138225
8219,-1.070022225,-2.825222015
8220,-0.398207337,-0.922859490
8221,1.489551663,2.036700487
8222,0.961709499,-0.837472081
8223,-0.491823107,0.574287534
8224,-1.909111261,2.306386232
8225,-0.318204641,0.414935440
8226,0.524635434,3.432574987
8227,1.130630612,1.106077194
8228,-1.846199751,0.264286995
8229,-0.021630932,0.109270826
8230,0.556639254,0.892046034
8231,0.893853486,-0.370455742
8232,1.357732534,-0.497925609
8233,-1.632620215,0.812257648
8234,-0.670037448,-1.138693929
8235,0.289598852,1.766176224
8236,3.361946344,-3.112570286
8237,-1.528153419,1.689182997
8238,0.188865975,-1.260545850
8239,0.673804164,1.254980087
8240,-1.306539655,1.124525785
8241,-0.481986046,-0.469712079
8242,-1.103639126,0.338622302
8243,-0.084538713,-0.164800078
8244,-0.136769786,-1.570419431
8245,2.150589466,-1.693658233
8246,0.678201616,1.345609307
8247,1.573060632,1.697430611
8248,0.162472546,-0.033376113
8249,-0.134999067,0.483814597
8250,-0.316868544,0.241123110
8251,0.711578906,0.002274956
8252,-0.137052163,-0.064513281
8253,-0.264057189,-0.076888099
8254,-0.865501046,0.834762812
8255,0.016684908,-0.496189952
8256,0.342891484,0.069176637
8257,-2.557308912,0.653447807
8258,-0.113108508,0.392898053
8259,-0.657922745,-0.317817211
8260,0.583325982,-0.797476709
8261,1.341417551,1.176782489
8262,0.050605346,0.833681524
8263,0.095041446,-0.483533531
8264,-0.507319450,-0.147679299
8265,2.351156712,-1.027102828
8266,-1.457617283,-2.282603025
8267,1.742635608,-0.160964251
8268,2.765542269,-2.256874800
8269,-1.555896640,-0.353440195
8270,-0.241442308,-0.152077809
8271,-0.171355933,-0.321234882
8272,-0.235304981,-1.015097737
8273,-3.884480715,-0.167739689
8274,0.447348088,0.675646484
8275,-1.107252598,0.053174853
8276,-1.306712866,-0.569192886
8277,-0.601885378,-1.273868322
8278,-0.132793650,0.650753617
8279,-0.526254714,0.737103462
8280,-0.035291478,0.701922178
8281,0.880652666,0.977514029
8282,0.697073162,1.626332998
8283,-0.454591006,-1.455939651
8284,-1.592247725,-0.300511748
8285,2.311834335,-0.152645454
8286,1.357126832,-1.941077352
8287,-0.268768042,-0.233327866
8288,-0.654743195,-1.765306234
8289,-2.956667900,-0.711124897
8290,-1.786972404,0.143333092
8291,-1.415161014,-0.832100630
8292,0.354714990,-0.056144301
8293,1.412389159,0.051631439
8294,1.561998010,-2.240189791
8295,2.132521868,0.119507253
8296,-1.047700882,-1.253553152
8297,-0.078807890,-0.940008700
8298,0.612355828,0.759763181
8299,0.922099531,0.360942632
8300,-1.469907165,-1.244368911
8301,1.404639959,0.832738280
8302,0.083594896,-1.460776806
8303,-0.127648503,0.735869408
8304,-0.731902421,2.143438816
8305,1.945519090,0.765085697
8306,1.799979925,-1.755943775
8307,0.534650326,0.742631674
8308,-2.649548292,-0.264754266
8309,2.538849831,1.302470565
8310,-0.170302376,-2.744704962
8311,0.080742478,0.332062006
8312,-0.136575043,2.131570101
8313,0.624405861,-0.055117641
8314,1.951990247,2.796489000
8315,-0.120688938,0.323770404
8316,-1.377738118,0.637821138
8317,-0.176589608,0.030106833
8318,-0.055652805,0.318746597
8319,0.348901838,1.663085461
8320,0.013052538,-1.883795142
8321,1.297391415,2.369281530
8322,3.663654327,2.210685968
8323,-1.010085464,-1.411275148
8324,-1.419883132,-1.702398658
8325,-0.866015017,-3.030471802
8326,0.132441938,0.519582570
8327,-0.669601977,0.962229133
8328,2.705860853,-0.314704627
8329,-0.019243587,0.379459202
8330,0.996859789,-0.565187514
8331,-1.759367943,2.028729916
8332,-0.219801962,2.033647060
8333,0.632435441,-0.859585702
8334,0.714199126,-0.576398373
8335,3.740389585,-0.303657025
8336,-0.752492666,0.822056532
8337,-1.471583486,-0.278620154
8338,-2.262630463,-1.400609970
8339,-0.925507128,0.047331207
8340,1.204133272,-0.580974996
8341,-0.717911363,0.893332720
8342,-1.063967943,-0.994536877
8343,2.996325493,1.396645188
8344,-0.242932200,-0.451565564
8345,-0.245729282,-2.933591843
8346,0.066781834,-0.961775064
8347,0.883530080,1.213883400
8348,-0.062364660,-0.385151237
8349,0.141763732,-0.923188031
8350,0.063660719,0.401633173
8351,-0.072424084,-0.942417860
8352,0.508738518,0.417608261
8353,2.630062103,1.893995523
8354,1.377067924,-0.832347751
8355,0.496065199,0.912173271
8356,-0.015718447,-0.051208775
8357,-0.674270332,-1.339351296
8358,-0.101673655,0.153730273
8359,-0.185276136,-0.257239789
8360,-1.329973459,0.533700228
8361,1.676471949,-3.820176125
8362,-0.220953181,-0.202256814
8363,0.206736460,0.840004861
8364,0.677646399,-0.332359165
8365,-1.165974379,0.530375302
8366,-0.821470141,0.106955767
8367,0.062107481,-0.189897612
8368,0.448086739,0.177060381
8369,0.455189496,-2.172739029
8370,0.725972235,1.247320056
8371,-0.886946082,1.094971180
8372,-0.653643489,1.846645951
8373,-1.385896325,-0.429248124
8374,0.015887439,0.384653360
8375,1.932652593,3.612308741
8376,3.337615013,-0.185604557
8377,0.432275176,1.608585119
8378,1.349549770,-1.365388393
8379,-0.161432087,-0.129269257
8380,-2.000731707,-1.374137759
8381,0.353504598,-0.598971844
8382,1.105795622,0.932349265
8383,-1.388599873,1.463459611
8384,0.582929969,-2.397166014
8385,-2.180734158,0.046832979
8386,-0.383726597,-0.178254917
8387,-0.695464671,-1.171765685
8388,2.046362877,1.223822474
8389,0.478301644,0.572680593
8390,1.777466893,-0.521673918
8391,-0.238304928,0.244560227
8392,-0.197199658,-2.332670450
8393,-0.876153767,1.076983929
8394,-1.369860530,0.690610349
8395,-0.179450929,0.026680011
8396,-0.600945592,-0.295534313
8397,-1.680720210,-0.634457588
8398,1.190937519,0.176211923
8399,-0.888020515,1.477053761
8400,-0.604638457,-1.457000971
8401,-0.154075399,0.386292517
8402,-0.980224490,0.033085637
8403,-1.274918437,-0.786055505
8404,-0.093537427,-1.436151505
8405,-0.881068647,-2.140957594
8406,-0.309794992,-0.242276639
8407,-1.779759645,0.829806387
8408,-3.842265606,1.035350919
8409,0.964685857,0.877957761
8410,-2.131369352,-2.034696341
8411,-1.654514790,-0.732060313
8412,1.106776714,0.516351521
8413,-0.739178777,-0.762629151
8414,1.431242824,-0.420707464
8415,-0.191736162,-0.066679083
8416,1.218407273,1.225016713
8417,1.035132289,-1.036581397
8418,-1.193994880,-2.192032099
8419,-1.416023374,-1.167510986
8420,-0.090561949,-1.500882030
8421,3.361690998,1.652602911
8422,1.619160056,-0.634065568
8423,-2.076258421,-0.931423008
8424,-0.645055652,0.437283456
8425,1.359750271,0.252702028
8426,0.285388917,0.157811210
8427,-0.085232452,0.257129610
8428,-0.367333382,1.745108724
8429,-0.294299424,0.048677813
8430,-0.858388543,0.970165133
8431,-1.357751250,-1.232221127
8432,0.072027482,3.561357498
8433,0.766753614,-0.670345664
8434,0.940661311,-0.454121441
8435,1.394966364,-1.490593553
8436,0.225013211,1.121345639
8437,0.367789298,0.865694702
8438,0.547730386,-1.525111318
8439,1.505299211,0.727405667
8440,-0.295095265,-0.134624809
8441,-1.393481135,-0.258101970
8442,-0.416801631,-1.599401236
8443,3.056439400,-1.003246188
8444,0.102623492,-0.893341362
8445,0.249396458,1.712660909
8446,-1.838752270,-3.075324297
8447,-0.863136411,-0.818464637
8448,0.545073152,0.167883754
8449,-2.449629784,-2.280829906
8450,1.335745215,-0.645827711
8451,-1.905648708,-1.002263308
8452,-1.091109395,-1.022336841
8453,-0.788344860,0.714031994
8454,0.937586010,-0.753076077
8455,0.207369387,-1.171610951
8456,-0.215483531,-0.444042534
8457,-1.445608020,0.299408257
8458,-1.230675817,0.074753948
8459,-0.506157696,1.693358421
8460,0.147065073,0.508319914
8461,-1.355961680,0.527207077
8462,-0.009066559,-0.485329360
8463,0.378989339,1.570896626
8464,1.037156105,-1.105574727
8465,-0.898818672,0.995429814
8466,-0.042825937,0.779524744
8467,-2.571228266,-1.225551605
8468,0.156516463,-0.432850778
8469,0.239835143,-2.739449024
8470,0.358136237,-1.335080385
8471,-1.456662655,0.670611262
8472,0.636982799,-0.466637939
8473,0.169456571,1.392560840
8474,-0.142210454,-0.169257164
8475,1.658362389,1.593215108
8476,-1.217419982,0.188521534
8477,2.336978912,-0.534485340
8478,1.274106264,-2.076763153
8479,0.413226694,0.301034063
8480,2.374751806,-1.561717510
8481,-3.824743271,-0.253480554
8482,-0.023755996,0.336834192
8483,-0.495356381,1.748930693
8484,-1.859596491,2.198470831
8485,0.868632138,2.034440517
8486,-0.096635640,-0.406652004
8487,0.348692358,-0.675640345
8488,-0.132270917,3.742419720
8489,-2.032256365,-0.347026765
8490,-0.063650705,0.374929309
8491,-0.938744783,-1.097134233
8492,0.293261319,-0.395693690
8493,2.184255838,1.788664103
8494,1.174537301,-0.650019705
8495,0.646664858,-0.345544219
8496,-0.233295470,-0.443510681
8497,-0.832841098,1.725195885
8498,0.245224103,-0.833981276
8499,-0.481874883,0.234601989
8500,2.196915627,0.086049877
8501,-0.661410272,-0.649417996
8502,-0.881182909,-0.794092476
8503,-0.351350069,-0.995069981
8504,-0.766103268,0.737826109
8505,-0.610973537,1.101081729
8506,1.170045257,-2.145126104
8507,-0.769725382,-0.134847730
8508,0.516291380,-1.321345925
8509,1.548294187,1.560212970
8510,1.726013780,0.204767391
8511,0.146948934,-0.089231163
8512,1.974505186,-1.135423183
8513,-0.847425401,-0.615757406
8514,0.595017731,4.087479115
8515,1.440075278,1.144364834
8516,-0.353096157,-0.106128380
8517,-0.839173675,-1.600177765
8518,0.057845842,-1.861968040
8519,-0.638405204,0.610100865
8520,-0.093560919,1.245983839
8521,0.354866534,0.377257645
8522,0.563914835,-1.911017060
8523,-0.253960848,-2.336514235
8524,0.810477555,0.826847136
8525,-0.784545124,-2.311105013
8526,0.789515674,0.506427884
8527,-1.186557055,-0.015991824
8528,0.345153689,-0.093628615
8529,-1.403512001,0.178201884
8530,-0.612333894,-0.233537480
8531,-0.345794827,0.820833087
8532,0.094970025,-0.655240774
8533,-0.613167584,-2.607393742
8534,0.293168515,-2.048367023
8535,-2.701251030,-0.238588035
8536,-0.749474823,2.810466528
8537,-0.353119940,-0.324525923
8538,-0.115416564,-0.832868755
8539,-1.219721794,0.369409561
8540,-2.292501450,-0.743499160
8541,-0.018952608,0.086199686
8542,-1.670299530,-2.979569674
8543,0.148223951,0.197297499
8544,0.191903621,-0.137483880
8545,-0.405012876,0.756287396
8546,0.465975910,0.330987424
8547,-0.043089487,-0.807935596
8548,0.491836518,-0.099686459
8549,-1.541736126,-0.334984988
8550,0.610857487,0.403193831
8551,1.528192997,0.750776768
8552,1.782717466,1.317631721
8553,-0.081192359,-1.151281953
8554,-1.057266593,0.420705914
8555,-0.469718188,0.468100846
8556,0.292380899,0.088167571
8557,-0.692471325,0.355350465
8558,0.876177669,1.909054995
8559,-1.993263841,0.265602529
8560,-0.442010462,-2.931610346
8561,-0.605179906,-0.565064132
8562,-0.267722487,0.719863951
8563,-0.072615355,-0.157874197
8564,-0.194214359,1.451456308
8565,-0.189257771,0.470884413
8566,-1.966739058,1.053846478
8567,-0.106320262,0.154965833
8568,-0.121124536,0.089093477
8569,-2.493552208,-1.087020159
8570,1.027278781,2.621658087
8571,0.388962686,-0.665316045
8572,4.423529148,1.720888734
8573,-3.840483665,-1.546616197
8574,-1.661854625,0.562573910
8575,-1.864713430,-1.702223897
8576,0.439897805,-0.288100213
8577,-0.455251604,-0.921296895
8578,0.033862580,-0.766914368
8579,-0.916316628,0.232430249
8580,-1.595592380,-2.061072111
8581,-0.456662357,0.426234394
8582,0.005987142,-0.522809207
8583,0.495833457,0.158459574
8584,-0.334947646,0.128438845
8585,2.088680267,-0.009187047
8586,-3.256052732,-0.162799329
8587,-0.326762438,1.738879561
8588,0.341084301,0.605598569
8589,0.292347461,-1.804463625
8590,-0.845629454,1.115844011
8591,-1.438614011,-1.423269033
8592,1.645584226,0.129852697
8593,0.132944897,0.061206397
8594,1.654059649,0.104067020
8595,-1.240820408,2.286190987
8596,0.238474250,-0.778065026
8597,0.286182255,-0.066910073
8598,1.349692225,0.618666887
8599,1.619976997,-1.856143951
8600,1.875453591,-0.277480870
8601,-1.451534867,-0.552359462
8602,-1.264430046,-2.273558617
8603,2.758752584,1.734268188
8604,-1.035685778,-1.411524415
8605,-0.017179739,0.441382140
8606,-2.091003656,1.336401582
8607,-0.208062559,1.538044333
8608,0.456420183,-1.526194453
8609,0.069141611,0.297663331
8610,-0.305556804,1.529704690
8611,0.103468142,-0.352786660
8612,-0.839092672,-2.323300362
8613,-0.706275165,-0.634820282
8614,-0.854866266,-2.913258076
8615,-2.142221451,-0.844834685
8616,0.570878923,-0.372254997
8617,-0.198186129,0.002553378
8618,0.240671322,2.635378599
8619,1.535296917,-0.397320867
8620,-2.340481997,0.878782392
8621,-5.734456539,1.334661245
8622,-0.130810827,0.548018515
8623,0.313374251,-0.837958038
8624,-1.497810483,0.882161915
8625,-0.770423293,-0.053717688
8626,-0.829212546,0.170160234
8627,0.258959949,0.855411232
8628,-0.200930536,-1.731344461
8629,0.517820239,-0.632220209
8630,-1.000104547,0.199749351
8631,-0.951321542,-0.967488587
8632,-0.688219905,0.371471375
8633,-0.024280552,-0.804484904
8634,1.681659102,-0.392096430
8635,0.225248620,-0.431458652
8636,0.312312841,0.030782843
8637,-1.906603575,-1.688350081
8638,-2.487246752,-1.778578401
8639,-0.989562869,1.940847874
8640,0.030444734,1.981340528
8641,-0.248456120,0.690866768
8642,0.352192581,-2.172725916
8643,0.145091727,0.453766853
8644,0.706167877,1.444006085
8645,-0.491654485,-0.380786747
8646,-1.090476394,-0.171716988
8647,-0.123484261,-0.122157693
8648,-0.291752696,0.520570576
8649,-0.560904682,0.529133499
8650,-1.442521572,-1.359970093
8651,-0.350747705,0.095736735
8652,0.193694174,0.655809999
8653,-3.111992359,-0.302104950
8654,1.671037674,-0.480759293
8655,-0.760555863,-0.888971090
8656,-1.150619507,0.350871146
8657,0.500597596,0.578863859
8658,0.472318321,-0.511248469
8659,2.274026632,2.202161789
8660,-0.637609899,0.903489113
8661,0.009896236,-0.197058797
8662,-1.220549107,-0.149290115
8663,-0.401536554,0.627246797
8664,0.082709752,-0.277679950
8665,-0.274491459,0.630703866
8666,-2.281924963,-0.458158880
8667,-1.242464781,-0.660974562
8668,-1.892784119,0.068799540
8669,1.014194012,4.143724918
8670,-0.211719438,0.848460317
8671,0.677717507,1.017837644
8672,-0.284890801,0.375746220
8673,-0.932240367,-0.175827280
8674,1.616738200,1.058164597
8675,1.749165058,-1.441270709
8676,-0.589813769,0.806579411
8677,-0.201199025,-0.229044423
8678,-1.494823337,0.380617768
8679,-0.787924886,-0.628736019
8680,-1.328570485,-0.142850831
8681,-1.044038057,-0.330443591
8682,-0.214745939,-1.307827592
8683,-1.539036274,-0.558230579
8684,0.358545661,-0.176797688
8685,0.577493608,0.304061383
8686,0.229754895,-0.112884194
8687,-0.203850687,2.689627171
8688,0.326082408,-0.242403701
8689,1.481259704,-0.553935230
8690,-0.893826425,-0.604937017
8691,-2.293479443,0.994118094
8692,0.258769751,0.127097741
8693,0.263812810,1.055136561
8694,-0.478077948,0.121766649
8695,-0.209154636,0.259841502
8696,0.159553751,-0.621944964
8697,0.141420886,0.125581995
8698,-0.928424478,-0.894282460
8699,-0.056644242,-0.170487091
8700,-0.024987437,5.122845173
8701,0.394300997,0.138902038
8702,-0.625882089,0.287565172
8703,-0.756536722,0.582441151
8704,0.099424995,0.970495999
8705,0.097813956,-0.778637767
8706,0.023659065,0.153001040
8707,2.115860939,1.171115875
8708,0.079947621,0.402463377
8709,-0.336571783,-0.281328887
8710,-0.045710780,0.166246369
8711,0.044708412,0.186536282
8712,-0.679374635,-0.592743218
8713,0.843762100,0.132467017
8714,-0.242858738,0.602364480
8715,-0.091348000,0.181382820
8716,2.212840080,-0.078984134
8717,0.950364470,0.819210470
8718,-0.129027173,0.191649646
8719,0.350863129,0.836577713
8720,1.610210299,-0.905006349
8721,0.304419816,0.456035107
8722,0.537107527,-0.108925544
8723,0.431481719,-1.655363679
8724,0.223420009,-0.180302233
8725,0.892197073,-1.580270410
8726,-1.579581141,-0.215650514
8727,2.204438686,-0.893428683
8728,1.311723351,3.360663652
8729,1.378250957,0.483550102
8730,0.127092570,0.600482404
8731,0.074115247,2.478136539
8732,-1.127798200,0.392374218
8733,0.087440044,-0.389855385
8734,-2.911115170,-0.839468420
8735,0.087101988,-1.358738422
8736,-1.728638411,0.816015005
8737,0.085973591,0.909761548
8738,0.574452400,-3.089950562
8739,0.096058793,-1.129920959
8740,-0.586834967,1.841328740
8741,-0.704013467,-0.054048613
8742,-0.036944214,0.070667930
8743,1.057913065,1.931626201
8744,-0.880525470,-0.138774738
8745,-0.051710077,1.192677140
8746,2.132299900,-1.778674960
8747,0.415125400,-0.487537771
8748,0.745039046,0.589755237
8749,-0.177367702,0.379007816
8750,-0.223269165,0.782078981
8751,0.233079165,0.349001825
8752,-0.512914360,1.425580382
8753,0.885852456,-0.047723606
8754,0.772716224,-1.144971132
8755,-0.474681139,0.166528121
8756,1.010057569,-2.141732216
8757,-3.700278759,0.267395169
8758,-0.489885658,0.234091714
8759,-2.738755703,0.958854079
8760,0.421177983,0.537866473
8761,0.000961146,-0.321811795
8762,0.369380713,3.115700483
8763,0.905360162,-0.539637923
8764,-0.116895251,-0.346002728
8765,-0.220043242,-0.138732940
8766,0.645667255,-1.589791059
8767,-0.483145922,-1.889306426
8768,0.578606248,0.753070116
8769,0.599408090,0.319903761
8770,-1.515040159,0.031674512
8771,1.099936008,-0.598029852
8772,-0.023673516,2.199548244
8773,-0.613492548,0.589437783
8774,0.722557425,-0.244509280
8775,-0.894605994,-0.192102924
8776,0.314508140,-0.041991379
8777,-0.721416593,0.517871320
8778,-1.513065338,-1.380988359
8779,-0.150149703,-0.096174628
8780,-0.421749830,0.611606777
8781,0.179565579,0.746747613
8782,0.367707342,0.515962541
8783,1.171327829,1.551469088
8784,0.593115807,-0.709084868
8785,-1.971950293,-1.012009501
8786,-1.458539486,0.170508087
8787,2.107221603,2.338603258
8788,-0.067103803,0.138899207
8789,0.201279566,-0.613796413
8790,1.032413960,0.287479103
8791,0.056219563,-0.552085817
8792,0.960561991,-0.864380181
8793,1.624835372,-0.753891349
8794,-0.977593601,0.361531258
8795,0.080667190,0.891485751
8796,0.063257985,0.141674787
8797,-1.040527582,0.050810434
8798,-0.564897120,1.795706987
8799,0.069310434,-0.609992504
8800,-3.427918434,1.931314707
8801,0.435583711,-0.392112464
8802,0.114176497,-1.134729147
8803,0.402635306,0.657527387
8804,4.307748318,0.260968655
8805,-0.662135959,0.753742814
8806,-1.832915664,-1.215431929
8807,-1.702912688,-1.464171290
8808,0.327808708,-0.127821356
8809,0.271459788,-0.026652344
8810,1.280043483,1.786632061
8811,-1.909756422,0.822328746
8812,-0.667066276,0.244235188
8813,-0.173807323,-0.207428351
8814,-0.819236398,0.643310547
8815,1.287541747,-0.602553308
8816,-0.917483926,-1.074566603
8817,-0.585165381,0.655815959
8818,0.806883037,-0.735336661
8819,0.691388190,0.240864828
8820,-1.425605536,-3.618445158
8821,-0.428994179,1.402974486
8822,-0.899881065,0.532922208
8823,0.002018022,-0.222669423
8824,-2.549378395,-1.755021095
8825,-0.613005877,0.837826967
8826,-1.734443069,-1.011999607
8827,-0.243498012,-0.442694008
8828,-1.173936963,0.213302240
8829,-2.494264603,-1.669529080
8830,-2.920619249,-0.634254217
8831,-2.412450552,0.764824629
8832,1.445085526,-0.126970351
8833,-3.053347349,-1.879660487
8834,-0.902958870,1.010547757
8835,-0.283209413,2.797756433
8836,-0.316430122,-0.199913383
8837,0.013522997,0.220130712
8838,-0.987496972,-0.985518813
8839,0.766515076,-0.162368804
8840,1.674708724,-0.179963514
8841,-1.182928085,0.717859626
8842,0.224099919,-0.251067072
8843,-2.455844402,2.080612659
8844,-2.376341581,-0.025193153
8845,1.827348828,-1.244536638
8846,0.522113562,0.077411570
8847,0.780016899,0.011012277
8848,0.641955793,0.720553637
8849,-0.377496034,0.468594283
8850,-1.888508320,0.036356319
8851,0.171096697,1.505884647
8852,-0.297831684,-1.288035631
8853,0.359441727,-0.129252627
8854,0.106667325,0.207182705
8855,-1.276466846,-0.898710608
8856,2.155984879,-0.933160484
8857,-0.249209121,0.389244586
8858,-0.989110827,0.667125702
8859,-0.993398488,0.141063288
8860,0.081298470,-0.282081455
8861,-2.199792147,2.195141315
8862,-0.061866105,-0.184842616
8863,-0.991225719,0.203182966
8864,-0.078018650,0.382630050
8865,1.572167873,-0.850115478
8866,1.106409192,-0.447780252
8867,-0.373759151,-2.110744476
8868,1.035797477,-0.536154509
8869,1.370591164,0.585032880
8870,-0.521779954,0.097881898
8871,0.249253094,-0.050333783
8872,1.539822698,-0.285007238
8873,-0.373090535,-0.160732716
8874,-0.723379791,1.627529621
8875,1.883133292,0.793706894
8876,1.257939935,-1.609551668
8877,-1.350687146,-0.495852232
8878,0.336016268,-0.159378827
8879,0.255318403,0.322482228
8880,0.853878856,1.005611300
8881,0.573350728,1.304203629
8882,0.463003635,0.210888565
8883,-1.099155545,-0.174767539
8884,0.032004636,-1.329422951
8885,3.171416283,0.325834990
8886,0.327332526,0.629931986
8887,-0.682352185,-0.551169574
8888,0.142581418,1.421377659
8889,-1.638831019,-2.229295969
8890,-0.272224933,0.909658492
8891,-0.775365055,1.039208770
8892,-0.750851393,0.455833405
8893,-0.724132180,0.548448980
8894,0.099824548,-0.179698229
8895,-0.816186845,-0.083749682
8896,-0.105023474,-0.604006708
8897,0.572557867,-0.141388491
8898,0.513761938,-0.781565785
8899,-0.590304673,-1.333936572
8900,0.410783201,2.436085939
8901,-1.452449918,-1.337849736
8902,1.711328387,-1.657381892
8903,3.918391705,-0.761824369
8904,0.279532462,-1.173968196
8905,-0.868031502,0.012315365
8906,1.000241399,-1.272943616
8907,1.103983998,2.276754141
8908,2.158036232,1.059917808
8909,0.956433654,-0.451283872
8910,0.848939359,-0.546550930
8911,0.665611327,0.411968112
8912,1.414154053,-0.420091867
8913,-1.065458059,1.230647564
8914,0.678896606,0.381251752
8915,2.083832264,-0.173769325
8916,-1.571399093,-0.212629974
8917,-1.379358411,-0.327996612
8918,-1.849113345,0.844011962
8919,-0.239920869,-0.239061296
8920,-0.876384020,-0.724374592
8921,-1.049267054,2.468691349
8922,-0.986897826,-2.338511229
8923,3.412965775,0.911055684
8924,-1.394334912,0.578424573
8925,-0.058098793,-0.731073558
8926,-1.865038276,-0.970463514
8927,2.184966803,-0.907912850
8928,0.652717710,0.127157912
8929,1.984745741,0.825730145
8930,1.808339000,0.596105993
8931,-2.624296188,-0.622879803
8932,-1.715833306,1.703263640
8933,0.370336771,-0.292411655
8934,-0.550124526,-0.109625429
8935,-0.851451039,-1.961262703
8936,-0.600259304,0.527198553
8937,-0.537970901,-3.394676924
8938,2.118660212,0.974695504
8939,1.305637121,-1.033612847
8940,1.385900855,-0.962290525
8941,-1.091551661,0.457400173
8942,2.167390585,-1.021536708
8943,0.158524483,-1.941375971
8944,-0.772252142,0.506124318
8945,-1.771379471,-0.644037008
8946,0.521135330,-0.034562610
8947,-0.714184582,-2.611209393
8948,-0.623840213,-0.445517838
8949,-0.256073177,-1.075385809
8950,1.984804511,-0.072094306
8951,2.916755438,-0.587549746
8952,-0.842530251,-0.635283351
8953,1.015604854,0.822822690
8954,-2.826942205,-0.086115815
8955,-0.820595264,-1.182946563
8956,0.376860142,0.198577777
8957,0.464167148,-0.204316691
8958,0.742310345,-0.466747969
8959,-0.356954157,-0.425956339
8960,0.416262120,0.088193975
8961,1.495220900,0.528648317
8962,0.301228732,0.709145546
8963,-0.729330838,0.351711631
8964,0.228064939,-0.100213915
8965,-1.041787624,-0.155882686
8966,-0.048926566,-0.224990740
8967,-2.099789858,0.951134384
8968,-1.756770372,-0.696743846
8969,-0.052607208,0.232897073
8970,-1.370679617,-1.378794074
8971,-1.431262374,0.799402297
8972,-0.203013152,-0.143290132
8973,-1.785332322,0.289090872
8974,-0.827438474,-0.320478171
8975,-2.548865318,0.926573932
8976,0.958445132,-0.633208930
8977,-1.987360120,-0.929877996
8978,1.276244164,-0.670766771
8979,0.688808680,-0.250397146
8980,0.167892382,0.267239779
8981,-1.637629747,0.062749401
8982,-0.069355831,-0.936096966
8983,0.627111077,-0.575577080
8984,-0.329085916,1.806696773
8985,0.225982159,1.819405437
8986,0.526944995,-0.215786025
8987,0.624499738,-0.987372756
8988,-2.129980326,-2.656023264
8989,-0.419808745,-0.377435893
8990,-0.181342274,-0.532725334
8991,-0.413143963,-2.437920094
8992,1.191662431,-1.492432714
8993,-2.450324774,2.165914059
8994,0.243440434,0.287084162
8995,1.389555812,2.370605946
8996,0.631080031,-0.529484332
8997,-1.299248934,-1.709638238
8998,-1.989426970,-0.626693368
8999,0.248803854,-0.288114578
9000,-2.046701670,-1.638570547
9001,1.986021757,0.582159400
9002,0.511426926,0.068412870
9003,-0.297005743,0.059559193
9004,0.161162928,-0.182340890
9005,0.458488673,-2.497843981
9006,-1.135353088,0.448734969
9007,1.830830932,-1.732026815
9008,-2.552305460,0.181897134
9009,-0.404386193,0.091157526
9010,2.745818138,1.230718613
9011,-0.487520546,-2.305891991
9012,0.774498880,-0.413442731
9013,0.235042095,1.471140504
9014,-0.654988229,-1.860733747
9015,-0.149555370,0.337447107
9016,-0.159166485,2.011617899
9017,1.985109687,-0.130386323
9018,0.334556162,0.036857244
9019,0.316567808,-0.084885910
9020,-0.411017209,-0.145364434
9021,-2.336657047,0.886667252
9022,-0.614626169,0.177922651
9023,1.317059994,2.273050070
9024,0.036793720,-0.180671573
9025,0.948730588,-0.150201350
9026,0.070218556,0.944317043
9027,-0.049839456,0.677556276
9028,-1.119047642,2.674723625
9029,0.387352884,-0.229937226
9030,-0.623248875,1.415469170
9031,-0.542036533,-3.361391783
9032,0.993545115,-2.110631227
9033,1.281193018,-2.499726772
9034,0.116300985,-0.417919606
9035,1.744110584,-0.113028154
9036,0.389474064,0.542496085
9037,0.401494265,0.588407278
9038,0.617527425,0.562203407
9039,-0.821374297,-0.359554946
9040,-0.561648905,0.223232597
9041,0.170309424,0.943147302
9042,-0.820637345,-0.098808035
9043,0.258918673,0.054886051
9044,-0.484433264,0.458560973
9045,-0.163446292,-0.128819257
9046,0.837897301,-0.260825783
9047,0.686132193,1.975549340
9048,0.374666214,0.329868585
9049,-0.721817791,0.366671771
9050,1.035995603,-0.353718072
9051,0.583485425,1.885473967
9052,1.060980082,-0.833915234
9053,-0.394278854,-1.295132995
9054,0.280666083,1.910568595
9055,2.335952044,-2.560302496
9056,-0.306379646,-0.184509665
9057,-0.662998557,0.276942432
9058,-2.062483788,0.851119816
9059,-0.578699231,-0.394499391
9060,-0.293536127,-0.254509449
9061,0.890708745,2.280972004
9062,-0.610449612,-2.367813349
9063,1.502521992,0.801916718
9064,-1.381507754,-1.806717157
9065,0.565749049,-0.788152575
9066,-1.591872454,-0.873828411
9067,-0.420616299,-0.340010732
9068,0.401398480,-0.039234873
9069,-0.254586279,0.038386755
9070,-1.075449228,0.185027018
9071,-2.299592257,0.924524248
9072,0.079283215,-0.150920510
9073,0.432607830,0.075044528
9074,-0.107011952,0.569502115
9075,-0.438005954,-0.760574996
9076,0.224068508,-0.037538640
9077,0.871288538,-0.419970691
9078,0.385498643,1.226066470
9079,-1.126951694,0.789817929
9080,0.366983980,-0.049611874
9081,0.680687964,-1.359533906
9082,0.353880465,0.349173725
9083,-2.691451311,-2.616027355
9084,-1.376648784,-0.056505676
9085,-1.615195513,1.442385554
9086,0.096071430,-0.524342537
9087,-0.299814075,0.116883948
9088,-0.228268310,-0.069424361
9089,-0.182705656,0.881329298
9090,0.386780471,0.172385290
9091,-0.399208099,0.742006898
9092,0.625373423,-1.585182190
9093,0.891934276,1.068514824
9094,-0.726901531,-1.682208061
9095,0.271592766,-0.486052454
9096,1.356356025,1.872580409
9097,1.432922244,0.956409395
9098,0.827342808,0.137829125
9099,-0.468474120,-2.186434746
9100,-0.246810019,0.822728634
9101,-2.215563536,0.125413150
9102,0.051964626,-0.215085432
9103,-0.072825983,1.065083981
9104,0.243986025,0.235001326
9105,1.113934040,-1.570084810
9106,-0.254926533,0.210720897
9107,2.356880903,0.922267199
9108,-1.477252364,-1.416663647
9109,-1.188099027,-1.102590084
9110,1.197293878,-0.061237514
9111,0.953511894,0.025265817
9112,0.108719915,-0.009037438
9113,-0.557247221,-0.249998882
9114,-1.235714078,-1.069664001
9115,-0.249989927,0.117463030
9116,2.271526337,1.811043024
9117,-1.699062824,-0.006404967
9118,-3.081095934,3.221276045
9119,0.608958483,-1.081561327
9120,-0.304792732,-0.633582652
9121,2.693696499,-0.336096346
9122,-1.531920791,-0.428713053
9123,1.234058738,-3.131010056
9124,-1.274287939,-1.314158797
9125,0.128187552,1.172812939
9126,-0.610859811,-0.762416244
9127,-0.667505205,0.495007843
9128,0.908233345,0.537343144
9129,0.388263673,0.865792751
9130,1.087502122,-1.310435772
9131,-1.336258173,-1.498307109
9132,-0.584342659,-1.645587683
9133,0.158309147,-0.213580012
9134,-2.177235365,0.340348989
9135,0.196898490,-2.534300804
9136,0.288385183,-0.474806547
9137,1.067155719,0.242958009
9138,0.382512718,-0.219777629
9139,1.360353827,1.294777632
9140,-0.167589858,0.040463801
9141,-0.094892763,-0.423621297
9142,-0.752543509,0.755512416
9143,-0.077191278,-1.131917238
9144,1.669419050,-1.810021639
9145,2.008310556,0.072267175
9146,-0.280803591,-0.854883134
9147,-0.153452039,0.235476181
9148,1.135042310,-0.342212319
9149,1.514735699,-0.292881846
9150,-0.241694346,1.214635730
9151,-1.091541648,-0.100044303
9152,0.560216367,1.105830312
9153,1.783303261,-0.205595121
9154,-0.326136917,-0.102257155
9155,1.051994205,-1.406813860
9156,-0.707184911,0.623803377
9157,0.206497788,-2.662685633
9158,-0.310579598,-0.743062139
9159,0.870573759,0.836206198
9160,0.378487647,0.345719397
9161,-0.211925939,-1.555449009
9162,-0.248496160,-2.363692522
9163,-1.924233079,0.393250525
9164,-0.202140287,0.197145805
9165,-1.140367389,1.390219569
9166,-0.650709212,-0.555454850
9167,0.447906822,-0.104920834
9168,1.004903078,-1.139753819
9169,-0.383464783,-0.975892723
9170,1.006559968,2.425443172
9171,0.350004345,-0.189817742
9172,-0.038499493,1.039259553
9173,1.246758223,1.780458331
9174,-0.012509298,0.293484181
9175,-1.323979497,-3.098747015
9176,0.808589220,-0.003136958
9177,-0.099833421,0.215981692
9178,2.129825830,1.029848576
9179,0.171188831,-0.338570803
9180,-1.448408008,1.435543299
9181,2.738578558,1.964269876
9182,0.465528429,-0.536544442
9183,-1.373417258,-2.515006065
9184,1.147796392,1.309639573
9185,-0.742998481,0.816212177
9186,0.033467315,-0.400828689
9187,0.302798092,0.098635629
9188,0.336151451,0.070007488
9189,1.091168642,-0.521031678
9190,0.345689058,-0.635246873
9191,-1.150151849,-2.318941832
9192,0.968446851,-0.970530927
9193,1.636577129,0.523110986
9194,1.044307709,0.520669937
9195,-0.311687142,0.575219393
9196,-0.413700461,-0.413151383
9197,0.071556292,0.376254141
9198,0.996661603,-1.026336312
9199,0.013191615,0.171664387
9200,0.042648040,0.385597169
9201,-1.311255336,-0.763215125
9202,-1.173691034,-1.104992270
9203,2.987566233,0.879373848
9204,-0.056993864,-1.281303644
9205,1.584539056,-1.193177104
9206,0.916359425,-3.227127552
9207,2.657523155,-0.635477483
9208,-0.271273404,0.562631845
9209,-1.565566421,0.892211914
9210,2.089108706,2.253861666
9211,0.919218600,-0.352099121
9212,1.554197311,1.149420500
9213,0.431491345,1.413549423
9214,0.637905777,0.618630052
9215,0.314458221,0.712517142
9216,-0.063446902,0.952190578
9217,-1.834809303,3.093033552
9218,2.270574093,-1.274005890
9219,-0.360557735,-1.614245534
9220,0.082951888,-0.858601093
9221,-1.152880311,-1.686057568
9222,1.907388568,1.093984723
9223,-1.748386383,-0.493712723
9224,2.502129793,-1.208974838
9225,0.056797110,-2.838554144
9226,-0.547299981,0.024054160
9227,-2.130396366,-0.082572460
9228,2.426527739,0.709150076
9229,0.321656644,0.495677352
9230,0.015831674,-0.428913414
9231,1.254409909,0.836901128
9232,-0.230447635,-0.502644062
9233,0.823237777,1.620863199
9234,-0.175503731,-0.430239618
9235,-0.566179097,-2.215136766
9236,0.046548098,-0.961171746
9237,-0.237181440,0.017961403
9238,2.110880136,-0.101828583
9239,-0.971757829,0.056378197
9240,0.233809963,-0.166917592
9241,2.466894388,-0.030470790
9242,0.348800838,-1.312615395
9243,1.010719299,-1.396577239
9244,-1.302208185,-0.599738419
9245,-0.250725955,-2.984897137
9246,-0.790233791,-0.423811167
9247,3.627696514,1.165724993
9248,0.142054826,1.228525639
9249,-0.198232785,-1.333166480
9250,-1.676551938,3.210947037
9251,-0.275117666,0.281840652
9252,0.124964356,0.205176011
9253,1.459222674,0.838463783
9254,-0.393095016,1.534871101
9255,1.056021929,1.239549518
9256,0.662446737,0.127368450
9257,-0.226989985,-0.004210844
9258,0.946426749,-0.877461374
9259,2.233572006,0.954490662
9260,2.882021904,1.732277870
9261,0.732961357,-0.801508427
9262,-0.326702416,0.535854995
9263,-0.399014235,0.334534734
9264,0.683969557,0.403896213
9265,0.395642519,-0.102624305
9266,0.223216325,-1.239791036
9267,-0.159368902,-0.085024461
9268,0.578997493,2.051374197
9269,0.033514339,-0.587863326
9270,0.126150846,1.601137996
9271,-0.214204416,-0.272338957
9272,0.583632886,0.780004144
9273,-2.215810061,0.023532633
9274,-0.243685395,-0.663415372
9275,-0.223012015,2.420320511
9276,-1.005148411,-0.339745909
9277,-1.042176008,-0.396440715
9278,-0.047922615,-0.806669056
9279,-1.638993502,-0.273015738
9280,0.141922414,-0.109192431
9281,2.519711018,1.641839027
9282,0.508343041,-0.608578265
9283,-0.212461337,-0.040374767
9284,-1.135368943,-2.796384335
9285,-0.097012386,0.089031942
9286,-1.639399052,0.351363480
9287,0.259049833,-0.105005547
9288,0.200555474,-0.147186488
9289,0.735013306,1.465494871
9290,-0.168183655,0.130307212
9291,-0.095102198,2.310749054
9292,1.043953180,1.242536902
9293,0.655958295,0.381959707
9294,0.892912090,-0.143177718
9295,-0.320847511,0.615686238
9296,0.031027215,0.242359981
9297,0.531816244,-1.695285559
9298,-1.288304925,-0.334464610
9299,-0.011556337,-0.184219256
9300,-0.025420589,-1.267435551
9301,0.879359782,0.548314691
9302,0.928684473,1.401603937
9303,1.083759427,0.423485786
9304,1.901493907,0.556781650
9305,0.254106075,-0.044150021
9306,-0.242342263,2.864623547
9307,-1.063875437,0.623296559
9308,0.565752923,0.468851984
9309,-1.778976083,-2.502923727
9310,0.586130619,-2.324047327
9311,-1.243012309,0.094975151
9312,-0.359080851,-0.264504761
9313,0.519583642,0.231956691
9314,0.777021587,1.543432117
9315,1.442712188,1.239014506
9316,-1.080778003,0.010610398
9317,1.006575227,0.368417650
9318,0.396259457,0.465405852
9319,0.124256447,2.352574110
9320,0.146098688,-0.073471643
9321,-0.322949558,0.068071112
9322,-0.150513843,0.962239742
9323,-0.155648410,0.882406056
9324,5.390980721,1.702245951
9325,-0.264432073,-0.143066555
9326,0.807585239,-1.318793774
9327,0.308589309,-0.268963277
9328,3.298832178,-1.036345720
9329,-0.437240601,0.168497294
9330,2.098126411,0.260165691
9331,0.587662518,0.139095426
9332,-0.334097922,-0.501254737
9333,1.011608839,0.237226188
9334,-3.767100096,0.126220167
9335,0.691285729,0.399627477
9336,-0.931331933,-2.015596390
9337,0.302555710,1.210506201
9338,-0.228352740,0.035504855
9339,2.561569691,-1.068059325
9340,-0.579525054,0.165467009
9341,0.727969587,0.731139481
9342,-1.898602009,-1.394979596
9343,-0.226835787,-0.279147476
9344,-0.769604027,0.134419516
9345,-0.582861185,0.609884381
9346,0.536901295,0.899090528
9347,-1.970911384,-0.979884744
9348,-2.029009819,0.351651818
9349,0.301102847,-0.281362385
9350,-2.844552755,0.492956191
9351,-1.026991487,-0.618367016
9352,1.037453055,-0.548984289
9353,-0.774425924,-0.201802403
9354,-0.617899060,-2.492712259
9355,-0.178580329,0.066394962
9356,0.399375647,0.455701143
9357,0.511706233,1.871133089
9358,-0.541833401,-1.375649571
9359,-0.115501560,1.205072761
9360,-0.577382565,2.749969482
9361,1.439589500,-0.513186932
9362,-2.261392355,0.924335539
9363,0.399390757,-0.067599490
9364,2.278669596,4.833720684
9365,-0.020151494,0.723548710
9366,0.901822627,0.413799942
9367,1.293947577,-1.013658166
9368,1.471840262,-1.139359832
9369,1.997920871,-0.552347779
9370,-1.223626256,-1.477202654
9371,1.351788282,-0.913168550
9372,0.503905177,0.371654093
9373,-1.734174132,0.830834925
9374,0.840362251,1.770513058
9375,-0.708956242,1.274040461
9376,0.338539243,0.355577111
9377,0.383549154,-0.550243378
9378,0.651268899,-1.476774931
9379,-0.940937459,0.550073147
9380,3.593417406,0.101736687
9381,-0.028631879,0.573473096
9382,-0.543504953,0.396667540
9383,0.210005835,-0.123392381
9384,0.052422713,1.118261099
9385,0.411741704,0.262753338
9386,-1.706925750,-2.080044031
9387,0.513047278,0.653252184
9388,1.367682099,-0.258591980
9389,-0.158563927,0.100936897
9390,0.286081553,0.704129875
9391,0.086299792,0.299348831
9392,0.909472406,2.346750498
9393,-0.607942224,0.840979040
9394,0.818317950,-0.162611812
9395,3.288111925,-0.724257827
9396,1.405111670,0.220448479
9397,1.198594689,0.349171549
9398,-0.000148030,-0.930497468
9399,0.431271255,1.241397619
9400,-0.626314402,0.197102949
9401,-1.784155607,0.235225007
9402,0.200475231,-0.385522336
9403,-0.607925773,0.579491377
9404,1.851614237,-0.510520339
9405,-0.333017260,-0.297209233
9406,-1.588203430,3.779876471
9407,-0.760343492,-0.218288958
9408,-0.047894947,-2.656160116
9409,-0.159153849,0.151732534
9410,-0.938729405,-1.007968903
9411,-0.715829968,0.707419217
9412,1.426371455,-0.116943009
9413,0.207511976,0.265444160
9414,2.116567612,1.304296255
9415,0.502730489,0.612399876
9416,1.549419522,-0.897683620
9417,-1.518494964,4.492610931
9418,-1.179109573,-1.002633095
9419,0.459942728,-0.609693289
9420,1.489249468,2.678452730
9421,-1.994071364,2.548737288
9422,-0.083888531,-0.576016605
9423,-0.144898742,-0.082532123
9424,-0.242331371,0.305716634
9425,0.855707824,-1.241342425
9426,-1.626569152,-0.093049936
9427,3.177518606,1.339241028
9428,0.682058871,-0.801988304
9429,-0.458164990,0.088279977
9430,-1.317339540,0.577528179
9431,0.813755095,-0.671452999
9432,0.584444761,1.366129518
9433,-1.953998804,0.632453263
9434,-2.080149174,-0.515434802
9435,0.402065754,-0.530213773
9436,-0.240583465,0.764180005
9437,-0.298461229,-1.012612700
9438,0.187627971,0.185310945
9439,-0.392658889,1.040920854
9440,-0.972879887,0.062766947
9441,0.246313632,-0.089808069
9442,0.252006948,0.614192724
9443,0.686060190,-0.097058557
9444,-1.055085897,0.592876315
9445,2.121486664,-0.207126155
9446,0.609951675,0.559332728
9447,-0.552601755,-0.668833911
9448,0.117445424,0.106310569
9449,0.449157387,0.854684651
9450,-0.556414068,-0.489522010
9451,1.303055882,-0.459389746
9452,-0.525945604,0.343880981
9453,1.109208703,0.063188121
9454,-0.114399269,-1.553865314
9455,-0.568613470,0.584161580
9456,0.774179876,-0.212313890
9457,-0.192893609,-0.406607777
9458,1.083347678,-0.873382151
9459,0.709236562,0.736912549
9460,0.206592247,-1.084360957
9461,0.534170866,2.278416634
9462,1.431242108,1.143189549
9463,-1.122629523,1.884589076
9464,-0.204735458,-0.008878970
9465,-1.248552680,-3.875704527
9466,0.169083863,-0.039712109
9467,0.695546687,0.119068101
9468,-0.029135322,-0.151084572
9469,-2.444193125,-0.888749182
9470,-0.991125882,-0.288236380
9471,-0.748190999,1.152777791
9472,1.098573089,0.026916910
9473,1.867960334,1.014207959
9474,0.052641209,-2.183671474
9475,-0.029608743,1.567240477
9476,-1.197001696,-0.234757334
9477,-1.863196969,-0.571576715
9478,2.585793018,2.200626850
9479,0.453615487,-0.100752294
9480,1.616454840,-0.893075824
9481,0.131503463,0.383844525
9482,3.324559927,0.819941878
9483,0.316220701,0.327892244
9484,1.122476578,0.874228358
9485,-0.926038086,-0.481821299
9486,1.147306085,1.118869066
9487,0.049781680,-0.322526962
9488,0.093751550,0.224764377
9489,0.142020062,-0.573500812
9490,-1.757297039,2.517164230
9491,0.266346782,0.357893527
9492,-1.626952887,2.596582890
9493,1.227339029,-0.208540261
9494,0.823040485,-0.409142584
9495,0.204218030,0.597875476
9496,-1.588206053,1.807599902
9497,2.949072123,-0.099126935
9498,0.659677327,-1.137178540
9499,-0.273223132,0.354576051
9500,-0.011863241,0.355898708
9501,1.300599456,1.319190383
9502,0.112036653,2.751646996
9503,-0.434002936,-0.838775754
9504,-1.006236672,-0.007936404
9505,0.738593102,-0.184844047
9506,0.925731540,1.383511305
9507,1.589424610,-0.809446216
9508,0.404662400,-0.753663719
9509,2.304020405,-0.586439908
9510,-0.535732806,-0.608991742
9511,-1.126871943,-0.930559158
9512,4.302875996,1.437495351
9513,-0.193092048,0.011086156
9514,0.591696918,-0.253782004
9515,0.973706722,-0.248788521
9516,0.563830435,0.355064332
9517,1.626781344,0.089372091
9518,0.019332420,0.004250790
9519,-1.168413997,1.609910846
9520,-0.797550559,-0.807552576
9521,1.364680529,0.688376427
9522,-1.203248978,-0.191847399
9523,-0.584048450,0.595470905
9524,0.477554262,-0.264195412
9525,0.195059821,-1.891115785
9526,-0.836942911,-1.229750156
9527,-0.345399529,-0.634506822
9528,-0.231343925,-0.148583695
9529,0.408213049,0.510515034
9530,-1.348659515,-0.784390450
9531,0.278652340,-0.442368060
9532,-1.135433674,-2.940960407
9533,-1.154777884,1.767229319
9534,0.181669757,-0.061565209
9535,-0.332980096,0.754695117
9536,-1.833076239,-1.218928933
9537,-1.040207267,0.419615775
9538,-0.636781454,1.115958452
9539,2.637485027,0.432418197
9540,1.654318452,-0.352590710
9541,1.323602676,1.254034281
9542,-2.664258480,2.688951731
9543,-0.630847514,-0.650272787
9544,-0.924038112,-1.069937706
9545,0.405377328,2.755553007
9546,-1.255942702,-1.488486648
9547,0.331232429,1.049768329
9548,-0.847789586,0.633325517
9549,-1.137481928,-1.124694824
9550,0.828219712,2.450222492
9551,-0.547068536,-0.170691997
9552,0.207939446,-0.045409024
9553,1.691607475,1.296435475
9554,-0.389878869,-0.227069110
9555,-0.024450788,0.881631255
9556,-0.503841281,0.981931567
9557,0.327111065,1.087558985
9558,-0.001895527,-1.123228908
9559,0.240236729,-0.399801135
9560,0.161845535,0.111597076
9561,1.514382839,-0.455568433
9562,1.370754361,0.977340758
9563,-1.954582334,-3.114253283
9564,-1.526450396,0.951738775
9565,-0.096945882,-0.532347918
9566,-2.414986849,0.576412320
9567,2.161918879,-0.485261410
9568,0.190404251,0.156717181
9569,-2.420896292,-1.396073222
9570,2.389504433,-2.402536869
9571,1.740814209,-2.593880177
9572,-1.272550583,-0.059555564
9573,2.683891058,1.462868214
9574,-1.319437385,-1.102136612
9575,0.071775712,-2.956051588
9576,0.087295718,-0.478516281
9577,0.326719522,0.582860947
9578,-0.070192046,-0.308375716
9579,1.357265115,-1.412014246
9580,-0.131431788,-0.061272390
9581,0.754906714,-0.108703025
9582,0.147476837,0.500785708
9583,-1.432962656,-0.355924129
9584,-0.649252355,-0.147892118
9585,0.242532611,0.589844584
9586,0.792513549,0.163464352
9587,4.057852745,-3.171726942
9588,-1.313521028,0.023285037
9589,0.128562719,-0.277811617
9590,0.243998289,-0.495909452
9591,-0.294519037,0.090597063
9592,0.450818598,0.675473690
9593,0.156556368,-1.704277992
9594,0.589903653,1.107781053
9595,-0.110780239,-0.608906686
9596,0.423125267,0.139530391
9597,0.747487426,0.561273634
9598,-0.308410585,0.719854355
9599,1.940624595,2.505134344
9600,2.723791361,-0.721603930
9601,1.466135144,-1.242937803
9602,0.256185919,0.441394717
9603,-0.232292533,0.071150281
9604,0.161913916,-1.267110825
9605,0.247917190,0.895332098
9606,0.487510711,2.620019674
9607,-0.682879388,0.422075778
9608,0.439671606,0.181480393
9609,2.093015432,0.672933936
9610,-0.080232777,-0.240035102
9611,1.588367105,0.407764077
9612,-0.690087080,-1.265132666
9613,-1.844437838,0.948663592
9614,0.216468796,-2.121268988
9615,-1.109691501,-0.091576718
9616,-0.255431563,0.834005594
9617,-0.808462977,-0.027986715
9618,-0.102531768,-0.212439090
9619,3.469809771,-0.063727014
9620,0.294001877,0.102592498
9621,-0.020679204,-0.253119916
9622,-0.500490248,0.083941042
9623,1.125513792,-2.592860460
9624,0.208724126,2.944855928
9625,-1.475979328,0.896280050
9626,0.396714687,0.903415501
9627,1.017011642,0.453038454
9628,-2.042495966,1.114003062
9629,-0.256737709,-0.443358153
9630,0.016978705,0.947071493
9631,0.901044071,0.802819788
9632,-1.747495413,-1.497110963
9633,-0.813945413,-2.300249577
9634,0.939578950,-0.710008740
9635,-0.017392436,1.754763722
9636,0.715292811,-0.510141373
9637,0.304073542,-1.254098773
9638,-0.752115846,0.276315182
9639,0.289194465,-0.895319939
9640,-0.206913933,1.061857462
9641,-0.859009624,0.976250529
9642,-0.290413469,1.186387658
9643,0.713312745,1.918511987
9644,-0.868907392,0.257463634
9645,0.800475657,1.059529662
9646,-0.672818363,-0.202880308
9647,0.182381019,0.212852687
9648,-1.215811372,2.568660259
9649,-0.721475661,0.905838192
9650,-0.143921152,0.118603095
9651,-0.780448914,-2.237955332
9652,-1.952811122,-1.113154531
9653,-0.014438977,0.083238967
9654,-1.722084641,1.198697329
9655,-1.297267437,-0.429823756
9656,0.637878478,1.242829561
9657,-2.007243395,4.355708122
9658,1.212984324,0.990042567
9659,-0.407857239,-2.463669062
9660,-0.469348460,0.007158169
9661,-2.741105080,-0.050572455
9662,1.180368423,-1.256952882
9663,-1.412865877,-0.156711340
9664,-0.898165584,0.344260335
9665,0.351982266,0.936822236
9666,1.234741807,0.576364517
9667,0.779987812,-0.820193589
9668,1.233176947,-1.624690890
9669,0.702983499,1.168953657
9670,-1.101239800,-1.748121738
9671,-0.217222840,0.029094266
9672,1.227686524,0.113689691
9673,-0.776469111,-0.580547869
9674,0.068159156,-0.628331959
9675,-1.068233132,-1.061503053
9676,-2.045105696,0.813739419
9677,-0.944875240,0.322817534
9678,0.506368160,0.655709445
9679,0.103296109,-0.124701552
9680,0.310823202,-0.178415313
9681,0.740779281,0.535999000
9682,-1.518358827,2.134852409
9683,0.652117014,-0.382511824
9684,2.840385914,2.038041592
9685,0.523502767,-0.514413536
9686,-0.122168653,-0.589978158
9687,-1.636158824,0.854193509
9688,-0.364345014,-0.524559498
9689,-1.090992332,1.089323521
9690,1.170211673,0.801724553
9691,1.643406868,0.362237006
9692,0.511886120,0.929316103
9693,-2.150967836,0.561382353
9694,-0.107636549,2.877169132
9695,1.272318840,-0.499944299
9696,-0.288586974,0.179019153
9697,0.399246424,-0.885636747
9698,-0.216614231,-0.160480514
9699,-1.251421452,-0.537999988
9700,-0.355076730,1.313103080
9701,-0.785784304,0.152861759
9702,-1.008996725,1.955813050
9703,-0.101674728,0.047189236
9704,-1.364075065,0.476125747
9705,0.269730866,0.448591322
9706,1.201742291,0.522049546
9707,0.883609533,-0.268907994
9708,0.084791355,0.859175563
9709,-0.291871786,-0.210537389
9710,-0.161258802,-0.776037872
9711,2.369396210,-3.682935953
9712,2.690881252,3.001843929
9713,1.243302941,-0.771289945
9714,-0.901451826,1.138098359
9715,-1.798639774,-0.196229443
9716,-0.863248050,0.586530447
9717,-0.482110888,0.388301998
9718,0.719780087,0.943314314
9719,0.085461400,1.063966870
9720,2.410130739,-0.996996105
9721,0.191786498,-0.161760598
9722,-0.213709071,0.999183476
9723,-0.109399788,-0.029193524
9724,0.650987685,-0.817161024
9725,-0.289432168,0.081754155
9726,1.924062848,0.199463874
9727,0.932314873,-0.548840880
9728,0.056537334,-0.150687158
9729,-0.433393747,-0.323283434
9730,0.111089163,-0.414236218
9731,1.024812102,1.525942445
9732,-2.046041727,2.075388670
9733,-0.111040428,0.433499038
9734,0.298418105,0.749338865
9735,1.270434141,-1.156579971
9736,-2.185871601,-1.033094168
9737,-2.518382788,-0.807752013
9738,0.816099465,-0.541255713
9739,0.890458345,0.950398028
9740,0.105049193,-1.018271565
9741,-1.093748569,-0.265791923
9742,-0.138237551,-0.653175771
9743,0.219743252,-2.883924007
9744,1.051768899,-0.421649784
9745,-0.647759199,1.194724560
9746,1.663721919,-3.011772633
9747,-0.573647499,1.728813410
9748,0.234700546,0.431880951
9749,-0.195377097,0.170831576
9750,-0.207948714,1.598277926
9751,-0.696030736,-0.994169354
9752,-0.623097420,-2.032251596
9753,2.639683008,-2.565631866
9754,-1.175443769,-1.306663871
9755,-0.190649256,-0.095305532
9756,0.219230607,0.716965437
9757,-0.584325075,-1.027970552
9758,-0.247771204,-0.956045032
9759,-0.824258149,-0.779949427
9760,-1.411581159,0.982921898
9761,2.416669369,-0.565013289
9762,-1.558829784,1.202108145
9763,-1.701073050,-0.015164980
9764,-0.253771096,-1.092401505
9765,-0.107911162,-2.510989666
9766,-2.988460541,0.885043502
9767,-0.652394354,-0.678330541
9768,1.186366916,0.120972991
9769,0.331526905,-1.697030187
9770,1.313934088,-2.119823694
9771,-0.378504306,1.465556979
9772,1.729266644,0.570779443
9773,2.031962156,1.952425003
9774,1.023092985,1.266430855
9775,-0.009316319,1.349837065
9776,-0.122908026,-0.690030158
9777,0.678937495,1.427604198
9778,-1.013684392,-1.562226295
9779,-0.349229813,-0.876615942
9780,-2.063562632,-0.305233419
9781,-0.734292626,-0.697444737
9782,1.105782390,1.595640421
9783,0.514192641,-0.260726154
9784,2.036300659,0.534775555
9785,-0.472355783,0.584918320
9786,0.211969629,0.531927109
9787,0.984464705,0.418603092
9788,0.667594790,-0.106189258
9789,0.002541399,-0.262314498
9790,0.334466547,-0.624681890
9791,0.305609345,-0.293835133
9792,-0.178147301,-0.634079814
9793,1.294479012,-0.730508685
9794,0.835110307,2.224178076
9795,0.175808147,-1.692263365
9796,-0.656185925,-1.916772842
9797,-0.843509257,0.042840194
9798,-0.370431691,0.775518417
9799,1.312178135,-2.121702909
9800,-0.973813355,1.192875981
9801,1.187386513,-1.003889322
9802,-0.969351470,0.713815272
9803,0.420576572,-0.199935138
9804,-0.327291131,1.618238091
9805,-1.481912971,-2.194972038
9806,0.385295987,-0.741103590
9807,-0.159515694,0.081237696
9808,-0.976131439,0.251209766
9809,-1.734304786,-0.091822132
9810,0.225913882,1.129619360
9811,-1.492601752,0.543843806
9812,1.486144781,0.102117240
9813,1.814741135,1.385646701
9814,0.211322993,1.073715687
9815,3.507683992,1.641305089
9816,1.206041098,1.652994156
9817,0.626084685,0.155176327
9818,2.040770531,1.015027165
9819,0.113581397,-2.008227348
9820,-1.331412435,0.936901093
9821,-0.308724970,-0.274721652
9822,-1.598116755,0.111178622
9823,-0.935924709,-1.001928449
9824,-0.223402351,-2.125360727
9825,-0.488154382,-3.208315372
9826,3.329406261,-0.219545990
9827,1.223129630,-0.241113439
9828,1.324813843,0.991071403
9829,1.644457102,-0.906103253
9830,0.777508616,-0.168976709
9831,0.157500297,-0.339146763
9832,-0.162018210,-1.638759017
9833,0.338643700,-0.503402352
9834,-0.193161502,-0.606384575
9835,0.278520435,-0.903760850
9836,-0.265813679,-1.727713704
9837,-0.511508524,0.529079258
9838,0.778048337,0.406060666
9839,0.283823699,-0.916021466
9840,-0.182260871,-0.022640264
9841,-0.747918069,-0.589836836
9842,1.518028140,-1.901375175
9843,-1.465160966,2.255148172
9844,-0.825775027,-0.321232349
9845,0.148541898,0.428198069
9846,1.198593378,-1.570540547
9847,0.356994450,0.622552514
9848,-1.218454242,0.108906373
9849,-0.286791682,-1.088942409
9850,2.516242981,1.772016048
9851,0.922457218,-0.393979102
9852,-0.203245297,0.481494725
9853,-0.137583300,-0.888188541
9854,-0.865484536,-0.417300731
9855,0.308338583,-0.842525899
9856,-1.825797439,0.086822554
9857,-0.675077200,-0.055499472
9858,-0.646508813,0.842327952
9859,-0.380258799,-2.656433105
9860,0.188037872,-2.204544067
9861,0.719987035,3.429092169
9862,-0.801844358,-3.256783247
9863,-1.743714571,2.220432758
9864,-0.656480551,-2.098756075
9865,0.279576004,-0.093867600
9866,2.047693014,2.083406925
9867,-1.277051687,1.726364374
9868,0.365260571,0.137826264
9869,0.044863503,-1.238742232
9870,1.453171253,-0.611516535
9871,0.757863462,0.222165927
9872,-0.168711931,-0.033502966
9873,-0.012259988,-0.477120847
9874,1.922710299,0.186933830
9875,1.706274867,0.197677061
9876,0.258611590,0.087402247
9877,0.857543468,0.439789116
9878,0.781480789,-0.052915785
9879,-0.175907284,-0.201686084
9880,-0.573189199,2.469595671
9881,-1.791184664,1.841278791
9882,0.467719853,-0.447278678
9883,0.529705405,-1.148443580
9884,0.666841269,-0.126623735
9885,-3.526741982,-2.536316395
9886,0.356290013,0.464870274
9887,-0.623866558,0.550805271
9888,-0.976824045,1.207667470
9889,-0.734341383,0.384291500
9890,-0.937549353,-1.174213171
9891,1.416556835,2.367985964
9892,0.853657782,2.288532734
9893,-0.130174518,0.672748744
9894,-1.129005194,2.486578703
9895,0.745208323,0.676913559
9896,1.468943834,-0.826107800
9897,-1.227547526,-0.495881826
9898,-0.764629841,0.149547860
9899,0.134203002,0.269879937
9900,0.503535509,-1.599787593
9901,0.928179562,0.529970527
9902,-0.376401901,0.466738850
9903,-0.033767689,1.438392758
9904,1.235241532,-0.637603343
9905,-1.479317307,-2.158349037
9906,-0.657920241,0.469920665
9907,-1.611540794,-0.851630330
9908,-1.775215149,-3.178894997
9909,0.225141674,1.121555328
9910,0.169781744,-1.953022003
9911,0.219086587,0.457821190
9912,0.194793731,-1.523940086
9913,0.023998477,0.366389215
9914,-0.100853182,-1.236953497
9915,0.294742376,1.001071930
9916,1.201290846,-0.063380554
9917,-3.371931791,0.833800972
9918,0.676467776,-1.023377776
9919,0.540848196,-0.611165822
9920,-1.632683873,1.316873789
9921,2.230267048,1.157344699
9922,-0.219915807,-0.101959623
9923,0.078871213,-0.336954415
9924,1.332816839,2.161540031
9925,-0.163786843,-0.148398310
9926,-1.162296534,0.751865208
9927,-0.550969064,-0.461265802
9928,-0.247731924,-1.170395255
9929,-0.255010813,0.085844308
9930,-0.342968434,1.344338655
9931,2.508298635,0.392436743
9932,1.351401329,2.551245213
9933,0.913838446,-0.913876832
9934,1.060098052,-0.610578775
9935,-0.820072055,0.963378429
9936,-0.285408258,-0.441326380
9937,0.545810699,0.138835728
9938,-0.494079381,0.758817971
9939,1.065483689,0.430573404
9940,0.468805045,-0.323815525
9941,-0.289045572,-3.215037107
9942,-0.791371584,-1.178680897
9943,-0.951498330,0.957925022
9944,-1.110906720,2.897069931
9945,-1.058938980,2.506931067
9946,-2.880627155,-1.161568642
9947,1.985772491,2.893914461
9948,-1.923875809,0.611666441
9949,0.210963264,0.327256858
9950,-0.096909709,0.891947389
9951,0.480901331,0.793745041
9952,-0.522321939,-0.568944216
9953,-2.011292934,0.005271602
9954,-0.188401699,0.058372345
9955,1.252468109,2.213783264
9956,-0.166722849,-3.103083611
9957,0.078037001,1.085572958
9958,-1.556185722,-0.144717574
9959,1.655093789,-0.791217268
9960,-0.519017577,-0.529345334
9961,1.507657409,0.553847373
9962,-0.889843941,-0.012290386
9963,0.843968272,-0.567200422
9964,0.715954423,1.058266878
9965,-0.365834355,0.378395885
9966,2.213381529,-0.956452250
9967,-0.771866202,1.612362146
9968,-2.665940046,-1.583239198
9969,-1.015289664,0.413276166
9970,1.023487210,-0.472280085
9971,-0.001603432,0.067341529
9972,-1.393332958,1.535187721
9973,-0.890252292,0.357239902
9974,1.300340652,0.662968516
9975,-1.302040935,-0.601814449
9976,-1.011099577,-1.654921055
9977,-0.934078932,-0.222138584
9978,0.193032354,-0.813789725
9979,-2.521370888,0.035777647
9980,0.673646510,0.048918627
9981,-0.517676294,-0.532826245
9982,-1.729981780,-3.457454443
9983,-0.446706712,-0.538078249
9984,0.751720846,-1.245647550
9985,-0.024000240,1.244916916
9986,0.197591364,-0.176547244
9987,-0.430427790,-0.364370286
9988,-0.408142358,-0.052514587
9989,0.871370792,-1.068498731
9990,-2.376578569,1.843699217
9991,-3.284848213,-0.594078183
9992,1.368179202,-1.231312275
9993,0.024297334,-0.921317458
9994,-0.593462527,-1.016621351
9995,0.088125013,-0.593925536
9996,2.024291039,-0.561443031
9997,1.976002693,0.562884450
9998,0.118110366,-0.198461011
9999,1.140613317,0.683727086
