index,acc_x,acc_y
0,1.28886008,0.213519156
1,0.496600211,-1.26727891
2,-1.27385557,0.596903741
3,1.9453913,0.12788552
4,1.55396593,-1.23733199
5,-0.103580922,0.446514308
6,-0.79672581,2.22229576
7,1.81625855,2.31206536
8,-1.05493128,0.0207804888
9,0.51560533,-1.2041415
10,-0.0944829583,0.311030358
11,-0.716673613,1.10372102
12,0.752011061,-1.33585167
13,-0.215386733,0.885540724
14,0.226663202,0.644129872
15,0.232786402,0.333390802
16,1.6813097,-0.556462944
17,-1.66252387,-1.71397126
18,-1.24424195,1.06138873
19,-0.130256563,0.18669185
20,-2.78113461,-0.623900473
21,0.344214469,-0.102281794
22,0.523448467,1.24446964
23,-0.739007533,0.0748645216
24,0.620642602,0.330534965
25,-0.032062009,-0.520430505
26,0.577685654,0.101604722
27,0.441769779,0.839746177
28,-0.844457924,-0.321464986
29,-0.445327997,0.169491425
30,-0.531010449,0.137728989
31,0.939260244,1.82877684
32,2.10536647,1.14678383
33,-0.166502774,0.699489951
34,-0.0362308063,-1.36197591
35,-0.478039056,0.25485152
36,-1.21114528,-0.77374202
37,-2.80366588,0.756446481
38,0.0313121453,-0.153826371
39,0.317718834,-0.127816021
40,1.65977097,0.169759586
41,0.340479612,1.60641241
42,-0.693411946,0.561592817
43,-0.0641425699,-1.2835381
44,1.15531015,0.376476169
45,-1.83339059,-1.10455847
46,-0.0166643579,0.223143488
47,0.310068637,0.481957585
48,2.10721087,-1.70421612
49,-2.30879498,2.08491755
50,1.00640881,-0.470127583
51,-1.58652306,1.06178629
52,2.60664082,0.112799756
53,-0.720471501,-0.297875762
54,0.687303722,-0.895813882
55,0.147555694,-0.193019092
56,-0.384386748,1.59140575
57,-1.13412464,-0.548035383
58,-0.131788835,1.77297103
59,1.82249641,0.129328579
60,1.40051746,0.0503278337
61,1.44770038,0.866541922
62,0.801458776,-0.217403263
63,2.16891098,-0.908292234
64,-1.53626812,0.540260732
65,-0.329723597,-0.47993961
66,0.436348408,0.166827992
67,-0.288345158,-0.228726268
68,0.780105114,-0.0625492409
69,0.256218165,0.600786805
70,1.88104701,-1.30183852
71,-0.750825822,1.04431355
72,-0.977038801,1.73981214
73,0.22384657,0.664072454
74,-0.36875397,-2.61267328
75,1.99866951,-1.93948424
76,-1.04696655,-0.950145364
77,-4.38940144,0.214045227
78,1.0519495,0.369054407
79,-1.78494477,-2.09375858
80,-1.27274132,-1.67989647
81,-0.762515247,-0.157328919
82,-0.480340302,-0.782775462
83,0.403984278,-0.0525626242
84,0.157901332,-0.0543990508
85,-1.40553856,-1.05816197
86,-1.24288809,1.60492802
87,2.69410992,-2.62239194
88,0.964900732,-2.29025888
89,-3.55465293,-2.40688658
90,0.542420208,-0.536395967
91,-1.48020744,-2.51360416
92,-0.540146112,0.744113207
93,-0.10587284,0.664181948
94,-1.52719355,1.5962429
95,2.72054982,-1.47017062
96,-0.30639109,0.230210274
97,0.953502536,0.98857975
98,1.11811709,0.567732573
99,0.252051234,0.107263289
100,-1.24266982,4.11993551
101,-1.07725537,-0.324478775
102,-1.51786113,0.402300358
103,-0.816577435,2.57601118
104,0.340869278,-0.0618797392
105,-0.0339600965,0.0704951584
106,0.326809108,0.235977754
107,-0.267415822,0.708047032
108,0.376578569,1.36965656
109,-0.744743705,-0.332710266
110,1.75689149,-0.0844103247
111,1.49431825,1.92939126
112,-1.64998972,0.478058159
113,2.24108386,1.99901068
114,1.7576766,-1.73607624
115,-0.702410042,-0.477729797
116,-0.110634364,1.88188708
117,-1.47040391,-1.00192714
118,-0.250772536,0.217693284
119,1.24404562,-0.463157892
120,-0.111396492,0.513815761
121,1.55260289,2.4339571
122,-1.25567818,1.67261636
123,-1.90901113,-1.60725629
124,0.602715969,-1.0276705
125,1.33677804,1.71739471
126,-3.61945009,0.622221172
127,-0.216463923,-1.87481892
128,-2.70458055,-1.47932243
129,0.132192492,-1.19589317
130,-0.4055264,-1.44828415
131,0.105352677,1.75446773
132,1.2586323,0.204021037
133,0.527246296,0.242110163
134,0.353138566,0.256089717
135,-0.312235624,0.0466590114
136,-0.645285487,-0.300188541
137,-1.84478533,1.52864003
138,-0.316785216,0.198345959
139,1.09524179,0.377913803
140,-1.26237237,0.905791342
141,-0.872010529,0.239314377
142,-0.164842516,-0.115173444
143,-1.45251799,0.264853358
144,3.56392884,-2.60859156
145,0.104817137,0.434419841
146,-0.677617908,-0.209939092
147,-1.08378232,-1.20694733
148,-1.20124698,-0.272193342
149,0.935848534,-1.39968038
150,-0.102862716,-0.739691198
151,-0.138838008,-0.679400444
152,0.170599014,0.737416208
153,-0.208597705,1.40305305
154,1.02996171,-0.921292186
155,-0.785909295,1.08718932
156,-1.17708635,-0.0430088192
157,-0.745344281,-0.46067673
158,1.64355993,-1.31891608
159,-0.575021803,-1.17987108
160,-0.0467093922,-1.25678074
161,-0.33176595,-0.297810525
162,1.82439458,-0.293317795
163,-0.0813159868,1.37169182
164,-0.281930774,-1.59299111
165,-0.514983833,-0.0875951871
166,2.29262543,-1.20018148
167,0.795360208,1.08443832
168,-1.97216225,1.87919092
169,2.65498376,-0.9169662
170,0.829659879,0.756821454
171,-0.869149745,1.00560331
172,-0.849087536,1.03403282
173,0.686864436,0.753528297
174,-0.83760047,-2.13965249
175,-0.992112458,-1.2704531
176,1.76931691,0.158582926
177,-0.503533006,0.598389089
178,-0.39860931,-0.72722131
179,-2.06678295,-1.60532498
180,2.05959988,0.450587451
181,-1.18489754,-0.835095286
182,-0.331684113,-0.682529211
183,1.18737352,1.23593497
184,1.30152082,0.257094949
185,1.90882742,-0.614079654
186,0.242913529,-0.466730267
187,1.96931672,1.4585005
188,0.661970496,-0.0241839867
189,1.2173301,-0.493186504
190,0.76185137,0.102003358
191,-0.892086804,0.487972051
192,-0.884165585,-0.422298759
193,0.016219195,-1.54572201
194,1.36007893,1.4607048
195,2.31351185,-1.41113508
196,0.696514845,-0.300898969
197,-0.578135788,-0.369081229
198,0.504617691,-0.668750882
199,-2.49164152,-0.723151922
200,1.77276433,-0.035330791
201,-0.476595968,0.250774652
202,0.364630193,0.287325174
203,0.309054613,-0.976267159
204,0.142204687,-1.44522476
205,0.624479711,-0.278968155
206,1.06465375,-0.00127865246
207,-2.18768692,-1.36401474
208,0.283783227,-0.537829041
209,-1.2428503,-1.51330781
210,-0.511554956,0.742570937
211,0.363805145,-1.02794242
212,-0.253287882,-0.662274837
213,-0.638275266,-0.246742517
214,-0.945111036,0.166850701
215,0.662975729,-0.921656072
216,-2.06120491,-0.131780103
217,1.97194993,-3.80073953
218,-0.251734287,0.078977488
219,-2.40749717,-0.724619389
220,2.00640655,-1.00273156
221,-0.205738395,0.331826717
222,1.62392509,-0.181144878
223,2.67300868,0.489343137
224,-3.93665624,-2.70724797
225,-1.53231335,-1.15759754
226,2.89490128,-0.332468718
227,1.68893433,0.782722175
228,0.19236958,1.20047224
229,-0.861249328,0.963160753
230,-0.119806491,2.15388203
231,0.0112899067,-1.84469593
232,2.26849699,1.67405677
233,-3.09310985,0.376909465
234,1.81209266,-2.02469277
235,1.20792198,2.52137232
236,0.855719745,0.998470187
237,-0.535140634,-3.59297538
238,0.794010282,0.371694535
239,1.02340412,0.0417114012
240,-0.768551111,1.36940455
241,-1.47976995,0.145600483
242,0.296969146,-0.580464125
243,-0.548838615,1.38785958
244,-1.19641995,0.729261875
245,-1.4027828,-0.527813077
246,0.0655770227,-0.253849685
247,-0.439707339,0.0185903814
248,-0.722023487,0.612338305
249,1.15831459,0.994201124
250,0.56453371,1.76391876
251,1.15654051,-0.302095383
252,-1.78209341,0.588343918
253,1.44000328,-1.80038917
254,0.134095803,-0.392122954
255,-1.18999958,-1.26043177
256,3.14535499,-0.334311664
257,0.000210719372,-0.101969466
258,-0.54747051,-0.112132594
259,-0.0411265679,0.248588637
260,-2.01087284,2.93024611
261,0.0933324024,-0.139097586
262,-0.11356207,-0.36517939
263,0.869142711,2.19428587
264,1.26434338,0.861062825
265,1.20838964,-0.836659968
266,0.222476557,-0.276009709
267,-0.103530325,0.19075188
268,0.118870482,-0.180637971
269,0.519204736,-2.19621921
270,0.349733919,0.20242852
271,-0.0482894517,-0.686881721
272,-0.220272943,-1.75512302
273,2.09048867,2.46819472
274,0.0462852158,0.275273532
275,0.201275527,-0.365858823
276,1.24339461,0.547278762
277,-0.623775303,-1.30949986
278,-4.534904,-0.217721596
279,-0.558753908,0.145891473
280,0.0134603446,0.271332741
281,-1.86699474,0.983888507
282,0.744899809,-0.325768799
283,-0.659230888,-0.800526083
284,-0.194525138,-0.0451288633
285,0.514321327,0.635177374
286,0.520165384,-1.80668962
287,-0.355304062,0.877020538
288,0.330716521,0.583452404
289,0.0947967842,-0.577899456
290,2.20918632,-1.92498815
291,-0.0450408012,-0.245103344
292,-2.14381504,0.68762809
293,-1.00202632,0.2342159
294,0.674202621,1.5451864
295,0.0270452164,-0.310363114
296,0.5571087,0.00670641707
297,0.335812837,-0.126180351
298,-0.518697202,0.103195779
299,-0.545085967,1.27886403
300,-1.50647628,-2.84876633
301,0.802345991,0.284392118
302,0.0402746089,0.176658645
303,1.19039643,-0.449344695
304,-0.236350849,-0.6316818
305,0.15122135,1.27292252
306,0.153274432,0.10142494
307,-0.640117705,1.14104497
308,-0.829089046,-0.950586855
309,0.0954611525,-1.08163142
310,1.37619328,0.983524799
311,0.0211633481,-2.99819422
312,0.829027712,-3.55476809
313,-0.0986222103,-0.154862329
314,1.53522944,-1.62599695
315,0.101718359,1.5663538
316,-0.149761006,-0.309023619
317,-0.671191335,0.43642959
318,0.112801202,-0.00454337988
319,2.24783111,1.12872505
320,0.301458806,-0.776714027
321,-0.0109644979,-0.207179859
322,1.35545528,-0.251544774
323,-0.0199573282,-0.970555246
324,1.81820989,-1.14579523
325,0.249262959,0.154259995
326,0.912673593,0.432114929
327,0.338003397,-0.590429485
328,0.7330212,-0.161482677
329,-1.53410244,-1.83505666
330,-1.53001463,-1.07392406
331,0.756910026,0.22107777
332,1.33963287,-3.14651847
333,-1.66828918,1.69357955
334,-2.95494866,4.1991806
335,1.8968749,-2.41967773
336,-1.33422458,0.216311067
337,1.39935839,-0.0974653661
338,1.23579967,0.859173179
339,-0.872950912,-2.15287089
340,0.228152007,-0.36552006
341,-0.024353208,-1.32124639
342,0.991704643,2.05186057
343,-0.0844335556,-1.31403852
344,0.238747627,-0.589575052
345,1.01125264,-0.287003726
346,-1.15283704,1.61582363
347,2.07855773,-0.025590023
348,-0.112836145,-0.037554305
349,0.601520836,2.08864975
350,0.012531573,-1.88154066
351,-0.874384701,-1.55123377
352,-1.54595268,-0.129869282
353,0.59965837,1.03827786
354,1.09881246,-0.300936282
355,1.98121774,1.25417364
356,0.560448527,2.6524899
357,-0.103177033,0.735245347
358,-0.279073,-0.958446503
359,0.712825119,1.40372729
360,-0.110405982,0.517588735
361,0.669410586,-0.586436212
362,-0.858778238,-1.11888123
363,0.156650662,0.881192148
364,1.02967596,0.210446253
365,-0.822948217,-0.377614647
366,1.20955718,-2.67343211
367,-2.17373443,0.891928017
368,0.711800814,-1.0550729
369,1.87355769,-1.60778427
370,-0.65805465,0.512483001
371,0.225572258,0.114069715
372,0.57689327,0.136036634
373,-0.184967801,0.368914455
374,-0.316914916,-0.136470839
375,1.71527112,-0.360352129
376,0.665314615,2.11592269
377,0.635812283,-0.0503230393
378,0.316287935,0.267091185
379,0.103412971,0.191703483
380,0.855426252,1.35181725
381,-1.3858459,0.968372107
382,-0.095184572,-0.267210543
383,-0.13179791,-2.38217258
384,1.03292334,-0.180713356
385,0.631231904,-0.665653884
386,0.695432723,1.46802974
387,-0.771162868,-0.746982098
388,-0.367320716,-3.13079357
389,-0.270751297,-0.567483842
390,3.29243422,-2.17712855
391,-0.613121748,-0.521700978
392,2.90337968,-0.282839924
393,0.977014184,-2.46418285
394,0.916339755,0.164574683
395,3.81410766,1.03827667
396,-0.113053061,-3.02471256
397,0.0213546343,-1.55887926
398,-0.118996061,-0.34231028
399,-1.32828963,-0.298146635
400,-0.709091902,-0.771209061
401,-0.715003729,-0.592736602
402,1.55282295,-0.642946482
403,0.0905599892,-0.134207994
404,1.7798394,2.41541409
405,0.393948495,0.611167133
406,0.375608325,1.11998343
407,2.30310273,0.955084264
408,1.08649218,-0.880543649
409,-0.128869206,-2.16072822
410,-0.501639783,-0.654618442
411,0.043960724,0.84980762
412,1.23432553,-0.596592486
413,-0.634981155,1.84193122
414,-0.24232243,0.87813729
415,3.46374679,-0.679979086
416,-0.108807541,-0.632057846
417,0.523803771,0.218047678
418,1.08858824,-0.498785436
419,0.307309449,3.2620728
420,-0.587489605,3.30574727
421,0.103335179,-0.166920736
422,0.140379205,-0.0734879225
423,0.393235058,0.0613038465
424,-1.25847793,-0.801264048
425,-1.46862209,4.47306633
426,-1.29945087,1.08204961
427,0.0137327788,-0.454950303
428,0.602809072,-0.319287151
429,-1.1327374,-0.781236351
430,0.217986152,0.295246422
431,-0.614042938,0.266859084
432,-0.23647286,-0.195352837
433,-1.49501741,-0.809179485
434,0.186078563,-0.183359459
435,-2.81698108,0.461842149
436,-1.48385072,0.480533451
437,1.02215004,1.47639823
438,1.75407851,-1.52550387
439,-1.69659805,-0.233875647
440,1.19818819,-0.205596566
441,-0.0584565774,0.893678367
442,0.0648920685,1.88866103
443,-1.04701805,0.258656263
444,0.634177923,0.208701536
445,3.22529531,0.488058537
446,-0.871650815,-0.365361363
447,1.88442481,-0.597618341
448,-1.59708238,-1.89659584
449,-0.386408269,-0.338028073
450,0.875644088,3.01339865
451,-2.09488225,0.319734126
452,-1.77501929,0.261989236
453,0.585316658,1.50169027
454,-0.828717768,0.142523274
455,-1.44424915,0.420654088
456,0.748703301,-0.339985073
457,-0.359705418,-0.327585816
458,0.640771449,0.0112688672
459,-0.422330976,1.11094022
460,-0.939815998,-0.518418729
461,0.242456615,-0.309152663
462,-1.02093077,-1.30683923
463,-0.441342056,-1.79347074
464,0.332336843,0.618539155
465,1.1512022,1.09600806
466,2.34222722,2.13627386
467,0.370431602,0.994903803
468,2.51233125,-4.4375453
469,0.0451940708,0.557907045
470,-0.267029136,-1.74800205
471,0.135637492,0.112303756
472,1.58400369,-0.844374597
473,0.239200324,0.387273788
474,0.239210859,-0.521883368
475,-0.0595540069,-0.250516683
476,0.0118224276,-2.07385302
477,3.22517228,0.616776764
478,0.699798286,0.133162767
479,-0.940223515,-0.643550456
480,-2.29837823,0.0957296863
481,0.6218701,-0.421708792
482,0.94378829,-0.593102813
483,1.08551979,2.85103941
484,-0.0488170721,-1.42022121
485,-1.01978552,-0.0674671978
486,-0.0854975581,3.23471546
487,1.24549091,0.406847119
488,0.593991101,1.37100446
489,-0.234950885,0.068289198
490,1.3576442,-0.606832981
491,-1.95094013,0.881117165
492,0.289292812,0.0242794286
493,-0.096143581,0.248369336
494,-0.0283281766,-0.447639823
495,-0.993525028,1.73452914
496,1.79189241,0.562352419
497,0.142055452,-0.262821704
498,-0.45913285,1.76952541
499,-0.181615666,0.0864167735
500,-0.710565269,-2.6647532
501,-0.6508044,0.121013395
502,0.475820333,-1.40021026
503,-0.733278513,0.778018951
504,-1.25268483,0.285985678
505,-0.732483208,-1.95557463
506,0.369104594,1.78145981
507,0.335733056,-0.90095681
508,0.276215732,0.178559363
509,-0.804322004,1.99938214
510,-1.35141194,-0.740754962
511,0.510251403,1.55181003
512,0.194414869,0.345650375
513,-0.195362523,-0.489532053
514,0.086949639,-2.29933572
515,0.0841535553,0.437513053
516,2.5592382,-0.62244767
517,0.0841773599,0.148417503
518,-0.357480079,2.98566461
519,-0.749570549,0.73454541
520,0.753798544,-1.62579703
521,-0.754491448,0.331830949
522,-0.20809789,1.41894305
523,1.24862111,0.263013899
524,2.65061212,-0.245616347
525,-1.01596332,-0.898438454
526,-0.31017229,-0.888847113
527,-1.25076866,-0.412055999
528,-0.719252527,-1.14155138
529,3.32404566,0.623035014
530,0.280520529,-0.599990785
531,0.126103878,-0.144634053
532,2.31118703,-0.694747865
533,0.481418669,-1.04554009
534,2.42976522,-0.89637965
535,0.867418706,-0.509521663
536,-0.201068193,2.43704391
537,2.19221807,-1.26545584
538,1.46702409,0.758088827
539,-0.284523487,0.547697425
540,0.266376108,-1.46450686
541,-0.96701622,1.24318635
542,-0.412207037,0.0490397401
543,3.47987127,0.915190935
544,0.756203234,0.368763864
545,-0.406602651,-0.233071223
546,-1.3997134,0.257956862
547,0.448654741,0.166288123
548,0.711164594,-1.15507936
549,-0.531926453,-0.277566999
550,-1.4193089,-0.947004139
551,0.329324931,1.6106962
552,0.460432172,-1.9424032
553,-0.337926567,-0.00976220984
554,0.942557037,-2.04669809
555,1.60906219,-0.183186904
556,1.08321679,0.440920681
557,-0.362191111,2.42717433
558,0.0670903325,-0.197835848
559,-1.3549366,-1.87264311
560,0.0421690755,-0.15410307
561,0.0454437733,-0.256004244
562,1.54183316,-0.451646537
563,-0.139277503,0.174510404
564,1.00823724,0.633419752
565,1.25579274,-1.32069397
566,2.00605226,-1.02384663
567,-3.02115846,0.949313879
568,0.188218564,2.53390336
569,-0.326970667,-0.0655613765
570,-1.96653116,-0.819121242
571,-2.07699585,1.22329438
572,-2.00040674,-0.383455366
573,1.62391865,0.596096098
574,-1.33803582,0.00252684113
575,0.873562276,0.457595438
576,-0.231165126,-0.83241874
577,-0.644915104,0.445254862
578,0.091706641,-0.648404896
579,-0.0963175595,-1.67226589
580,-0.912497878,4.14460802
581,0.0936220884,-3.08572483
582,1.71514833,2.04601717
583,-0.131535232,0.892260194
584,-0.432747334,0.111464947
585,0.663545966,1.5601356
586,0.313179433,1.47413647
587,1.26355445,-0.62105751
588,-0.453864992,1.27460766
589,-0.765628159,-1.45286477
590,2.30293369,2.04486895
591,0.0139457006,-0.324483454
592,-0.53907758,0.588773012
593,0.225491002,-0.0118064405
594,-1.73498714,0.364988774
595,2.93215847,-1.51368141
596,-3.6479845,1.08722639
597,1.1038543,1.84715283
598,0.373310626,-1.44445634
599,-2.39600158,0.409373999
600,0.92177707,0.34119609
601,-0.69323343,-0.586018801
602,-1.28630888,-1.68476939
603,-0.459944248,-0.106613196
604,1.28598177,-0.711965501
605,-2.20180964,2.26938748
606,-0.707946122,-3.52787304
607,-0.36618036,0.176521629
608,-0.105381407,-1.06970656
609,-0.98049438,-0.476172507
610,0.107046217,-1.21542931
611,1.47762465,1.6428268
612,-2.07039404,0.735574603
613,2.95631361,0.390166283
614,-1.20100522,0.869100094
615,0.425805598,0.925697982
616,-2.48395252,1.49558401
617,0.826571643,0.546877205
618,1.16970932,0.152615294
619,0.923834264,0.386982948
620,-0.37575835,1.76250517
621,1.43095863,0.283022821
622,-0.559905231,-0.3417916
623,4.36307907,1.97446573
624,-2.34849215,0.0983225778
625,-0.882675529,0.516625047
626,-1.57362199,2.13918352
627,1.88730979,1.50787592
628,0.977151871,-0.547778189
629,0.980189204,-0.0126396837
630,-0.131915003,-0.12056461
631,-1.14009976,1.00643754
632,-0.617910445,0.52030158
633,-2.59015965,-0.77084887
634,1.09694934,-0.410295248
635,0.619532347,1.11327386
636,0.442868233,-1.12957692
637,0.131004483,0.00207201368
638,-1.21408486,1.03170609
639,0.0672356188,0.14816615
640,0.300614089,-4.31269741
641,0.699517846,-2.16298842
642,-2.44973278,1.0072242
643,1.21082187,1.06847608
644,0.409578651,-0.0113105653
645,0.693368673,0.354757041
646,0.983928382,1.08091581
647,-1.03989613,3.32903528
648,0.88463062,-2.53501487
649,0.616118431,0.561148405
650,0.9571172,1.58882594
651,-0.0220856629,-1.82956457
652,0.0309496317,-0.31572938
653,-0.789192736,-0.53840661
654,0.0596174411,1.94914091
655,-0.534277797,0.382537037
656,1.26626599,1.17509747
657,0.167560995,0.56752044
658,-1.10869765,0.179226562
659,0.35266313,-0.738518119
660,-1.62795007,2.61872745
661,0.435171187,3.75036192
662,-0.190250248,0.0920234099
663,0.97195363,-0.346228391
664,-0.94457531,-0.822026193
665,0.647252619,0.194986865
666,-0.145708174,-0.203082174
667,-0.363673449,0.164481103
668,0.0382355228,0.947772384
669,0.175755054,0.116207168
670,0.0900666416,-0.157415748
671,-0.672300994,-0.177771136
672,-0.91815424,1.61407769
673,-0.806203544,1.15058076
674,-0.423340946,-2.32821941
675,-0.123365492,-0.195362166
676,-0.858975649,0.535610735
677,-1.6538496,-2.10296321
678,-1.11110342,-1.10722256
679,-1.64997029,-1.19731951
680,0.999715388,1.62557173
681,0.344616413,-3.22623396
682,0.229183093,0.33895582
683,1.08238935,0.475079536
684,-0.186727941,-0.547459066
685,0.297944695,2.27528477
686,-1.81860054,-0.844192803
687,1.41474593,-0.370557398
688,1.24193895,0.33531189
689,-0.0890179798,0.36685738
690,-0.208623603,0.477111757
691,0.477375865,-0.588965833
692,0.427401334,2.12619925
693,-0.325265586,-1.15713274
694,-1.78863633,-1.89267063
695,-0.381997079,0.85311389
696,2.48673534,2.13331103
697,-1.68196261,0.402071238
698,0.439317137,1.08073092
699,-0.479193866,0.283300012
700,0.162943766,0.461379558
701,-0.579070687,-1.162974
702,-2.89707613,0.579435289
703,-0.579722703,2.55191755
704,-0.696428239,-0.530854583
705,-1.73970854,1.00412512
706,-0.378414899,1.41275918
707,-2.96951032,0.427759498
708,0.40034917,1.5223372
709,1.5795821,0.969169438
710,-0.459283829,3.11696935
711,0.116526969,0.573135793
712,-0.178011149,-0.184301108
713,2.18657112,-0.197707012
714,1.20767093,-1.23155415
715,-2.54703093,0.777050734
716,0.0638461113,1.71204507
717,-0.0382643715,-0.54953146
718,0.86310792,-0.0817288533
719,-0.418787479,-1.34044456
720,0.683620155,-0.861833036
721,0.660300791,-0.286929697
722,-0.89032048,-1.4232949
723,-0.258769393,-1.13656092
724,-0.303176761,-0.0451775789
725,-1.38406932,0.353917748
726,-0.528487742,-0.90556097
727,0.216282487,-0.370586723
728,-1.70970631,-3.60840511
729,2.23024201,2.33464742
730,1.76416123,-3.28594685
731,0.100252375,0.333827972
732,-1.08089912,1.32752049
733,-0.158810601,0.135268524
734,-1.54526794,0.314926267
735,1.07026267,3.13694263
736,1.26166928,0.0774208754
737,-1.36576807,0.961813509
738,1.31738389,0.695893109
739,1.1026721,0.142215207
740,-0.145122796,0.46523425
741,-2.47951365,0.758967519
742,-0.799023569,-0.275500625
743,1.01581585,-0.0639564618
744,-0.382742494,0.41465345
745,2.7147491,0.154472202
746,0.456497163,-1.09855199
747,0.155974671,0.426835299
748,0.10640265,0.351980537
749,0.917023063,-1.00146735
750,0.847676158,0.801271915
751,2.22460842,0.682602167
752,-2.24038553,-1.76148999
753,0.168157831,0.192364588
754,-0.64377898,0.363399088
755,1.74255562,-0.715792775
756,1.33839929,-0.390192986
757,0.373205304,-0.358962119
758,1.83828819,-1.89415252
759,0.919051766,-0.853487611
760,0.263481796,-0.104220524
761,1.34401786,-0.532761633
762,0.758228958,-1.12137103
763,0.780441523,0.59540391
764,-1.8974421,0.326195002
765,-1.11065161,-0.0317963548
766,2.47970057,2.49354506
767,-0.391753763,0.443043619
768,0.0861954018,0.338294268
769,-1.76214349,-0.24972181
770,0.839892209,0.44073689
771,0.361159444,0.965885401
772,2.71836162,-0.106204331
773,0.3463296,-1.69435918
774,-0.0901360735,-0.312718332
775,1.75723827,0.986982346
776,-0.0676724985,-0.487958282
777,-0.809106171,-1.02062833
778,-1.3903811,0.295697898
779,-0.0778693929,0.640526652
780,-0.435663223,-0.536574244
781,-0.139446139,0.163126707
782,-0.0468556061,-0.493537337
783,-1.59315109,0.851108611
784,-0.546390057,0.666149557
785,0.82504338,-0.586279929
786,-0.198162451,0.800185382
787,-1.6970619,-0.669287562
788,0.929928124,0.574471831
789,-0.488733858,1.9783814
790,2.65095234,1.1647079
791,-0.531823158,-0.643979609
792,1.76863682,-0.447376907
793,-1.01724291,2.18384147
794,0.236062437,-0.394595087
795,0.55818367,0.875466168
796,0.626361907,-0.122819014
797,-1.2644943,-0.744400144
798,-0.437198222,0.546135664
799,-0.687756717,0.773558915
800,-0.90493995,-0.0379109308
801,-0.137422532,0.23693648
802,0.246868029,-1.0070262
803,0.159678236,-0.0308284536
804,0.352009773,-0.98982513
805,-2.02234983,-2.48280382
806,2.80285335,-1.07877851
807,-0.294760197,-0.501930237
808,-0.268696159,-2.02849436
809,0.520475328,0.150635928
810,-0.314549327,1.26667869
811,0.784390271,-0.737136066
812,3.3562994,2.72348189
813,-1.21390426,-1.15209007
814,0.185231537,0.0742926151
815,-2.75086784,1.75145876
816,0.417006642,-1.50927627
817,2.45590425,0.643406093
818,-0.785466969,0.716201186
819,-2.22626162,-0.0595898628
820,0.98799634,-0.225984082
821,0.300855845,0.160698429
822,0.192933962,0.305949003
823,0.500640333,-0.25041306
824,-0.559686184,0.972040415
825,-0.387166739,-0.531742871
826,0.0345178805,-0.194878638
827,-0.709386349,-0.984105468
828,-3.00734544,1.18690765
829,0.654319525,-0.558229864
830,0.0354953445,0.513902485
831,1.87230456,0.15001902
832,-0.918790579,-0.291342586
833,0.37306571,0.559240341
834,-0.0687371343,0.345182627
835,-0.427472711,0.710789323
836,-0.253266633,-0.0718964189
837,-0.447740644,-0.6861341
838,-1.22411764,-0.405070364
839,-0.617266834,0.262072325
840,-1.11897123,-0.113175541
841,1.27854919,-0.222913295
842,0.99111104,1.94679987
843,0.358702481,-0.140771553
844,-0.119771726,0.295329243
845,-3.05831003,0.953464329
846,2.00791812,-1.24297571
847,-0.0210355669,0.88954258
848,0.139027417,-0.500448287
849,-0.800303876,-0.0982451439
850,-0.994084775,-1.50628483
851,-0.219094977,0.0612763576
852,0.68552798,2.12162113
853,0.869551301,-1.35114217
854,-0.116951659,-0.114575572
855,0.749138355,2.63065791
856,-0.353676379,0.0720063671
857,1.42028165,-1.19881058
858,-0.8798365,3.33443213
859,0.944583893,-0.587809265
860,-0.061143782,-2.40334558
861,-0.789989233,2.25595069
862,2.20159578,0.510376573
863,-0.220951185,-0.692261875
864,-2.06944036,0.120477773
865,-1.2204777,1.98864591
866,0.246088713,-1.48475635
867,1.19529402,1.00904465
868,0.231507123,0.204366744
869,-0.612721562,0.880471885
870,-0.03891984,1.03015423
871,3.01906586,-0.452881187
872,-0.369328707,0.437386692
873,-1.00292981,1.80081439
874,-1.37239027,0.94636631
875,0.678373933,0.322515428
876,1.00121045,-0.841097891
877,0.0972708091,0.33816728
878,0.244219109,-1.15416503
879,0.63013196,-1.85763836
880,1.21813154,0.329824448
881,0.0523320735,-0.64046067
882,-1.59984362,-0.124126308
883,-0.703077793,1.26020241
884,-0.0718831271,0.547488213
885,0.165687144,-1.44536054
886,0.631180048,0.0978955254
887,-0.338349849,-1.7036382
888,0.595579565,-0.750641882
889,0.965147078,-1.87232852
890,0.226975769,0.653243423
891,1.21849835,-1.03171945
892,0.871636689,-0.119136788
893,-0.153092638,-0.223822638
894,-0.358327478,-1.26614356
895,-0.203134477,1.62701738
896,0.434289783,-0.794459462
897,2.25602388,1.78408253
898,-2.13930345,-0.544788122
899,0.615703523,-0.15375869
900,-1.54903591,-2.37850547
901,-1.22978556,1.20766318
902,-0.678442717,0.769623399
903,1.90338957,-0.276496232
904,1.43965209,1.21094739
905,-0.238512591,0.00837983191
906,-0.822459579,-0.0778876171
907,0.118761763,0.356555611
908,-0.801127195,-2.77035618
909,0.23097159,0.680255711
910,0.410000503,0.144705221
911,-0.360240698,-1.68881965
912,0.337432653,0.753246188
913,-0.914496899,0.668286026
914,-0.425688148,1.27382147
915,0.703380048,-0.673839927
916,0.390835375,-1.72751486
917,-0.0744582638,-0.217047855
918,0.169621557,0.671485245
919,0.153382048,-0.00831840187
920,1.58528483,0.98117137
921,-1.06671739,0.803738832
922,0.369717479,0.740494609
923,-0.486045927,-0.0020475213
924,-1.27584636,0.433945894
925,0.169897765,-1.41105568
926,0.761788785,0.671808124
927,-1.35864866,-0.753144741
928,0.275384933,0.101731025
929,-2.30733943,1.67742288
930,-0.282972217,0.53868854
931,0.0197880697,1.66648448
932,0.384944141,0.241597936
933,0.423032135,0.0807980374
934,-2.11210585,4.00496769
935,0.0138441296,0.997070074
936,-0.135778502,-0.746688783
937,-0.741108358,-0.316604584
938,3.54914379,-1.33732843
939,-1.38076997,-0.0329288878
940,0.48082605,-0.730025649
941,-0.197023407,-0.169899017
942,0.00742870849,0.726780474
943,0.134790137,1.6106708
944,0.217428446,0.153787434
945,-0.350926965,1.36097527
946,0.795839548,0.435988247
947,-1.24127531,-0.733155727
948,1.72974467,-1.21894073
949,0.0612271912,0.461011946
950,-0.92512387,1.17118406
951,-0.415210038,-0.955969095
952,0.064015992,1.79647362
953,-1.35633469,-2.79456854
954,-0.294809192,3.0829041
955,0.614795685,-0.705165982
956,0.887316823,-0.312094748
957,-0.826461732,0.767920196
958,1.11924469,0.388220519
959,-0.485968351,-1.72038209
960,-0.927477956,-0.812124312
961,-0.168615699,-1.70999408
962,1.51436746,-1.20288122
963,-1.89760005,-2.19146013
964,-1.05705559,0.153489575
965,0.836955607,2.16994691
966,-2.60712934,0.0794506893
967,-0.813505709,0.448591948
968,0.745480299,-0.579978108
969,-0.0604133233,0.485672086
970,1.33089626,1.0666126
971,-0.290562719,0.633514822
972,0.455780625,0.560582936
973,-0.874177754,-1.56267846
974,2.57863283,-1.30758202
975,0.21363619,0.89138788
976,-0.265446454,-0.206326842
977,-2.4312737,-1.12923014
978,0.514341772,4.96631479
979,-0.213929698,-0.418837458
980,-1.45384109,-1.20207143
981,-1.23673892,-0.712744892
982,1.12133431,-0.886542141
983,0.325702697,-0.325784594
984,-0.770250857,0.833148241
985,-1.14435935,0.939217925
986,0.581371725,3.81533742
987,2.14265203,-1.23393798
988,0.110037416,1.29426968
989,-0.146379486,-0.120983213
990,0.14665103,0.0848217309
991,2.47131515,1.4033612
992,-1.19315159,1.26097906
993,-0.225353196,-0.168709964
994,2.15587759,1.11906874
995,-1.24494934,-0.452152282
996,0.223502487,-0.156889334
997,0.542320848,-0.547619998
998,-1.15311694,0.926180959
999,-0.566025436,-0.247412145
1000,-0.562395155,1.02729654
1001,0.545743048,4.66897392
1002,1.20814538,0.550097406
1003,1.31446755,-0.990870655
1004,-2.97571588,-2.39890051
1005,2.20808744,-1.19831204
1006,0.207098991,-3.29905295
1007,-0.0289823301,-0.425205588
1008,-0.455795288,-0.750309527
1009,1.36151493,-0.685232639
1010,0.819638431,0.823323131
1011,0.247652844,1.00774992
1012,1.77671254,-0.601530492
1013,0.0908877179,-0.648477376
1014,-0.721207201,0.300072253
1015,0.435533106,-0.581954956
1016,-1.64617598,-0.805972397
1017,-0.75997752,2.08175778
1018,1.83416045,1.68922055
1019,0.855621159,-1.63274395
1020,-2.10396314,1.81794441
1021,2.47234511,2.00237131
1022,0.545744002,-0.839730144
1023,0.737811565,-0.223879442
1024,-0.00618527131,-0.705382049
1025,0.341584474,-1.21702564
1026,2.68227935,1.56478155
1027,-0.633293808,-0.396227986
1028,-0.187525913,0.881571174
1029,0.925223708,-2.84615517
1030,-0.249383435,-1.617679
1031,-1.32809663,1.44601965
1032,2.54681301,0.104823738
1033,1.8710562,-1.22605813
1034,-0.803890288,-1.98557901
1035,1.32953501,0.472372144
1036,2.83106947,-1.73414385
1037,1.49465883,0.88074708
1038,0.075453423,-1.84283793
1039,-0.890611947,-0.309973598
1040,0.160751656,0.11498218
1041,-0.559665442,0.9340083
1042,0.281883836,0.736045718
1043,-0.128813073,0.358233094
1044,-0.332351506,0.429110855
1045,0.730160296,1.96227992
1046,-0.521891296,-0.718699753
1047,0.80028969,0.99189353
1048,-1.88211513,-2.19741583
1049,-0.505191684,-0.38976562
1050,0.475017935,-0.673942566
1051,-1.04656661,-0.403183728
1052,-0.0399801321,0.285043716
1053,0.188791245,0.0274320729
1054,0.0167506021,-1.27133799
1055,-0.63903141,2.30117774
1056,-0.164993495,-0.435588509
1057,-2.31293988,0.172999233
1058,0.466810465,-0.314887643
1059,-0.183223352,0.20575425
1060,-0.304638892,1.20903063
1061,-2.02535748,-0.481417775
1062,0.271439582,0.47366336
1063,-0.0544972308,-0.177989334
1064,-0.572379768,0.786780477
1065,0.40441823,1.54168773
1066,-1.38278103,1.87325633
1067,-0.945845187,-0.299830496
1068,0.599045813,0.540365398
1069,-1.20178366,-1.01979232
1070,-0.377639055,-0.0669398755
1071,-0.995244682,-0.856642783
1072,0.485141158,-2.59110022
1073,0.156055301,1.15606451
1074,-0.916228235,-0.799863815
1075,0.861517906,-1.03389847
1076,-1.18138909,-1.07797468
1077,1.07042074,-0.954563856
1078,-0.571935534,0.380731374
1079,-1.27518308,0.416024268
1080,-0.49875924,0.149796873
1081,1.11268663,0.0834923089
1082,0.651344478,-0.0503100418
1083,-0.0181815047,-0.581861079
1084,-1.38687217,0.690681159
1085,0.342672497,1.17331731
1086,-0.404727638,-0.0811893716
1087,-0.593583286,0.86245507
1088,-2.00081182,-0.0163471233
1089,-0.765109301,-0.766744852
1090,-0.489460737,1.5812093
1091,1.04278815,1.7311753
1092,0.16457738,0.0240230598
1093,1.04082096,2.44234085
1094,-0.412520677,-0.849482119
1095,1.66693628,-1.64885437
1096,-0.982762873,0.715417385
1097,-0.63875556,-0.500664771
1098,0.453879774,-0.602687657
1099,2.71310997,-1.65697968
1100,2.95713139,-1.88806868
1101,0.253866881,1.16993141
1102,2.54582405,0.148074016
1103,-1.55487847,-1.47330487
1104,-0.484789282,-0.267395854
1105,0.0211464688,1.38172257
1106,0.692643702,-0.612354636
1107,0.0988540873,1.19510615
1108,0.0372723266,-0.187105939
1109,2.61421299,-1.18996334
1110,0.992502332,1.00312757
1111,-0.0110131064,0.729317605
1112,-0.997107983,0.0113047501
1113,-0.149221167,-4.30449963
1114,-0.59646678,2.6841948
1115,0.248119086,0.766260207
1116,-0.63639915,0.23189421
1117,0.546034157,-2.17879868
1118,0.911960483,-0.91543746
1119,-0.263872772,0.451410174
1120,0.234377325,-1.07762134
1121,2.65418172,-0.692479849
1122,0.045737166,-1.31251001
1123,-0.159558252,-0.610398829
1124,-0.1195319,-1.05900061
1125,-2.38540864,-1.13089311
1126,-0.0812721252,-0.348076016
1127,-0.358137131,-0.351362109
1128,-1.11028779,0.147742301
1129,-1.42772961,0.27387929
1130,0.5415079,0.641810954
1131,-0.965449274,-1.87693954
1132,0.660826445,1.90450513
1133,-0.40021798,2.57382464
1134,0.343886793,0.0247563701
1135,2.06584239,-1.15449333
1136,-2.27663875,-0.724747121
1137,0.13041611,1.40958858
1138,-0.702255607,1.06684756
1139,0.475833476,-0.990496039
1140,0.160774305,0.82905966
1141,1.38296258,-0.175578535
1142,0.99085027,0.910800695
1143,-2.0985465,1.50501275
1144,2.17699194,0.705514312
1145,0.341804773,0.280664623
1146,0.937461495,-2.73339963
1147,0.98042655,0.525556982
1148,-1.52572143,-0.61474514
1149,0.121252298,-1.4643712
1150,-0.171005666,-0.622145951
1151,-1.3020941,-3.73070645
1152,-0.773076653,-0.742664516
1153,-0.800646365,2.86486292
1154,2.28160715,-1.29874921
1155,-0.237710163,-0.741996765
1156,-0.458173275,0.31184563
1157,1.89955294,1.43503082
1158,0.718019247,-1.10995865
1159,-0.429702997,0.996419728
1160,1.41217327,-0.536081612
1161,0.329043806,-0.846312106
1162,-0.944779158,0.559397697
1163,-0.139002055,-1.26147306
1164,0.110231727,-0.204304114
1165,0.135841668,0.439736784
1166,0.604248643,0.65158534
1167,0.15526481,-1.94906902
1168,-0.552332759,0.552863121
1169,0.400649846,0.0973156244
1170,-1.03918028,1.6399796
1171,0.203587756,-0.76921916
1172,0.632992685,2.08532453
1173,-1.06324327,2.77114677
1174,-1.92766368,0.0172387715
1175,-0.528597414,2.09707451
1176,-0.560566008,2.38780379
1177,-0.110192493,-0.574873507
1178,1.72703052,0.0157424621
1179,-1.2431705,1.09788597
1180,-0.233045146,0.208572567
1181,0.138963416,1.88139093
1182,2.3615098,0.493839741
1183,0.999213696,-0.642024636
1184,-0.267156661,0.285088897
1185,1.09181559,0.148418814
1186,0.144634381,-0.215860397
1187,-0.282669961,0.953444183
1188,0.590480328,1.2970525
1189,0.42173329,-0.616358936
1190,-0.422730297,0.220037296
1191,-0.456193298,-0.738271832
1192,-0.173643872,-0.0558059774
1193,-0.35613063,-0.119274743
1194,-1.87209666,-0.462091774
1195,-0.661269128,-0.369465649
1196,-0.128021032,-0.965266466
1197,1.9368813,-1.32506847
1198,-0.577854276,-0.815724134
1199,-1.83465052,0.0129473507
1200,2.10711694,-0.420786917
1201,0.436401874,-0.300580561
1202,-0.0810937583,-0.146852925
1203,0.754039347,1.35041976
1204,0.437193543,-1.32695663
1205,-0.056066744,1.20955777
1206,0.188068658,0.0509194732
1207,-1.21902549,-1.06306469
1208,0.668483078,-0.913101256
1209,0.988495827,-0.41763556
1210,0.854341984,0.398492962
1211,-3.44850349,1.3759172
1212,-1.4533447,-0.719325185
1213,-0.0347483754,0.182273895
1214,-2.65659451,-1.02150095
1215,-1.18514252,-0.707270503
1216,-0.542604268,0.532273352
1217,-0.596507609,-1.84694171
1218,0.398821831,0.0430378504
1219,0.120833047,0.0890268534
1220,-0.332801789,-0.063174516
1221,1.63864899,2.2136867
1222,-0.152478024,-1.09482217
1223,-0.14757356,0.658639491
1224,-0.496994615,-0.583632648
1225,-3.50131917,1.58422875
1226,1.13397467,-0.961445391
1227,0.0577743873,0.688549876
1228,0.588999569,1.1186502
1229,1.50777221,0.497414798
1230,0.0783760399,0.0271901917
1231,-0.529265463,0.189979792
1232,0.614286184,0.814677596
1233,-1.53157401,-0.165308893
1234,1.2280916,1.01621795
1235,-0.155160204,0.100894786
1236,-0.23686263,-0.177589163
1237,-1.27961636,-0.458772272
1238,-0.477922797,0.394017905
1239,0.00531499973,0.151873782
1240,3.17763138,-0.124585398
1241,1.70474601,0.359790623
1242,-0.0755525082,0.186948016
1243,1.81579137,-0.368620962
1244,1.68764615,0.207285285
1245,-0.730199516,-0.126369208
1246,3.23441124,-0.0102139842
1247,-1.56413174,-0.100554667
1248,0.111057371,0.401219457
1249,-1.32515645,-1.85316575
1250,1.78703904,2.57857513
1251,-1.10895133,1.34638202
1252,-1.58273613,0.575785935
1253,-2.09884882,0.109121919
1254,1.15092838,1.05937266
1255,-3.24322081,0.751698196
1256,0.00517378841,0.277712405
1257,0.55765605,0.946509123
1258,0.580665529,0.510001004
1259,-0.173749194,0.427930295
1260,-0.817332864,1.05402684
1261,-1.81980729,-0.803722739
1262,0.0232661311,-3.68508959
1263,-1.21936512,4.00540924
1264,0.992079496,-0.747848809
1265,0.49479866,0.424660504
1266,-0.483715147,-0.324856013
1267,-1.36740339,-1.69525266
1268,0.721061051,0.149657935
1269,0.400254518,-2.1832521
1270,1.09677851,1.27101409
1271,-0.140352875,0.6895504
1272,-1.06233299,0.291783631
1273,1.49726903,0.229970738
1274,-0.0655355603,-0.29579547
1275,-0.442583323,-3.27326226
1276,0.130293801,-0.219339624
1277,-1.87306595,1.29394209
1278,-0.903403759,-0.234921619
1279,0.252364248,0.173562258
1280,-0.76840651,0.719366729
1281,0.0532949306,1.19295001
1282,-0.682259977,0.268334687
1283,1.05052054,1.62854707
1284,-0.0404428504,0.492058814
1285,0.143739983,-0.198694974
1286,-0.375784963,-1.01180255
1287,1.57702053,-2.31852341
1288,0.944389522,-1.52774537
1289,1.47550285,-0.00508023845
1290,-0.675801277,-0.0319544747
1291,0.207483664,0.495235234
1292,-0.990362227,0.379693329
1293,-1.33072555,-0.399464875
1294,-0.510772884,1.12896729
1295,0.365777671,-0.327092677
1296,4.35075951,-1.21419764
1297,0.530619323,-0.112786174
1298,-0.365791231,-1.3681736
1299,-0.334802181,0.233729944
1300,1.58121896,-1.10595572
1301,2.01975107,-1.18816209
1302,0.442937255,0.876725495
1303,0.164296776,0.72517693
1304,0.936270595,-1.78349876
1305,-0.406237572,1.08345413
1306,-1.55333579,-0.387075245
1307,-0.818237484,-0.950918198
1308,1.41431701,-1.66858006
1309,1.04934216,0.978274584
1310,-1.12475646,3.22111702
1311,2.33865047,-1.61431623
1312,0.842313826,-0.581365466
1313,0.510970294,1.65699208
1314,0.3964369,2.03241277
1315,0.90884912,-0.111167893
1316,1.31801832,0.0644839928
1317,0.0120303808,-0.332537055
1318,1.57945287,1.33667088
1319,1.99586952,-1.81442738
1320,-2.29051304,0.0912129134
1321,0.934297681,0.0520036258
1322,0.456866622,-0.991573334
1323,-0.631190062,1.12689495
1324,-0.573383272,0.877800882
1325,0.266559064,-0.193220899
1326,-0.138258412,-1.0448693
1327,-0.504061162,-1.09992766
1328,-0.260103703,0.0976584926
1329,3.31976438,1.63837206
1330,0.0904262066,1.6711731
1331,-0.546559334,0.460044563
1332,1.940449,-1.87395418
1333,0.326298237,-0.813459694
1334,0.672637582,0.0972566903
1335,2.93388653,2.97260356
1336,-0.855309606,0.827296078
1337,-2.22354126,1.43326056
1338,0.3257294,0.0395677648
1339,-0.0494786128,-0.114245258
1340,0.241610676,0.136273399
1341,-1.64131308,-1.82029927
1342,-0.321615815,-2.11854815
1343,2.21568561,-1.68974781
1344,1.05455947,-0.0645974353
1345,-3.00243688,1.03059876
1346,-1.71317565,0.589744568
1347,-0.673717618,1.00452173
1348,2.46385813,1.42897999
1349,1.19232464,0.20257467
1350,0.346769929,1.16631866
1351,1.10496616,-2.19253302
1352,1.30952621,-0.37370044
1353,0.0215427671,-0.201332122
1354,-3.15852666,1.83066785
1355,-1.33508563,-0.908408046
1356,-0.930290639,-0.409146845
1357,-0.770539582,-1.07739317
1358,1.36348534,-1.05614519
1359,0.0906984359,0.267439455
1360,-0.801216125,0.219832301
1361,1.03682947,-0.0106775798
1362,0.214638576,0.441430628
1363,3.02918172,-0.722645938
1364,-0.466338396,-0.717372417
1365,-0.167938724,-0.386999577
1366,0.728419363,-1.12631035
1367,-1.34209251,-0.170030266
1368,0.796784639,-0.389547557
1369,0.664330959,-0.907443345
1370,1.48495543,1.56803858
1371,-1.43833959,-0.546405435
1372,2.42395544,2.41093802
1373,0.350143433,0.0597761571
1374,-0.428144395,0.0151346046
1375,1.0964365,2.39014387
1376,-0.157598913,-0.13795498
1377,-0.124080129,0.0298294127
1378,-0.632631183,-0.88060683
1379,-0.139921561,0.625478446
1380,-1.46954668,0.0586136617
1381,0.229347154,-1.46860063
1382,-1.3916651,-0.373424977
1383,-0.260897458,-0.0600060001
1384,0.56456697,0.334303737
1385,1.07045996,0.533339679
1386,0.653598249,-0.738380671
1387,0.710711956,1.18722045
1388,-1.22740173,0.322293639
1389,0.0370175205,0.653541684
1390,-1.02217913,1.15856421
1391,-0.160258144,-0.0952794179
1392,-0.235798851,-2.10690594
1393,1.88695526,0.723202348
1394,-1.05078661,0.714738727
1395,-0.140371457,0.920112014
1396,-0.15454337,0.460150719
1397,0.433781981,-0.358492553
1398,1.06231463,-0.725637794
1399,0.437971532,0.360852897
1400,-0.0232214089,0.457349747
1401,0.980156898,-0.596818149
1402,-0.518902302,-0.0224990845
1403,-0.792144775,3.37435937
1404,-0.0806117654,-0.785860956
1405,0.818810523,0.423161566
1406,1.04341543,-2.70272517
1407,0.095444046,-0.350907803
1408,-0.348298192,1.48551404
1409,1.65391266,1.7991668
1410,-0.935035706,1.96576917
1411,-1.99397421,-0.32873103
1412,-1.96170819,-0.813712537
1413,-1.35228705,-1.37626886
1414,1.73164737,-1.16212213
1415,0.248893201,0.352196902
1416,-3.3929584,0.717693925
1417,0.902851045,-0.0273227561
1418,-0.175476566,-0.419629872
1419,0.128607079,-2.79162979
1420,0.0836749971,0.786704123
1421,-0.154249862,2.13067579
1422,1.3618412,0.626138151
1423,0.949585319,0.581836164
1424,-0.984598875,2.4430337
1425,3.601583,-1.8318063
1426,0.412763953,-0.283654392
1427,-0.678740382,0.641485989
1428,-0.126681328,-0.107327335
1429,0.771395266,-2.04443002
1430,-0.834754705,-0.974653065
1431,0.345869809,-0.350758702
1432,-0.524611175,1.33117652
1433,0.640164435,-1.0849489
1434,-0.246571124,-0.914483488
1435,-0.0175938047,0.225671962
1436,1.03513432,-0.980074406
1437,-1.9972229,1.90949047
1438,-0.186284095,0.857979715
1439,-0.554920673,0.166886151
1440,-0.844409585,-1.07534575
1441,-0.662746072,-0.706349313
1442,-2.29305243,-0.166707024
1443,-0.401409149,-0.320544749
1444,1.47289896,-0.36654985
1445,-0.804081619,1.1838342
1446,-0.586880088,-0.990478277
1447,0.690707386,0.570291042
1448,-1.51280534,-0.922764301
1449,-1.90616155,0.0534875803
1450,-0.398384452,-0.0877155662
1451,-3.29740691,0.195898235
1452,-1.71823466,1.27119374
1453,2.8212719,1.64484882
1454,-0.344729483,-2.09983873
1455,1.29392374,-0.00160789257
1456,1.14386594,-0.782001257
1457,0.46103552,-0.541922629
1458,0.369011045,0.123141319
1459,-0.720371008,0.461924165
1460,0.600564361,0.837707102
1461,-1.54729748,-0.296832085
1462,2.01374054,0.152480155
1463,1.25788414,2.5188117
1464,-2.77656579,-0.131510943
1465,-0.946211457,-1.58432829
1466,-0.601689339,0.487708986
1467,-0.125070214,-0.278683692
1468,1.48698997,0.00736862235
1469,0.386840284,0.144144386
1470,0.674470603,-1.12236273
1471,0.298452079,-0.579975128
1472,1.36443543,-0.886362791
1473,-0.226353914,-0.399620384
1474,0.220994055,0.10580229
1475,-0.382999182,0.820848823
1476,1.7449708,-0.944804132
1477,-0.448207021,-1.31271315
1478,0.886211157,0.83027631
1479,0.584664166,-0.744071245
1480,-0.739602923,-1.63502407
1481,0.207037091,0.308305681
1482,0.27973637,-0.0240002405
1483,0.970772743,-0.515815079
1484,-0.452257484,-2.90777111
1485,0.356530786,-1.24113894
1486,1.18742633,-1.69572926
1487,-0.0359912068,-0.193785727
1488,-0.260065496,-0.804683566
1489,-0.454584569,-0.592321575
1490,-0.409396857,-0.557365537
1491,0.381726652,-0.136739448
1492,1.07740986,0.536648154
1493,-2.2957859,2.10958409
1494,0.433714658,-1.02360737
1495,-0.339411765,0.587176681
1496,-0.155832991,-0.359858006
1497,-1.90704966,-0.464538604
1498,-0.954491794,0.522125959
1499,-0.0721993148,-0.219499618
1500,-0.0158947669,-0.81381619
1501,1.55541217,-0.6666857
1502,2.73877907,0.702005923
1503,0.265498966,1.8588742
1504,-0.46986407,2.84121442
1505,0.0988778546,1.95107472
1506,-0.196207806,-0.49723202
1507,0.0771411434,0.751550317
1508,0.556482255,-0.0790094584
1509,0.322127342,-0.296885639
1510,-0.145354047,0.0134207299
1511,0.965792239,0.721173525
1512,-0.94805336,-0.534441292
1513,-0.0265302267,-0.745724082
1514,-2.09219694,1.35593414
1515,0.362769514,0.762731194
1516,-1.66337514,-1.36032808
1517,0.0319957025,0.186137199
1518,0.306294382,0.491414338
1519,-1.51014102,0.5200966
1520,-0.55891192,-1.37747335
1521,-0.788747191,0.158699021
1522,0.159281045,0.277144402
1523,0.443840414,-0.259272665
1524,-0.412532389,1.21350157
1525,0.373422056,-0.523622334
1526,1.20566773,-0.38658151
1527,-0.114591837,1.5098896
1528,-0.466569901,-0.427133858
1529,-1.02179217,0.0139501076
1530,-0.906249166,-0.0499715135
1531,0.534525633,-2.07516885
1532,-2.92803335,-0.289524555
1533,-1.85248435,-0.38722381
1534,1.06405067,-0.599056721
1535,0.428854406,1.61729741
1536,1.22669709,-2.7186656
1537,0.516160488,1.91168499
1538,2.37486124,2.3190918
1539,1.19776952,3.36583304
1540,-0.76415199,0.749390066
1541,-0.595143914,-0.62440747
1542,-0.528433084,1.55806613
1543,-0.844456673,-0.188898996
1544,-0.442964494,1.5546633
1545,-1.11153376,-0.536496401
1546,0.493336856,0.457320392
1547,-1.00081789,-0.752912223
1548,0.234126911,-0.233246163
1549,0.561074555,-0.319336921
1550,-3.53262258,0.0801696181
1551,0.498888016,1.35836267
1552,1.09335399,1.19551241
1553,-0.714937806,0.0767347515
1554,-0.189075574,1.31335628
1555,-0.567786217,2.46090317
1556,-2.12206125,-0.943146408
1557,1.52775705,0.428604037
1558,0.829261899,-1.07330859
1559,2.6273458,0.596349001
1560,2.75733614,-0.20366554
1561,-2.37591195,-2.15894246
1562,-0.383738875,1.25647664
1563,-0.110123187,1.43285751
1564,2.12258697,-2.43309474
1565,3.06787872,1.99761903
1566,0.349713683,0.608344972
1567,-0.518582106,0.583370149
1568,-0.515106201,-3.09372044
1569,0.631011724,-0.58663404
1570,0.711810291,2.1729722
1571,1.54358625,-2.95299149
1572,-0.186457574,0.524047077
1573,-0.286440521,0.363102227
1574,-1.65836358,-2.32395029
1575,0.153499618,0.471996695
1576,-0.00513077574,-0.922783911
1577,-1.25563562,-0.386393219
1578,-1.51567709,-0.439287513
1579,-0.350911856,0.872480273
1580,-0.0272595063,-1.12337124
1581,1.15575588,0.491093397
1582,-0.980855405,0.878930867
1583,1.18912804,-0.843878448
1584,-0.811798453,-2.20742178
1585,0.450113893,-1.56909084
1586,-1.08899128,1.00704896
1587,-0.318949729,-2.14531994
1588,1.57801187,0.160605744
1589,-0.592413068,-0.198748738
1590,0.4829624,1.0565331
1591,0.5982548,0.545513928
1592,-0.0842135251,-0.151660234
1593,0.280513376,-0.677099109
1594,-0.413895398,1.10115325
1595,2.48632216,1.30643976
1596,0.706668735,0.995783865
1597,-1.0322417,-0.93208921
1598,-0.0717751607,0.849350929
1599,-0.316604495,0.394188732
1600,0.181002587,0.16185838
1601,0.862577796,-0.867206573
1602,-0.802743375,-1.07984197
1603,-0.364285827,-0.531324863
1604,-0.796227813,-0.651533604
1605,0.968644679,-0.106716089
1606,1.29938948,2.37593579
1607,-0.643641353,-0.19729884
1608,0.727067947,-0.485405922
1609,-0.146838814,-0.443338186
1610,0.837545037,-0.0472764
1611,-0.740931153,-1.10906565
1612,-0.490984619,-0.304826021
1613,0.86988306,0.668891311
1614,0.0388622507,0.19188723
1615,-0.890629053,-1.79660416
1616,-2.64581251,-0.573562086
1617,1.51327729,-1.39020348
1618,-1.63888133,-0.880492449
1619,-0.699557662,0.697172463
1620,-1.52207446,-0.160864413
1621,-0.222821325,0.333710521
1622,0.920772493,0.285073787
1623,0.143670559,-0.205298394
1624,1.76592922,1.63040102
1625,-0.40430209,0.047011517
1626,-1.60528684,-1.94890451
1627,1.84525728,0.87933284
1628,-2.23026252,-0.628954172
1629,0.113121748,-0.647707283
1630,-1.36831141,-0.495222002
1631,-2.10396004,0.745084345
1632,0.740484476,-0.104858622
1633,-0.177286342,-0.00312419632
1634,-1.37282801,-1.14021516
1635,0.438121557,1.57267213
1636,2.13045788,3.32107806
1637,1.39546227,-0.569829941
1638,0.902329862,3.64734244
1639,-1.1395303,0.127584696
1640,-0.284134209,-3.38337088
1641,0.286746383,0.232751563
1642,-0.259480149,0.583494961
1643,-0.239382207,-0.613752007
1644,-0.351995409,0.525268018
1645,-0.440468132,1.22361839
1646,-1.22146451,1.1996274
1647,1.25734317,-0.0387127474
1648,-1.05449438,0.540442109
1649,1.56983149,-1.16441655
1650,0.765022755,-0.52968353
1651,0.139891922,0.533498406
1652,0.719486177,-0.840262055
1653,-0.773138404,0.594657898
1654,-0.104183368,-0.637731194
1655,0.200296208,-1.54929233
1656,-0.450752825,0.303561538
1657,-0.310798377,-0.0721046105
1658,-0.729436696,-0.910808027
1659,0.533669114,1.08672464
1660,3.6626792,0.337425053
1661,1.06406999,-0.313935488
1662,0.935545981,-0.0695366189
1663,-0.0704353601,-2.07374024
1664,-0.211111069,-1.34282684
1665,2.12882829,-1.1258378
1666,0.420162439,-0.189786568
1667,-0.00782703329,1.9108963
1668,0.448496193,-0.638807476
1669,-0.773767531,1.22151184
1670,0.191427082,-0.260033727
1671,-0.173187494,-0.0222519524
1672,2.33887053,-1.26061594
1673,-0.399095595,-0.630548477
1674,-0.166965768,-0.381819129
1675,0.856715918,-0.589450419
1676,-0.276471198,-0.117091917
1677,-1.07885075,1.0652523
1678,0.0690056533,0.0245042983
1679,-1.16965175,0.448360115
1680,-0.328625202,-0.837612987
1681,-0.348599702,-0.0904464051
1682,1.42574644,1.43443322
1683,-0.399748564,0.404523998
1684,0.207457021,0.454461098
1685,1.09249938,2.08912754
1686,-1.69989836,0.849957526
1687,0.0547525212,-0.162771553
1688,-0.0332316421,-0.619131148
1689,-1.03758693,0.18776466
1690,-3.86950946,1.76456475
1691,-0.756403327,-1.00597477
1692,2.65746951,-1.19127667
1693,-0.626047909,-0.498374879
1694,0.0428311937,0.597039282
1695,0.814636767,5.07447958
1696,-1.12366438,-0.839661181
1697,-0.221032798,0.452656329
1698,-2.06892705,0.92474246
1699,0.331539482,-0.175433263
1700,1.02156579,3.08901858
1701,0.418293655,-0.477552563
1702,-0.753234446,-0.920910358
1703,-0.311017185,-0.16856502
1704,0.683779955,-2.57342267
1705,-1.99380052,0.986071348
1706,0.803820074,1.94244993
1707,1.1484133,0.336060226
1708,-0.561394274,-1.59276557
1709,1.73588061,-0.970425427
1710,-0.21766445,-1.49929404
1711,-0.168936715,0.054859966
1712,0.164533615,-1.29224133
1713,0.471603632,0.338476807
1714,3.29712653,-1.13114488
1715,0.188493565,-0.597339809
1716,-0.124226607,-0.160018191
1717,-0.250305772,-1.69986367
1718,-1.29664123,0.432662308
1719,0.644845068,-1.14639771
1720,-0.60480535,1.37675333
1721,-0.941916645,-0.152876705
1722,1.13849545,0.233163878
1723,0.33443749,-0.289715201
1724,-0.630499363,-1.47766542
1725,-0.0257107262,-0.564994812
1726,2.06266308,1.30733228
1727,0.350158811,-1.11923802
1728,0.356322855,0.144541964
1729,-0.104210585,-0.112816863
1730,-1.57876372,-1.46045721
1731,0.262306809,0.0648960844
1732,-3.13287997,-2.91788268
1733,1.09660029,-2.25553942
1734,2.07939696,-0.222734898
1735,-0.623057544,1.24028933
1736,1.43161833,0.300392509
1737,-0.711021721,1.17006135
1738,-1.06259835,0.951013029
1739,-0.695863545,1.51405644
1740,-0.0244238526,1.22584438
1741,-1.38033593,-0.603579879
1742,-1.69814575,1.68132603
1743,-0.369357824,-0.557332456
1744,0.655578792,-0.139757395
1745,2.58052802,-2.85878968
1746,-0.17930162,0.173845246
1747,-1.23815012,2.03741241
1748,0.308889627,0.21908316
1749,0.548022091,0.224986449
1750,0.0745996535,-0.420911431
1751,0.587057948,0.100993931
1752,-0.102399021,-0.806159437
1753,0.276374459,-0.775206745
1754,0.0909574032,3.30756092
1755,1.07670641,0.451642692
1756,-1.30152559,-1.39457095
1757,-0.512368262,2.60676837
1758,-0.241116196,-0.829975009
1759,0.283599347,-0.541514814
1760,-1.4939239,1.77707732
1761,1.17244184,-0.961520255
1762,0.15098992,-0.190249771
1763,1.15640962,-0.649196565
1764,-2.09761071,-0.493801743
1765,-0.367643356,0.353487611
1766,0.0790701509,0.974242687
1767,-1.22315979,0.926451445
1768,3.47690177,-0.370612979
1769,-0.0894916356,-0.196816459
1770,-1.38994658,-1.89121592
1771,-2.28913212,2.06746936
1772,1.70799339,0.920360327
1773,0.0995649025,-0.127352849
1774,0.60626924,2.23317075
1775,3.60859919,-1.10100198
1776,-0.50990504,0.2453807
1777,0.910253823,-0.896042168
1778,0.78555429,-0.667878389
1779,-0.406808734,-1.07118058
1780,-0.650063157,2.61412144
1781,-0.379907697,-0.411552191
1782,0.160399869,0.376131088
1783,-0.460546017,-1.13507366
1784,-0.738582134,1.04056537
1785,0.805840373,0.639317453
1786,-0.159482256,-3.32564688
1787,1.33738577,-2.19702506
1788,-0.574999213,-1.33608806
1789,1.92725015,-0.697500527
1790,-0.681651711,0.14426811
1791,-0.705836952,-1.22967792
1792,-0.154472902,-0.0347590074
1793,0.111358181,-3.29203296
1794,0.86245501,0.661040306
1795,0.627215624,2.09893727
1796,1.51361859,1.07236874
1797,0.848340273,0.290569544
1798,0.812198222,0.673532963
1799,1.13675559,-0.581704378
1800,-0.661183178,0.323191106
1801,-0.218922138,-0.245542482
1802,-0.568611801,0.0276333224
1803,-1.1320231,1.66111493
1804,-0.436540216,-0.602798343
1805,0.767459273,0.633835852
1806,0.393950045,1.50901771
1807,-0.307569742,-0.407689959
1808,0.054690253,0.324235588
1809,0.00749959704,0.453672439
1810,0.455837458,-0.926876247
1811,-1.18025756,-1.36320579
1812,-0.0706561953,-0.199223191
1813,0.0404375717,-0.176195875
1814,1.40304983,-0.963677526
1815,-0.142324954,-1.06246948
1816,-2.16576481,1.03140974
1817,1.01120961,-1.75555813
1818,-0.306121528,1.01888096
1819,-0.230421215,-0.368519813
1820,-1.08742821,0.805898666
1821,1.16008878,0.248061508
1822,-0.0809645355,0.809243679
1823,1.29926562,1.25306547
1824,-1.18857145,-0.170004442
1825,-0.171343803,0.151927039
1826,1.53675616,1.05316246
1827,-1.84871233,-1.12877762
1828,0.571734607,-1.36412275
1829,0.232903197,0.475114584
1830,2.02686787,0.12797685
1831,0.661176324,1.49531341
1832,1.27451003,-0.939592481
1833,0.375575662,0.516332746
1834,-0.24128662,0.545407593
1835,0.336560547,-0.35320735
1836,-2.15835381,0.772088706
1837,-0.64143014,-1.71794534
1838,-2.18935347,0.460764587
1839,-0.386205047,-0.353409082
1840,-0.195504516,-0.868441105
1841,-0.906339109,0.592236817
1842,-0.800797582,-0.0108185038
1843,-0.914680302,-0.296820402
1844,-0.568817675,-1.18101156
1845,0.453208148,2.28027868
1846,-0.244029447,-0.26918751
1847,-1.03104401,0.408823848
1848,-3.32746887,-1.53388357
1849,1.39863527,0.554721773
1850,-0.125332981,-0.305572212
1851,0.44470647,0.51173836
1852,0.0825977921,0.482861519
1853,-0.483831644,-0.24372457
1854,-0.753177822,-2.80274367
1855,0.365379602,-0.028671544
1856,-0.913743615,-0.238315985
1857,-1.11888933,-1.79602671
1858,0.243420288,-0.879333854
1859,-2.16464019,2.04258251
1860,0.944725096,0.29240638
1861,0.490186065,-3.17332244
1862,-0.215544567,-1.2788173
1863,1.40816057,-2.52295184
1864,0.257263064,0.548664033
1865,-1.45868754,-0.878500462
1866,-1.42054737,-1.82523751
1867,-0.454780906,0.578944087
1868,-0.281452239,-0.0960460082
1869,1.42392743,-1.28407919
1870,1.20725298,-0.416364402
1871,-0.328340113,0.255163938
1872,0.103828393,-1.42896676
1873,0.388128579,-1.51035714
1874,-0.827569485,0.229982227
1875,-0.419982195,3.26966906
1876,-0.295377344,-0.274466902
1877,0.534947276,0.850320697
1878,-1.67930114,0.264177561
1879,0.746260583,0.877488196
1880,-0.246571556,0.105766125
1881,-1.5804224,1.14759183
1882,-0.408218443,-0.367436349
1883,0.117296346,-0.292196095
1884,-1.02253509,0.474745661
1885,0.48216331,0.0219743606
1886,-1.10344672,-0.986992002
1887,-0.933896661,0.240498036
1888,-0.333226919,2.08786273
1889,0.20801644,-0.377769649
1890,-2.59337044,1.44081247
1891,-2.48055053,-0.754168391
1892,0.340877384,-1.66156876
1893,0.671664715,0.467645198
1894,-0.677405715,-0.302613616
1895,1.0808661,-0.947740078
1896,0.415811658,0.439568102
1897,-0.436882913,-0.322090983
1898,-0.559027612,-2.42568278
1899,-0.935784519,0.235593408
1900,-2.50630641,1.48605609
1901,2.43859506,0.332659513
1902,-1.10256004,-1.11782467
1903,-0.675480068,-0.102122262
1904,-2.07877636,-1.02763081
1905,-0.137607709,-0.345944643
1906,1.36712587,-1.02206838
1907,-0.502614558,-0.181636229
1908,1.30635619,-0.158308983
1909,0.925468385,-0.654659331
1910,0.150651783,0.770767152
1911,0.0867614821,0.12118458
1912,0.455328226,-0.0758867562
1913,0.387282312,-0.612999797
1914,-1.7324847,0.259805799
1915,-0.882007122,0.819900393
1916,0.627978981,0.70408833
1917,0.831329465,-0.0354060084
1918,-0.16169785,0.995915234
1919,-0.110786229,0.948766172
1920,1.40770102,-1.12260449
1921,0.338809639,-1.85406232
1922,-1.36764026,0.651946247
1923,-0.824086785,-0.115758203
1924,-0.270472437,-0.122819573
1925,0.668959796,0.238457724
1926,2.89363289,0.630101562
1927,-0.223397255,-0.0539360568
1928,0.443636984,1.87379897
1929,0.425960153,0.035524562
1930,-1.44286478,-0.554059505
1931,-1.1106751,-1.48476279
1932,2.09619117,1.94851005
1933,0.759928167,0.436686039
1934,-0.0889967158,-0.827450633
1935,-1.65774548,2.49893451
1936,-1.22006428,1.43067849
1937,-1.23956168,0.0705423281
1938,1.20940483,0.342416167
1939,-0.69555068,-0.49368155
1940,-0.264662564,0.357863218
1941,0.631235063,-0.997846603
1942,-1.5739485,-0.428817719
1943,1.07439542,1.15564871
1944,-1.1313467,0.180938587
1945,1.56380725,0.922729611
1946,0.547984779,0.501665592
1947,0.47686857,-0.244251013
1948,1.36898363,0.874547482
1949,2.52455592,1.20530939
1950,1.57033587,-1.6064806
1951,-0.10162691,-0.156113893
1952,0.25373289,1.4250592
1953,-0.294058114,0.651661336
1954,1.47999322,-1.01071
1955,-1.83088863,1.47991657
1956,-1.37168062,-0.886237323
1957,0.895236552,1.91374958
1958,-0.422659457,-0.357282609
1959,2.66962814,0.735536695
1960,-0.318263173,0.0835781544
1961,0.0768890455,-1.65882218
1962,0.148585007,-0.90882647
1963,-0.58942318,-0.0474853069
1964,-0.402748346,-0.417351395
1965,0.42661646,1.19137049
1966,0.209553778,-0.217157871
1967,0.976640403,2.14873314
1968,0.397495031,-0.703452229
1969,-1.59022164,-0.401576072
1970,-0.759007752,1.37301755
1971,-0.181459635,0.704934001
1972,0.00188266404,-0.542803705
1973,-0.589647591,-0.967223942
1974,-0.72325772,1.0530237
1975,2.74628854,-0.921637833
1976,-0.127114952,-0.158300266
1977,-0.883826375,-0.509283662
1978,0.0873385668,-2.3620069
1979,-0.128987297,1.41507387
1980,-0.684458196,-0.81560266
1981,-0.631867707,1.17566979
1982,-0.878879011,1.18499386
1983,-0.657524049,0.435523093
1984,-1.26501942,-0.0945391282
1985,0.0674619973,-0.523020685
1986,3.17188215,1.05180216
1987,-2.09759307,1.87056291
1988,-0.0445955098,0.831897318
1989,-0.0696824342,0.317472726
1990,-0.929098785,-0.482137591
1991,0.177604526,0.273347974
1992,0.4806391,0.687966883
1993,0.903696597,-2.50422406
1994,0.0353457443,0.0803472325
1995,-1.08906806,-0.238261357
1996,0.767730892,0.0799707919
1997,0.312808454,0.485759676
1998,0.284625202,0.106716633
1999,-2.56789732,0.992557943
2000,0.662248313,-0.21470733
2001,0.859023809,-0.837948859
2002,-0.920204878,0.416476101
2003,-0.832730293,-1.21792197
2004,0.409566551,0.143618524
2005,0.106227569,-1.42382705
2006,0.121958919,-0.0810974687
2007,0.791727304,-0.671556532
2008,-0.847114682,-0.138754606
2009,0.532866597,-0.810546994
2010,-1.84331191,0.684564352
2011,-1.064659,0.103047505
2012,-0.122490145,-0.613842249
2013,0.278919756,0.725801289
2014,-1.3577441,2.03456664
2015,2.14936566,-3.02440977
2016,0.326437384,-0.910255849
2017,-2.33934116,-0.242155641
2018,-0.647759259,-0.348029882
2019,0.605958462,1.70476186
2020,1.14691103,-2.43885303
2021,-0.414252609,0.197696596
2022,0.270632446,-0.400972843
2023,0.870046318,-0.320581496
2024,-0.941699922,-1.04149854
2025,2.26360536,2.83720803
2026,0.353501648,0.966347873
2027,-0.0197644178,-0.340655863
2028,-0.631825626,0.282204568
2029,-1.10575557,-0.493472189
2030,-0.0253654011,0.174808979
2031,1.32045519,-1.59693003
2032,0.362837464,-0.166747048
2033,0.229269415,-1.15752447
2034,1.78235841,0.147931084
2035,0.990777194,-2.06362247
2036,0.68529892,-0.691402018
2037,-4.78867102,-1.5881232
2038,-1.01771462,0.152467102
2039,0.414928138,-0.091021806
2040,-0.135443285,-0.158071309
2041,0.599916697,-2.00182962
2042,-1.04251063,0.0431385078
2043,0.307091743,0.49803558
2044,-0.266033053,0.211228281
2045,0.0994798094,-1.16523397
2046,-0.823453069,-0.180725649
2047,0.102561645,-0.597806633
2048,-0.149601281,0.259995908
2049,-0.205649838,-2.83044624
2050,0.502211511,-0.656696856
2051,0.898052096,-1.17725337
2052,0.138033435,-0.161385193
2053,0.39204669,0.368462503
2054,-0.16548416,0.146631747
2055,0.611694515,5.14609766
2056,0.853618741,1.47634304
2057,0.317122608,0.914735436
2058,-0.0261429306,-1.76668465
2059,-0.836632729,-0.391302705
2060,2.24435306,-1.11145186
2061,-2.08223224,1.29200971
2062,0.398208201,-0.350668252
2063,0.308479577,0.0891020596
2064,-0.452962518,1.29093039
2065,-0.636144996,-1.38013065
2066,-1.58774173,1.4310565
2067,1.76961291,1.19622588
2068,0.196680576,0.246806875
2069,-0.714698553,-1.0602634
2070,-0.586358368,1.15883505
2071,-1.82650185,-0.834768474
2072,0.809360743,0.35172087
2073,-0.85960418,1.63762045
2074,-0.45428136,-2.41185212
2075,0.0120037775,1.09219062
2076,-0.839824677,-0.432311714
2077,-0.986927688,0.691952109
2078,0.0411022455,0.591564596
2079,-0.205266967,0.645847142
2080,1.95504618,1.21672642
2081,-0.230015576,2.27293086
2082,-0.739941239,-0.808092415
2083,0.0931941271,0.191539973
2084,-0.223502621,0.243062317
2085,-0.35248366,0.352625221
2086,-0.920783937,1.60358799
2087,0.275992423,-0.295778364
2088,-0.638964713,-1.70108438
2089,1.3819499,-1.11013556
2090,-2.15838599,-1.04617143
2091,0.0945755392,-0.552699149
2092,-2.85768414,0.38254714
2093,-2.21202874,1.05180335
2094,0.680061102,0.933012724
2095,-0.0881702676,0.226527169
2096,-0.115370855,0.926380455
2097,1.49233031,-2.04442215
2098,-0.593937933,-0.437756985
2099,1.91964757,-0.8963871
2100,-0.0231422093,1.60671878
2101,-0.240545392,2.50310826
2102,2.03684783,0.0291567892
2103,-0.67261076,4.79416656
2104,-0.494749904,2.07378221
2105,2.5165863,-0.0934729725
2106,-1.21243978,1.5379436
2107,-0.481435955,1.26740003
2108,-1.35804033,0.59180069
2109,0.551304936,-0.01565261
2110,0.0773270726,2.60863328
2111,-0.121713392,1.16089022
2112,-0.650113046,-0.104986519
2113,0.511538982,-0.986313224
2114,-0.300487399,1.06976557
2115,0.587349236,-0.742427409
2116,0.606793165,-1.17644966
2117,-0.722470343,-2.29453063
2118,0.0505289137,-2.99384403
2119,-1.43321598,1.02551961
2120,2.1212554,0.132459655
2121,-2.98466253,-0.96159035
2122,-0.208595484,0.56932646
2123,-0.0926690325,3.03274775
2124,-0.636731505,0.383175343
2125,1.00696707,-0.367152452
2126,3.07934022,4.33157492
2127,0.00671961624,-1.0389092
2128,1.19525671,-0.645611286
2129,-1.40739799,0.0157458428
2130,1.01009893,-1.34169209
2131,0.91994065,-0.649719417
2132,1.38696122,1.0447824
2133,-0.915197372,0.452256382
2134,-0.785214543,0.231897965
2135,-2.54856229,-1.53181291
2136,1.28828895,-0.900703669
2137,2.60408998,1.8010298
2138,1.68162239,-0.16552189
2139,-0.356831551,-0.127831146
2140,-2.21430779,0.405950457
2141,-0.123644188,-1.07578671
2142,-0.986635685,0.598845184
2143,0.367074728,-0.0328639112
2144,-2.93242764,-0.334306896
2145,-0.872187138,-0.0160100777
2146,0.240277261,-0.118975945
2147,0.441254407,0.636468709
2148,0.128138453,1.97336137
2149,2.36643171,-1.23061907
2150,-0.770959914,-2.47015834
2151,0.0135429855,0.623687208
2152,-1.2801795,-0.251572043
2153,-2.66725445,-1.38987601
2154,-0.4578529,-0.757420778
2155,1.59946799,2.2337625
2156,0.833335221,-0.114000261
2157,0.09051916,-0.657475233
2158,-0.147897691,-0.511502206
2159,0.993576884,-2.00397921
2160,0.305241168,0.662007332
2161,-0.0690988302,1.0512327
2162,0.935681999,0.377050847
2163,2.22927666,1.56754935
2164,-0.0990772843,1.05174887
2165,0.236446545,1.23917472
2166,-0.489264935,1.70631862
2167,-0.707194984,-1.50895679
2168,-0.435580224,0.330094755
2169,-2.46332622,0.0670328289
2170,1.48744071,-2.25154114
2171,-1.57199442,1.35355365
2172,0.62551403,-1.63704777
2173,-0.159040943,0.278721571
2174,-0.604560494,1.61063147
2175,1.16233528,2.92922235
2176,-0.620519936,0.339547455
2177,1.31144512,0.753334582
2178,-1.21523166,0.731023788
2179,-0.0754502788,-1.259987
2180,0.447823793,-1.18380558
2181,-1.18471658,-0.659576476
2182,-0.509890735,-1.86188984
2183,-0.89649719,-2.32122135
2184,1.38627803,1.75746572
2185,-1.56616437,4.88570738
2186,-0.752762318,0.757837772
2187,-0.500692308,-0.821497142
2188,0.117906518,0.335947692
2189,-0.074491255,0.235749736
2190,0.808492184,0.69571358
2191,0.431719273,0.377479196
2192,-0.888988554,0.306031704
2193,-3.19189262,-2.46207094
2194,-1.41885316,-0.62543273
2195,-0.0999589488,-0.243165925
2196,0.762969732,0.0254849512
2197,-0.713438869,0.230282024
2198,0.925653994,0.119821772
2199,-1.11973715,-1.90233707
2200,-1.52938139,0.474261731
2201,-1.12644827,-0.422827184
2202,-1.08837759,-0.651119649
2203,0.494931966,-0.0442803055
2204,-2.31408358,0.423479915
2205,-2.30921292,0.441080272
2206,1.18235111,1.44351315
2207,0.887848854,-0.937855005
2208,-0.657000661,-0.0203118976
2209,-1.82859623,0.113615744
2210,-3.10847306,-0.0185310915
2211,-0.527813613,-1.05498302
2212,0.505704939,3.18495059
2213,-0.787249744,0.136687741
2214,0.222046897,-2.09246016
2215,0.913548708,-0.944541276
2216,-0.0829215422,0.729441643
2217,-0.283715814,0.27575618
2218,-0.970020831,-1.9571104
2219,-0.510363638,-1.11030161
2220,-0.82227087,-1.07541966
2221,-0.73168236,-1.8200711
2222,-0.959365666,2.20415711
2223,-0.165616855,1.77984381
2224,1.85928881,-0.130849183
2225,-0.612453222,0.447355479
2226,-0.360858887,-1.22616792
2227,0.452106535,0.146327808
2228,0.0384447575,1.63737047
2229,-1.30727422,-0.542140782
2230,0.291820198,0.00569047732
2231,1.20335329,3.01232171
2232,0.446495682,1.41723442
2233,0.137366787,0.0223401468
2234,0.284835786,1.42559981
2235,0.177834794,0.126122236
2236,-0.565695763,1.15587223
2237,1.65747404,1.20142806
2238,-2.20702934,-0.816985309
2239,-0.908554494,1.40855515
2240,0.761384368,0.939614713
2241,0.29229176,0.75020951
2242,0.390333205,-0.0211259611
2243,0.533687115,-0.338913113
2244,-0.716861367,0.316089123
2245,-0.383156985,-0.041936826
2246,-0.915121257,1.33202398
2247,-3.19365144,-1.88518548
2248,2.01520348,-3.92419004
2249,-1.04482806,-1.3963275
2250,2.08018446,-0.695810676
2251,1.7153672,2.29099655
2252,-1.12911785,1.85853422
2253,0.0521919951,0.436591536
2254,0.299777955,0.0177047029
2255,-0.140488654,-1.55802107
2256,0.0801879242,0.977489412
2257,-0.2814385,-0.474324524
2258,0.220224023,2.15012217
2259,1.12498224,0.785689592
2260,1.1794914,0.159134671
2261,0.66254282,1.28489113
2262,2.40002871,-0.0543901213
2263,-1.22033048,0.408981055
2264,3.27471852,4.84887552
2265,0.875466049,0.465056717
2266,1.21524501,0.735461175
2267,0.848916471,-0.0510585643
2268,-0.84013176,-1.32577765
2269,-0.222287655,0.459564835
2270,0.780430734,0.203156576
2271,0.424294859,0.337412685
2272,-2.35795498,-1.32626152
2273,-0.258856177,-0.516976833
2274,-0.92403394,-0.261135757
2275,-0.225325271,-0.173320293
2276,0.550263405,0.674628913
2277,1.52844787,0.100653157
2278,1.83224821,-0.356641501
2279,2.68923974,0.615427136
2280,1.16071641,-1.26640821
2281,0.27014932,2.27641273
2282,-0.222365886,0.255312443
2283,-1.02375472,2.07254052
2284,0.827525556,-0.0738736466
2285,3.41687441,-1.05028307
2286,-0.946006596,0.408200115
2287,0.0602825135,-0.144904599
2288,-2.05297637,1.05112159
2289,-0.33564654,1.03983808
2290,-0.390639156,-0.555024803
2291,-0.236075565,0.253985167
2292,0.989657402,-2.79243374
2293,0.817067504,0.541644692
2294,1.73123562,0.0826623514
2295,-1.62887192,-0.398764253
2296,-3.49440742,1.35539806
2297,-0.250102043,0.122896135
2298,1.28926933,-0.769036591
2299,2.18371654,-2.72326255
2300,1.02594686,-0.614938021
2301,-1.73246312,-3.82492447
2302,-0.0575781874,-0.238152087
2303,1.40178776,0.252449661
2304,0.155543998,-0.0348349251
2305,-0.158522397,-0.341587424
2306,2.25929832,1.9056803
2307,0.273731083,-0.0947413817
2308,-0.328220993,-0.00934189465
2309,1.00152051,-3.67181993
2310,-0.936673999,2.3276844
2311,0.532667696,-0.687608719
2312,1.20748925,-0.171568841
2313,-0.872429013,-0.227160603
2314,0.225645214,-2.81214523
2315,0.109746061,-0.224285647
2316,-1.46731842,-0.29856807
2317,-0.234465018,-1.31598544
2318,3.08537841,0.725732982
2319,-1.26172531,-1.14613831
2320,0.468583941,1.2224369
2321,0.884093463,2.46626353
2322,-0.210068941,-0.402302384
2323,0.276628107,1.01546705
2324,-0.475562185,-0.966726422
2325,0.311270654,-0.218551815
2326,-0.220480293,0.0165490303
2327,-1.67698407,-0.877664566
2328,-0.385325223,-0.685523629
2329,0.214526787,0.214705676
2330,-2.60133576,-3.31050825
2331,-0.730081022,0.172492713
2332,-0.600315332,-1.24102247
2333,0.558117032,-0.00239261123
2334,2.25212359,-0.526731074
2335,1.21243274,0.20804216
2336,0.146696955,0.32092464
2337,-0.282527655,0.979380488
2338,0.326696813,0.88265568
2339,-0.147938713,-0.787791967
2340,0.597071946,-0.419152617
2341,-1.38959765,-1.79051256
2342,-0.72687608,1.0049597
2343,-0.991806984,-0.0155278314
2344,0.664945483,-0.727070689
2345,3.11177158,-0.168729722
2346,0.17590189,-0.00578425033
2347,-0.293991178,-0.885895669
2348,0.0232281331,1.3889029
2349,0.389127165,1.62598741
2350,-0.166383281,0.0685286373
2351,0.02407692,0.198722839
2352,-2.42666435,1.55609989
2353,0.348638386,0.109229334
2354,0.352754146,-0.117638789
2355,1.12252605,-0.49152261
2356,-1.27843165,0.250135779
2357,0.00217789342,-0.373198837
2358,-0.87792027,-0.145773903
2359,-0.211949915,-0.0578704998
2360,-1.01250505,-0.765569091
2361,-1.75497222,-1.44418383
2362,-0.692174971,-0.183815256
2363,-2.19294262,-0.211984172
2364,-1.49420428,-0.661468863
2365,1.67935193,0.295596033
2366,-2.52871203,-1.04633629
2367,-0.971295476,-1.25643802
2368,0.0651249886,-0.422580868
2369,-0.586248815,0.0669703931
2370,-0.782306254,0.252584934
2371,-1.02537262,1.01582909
2372,0.18719922,-2.70524025
2373,0.301530302,-0.0799689516
2374,0.585154533,0.822468758
2375,-0.0956780687,0.770329654
2376,0.553474486,-0.654809415
2377,1.25678468,-1.56130314
2378,0.398651093,0.603533864
2379,1.28660357,1.15809548
2380,0.955111563,-2.12737441
2381,0.302538812,-0.103584528
2382,-1.3811512,1.33488715
2383,-0.134591371,1.12452805
2384,-0.340177268,-0.68757689
2385,-1.23477578,0.194652021
2386,-0.411526263,-0.554620266
2387,-1.10558903,2.70160532
2388,-0.371643066,-1.45671833
2389,-1.76913464,-0.702154577
2390,0.393204063,0.735557616
2391,0.368601024,0.171760216
2392,1.00669217,1.89317667
2393,2.09972215,1.79992294
2394,1.53795373,-0.786337495
2395,0.376737922,-0.954653859
2396,-0.121694639,1.3310225
2397,0.375159532,-2.06157327
2398,-0.417151839,-0.47585541
2399,-0.292119086,-1.24404562
2400,-1.38385177,-0.561169267
2401,0.0302508157,-0.668784857
2402,-1.18850446,-0.342664331
2403,0.578466713,-2.27778697
2404,-0.862416029,1.14704931
2405,-1.7703563,0.156407863
2406,0.639078319,-0.262866795
2407,-0.00328873424,0.363816559
2408,-0.52180922,-2.30020046
2409,-1.43232358,-1.10075819
2410,1.9342351,1.24338841
2411,-0.139212891,-0.370988786
2412,2.37700319,-1.66018116
2413,-1.4404825,3.70460558
2414,1.13635087,2.42863226
2415,-1.17169285,0.559003711
2416,1.04092896,-2.48000288
2417,0.0981531069,-0.451110393
2418,-0.0574671067,0.349543095
2419,0.777250826,1.12988973
2420,0.92393595,-0.839472592
2421,-1.88773811,1.95098317
2422,-0.349553138,0.878457069
2423,-0.250435203,0.711415589
2424,1.5580287,2.40170193
2425,0.591043711,-2.23837209
2426,-2.81209135,0.401485562
2427,-0.655503213,-1.08319604
2428,-0.0414965264,0.0882283747
2429,0.581747293,-0.0449350514
2430,-0.696898997,-0.164758891
2431,0.113325126,-0.121096238
2432,-0.945867181,0.0969815701
2433,2.20762873,-2.05418205
2434,-2.26281738,-0.593031526
2435,0.0581266172,0.315805107
2436,0.675047457,-1.24432158
2437,1.65723121,-0.272365332
2438,-1.65605891,-1.04295349
2439,-1.74569488,0.814202428
2440,0.92120415,-0.29345572
2441,-0.171583042,1.45208633
2442,0.79052484,-0.383590996
2443,-0.278166175,-0.688324153
2444,-2.32942772,-2.49164581
2445,0.87640667,-0.0174248274
2446,-0.39254266,0.106264792
2447,-1.00503409,0.965795755
2448,0.221853375,0.0563908145
2449,-0.453066349,-0.209084019
2450,1.79304266,-1.13935375
2451,-1.22146142,-0.319493949
2452,0.37188217,-0.759435356
2453,2.3683486,-1.90214646
2454,0.686446249,-0.251639158
2455,0.743939161,0.219027057
2456,0.614243746,-0.29458189
2457,-0.0625957325,0.589455843
2458,0.202914074,-0.389943659
2459,0.924796581,-0.214596272
2460,0.634280562,1.07587743
2461,0.542696774,0.657114685
2462,1.1915648,-1.21430182
2463,0.418912798,-0.932096601
2464,0.855364799,-1.35047317
2465,0.845192015,0.39878279
2466,-1.14848661,0.810481071
2467,0.348767161,0.518137515
2468,0.145353302,1.74417889
2469,1.77184153,-4.54490852
2470,0.200260803,-0.879406214
2471,0.0928061157,-0.191365406
2472,0.137312844,-0.149346456
2473,0.165127307,-1.46063852
2474,-1.52865553,0.444215953
2475,1.58050454,-1.5822649
2476,1.33272767,0.459611058
2477,-0.208448827,0.585092008
2478,-1.04159892,-0.706703663
2479,-2.0638144,0.122753069
2480,-0.0899156481,-0.239488304
2481,2.53775501,0.239376023
2482,-0.520461321,-0.0540012978
2483,-4.38216829,2.03302693
2484,-1.83343315,1.89867198
2485,0.854946494,-1.95644379
2486,1.76953185,0.364331901
2487,-0.038381964,0.833660662
2488,0.168759421,-0.164472416
2489,-0.970644534,1.86995065
2490,0.914189994,-0.576069593
2491,0.242140397,0.252923518
2492,0.0678982139,0.0672316328
2493,0.341791958,-0.0103829931
2494,0.591423273,-0.609031558
2495,1.68184888,1.69102693
2496,-1.05915749,-0.338612199
2497,0.179094881,-0.303629398
2498,1.02161157,1.46443737
2499,1.49492574,-1.05338192
2500,-1.46035123,-0.472215116
2501,2.95512247,-1.11138034
2502,0.234819114,1.03717518
2503,0.751815081,1.4604193
2504,0.932536483,0.18717438
2505,-0.42819652,0.301056892
2506,1.66739058,1.9287647
2507,0.0625709668,0.191807613
2508,0.222068042,-1.06929326
2509,-0.625976622,0.386807919
2510,-0.809459209,0.381241739
2511,2.22001386,0.0448371544
2512,-1.09926462,0.696774125
2513,-1.08990335,0.505608261
2514,1.20420074,-1.32314873
2515,0.018096175,-0.237205163
2516,-0.667699158,0.104213446
2517,-0.678450465,1.26327181
2518,-1.03954649,-1.1872642
2519,-1.68484271,-0.947563469
2520,1.11043465,1.49833226
2521,2.65077424,1.17051983
2522,3.74708772,-0.0329810567
2523,1.14616072,0.934354484
2524,-0.473899662,0.744074762
2525,-0.0352235325,-0.181649894
2526,0.362112224,0.519504189
2527,0.324046314,-1.20869768
2528,-1.2437073,-0.803175509
2529,0.20362401,-0.58771348
2530,2.25150228,-1.48618937
2531,-0.363597751,1.94645822
2532,1.01038587,0.570874453
2533,-2.06958055,0.608472288
2534,-0.571568131,-0.53789556
2535,0.572073877,-0.266132712
2536,-0.59299612,0.508034348
2537,0.576308489,-1.18872225
2538,-0.679128647,-0.793847919
2539,0.986489773,-1.05078733
2540,1.14501035,0.419249654
2541,0.0459405147,-0.230681375
2542,-1.28976262,0.126499087
2543,-0.633878529,0.750324726
2544,-0.331726462,-0.0962904319
2545,-0.151266351,1.09936273
2546,0.272154868,0.768823624
2547,0.147831276,-0.506701231
2548,1.26809263,-0.0994083807
2549,1.82969177,1.0273819
2550,-1.84288561,-0.151506603
2551,-0.169229358,-0.0735800937
2552,0.810883462,-0.285406649
2553,-0.936815619,2.79516935
2554,1.95742035,-0.609714746
2555,-0.930220842,-0.300563127
2556,0.567065179,-0.72399199
2557,-0.70304209,-0.364237845
2558,1.30113494,0.316248566
2559,-0.324222177,0.571434617
2560,-0.378228724,-0.479069144
2561,-2.25042248,-3.43366551
2562,0.39689067,0.462296516
2563,-0.789724052,-0.146475315
2564,-0.12334691,-1.02155578
2565,0.63864696,-0.1746189
2566,-0.547281563,0.457505137
2567,-1.25044096,-0.796310067
2568,1.63919306,-1.9669354
2569,0.0540977232,0.287926912
2570,-0.126007602,-1.61766446
2571,0.878716171,-1.05277383
2572,1.98591554,0.771213055
2573,-1.34348238,-1.66499281
2574,1.30727947,0.726598263
2575,2.52777314,-0.0649602786
2576,-0.565330565,-1.14902735
2577,1.986408,-0.476959825
2578,-2.88868499,0.420309097
2579,-0.644859552,0.199617594
2580,2.12509584,-0.885951936
2581,-1.22848964,-0.951999426
2582,0.380596191,0.0212076604
2583,-1.5559305,-0.869883299
2584,-0.0557798296,-0.720715165
2585,-0.419905156,0.784026742
2586,-1.41885591,1.1053524
2587,-0.442569613,0.753628194
2588,0.140499383,1.52636421
2589,1.2524302,-0.270116627
2590,0.189001039,-0.161174849
2591,-0.29876256,0.615085006
2592,-0.703305542,0.918024182
2593,-0.40277493,2.71025705
2594,0.966847956,1.48856199
2595,0.628778636,2.33230042
2596,0.326233715,-0.538837969
2597,-0.127232805,-0.608560026
2598,0.99846524,0.0497601293
2599,0.302601308,-1.99767816
2600,-0.272618383,0.569452822
2601,2.20284033,-0.291990519
2602,0.482084602,1.81292129
2603,-0.019080434,-0.799182475
2604,-1.20098448,0.533882201
2605,-0.6188308,-1.21756768
2606,-0.229274377,-0.888344884
2607,3.07463002,-0.335567385
2608,-0.546828985,-0.970983028
2609,2.3223567,-0.292424053
2610,-0.808691442,1.92065036
2611,0.34107691,-0.827238798
2612,0.584202707,-0.130881146
2613,-1.06873238,1.31300116
2614,-0.695268333,3.06318045
2615,1.32406902,1.90234649
2616,-0.852679312,0.429925144
2617,0.148032904,0.0480117425
2618,2.03524566,-0.383807033
2619,0.127609491,-0.510443866
2620,-1.54293835,0.156785727
2621,0.390726864,0.786758065
2622,-0.511817336,0.289482951
2623,-1.45312953,-0.0713354275
2624,0.238852695,-1.93375647
2625,-0.104678586,-0.419144303
2626,-1.08198428,0.627169311
2627,-0.718084931,1.82447839
2628,-0.282790929,1.4043225
2629,0.339246392,-2.79190493
2630,0.991210043,-0.913089573
2631,0.926472783,-2.16771746
2632,-0.271239191,-1.33494842
2633,0.0588043705,0.389219344
2634,1.20584095,-1.48724389
2635,0.350292534,-0.573216617
2636,-0.514982641,1.28634262
2637,2.80825019,1.97986567
2638,-2.96743941,0.570234239
2639,-1.46735156,1.69786406
2640,0.913624227,-1.1631552
2641,-0.810970128,-1.38692248
2642,0.922003329,-0.340007454
2643,-1.43644536,2.49418545
2644,-2.38553524,0.0525268279
2645,0.0210119728,1.73033988
2646,-1.9679389,-0.214156359
2647,0.340492189,-0.0936164707
2648,-0.2681503,0.053580109
2649,0.310884744,1.31524575
2650,-0.0376475677,-1.35126078
2651,0.626430869,-0.643331528
2652,0.563763022,0.846870601
2653,-0.220863476,-0.245406821
2654,0.784391403,-1.43147624
2655,-0.426684052,-1.26137817
2656,-0.320605099,-1.00300229
2657,-0.879074037,-0.288811117
2658,2.15567541,1.20847607
2659,-0.118483089,-0.178159133
2660,-0.472960532,-0.00801938027
2661,0.518649161,-0.146278217
2662,0.489799738,-1.03611445
2663,0.523700833,-0.190492854
2664,2.10012436,1.91264498
2665,0.479380965,-0.52918154
2666,0.618028939,0.892727792
2667,2.05871868,1.07255161
2668,-0.549591422,-0.555427849
2669,-0.107335478,0.20486322
2670,0.666308999,0.119399987
2671,-1.27212679,-0.0162686054
2672,-0.707662284,-0.0187411886
2673,-2.3690083,-0.80997175
2674,0.869838595,-0.53050983
2675,-1.19513893,3.45364475
2676,0.793906391,1.12223375
2677,0.12204805,0.207915425
2678,-0.906062901,0.211575344
2679,-0.0863452926,0.133706018
2680,1.41532493,-2.14014101
2681,0.0248155072,-0.370217353
2682,-2.44408083,1.9935956
2683,-1.2630049,-0.372921824
2684,0.538009763,0.778203964
2685,-0.127362847,1.74832141
2686,0.800970614,0.623491287
2687,-0.558849156,-1.44792402
2688,-0.466106027,0.318752736
2689,-0.374522626,-0.148897156
2690,0.505895615,0.956679702
2691,0.299522817,-1.09066367
2692,-3.39057755,-3.91044211
2693,-0.5302338,0.435051829
2694,-0.865519166,0.027986208
2695,0.0893010795,-0.471542478
2696,0.463347584,0.342270464
2697,-0.821269214,-0.0451688096
2698,-0.688844919,-1.58443296
2699,-0.179551557,-0.309541345
2700,0.0317081101,0.35827139
2701,-0.297872156,3.37257361
2702,0.620219111,-0.154207006
2703,-0.838476121,1.31377745
2704,-1.74073195,0.521447003
2705,0.868527234,2.47109604
2706,-0.19098933,-0.0188608672
2707,1.56386077,2.54753852
2708,2.39068222,1.40857661
2709,0.782070756,-2.50683212
2710,-0.575839102,0.0928695574
2711,0.11029423,0.194166586
2712,-0.430367053,0.0303914659
2713,0.122133017,0.489480466
2714,-2.80634809,0.960405886
2715,1.57995892,-0.0454824418
2716,-1.33299518,0.509723067
2717,-0.649633944,-0.0663135126
2718,-0.322530508,0.158603773
2719,-0.313883185,-1.20635641
2720,0.216765404,0.101642042
2721,-0.997120261,1.14831102
2722,3.22836637,-2.21491504
2723,-0.448314339,-1.65431964
2724,-0.129832417,-0.29988116
2725,-0.719002664,-0.931191921
2726,-1.41270375,-0.276392162
2727,-0.252056688,-1.56487668
2728,-2.39201331,1.35292733
2729,1.46646309,0.304900378
2730,-0.0732500851,-0.47566092
2731,0.223994941,-0.0509598143
2732,-2.275599,-1.67347348
2733,1.99275362,0.0142068919
2734,-1.52963829,-0.547913253
2735,0.391164541,0.271133751
2736,-0.469806254,0.552869081
2737,-0.50419718,0.914361
2738,-0.396954358,-1.00290453
2739,0.337538838,-1.92040992
2740,0.263154179,0.551962852
2741,1.75711727,1.11718929
2742,0.215859801,1.2278955
2743,0.821556628,1.04637623
2744,-1.69277537,-0.100333452
2745,-0.188871428,-0.00211590296
2746,0.355273873,0.066497162
2747,-0.0416984893,1.60132384
2748,0.0991626307,-0.668882132
2749,0.992896318,-1.17789316
2750,-0.967486501,-0.833221376
2751,2.39844131,-1.42345548
2752,-2.41150451,-0.460017145
2753,0.901398301,-2.61415005
2754,-0.527179122,-3.85696483
2755,0.853446186,0.177670062
2756,0.048276376,-0.602384984
2757,-0.213915497,-0.185745135
2758,-1.64147818,0.388228446
2759,-2.17395616,1.99724352
2760,-2.3307786,-1.62093401
2761,-0.780314684,0.662410855
2762,-0.140273452,-0.139224231
2763,-1.53281176,1.45278609
2764,-1.81459367,0.347917438
2765,0.24836579,0.319182009
2766,1.0418539,-0.305699795
2767,0.485375434,-0.0603691116
2768,-1.13973105,-0.399556965
2769,1.35578847,0.880829751
2770,-1.24393439,0.110950574
2771,-0.125760108,0.684962451
2772,-2.65792537,-2.05813575
2773,-3.67580605,-0.100877918
2774,2.20733929,-1.71776295
2775,-3.83274484,-1.41379905
2776,-1.68966913,0.638380587
2777,0.189731434,0.0312370453
2778,-1.66683304,-0.867989302
2779,0.955794811,0.0737924278
2780,2.40384579,1.23280489
2781,0.642844796,1.02292454
2782,-2.95055103,4.33731937
2783,0.451245368,-1.14072824
2784,-1.75131273,2.05701041
2785,1.41744256,-2.52189898
2786,-2.84298825,0.0680219978
2787,-4.29812717,-1.34346318
2788,-0.622914672,-1.12846637
2789,-1.07614779,1.7486546
2790,-1.80037904,0.0591179729
2791,2.15136242,0.366646588
2792,-0.153284132,-1.07579851
2793,0.55734539,0.354843289
2794,-2.58987617,1.39680386
2795,-0.393435657,-1.7505368
2796,-0.338293582,1.2327888
2797,3.96144867,-0.173906848
2798,1.05514002,1.38941026
2799,-0.747194409,-0.83964628
2800,0.605757236,1.21364892
2801,0.240878701,1.56816661
2802,-1.87348604,1.03781879
2803,1.27368879,-1.88720405
2804,-2.21774364,-4.50489473
2805,0.904558241,0.892845094
2806,1.40143538,-0.147650614
2807,-1.75276399,-1.54346657
2808,2.36492872,-2.02852941
2809,-3.21793556,0.435047656
2810,0.17869094,0.348395079
2811,-0.500601411,-0.318733305
2812,-1.63082349,-0.463363856
2813,0.49904573,-0.497399867
2814,0.257783264,-1.29756689
2815,-1.08976519,0.937069297
2816,-0.859152257,1.81919432
2817,-2.50541687,1.02028322
2818,1.19763625,0.493094772
2819,-0.101461485,-0.495308965
2820,-1.18512046,0.103270844
2821,0.598263621,-2.53927279
2822,0.229209736,0.165231273
2823,0.0907552391,-2.02109814
2824,1.25258243,-1.34131706
2825,0.647379339,-0.425605595
2826,-1.40721166,2.17000246
2827,-2.26794028,1.42690158
2828,1.0341512,-0.524959564
2829,-0.0688892975,-0.624044597
2830,-0.327617019,-1.53080487
2831,0.332867295,0.693373859
2832,0.202756122,-1.56088054
2833,-0.405213118,-0.433216304
2834,-0.99186188,-0.025550155
2835,0.319973916,-0.2169054
2836,-0.844806433,1.2148596
2837,1.48922098,-1.71929383
2838,0.695679605,2.38515186
2839,-1.05075097,1.19751179
2840,-0.233000204,0.38751635
2841,-2.01808858,-0.856836557
2842,0.0625089929,-1.82267523
2843,-0.0178285092,0.482767612
2844,0.428738236,0.312998861
2845,0.979755223,0.213388398
2846,-1.04292345,-3.04420567
2847,1.28008175,0.0459184721
2848,-1.49778891,1.31482065
2849,1.19428182,0.0854786038
2850,0.560864747,0.662830949
2851,-0.796558499,-0.0369888581
2852,0.102699615,1.32784438
2853,-1.74606693,-0.966668189
2854,0.0088391602,-1.20702112
2855,-0.326431006,1.67545056
2856,-0.198429331,-0.264580399
2857,0.56219542,-0.838993728
2858,-0.560720861,-2.34638286
2859,-1.51291466,-0.586829722
2860,-0.69281894,-0.47184667
2861,-0.503977478,-0.262446582
2862,0.294153035,0.235723436
2863,-2.23020554,-0.304575384
2864,-0.0125440853,0.988479435
2865,-1.34546077,0.996941626
2866,0.789366424,1.26822603
2867,0.00627994072,1.61792064
2868,-0.909848273,-2.32957864
2869,0.66848135,-1.10232484
2870,-0.711991727,-0.550493002
2871,-1.54742837,-0.128122509
2872,-0.252126724,-0.00896118861
2873,-0.794359624,0.298039824
2874,1.1843785,0.298353672
2875,2.78889394,-0.43857339
2876,1.27344167,0.644751608
2877,-1.16102445,-0.939190567
2878,-1.52534807,-0.660287797
2879,0.375586361,-0.19749625
2880,0.47859776,2.36305285
2881,0.455342472,-0.353206962
2882,1.10432935,-0.171980903
2883,1.57196403,2.18947101
2884,-0.447399735,2.07064033
2885,1.32468951,1.8778969
2886,-1.15640938,0.480114788
2887,1.48403215,-1.18541956
2888,0.0200492106,-1.2491101
2889,0.586712301,0.401662141
2890,-0.935392499,-2.51558995
2891,-0.24827686,-0.325452477
2892,-1.45057106,1.09024715
2893,2.36023283,1.92425096
2894,-0.884040654,0.407299548
2895,-2.55164576,0.368118197
2896,0.720959187,-1.35632467
2897,-0.130256936,0.160382137
2898,-2.91439939,0.29768309
2899,1.68505526,-1.11488569
2900,-0.161345035,0.718373716
2901,1.47868085,1.03558779
2902,-1.99187624,-2.13865447
2903,-2.17470717,1.21806252
2904,-1.30786717,-0.658794522
2905,4.87593603,-0.0152366217
2906,2.38002825,-1.08163202
2907,-0.319686234,-1.26696348
2908,-0.757988334,-0.509029627
2909,0.0258662719,0.577576637
2910,-0.19200328,-0.530177593
2911,0.0892308727,0.0254894644
2912,0.144795761,-0.47454235
2913,-0.825901389,1.30039632
2914,0.847282052,0.310182005
2915,0.520623326,0.180876791
2916,-0.0458380803,-1.13781083
2917,-0.991887748,-0.811632454
2918,0.0365579873,-1.47162795
2919,0.800276279,1.24411845
2920,0.839233041,0.257020891
2921,-0.730716527,0.111363813
2922,-2.07022285,-0.168958336
2923,0.325661272,-0.192488208
2924,0.761578739,-0.396916181
2925,-0.066107966,-0.519885778
2926,-0.856624067,-2.80522919
2927,0.351071358,0.144846529
2928,-2.3409555,-1.21274018
2929,-0.180629522,1.88384378
2930,0.515421808,-0.034478277
2931,-0.674059629,0.390957445
2932,1.16828573,-0.0434210002
2933,0.463680565,-0.214639142
2934,1.56899321,-0.877747357
2935,-1.5201695,-1.32832062
2936,0.805819511,0.941737056
2937,-0.12649563,0.248437673
2938,0.347346514,-0.111268483
2939,-0.84402293,0.0870299265
2940,-0.148358047,0.120989218
2941,-0.0399263687,-0.348650545
2942,0.571137547,1.34491873
2943,0.269447744,0.374920607
2944,-2.03376079,0.694246173
2945,0.471365571,-0.676955879
2946,0.0563797504,1.32376552
2947,0.66608274,-2.56142449
2948,1.7040081,-1.75992811
2949,0.545856178,0.388101041
2950,-0.840092123,0.145607486
2951,0.121523961,0.855341971
2952,0.131199941,0.679659486
2953,-0.841602206,3.43020153
2954,1.35876524,2.26693678
2955,0.734360218,-2.42749238
2956,1.56751108,0.0687814951
2957,-0.446314096,0.227933735
2958,0.477067679,-0.601385355
2959,-0.188707188,-0.0233759955
2960,-3.95458841,-0.727801204
2961,-2.04431391,1.13590872
2962,-0.414780527,-0.468985289
2963,-2.37643743,3.05801988
2964,-0.816414416,-0.126330242
2965,-0.940123916,1.21927726
2966,0.68197453,-0.0960797146
2967,0.0392210931,0.820273459
2968,-0.219260171,1.32879591
2969,2.92062807,-0.867507935
2970,-0.126482338,-2.22462296
2971,-0.224860236,0.75135082
2972,-0.294639587,0.631617606
2973,0.6890378,-0.384630919
2974,-0.56358397,0.768767178
2975,-0.446762115,0.0357305482
2976,0.169021264,-1.23899877
2977,0.233233467,0.312449545
2978,-0.544568658,2.53566623
2979,-0.414428562,1.10838735
2980,-0.349641979,-0.226690635
2981,-0.426223546,-0.708349228
2982,-1.09764218,-0.161607727
2983,1.88336504,0.392988116
2984,-4.40407181,0.762530088
2985,0.0428811982,-0.909155965
2986,-0.611201823,-0.388464123
2987,-0.759544015,1.00196171
2988,-1.68761563,2.38138485
2989,0.788138032,0.14245981
2990,-0.270521671,-1.75383282
2991,0.590288758,0.51117456
2992,0.182066813,-0.377985895
2993,-0.525050282,0.27092129
2994,-3.32734179,1.31902647
2995,-0.945433676,2.06172681
2996,0.017863974,1.47507429
2997,-0.106481172,-0.416388035
2998,-1.83022356,-0.692981422
2999,-0.713284254,0.279203445
3000,0.27165699,-0.437734991
3001,1.54198718,-1.50071669
3002,-0.0555564389,-1.01056266
3003,-0.122248985,0.58312434
3004,-0.477451295,-1.26571035
3005,-1.63660634,-1.43377757
3006,1.66997898,0.144509912
3007,-1.20036602,-0.31180656
3008,2.52191186,0.124385968
3009,-0.707187891,0.247122988
3010,1.88488817,-1.2557106
3011,1.84258974,0.693181932
3012,-0.193715453,-0.118560091
3013,0.0839810371,-1.36497164
3014,0.0505381636,1.64995301
3015,1.37899959,0.774498224
3016,-0.456712872,0.117703229
3017,0.118591554,-0.884557426
3018,-1.61989355,-1.02471471
3019,-0.697440624,-0.76629281
3020,-0.268034607,0.245347336
3021,1.40915489,-1.57952726
3022,1.03845024,0.69147253
3023,-4.06273651,-1.21430731
3024,-0.550281703,-0.346889794
3025,1.12949753,1.41845369
3026,1.082219,-1.66559744
3027,2.34721327,-1.34019864
3028,4.3908968,-1.96396112
3029,2.2198565,-1.33106816
3030,-0.414139628,-0.208176613
3031,-2.10181594,-0.994867444
3032,0.779871523,-0.757787883
3033,-1.33649814,0.345829606
3034,-0.537503064,1.56839645
3035,1.60781741,-1.25660098
3036,-1.4675163,0.302512258
3037,0.250774026,-0.201829791
3038,-2.76740551,-0.363117307
3039,-0.152458429,-0.168086708
3040,-3.38002396,-1.86998928
3041,-0.726572871,1.22111738
3042,0.996717513,-0.326880455
3043,0.720038891,0.239647612
3044,0.895688295,-2.22898293
3045,-1.95794284,1.26392746
3046,-0.180193469,-0.587740719
3047,-0.0120304981,0.999118328
3048,-0.272744626,-0.855327785
3049,1.49641097,1.43818212
3050,0.302714676,0.811495602
3051,-0.154751793,-0.42708686
3052,1.33647966,-1.56297874
3053,0.0572428629,0.142663315
3054,1.69251454,-2.04841185
3055,0.760783732,0.305920005
3056,-0.374372244,-2.88609815
3057,1.12309098,1.00122094
3058,0.473337382,0.895052671
3059,0.898233175,-0.873377204
3060,-0.93219161,2.91489625
3061,1.22348118,0.802710176
3062,-0.0424998552,0.714889705
3063,0.353720456,0.319563329
3064,1.31019104,2.14886975
3065,0.156631783,0.554316938
3066,1.46670198,1.2325412
3067,-1.0932827,-0.858960509
3068,0.325637162,-0.122100092
3069,-0.516877234,-1.17777514
3070,0.0104427245,-0.10919261
3071,0.317092717,-0.112937711
3072,-1.071262,-2.41552544
3073,-0.407514185,0.561634779
3074,-0.74039185,-0.268312216
3075,1.73183572,0.095690839
3076,2.61230755,-0.542478204
3077,0.08880312,1.87824273
3078,0.0910097212,1.31487393
3079,0.157465085,1.14297867
3080,0.403973728,-0.20093365
3081,-3.21493816,-1.6378175
3082,0.966782808,1.78437471
3083,0.10181883,-0.236496881
3084,1.19114852,0.184551015
3085,3.86080098,0.981145024
3086,-0.548767328,-1.38356578
3087,0.586131632,0.674597502
3088,0.0536521077,-0.715894639
3089,-0.241073936,-1.60769117
3090,1.09041476,-0.308585167
3091,-6.11636686,0.861159265
3092,0.109970868,1.38541186
3093,0.737270594,0.723732471
3094,-0.795983255,-0.128235981
3095,0.683643997,1.84671211
3096,-0.520235538,-1.58939445
3097,0.0379730053,-0.157597542
3098,-1.37540102,0.994412601
3099,0.92747128,-0.47989884
3100,-1.05569482,0.448548019
3101,0.392031848,-0.311010331
3102,-0.585445344,-1.23413169
3103,0.847028196,-0.232044905
3104,1.15695882,-0.837421656
3105,0.611082554,0.551806331
3106,1.18318975,-3.43562508
3107,-0.232419193,2.91834235
3108,2.45730948,-0.284510314
3109,0.372623324,0.400408894
3110,-0.214239582,-0.482370406
3111,0.0297835786,-0.148150012
3112,1.21013987,-0.4046399
3113,4.24722672,0.0932435244
3114,1.03216815,1.58551121
3115,2.10295749,1.41426563
3116,-1.2186693,-1.45722318
3117,-2.9722147,-0.413652837
3118,-1.51183569,1.54376209
3119,-0.180353567,0.189242214
3120,1.22171187,-2.24245429
3121,-1.16888571,1.95856464
3122,0.70843935,1.16102839
3123,1.07838011,0.12207555
3124,1.27312994,-0.126310065
3125,-0.796311617,0.636904359
3126,1.60206616,0.291115433
3127,2.35414028,-0.734268785
3128,-1.52332199,0.209933862
3129,0.603903353,0.804533005
3130,-0.269042701,3.2044661
3131,2.49858379,-0.655405223
3132,0.133167237,-0.0927746519
3133,-0.959419012,-0.845281243
3134,0.0376103818,0.538647771
3135,0.593709588,-0.20704332
3136,0.709692895,-0.0951714367
3137,-0.221951023,0.256922096
3138,-0.0576226115,-0.142474115
3139,0.272723466,0.76726979
3140,-1.3884033,-0.154012829
3141,-2.56616879,2.05835247
3142,1.66791379,0.302047491
3143,1.50306928,0.18797572
3144,1.31700325,1.2182368
3145,-0.945969045,0.967363119
3146,0.111865528,-0.279296547
3147,-0.890529335,0.525508106
3148,-0.627295196,-1.27158725
3149,2.45477533,-0.068070367
3150,2.06557894,0.830539584
3151,1.54450071,2.00788713
3152,1.77896619,0.255632013
3153,-0.627216518,-0.533656955
3154,0.199136272,-0.702358842
3155,0.519873917,-0.352287143
3156,0.241405651,0.153199688
3157,2.56235385,-1.25992966
3158,0.206183732,-0.0887119472
3159,-1.79190814,-2.2163794
3160,-0.360938668,1.18312311
3161,-0.376968682,-0.634685636
3162,0.484578818,-0.16738981
3163,2.41858196,-0.355438828
3164,0.247757241,-1.48960841
3165,-0.496275574,0.748007596
3166,-1.34198141,-0.245549932
3167,0.619737506,-1.03374875
3168,0.362322956,2.02588105
3169,-0.346561611,-0.532908678
3170,0.208775461,0.64493835
3171,-2.00464225,-0.40802449
3172,0.133141801,0.156299815
3173,0.0689507201,0.666695476
3174,0.869851232,-1.38474333
3175,0.123400964,-0.130391285
3176,-1.57669723,-0.916149259
3177,0.965279877,0.745186985
3178,0.977736175,2.14166069
3179,-2.0374918,-0.818222582
3180,1.80655158,-1.32139206
3181,-1.39230943,-0.298260272
3182,1.88665938,-0.190968513
3183,-1.66881609,0.247567073
3184,0.0407748707,0.909765422
3185,0.606003463,1.52760899
3186,0.020202823,0.427316397
3187,0.786856413,-0.567079544
3188,-0.730859756,1.03364563
3189,0.225667134,0.341594905
3190,-0.899843931,1.60977459
3191,-0.601458728,1.94485283
3192,0.94237566,1.4895004
3193,0.0675048009,-0.307958484
3194,1.74034595,-2.70983815
3195,-0.978548288,1.77941108
3196,-1.22153676,-1.64723694
3197,0.497389019,-0.495507568
3198,-0.0654518679,0.164375022
3199,0.267438143,-1.0196501
3200,-0.0684536919,-0.513596058
3201,-0.0651555434,-2.44167399
3202,-0.871677876,-1.35665882
3203,-2.57824636,-1.4456526
3204,2.2257669,1.67307532
3205,1.18130994,0.52326864
3206,-1.60116506,2.31327581
3207,-0.0522454344,-0.528132617
3208,1.18440318,1.06322527
3209,1.03628242,0.428797603
3210,1.24187243,0.407214105
3211,-0.665545583,-1.09142733
3212,1.0177114,0.056642767
3213,-1.32529402,0.305713296
3214,0.752238393,0.818872929
3215,0.965601265,-0.213618159
3216,-1.10355186,3.15098667
3217,-1.17305171,-1.08916676
3218,-0.948876679,-1.5592047
3219,-0.0396544263,-0.159585461
3220,0.565769076,0.430508286
3221,-1.34544086,1.59738445
3222,-0.321432769,-0.59250623
3223,0.0293746162,0.880831122
3224,0.963796258,0.644328713
3225,0.0568632856,0.382906646
3226,1.67784989,0.0802626833
3227,-0.315889031,-0.850444913
3228,-1.09268928,0.316674471
3229,1.31013429,-0.853486061
3230,-0.772647977,0.746344566
3231,2.32000899,2.05958128
3232,-0.786439598,-1.20508599
3233,2.81109571,-0.89599216
3234,0.173451856,0.0923181623
3235,-0.317154914,-1.08237767
3236,-1.88828027,1.7668817
3237,3.81096935,1.07004893
3238,-1.56997752,-1.29506147
3239,-0.182678565,-1.09858024
3240,0.42183724,0.709323645
3241,3.19727921,-0.39525491
3242,-0.777504206,-0.730549574
3243,0.901654303,-0.0683311448
3244,0.794735909,2.56177759
3245,0.242780402,-0.0717387423
3246,-1.25436521,2.52241397
3247,-0.897181392,0.0766464695
3248,-0.111183532,0.562781692
3249,-0.977447629,1.73815775
3250,1.61621428,-2.52337933
3251,-1.00971651,0.459147602
3252,0.195024937,1.00896227
3253,0.143192336,2.92374492
3254,-0.822383821,-1.2970525
3255,0.0527105443,-0.190840736
3256,-0.537921667,-0.752614498
3257,1.65103745,0.608175993
3258,2.41927457,0.335007966
3259,-5.32066441,-1.79890251
3260,0.125555381,-0.119088717
3261,1.4799124,0.770955265
3262,1.10957444,-0.34507972
3263,1.84407079,0.41408512
3264,-1.59944737,-0.33558026
3265,2.03334427,0.452662766
3266,-1.54834449,1.68677914
3267,0.206966624,-2.44588423
3268,1.10565197,1.22869849
3269,-1.93743634,0.674492657
3270,-0.234286666,-0.255238891
3271,-0.942519903,0.245266214
3272,-1.59398699,0.299960792
3273,-0.0499417372,-0.458588839
3274,0.0619593672,0.255947113
3275,-3.94160366,2.70950556
3276,-1.48277903,0.389879405
3277,-0.94188875,0.318428069
3278,0.603734612,0.719988704
3279,-0.321417034,0.148933709
3280,1.26327872,-0.573818266
3281,-2.09404683,-1.56017447
3282,0.0942406803,0.644377708
3283,1.71928763,2.19363332
3284,-1.36061668,1.08701861
3285,0.563092649,-2.14744878
3286,0.830731869,0.17055589
3287,-1.61813629,1.81930554
3288,1.03980052,0.933333814
3289,-1.47565103,-3.48129797
3290,-1.0756247,4.35542345
3291,-0.576367795,0.100649528
3292,0.449538022,-0.474363565
3293,2.22738099,-0.044111006
3294,-0.202761531,0.0756461471
3295,-0.352621853,0.0349204093
3296,-1.05180275,0.544371128
3297,0.478461653,-0.122526735
3298,-1.18414867,0.738558292
3299,0.851868749,-2.27182984
3300,-3.57815933,-2.38942027
3301,-0.0671950802,0.57890445
3302,1.59977639,-1.35882044
3303,0.22744064,-0.177908257
3304,-0.903461993,0.493882477
3305,1.65824783,-0.523795784
3306,-1.0171566,0.428815782
3307,-2.38355994,1.47333884
3308,0.86025095,0.511624694
3309,-0.349742115,0.0109548047
3310,-0.11371617,2.13468003
3311,0.11693839,0.627079129
3312,-2.26748991,-0.631167114
3313,0.108291298,1.19980145
3314,0.40222165,-1.57725108
3315,0.660132945,-1.24679196
3316,2.87316728,-2.18411899
3317,-0.625220597,-0.539012313
3318,-0.733097434,-0.0432050563
3319,0.67457068,1.13226092
3320,-2.59311867,1.13821733
3321,-1.34034169,0.401217133
3322,-0.686035275,-0.36290583
3323,1.14502525,1.91598153
3324,-1.17827415,0.310168713
3325,-0.205539629,-1.04593956
3326,0.403394818,-2.84790683
3327,0.757934511,-0.345035672
3328,-0.875887573,-0.624602675
3329,-1.1885581,1.28200066
3330,-0.116105981,0.0576977506
3331,3.13003993,-1.40031147
3332,1.5225631,0.370091826
3333,-1.46639836,-1.08211732
3334,-0.714896083,-0.209711671
3335,-0.184098586,0.472916871
3336,0.395230353,0.428696603
3337,-0.89222753,0.0386772081
3338,-0.404996634,0.0421530269
3339,0.113751084,0.0970937982
3340,-3.05825496,-1.22560716
3341,0.365311027,2.27060962
3342,-1.05559337,-0.806468606
3343,-0.774483562,0.52546227
3344,0.618026257,0.899308801
3345,2.51103544,0.502211511
3346,1.22815847,-1.05918813
3347,2.25706863,-0.707037449
3348,-0.841881394,-0.0218179841
3349,1.80563688,1.65352666
3350,1.08493328,-1.12937415
3351,1.07345772,-0.604635596
3352,0.406175375,0.742336452
3353,2.30354357,3.16950727
3354,0.160650328,-0.464932203
3355,-0.564054847,0.663638651
3356,0.628242791,-0.598050833
3357,-0.387447417,0.202529386
3358,0.546883523,0.359796226
3359,-0.814566016,-1.46358359
3360,-1.15417182,0.336914122
3361,-0.385743946,0.0984031111
3362,1.12151945,1.61586607
3363,1.99168074,-0.644598126
3364,0.609213769,-0.0476420633
3365,0.881655693,-0.213904336
3366,0.0191138498,0.679407656
3367,0.743441582,-0.482054323
3368,-1.23085737,-1.17282069
3369,-0.5230726,0.550541639
3370,0.546537697,0.382396549
3371,0.881717503,-2.06989241
3372,0.150742695,-1.30254352
3373,0.289843768,0.273465306
3374,-0.484571427,0.510851502
3375,0.102623686,-1.1676048
3376,-0.772939742,0.0160914194
3377,-1.59154546,-2.56257176
3378,0.872718334,1.13100564
3379,0.632644594,-0.537276089
3380,0.81738013,0.0631914213
3381,0.450446457,-1.58896112
3382,-0.160658196,0.0545854382
3383,-1.20799971,0.529480398
3384,0.372880697,3.75751638
3385,-2.63739085,0.127439693
3386,0.29417482,-0.0607373826
3387,-2.1374011,-1.64390755
3388,-0.533296764,2.34010577
3389,-0.778009772,0.339345604
3390,-1.10392392,0.648042977
3391,-0.465176046,1.61625874
3392,0.294370383,1.40892959
3393,0.859354079,-0.749877632
3394,1.67567635,-0.598978639
3395,0.298394442,0.729408085
3396,-0.741237283,1.54056263
3397,1.75660324,-1.50718176
3398,-0.39949432,-0.115223266
3399,0.491769344,0.963361323
3400,0.0600007251,0.897129059
3401,1.43145895,-1.674456
3402,-0.142738074,-0.570455194
3403,-3.38128877,-2.10601616
3404,-1.02862823,0.283599436
3405,-0.190655932,0.0992283747
3406,0.377871007,-0.148937434
3407,1.20274472,-0.542476177
3408,0.204300776,-1.06781125
3409,-2.53812313,-0.863929272
3410,-0.153654829,-2.62730479
3411,0.275052786,0.789218783
3412,-0.512513876,1.60581541
3413,0.788659751,0.139035791
3414,-1.04928696,-0.741480112
3415,-1.19137204,0.805274844
3416,0.710987389,-0.709688902
3417,0.00956862886,-0.123922631
3418,0.991785645,-0.600672781
3419,-0.766635835,4.05250406
3420,0.11176075,0.380764693
3421,-1.97427177,-0.720580876
3422,0.301217139,0.0493484586
3423,0.433458,-0.318823904
3424,-0.101683423,-0.0682917312
3425,1.09924114,1.11702144
3426,0.824543297,0.0971709564
3427,0.840092659,-0.223879457
3428,2.00172591,-1.56615233
3429,-0.367248118,-0.524580002
3430,-0.416191667,2.13866854
3431,-0.516338766,0.619318426
3432,-1.81463528,1.82186925
3433,2.53010559,0.128043368
3434,-0.398095161,0.877856076
3435,0.262482047,1.77827621
3436,1.40191162,1.39050317
3437,1.30662823,-0.52259618
3438,-0.224625692,1.03654325
3439,0.175386935,-0.472717166
3440,2.36321497,0.348858982
3441,0.287169904,-0.0988091901
3442,0.879852295,1.32506311
3443,0.782817721,-0.00202743895
3444,-0.437691629,-0.73527509
3445,-0.387423635,0.957136393
3446,-0.313720018,-0.382525712
3447,0.121421076,0.0772994384
3448,-0.342616469,0.22738792
3449,1.46676791,1.83756769
3450,-0.619618952,-0.344519228
3451,-1.42277229,-0.320278466
3452,-1.34072375,0.848811805
3453,-0.14690204,2.36251402
3454,0.479130358,0.136481106
3455,-2.5559237,-0.291329831
3456,-1.32596815,-0.53535831
3457,-0.708849967,0.325179964
3458,-0.16215919,0.0442984588
3459,-1.27054,-2.46936297
3460,1.24050725,0.92841053
3461,4.24354267,-0.754529893
3462,1.09088004,0.973080099
3463,1.72426331,0.318034053
3464,-4.01114941,0.601533949
3465,-0.257836998,1.3059063
3466,-0.350040019,-1.25007689
3467,1.19055808,0.326000869
3468,1.42687631,0.563366175
3469,0.822492421,0.0445333384
3470,-0.393449783,-0.612735927
3471,-0.252426565,-0.593148291
3472,-0.52721262,1.71899843
3473,0.557137847,0.817317069
3474,0.372519195,-2.77959013
3475,-0.326967478,-2.08365488
3476,-0.366339982,-0.375502795
3477,-0.317444146,-0.0893247351
3478,-0.658901334,0.617940068
3479,-0.928151786,-0.484172016
3480,0.425961018,0.513626158
3481,-0.446529418,0.135755181
3482,0.254516244,2.53207207
3483,1.0986743,0.0265814774
3484,-0.110682532,0.194569513
3485,0.72603476,-1.01669252
3486,1.32993174,0.15426369
3487,0.32296145,-0.253874391
3488,0.427495778,1.5187732
3489,-0.152026996,-0.623020232
3490,-1.27214575,-0.483073205
3491,1.31290436,0.730027616
3492,-1.23343635,-0.0186594687
3493,-0.818512559,0.00779973529
3494,-0.638147533,1.63960183
3495,-1.22666132,-0.686139107
3496,-0.733089328,-3.80070758
3497,0.0287313461,-1.17981172
3498,-0.512723863,-0.389693171
3499,-0.153442115,0.0215827525
3500,-1.88657784,0.808551431
3501,0.855911136,0.223961607
3502,1.16731572,0.461536229
3503,-1.37526417,-1.75341654
3504,1.35543692,0.158400446
3505,0.526506305,2.13491154
3506,-1.66039252,2.63903403
3507,0.585856259,0.265547097
3508,-0.0769200101,-3.85573578
3509,-2.38048244,-2.05095887
3510,1.09792924,-0.628965616
3511,0.154184937,1.08856237
3512,1.49053669,-0.516309619
3513,-0.605259955,-0.0185465068
3514,-1.03353512,0.849773526
3515,0.455666363,-1.90410769
3516,-0.303805113,-0.0467001647
3517,1.27971208,0.136340514
3518,-0.783643425,0.496587992
3519,0.155884445,1.30137062
3520,-0.753575146,0.246483356
3521,-4.80408287,1.49507058
3522,0.0517321639,-0.792711914
3523,0.142032936,-0.336540729
3524,-0.764604509,-1.27691233
3525,-1.13895226,1.05215049
3526,-0.187024638,-0.405525893
3527,-0.122523397,-0.318817973
3528,2.47420239,-1.58954585
3529,-1.30778265,1.07301807
3530,-1.92369032,0.175691664
3531,-0.352368802,1.248492
3532,1.15267682,2.65358996
3533,1.92840838,0.290934354
3534,-0.578154624,-0.206268981
3535,-1.35649681,-0.442315102
3536,-1.07780409,-2.04104233
3537,0.227890044,-0.501852334
3538,1.33009362,-0.398367912
3539,-0.148613036,0.310827911
3540,0.267065346,0.0449544787
3541,-0.270368278,0.100590713
3542,-0.723505139,-0.480421126
3543,-1.80998373,1.54852879
3544,2.62030363,-3.20799589
3545,-1.00181782,-0.215457395
3546,-1.06680048,0.333140731
3547,0.0184428785,1.91889799
3548,1.2601763,-0.760701597
3549,2.48760223,-0.857880831
3550,-0.69438827,-1.0350461
3551,-2.30508327,-0.546332955
3552,-0.138442472,-0.321637899
3553,-1.25850463,-0.555389404
3554,-0.373907357,2.24784756
3555,-0.831635654,0.298456222
3556,0.51281637,-0.14993979
3557,-2.03411984,3.64882159
3558,1.20530963,0.0391481854
3559,1.37746453,-0.687778354
3560,4.94190693,-0.39933157
3561,0.960935771,-0.869254053
3562,-0.423643351,-0.395904988
3563,0.141461566,-0.10032317
3564,-0.296902806,-0.342481494
3565,0.666051567,1.18229103
3566,1.34399855,-0.871874809
3567,0.483792901,1.10048151
3568,-1.813609,-0.869185209
3569,0.415061116,0.0418005884
3570,0.0628322884,0.304577827
3571,-0.607652962,0.162339866
3572,-0.0968893468,-0.121143557
3573,0.667235196,0.147712529
3574,-0.021372389,1.8372736
3575,0.392651409,0.332204849
3576,-2.16068292,0.971781135
3577,0.24169901,-0.8212865
3578,0.66101259,0.692850471
3579,-0.108596474,0.205794722
3580,0.35804379,0.710662365
3581,2.5927372,-1.18018985
3582,-1.55986857,3.19549489
3583,1.41879869,-2.03925776
3584,0.676059067,-0.180113867
3585,1.3132441,0.682900667
3586,-1.18228614,-2.94423342
3587,-0.208397761,-0.408797652
3588,-0.0937946886,-0.684621096
3589,-1.44663227,-2.5256753
3590,-0.0996760502,-0.158096477
3591,2.07770467,0.397576541
3592,0.838256061,-0.157565787
3593,-0.863095582,-0.306760252
3594,-0.276125938,0.874479592
3595,1.41167879,-0.289114028
3596,0.537649393,-0.370258391
3597,0.717061102,-0.637470365
3598,0.51924777,1.28590226
3599,0.984850466,0.693000734
3600,0.270391554,0.673310995
3601,-0.371832252,-0.0655038729
3602,1.35787868,0.303171486
3603,1.88970578,-0.137156427
3604,-1.14071941,-0.649270594
3605,-1.90734816,0.560991347
3606,-1.79594183,2.56232953
3607,2.40134621,2.38749981
3608,2.10866928,-0.148996964
3609,-1.3566767,1.04563236
3610,-0.220535174,0.461816788
3611,0.617476583,0.959388375
3612,0.332804888,-0.304021567
3613,-0.56041646,2.4501667
3614,0.456412047,-0.0464907438
3615,-0.804658771,-0.587525368
3616,-0.372104496,0.152058855
3617,-1.48168838,-2.35052276
3618,-0.3850784,0.258559734
3619,-1.60388136,1.4244138
3620,0.0786061883,0.780703843
3621,1.35548007,1.39955473
3622,-0.588032842,0.357154399
3623,-1.48804295,0.442028344
3624,-0.686612964,-1.10278499
3625,0.148089603,2.08088994
3626,1.09749651,0.763473153
3627,-0.471393466,0.102192827
3628,0.418888181,-0.0774283409
3629,-1.33976579,-0.875388861
3630,0.847507536,0.0157426633
3631,-0.362438977,-1.37349212
3632,-0.636482239,2.01943445
3633,-1.16145217,2.78041887
3634,0.750582457,0.227345541
3635,0.975973547,0.415985882
3636,-0.0101066632,0.176620096
3637,1.92114663,3.69397259
3638,-1.22551823,1.45785797
3639,-2.50871801,1.22329855
3640,2.61838222,-1.06632626
3641,-2.81812215,0.00614991598
3642,-1.02405369,-0.0385429189
3643,1.48072803,0.885806978
3644,2.61325073,-2.67206764
3645,0.462358564,-0.119502112
3646,0.469922513,0.468367815
3647,-0.728379071,-1.70441782
3648,-0.372392029,-0.186638758
3649,0.31535089,-0.351068109
3650,-0.521010578,-3.34184098
3651,0.326970547,-0.535214186
3652,-3.27528715,0.47811985
3653,-0.639599562,-0.624605775
3654,-0.176038727,0.817745924
3655,-0.0944588259,0.699091554
3656,-1.46556616,-1.84671772
3657,0.0994110182,1.32694411
3658,0.178140134,0.116788983
3659,-0.825504363,0.483526677
3660,0.691720068,0.787684083
3661,0.458136857,0.382460862
3662,2.84439635,-0.0465519577
3663,-0.553156495,-0.117610738
3664,0.0459549762,-0.221703172
3665,0.492892265,0.192602709
3666,-0.247207075,-0.159729034
3667,0.700852215,-1.01747859
3668,-0.483907044,-0.668219686
3669,0.831392586,1.38698184
3670,1.3672334,-0.652118087
3671,0.995260239,0.460255831
3672,-0.576811492,-1.1322155
3673,0.654346704,0.379121572
3674,-9.89587279e-05,1.37093759
3675,-1.56700909,1.89042842
3676,-1.68902588,-0.407249063
3677,0.78849268,-0.897413552
3678,1.24839759,-0.65542841
3679,-0.841854453,-1.03142095
3680,-0.495822579,-1.7768507
3681,-0.929429591,0.927550375
3682,0.551815331,-0.106112204
3683,0.207875386,0.442036778
3684,-1.12420833,-0.460236639
3685,-1.83482468,-1.70093334
3686,-2.23835301,-0.519453824
3687,1.61832702,-0.906253397
3688,0.791522264,-0.171634346
3689,0.110858507,-1.00098813
3690,-0.0550663956,0.29956165
3691,0.563379824,-0.15655452
3692,-0.328605145,0.366050899
3693,-0.191070497,0.0338828973
3694,-2.29639864,-0.0374834724
3695,-0.722447217,2.4093442
3696,0.13015528,-0.899502337
3697,-1.35918522,0.504619956
3698,-0.144738331,-0.139998063
3699,0.300004631,-0.0328862667
3700,-2.5931561,-1.02355027
3701,-0.107009485,1.66009319
3702,1.1922636,-0.677432179
3703,-2.35075712,2.48384547
3704,3.0253067,-3.5636549
3705,1.40056932,2.1846447
3706,-0.466209263,0.557845592
3707,-0.469884723,-0.580228329
3708,1.08799303,-0.528237104
3709,-1.17225397,-1.70763111
3710,-1.45876038,-0.930046141
3711,1.07223868,-0.390991122
3712,0.845053315,-1.1923027
3713,-0.180499822,-1.22338676
3714,1.2190398,-0.682262123
3715,1.17646897,1.4522649
3716,0.784004033,0.0232778378
3717,0.774170816,-1.15600574
3718,-2.64387512,0.944878638
3719,1.65061033,-0.0488314144
3720,0.230900183,-0.451232165
3721,2.05254221,1.02206898
3722,-0.528524935,0.314606726
3723,-0.912203908,-0.424700767
3724,1.17272353,0.728557885
3725,0.167217582,-0.0423669294
3726,0.200948149,-1.49461329
3727,-0.439270854,-0.431178868
3728,-0.653896093,0.203241587
3729,-2.4085784,1.78636277
3730,0.133210912,0.590396166
3731,-0.400361061,-0.718673289
3732,-0.759077609,0.891281545
3733,1.74608183,-1.34756112
3734,-0.580283642,-1.25696695
3735,-0.736962914,0.649100006
3736,0.335498929,-0.946462512
3737,-3.30606842,-0.912913263
3738,-0.594314158,-0.00908672251
3739,-0.662491083,1.75093198
3740,1.20541286,0.264086813
3741,-0.240368143,-2.06553507
3742,0.157399148,-0.0215873737
3743,-0.351669818,0.74776119
3744,-0.434893817,-2.49816537
3745,1.01416314,-1.32235837
3746,-1.91505945,-2.77439833
3747,1.11541688,-0.617823005
3748,-0.770580888,0.137278095
3749,-3.37696648,0.77855289
3750,0.722119689,5.0011301
3751,0.490499973,-2.42431545
3752,0.132790163,0.23212254
3753,2.36581254,-2.10503078
3754,-0.701563954,0.310100019
3755,-0.124600247,0.115546286
3756,-0.0171924457,0.304526806
3757,1.26948106,0.688556552
3758,-0.904412031,1.40364301
3759,-0.778111637,-3.12627292
3760,-1.35256112,-2.12270737
3761,0.665897727,0.761733413
3762,1.13660026,0.621129394
3763,-0.0463784225,0.597284317
3764,1.17412531,1.03840292
3765,1.34337854,0.0277206972
3766,-0.123782985,0.972350001
3767,-0.360299796,0.122200154
3768,0.862237811,-2.41754222
3769,0.858360291,1.29327357
3770,-0.210570097,0.525366724
3771,-0.466804981,-1.89656854
3772,-0.452803135,0.775193751
3773,0.617983341,-1.43966532
3774,2.29463291,-0.320530653
3775,0.00869714282,-1.6758343
3776,-1.75828016,0.945916772
3777,-2.25740814,0.097538203
3778,0.223220527,0.0107839229
3779,0.653234065,-1.87050414
3780,0.0557600409,2.92929983
3781,1.34283054,0.798820794
3782,0.537763059,-0.755732775
3783,-0.415117741,1.04326487
3784,-0.599113345,-3.02195096
3785,0.0585155934,-0.270523667
3786,0.280338436,0.868804038
3787,1.14263391,-0.591588497
3788,-0.983033478,1.03347981
3789,-2.16826749,-0.517074704
3790,-0.0978834555,-1.90459156
3791,-0.191001579,-0.430631489
3792,-3.6981678,1.26886773
3793,-0.0162517466,-1.16966403
3794,1.79161894,1.89789355
3795,-0.267151147,1.24901962
3796,0.0292575732,-0.269154847
3797,-0.224839583,-0.136755541
3798,-1.07054102,0.539107203
3799,-0.902498424,0.596412718
3800,0.670137584,-2.00205874
3801,1.31712341,-0.420273334
3802,1.34429479,1.03070259
3803,1.7883004,-0.914724708
3804,-1.46934021,0.595148325
3805,-2.18674469,1.01886451
3806,1.53893745,-0.38379702
3807,0.196065009,0.687142432
3808,1.49130499,1.21063113
3809,-2.14892173,-2.78904247
3810,-1.95284939,0.248357475
3811,0.587545037,-0.350060821
3812,0.850412428,-0.409303963
3813,-0.85368067,0.220230445
3814,-0.361921072,-1.69624269
3815,0.644639969,0.0548750907
3816,-0.663259745,-1.21799934
3817,1.58648491,0.206142291
3818,0.336259305,-0.313787699
3819,0.0188010558,1.48588419
3820,-0.721877456,-0.293669313
3821,0.159610659,-0.512925565
3822,-1.12436438,-2.18969822
3823,0.345776856,-0.815143883
3824,1.13844585,0.0374343842
3825,-0.0329145417,1.30331612
3826,-0.171513975,0.256717175
3827,-0.915743887,0.319626331
3828,0.56001246,-0.749761403
3829,-1.2651087,0.0177520346
3830,0.836722016,1.73597515
3831,-3.19925404,1.70499849
3832,-1.05542219,-0.357511014
3833,-0.166812018,-0.395442605
3834,-0.146411985,-0.0419177338
3835,0.0668999329,-0.326528609
3836,-0.236437351,0.362724274
3837,0.354759365,0.106527276
3838,0.380276978,0.133047
3839,0.0862328932,0.550748408
3840,0.118561678,0.260005981
3841,2.07789707,1.85851645
3842,-2.80526328,-1.77110279
3843,1.37779415,-1.16814339
3844,-0.0576833598,0.703616023
3845,1.05097079,-1.49174976
3846,0.630221784,-0.215356961
3847,0.423444778,0.871517122
3848,0.221864656,1.5686208
3849,0.572332144,0.0456551053
3850,-0.60482496,-1.18715882
3851,0.708540142,-0.659619868
3852,-1.40005851,0.205074906
3853,0.621936321,-0.803913772
3854,-0.480614543,2.24291039
3855,-0.987944961,0.522752285
3856,0.445853263,0.224819109
3857,1.38742042,1.27525985
3858,0.648555398,-0.942717612
3859,-2.05727172,0.0481054336
3860,0.697652936,-0.19775413
3861,2.64746881,2.90231442
3862,1.46567738,2.06991839
3863,-0.0165357292,-1.57864428
3864,1.37123108,-1.37992644
3865,-0.340635806,1.4526819
3866,-0.115093432,-0.0983102322
3867,-0.176730931,-0.180308506
3868,-0.895988941,0.972129345
3869,1.00018835,0.390948057
3870,1.38480365,0.226535052
3871,-0.115896143,2.18416166
3872,-2.23404193,0.839265764
3873,-0.559351265,-1.19021761
3874,2.79232121,-1.48178804
3875,-1.32101333,0.38560769
3876,-0.17161423,0.0139054684
3877,-0.447517782,0.174313098
3878,2.0519011,0.241218582
3879,-2.60733032,-0.213546485
3880,-0.908662677,1.34129047
3881,0.135896534,0.493611842
3882,0.510757804,-1.04324472
3883,1.60113478,-2.2434144
3884,0.5020473,-1.8297621
3885,-0.13885954,0.0343712159
3886,-1.7654196,-0.130825311
3887,1.18014741,-0.354965597
3888,0.917236507,1.51511943
3889,-0.605518341,0.659024537
3890,-0.597327411,1.88401186
3891,0.755555391,0.92853266
3892,-1.44134784,-2.11012936
3893,-0.833945215,-1.66074276
3894,-2.1680975,0.554264665
3895,-0.325173289,-0.185299709
3896,-1.40310669,-0.354184568
3897,-0.395407826,1.30499423
3898,-0.581061065,-0.91970408
3899,1.46789753,0.671820819
3900,-1.79930699,-1.21034014
3901,0.562240601,1.58478713
3902,-1.42740023,4.16936684
3903,1.02090526,-1.37613797
3904,-0.50415808,0.165701866
3905,0.45962581,-1.94300234
3906,-0.222680345,-0.0932450444
3907,0.0835228562,1.27870965
3908,0.306465864,1.15443122
3909,-0.903063416,-0.0031577812
3910,-0.96628195,-0.738089144
3911,-0.652192056,-1.61392367
3912,-0.825289965,0.0625159219
3913,0.824067295,0.466120809
3914,0.0247115474,-0.419691026
3915,1.19646573,0.626452625
3916,1.80834293,-1.79531586
3917,0.0418173112,-0.438274771
3918,2.58898354,1.76986873
3919,-0.192576677,-0.801643312
3920,1.14216411,1.99290812
3921,-1.47736406,-3.10117865
3922,1.55511773,1.67740202
3923,-1.12767398,0.0201897789
3924,0.852228224,0.600467741
3925,0.146805316,-0.534563005
3926,0.011628788,0.469748437
3927,0.346918344,1.15239918
3928,-0.520037115,0.0815944448
3929,0.636793613,1.66286182
3930,-0.702170908,-1.29669619
3931,1.22760141,-0.503297091
3932,-2.14339662,0.752164245
3933,-1.74947143,0.953404784
3934,-1.02139294,-0.762096703
3935,0.204587579,-0.634233475
3936,-0.251568735,0.883266211
3937,0.532114565,-0.228700757
3938,-1.65380812,-1.35414577
3939,-0.167695045,-0.0714525208
3940,-0.694224,-0.79795742
3941,1.677616,-0.121427521
3942,1.1292249,1.40510869
3943,0.841152966,-2.35266089
3944,0.666929424,0.0450638086
3945,0.120492756,1.03424323
3946,0.80346024,-1.09994495
3947,1.29698086,1.00467265
3948,-1.31818795,2.67690992
3949,-1.40375459,-0.0422457308
3950,-0.557626367,1.22792661
3951,-0.406191945,-0.134656489
3952,0.979004264,0.940749943
3953,-0.30525139,0.931777775
3954,-0.29840678,0.583148181
3955,2.35487866,-2.4789145
3956,0.240938038,0.0513497777
3957,-1.16565168,-2.46633172
3958,-0.674827278,1.35061479
3959,-0.858438015,0.0415367596
3960,-0.574162006,-1.10749543
3961,-0.519865811,-0.287702024
3962,-0.710620046,-0.790059447
3963,-1.85255599,0.609342575
3964,0.460914433,-0.929769278
3965,1.41112566,-0.293726534
3966,1.04932976,-2.14406466
3967,0.0744998977,2.18499088
3968,0.59527868,1.32174551
3969,-0.933318198,2.51048207
3970,-0.0409132577,1.76508105
3971,-0.25911817,-0.503791809
3972,-0.290003538,-1.40820193
3973,0.873325467,-0.0215110537
3974,-0.227869287,1.39879286
3975,-0.430990487,0.241931528
3976,-1.32133067,-1.95171046
3977,0.273606092,0.464605063
3978,-0.833072364,0.41873616
3979,0.885828018,-1.75926232
3980,-0.245384917,-0.178535953
3981,-0.198668182,-0.515038848
3982,-1.52901256,-0.69165653
3983,-0.188536793,-2.7599988
3984,1.77493024,0.0814068243
3985,-0.192597657,0.242779091
3986,-0.15920189,0.865447402
3987,1.45140147,-1.19945979
3988,0.0224546585,-0.217897639
3989,0.207202941,-0.17589353
3990,0.733415842,-1.57528257
3991,0.315537453,-0.495489597
3992,-0.109388225,0.311267376
3993,-0.110187389,0.602264106
3994,-1.07486272,-1.50867617
3995,0.272359669,0.245771781
3996,0.165330708,-0.0245577674
3997,-1.97508931,-0.385569751
3998,-2.15440893,0.00066797412
3999,-0.618737519,-2.19553661
4000,-3.05178499,-3.81092978
4001,0.537825406,0.765095592
4002,-0.045433253,1.97487235
4003,-2.30140615,-0.652039587
4004,-0.476145655,0.462029308
4005,0.87090075,2.0494113
4006,-0.0109657291,0.0660644695
4007,-1.00890517,0.517707348
4008,-1.99575114,0.819163382
4009,-1.94974208,0.470127344
4010,-1.08423078,0.419034392
4011,1.14698172,-0.148301303
4012,-0.0748821422,1.03400075
4013,1.34937227,-0.741745174
4014,-0.0685875416,-0.577992141
4015,0.853460789,0.625383675
4016,0.509390533,0.0668126494
4017,-0.467125386,0.174966589
4018,1.07305098,-0.737262189
4019,1.51909864,0.62638849
4020,1.44091547,-1.3943373
4021,-0.970208466,-0.113863461
4022,1.10558426,0.0739026442
4023,-0.0999135524,-2.93441439
4024,0.540655136,-1.10602438
4025,-1.08060777,0.878145576
4026,-0.0487273075,0.807225406
4027,-0.831975758,1.05784786
4028,-1.49749827,-0.0121808862
4029,1.02881539,-1.82822883
4030,-1.37243867,2.55604029
4031,0.372559279,0.24311465
4032,0.368716806,0.0786930472
4033,-0.768561959,-0.0623361915
4034,1.17643595,1.70853472
4035,0.542208791,2.14303589
4036,-0.368900716,-2.12568212
4037,0.155361637,0.644037127
4038,-0.866119206,-0.0759140477
4039,0.381202012,-0.311590582
4040,0.296755612,0.95405066
4041,1.52062845,1.30178726
4042,3.1109004,-1.1585288
4043,0.203876123,-0.676849484
4044,-1.53757715,-0.741586685
4045,2.07377744,0.24555704
4046,0.210537016,0.553904891
4047,0.644922435,-0.576409519
4048,0.802546084,0.185412169
4049,0.126360551,-0.099189803
4050,2.13153052,1.54113531
4051,-0.702859759,2.50771832
4052,-2.14784145,1.07569265
4053,0.67493856,1.50572419
4054,-1.81511366,-0.24135831
4055,0.799666405,0.470708013
4056,0.685452938,-0.976587951
4057,-0.0614121743,0.822185397
4058,0.51211822,-2.0988555
4059,2.06509519,1.09119368
4060,0.719587088,0.0947919786
4061,0.563406944,-0.0879434645
4062,-0.448461145,0.296765029
4063,-0.53658843,0.627641261
4064,1.64852118,0.0900710598
4065,0.442924619,-0.340960592
4066,0.0180556756,-1.57058334
4067,-0.11230915,0.711187005
4068,-1.10446382,0.379162461
4069,0.199591488,1.19321287
4070,1.72604871,-0.216837391
4071,0.320462912,0.586796701
4072,-0.297284484,-0.574775457
4073,-0.208797053,0.556942582
4074,-0.118156768,-1.15178871
4075,1.26663685,-0.456995636
4076,-0.285142392,0.0950824469
4077,-1.95284832,-0.258699983
4078,0.752202988,0.939588368
4079,-0.595698714,-0.780335128
4080,-1.26787436,-0.515259862
4081,-0.395796597,-1.03432691
4082,-1.61323714,-1.14659262
4083,-0.705521166,-1.0743103
4084,0.330296189,-0.0419085175
4085,0.307053149,-1.4722836
4086,0.214327514,0.130298421
4087,-0.437195033,1.73450184
4088,-0.0201263446,-0.347066522
4089,-0.388895184,0.193401441
4090,-1.18695855,0.749477327
4091,-0.895192564,-1.58697212
4092,1.55642581,-0.273813188
4093,-0.0299090985,-0.171523452
4094,-0.523248315,0.0436088331
4095,-0.161778003,-0.130676255
4096,2.42876434,-0.899937689
4097,0.926835537,-1.3632865
4098,-0.627685368,1.0951004
4099,1.45602274,0.978366494
4100,2.74472761,-1.48388278
4101,-1.07176232,-0.627614677
4102,-0.831974804,-0.492465466
4103,-1.33906567,-0.859180689
4104,2.80627346,1.28075695
4105,-0.4646267,-1.27999902
4106,-0.592201054,-0.360017031
4107,-0.420634985,0.197761834
4108,0.401959449,-0.247753069
4109,-1.26093578,1.11325109
4110,0.240229398,-0.165847957
4111,-0.487308472,-0.207986847
4112,-1.84030092,2.32181525
4113,-0.990021229,-0.975965083
4114,1.72082317,1.24817979
4115,1.70484912,2.0373795
4116,-0.112815544,-0.148802385
4117,-1.19430733,-0.631255805
4118,0.243905768,2.5756309
4119,0.628523529,0.450000554
4120,0.144653514,-0.178602144
4121,0.86052072,1.46104562
4122,3.25332832,-0.822098494
4123,-0.341085851,2.96662927
4124,1.33099651,-0.269497871
4125,-1.38449657,1.70546055
4126,-0.133798674,-0.843533933
4127,1.69877374,0.61174798
4128,0.524475813,1.57626975
4129,0.281698197,1.05298531
4130,2.16299248,-1.58425701
4131,1.11580229,-2.27134395
4132,1.02622342,-0.0134124486
4133,-1.01147008,-1.03873897
4134,0.95328182,1.1849128
4135,-0.733118594,-0.328124195
4136,-1.66571844,-0.00115125731
4137,0.995611668,2.2012713
4138,0.0843195841,0.205166072
4139,-1.83590043,-1.69030404
4140,-0.353489101,3.32650375
4141,-0.604807734,-0.562722802
4142,1.19973385,-0.136392787
4143,0.515499055,-1.22700167
4144,0.183071688,-1.31052566
4145,0.0911215097,-0.0811970755
4146,-1.47667301,1.17118907
4147,-0.689547122,-0.722093523
4148,0.236552149,-0.626778126
4149,1.68496931,1.01000392
4150,2.04248095,0.129348516
4151,1.62375116,-1.40093124
4152,0.963759005,0.601894081
4153,0.135592267,0.352261186
4154,2.07486415,-1.15425968
4155,-0.84230727,1.37775028
4156,1.19224668,0.0269648395
4157,0.00529602729,-0.241109431
4158,0.462823272,1.46145821
4159,-0.395285696,0.247978672
4160,1.50164509,1.04675555
4161,-0.727051854,-1.12581336
4162,-0.725753486,-0.172598973
4163,0.183012202,-1.43065393
4164,-2.11432481,3.40035129
4165,0.498336911,-0.205005705
4166,1.12094557,-0.090212293
4167,-0.52587676,-1.76051176
4168,1.3140403,2.13735676
4169,0.294328153,-1.07153058
4170,1.08317173,1.1246773
4171,-0.809424996,-0.320174664
4172,0.635061145,-0.737805009
4173,0.406538695,0.716034114
4174,0.172139764,-2.140167
4175,1.66753316,-0.779180169
4176,0.176478043,1.04599237
4177,1.81127965,-2.57195997
4178,-0.35603267,-0.673445284
4179,-0.143681422,0.168342173
4180,0.689550757,-1.34349775
4181,1.46845436,-1.86339748
4182,-2.80350256,-1.42061734
4183,0.660374761,0.739685059
4184,0.252501011,0.471933186
4185,-0.116033696,-0.00707427971
4186,-0.395397693,-1.21817636
4187,-0.102720171,2.72751641
4188,2.23280573,1.26584339
4189,-2.03932834,-2.89181757
4190,0.160485238,-0.0306468233
4191,-1.04255533,-1.23053205
4192,0.539153636,0.682331026
4193,-2.40847683,1.33617067
4194,-1.28646111,-0.217462018
4195,-3.19758797,-0.830043793
4196,-0.890821755,-0.797850013
4197,0.967790663,1.23479772
4198,-2.00500321,-0.947067499
4199,-1.92802179,0.0666941479
4200,-0.92786175,0.129275382
4201,0.410050064,-0.813757241
4202,1.42802715,2.12937474
4203,-0.373773634,1.45769715
4204,0.311086774,-3.56479383
4205,-0.730254173,-0.134359077
4206,1.17849648,-1.25831008
4207,-0.0576073751,1.15379679
4208,-0.563898265,1.1655966
4209,-0.484700859,-0.587312579
4210,0.882742703,0.374229163
4211,-0.176564097,0.8110919
4212,2.00829983,-2.22670889
4213,-2.55348182,1.54432249
4214,-0.0370867886,-0.246922061
4215,0.921557307,-0.990984917
4216,0.270653546,0.938865423
4217,-0.88078481,0.555407107
4218,3.57023549,0.419944942
4219,-1.06490195,1.40575099
4220,0.752047122,4.90909529
4221,-0.137964234,0.70379132
4222,-0.872448981,0.354508907
4223,-1.01191807,-0.383086175
4224,-0.986172497,0.626420915
4225,0.368762821,-1.31263101
4226,-1.13177693,1.12110293
4227,0.428377777,-0.101404756
4228,1.84118629,0.889354944
4229,0.162640676,0.0102170482
4230,0.143832162,0.170122072
4231,2.39813924,-0.21669811
4232,-0.0498660803,0.121118307
4233,-0.563074887,-0.647163272
4234,-1.47526884,1.55735815
4235,1.15061295,-1.33780289
4236,-0.170682102,0.190384358
4237,-0.904141247,-0.458344758
4238,-0.302563131,2.02773237
4239,-0.164150134,-0.352885485
4240,1.71155357,-0.701189518
4241,0.19527261,2.07732463
4242,0.225471526,-1.38205969
4243,-1.09901404,-1.30228662
4244,0.622848988,-0.242126256
4245,-1.08905244,0.162398115
4246,1.36755681,-0.10639783
4247,0.649595201,-1.38626385
4248,1.96263146,2.00483346
4249,-1.67936766,-1.79762983
4250,-0.172012269,-0.117670856
4251,-1.48042703,0.756783366
4252,0.226129845,0.0989585519
4253,0.284608603,-0.109972492
4254,0.454730809,-1.12817705
4255,0.154355213,1.68555117
4256,1.25075805,0.487596363
4257,-2.90249324,1.87125409
4258,-1.29863608,-0.95372659
4259,0.840621769,1.08453619
4260,1.11002338,0.507751346
4261,0.11167971,-0.22048299
4262,-0.57929939,0.130853549
4263,-0.827383816,0.14039138
4264,-0.849086285,1.05928707
4265,-0.751104951,1.23459375
4266,-0.535607338,-1.61015451
4267,-2.74375772,-0.0693681836
4268,2.58636642,1.63332725
4269,2.04435897,-0.736863732
4270,-0.552506328,-2.10482574
4271,-0.166918978,-0.170644015
4272,2.08412194,0.0485774279
4273,-0.648796439,0.685690105
4274,0.305482745,0.496979326
4275,3.04212308,3.28691864
4276,1.06891453,0.982758343
4277,-0.648931623,0.366467953
4278,-0.469566286,0.844572663
4279,-0.391524673,-0.342652351
4280,0.327893466,-0.910336435
4281,1.32599199,1.11420047
4282,0.350207835,0.104894467
4283,0.359921902,0.252761573
4284,0.540533125,-1.51510167
4285,-0.566983283,-1.5172621
4286,1.71182001,-0.826529205
4287,0.979963839,0.22555387
4288,0.448423684,-0.0505573563
4289,0.158140674,-0.0663154721
4290,1.75294948,1.74230587
4291,-2.17496777,0.661838591
4292,1.06909239,-0.837990761
4293,-0.150654539,0.146948621
4294,-1.89671779,-1.18811727
4295,2.60812259,-2.477777
4296,1.50592029,-0.156052694
4297,0.843146503,2.2913599
4298,-1.66360664,0.898210704
4299,0.2438384,0.874402821
4300,-1.22748327,-0.72172761
4301,-0.259298265,-0.946064651
4302,-0.0644477308,0.123671599
4303,0.538452208,1.43851018
4304,0.38807267,2.08851862
4305,-0.700991571,1.87426817
4306,1.72558844,0.593195617
4307,-0.657722116,0.103293709
4308,-0.0265683606,-0.288283497
4309,-1.57003427,0.168646976
4310,0.787672997,1.15437722
4311,-0.278213471,0.683231354
4312,-1.65196908,0.634302378
4313,0.931799769,-0.828042626
4314,0.332847238,1.82580912
4315,0.89285928,-0.961928904
4316,3.19624066,-1.99605811
4317,0.366321474,-0.193237498
4318,1.93650138,-0.348534524
4319,0.431615531,-1.14234948
4320,-0.787900209,-1.31038201
4321,-0.784397662,-0.632897198
4322,0.275321126,0.481025189
4323,0.155447423,-0.208729565
4324,-1.78397441,0.451912165
4325,0.0797873288,0.181708649
4326,1.65970886,-1.19045877
4327,-0.251907676,1.3355037
4328,0.0210511144,2.74365997
4329,-0.4069179,1.7027148
4330,1.67323792,0.00460611284
4331,0.852624655,0.249639601
4332,-0.906133235,0.322407067
4333,-0.921115994,-0.197585061
4334,-1.23632348,0.790259123
4335,0.326773524,-0.228672758
4336,2.48870063,0.0359128341
4337,-0.96970582,-2.14016438
4338,0.171165779,-0.143806309
4339,0.0514512621,0.579699337
4340,0.984655976,0.743972898
4341,1.43678248,-1.79362953
4342,-0.909887493,-0.122619562
4343,-0.158574015,-0.323541045
4344,0.0320778973,-0.511301577
4345,0.0465021618,0.640028536
4346,-1.25066566,-1.28431225
4347,-0.744489312,-0.0213931166
4348,-0.281863302,0.225846335
4349,-1.85166562,-0.0570784733
4350,-0.624185026,-1.08204103
4351,1.25636494,-0.150470614
4352,1.30803919,-1.32883596
4353,0.283928901,0.910223305
4354,1.82376623,0.326572865
4355,-0.0632646829,-0.173941851
4356,-1.97867715,0.511015952
4357,0.12318144,2.19913459
4358,-0.722064257,-0.260918379
4359,0.154245839,0.0712393075
4360,-2.49323559,-1.73487186
4361,-0.972147465,2.89714313
4362,0.068461664,-0.143852368
4363,0.370500505,0.213744313
4364,1.15974891,-0.5939731
4365,-0.48127988,0.496657699
4366,0.00167463731,-1.98031747
4367,-0.732514381,1.0904249
4368,0.468315542,0.635093749
4369,-1.12266588,-1.27018666
4370,1.92377234,-0.562256813
4371,0.328095257,-0.430362314
4372,-2.08094501,-1.85381114
4373,-1.33148575,0.041112043
4374,2.96880364,-1.11322737
4375,-0.363759637,1.25508261
4376,0.182998523,0.322163612
4377,0.186484128,0.777747691
4378,-0.457241803,0.89990437
4379,-0.313920438,-0.793961763
4380,-0.105808005,-2.41508579
4381,-1.45981324,1.44402719
4382,0.917169571,0.98301661
4383,2.38075566,3.13671207
4384,-0.396033198,-0.167411491
4385,-0.565159917,0.454037756
4386,-0.107885458,-0.640783846
4387,0.220757574,-0.808342218
4388,-0.48645696,0.291594625
4389,1.36508489,-0.231738508
4390,1.01262021,3.37283754
4391,0.399600893,-0.141883731
4392,0.15710704,0.912019253
4393,0.597190142,0.787562609
4394,1.67740953,-1.81998754
4395,0.0892558843,0.268526047
4396,0.565379798,-0.550908804
4397,-0.0934785604,-0.285509676
4398,-0.422789752,0.439772606
4399,0.648702145,0.970160067
4400,0.403805405,0.41027984
4401,0.117599279,2.02677512
4402,-2.11022353,0.0940576866
4403,0.303259671,3.50928569
4404,-0.62424612,0.475778878
4405,0.0739782602,-1.06778252
4406,-0.849557459,-0.923212171
4407,-1.04147649,-2.51950717
4408,-3.15739894,-2.60335135
4409,-0.25516364,0.571525872
4410,-0.162621334,-0.863432169
4411,1.5437957,-1.05815148
4412,0.267304033,0.803671181
4413,0.0292800944,-0.361344039
4414,-2.50216079,-0.335419506
4415,0.203116313,-0.0685562119
4416,-1.76188052,1.97714901
4417,1.3400321,2.86698818
4418,-0.0889895856,1.2916435
4419,0.911004126,0.129855052
4420,-0.29442209,-1.40697467
4421,0.484593332,-0.810561299
4422,0.849881291,-0.561934292
4423,-2.29113173,-0.993346989
4424,-0.170506805,-0.42227447
4425,-1.02442098,-0.0345281325
4426,-1.42182314,0.38585031
4427,-2.50425768,0.371001869
4428,-0.565006435,-0.824781001
4429,-0.971117914,0.41673249
4430,0.243345201,-0.225366458
4431,0.795568228,0.2001912
4432,-0.579008222,1.70485008
4433,0.0862734392,-1.65018964
4434,0.435215175,-2.4746623
4435,-0.705925465,0.96600014
4436,-0.382589579,-0.196024999
4437,0.1945218,0.0726912841
4438,0.493960321,0.706428111
4439,-1.07799816,0.533125162
4440,0.516897619,0.941107213
4441,-0.487927914,-0.978224277
4442,-2.57712841,1.52428079
4443,-0.415817887,-0.438466698
4444,-1.24028969,-0.58852303
4445,0.259917647,-0.177523151
4446,-0.513661921,0.155616313
4447,-0.265858144,-0.00867770705
4448,1.23746467,-1.50570965
4449,-1.73283458,0.881547928
4450,2.63407421,0.751636446
4451,0.565571129,-0.645909071
4452,1.73858464,1.63725328
4453,0.213122576,-0.391819596
4454,0.185782924,0.360883176
4455,1.12176836,0.29568547
4456,-0.378995657,2.13877702
4457,-0.228616148,-1.93670726
4458,0.0857676864,-1.13172317
4459,0.423997164,1.57070601
4460,-0.133324668,-1.78415024
4461,-1.45100498,-0.961752951
4462,-0.155665025,2.26433873
4463,2.03266716,0.00787318405
4464,-0.536774993,-1.64478791
4465,-1.15154898,0.350160271
4466,0.199063808,0.0211153477
4467,0.089826405,1.28211367
4468,-0.0511488058,0.0324660018
4469,0.698105216,-1.2498076
4470,-0.202629015,0.0522314645
4471,2.49857283,0.463051707
4472,-0.348492682,0.943613827
4473,-0.0604281425,0.171039596
4474,0.151790991,-0.0894624665
4475,-0.590387404,0.715757549
4476,-0.0251999106,0.235955536
4477,0.799436569,-0.733698726
4478,-1.1685276,0.73053968
4479,-0.789810777,-1.43315816
4480,0.675678551,0.395173758
4481,-0.843399704,-0.636600614
4482,-0.177842394,0.392954797
4483,0.077841036,1.64614582
4484,0.00890285242,-0.166354567
4485,0.565838814,1.29798472
4486,0.0948854163,-1.63093364
4487,0.363777429,2.4296689
4488,-1.07369924,0.200401917
4489,0.170597583,-0.418807
4490,0.673144281,0.943644583
4491,0.971977413,0.453837395
4492,1.05086768,-0.237815797
4493,2.72421312,-0.531765401
4494,0.71996814,-1.50254059
4495,0.0956747755,-1.3415308
4496,0.493836343,0.56303978
4497,0.258127421,-1.1966126
4498,0.25484556,-0.839888394
4499,-2.59473228,2.47679186
4500,0.471032232,-0.724235237
4501,-1.18973339,2.01285863
4502,0.171301901,-2.0158782
4503,-0.367816359,-0.191644803
4504,0.570054233,1.56683052
4505,-1.70568621,0.196658254
4506,0.0279060621,-0.9364748
4507,-0.858671784,-0.0318917818
4508,0.574955165,-0.393872529
4509,0.892931581,0.0355649218
4510,-0.562118053,-1.03623736
4511,0.649894416,0.509246945
4512,1.14341688,-1.06892359
4513,-0.11439956,-0.246452779
4514,2.12216473,-1.17268777
4515,-3.3418715,-1.26921618
4516,-0.145275339,0.125242546
4517,0.848885119,0.234079659
4518,-0.197155461,0.107095107
4519,-0.188558176,0.0428895876
4520,1.90582407,0.0407230109
4521,-0.277196735,-0.705274105
4522,-0.0295650251,-0.186318323
4523,0.186670378,0.0446009114
4524,2.09113574,1.79649103
4525,-0.464792848,-0.501727819
4526,-0.565331161,-1.95179522
4527,-2.14533472,2.13368201
4528,-1.5700134,-0.360120237
4529,-0.629443288,0.120838031
4530,-1.91845715,1.27925217
4531,-0.361997813,0.210220411
4532,0.393932343,-1.23078465
4533,-0.610121429,1.40772533
4534,-0.159663081,-1.1791662
4535,-0.604918838,0.815191448
4536,-1.12088966,0.38242051
4537,0.0602404848,0.461888611
4538,-0.778690219,-0.696087003
4539,0.0825424939,-1.37449872
4540,0.717567563,-1.22090101
4541,0.194195434,-0.183717549
4542,0.709599495,-0.396756917
4543,-0.302469105,-1.77206814
4544,-0.834258139,1.37628734
4545,-0.24086459,0.202175051
4546,-1.68479002,2.10501814
4547,1.7651062,1.71186638
4548,0.381672084,0.246651128
4549,-0.0379368402,1.27631664
4550,-3.41455054,-0.675525367
4551,0.444721699,1.51978457
4552,0.148746803,-0.767850757
4553,-3.66893387,-0.863428891
4554,0.947613418,0.101388358
4555,-0.963117421,0.542527378
4556,-2.43263674,1.5587883
4557,2.78538942,-1.32249391
4558,1.09318209,-0.24525997
4559,0.493405998,0.193197653
4560,0.786377013,0.407427549
4561,-0.840563178,0.596169412
4562,0.699864864,0.00344360387
4563,-0.147413865,1.01519239
4564,-0.533711016,1.62799859
4565,-1.01788259,2.42978835
4566,-0.584643006,-1.3989712
4567,-0.169081211,-0.18958655
4568,2.98554969,-0.722205579
4569,-1.90343273,-1.51291823
4570,-1.72389793,-0.239866897
4571,-0.34053722,-0.363302618
4572,1.17577481,-0.557921529
4573,-0.609988332,0.284867138
4574,1.14903235,-0.895435274
4575,0.229442149,0.0560545512
4576,2.56945777,-0.271733671
4577,-0.23144199,-2.03976917
4578,-2.21935415,0.832378924
4579,0.682973742,-1.11838233
4580,-0.283429831,-0.299746513
4581,0.552437782,1.31084478
4582,-0.0397073328,0.168922052
4583,-0.0253943875,-0.333006978
4584,-0.301420599,1.08150196
4585,0.659979045,1.10399997
4586,-1.2083348,2.34906316
4587,-1.49859869,-0.172915012
4588,-1.7529285,0.343123585
4589,0.133010179,0.0685712397
4590,0.966414571,0.619387269
4591,1.02204013,0.49044922
4592,4.17676115,0.366973519
4593,0.126168385,-0.830308676
4594,0.845416784,0.0625732318
4595,0.0575489998,0.777400792
4596,-0.122229338,-0.592980981
4597,0.297990471,1.62382984
4598,-0.888775647,-0.168264791
4599,-0.817720473,0.815931499
4600,0.762001216,-0.700579524
4601,-0.137423515,-0.0733457133
4602,1.75435615,1.6125344
4603,0.712403595,0.363166034
4604,-0.1814183,0.488200337
4605,-0.70671916,-2.91432714
4606,-0.653095186,0.907294631
4607,0.597480536,-1.8739022
4608,0.382051468,-0.744326115
4609,0.222837806,-0.639423013
4610,-1.07809424,-0.49302277
4611,1.26271117,-0.522452652
4612,0.592267334,1.07159853
4613,1.8275224,3.72505617
4614,-0.218980044,0.531180084
4615,0.970923662,1.11997056
4616,-0.119908489,-0.171507627
4617,-2.00289655,-0.516615868
4618,0.800020039,0.660966694
4619,1.59039462,-0.108113542
4620,-0.154081121,0.232225344
4621,1.56914234,-1.76280499
4622,1.25127923,0.790099144
4623,1.6034466,-2.72710514
4624,0.304793596,0.211705938
4625,1.6330415,0.344373405
4626,0.00804147776,-0.297012329
4627,0.935473859,-0.550154626
4628,-0.0687743723,0.0660412163
4629,-1.57362092,0.113914058
4630,-2.47115517,-2.08421731
4631,0.745146632,0.0531594157
4632,0.634458125,0.0855970159
4633,-0.131197199,0.842620671
4634,-1.45535195,-0.0505948067
4635,2.6151197,-0.201717094
4636,0.705548465,-0.413382232
4637,-3.98268461,-0.575264752
4638,-0.108815044,2.12348294
4639,-2.97779846,3.93798614
4640,0.306421876,-1.27490771
4641,-0.341509849,-1.36857975
4642,-0.311765999,-0.0722505301
4643,0.0210419036,-0.24606441
4644,1.53945005,0.816704929
4645,0.250581622,0.697005808
4646,-0.472873837,-0.0854661539
4647,0.796776533,-0.948579371
4648,-1.24849427,-0.0743537843
4649,1.75808561,-0.964299798
4650,-2.01873183,1.25861061
4651,-1.8339107,-0.0720058829
4652,1.85170317,-0.436751187
4653,-0.275279164,1.65081
4654,0.0701024085,-0.0447364859
4655,0.885462701,3.12567854
4656,0.46788168,-1.19127107
4657,1.47260559,-1.62528658
4658,1.22703421,-1.91929352
4659,1.54186511,-1.79658341
4660,-1.28288364,-0.873257756
4661,0.623519778,-1.07924366
4662,0.301997006,-0.381492943
4663,5.24999571,-2.25167322
4664,1.41619623,1.22830927
4665,1.12588727,-2.12942982
4666,-0.122420192,0.60169524
4667,-0.233980492,-0.42395407
4668,-0.220241681,-0.213380709
4669,0.119665697,0.179310545
4670,-1.13499749,0.0202339385
4671,-0.416446507,-0.139065295
4672,0.384178281,-0.0562666431
4673,1.20193386,-2.78011823
4674,-0.442156672,-0.432144493
4675,-0.798158348,-0.239586815
4676,-0.329644024,-0.503263533
4677,-0.514212072,0.399067879
4678,1.615237,-1.64883566
4679,-1.12784231,-1.24693084
4680,0.588976979,-0.480123252
4681,0.299917579,-0.00114959641
4682,1.01966929,1.12370479
4683,-0.628420055,1.39005077
4684,1.90033317,2.98776507
4685,0.0059422208,0.223387256
4686,-0.861158252,0.622974336
4687,-0.0272943694,-0.226148248
4688,0.00516063906,-0.0571376234
4689,0.00885947701,0.389129728
4690,-3.24080229,-0.108540997
4691,0.807004869,0.799341559
4692,-0.500119388,1.71022284
4693,3.31348038,-0.332771957
4694,1.96814048,-1.07945633
4695,0.0772634074,-0.711146355
4696,-2.29946327,0.724180877
4697,-1.12190437,-2.45299554
4698,0.261209071,0.0465511754
4699,2.46010852,-1.38359237
4700,1.45451641,-1.11092484
4701,0.707513988,-0.518403351
4702,0.816133201,1.56869709
4703,-0.551352441,0.958412468
4704,2.28160882,-3.91678214
4705,0.438554257,-0.0445829742
4706,-1.16763675,-1.28253984
4707,0.16765891,-0.224875629
4708,0.625814199,0.0919065922
4709,-0.460455,-0.210978702
4710,-0.600420594,-1.05889046
4711,1.35825455,0.338511884
4712,0.369415998,-2.78720355
4713,-0.18887198,0.126712486
4714,1.50363922,-0.171688288
4715,0.823252738,0.0741574317
4716,-1.20852196,-0.589852452
4717,-0.160131544,-0.288282752
4718,0.0037023027,0.29655984
4719,-0.555633426,2.0063498
4720,0.560881913,-0.709991813
4721,-0.430777788,-0.384318948
4722,-0.829155266,1.67559552
4723,-2.04255676,3.85640836
4724,0.494375825,-1.04339325
4725,-0.266494572,0.187864944
4726,1.11024272,-1.02533448
4727,0.918311775,0.425981194
4728,1.51500559,-0.461423188
4729,-1.60593688,-0.811372042
4730,-1.00333345,0.160469532
4731,1.37690032,-0.292478263
4732,-1.1215589,1.08599257
4733,-0.82824719,1.44720006
4734,-0.479653567,2.88005185
4735,0.219071269,-0.544970751
4736,0.299281448,0.814853132
4737,-0.4599953,-1.51498652
4738,-0.154185504,0.329874188
4739,0.0668432191,0.816248417
4740,0.813378036,-0.299184203
4741,-0.567663193,1.1242156
4742,0.771111131,-1.4599874
4743,-0.577021956,-0.901215732
4744,-1.14987075,-0.422767818
4745,0.14481841,-0.389141738
4746,2.83661151,0.182167038
4747,2.68833685,0.177546233
4748,-1.64487994,-0.193692088
4749,-0.745650947,3.12538528
4750,-0.0574943684,0.479253292
4751,-0.745425761,-0.679657698
4752,-2.38121128,0.708431721
4753,-2.87401605,-1.34897113
4754,0.245812938,0.180437922
4755,1.66950333,-0.0735160261
4756,-0.510634601,-0.26498732
4757,-2.39561272,1.11933136
4758,1.67583585,-2.92811322
4759,0.157394573,-0.702630281
4760,0.778646231,0.67592907
4761,0.828813851,-1.30900609
4762,-2.81885147,1.9571048
4763,-0.173179358,-0.7378003
4764,0.154593959,0.220465258
4765,0.00864061993,0.1992255
4766,0.426849782,0.457402498
4767,0.139303565,-1.46656489
4768,0.0614174418,0.320811272
4769,0.3843894,-1.13636601
4770,-1.00641012,1.1476016
4771,-0.0273554567,-2.33103418
4772,1.06574488,0.0375439078
4773,-0.16030772,-0.599402189
4774,-0.633325458,-0.727871716
4775,2.09477091,-0.377483219
4776,-1.76450026,2.7356894
4777,-0.557164788,0.712174058
4778,0.740866601,-0.99515444
4779,1.61838305,0.0610349327
4780,3.24712181,-0.424663365
4781,0.250587851,-1.37622905
4782,2.08586001,-0.273064137
4783,0.641296387,-0.480238855
4784,-1.9711982,1.02450621
4785,0.758677661,0.167428434
4786,1.08712113,-0.0614722334
4787,0.604753911,0.876669526
4788,-0.887226224,-0.274079233
4789,1.02023625,0.691741645
4790,-0.703460872,-0.885245264
4791,0.225496635,-0.500208795
4792,-1.09337974,1.11785817
4793,0.493971795,-0.667044878
4794,-1.32814991,1.22356498
4795,0.150586262,-1.90921783
4796,-0.264391035,-1.31052434
4797,1.17565417,0.762357235
4798,1.67049217,-0.357714117
4799,0.586272478,-0.0553310402
4800,1.38348937,-1.15217936
4801,-1.56514454,1.95164514
4802,-0.157565072,0.161174148
4803,1.08774126,0.102316022
4804,1.45202589,-0.322771251
4805,0.325518072,-0.0189238247
4806,-1.13345945,-0.994023263
4807,1.49850821,0.645691037
4808,-1.54483044,-1.22947454
4809,-0.195949629,-0.0498704389
4810,1.30082989,-1.49162292
4811,0.310943007,-0.394486338
4812,-0.0103018368,-1.81617701
4813,-1.35248816,-0.390479833
4814,-2.11518788,-0.370006591
4815,-0.0613557138,0.237046689
4816,-1.03644812,0.974236786
4817,-1.29144692,-1.09777546
4818,0.60109657,0.978601456
4819,-1.09846377,-3.48802209
4820,-0.580345333,-0.0694718808
4821,-1.45020831,0.6914289
4822,0.593915522,-1.51165903
4823,-1.52350283,2.23663735
4824,0.362664282,1.03377604
4825,-0.021292245,-0.162682578
4826,0.572135568,-0.404758334
4827,-1.26240671,-2.19739413
4828,-1.09059155,-1.20029306
4829,-1.70461702,-0.54354614
4830,1.29123747,2.04434466
4831,-0.301684171,1.76763296
4832,-0.589340448,-1.68924701
4833,-0.620834112,-0.869675279
4834,0.696790516,0.793021321
4835,-0.0905463025,0.37818858
4836,-0.76082921,1.23880422
4837,-0.977524519,0.95774895
4838,0.233546183,-2.00516415
4839,-1.24808431,0.736405909
4840,-0.483950704,1.40362728
4841,0.257848591,-0.186393812
4842,1.62202454,-1.52976823
4843,-0.583027899,-1.64178193
4844,-1.43866122,0.141425252
4845,1.55585098,0.455966234
4846,0.712149262,-0.266957313
4847,-0.759463012,-5.06934023
4848,0.0249096584,0.276529402
4849,0.83358103,-1.31046605
4850,-1.38484406,-0.100677215
4851,-0.937221825,0.0975252762
4852,-0.425417304,-0.259042382
4853,-1.2128644,-4.22672892
4854,0.56958133,0.580843091
4855,0.120633975,-0.55745852
4856,-0.827789187,-1.02046001
4857,-0.324390203,0.883169889
4858,-0.386933863,-0.562812984
4859,-0.995003045,0.285792053
4860,1.69739079,0.673054218
4861,0.0133516202,-0.786622584
4862,0.255031109,-0.062605679
4863,0.00670335907,-0.420336515
4864,3.22742867,-0.850738764
4865,-0.104692712,0.747239828
4866,-1.35699856,0.190757483
4867,0.930070758,1.72593975
4868,1.20772099,0.861267149
4869,0.183744863,1.98815095
4870,-0.699958503,-0.898574114
4871,0.17417562,-0.0906183124
4872,0.500522971,0.229901195
4873,-0.530616045,-0.111767247
4874,0.9041664,0.545802593
4875,-0.726971567,-2.04572344
4876,1.03906155,-1.84992564
4877,-0.180139109,-0.826654792
4878,-0.306939989,-0.101999775
4879,-1.07019436,1.51220369
4880,-0.468648672,2.2424233
4881,0.591211557,0.443553805
4882,-1.63411272,-0.311953783
4883,-1.47015595,1.66950595
4884,-1.27566302,-0.333764106
4885,-2.10732865,0.374999881
4886,0.222488329,-1.84177661
4887,-0.0926182941,-0.115511678
4888,0.393407404,-0.110350132
4889,1.29534209,-1.9180342
4890,-0.202362567,-0.867335439
4891,0.434397221,1.34991801
4892,0.815123558,1.43311524
4893,1.05880499,-0.844678044
4894,0.483884394,-1.45699906
4895,0.888888299,-0.880074859
4896,0.0204858892,-0.269583642
4897,1.00108886,-0.191387773
4898,2.78049278,-0.689557493
4899,0.0609771684,0.176779196
4900,1.86734831,2.56438231
4901,-0.114971206,0.147439465
4902,-0.508052945,0.234728202
4903,-0.603078663,-0.543047309
4904,1.09638321,-0.253664136
4905,1.30521846,0.00952409208
4906,0.305005968,-0.0469234437
4907,0.0426067673,0.383189499
4908,1.62025917,-0.404595077
4909,0.431026787,0.441486269
4910,-1.10751688,-0.158746138
4911,0.555006206,1.15868473
4912,0.268969357,0.571044505
4913,0.180256382,-3.07900739
4914,0.558663368,2.76558399
4915,-0.025916826,-2.42402267
4916,-2.25058246,-1.04961896
4917,-2.02232647,1.26294529
4918,0.191825956,-0.191061154
4919,-1.09442258,0.188961506
4920,-2.0063622,0.667387426
4921,-0.0358673111,-0.162807733
4922,0.560855746,-0.736462712
4923,-2.38158965,-2.28503323
4924,-4.37200117,-1.74048507
4925,0.807680488,-0.223288372
4926,0.243538231,0.027681198
4927,-3.83485484,0.872613907
4928,-3.06143022,-4.40238762
4929,0.318023384,-0.213468611
4930,0.706795454,-0.1788885
4931,-0.969698489,0.870137513
4932,-0.481830925,-0.530902565
4933,0.390947968,-1.66686666
4934,-0.767880499,-0.194580734
4935,0.342236668,0.0711425096
4936,0.592176139,-0.847134292
4937,-2.41733623,-0.795486033
4938,1.02076817,0.826919079
4939,-0.673684955,-0.703494608
4940,-0.265364021,0.118224755
4941,3.43742037,0.678876817
4942,-0.788381815,0.483405173
4943,-0.369891435,-0.432062596
4944,1.51305592,1.3481071
4945,-1.15751159,0.0347182192
4946,0.272613764,-0.356143057
4947,1.17116928,0.00783071201
4948,0.0805085003,0.0448928624
4949,2.25120401,-0.85790658
4950,0.957553566,0.105715685
4951,2.47857022,-0.30860725
4952,1.92492199,1.73216558
4953,0.154901356,-0.803784132
4954,3.3626895,0.19142881
4955,-0.0985197201,0.17180793
4956,0.772762477,2.35547304
4957,-2.32474852,-2.36580634
4958,-1.28617823,0.203905076
4959,-0.12641716,-0.282334834
4960,-0.385170579,0.576440573
4961,-1.13819706,1.09525156
4962,0.24751994,0.555720329
4963,1.20044124,-1.20985925
4964,-0.758517981,-0.165447041
4965,0.150992051,0.122916415
4966,0.392457128,1.3429774
4967,1.58350921,0.663645685
4968,-0.30503574,-0.781061471
4969,-1.08276653,-0.878247797
4970,0.831299663,-1.08924723
4971,-0.0432370529,0.796685994
4972,1.30242407,-0.12380188
4973,-1.83467579,-1.38855803
4974,1.17678893,-0.941712916
4975,0.946371615,-0.0480527468
4976,0.059931539,-1.76172638
4977,-0.0501230694,-0.167895943
4978,-0.44516477,-0.625644743
4979,0.824364185,-3.50521588
4980,1.46224415,-1.49897516
4981,0.375314683,2.40799832
4982,0.0414278805,2.16844678
4983,-0.646487832,0.114549495
4984,0.867250264,-0.187009871
4985,0.478568792,3.18290687
4986,0.78593123,0.660452306
4987,-0.0297311824,-1.38233149
4988,0.641387165,-0.434969425
4989,1.25507987,-0.53865242
4990,0.484128982,-2.6896348
4991,-2.77841091,-0.842055678
4992,-1.45973492,-0.772470593
4993,-1.21049273,-0.752199233
4994,-0.313348889,0.583065152
4995,0.820972919,-1.70557117
4996,-0.88819772,-2.09647799
4997,-1.47767675,0.89497894
4998,2.59766126,-1.1491586
4999,-2.344625,2.09287953
5000,0.143698558,0.159470603
5001,-0.755729139,1.28369713
5002,0.390075386,-0.279787362
5003,-0.832134962,0.557292342
5004,0.494429767,0.0629913434
5005,3.60575342,2.03399682
5006,0.0438338928,-0.153583989
5007,-0.00685150828,-1.08579957
5008,2.51906848,0.00979511347
5009,-2.74163675,-1.57890677
5010,0.012236516,0.77700448
5011,0.144532323,0.0131048085
5012,-0.252082318,-0.234785929
5013,-1.72254527,-1.09806621
5014,0.290249288,-0.0822604522
5015,-0.873864293,1.10704887
5016,-0.0249482095,2.27645564
5017,-1.02741754,-0.374373525
5018,-0.234451398,-0.105060942
5019,1.84172308,0.306527466
5020,-1.03213334,0.566839516
5021,0.0884765089,1.20285428
5022,-1.17946029,-0.0257748179
5023,-0.58438772,0.0724191815
5024,1.03336263,0.0346870571
5025,1.52273369,-5.1498456
5026,1.33497477,-0.202547818
5027,0.429859489,0.404084295
5028,-1.83546937,0.539860666
5029,0.715602517,-1.74996448
5030,-1.0558728,-0.146264285
5031,1.21125603,-0.068045795
5032,-0.0824566633,0.0666240975
5033,-0.472156048,1.88979268
5034,0.352536619,-0.158632129
5035,0.0630053058,1.13484073
5036,-0.791999638,-0.833632648
5037,-1.45136845,-1.73325455
5038,-0.700009704,-1.18283772
5039,-0.353374988,0.720992982
5040,-1.34663892,-0.161780119
5041,-2.17139101,-0.805136025
5042,0.0591217279,-0.159770697
5043,-0.405624121,0.901494503
5044,0.610509336,-1.33336234
5045,1.00769782,1.49265587
5046,-1.33932292,0.280133635
5047,0.194374055,0.169596225
5048,0.352546424,-0.264067948
5049,-0.316701531,0.0649793446
5050,-0.187732324,1.16924632
5051,0.170356035,0.6187796
5052,0.239134312,0.0551369786
5053,0.00682668108,-1.39155626
5054,-0.185483828,0.146052226
5055,0.222635344,-2.14646912
5056,1.59586704,0.251478493
5057,0.721046627,0.88673526
5058,-0.182486609,2.03071618
5059,-0.764449418,2.72287822
5060,-0.961498141,-0.264241397
5061,-0.035250973,-0.801467478
5062,-1.21009779,-0.852859557
5063,-0.0594086647,0.46236977
5064,0.0599594191,-0.506354213
5065,-1.71109748,1.46365392
5066,-2.10018873,2.2506597
5067,-0.763705969,-0.629267573
5068,-0.753520668,0.522379398
5069,-0.737162769,0.393550992
5070,-0.600497305,1.19007874
5071,-0.735561609,0.121455736
5072,-0.621787906,-0.0394986831
5073,-0.154663667,0.782384276
5074,0.826751232,0.100569628
5075,-0.219768897,0.085320726
5076,0.556025445,0.246960551
5077,-0.795089364,-0.903161228
5078,0.264777571,2.85518122
5079,0.241615221,1.0338738
5080,1.13863349,-0.175547525
5081,0.761721611,-0.21862334
5082,-0.460719138,-2.72950983
5083,2.37308359,-0.546115577
5084,-0.0879460424,-0.46512419
5085,2.30877852,0.195500955
5086,0.109510034,-0.30291608
5087,0.103888981,-0.206205264
5088,0.540344179,-1.18502712
5089,1.7810359,-0.76672411
5090,-0.0298616011,0.256717116
5091,-0.514795244,-0.153765693
5092,0.671197295,-0.929383337
5093,2.02705288,0.738153577
5094,0.0947190225,-0.827053249
5095,0.906651318,-1.66253209
5096,0.786724806,0.199939534
5097,0.456282288,0.248080164
5098,-0.471639603,-0.745378494
5099,-0.198914334,2.57370043
5100,-0.370909035,-0.0501115918
5101,-2.06505632,-1.23821628
5102,-0.787286222,2.7954464
5103,-1.00828266,-2.08269882
5104,0.00570046017,0.971796036
5105,0.428434581,-0.836413801
5106,1.41738796,-1.3761549
5107,0.521305203,1.05684018
5108,1.61031759,-1.22053301
5109,1.00158465,0.648600161
5110,0.428793341,-2.10514164
5111,0.209835261,1.36645532
5112,0.224498987,0.6273489
5113,0.54691422,-0.184616193
5114,0.376734227,0.0968081281
5115,-0.262925237,-0.894113481
5116,0.0917142332,-0.20871003
5117,0.312756836,0.192661405
5118,0.864470243,-0.0994345024
5119,0.748582304,0.826906145
5120,0.199384034,-0.587532341
5121,-0.957319856,-1.96309853
5122,0.358784646,1.80560994
5123,-0.389274508,0.30026105
5124,0.396133482,0.609980881
5125,1.47245657,0.146265298
5126,0.438289493,0.297400266
5127,1.55922937,-2.04081631
5128,0.797381699,-0.214689299
5129,-0.0790722519,0.197972387
5130,-0.260625243,-0.135982424
5131,3.45599008,-0.668064833
5132,1.85789597,1.81182003
5133,0.32778275,0.467918873
5134,0.121367358,1.04779673
5135,1.54837179,-3.35404038
5136,0.371162385,4.01122904
5137,0.501785398,-0.205213591
5138,0.99006927,-0.320618778
5139,1.6521703,0.534384847
5140,2.19341159,1.22646916
5141,0.20783475,-0.318808138
5142,0.394082099,-1.8816762
5143,-1.59005845,0.28451395
5144,-2.44130039,2.62695813
5145,0.458293915,1.6905998
5146,1.38551223,2.08528543
5147,0.553198338,-0.537804365
5148,-1.18865216,-1.87708366
5149,-0.627929091,-0.279677689
5150,-1.54039824,0.772975802
5151,-0.286174357,1.44882417
5152,0.232836843,0.83461225
5153,-3.17221284,0.510244071
5154,1.59629667,0.12113899
5155,0.407078028,-0.314960718
5156,-2.39316869,-1.26264334
5157,0.808991075,-0.821752548
5158,0.422499508,1.85056782
5159,-1.55538571,0.20591186
5160,-0.187148497,0.429411203
5161,-2.19569826,0.772525728
5162,0.239870846,-2.1449883
5163,-1.35339165,1.53436697
5164,0.589128315,-0.959304392
5165,0.140235662,-0.461552829
5166,1.17413092,-0.32592231
5167,0.175380751,0.0645355657
5168,-0.0789533332,-1.85839951
5169,0.497096479,0.438762128
5170,-0.182281405,-0.246169135
5171,-2.49558735,-0.411665976
5172,-0.0960672423,-2.16863418
5173,-0.872044146,1.43779874
5174,-0.357492477,-0.152926818
5175,-1.09517431,0.598311365
5176,-0.799363196,2.25389481
5177,-0.782895744,-0.884842634
5178,-0.209367871,-0.186680436
5179,0.256256849,-0.201300502
5180,2.19828677,0.885184348
5181,0.130129024,-0.226527825
5182,0.298170418,0.265751541
5183,-1.0273515,-0.51677984
5184,0.314545661,-0.104122147
5185,0.324901551,0.224300697
5186,-0.221810326,1.04804337
5187,-1.15607238,2.47471166
5188,-0.239041537,-0.254317522
5189,-0.97181052,-0.66477263
5190,0.450174898,-0.385622472
5191,-0.183821291,1.74918067
5192,0.230919912,-0.16813983
5193,0.226755068,-0.392003447
5194,0.972170889,-2.09811497
5195,-2.98794651,-0.883663595
5196,-0.978529572,-0.612693727
5197,0.958396018,0.18059659
5198,0.626800835,0.0464644767
5199,0.409865379,0.129883289
5200,0.313998967,-0.385383219
5201,0.790018022,-0.46881178
5202,-0.024271233,-1.47721088
5203,0.221402898,0.173380405
5204,-0.214626834,0.114721291
5205,0.355134964,0.0627474785
5206,0.185251907,-0.0866943598
5207,-0.781197608,-1.53948379
5208,1.9005022,-2.2298243
5209,-0.608069658,-1.3948288
5210,1.45420647,0.648467898
5211,-3.07619476,0.72837472
5212,0.884403348,-2.87520504
5213,-1.84396422,0.0125180446
5214,-1.34127808,0.615819335
5215,0.577343464,0.316843599
5216,0.981947422,-2.16879082
5217,-0.0817606971,-0.146854654
5218,1.76923299,0.346436143
5219,-0.0852681696,-0.460920632
5220,0.207030043,-0.163382024
5221,2.15216732,2.13062143
5222,1.4573499,-0.103320442
5223,-0.031338606,1.21392059
5224,-0.213871092,0.21665521
5225,-1.91276073,0.975474834
5226,-0.286884218,2.01055884
5227,-3.26217341,-0.198223099
5228,2.1091876,-0.0694720075
5229,-2.37885046,2.63595033
5230,-1.65214205,1.95905817
5231,0.730157852,1.5421015
5232,1.19269896,1.62717187
5233,1.40790462,0.383439362
5234,0.793228924,-1.31291318
5235,-0.818235457,-1.08514404
5236,-1.7097621,-0.675209641
5237,-1.11169672,-0.742801964
5238,-1.53415811,-2.2224443
5239,-2.02937579,-0.0230822787
5240,-1.14251375,-0.119096294
5241,0.16205436,0.954270601
5242,-1.38035202,-0.297703624
5243,-0.157776654,-0.757983625
5244,0.123041578,-0.237556905
5245,0.507993698,-0.424449027
5246,0.119506255,0.327713877
5247,0.414798468,-0.159613982
5248,-0.878054798,0.161054656
5249,0.042640578,-0.879738331
5250,0.183049977,-1.68733323
5251,0.761514127,0.955832779
5252,0.540346146,-1.02325809
5253,-0.337264419,-0.723639548
5254,-2.16364336,-1.22561669
5255,-0.987459183,0.683648825
5256,-0.530867994,1.11750138
5257,-0.769044161,0.837479413
5258,-3.38679123,0.560566485
5259,1.27281678,-2.38274312
5260,-0.0230882894,0.553567588
5261,-0.900661945,-1.85172164
5262,-3.6730485,-0.943697393
5263,-0.227521777,0.00946602877
5264,-0.574077845,0.379524738
5265,-0.257719159,0.173675984
5266,-0.312168539,0.742012918
5267,-2.20306373,-0.101311222
5268,0.151662588,-0.212586179
5269,-0.561526358,-0.12051782
5270,-0.993088067,0.436023384
5271,1.35613763,-0.890759289
5272,2.67597961,-1.64381158
5273,-0.0627953634,0.187649593
5274,-0.625756621,0.989870071
5275,-1.17095876,-1.73720276
5276,1.10608947,0.311324626
5277,0.824194551,1.82987964
5278,1.65203714,-2.86344647
5279,-0.0346560143,-0.203122899
5280,0.0698594525,1.3115741
5281,-1.13431811,-0.646926284
5282,0.233057573,0.325700551
5283,-0.0462993048,-0.581750393
5284,-0.618608057,-0.206031859
5285,0.107970253,0.382179528
5286,-0.752750158,-0.756134212
5287,0.45454061,-0.810671329
5288,0.37734139,1.00290358
5289,-0.695495069,-1.85378909
5290,-1.66520464,-1.47100627
5291,-0.128699929,0.113504335
5292,0.534792542,0.472580045
5293,-0.0426893272,1.19309449
5294,1.17519808,-3.18935061
5295,-1.81531429,1.73312426
5296,0.462448239,1.02906275
5297,0.237408549,0.756361842
5298,-1.81360769,0.895453751
5299,1.42597413,-1.35132051
5300,0.726866364,-0.166019216
5301,-0.129451573,-0.183302194
5302,-1.51546764,4.16324091
5303,-0.111183345,-0.162285581
5304,1.44592321,1.480214
5305,-0.689947605,-1.17571223
5306,-0.878835499,1.08208501
5307,-4.20480442,-1.22020769
5308,-2.3399806,0.590131819
5309,-0.889951229,-0.628031075
5310,0.00252683414,-0.900555789
5311,2.65779662,2.69258285
5312,0.514130652,-1.03180289
5313,-0.508384466,0.653178275
5314,0.184039623,-0.247752547
5315,-1.58238184,-1.3116467
5316,0.970588624,1.70382714
5317,1.22057366,0.510944009
5318,-0.873552203,-0.969362438
5319,-1.94085681,1.58923018
5320,-0.646029413,-0.330270201
5321,-1.9911598,-2.9881804
5322,0.520177901,-0.129383877
5323,-0.598716438,2.12842321
5324,0.868237495,-0.756612897
5325,-0.906377554,1.85608375
5326,-0.39518249,0.0968799517
5327,-1.70063639,-0.258446991
5328,-2.8414278,-0.730872631
5329,-1.34824097,2.76425529
5330,-1.70679843,0.0532137901
5331,-1.46150589,0.194505945
5332,-1.96851134,1.32809663
5333,0.96033144,-1.71082985
5334,0.58033222,-0.44113934
5335,0.0438443944,0.410264045
5336,-0.36461845,-1.29497075
5337,-0.526171684,0.266944706
5338,0.54677546,0.0629383773
5339,0.533260107,-0.012352719
5340,0.591783643,0.878779531
5341,-0.878530562,1.79637277
5342,1.76761436,-1.10728467
5343,-0.51287812,-0.760549486
5344,-0.733600378,-0.960610449
5345,-1.07283866,-2.75177121
5346,0.925108135,0.731895685
5347,-0.773233712,-0.702843308
5348,0.577083766,1.26433957
5349,-0.503559649,-0.980183601
5350,-1.55610335,0.632819235
5351,0.745443523,-1.48388481
5352,-0.100571506,-0.190075338
5353,-0.0334331281,0.431105107
5354,0.250578731,0.169874713
5355,0.974356949,0.694925785
5356,0.306872696,0.0476246551
5357,-1.892151,0.59276104
5358,-0.762203157,-0.888489962
5359,-0.28979677,-0.463065445
5360,-0.0552567244,0.330085784
5361,0.801935256,-1.36605382
5362,-1.25849378,1.30206275
5363,-0.918332875,1.83167958
5364,-1.04551935,-0.580673993
5365,0.594231844,0.570615172
5366,0.942156672,2.4215498
5367,1.13809216,-0.448343068
5368,-0.630087674,-0.581173897
5369,1.07199645,-1.28215253
5370,0.430507541,-0.355908811
5371,1.13612568,-0.755741954
5372,0.245998502,0.766219497
5373,2.83774757,3.39693761
5374,0.483744144,0.199942321
5375,-0.258342534,0.214668795
5376,-2.01181793,-0.292408228
5377,1.01504481,-1.78527129
5378,-0.386602998,-0.3614856
5379,2.68947506,2.3224833
5380,2.10870862,2.28778434
5381,-0.687494695,-0.461118788
5382,0.676367462,-0.990967095
5383,0.365645766,0.0300609842
5384,-0.68759805,-0.839947879
5385,-0.269491166,-0.168022305
5386,0.213351548,-0.155845895
5387,-0.217670247,-0.139815852
5388,0.87310946,-2.30498648
5389,1.77407408,0.143164113
5390,-0.41129759,-2.2138021
5391,-0.0868018121,0.55829674
5392,-0.12833032,-1.72441185
5393,-2.08656406,-1.39044023
5394,-0.500536799,-1.02695525
5395,0.420679897,-0.0121912574
5396,-0.722633123,-1.81503975
5397,0.499263972,-0.274228901
5398,0.829059541,-1.45563638
5399,1.66037023,1.48188639
5400,1.28018451,-1.01156092
5401,-0.571513653,0.365055144
5402,0.299127638,0.403686553
5403,-0.712931275,0.617842376
5404,0.958505452,-0.181796536
5405,0.275875181,0.0680070743
5406,0.0175858084,-0.493266791
5407,-0.201934919,-0.28018859
5408,0.457207471,0.560203552
5409,-0.512451053,-0.998081386
5410,1.92366862,-0.144647136
5411,2.02862358,-0.18204625
5412,1.09927821,-2.00372267
5413,0.673911393,-0.736049116
5414,0.40029037,0.93798393
5415,1.63403738,-1.17045748
5416,0.872774303,0.694838762
5417,0.800391138,-0.525461972
5418,-1.14043915,0.125529662
5419,-0.775976479,0.0846647993
5420,-1.14497054,-0.912972331
5421,-1.03104389,-0.415623963
5422,0.263163239,0.315159231
5423,0.0675967038,0.166276157
5424,-0.0752601773,0.472862273
5425,0.233157262,-3.61850333
5426,-0.165141344,-1.02187467
5427,-0.0869153887,-0.69102037
5428,-0.635729611,-1.88452518
5429,-0.609607518,-1.44497609
5430,-1.35146523,-0.567009926
5431,1.21282458,-0.749482453
5432,0.237066582,0.345530748
5433,1.0685395,-0.123190343
5434,2.68793988,0.988626182
5435,-0.5718292,-2.06949306
5436,0.684805751,1.8795718
5437,-0.939994752,1.58984816
5438,-1.33348429,1.75490892
5439,-1.15150368,0.0304068588
5440,0.680616438,-1.01317215
5441,-1.08203804,0.446551442
5442,1.19298935,0.424536854
5443,0.289784968,1.88848698
5444,-1.89347887,-0.253945559
5445,0.455059052,0.758246601
5446,1.5997715,-1.80846548
5447,0.342726916,-0.418625891
5448,0.949257433,0.457064599
5449,1.76543212,-0.896203518
5450,-0.880428791,1.90105104
5451,0.546144247,-1.41969717
5452,1.06716573,0.896343052
5453,0.629379392,0.0975850597
5454,-0.57682848,-0.166581228
5455,-0.161846876,-1.02268875
5456,-0.67242521,0.205121502
5457,-0.50982964,0.215015694
5458,-1.05306995,-2.23828459
5459,0.0941015854,0.129965559
5460,-0.499029368,-1.62149382
5461,0.048440475,-0.180064112
5462,-2.30403566,1.60022914
5463,-2.13405657,2.48860741
5464,-0.0225780997,1.10158765
5465,0.155760795,-1.52594936
5466,1.54782093,0.440947115
5467,0.267988592,0.314538896
5468,0.104427621,0.874747932
5469,-0.711801589,0.973677337
5470,1.31051242,-1.9154073
5471,-2.15980506,1.22244692
5472,-1.87042665,-1.82543468
5473,0.968058109,-1.35828125
5474,1.90079021,0.378828377
5475,2.64038491,0.0740440115
5476,-0.729917169,1.62205708
5477,-0.822696924,-0.462171167
5478,0.676323116,0.161258161
5479,-1.58966231,0.682258248
5480,-0.970513701,0.666618109
5481,-0.29743591,-0.877597034
5482,-0.33476615,1.95606506
5483,0.666820049,-2.27726293
5484,2.09706426,1.0437181
5485,0.382233739,0.729585648
5486,1.04598141,0.807717741
5487,1.71165574,-0.965875506
5488,-2.26000237,0.876098275
5489,0.207811952,0.10602738
5490,-0.488742411,0.650069773
5491,-0.0056371768,-0.189747736
5492,-1.1836127,-2.30168009
5493,0.122004867,-0.240019873
5494,0.482618868,0.243442446
5495,-0.519340396,0.162695855
5496,0.141143471,-1.04952979
5497,-0.00289889076,0.94612205
5498,-0.122422136,-0.150702968
5499,2.45819449,-2.33694482
5500,-1.10121584,0.675382197
5501,0.341404349,0.945037186
5502,-0.536474168,0.337731749
5503,0.489043236,1.860448
5504,-1.04638553,0.147274271
5505,-0.0569794774,0.772268057
5506,-0.336811662,-0.757192612
5507,-1.13528943,-0.345898211
5508,-1.41304183,-1.79302788
5509,-0.0234813727,-0.00737004215
5510,-0.837267101,-0.427590758
5511,0.551663101,0.711726487
5512,1.01755404,-0.185219184
5513,1.33486569,-2.06374121
5514,0.241465092,0.222623497
5515,1.06507397,0.411618859
5516,0.753297389,-1.00809538
5517,-0.653230667,0.901959717
5518,-0.242141038,0.0353597887
5519,-3.69078922,-0.23517178
5520,1.363397,-0.857225001
5521,-1.18657851,-2.17380929
5522,-0.112385377,0.238952592
5523,-0.721493244,0.652691841
5524,0.289048344,0.0721246228
5525,0.181376904,-0.118456498
5526,-0.911082447,0.37065962
5527,-0.77612257,1.14954603
5528,1.12748861,1.31865692
5529,0.077875264,-1.08020723
5530,0.326973617,1.46425092
5531,-0.265212029,-0.328696966
5532,-0.519702137,2.36070132
5533,1.32694006,0.0278346725
5534,-1.26267588,-0.496798605
5535,-2.32090807,-0.6343894
5536,2.34747934,0.448808849
5537,0.411411345,0.747987688
5538,-0.123528615,0.536584258
5539,3.01408815,-0.737641752
5540,-0.749881566,1.49298704
5541,0.0147221498,-0.409238249
5542,0.0724213496,-2.23358512
5543,-1.98895407,-0.431533039
5544,0.0666305199,0.550370812
5545,0.655673862,-0.530113459
5546,-2.06979799,-0.038739495
5547,0.208005726,-0.159643263
5548,0.24252978,0.426597416
5549,-0.328568339,0.192933843
5550,0.267561734,0.0684545636
5551,-1.90132999,0.702342689
5552,2.20886302,-1.5488205
5553,5.08869362,0.590369582
5554,0.647522628,3.0244143
5555,-1.34916735,0.625215054
5556,-0.886859894,1.08664954
5557,-2.63125014,0.0149198547
5558,-0.464935869,0.756423235
5559,0.0563842654,0.332974166
5560,1.13001919,-0.848410785
5561,0.0622065589,-0.400271684
5562,0.30521369,2.56458998
5563,1.33056331,0.714837968
5564,-0.252227038,1.43229294
5565,-2.06208348,-0.754917264
5566,-0.450391769,-0.0492002368
5567,0.263073802,0.459978789
5568,-0.105286621,0.42984727
5569,-0.151588485,0.023911817
5570,0.44819662,0.388460875
5571,-0.364716858,0.583695292
5572,0.323138237,-0.420875728
5573,0.167972252,0.494367361
5574,1.51367366,1.14542484
5575,-1.24448681,-0.551488876
5576,-0.354812205,1.3368125
5577,0.328277647,0.118868545
5578,-1.04355299,-1.67454803
5579,0.0901227444,-1.59121025
5580,0.175219834,1.0765419
5581,0.0428572223,0.202772811
5582,-2.03470588,0.990241289
5583,-0.66496855,0.323890001
5584,1.6409626,-0.891314447
5585,0.482260048,0.432171315
5586,1.53920841,-0.993860006
5587,-1.50216985,0.0195200909
5588,0.348497927,-0.723937094
5589,-0.732207417,-2.6296699
5590,-2.86967945,-0.548912048
5591,0.0504903197,-0.412679106
5592,-1.35235918,1.46569002
5593,0.739958644,1.94590294
5594,-1.44787598,0.160525739
5595,-0.114136696,0.85737288
5596,-0.632988274,1.52170372
5597,-0.548975706,1.232023
5598,-0.187593326,2.38202143
5599,0.51597482,1.11864209
5600,0.218458906,0.149612039
5601,-2.27822304,0.810147822
5602,0.823345184,-1.90477061
5603,0.23299171,-0.358365536
5604,-0.997289121,-0.44765082
5605,1.26098132,0.016965514
5606,-1.6678282,0.950008035
5607,0.605505884,0.18101345
5608,-0.134995207,-0.160143867
5609,-0.884524405,-1.12725091
5610,2.97216129,-1.35049617
5611,-0.37873745,1.77625895
5612,-0.328679413,-0.631109297
5613,-0.0127628949,0.342035145
5614,-0.435805202,0.219580248
5615,0.0648267567,-0.630683243
5616,-0.279367864,0.604715407
5617,-0.512737691,0.101092458
5618,-1.24980462,-0.206025809
5619,1.58759928,-3.06578851
5620,-0.12478628,-1.28548741
5621,-0.725972474,0.0253436659
5622,0.169248357,1.10179842
5623,-0.309048325,-0.561557114
5624,0.32032612,0.253967673
5625,1.49744427,-1.00993729
5626,2.89603138,4.04577589
5627,-0.275300235,-1.5192734
5628,0.00524580805,-0.431939125
5629,2.18496466,-0.363246739
5630,1.23602057,-0.865510225
5631,-0.466960371,-1.80893528
5632,0.362197101,-2.50330448
5633,-2.5683713,0.834269524
5634,0.476778984,2.15882254
5635,-0.0896929801,1.10964119
5636,1.05749393,-0.349793911
5637,0.233497649,-0.388056636
5638,1.45681429,-1.0803448
5639,2.22688484,0.747114956
5640,1.02733946,1.04056668
5641,0.20735462,-1.01310682
5642,-0.161903918,0.801659584
5643,2.03037238,1.3681885
5644,0.044254683,-0.149982244
5645,-0.980165064,-2.03299952
5646,1.22382128,-1.53690517
5647,-0.116648026,0.616422713
5648,-0.954877615,0.052370701
5649,0.130167931,0.013300851
5650,-0.158894166,-1.36265695
5651,-0.594861388,0.972662508
5652,0.251068503,-0.0560061969
5653,0.676800609,-0.0550620519
5654,1.02394009,0.563651621
5655,-1.35621893,-1.03201449
5656,-1.01813185,-0.729177296
5657,-0.287694246,0.51707232
5658,-1.05825067,-0.26476422
5659,-0.650615752,-1.90893662
5660,0.294958949,0.978239477
5661,-0.968487978,1.24780571
5662,-0.151942238,0.15629223
5663,-0.665981054,-0.614012897
5664,1.14141858,-0.335665762
5665,2.51564741,-0.25058946
5666,-0.00981759001,-0.322983146
5667,-2.03960371,0.865301967
5668,-0.387801856,0.495675147
5669,-0.63818562,-0.640671432
5670,-0.391790003,0.31776908
5671,0.171242654,-0.0581859127
5672,-0.52746737,1.0132035
5673,0.597256362,-0.308420002
5674,-1.46023321,-0.406700939
5675,-1.53143799,-1.13363719
5676,-0.534685135,0.658024073
5677,-0.204967201,1.64601982
5678,0.169194445,0.130847633
5679,0.360570252,0.44004482
5680,0.353949696,0.470220745
5681,-0.492016286,2.16914558
5682,1.5840354,-1.98478472
5683,0.292424142,2.26319981
5684,0.0154592097,-0.76158005
5685,-0.980318785,0.224857807
5686,-1.77997613,-2.19251323
5687,0.953833222,2.10618162
5688,0.271956444,-0.930696547
5689,-0.117824912,1.1322037
5690,0.0176620968,-1.18636143
5691,-2.6676724,-0.42926085
5692,-0.29663533,0.8565045
5693,-1.92842233,-1.86541843
5694,1.01163423,0.882382691
5695,0.258696228,0.834026873
5696,-0.90299958,-2.97222328
5697,-0.369638085,-0.842696607
5698,1.75719047,1.13093555
5699,-0.257459134,-0.265383005
5700,0.493000805,0.39650929
5701,-0.114701919,-1.74100947
5702,-0.645714819,-0.0956368968
5703,0.671309471,-0.758317173
5704,-0.810206592,-0.436316162
5705,3.13855147,-0.454010278
5706,-1.58030665,-0.347898215
5707,0.272076666,-0.337670803
5708,-0.430964321,1.2117039
5709,0.296771407,-0.0978353396
5710,1.81552303,-1.34031713
5711,-0.112809114,1.78963172
5712,1.02979648,-0.480089128
5713,-0.743976831,-0.341896415
5714,0.15821138,0.242191121
5715,0.125901535,0.350581944
5716,-0.675795496,0.52276808
5717,-0.778085947,0.372459143
5718,-1.33214962,1.51877928
5719,-1.14865088,1.2603724
5720,0.331930131,-0.113546185
5721,0.788526356,-1.43683922
5722,0.46009618,-0.0567135662
5723,0.908244371,-0.810105741
5724,-0.711555004,-0.00795317721
5725,-1.00763535,2.62404466
5726,-1.26571107,-0.139938012
5727,-0.0890742987,0.346238643
5728,-0.11569079,0.0911048576
5729,1.99115491,-0.208412349
5730,0.505707562,0.0188342445
5731,3.93430305,1.15851331
5732,-0.73423624,0.0511320457
5733,1.06462049,0.379414886
5734,-0.0664587393,0.389258742
5735,-0.735445261,0.330361694
5736,-0.617930949,1.05886328
5737,-1.22031069,-0.572174549
5738,0.0384285487,0.335811824
5739,1.68525302,0.189631417
5740,0.270448864,0.338102341
5741,0.800114393,-1.73065698
5742,0.361331373,-0.0916265696
5743,0.539113224,0.0778453723
5744,0.783574402,-0.574301004
5745,-5.57130516e-05,0.2753084
5746,-2.9113946,1.41564286
5747,0.91814965,0.448704273
5748,0.0345565081,0.794521511
5749,-0.0297348909,-1.22343743
5750,1.98861837,-0.0959085301
5751,0.179135188,-0.0103534078
5752,-1.26365292,1.88840818
5753,0.981931567,1.13432443
5754,0.566723943,2.77665806
5755,-2.45547724,1.388111
5756,1.29511142,-0.341285288
5757,-0.668983042,-1.08547699
5758,-1.14342201,-1.29320502
5759,0.740127623,0.762761831
5760,2.35562277,-0.365519881
5761,-0.555484951,-1.61193323
5762,-1.4437201,-0.866943657
5763,0.809786439,-0.679257929
5764,-0.0250766836,-1.45162833
5765,-0.21788995,1.46597397
5766,-1.51440501,0.544448912
5767,0.171926796,0.110808492
5768,2.14558578,0.0955985561
5769,0.471430898,1.04374564
5770,-3.29812598,0.225110188
5771,0.44445166,-0.0723367333
5772,-0.377352864,-0.485626876
5773,-1.95490098,0.218808979
5774,-0.461433977,1.69142449
5775,-1.19636953,2.42313886
5776,-1.51584172,-1.07656372
5777,2.73303866,1.6953609
5778,-2.86549997,0.932002246
5779,2.90965056,0.62541759
5780,-0.382066786,-0.0652444959
5781,-1.93343937,0.869214535
5782,0.634377539,0.0132172136
5783,1.41816151,0.0132047832
5784,-3.05016136,3.56189775
5785,-1.14445472,1.71363091
5786,-0.891170323,4.09824038
5787,1.89199758,1.49248099
5788,-1.38874209,-3.46771336
5789,0.318746924,0.244975984
5790,0.0816198215,0.755542815
5791,-0.627966583,-0.519949675
5792,0.40849027,0.265895277
5793,1.5730505,-0.313085467
5794,0.516750872,-0.266759366
5795,-0.665257752,0.430938452
5796,0.671065986,0.580619395
5797,-0.187790692,-2.77900124
5798,3.26630521,-0.859354079
5799,0.214877397,0.456226707
5800,-3.24872971,-0.512128294
5801,-1.20271051,1.08269429
5802,0.238113046,-1.18901801
5803,0.0774952322,0.68390429
5804,0.0799971372,-0.793894231
5805,0.691703737,-1.88384974
5806,-1.35062051,-0.716088712
5807,-0.611587703,-0.998077631
5808,1.4989785,0.0341416933
5809,0.640503645,0.808290899
5810,-0.835401297,-2.25403833
5811,0.831520617,1.94113564
5812,-0.406222969,1.10956967
5813,0.0704491809,0.382472634
5814,-1.36272967,-1.72317183
5815,-0.987845421,0.576762736
5816,-0.00377082848,2.11857772
5817,-1.7282244,-0.690547168
5818,1.91423643,0.265240192
5819,-3.70939684,-0.410550475
5820,2.2607162,0.103171378
5821,1.74941909,0.674784243
5822,2.1446147,1.18330252
5823,0.305416286,0.057678774
5824,0.0583421513,-3.11853099
5825,0.917924643,-0.469878316
5826,1.09641922,0.0219119303
5827,0.49150297,1.05647385
5828,-0.161341831,-1.09173143
5829,-1.06265128,-0.623566031
5830,0.00339729525,-0.340811908
5831,1.46466935,0.971727252
5832,-1.06511354,-0.172498927
5833,-2.50067401,0.29936707
5834,0.461916983,0.390330762
5835,-1.33489203,-1.33886683
5836,-0.381228626,-3.70997143
5837,-1.6506561,-0.360928088
5838,1.60762203,-1.06343579
5839,0.597958446,-2.05756664
5840,-0.565404594,0.383923709
5841,2.67908406,-1.99677002
5842,-0.189313233,-0.120699681
5843,-1.29906142,-0.721535504
5844,-0.0157715231,-1.29174829
5845,-1.58667099,1.3204006
5846,-0.0878049061,1.29213178
5847,1.12477779,-0.327162445
5848,2.03232098,-0.992987692
5849,-0.113708481,-1.51567698
5850,-1.41737413,-0.818519711
5851,0.267438114,0.0607283264
5852,-2.44719386,-2.6921773
5853,1.10780144,-0.356222242
5854,-0.150984123,1.57860267
5855,-0.308079332,0.0984139442
5856,0.276558489,-0.310324371
5857,0.915162325,0.271851271
5858,0.107907616,-0.409965396
5859,-1.5275867,-0.755803704
5860,0.314776599,-0.090840213
5861,1.47775424,0.649127364
5862,-0.109101422,0.328747004
5863,-0.146311209,-0.187859505
5864,-2.44996095,-1.0944494
5865,0.0776426569,-1.42136323
5866,0.154006988,1.13166904
5867,-0.391072839,-0.926586568
5868,0.547757089,-1.58101845
5869,0.307878494,-0.390358597
5870,2.81768012,2.03621531
5871,-0.374987185,0.209765166
5872,0.684000611,1.24090672
5873,-2.35887504,1.07421041
5874,-0.965190947,1.12484777
5875,-0.361005187,-0.463526845
5876,0.291738719,0.311937243
5877,1.97296917,0.685687244
5878,-1.18931127,0.864811182
5879,-0.415029407,0.457660705
5880,2.30927396,-0.447120339
5881,0.0487501696,1.50434923
5882,0.626591623,-0.0315462761
5883,-0.196770996,-2.4571104
5884,-2.50522518,1.09296763
5885,-0.553785861,-0.107720278
5886,0.634800732,-1.21350169
5887,0.130091652,2.28106403
5888,0.0259882733,0.0500774309
5889,0.0663690269,0.379979908
5890,-0.0705732852,1.30139518
5891,0.554240406,-0.670010328
5892,-0.38484481,0.135922641
5893,-1.62789273,-1.31266117
5894,-1.40752256,-1.20051134
5895,-0.426369399,2.55908489
5896,-0.0176681448,-1.15932822
5897,-1.02398062,-0.0989438295
5898,0.0920677707,0.060013853
5899,1.52060735,-0.15880698
5900,0.739055395,0.245133013
5901,1.52754319,0.568581581
5902,0.269687027,-0.468282104
5903,0.171174198,0.0945648402
5904,0.344544291,-0.752959967
5905,0.816037059,0.187291071
5906,-2.00851321,-0.215639159
5907,0.547429383,-1.85280383
5908,-0.402561784,3.06207299
5909,-0.129207507,1.13647211
5910,-0.135852635,0.34863919
5911,-1.34407222,-2.07678843
5912,-0.15740937,-0.0865439177
5913,0.595497966,0.647815466
5914,-0.979345441,-0.53629154
5915,-0.215941072,1.09486997
5916,-0.701259494,-0.367788643
5917,-1.04149628,1.72034407
5918,-1.92635059,0.996996224
5919,0.738019824,0.441084057
5920,-1.90138757,1.12643027
5921,0.0279694088,-0.343703926
5922,-1.14355266,-1.61827278
5923,0.0940995887,-0.28474164
5924,0.503871918,-0.633652031
5925,-0.434563398,2.92847705
5926,-0.0227602255,0.922306657
5927,-0.642576516,1.74054933
5928,0.500235736,0.0845031142
5929,1.25117826,-1.63768244
5930,0.16454415,-0.681095064
5931,0.313393682,0.340719104
5932,-0.977844775,-0.694771171
5933,0.5976789,3.89080238
5934,1.68842697,0.403103024
5935,0.621015847,-1.05204916
5936,1.69949055,1.20567679
5937,0.627097964,0.0246283412
5938,-0.670883894,-1.41667616
5939,-0.406276792,1.27219021
5940,0.531607568,0.66895932
5941,0.255936325,-0.414624661
5942,1.16974151,0.343028128
5943,0.985089183,2.02150202
5944,-1.46378815,-2.09233665
5945,0.540274382,1.09386396
5946,1.26826429,-0.0316687375
5947,1.95052111,-0.183614731
5948,0.668052435,-0.514449954
5949,0.00975586846,-1.5202564
5950,1.84944773,-1.42386532
5951,0.529468358,-1.27521634
5952,-0.468458623,-0.427741081
5953,-0.15037775,0.283141285
5954,-0.283569157,-0.282749742
5955,-0.142638206,0.789089978
5956,-2.58925295,2.07689023
5957,1.94329548,-1.77115977
5958,0.0239377171,-0.297624171
5959,-3.06159639,-3.34468317
5960,0.120157599,-0.118931346
5961,0.278721571,-1.58877146
5962,-0.376655936,0.802640498
5963,0.574473977,-1.34905076
5964,-0.43773374,-1.13373089
5965,0.232684731,-2.55493999
5966,-0.370216399,-0.0145013621
5967,0.439063758,-1.02384889
5968,-0.304891169,2.42711568
5969,-0.00172689161,-0.215578958
5970,0.233720958,-1.39532101
5971,-4.02438927,-1.87988329
5972,-0.2826958,0.0582529753
5973,-2.01891589,0.635070384
5974,1.15063906,1.78302968
5975,2.94427776,-0.546566963
5976,0.68089509,0.218282253
5977,0.107873142,0.751738369
5978,-0.70844233,-0.0426834114
5979,0.051672142,-0.365518183
5980,-0.350076109,-0.206343591
5981,0.555697799,-0.222997531
5982,-0.0519339144,1.1539073
5983,0.264068842,0.169716299
5984,-0.38385582,-0.0739429444
5985,-1.80097997,1.20177662
5986,-0.329150289,0.326784641
5987,0.0222578906,1.08836758
5988,1.53368366,-1.71516275
5989,0.492409289,-1.66990018
5990,-0.138310596,-1.16833639
5991,-0.249794632,-2.40927005
5992,2.61540151,2.03590083
5993,0.733377278,-3.16672373
5994,0.0108080544,-3.42684388
5995,0.886891246,0.62694037
5996,0.897843599,-0.130892143
5997,0.749286413,-1.06971192
5998,-0.362917691,0.278583467
5999,0.0446344502,-0.239093363
6000,-0.679697573,-1.38700736
6001,-0.110435568,1.27268732
6002,-0.700532317,0.464114338
6003,-1.473364,0.990167379
6004,-0.116081804,-0.225893974
6005,-0.123877868,-0.114640504
6006,0.162052169,1.93276978
6007,-0.160303429,0.194181904
6008,-0.278192669,1.61508214
6009,-0.0481063835,0.23562029
6010,0.130634815,0.00491345208
6011,0.206470579,-0.488636792
6012,0.286129057,0.00332079059
6013,2.3331008,3.0532167
6014,0.504638851,2.56384397
6015,0.495399356,-0.664192498
6016,-0.17116861,1.0501169
6017,-0.0306792874,-1.11962616
6018,-0.723057389,0.438654423
6019,-0.299047887,0.137752831
6020,-0.877411246,0.737709522
6021,1.80906999,2.42455316
6022,-1.70288372,3.41282439
6023,1.99539268,-0.346331328
6024,-0.0987607017,-2.57510591
6025,-1.38639414,0.919601798
6026,-0.269029796,-0.0107117537
6027,-0.552902937,0.54665488
6028,-0.717597425,-0.355437309
6029,-1.93185282,-1.85496831
6030,-0.136490807,1.67773914
6031,0.0523910709,-0.591489315
6032,0.27766493,-2.39562917
6033,-1.60929,-1.16169822
6034,0.101404496,-0.345322192
6035,-0.970563173,0.57954967
6036,-0.43844676,0.00397399673
6037,0.827020109,-0.730400741
6038,0.966944516,0.12875554
6039,0.13428548,0.507669389
6040,0.89899987,-0.324040055
6041,0.126923725,0.762402833
6042,-0.471280128,-0.133685097
6043,1.75136971,1.92061174
6044,0.0956477374,2.24956918
6045,1.59566867,-0.0647178218
6046,-2.43212605,-0.687290609
6047,0.879594386,1.08372748
6048,-0.601916194,0.112860203
6049,-0.207874745,0.106878713
6050,-1.9786191,-0.589510977
6051,0.47774455,-0.701869607
6052,0.174414799,4.41804504
6053,-0.169764832,-1.16757548
6054,0.451924324,-0.249276713
6055,0.0780054554,0.93780756
6056,1.02327311,-0.940753996
6057,-0.117909707,-1.9097091
6058,1.11352921,-1.03684437
6059,-0.340606391,0.159817949
6060,-0.335486919,1.27514374
6061,0.0970744044,0.23799552
6062,1.16222346,-2.54332399
6063,-1.47957087,1.30435944
6064,-2.45956779,-2.28423524
6065,-0.267415047,0.00141461706
6066,2.77378726,-0.288064033
6067,0.942700326,-1.50582063
6068,0.252227485,1.93338919
6069,1.81446517,1.44617248
6070,-0.140546441,0.420167029
6071,1.4090699,0.630176961
6072,0.392843395,-1.85384178
6073,2.05469251,0.00254384684
6074,2.19563437,0.449383229
6075,1.26706707,-0.522890031
6076,-0.849590719,0.672513247
6077,0.136556923,-0.211228311
6078,2.10678601,1.39535594
6079,2.11211729,0.210751221
6080,1.79332149,-1.91124547
6081,0.575695693,0.0367606841
6082,0.643477499,1.71329784
6083,-0.23483552,-0.595176458
6084,-0.043801304,0.360866427
6085,0.191752136,-0.117880858
6086,-0.734328747,0.481707096
6087,-0.738656223,-1.87804961
6088,-1.2974782,0.148138285
6089,0.730366588,1.03131711
6090,1.60667861,0.508157253
6091,1.12521911,0.375313133
6092,-0.580743134,1.0347513
6093,0.377943516,0.99379307
6094,1.52987337,1.3992368
6095,1.60048783,0.289255023
6096,-0.933184147,1.35712385
6097,-0.0295509025,-0.490085393
6098,0.484479666,-0.48999244
6099,-1.2243458,-2.05517292
6100,1.42328715,1.2254926
6101,-0.122301906,-0.246139243
6102,0.117145702,0.156953514
6103,-0.268666714,-0.0820178688
6104,0.430077702,0.70753336
6105,1.57520235,0.269757956
6106,2.24869895,-2.60655451
6107,2.34090638,-0.264695138
6108,0.213243395,1.49393022
6109,0.24531883,-1.72146094
6110,-0.796717942,-0.497200757
6111,-1.90012228,0.329213202
6112,-0.431926012,-0.736571431
6113,1.17625141,1.82178617
6114,0.0846072808,0.26566872
6115,1.31447935,2.40170717
6116,-0.784376919,0.456788242
6117,-0.990587294,-2.98335719
6118,0.450716674,0.385858148
6119,-0.314879358,-2.54783702
6120,1.22849226,2.93447113
6121,-1.82143664,0.0254793502
6122,0.238927022,0.346172392
6123,-1.5416218,0.137000769
6124,-0.537074268,0.617741406
6125,-0.549398184,1.23613381
6126,-0.0157569107,0.463735163
6127,-1.64974689,2.85308838
6128,-2.92828751,-1.95281351
6129,-1.3372407,-1.14739931
6130,-0.598227262,2.64356041
6131,2.17812037,-0.488560736
6132,0.6629498,-1.25540853
6133,1.54089856,-0.294036955
6134,-2.38951516,-1.63012242
6135,3.43339849,3.2043736
6136,-0.571360588,0.230247155
6137,2.32980657,-1.64152253
6138,-0.22498098,-0.634532213
6139,-0.840685368,-0.285954207
6140,0.351156652,-0.341705829
6141,-0.0302031711,-0.184959367
6142,-0.513165116,1.85718036
6143,-0.0327004492,0.364619255
6144,-0.568448126,1.24043894
6145,1.91234064,-0.0104227858
6146,-1.18858755,2.47940302
6147,-1.75234795,0.458563805
6148,0.807554543,2.06131959
6149,0.570313692,0.726298749
6150,0.853817821,0.0279204324
6151,1.70926321,-1.4750371
6152,0.362073004,-1.2819171
6153,1.73909783,0.395579636
6154,-1.70730484,0.284615874
6155,-0.376459539,-0.980183363
6156,0.338646472,-0.542682171
6157,0.946458697,-0.692201555
6158,0.994034231,0.0144570712
6159,-0.159175143,0.925107181
6160,-0.108810946,-1.08890152
6161,-0.795341194,0.999473035
6162,-2.51458025,0.389523983
6163,-0.0479451306,-2.75599551
6164,0.413722754,0.363599598
6165,-1.64880848,0.389545977
6166,-0.138855979,-1.71840811
6167,-2.23665237,-2.4861095
6168,-0.944998384,-0.656965613
6169,-4.38355446,-0.174125955
6170,-0.810665667,0.95584625
6171,0.341032773,-0.328869253
6172,-1.1310333,-0.820148289
6173,-1.95496404,-0.956308246
6174,-2.67831612,1.99833965
6175,0.495790064,0.917654216
6176,-0.0777316093,-0.227989122
6177,2.37047172,-0.418323249
6178,0.733064234,0.242930457
6179,1.58969307,0.00534876436
6180,2.38827395,-0.407471836
6181,-1.30251157,3.26004601
6182,0.653407812,2.65549231
6183,1.10491061,-0.52254498
6184,-0.0548539534,0.228917137
6185,-1.21453977,0.53165561
6186,0.95885855,0.520431221
6187,0.0524530783,0.752172589
6188,0.541616976,-0.662071526
6189,0.23079735,-0.0212550275
6190,-0.0949440524,0.213105619
6191,-0.213202134,0.0836607963
6192,-1.24751544,-1.48572481
6193,0.435248375,-0.757199466
6194,0.636295319,0.856416166
6195,1.33145332,0.0280970931
6196,-0.857117951,0.113961533
6197,-0.610294998,0.282587051
6198,-0.319835216,-0.111878753
6199,1.54562771,-0.777370572
6200,2.55371714,-0.449085861
6201,-0.0383976698,0.635913372
6202,-0.0337938629,0.553545892
6203,-1.73659503,-1.33959258
6204,-1.74762917,-1.15918732
6205,3.14579892,-0.0338871293
6206,1.35937917,-0.294081032
6207,1.13950813,-0.151500419
6208,0.190312952,-0.271988004
6209,0.516533673,1.07416856
6210,0.107643738,1.89344931
6211,-1.46370649,0.400184602
6212,1.65058112,-1.81029296
6213,0.53436929,2.41210699
6214,-3.36585689,0.220989391
6215,2.00430512,-1.00658524
6216,-0.705399692,-0.685971975
6217,-0.0563913994,-0.124535806
6218,-1.83649313,1.35853803
6219,0.275675893,-0.288083613
6220,0.445944577,-2.45464683
6221,-0.0838090628,-0.355312526
6222,-0.0542880557,-0.795953333
6223,-0.255575091,0.577688515
6224,2.1699028,-1.53174365
6225,0.293599516,-3.26276231
6226,0.103722736,-1.56000757
6227,0.61507982,0.932583034
6228,4.36107349,-1.27925861
6229,-0.572409332,1.30666709
6230,0.202259496,3.69483709
6231,-1.12200558,-2.92779541
6232,-0.388861239,0.290870309
6233,-2.29881716,-0.979286849
6234,0.676349521,1.01365554
6235,0.309011817,0.352231473
6236,0.629444063,-3.31691027
6237,-0.496427238,2.29588675
6238,0.817976236,0.427977234
6239,-0.160367101,-0.241007596
6240,0.830533147,-0.536953509
6241,0.25941506,-0.0857800543
6242,-1.39156938,-0.0483615659
6243,0.298977703,-0.789435923
6244,0.541082263,-0.296303034
6245,2.58585405,-0.488115132
6246,-1.06856441,-0.132446378
6247,-0.35757646,0.971664131
6248,3.18569398,0.964562178
6249,1.10060704,1.07694304
6250,0.332191885,0.618214786
6251,0.737877905,1.45902181
6252,-0.210735604,0.556898892
6253,-1.11557245,-0.335567027
6254,1.80712736,1.66965592
6255,0.347100586,0.485267848
6256,-0.626043558,-0.62219584
6257,-0.246220782,-1.13789856
6258,-0.171531215,3.09607959
6259,0.3137559,0.500292718
6260,-0.359438121,1.18578482
6261,0.0442410335,-0.237689406
6262,-0.0429549031,-0.873791754
6263,-0.60375154,-0.300046831
6264,0.270831496,0.182625607
6265,-0.661656916,0.846295774
6266,-1.24185503,-0.11383035
6267,-2.97284174,-0.436541319
6268,3.71902728,1.32364953
6269,-0.635683835,-0.912412941
6270,0.873757899,-0.451315612
6271,0.252747238,-0.0627448335
6272,-0.617505908,0.235896006
6273,0.00908531249,-0.815209925
6274,-0.837838054,-0.458141059
6275,2.13474822,-1.71773827
6276,-0.150354654,2.42067337
6277,-0.106251657,0.954174876
6278,-0.893202186,2.06131148
6279,1.16378808,0.677969873
6280,-0.167725936,-0.000106559492
6281,-0.160103321,-0.154790342
6282,-1.13864386,-2.78457069
6283,-0.908305526,-0.915338755
6284,0.368728012,0.122819975
6285,-0.444010198,0.168915898
6286,-1.2635771,0.419062436
6287,-0.770328403,0.192034945
6288,-0.0266712736,-1.54464185
6289,-2.14468575,-1.42421329
6290,1.0682323,0.0985581353
6291,-0.0491033159,1.64699566
6292,-0.914129674,-0.924559653
6293,-0.353943378,-0.566101253
6294,-1.56932807,1.46328545
6295,-0.133481309,1.70519626
6296,-0.691160321,-1.1527791
6297,-0.612553418,0.328737259
6298,-0.797083974,0.0712685883
6299,-2.05588055,0.484975547
6300,2.17974234,-0.700243473
6301,-0.535618842,-1.33820212
6302,2.03811002,-0.937027872
6303,-0.741824329,0.136672318
6304,0.068209447,-0.157156184
6305,0.242757708,-0.318526179
6306,-0.0274029206,-1.00960636
6307,1.17595482,-1.25561345
6308,-1.42143047,0.101403221
6309,1.45604277,-0.562815487
6310,0.505316854,0.300832987
6311,-0.651529133,3.35339642
6312,-0.0899724588,0.359886616
6313,0.320951253,0.0507694557
6314,-0.523869693,-0.469505101
6315,0.994232178,-3.58664298
6316,0.0271744374,-2.01142573
6317,-1.07737386,0.12495365
6318,-1.05790746,-0.743189752
6319,1.45446873,0.862919509
6320,0.814125597,-0.259282172
6321,-1.30588031,0.815106034
6322,-0.807112634,-1.22676289
6323,0.0826105177,1.67441976
6324,0.767875373,1.08765912
6325,0.179710209,-0.801783323
6326,0.242734328,-0.669840991
6327,2.91593456,1.14090252
6328,-0.168161929,0.262390167
6329,-1.07935143,0.158071205
6330,-1.38711286,0.147105217
6331,-0.151532143,0.147440493
6332,0.0641517043,0.188146114
6333,-1.27051532,0.692852497
6334,-1.1742022,1.6330781
6335,0.401132911,-0.766530752
6336,-1.51591408,0.0701918453
6337,1.45975888,0.320882589
6338,0.808015466,0.119798422
6339,1.05527234,-1.32987428
6340,-1.64054501,0.334617078
6341,2.73074532,-1.98432648
6342,0.524052024,0.219069406
6343,-1.71909285,0.440080941
6344,0.881957889,0.615127683
6345,-0.444278955,1.50908089
6346,-3.29956651,-1.59027183
6347,0.830722213,-0.543709517
6348,0.424931616,0.358839452
6349,-0.903577268,-0.528659642
6350,0.102582723,-0.754619896
6351,0.952397585,-0.554380536
6352,1.05401862,-1.38279295
6353,1.90664959,0.754121065
6354,-0.661394596,0.0792933181
6355,-0.197143674,-0.490371227
6356,0.269337326,-0.242499366
6357,-1.90164351,-2.00327659
6358,-0.129006281,-0.242607623
6359,-0.0622546636,-0.0567054264
6360,1.14678252,-0.193464324
6361,0.615605056,1.94974887
6362,1.40859389,1.01094627
6363,-1.18128753,2.15176797
6364,-0.0525721647,1.31485724
6365,-1.78477979,0.897761822
6366,-1.31558609,1.01486301
6367,-0.0807475373,0.953531682
6368,-1.24779081,0.658830345
6369,-0.752523184,-1.17852128
6370,-0.217380822,-0.547374964
6371,1.14658713,0.811966538
6372,0.145216241,0.618840277
6373,-0.732066035,-1.40001917
6374,-0.0803562179,-0.731597841
6375,-0.896211445,1.11276281
6376,0.911550879,-1.53913367
6377,0.651496232,0.0272455681
6378,0.864882827,0.217520699
6379,-0.320202738,0.599436224
6380,1.49527013,-1.51949441
6381,-0.355944723,-0.726391017
6382,0.38246128,-3.34376264
6383,-0.557103038,1.50001109
6384,-0.539853811,-0.552045405
6385,-0.597305536,3.23815203
6386,1.87727284,2.20798039
6387,0.370010734,-1.62484467
6388,-0.0837142691,0.19387202
6389,2.49200487,-1.38999915
6390,-1.37797284,-1.47869635
6391,-0.669820666,-0.630516946
6392,0.234071955,-1.65738034
6393,0.302994817,-0.298703283
6394,-0.135294646,0.174788997
6395,-0.371622056,-1.12027073
6396,0.701939225,1.42519212
6397,-0.0998287424,-0.861249745
6398,0.559574187,1.21208942
6399,0.584869862,-1.15702033
6400,-2.44774842,-1.70372367
6401,-0.00587213924,-1.52223372
6402,0.998797417,1.50840795
6403,-0.183910251,0.095856674
6404,-0.596328497,-1.44432056
6405,-0.561661243,-0.00944835227
6406,-0.341542035,-1.41247332
6407,0.800161779,-1.30874133
6408,0.902032197,-3.46764636
6409,-0.308454126,-0.0975529104
6410,-1.45538187,-1.55510843
6411,-0.820385337,1.56890929
6412,0.228094801,0.393552929
6413,2.63340878,-0.025502868
6414,-0.372829497,0.326029211
6415,-0.350990236,-0.174156174
6416,1.20373523,-0.886036396
6417,1.67176485,-2.17363811
6418,-2.20755839,2.25220466
6419,-0.998892069,2.87058234
6420,1.08710325,-2.44905162
6421,-1.35902691,-0.130093232
6422,-0.124410458,0.101690248
6423,-1.61457705,1.03744292
6424,-0.168179125,-0.411092848
6425,-0.409867287,-2.52566552
6426,1.63182032,-1.50754774
6427,-0.892009676,1.69707692
6428,1.08442175,-1.78964031
6429,4.90921545,0.370297611
6430,0.165801674,0.126126915
6431,-0.720114172,-1.70635402
6432,1.06037021,-2.39159679
6433,2.26645231,-2.54926491
6434,1.11791515,-1.39897883
6435,-3.67652345,2.98421264
6436,-0.605458558,-1.63316834
6437,1.28625357,-1.35163641
6438,0.43699187,0.267989546
6439,0.787483811,0.183667228
6440,0.148006752,0.205309868
6441,-0.672408938,-2.08464909
6442,-3.36794472,-2.22462559
6443,0.536572158,-0.262142062
6444,-0.784947276,-0.387019247
6445,0.634826362,-0.78856349
6446,0.0414222516,-2.02417278
6447,0.377522051,0.0337531753
6448,0.348323762,-0.0603429414
6449,0.118804388,-1.06704628
6450,0.140060723,-1.87752736
6451,0.214198098,1.53381062
6452,-1.38599324,0.155382037
6453,-4.13287497,-0.622858703
6454,-0.915334761,0.0152427796
6455,0.0709324256,0.170067206
6456,-0.0796338096,-1.5341742
6457,-0.947512329,0.153877303
6458,1.22755909,-0.607074559
6459,2.44634771,-0.536102295
6460,-2.10519052,0.251108259
6461,-0.222358808,-0.718832314
6462,-1.15005982,1.08287537
6463,-0.216071829,0.876618445
6464,1.00115407,1.07923901
6465,1.33358359,-1.23345041
6466,-0.137249202,-0.0354357027
6467,-0.101457633,0.416869283
6468,-1.91844666,-0.332609713
6469,3.01826429,-1.96360779
6470,-0.410979211,0.359586447
6471,-0.31614238,-0.0872769058
6472,0.896550715,1.4743706
6473,-0.492519319,-1.39247131
6474,0.136107281,-1.82771814
6475,1.16285431,1.81683838
6476,1.57209146,0.0771668255
6477,1.34782207,1.5482198
6478,1.44333279,-0.0244290028
6479,-0.325059325,0.794106901
6480,-1.13835979,-1.83554232
6481,2.02584076,-0.389180303
6482,-1.27182651,-2.72660851
6483,-0.523513317,-1.88299632
6484,2.41660333,0.706643522
6485,0.981227398,-0.479018539
6486,-1.37561512,1.54979312
6487,0.316003978,-0.0946474522
6488,2.40816379,-0.20251888
6489,-2.07059574,1.41461027
6490,0.798635185,-0.946180999
6491,-2.98487616,2.61305571
6492,0.455754995,0.573610842
6493,-0.399689019,0.0334102251
6494,-0.441466868,-0.466478944
6495,-1.15045142,0.510249496
6496,-4.69443941,1.95358038
6497,-0.384994,0.272835076
6498,0.270889372,-0.36666131
6499,1.23874509,0.00505822897
6500,1.95508611,-0.153619081
6501,0.216173992,-0.142746806
6502,-4.7562995,0.323599756
6503,0.842126369,-0.435686588
6504,2.32153964,-0.729292095
6505,0.110993102,0.410555363
6506,-1.18090653,-1.06600869
6507,0.933257937,-1.22884214
6508,-0.675650656,0.7786448
6509,-1.32594037,-0.469744176
6510,-1.0988543,-1.15935838
6511,0.0858189762,0.511977792
6512,1.01988816,0.131809115
6513,-0.37512061,0.983382881
6514,0.869142473,1.07915366
6515,1.12981212,-0.275834978
6516,-0.073519662,-1.64329803
6517,0.29159382,0.807137728
6518,-0.0137791643,-0.599071324
6519,-0.707677424,-0.0896780193
6520,-1.34737897,-0.286620915
6521,0.0536068305,0.65750742
6522,-1.6522938,-0.120171547
6523,0.794796824,0.0177628957
6524,0.225722775,0.520956993
6525,2.23812795,0.6196962
6526,0.0022370473,2.64359307
6527,-1.55915082,2.78848362
6528,-1.15941501,-0.845791399
6529,0.508875608,-1.60033691
6530,0.155263752,0.0590420105
6531,-0.368982315,-0.217568442
6532,-0.812079191,0.736382842
6533,-0.528194726,0.407725781
6534,0.764728367,-0.597213089
6535,1.21452999,-0.497794449
6536,-0.485020548,-0.676062346
6537,0.211371571,0.542975307
6538,-1.81901789,0.122000113
6539,0.0240534618,1.26627946
6540,0.492210329,-1.36873519
6541,0.650018036,2.02930832
6542,1.40211177,-0.240372702
6543,0.453380853,-1.23804998
6544,-1.65812397,-0.0356100164
6545,2.32752705,0.790922105
6546,-1.43284106,0.79303354
6547,-0.604150176,-0.0230214205
6548,-1.15557766,-0.0542108864
6549,-0.845533431,-1.01439357
6550,1.0185622,-0.112652764
6551,0.19868879,-0.450448304
6552,-0.170587927,-2.06866288
6553,-1.83890319,1.31242216
6554,-0.402928799,0.590539277
6555,3.59983659,1.34927893
6556,-2.08325863,0.537052751
6557,-0.0322121382,0.167113885
6558,0.955233335,1.38705015
6559,-0.746512294,0.287905902
6560,-1.40840924,0.264190078
6561,0.0882803425,0.169902533
6562,0.1267263,0.592452109
6563,0.00170163636,-1.19196951
6564,0.222474441,0.824036419
6565,-0.3228181,-0.797033012
6566,-1.86902976,-0.0759501606
6567,-0.271202862,-0.359987855
6568,-0.396796197,-0.632819355
6569,-0.49479869,1.33608449
6570,-0.395814538,-1.42955983
6571,1.46818805,-2.94726801
6572,2.26351857,-2.54939175
6573,0.84469384,0.732393026
6574,-1.61128545,-0.439589947
6575,-1.14722359,3.074332
6576,-1.16792822,-0.50408572
6577,-0.829128802,1.47140145
6578,-0.978749156,-1.16269386
6579,-0.178642809,1.00466645
6580,0.426825076,-0.895867109
6581,2.01969361,-0.585442901
6582,1.59676695,-0.449820161
6583,-0.219138935,0.124387965
6584,-0.425961375,0.902870119
6585,-1.93622136,-1.67537725
6586,1.11590528,1.31153631
6587,0.0417446457,-1.39986849
6588,-0.113991521,0.713690281
6589,-2.03391433,0.0860742331
6590,-1.41079473,-2.50179458
6591,-0.311884701,-1.00194395
6592,0.0502347946,-1.2729218
6593,0.917683423,0.326687664
6594,0.921832442,0.314563066
6595,-0.309237003,-1.5790962
6596,1.00409973,-1.19623756
6597,0.0784763843,1.74823654
6598,-0.250259668,-0.308613122
6599,-1.38910758,-1.21243703
6600,0.0630687997,0.133945704
6601,0.834604621,0.0189045221
6602,-1.35086012,-0.0702861398
6603,-0.080588907,-0.0942908674
6604,0.125371784,1.93411481
6605,-0.940992832,1.4450078
6606,1.3029753,0.330157399
6607,0.206330985,0.33235696
6608,0.0567434579,-0.353175998
6609,0.874781191,0.907694876
6610,0.551000834,0.0177242253
6611,-0.442813456,-0.0558159836
6612,0.0474487878,-0.509120166
6613,0.694139659,0.399893522
6614,1.16095757,-1.4117825
6615,-0.682086229,-0.842837811
6616,0.471587747,-0.274523199
6617,0.252943218,1.69833696
6618,0.484146267,-1.16816807
6619,-1.13182294,-0.896558464
6620,-0.516798079,0.376828015
6621,-0.0609936826,2.98618245
6622,2.0976243,-0.750926256
6623,2.28670692,3.04434776
6624,0.356916249,0.697055578
6625,0.691862643,-0.846451223
6626,-0.536595941,-1.12863588
6627,0.105616547,-2.82160902
6628,3.00922561,-2.1473341
6629,-0.547770083,-1.05689681
6630,-0.163548782,-0.0808389708
6631,0.470022589,0.448618829
6632,-0.0322222039,-0.355027139
6633,0.11395333,-2.90269637
6634,-0.560045779,0.0391426012
6635,2.56344748,1.00409222
6636,1.38473594,0.621650755
6637,0.240323216,0.0672977045
6638,-0.900999427,-0.0381534547
6639,0.796372235,-0.733302474
6640,1.11663294,0.908744991
6641,0.949584544,0.714455545
6642,1.24975991,-0.233172551
6643,0.29572016,-0.0334533863
6644,1.38388062,0.324179322
6645,-0.532405019,-0.729489028
6646,-2.27229309,-0.164944276
6647,0.984073699,2.92719078
6648,-0.565157235,-1.46291792
6649,-0.300421596,0.687546372
6650,1.26067841,1.23556948
6651,0.362756163,-1.43954158
6652,0.374544501,0.842398226
6653,0.821712136,-0.497728944
6654,0.341374069,-0.601117074
6655,3.59081531,0.741131127
6656,-0.590907276,-0.744784713
6657,0.514957249,0.368412048
6658,-0.0740542784,-0.406520247
6659,-0.598252535,1.79932916
6660,-0.386480808,-1.05189967
6661,0.458154887,-0.786703587
6662,-0.101023957,0.345195591
6663,-0.444090456,0.699464977
6664,-0.100330397,1.63229358
6665,-0.148110479,-0.345766217
6666,-0.794931769,0.46922642
6667,2.43365598,-1.91397059
6668,0.596567452,-0.0594876558
6669,-0.206786647,0.0743515193
6670,0.404581398,-0.316880465
6671,0.332732737,-0.170211717
6672,0.323144883,0.0280835386
6673,-0.469186991,2.84101796
6674,0.0120959207,-1.96154463
6675,-0.389423609,1.34641981
6676,0.354441434,-0.330638617
6677,-1.56599724,-0.553210795
6678,2.33585906,0.0991786793
6679,0.756704748,-0.155545309
6680,-0.0285290908,0.229519591
6681,0.25101608,-0.210242674
6682,1.65187979,-2.96733546
6683,-1.35543251,-1.23618913
6684,-0.737261772,1.71220422
6685,-0.59757024,0.563312829
6686,-2.44946194,-1.16191864
6687,0.972147882,-0.256624043
6688,-0.403445899,-0.467096984
6689,0.782868207,1.0254302
6690,1.63132751,-0.239077032
6691,0.353899419,0.458849877
6692,0.0803261027,0.948762417
6693,0.284251153,-0.132839665
6694,0.121858567,0.219491318
6695,-0.806445241,1.83822238
6696,1.24245632,-1.59730864
6697,-0.229731008,2.97662449
6698,1.00440228,-0.0270332415
6699,1.1342448,-0.896096528
6700,0.395787776,-1.48468018
6701,-0.425700873,1.31787658
6702,1.99297369,-1.57723057
6703,0.428618282,0.442958206
6704,-1.37733161,-0.772392452
6705,-0.0653535426,-0.576488078
6706,1.96588075,-0.111485288
6707,-0.0662254095,-0.747096181
6708,-1.29513359,-0.360100806
6709,-0.979883015,-0.0496639609
6710,0.46549648,-0.888489425
6711,-0.123416983,-1.23389089
6712,-0.00626498461,1.19642532
6713,-1.05548239,-1.33052349
6714,0.552817345,0.264663249
6715,0.18688637,-1.07939851
6716,0.361715972,0.175357282
6717,0.252753109,1.40117633
6718,-0.563090384,-0.162649885
6719,-0.398288578,0.650062501
6720,-0.126590759,0.0845289305
6721,0.671404362,1.48911607
6722,-3.21879911,2.30622125
6723,-0.641065001,0.631333053
6724,0.0924086869,-0.169054657
6725,-0.824359,-1.22829974
6726,-1.10804915,-1.15618765
6727,0.0341085233,0.233574286
6728,3.84989524,1.79885292
6729,-1.53939617,-0.0276363995
6730,0.230261847,-0.179928616
6731,-1.99068499,-0.36974901
6732,0.946117282,0.851706982
6733,1.40105176,-0.123755686
6734,-0.861948907,0.303272545
6735,0.358458012,-0.568325579
6736,0.0901292711,1.85288107
6737,0.334333301,0.958987713
6738,1.6739831,1.75210583
6739,1.40386844,-1.34268081
6740,0.181789756,0.402649522
6741,0.554038346,1.47022009
6742,-0.172624364,-0.560956776
6743,0.121302471,1.27013934
6744,1.79123008,0.688398778
6745,0.275585741,-1.82491744
6746,1.76149118,1.23767173
6747,-1.39213848,0.0393592156
6748,-0.0608853884,0.498795986
6749,-0.374899,-1.06364262
6750,-0.138521031,-0.146871597
6751,0.174772993,-0.289402068
6752,-1.21982634,-0.342817158
6753,0.23232159,-0.355383277
6754,-0.0980214328,0.130958691
6755,-0.723970711,1.23344183
6756,-0.723304033,-1.33139217
6757,-1.59274399,-2.22476172
6758,0.199337721,-0.77561152
6759,-2.86120987,-1.8146224
6760,-0.0257548075,-0.302493334
6761,0.555799663,0.385136276
6762,0.0243500788,0.219681635
6763,-0.507405043,-0.020586485
6764,1.10354483,-0.267536372
6765,-0.0981583744,-1.0503006
6766,0.206730366,-0.938701928
6767,-2.06374145,-1.05257273
6768,1.87840569,1.9160496
6769,-2.87694263,0.54548353
6770,-1.49147332,0.592443287
6771,1.13417995,-2.34343839
6772,-0.863582373,-0.126001835
6773,0.257288307,0.700466275
6774,1.84592032,0.829928279
6775,-4.90467691,-2.18484712
6776,0.713798523,0.288764387
6777,1.23983157,0.261171281
6778,-0.280403405,-1.30418563
6779,-2.40536594,0.20185101
6780,0.902745605,-0.496988297
6781,-1.63385761,0.144142717
6782,-1.81364679,0.500274062
6783,0.386777312,-0.194022968
6784,0.983198583,-1.30691481
6785,-0.134533897,1.66708148
6786,0.476258337,0.321501076
6787,0.173506141,-1.41735399
6788,0.904860437,-1.75052559
6789,0.643182576,0.431620538
6790,0.515639603,0.648107827
6791,0.0564806797,-0.17507948
6792,0.593131423,-0.0784402415
6793,1.37803864,-0.747986734
6794,0.158953279,-0.072333388
6795,0.374150991,2.85430002
6796,2.21606326,1.05086422
6797,-0.280673712,-0.889261961
6798,-0.436453313,-1.79710102
6799,-1.75339949,0.661492288
6800,-1.02265549,-0.436854333
6801,0.417600542,0.642753303
6802,-1.69946635,-0.747404277
6803,0.248618335,-0.184775114
6804,-1.46759379,-0.772239983
6805,0.154747531,0.136848137
6806,-2.81356287,0.755254984
6807,-0.00101307139,1.08187175
6808,-0.62270689,-1.20976782
6809,0.245998397,-0.10115236
6810,-0.600587428,-0.564125836
6811,1.24267936,0.366515428
6812,0.348414779,-0.432621837
6813,0.544701874,0.516344488
6814,-1.47215748,1.12122333
6815,-0.902922273,-0.474191248
6816,-0.97341603,-0.905690491
6817,0.145536616,-0.105118312
6818,0.626103342,0.522862852
6819,2.85161018,1.12940943
6820,1.21361756,-0.336047888
6821,0.10706643,0.0886888653
6822,-0.602543473,-0.96988374
6823,1.50365376,-0.768228531
6824,-0.514860928,-1.70933354
6825,0.143618748,-0.219435528
6826,-0.418468595,-0.308076859
6827,-2.39612031,0.634237051
6828,-0.301280588,0.596658349
6829,1.01020825,-0.202953279
6830,0.275054961,-0.43948105
6831,3.92872787,-3.85727882
6832,0.0776476562,-3.65058851
6833,-0.581852138,1.49431777
6834,-0.903995097,0.531854868
6835,-0.835734069,5.29422323e-05
6836,0.680315137,2.25306606
6837,-0.447913438,0.457434446
6838,-0.249049589,1.39471316
6839,0.910116732,0.0565202571
6840,0.242634609,0.549250543
6841,0.544420838,2.63314605
6842,-0.821195483,-1.89711511
6843,0.957829654,0.510504484
6844,-0.697245181,-1.20353901
6845,-0.282778859,0.107109636
6846,-0.325638443,0.104746945
6847,-1.83387363,-1.13734639
6848,1.11172235,0.387490839
6849,0.194698662,-0.403456628
6850,0.940913677,-1.5955658
6851,-0.0574298315,-0.130276144
6852,2.24053836,0.104952358
6853,-0.933003724,2.58374524
6854,0.373709828,-0.803439677
6855,0.0991857126,-0.568090856
6856,-0.356709093,-0.459620863
6857,0.0380174592,-1.0757556
6858,3.73010588,-1.73267996
6859,0.938401401,1.34477818
6860,-0.426023066,0.891261518
6861,-0.700946033,1.35607755
6862,-2.67533779,-0.541807234
6863,0.313537806,1.25624502
6864,0.666612983,0.543977976
6865,0.130635202,-0.783765435
6866,0.257657856,-1.46990895
6867,0.612101316,1.05157924
6868,-0.423960567,-0.199387595
6869,1.68650925,0.764527082
6870,-0.418163359,1.3037039
6871,0.282620966,1.30657458
6872,-1.0161593,-0.558919191
6873,-0.755747736,-0.343348712
6874,1.06691062,-0.268152803
6875,-0.422909915,0.431542277
6876,0.770296514,0.793154299
6877,0.63799125,-1.97286403
6878,-0.581815302,0.857404351
6879,-0.087796703,1.90247035
6880,1.84839547,-0.353082806
6881,0.400811791,-2.03130817
6882,-1.19048929,-1.90622807
6883,1.26220655,0.691889644
6884,-0.07823807,-0.153262958
6885,-1.41335011,1.02729869
6886,-2.25664949,-1.29588473
6887,0.218219131,-2.06379819
6888,-2.12099791,1.62466657
6889,-0.0915761217,-0.190465793
6890,-0.677235961,-0.281975478
6891,0.291991204,-1.84946477
6892,-0.7279526,0.234315768
6893,2.85327268,2.69658351
6894,0.882259786,-0.158472955
6895,-0.883089006,-0.342417359
6896,0.499042869,0.8039518
6897,-0.046643056,1.0400728
6898,0.0914154947,0.137010723
6899,0.355860651,-0.59003967
6900,0.719716251,-1.07361031
6901,-0.0604602918,0.541477144
6902,1.09702981,-1.14385867
6903,1.08533013,-1.02072072
6904,-0.026497744,0.915576041
6905,1.21260202,-1.27040434
6906,-1.32153845,0.581093669
6907,-0.88560015,1.01510835
6908,-0.393016785,2.82973099
6909,-0.032443881,1.76058841
6910,-0.826821148,0.43091622
6911,0.827991188,1.34744811
6912,-1.19730413,2.68680859
6913,-0.242811784,-1.75802541
6914,0.788678229,0.93272239
6915,-0.593853414,1.33723509
6916,-0.781084299,0.547165811
6917,0.361468256,0.401955128
6918,-0.610713422,-0.371679991
6919,1.05292118,1.08568311
6920,0.333981752,-0.485311419
6921,0.136147246,-0.940728962
6922,-0.348915547,-0.0197170135
6923,-0.0418065004,0.247315779
6924,-1.67513025,-1.72292995
6925,-0.0256418772,-0.177840561
6926,0.516161144,-0.369089425
6927,-2.03748751,1.12751377
6928,0.94928658,0.604874969
6929,0.825586677,2.37985301
6930,-0.432823807,-1.81568325
6931,0.315023363,0.293074429
6932,0.365880489,0.0850759596
6933,-0.332503676,0.0351384431
6934,0.11104545,1.21044481
6935,0.855924964,0.863713562
6936,0.949114442,-0.681296349
6937,-0.238978699,-2.09048772
6938,-0.425922155,1.32326889
6939,1.54992294,-0.00153933698
6940,0.100774221,2.0237968
6941,-0.365818888,-0.208272338
6942,2.39367843,2.8375299
6943,-2.837497,-2.32335067
6944,-0.979008138,-0.68372035
6945,2.20970893,2.13183308
6946,-0.826923847,1.51934826
6947,-1.86847579,-0.380337417
6948,0.223956391,-0.850349426
6949,0.467269897,-0.224220589
6950,-0.209295824,-1.26852643
6951,0.0640460625,3.42717195
6952,0.757321954,0.635279417
6953,2.60203433,-0.723688483
6954,1.38565207,1.47661483
6955,0.345312238,-0.308683842
6956,0.825774193,-0.863066673
6957,2.27323508,1.03279281
6958,-0.154659584,0.0850788727
6959,1.89519572,-0.604251206
6960,0.754200399,0.585005105
6961,1.0410831,-0.201403365
6962,-1.00103772,0.00722815748
6963,-0.688672841,-1.65610731
6964,0.307487905,-0.0990137309
6965,0.123256706,-0.968580365
6966,-0.550515354,0.571607649
6967,2.37397599,1.67199624
6968,-1.1206032,0.372845948
6969,1.2221359,-0.396604329
6970,0.350505501,-1.44480217
6971,0.438325644,0.276838362
6972,0.241558746,-1.63255429
6973,0.177807868,-0.207821116
6974,1.27520525,-0.832160354
6975,0.0181716084,0.837878823
6976,0.409493983,-0.510231078
6977,-0.0307515208,-0.671643019
6978,-1.34017265,0.105711065
6979,-0.0794963017,0.154129729
6980,2.22119212,0.547590256
6981,1.37248218,0.856029093
6982,0.149618506,0.102775678
6983,-2.91350794,0.917494178
6984,2.60791302,-0.0334565677
6985,0.00215266924,-0.12436527
6986,0.707982242,1.57757318
6987,1.19867647,-0.414953262
6988,-0.519903302,-0.202877909
6989,1.12139106,-0.194356471
6990,0.939196885,0.402979881
6991,-1.14527798,-0.418073803
6992,0.778859973,-0.154690534
6993,-0.296105355,0.0762416348
6994,0.0441440493,0.921903908
6995,0.809526622,0.398390174
6996,0.100685604,-0.295495838
6997,0.791094899,0.679042161
6998,0.197643831,1.17195976
6999,-0.775182843,-0.837293386
7000,0.0521342643,-0.490003437
7001,-1.1786015,1.89243591
7002,-3.51140165,0.208282724
7003,-0.206433669,-0.493506938
7004,-0.0344641954,0.355731964
7005,-1.06727862,1.04254913
7006,-1.52170587,0.843370795
7007,-1.50626111,-0.824174404
7008,-0.312313825,-1.30691755
7009,0.961246014,1.44413388
7010,0.884137809,0.555973828
7011,0.03162634,-0.222030491
7012,1.81586719,1.7198112
7013,0.129831657,0.56102252
7014,-0.513383985,-0.872168958
7015,-0.351091385,0.721762836
7016,-2.10048938,-0.309158891
7017,-0.510895133,1.67650378
7018,0.869604766,-0.0334548168
7019,-0.669527292,0.990836799
7020,-0.220408455,-0.932592452
7021,-0.616555154,-0.679249823
7022,-0.823589623,-1.05594587
7023,-0.906835616,-0.435071141
7024,1.01361167,-3.51911473
7025,-2.81186604,0.50165844
7026,1.06242311,-0.290999949
7027,-1.74385071,-0.858280957
7028,3.75857449,-1.73407292
7029,0.201334834,0.129879221
7030,-2.53251147,-1.63539886
7031,0.561001301,-0.279858559
7032,0.0137374913,0.161707208
7033,0.651595771,0.548767805
7034,-0.554615021,0.852522373
7035,0.793303311,-1.02435553
7036,0.104865916,-1.75722289
7037,-1.2147752,0.951531291
7038,-2.04763293,0.413767725
7039,-0.395699888,0.629594564
7040,0.512071669,1.12244952
7041,0.104542337,1.12140322
7042,0.426799148,0.794634521
7043,0.398328841,-0.570055723
7044,1.54337037,0.558563232
7045,-0.795304,-0.889041364
7046,0.682794988,0.229752809
7047,0.0907054245,0.919366896
7048,0.514650941,-0.443460852
7049,0.372251421,-0.533734798
7050,1.55528367,-0.817656338
7051,0.269621968,-0.908372879
7052,2.60941911,-2.6452868
7053,-0.812182844,3.46996164
7054,0.0640615672,-0.197525322
7055,-0.154768631,-0.270782679
7056,1.22099376,0.519042671
7057,1.32448268,2.36949492
7058,1.2080183,0.148025632
7059,2.46135068,-0.619138002
7060,0.124152243,0.463214457
7061,-0.562809408,0.22314249
7062,0.662289858,0.484448999
7063,1.73378623,4.10984278
7064,1.35247946,-0.14881666
7065,0.198740333,0.175783828
7066,0.142513677,-0.166637391
7067,0.57252419,1.30095088
7068,-0.373644859,-0.166447639
7069,-1.250947,-0.140124574
7070,-2.17859316,-0.292987406
7071,-1.1036396,-0.957518756
7072,-1.18569136,-1.59594345
7073,-0.186451033,0.0957369879
7074,-2.43613625,-0.995810091
7075,1.89297521,-0.192924216
7076,-0.47622484,0.271886289
7077,0.985689163,-1.6128763
7078,-0.89746803,0.681532323
7079,-0.937548578,4.07459497
7080,0.712440312,-0.0628837869
7081,1.27651083,-0.75487107
7082,-0.909475088,-1.82034123
7083,-0.428821504,0.0272942316
7084,-1.76076341,-1.92476988
7085,-1.96099293,-0.106127821
7086,-0.674951255,-0.0384398177
7087,-0.553217232,-2.14637113
7088,-0.437255502,-0.103891112
7089,-0.257514179,0.180730939
7090,-1.51239383,-1.24152446
7091,1.47056305,-0.892389536
7092,2.24472857,0.317334205
7093,0.149925545,1.75205946
7094,2.08526254,-1.0468328
7095,-0.312993616,0.105050758
7096,0.361032695,-0.86711973
7097,-0.363135725,1.63660145
7098,-0.814323008,0.121331811
7099,-0.183795258,0.166342095
7100,-0.128658652,0.868692458
7101,-0.651274025,0.536602259
7102,-0.643192708,0.693628967
7103,-1.61566508,-2.48489928
7104,0.385745078,-0.968359351
7105,-0.593133152,-0.332580537
7106,-1.03727365,-1.73518753
7107,-1.46216834,-1.8201108
7108,-0.584607601,-1.68092322
7109,-0.100610338,0.344031662
7110,-0.777409315,0.734046042
7111,0.282437444,0.499483496
7112,0.116455302,-0.897786081
7113,1.22563767,0.943457127
7114,-2.03024173,-0.472174138
7115,0.528956234,2.07631254
7116,0.18081367,-0.0179850869
7117,0.671600938,-1.65244424
7118,-0.339669615,0.757642984
7119,-0.10691569,-0.368953973
7120,-0.244694725,-0.00151946163
7121,-0.457190931,0.724448025
7122,0.412152022,1.3636992
7123,0.190204278,-1.13717568
7124,-2.71612024,-1.23070061
7125,0.608159184,-1.32012439
7126,-0.250847787,0.012574451
7127,1.10871994,0.826236784
7128,0.747403979,0.621101201
7129,1.36888433,-0.127202898
7130,-0.968839586,2.49078083
7131,0.57879287,0.0255662538
7132,3.12888074,0.166227371
7133,-0.544819891,1.00763822
7134,-1.23428178,-0.0949984342
7135,-0.620206773,-0.0290433858
7136,-0.0842410028,-0.186851755
7137,-2.54804087,0.451644093
7138,3.26052833,3.09682131
7139,0.482619196,0.40396148
7140,-0.912325859,0.152500585
7141,-1.45532978,0.541980445
7142,1.17762852,-1.84487176
7143,0.697255492,-0.917346835
7144,-2.09599185,1.32880163
7145,0.74133718,1.1520977
7146,-0.789439678,-0.767253518
7147,1.05967712,-0.800876141
7148,0.050687626,-0.212258086
7149,1.3049171,-0.906087101
7150,0.727011025,1.48077536
7151,0.843201876,0.433036983
7152,0.922661602,1.78545368
7153,0.190461159,0.393345892
7154,0.237048313,0.0766776279
7155,-1.28861117,1.6381042
7156,0.888921857,0.267330199
7157,-0.687011123,4.60114717
7158,1.88194728,1.22525632
7159,-2.05376124,0.0411182716
7160,4.54881811,3.13747716
7161,-1.17436051,-1.00430918
7162,0.481490791,-0.76978004
7163,-0.609347105,0.231512234
7164,-0.281753927,0.776549935
7165,-1.12627137,-0.346838742
7166,-0.00723880855,0.166513577
7167,-0.349607766,-0.255774587
7168,-0.782764494,-0.103912458
7169,0.213638768,2.08820939
7170,-0.067196615,-0.29265222
7171,-1.14538884,-1.70480442
7172,0.126748428,-1.16846454
7173,-0.297797769,-0.117389679
7174,-1.67491734,0.900953412
7175,1.13990331,0.921329618
7176,-0.967718005,-0.494640589
7177,0.190663964,-0.598986745
7178,-1.73761189,0.0821821988
7179,-0.0862254724,-0.386970788
7180,1.33525419,0.712606549
7181,-0.415023625,-0.524090946
7182,3.13186789,0.632649958
7183,-0.337400347,-0.274466872
7184,-0.420894504,0.001497166
7185,0.215750143,-0.555284798
7186,-1.70866311,2.13259006
7187,-1.55453444,-1.508497
7188,-0.183781341,-0.0148874409
7189,-0.985735476,0.395613074
7190,-0.566784024,1.14760399
7191,-0.302564293,0.36005497
7192,-0.0795660019,-0.759532094
7193,-0.0423228145,0.177322745
7194,-0.376070827,0.339145482
7195,0.967608094,1.07743192
7196,0.847390354,-1.65045047
7197,0.410358757,0.261203438
7198,-1.52939355,-0.473205298
7199,0.0968333781,-0.273826987
7200,-0.0699343234,0.166136071
7201,-0.333159715,-1.45359564
7202,-1.00761747,1.11595464
7203,-0.124760471,-0.0364234708
7204,-0.259975195,0.0280525424
7205,-1.52036369,0.312467724
7206,0.863663614,0.122718193
7207,2.34700966,1.43702352
7208,1.65500796,0.64154017
7209,0.379985034,0.705287278
7210,0.00495580677,-0.191166893
7211,0.398618996,1.25286114
7212,0.483971745,0.591816485
7213,1.28597617,0.125840575
7214,-0.512534082,2.28539777
7215,3.20636988,1.74882758
7216,-0.109520368,-1.25660515
7217,1.1610744,-0.342541277
7218,-2.90230751,0.280179292
7219,0.169471368,0.131925806
7220,0.67575264,0.539963961
7221,0.623956084,-0.345516175
7222,3.5424242,-0.862248421
7223,-0.640365303,-0.886117756
7224,-0.725587189,0.152492285
7225,-1.35359085,1.10855901
7226,-1.28532577,0.573005855
7227,0.704298437,0.720870197
7228,-1.00607443,-0.960660875
7229,0.193806618,0.441479385
7230,-0.578297377,0.585639715
7231,-0.327926427,-0.253477156
7232,-1.70965147,0.520955384
7233,1.07084501,1.9657253
7234,0.704101801,0.145405874
7235,0.157986328,-1.57313251
7236,-0.174101934,0.013218008
7237,0.519822836,-0.155010462
7238,0.740398645,2.01163554
7239,-0.179022744,0.202707916
7240,-0.0790412053,2.21114016
7241,1.08925676,-2.28017712
7242,1.88333833,0.100079276
7243,-1.2571913,1.02276981
7244,-1.29490221,1.30873764
7245,-0.0104914876,-0.233343154
7246,-2.13017082,1.54963231
7247,0.945414662,-0.269458115
7248,0.324782342,0.104700334
7249,-0.895080864,0.330516249
7250,-0.0141680324,0.47255829
7251,0.636601269,-2.33828974
7252,1.49969828,-1.13900125
7253,0.236117363,-1.68001235
7254,2.20618033,-2.52467775
7255,-0.162900969,-0.343788594
7256,-2.03601551,2.32643127
7257,-1.29319775,0.484112769
7258,-0.194628179,-0.0704666376
7259,-0.476605356,0.306843072
7260,-0.0467622988,0.610330105
7261,-1.02790809,-0.237229928
7262,-1.39834845,-1.18661058
7263,2.95220804,-0.673931539
7264,0.316385925,-0.164152548
7265,0.304697931,0.365224034
7266,1.34250736,-1.48161423
7267,1.28629053,-1.89123726
7268,0.537975073,0.0656624436
7269,-0.0949009806,-1.69296658
7270,1.21582377,2.43803024
7271,0.32852003,-2.53241491
7272,0.163669989,-2.28224707
7273,0.160303399,0.50836587
7274,-1.06198013,-0.516483188
7275,0.706667483,-0.687522233
7276,-0.355016291,0.315226883
7277,-0.317355514,-0.813028157
7278,0.614562035,-0.861872017
7279,0.0721743181,-0.94046545
7280,-0.983264685,-0.0671811402
7281,-0.614627898,-0.735138118
7282,-0.754399836,0.0892946869
7283,-1.92032671,0.533131242
7284,0.566249967,0.848573506
7285,-0.0448841378,1.46028268
7286,-0.493483782,0.410485446
7287,0.91468966,-0.40166682
7288,1.23820937,-1.79187274
7289,-0.527538598,-0.184479743
7290,0.281959862,-3.40139508
7291,-1.84623528,1.07754278
7292,-1.7120378,0.499290824
7293,-0.397971481,-0.673565567
7294,0.926019907,1.29331064
7295,-0.832021773,-2.01683569
7296,-0.88350749,-1.70117915
7297,-0.20874618,-0.563416243
7298,0.191208512,-0.025995262
7299,0.552953005,0.866299093
7300,-0.578004479,1.21159136
7301,-0.697038949,-1.31767428
7302,0.293974012,0.72053802
7303,0.207118511,-0.509260237
7304,1.10050166,1.26116407
7305,0.210631043,0.774632931
7306,-0.0900493711,0.225399837
7307,-4.52095985,-2.32537627
7308,1.17524183,3.19791126
7309,0.687560737,-1.06035101
7310,-0.114799365,0.498467535
7311,-1.92349243,-0.447892219
7312,-1.79440415,0.847317755
7313,-0.0174501911,1.35229599
7314,-1.10258257,-0.474597275
7315,-1.45760441,1.40990031
7316,-1.57061386,0.964311659
7317,-0.680092037,-0.0704139397
7318,0.46675992,-1.00447655
7319,0.660830677,-0.650016129
7320,1.24673629,0.467868209
7321,0.224097744,0.390042901
7322,0.331439674,0.504552543
7323,-0.530984581,-2.10334516
7324,-0.355644763,1.00367475
7325,-1.55510795,-1.33644152
7326,0.518500566,0.0381235033
7327,1.76143527,2.94204068
7328,0.56888926,-0.635237157
7329,1.17297888,-1.26036787
7330,0.0491480306,-0.494421691
7331,2.94846225,-0.573806882
7332,1.27575362,2.79229426
7333,0.385294974,-0.783531189
7334,0.602227509,1.31432843
7335,1.2022723,-0.153753653
7336,-1.923401,-0.49500379
7337,0.416856885,1.96781731
7338,-1.65427566,-0.341254503
7339,1.3162905,-0.413029373
7340,-0.394224703,-1.91070759
7341,-0.627449632,-0.582237363
7342,2.32184505,-1.09291852
7343,-1.42802775,0.729723334
7344,-1.39558101,-0.790742755
7345,-0.169769511,-1.49186718
7346,0.575457633,0.358958781
7347,-0.789787889,-0.2507734
7348,0.557423532,-0.570362985
7349,0.845366061,2.82335877
7350,0.0778190345,0.137825936
7351,-1.64324021,2.62715673
7352,0.514457583,1.55367541
7353,-0.225182459,-0.145959362
7354,-0.339220077,3.2491889
7355,0.492339283,-0.26041913
7356,-0.0470772907,-0.852711499
7357,-1.54619277,0.821325481
7358,0.0742703453,-0.139065877
7359,0.269453853,0.682122529
7360,-0.546615899,-1.58456969
7361,-2.0001719,-0.119737603
7362,-0.124740548,-1.12946606
7363,0.0346661955,-0.0501852296
7364,0.204265147,-0.308151841
7365,1.94528294,1.08803606
7366,1.64756501,1.90471625
7367,0.0747062638,-0.33695069
7368,0.102499403,-0.439228386
7369,0.723387659,1.18275297
7370,1.05821633,0.607822418
7371,0.134520888,1.40996587
7372,-0.218243152,-0.664513528
7373,0.469899297,0.628608406
7374,-3.12286282,0.764193177
7375,-0.00464738766,0.361411989
7376,-0.380157799,-1.12751675
7377,0.540982604,-0.05219879
7378,-0.547357261,-0.549469173
7379,-0.323784769,-1.38689244
7380,-1.32820344,-1.00621402
7381,0.404238015,-0.222421244
7382,-1.36255634,-1.17255735
7383,0.694768548,-0.685417712
7384,-0.604128301,-0.347525448
7385,-0.180203363,0.128450409
7386,0.314589083,0.175621346
7387,-1.07292831,-3.57782674
7388,1.48826766,-2.14269996
7389,0.529417992,-0.618632793
7390,-0.16667363,-0.806735456
7391,0.155499473,-0.550572932
7392,-2.64713478,2.75324559
7393,-2.50170422,-0.982712686
7394,0.750366211,0.859424889
7395,-1.61189759,-0.887567759
7396,-0.270493746,0.120547488
7397,0.145896658,-0.135150537
7398,-0.57778281,1.72871411
7399,-0.989524901,1.08148491
7400,2.77593446,-0.0336691886
7401,-0.540412307,-0.752566278
7402,0.0425882265,-0.310100198
7403,0.00458914787,-0.163140476
7404,0.405292094,-0.067495279
7405,0.276374668,0.622207642
7406,-0.306993067,0.108809821
7407,0.807977378,-0.454403549
7408,-0.352469236,-0.00340879499
7409,0.766643167,0.267680109
7410,1.43001914,0.777898133
7411,-1.21974838,-0.899283528
7412,-0.790238559,-3.47115421
7413,0.366810918,-0.127517194
7414,-0.26313439,-1.66124332
7415,0.96978271,0.289373428
7416,0.0224567596,1.23404968
7417,1.11518502,0.0769266412
7418,0.221721381,0.589710712
7419,0.545493245,1.00032425
7420,0.596212864,0.516768038
7421,1.13355076,-2.52385569
7422,-1.13155675,1.77299547
7423,0.248314217,-1.03966403
7424,0.317409098,-0.165250331
7425,0.673380077,-0.279799849
7426,-1.15119588,0.202244118
7427,-0.64923352,0.318605989
7428,-0.210296094,-0.528398037
7429,1.80077648,0.294860721
7430,1.24763322,-1.07794881
7431,1.23040533,-2.03123713
7432,-0.00532470457,0.616218865
7433,-1.81835496,-1.66868043
7434,-1.43401563,1.51380408
7435,-0.171522081,0.0835389569
7436,1.03548312,2.15023494
7437,-0.899968922,1.11277688
7438,-0.0789802298,-0.93639034
7439,1.46763194,1.34295595
7440,-0.041913528,-0.554183125
7441,-0.572672009,0.95372951
7442,-0.421665907,-0.171862617
7443,0.0969555452,-1.40926838
7444,-1.4924047,-1.01091015
7445,-0.832503736,0.168624014
7446,1.19787991,-0.329894453
7447,-0.208717346,0.164378986
7448,-0.536286414,-1.56459808
7449,1.83836842,0.359752506
7450,-1.72302413,0.0179168694
7451,-0.383773923,0.114093684
7452,0.954820871,1.58271813
7453,-0.840898275,-1.93256879
7454,0.342534363,-0.557563186
7455,-1.97630239,-2.39402318
7456,1.5696919,-0.153311178
7457,0.894660652,-1.03268337
7458,-1.11775768,-0.867501676
7459,-2.6368413,-2.94547892
7460,-0.0974491909,0.805827081
7461,0.855821371,-0.64787668
7462,-0.400362462,-0.32718423
7463,0.527871549,-1.46341407
7464,2.37400603,-0.378660589
7465,0.190952748,0.0404589213
7466,-0.124581695,-0.139757931
7467,-0.446008503,1.11744952
7468,1.31199503,-0.194047034
7469,-0.615356445,-0.584037006
7470,1.5399853,-0.223866686
7471,-0.197966889,2.987324
7472,-2.20559263,0.0538170412
7473,0.670945823,0.253500074
7474,-2.10054445,0.00517832907
7475,0.0688959584,-0.195683554
7476,0.0838037506,-0.494569242
7477,-1.71237135,1.0280515
7478,0.251768827,-0.189437032
7479,-0.125964791,-0.418040991
7480,-0.787390113,0.151955709
7481,1.08749521,-2.0319581
7482,-1.91157877,0.458236545
7483,-0.711821556,-1.54036248
7484,-0.575470805,-0.52800864
7485,0.445262969,0.0980964452
7486,-0.173778191,-0.0949625373
7487,-0.627495706,0.829480529
7488,1.06636357,1.81218767
7489,3.06484199,1.26291597
7490,1.46770239,0.0844150484
7491,0.364009738,-0.418365926
7492,0.598751664,0.534961879
7493,-1.37637448,-1.32136452
7494,0.291132808,-0.241196245
7495,-1.17102325,0.432970643
7496,0.863699019,-1.00937533
7497,0.0341272913,-0.68547231
7498,0.973901868,1.54769671
7499,-0.630886853,-1.09280765
7500,1.06300581,-2.22823334
7501,-0.869606376,0.435904771
7502,0.299084216,1.62664616
7503,2.67809367,2.01500678
7504,-0.337848812,-0.619657278
7505,-1.04118288,2.25681281
7506,-0.884567797,0.872189939
7507,-0.750358522,-0.0975333825
7508,0.408271402,1.89234734
7509,-0.0978358537,0.433582336
7510,0.670111001,-0.141761318
7511,-0.203716412,0.603485823
7512,-0.0370387472,-1.03757858
7513,0.646762192,1.61551642
7514,-1.09598505,0.191677988
7515,2.68358302,-1.78677785
7516,-2.28798509,-1.87422895
7517,1.60319579,-1.37395656
7518,0.381859869,-0.918525875
7519,0.166211054,-1.34742475
7520,-1.58607113,1.12012279
7521,-0.0852081031,0.196705207
7522,-0.0449563377,0.163896307
7523,-3.57910204,-0.401489168
7524,0.0969603807,1.54619288
7525,-0.0475781448,0.850030005
7526,-0.000615148689,0.241405994
7527,-0.6698789,-0.8845281
7528,-1.12832713,-0.714991271
7529,0.18579556,-1.161695
7530,0.139335349,0.449793369
7531,0.0333278589,0.670857251
7532,-1.87000096,0.916670024
7533,0.174632967,1.45824039
7534,0.96683687,0.50887531
7535,-0.585682273,-0.340772778
7536,0.750366509,0.562222838
7537,0.378859341,-0.535783291
7538,-1.15406942,0.0958931297
7539,-0.0887747034,-1.28120017
7540,0.446530968,-0.33426711
7541,-0.208209276,0.380562276
7542,0.36870116,-0.0372647122
7543,-0.66706121,2.55303288
7544,-1.93635309,-1.04336858
7545,2.82597828,0.864154518
7546,0.677567422,-4.50907993
7547,-1.64339781,-0.306053728
7548,-0.947773218,0.898434699
7549,-0.689806581,-0.178648993
7550,0.884990871,-0.426308006
7551,1.50733519,1.7044915
7552,-0.0379387438,-1.44756174
7553,-1.08445513,-1.00977528
7554,0.259536564,-0.955268264
7555,1.23661315,1.0523442
7556,-1.60331738,1.80235922
7557,0.568511724,-2.43252778
7558,-2.80550337,-0.551454604
7559,-0.128197148,-0.630822718
7560,-0.481142879,-0.588060796
7561,0.670521438,-0.600054383
7562,0.782460153,-0.231646046
7563,-2.2618649,-4.2537303
7564,-0.918585718,0.128640503
7565,-0.0845424086,-0.467878312
7566,-0.520858407,1.91617286
7567,2.13220835,0.790695488
7568,1.26114833,0.809155166
7569,0.234721601,-0.875606298
7570,0.795545161,1.65116799
7571,0.328472137,1.6167146
7572,1.36705554,-1.3805337
7573,-1.55939853,2.28946328
7574,-2.23166704,-0.512226284
7575,1.00189579,0.51280582
7576,-0.458334714,0.828193784
7577,-2.26909018,-4.19356632
7578,-1.38893092,-0.803914011
7579,0.162020788,0.287953347
7580,-0.0573653542,0.266916424
7581,-1.37005937,2.18012857
7582,1.77475274,0.566697359
7583,-0.933103919,0.617434561
7584,1.54339743,-1.14588499
7585,-0.381055236,-0.888197601
7586,0.127699047,-2.44096422
7587,-1.31160688,-0.606024325
7588,1.01502085,0.82514751
7589,0.844674051,1.33739328
7590,-1.31670952,-1.49320698
7591,-0.206179231,-0.312706113
7592,-1.42009711,-0.459705055
7593,-0.0196055993,0.975833058
7594,0.153349563,-0.103407681
7595,0.704994619,1.61337852
7596,0.722476602,0.591171384
7597,-2.22862458,3.45667386
7598,0.0630157739,0.636948645
7599,1.98517799,1.17608774
7600,0.147174448,-1.69390798
7601,-0.826057315,-0.00161320297
7602,-0.885450542,0.843381524
7603,-1.46349382,1.31458771
7604,0.835687101,0.177048013
7605,0.909361482,-0.0438926257
7606,0.274457157,-0.896401942
7607,-3.61175823,-2.94929409
7608,0.297625244,2.49083018
7609,-0.240011066,0.207868084
7610,0.436228514,0.0333737917
7611,0.733899772,0.64089191
7612,2.10526609,-1.04286492
7613,0.293594241,-0.546746314
7614,1.27179325,-1.09106386
7615,1.13639879,-2.49673271
7616,0.303768665,0.506293178
7617,-1.35674191,0.344330966
7618,-0.251508623,1.7158761
7619,1.04445755,0.150073588
7620,-0.365876943,-0.242611885
7621,-0.800506353,-0.0287711211
7622,-0.814863801,-0.67728287
7623,-0.438334316,0.290784448
7624,-0.873542428,0.0177353602
7625,-1.58012474,0.330478996
7626,-0.319617838,2.69288921
7627,-0.861976862,-0.710956514
7628,-1.99029589,-2.16341925
7629,1.64320636,-0.637289226
7630,1.0397656,-1.94849622
7631,0.615195811,1.51669562
7632,0.520355105,0.250758678
7633,0.23495242,-2.1448493
7634,-0.0443593785,0.289631307
7635,-3.4136529,1.18230677
7636,0.569973826,-0.646690488
7637,0.587262869,0.859262109
7638,0.362218052,-1.81614459
7639,0.343415439,0.00787585881
7640,-1.05336142,1.01948845
7641,-0.834197402,-0.630570292
7642,-0.421341598,-0.81622678
7643,-0.378798127,-0.937662721
7644,0.208339348,-1.81789649
7645,0.433659732,0.53839618
7646,0.904099166,0.630932391
7647,-0.00797817856,0.597969234
7648,-1.35750735,-1.11444592
7649,0.72080338,-1.97281814
7650,-0.0499400049,0.343257755
7651,-0.170439944,2.24799061
7652,1.18588185,-0.0798587054
7653,2.51688099,0.0782268643
7654,2.86922765,0.831734896
7655,-0.373129815,-0.675334871
7656,0.152405232,0.206555218
7657,0.676031411,0.586615145
7658,-3.52101302,-1.67405879
7659,-2.71722841,0.943985403
7660,0.89422518,1.14177001
7661,0.862766623,-0.14954555
7662,0.210126534,0.574962378
7663,1.07680643,-0.655312419
7664,-0.231111765,-1.05932593
7665,-0.398972362,-0.183615521
7666,-2.0756619,0.795538783
7667,-0.740519226,0.27389127
7668,0.253799766,-0.204672858
7669,2.64863062,-1.28054333
7670,0.361498356,3.05780292
7671,-1.93393385,0.149498388
7672,0.616423726,0.255313873
7673,1.06904054,0.292195559
7674,0.0170690734,-0.169655025
7675,-0.06572707,0.917776644
7676,-0.64872998,-0.458150834
7677,0.0669217259,0.886742413
7678,-0.879393339,1.77847242
7679,-0.386708975,0.180873126
7680,0.244074002,0.187302545
7681,-0.484651834,0.657884657
7682,0.143487722,-0.179916471
7683,2.56674361,0.106996618
7684,1.81756854,-0.555213034
7685,0.890062094,-0.341238141
7686,-1.62757123,0.763801217
7687,-0.529436171,0.301517665
7688,-0.985919476,0.0730062798
7689,1.89082968,-0.38166672
7690,-0.989482939,-0.8199386
7691,-0.326317728,-5.05914688
7692,0.257803112,0.838426769
7693,0.295116246,-2.56344247
7694,-0.26849997,0.972652674
7695,1.09346688,0.469947875
7696,0.000656010234,-1.27673233
7697,1.47736418,-1.80853236
7698,3.5931108,0.482387513
7699,0.161513165,-0.00953920837
7700,0.111338586,0.548652589
7701,-0.528713524,-0.319345206
7702,-0.718273699,-0.617098391
7703,-2.06786346,2.34247613
7704,-0.197812647,-0.301935405
7705,-1.28010559,-0.445551127
7706,-1.64849162,0.199114487
7707,0.2614519,0.308420897
7708,0.360144764,-0.390807092
7709,-0.47219032,-1.17655098
7710,-0.245252714,0.237486407
7711,0.723720133,-0.580700517
7712,-1.4548099,1.72852755
7713,0.368556082,0.900498688
7714,1.19933581,0.919650435
7715,1.71678996,-0.382422835
7716,0.279288232,0.187241569
7717,-1.4933902,-2.6705811
7718,-0.737606704,-2.0032177
7719,0.276526928,-0.0130309062
7720,-0.0785938501,-0.276758492
7721,-0.555967093,0.0241995528
7722,0.486703306,0.899222553
7723,0.0784249529,-0.508881509
7724,-1.25597882,0.0239868481
7725,1.52467275,-1.73349857
7726,-0.229020447,0.513383389
7727,1.47897291,-3.8529079
7728,0.0230682921,-3.46032166
7729,-0.391257644,-0.0326430053
7730,0.73286289,2.11108446
7731,0.30558458,-0.0357714929
7732,-0.439865649,0.0100557934
7733,-0.492403477,2.96321845
7734,0.00574614154,-1.85080671
7735,-0.394299984,-0.362313598
7736,-0.120050721,1.57828116
7737,-0.173967764,0.665970981
7738,0.792300284,0.0623406395
7739,-0.341833621,1.46379614
7740,0.694655418,0.503341854
7741,-0.0574296936,0.652367055
7742,-0.75891614,-0.899133921
7743,0.0395247005,0.139667943
7744,-2.40611529,-0.070578523
7745,-0.344436765,-0.147115037
7746,-0.34733516,0.489012659
7747,-0.193417296,-2.00788403
7748,1.99412572,-1.23157036
7749,1.69771445,0.0297879484
7750,2.95009089,4.23660803
7751,-1.63142419,0.11930766
7752,0.633080482,0.293999165
7753,-0.822303772,0.308030903
7754,1.49006259,-0.452071577
7755,-0.0912827998,0.578730226
7756,0.459595859,0.0729971305
7757,-1.87238753,0.249111965
7758,1.26183033,-0.720880806
7759,0.935108542,3.5131762
7760,-1.37978756,-3.05581594
7761,-1.20127487,2.87272811
7762,0.399403393,-1.003901
7763,2.2990253,1.31159449
7764,2.38690019,-0.31975621
7765,1.86729884,-1.34968615
7766,0.17900373,-0.940707922
7767,0.224941805,0.817653477
7768,-0.568771839,-0.134976536
7769,-1.47730947,2.22799492
7770,2.92373419,0.387498915
7771,-3.34688878,-0.236475259
7772,-0.535816073,-0.157520711
7773,1.51756907,3.03253627
7774,-0.925093472,1.1845783
7775,-0.251057297,-0.623942494
7776,-1.85950172,-1.8559283
7777,-0.55057478,2.49048996
7778,-0.721461713,-0.412483573
7779,0.533537805,1.13503182
7780,2.6375978,0.840948343
7781,0.489116043,-0.826991498
7782,-1.40263522,-0.149287596
7783,-0.658059835,-0.439723194
7784,2.26327038,-2.32110548
7785,-0.203054026,0.108452216
7786,0.368619621,0.603280187
7787,-0.653590322,1.66933751
7788,-2.41270566,-2.05275416
7789,0.00478076562,-0.0630470365
7790,-1.60985851,-1.45359564
7791,0.629850984,0.347079307
7792,0.11363256,-0.840426385
7793,0.269363225,1.31678855
7794,-0.230579555,0.149578616
7795,-0.0717467591,-2.20887709
7796,-0.800101995,-1.86241615
7797,0.386304528,-0.214341342
7798,-0.780504525,-0.505307555
7799,1.17693007,1.30538511
7800,-3.19002247,-0.747266233
7801,-0.888793826,2.25976634
7802,0.00352580543,-0.187655777
7803,-2.7888422,-1.59656692
7804,-0.818643212,-0.481608093
7805,-0.871002555,-0.141201049
7806,-1.01392853,0.0847321376
7807,-0.810790598,1.43055582
7808,0.184148595,-0.400918186
7809,0.0214505699,-0.543384671
7810,0.458632171,-0.110818461
7811,1.84418952,0.335291356
7812,0.825271308,-0.00849191844
7813,0.609512687,-0.582615554
7814,0.928540587,1.21182871
7815,0.950898767,-0.268962741
7816,0.0642827079,-0.389841288
7817,0.752330482,1.26881182
7818,0.713207364,-0.179917559
7819,0.982419252,0.97011596
7820,-1.74808371,0.639422357
7821,1.85276902,-0.551052511
7822,-0.236289352,-0.109334409
7823,2.02915549,-1.04881334
7824,1.03945053,-0.529757738
7825,2.02721739,-0.499662638
7826,-0.0252646934,-0.49295941
7827,-1.33618963,-1.11642253
7828,0.735420704,0.69721967
7829,0.367661476,1.21247745
7830,0.0351000279,-0.691325307
7831,0.149723217,0.0907271951
7832,-3.46912003,-0.338694662
7833,-0.928725839,2.98348451
7834,1.18257737,1.74318159
7835,2.3722918,-0.259669214
7836,0.141404793,-0.182440177
7837,1.38562751,-0.721235454
7838,-0.56867218,-0.397194535
7839,-0.0987626389,-0.136854529
7840,-2.27147937,2.10212326
7841,0.79834044,-1.80909646
7842,0.134174094,-0.541974783
7843,0.949803591,1.7120533
7844,0.443640351,2.36224771
7845,-0.660364091,-0.395200759
7846,0.179319769,-0.120792262
7847,-0.676690102,-1.13898408
7848,1.75516152,-1.42065346
7849,0.551004708,-0.189184949
7850,0.0107189072,-0.352772683
7851,-0.0321795456,0.317496806
7852,-0.0118781924,-1.39273548
7853,-0.423231274,0.111461863
7854,-1.5834893,0.751490474
7855,0.755480766,-0.30859077
7856,0.208210841,-0.427215904
7857,2.52900505,1.14253628
7858,-0.190975547,-2.47530651
7859,0.018840218,0.611276388
7860,-1.33447599,1.52335107
7861,1.78247583,0.756508052
7862,-0.612635434,-1.53123498
7863,-3.44893169,1.30581844
7864,-0.0848746896,0.401098996
7865,-0.743630648,0.176566586
7866,-1.45731258,1.55210876
7867,-0.629743755,1.233495
7868,1.82840335,0.98039335
7869,-0.670255482,-1.00392723
7870,-0.356607586,1.93580544
7871,0.991637647,-1.3541081
7872,1.32295156,-1.96047497
7873,-0.853242218,1.43247557
7874,-0.944744408,-0.187201381
7875,0.163997948,-0.286122769
7876,-0.805321157,-1.39634609
7877,0.98384583,-0.0846320465
7878,-2.73341727,1.25005484
7879,2.09771657,1.00401449
7880,1.17682517,-0.383441269
7881,0.23749505,0.328545153
7882,0.512382448,0.0808145925
7883,-0.0368743911,-2.12601352
7884,0.620179474,-0.158714175
7885,2.0532825,0.215069413
7886,-1.76028395,-0.987034023
7887,-0.171709538,0.585185409
7888,0.974494219,0.529536307
7889,-0.0251279976,-0.350897312
7890,-0.335232735,0.401415735
7891,-0.226241499,0.239846051
7892,-0.399633348,-0.628569782
7893,-0.859692097,-0.0858545378
7894,0.404100388,1.23474383
7895,0.0663910359,-2.22166324
7896,-1.02509046,-0.0983229578
7897,0.696116626,-0.213176623
7898,1.23808765,-2.87856841
7899,1.24551356,1.96441174
7900,0.276705503,-0.808423877
7901,2.76315427,2.15060639
7902,0.498223811,0.154834911
7903,-0.263634294,-0.165761352
7904,0.0637048185,-0.0738459826
7905,-0.754938245,0.414660454
7906,0.485208273,-0.251285046
7907,0.974782109,-0.410651863
7908,-1.29220426,-0.835612953
7909,0.496206433,-1.02080989
7910,-0.544006407,0.750471532
7911,-0.255632907,0.0564270206
7912,0.586430848,0.642314136
7913,-0.323687702,-0.310462236
7914,-0.294259191,0.655573726
7915,1.49858809,1.30341387
7916,1.82340193,-1.1591593
7917,-1.32891512,-0.910597503
7918,1.45846069,-0.454879165
7919,2.44907475,0.195911139
7920,0.00753208995,0.300312519
7921,-0.517596245,-0.822908998
7922,0.414251119,0.81560719
7923,0.299985319,-2.40429759
7924,-0.331363201,-0.723228157
7925,-0.164112017,0.280953318
7926,1.02625918,-0.573103607
7927,-0.481483519,1.98852122
7928,-1.23735154,-0.477632403
7929,-0.44441998,-0.19302085
7930,-0.403321147,0.979680479
7931,0.244947717,3.5918231
7932,0.78195411,0.977427125
7933,-2.61515713,1.04895413
7934,-1.01678813,-1.95168388
7935,-0.864793539,1.04843819
7936,-1.8343128,-0.971681952
7937,-1.82111609,-0.0746079311
7938,0.300430596,-0.282838047
7939,-1.70485973,-1.79334545
7940,-1.49756503,-0.0693099499
7941,0.96862036,0.0621253811
7942,-1.02455688,-0.2776739
7943,-1.73730981,-2.47681165
7944,0.306076258,-1.19530773
7945,0.164077848,0.589273214
7946,-0.356708705,0.954555154
7947,0.397841543,-0.107245192
7948,0.508563519,-1.32560825
7949,-0.5306862,0.591964424
7950,0.831893206,0.27799499
7951,-0.0272218268,-1.05279458
7952,-2.13945198,-2.66532826
7953,-0.230139837,-0.159900397
7954,-0.297945827,-0.281727374
7955,2.73109412,-1.45938003
7956,-1.39820671,-0.0993289202
7957,-0.391619384,0.736029029
7958,0.4290241,-1.50006592
7959,-1.41863465,-0.562602818
7960,2.23023248,-0.906031251
7961,-0.574044228,-0.481877685
7962,2.55398202,-1.43654132
7963,-0.27802071,-1.80382764
7964,1.42116392,1.12726581
7965,1.38675392,3.14086246
7966,-0.487591714,-1.70334709
7967,1.04857004,0.0643669516
7968,0.160442993,-1.06354547
7969,1.78678155,1.25679302
7970,-1.60193861,0.0408409163
7971,-0.612091005,-1.30731165
7972,1.29190588,-1.33833385
7973,-0.00344538828,-1.87950552
7974,1.13010681,0.701729476
7975,0.181288764,0.0322584137
7976,-0.0642554313,0.203378692
7977,-1.12879658,-0.0810196325
7978,2.98389482,-2.23339581
7979,-0.0760222152,3.06265664
7980,-1.15098798,-0.481813312
7981,-0.329598993,1.40720177
7982,-0.0162797626,0.216012642
7983,2.80577278,0.260789871
7984,-0.403586417,2.01071048
7985,-2.03199291,2.13469052
7986,1.82818353,0.0578357354
7987,-1.64582574,-0.792469203
7988,-0.733416378,-2.97715521
7989,1.2788831,-0.133292452
7990,0.921567321,-1.80414224
7991,1.37484872,1.48421681
7992,-0.121259019,0.364182651
7993,2.16833925,0.452945083
7994,-0.387297273,-0.0259809643
7995,-1.11684382,-0.0563377291
7996,-0.379223615,0.23114039
7997,0.134058222,0.134773299
7998,-2.17915082,1.03367698
7999,0.436986715,2.35370588
8000,-0.763517797,-2.04500556
8001,1.03824747,2.13899159
8002,-0.625500262,-2.16278744
8003,-1.85780859,0.385707259
8004,-1.2193644,0.892742872
8005,0.609908998,-0.0340141542
8006,-0.613648474,-0.749223351
8007,0.058128871,-1.80248201
8008,0.120374903,2.00110769
8009,0.582549334,3.43516684
8010,0.821824491,-0.198818579
8011,-1.1473465,0.940199494
8012,0.788316131,0.797363281
8013,1.52524292,-0.642769694
8014,-1.43200779,-1.08699203
8015,-0.976114213,-1.10856032
8016,1.47393215,0.109467745
8017,-1.38612866,-0.309449255
8018,0.314731181,0.785692751
8019,0.306155294,-1.58997059
8020,0.966100931,-1.13001299
8021,-0.976848781,0.395798743
8022,-0.235403463,-0.867465794
8023,0.546083212,1.1532625
8024,-1.66131723,-1.53964972
8025,-1.12449074,0.379394591
8026,-0.170997947,-0.660555005
8027,-2.55469584,-1.31341696
8028,-0.21566394,2.61667347
8029,0.361527354,-0.137766361
8030,-0.814125001,-0.233789667
8031,0.627498388,2.26500416
8032,0.581601918,-2.41098309
8033,1.62874675,-0.284036219
8034,-1.34453321,2.1184392
8035,-1.67117798,0.542862177
8036,-1.67835402,1.5054605
8037,0.134033069,0.272955269
8038,0.295734316,-3.032408
8039,-0.379848003,0.185203165
8040,-2.10623479,-3.73526001
8041,0.0581274927,0.27845645
8042,-2.055619,0.642270684
8043,0.154432669,-0.0809003785
8044,-1.58599305,-1.10670161
8045,1.69180918,2.54756522
8046,-0.223830804,3.02979255
8047,0.239662036,-0.190166399
8048,-0.244863957,-0.0361689217
8049,0.942465603,0.349902779
8050,0.142655864,0.648190796
8051,0.00710277818,-1.36270082
8052,3.17614627,-0.899373114
8053,1.45883632,0.494877279
8054,0.104516543,0.574683905
8055,0.71068728,0.388397515
8056,-0.0365772732,-2.03689337
8057,0.627129197,-1.53894794
8058,-0.212493256,0.567947626
8059,-2.14739275,-1.88261116
8060,0.428534746,-3.68843794
8061,-1.18741488,-0.189299628
8062,0.16011773,-2.29528499
8063,1.35359454,-0.237570316
8064,-0.001222805,0.516244531
8065,1.74189293,1.45593464
8066,-0.634854913,-1.40436518
8067,1.92883348,-1.38195062
8068,-2.18371177,-0.0389978364
8069,-2.49413657,-2.55566716
8070,0.927222431,1.98476779
8071,0.988720715,-0.155062363
8072,-0.810061812,1.42642987
8073,1.49766183,-0.939257443
8074,0.423248559,-1.41830754
8075,2.59394002,3.96977162
8076,0.150068209,-0.547078609
8077,-0.820681751,-1.32702839
8078,-1.10213363,1.72238255
8079,-0.159082159,-0.300784826
8080,-0.0957207307,-0.597639501
8081,-0.775696456,-0.493037164
8082,-1.99528182,-1.75727987
8083,0.389073282,-0.81200999
8084,0.451274335,0.771869183
8085,-1.49710405,0.131107733
8086,-0.977666199,-0.299848527
8087,0.0253421124,1.17320967
8088,1.72495055,-0.638922393
8089,-0.127049744,0.299385488
8090,-0.571035147,1.15812314
8091,-0.654981732,-1.26521957
8092,-1.35313714,-0.409727752
8093,0.323258191,-0.54687798
8094,0.71951735,1.02025044
8095,-1.63176656,-0.950738132
8096,0.0245290268,0.145637929
8097,-2.0639348,-1.70124388
8098,0.58695823,2.65217638
8099,0.415694565,0.460078567
8100,0.554890573,0.460274845
8101,-1.75300431,0.600041211
8102,1.58236921,-0.118986376
8103,-2.51288033,1.4094938
8104,-0.570692301,1.01900816
8105,2.97946501,-0.988890707
8106,-0.526773393,-3.18700075
8107,0.223928168,0.922460556
8108,-1.24822128,-1.93778741
8109,3.51346445,1.3363564
8110,-0.254448533,0.126035452
8111,0.272639424,0.397144377
8112,0.14984113,-0.240132704
8113,-0.519102216,0.20365119
8114,-0.0783623084,-2.42040086
8115,1.06848764,-1.00535011
8116,0.593891621,2.03869367
8117,0.617336035,0.123916209
8118,0.119644217,0.104673721
8119,0.890267611,-0.450853795
8120,-0.698202908,-1.85599089
8121,-1.10470939,0.476887822
8122,1.00621009,0.466316253
8123,-0.907934785,-0.975733638
8124,-0.553108573,-0.894083381
8125,-0.64454931,-1.32267594
8126,0.0396837555,-0.209683701
8127,0.533998847,1.02021027
8128,1.05721831,-0.649866998
8129,0.317770332,-1.72154355
8130,-1.14212406,-0.741709054
8131,0.559535921,1.65912569
8132,-0.533142447,1.35565627
8133,1.37262523,2.3293786
8134,2.40100026,1.41470337
8135,-0.991410077,-0.443116128
8136,0.698873997,2.08707428
8137,-0.909594595,-0.781116366
8138,-0.299979746,-0.902962685
8139,0.0465456881,2.20134044
8140,-0.435263157,0.218475282
8141,-1.82874596,-1.32134521
8142,-5.05822277,1.74728143
8143,-0.738321602,1.686041
8144,-0.209595755,1.50234699
8145,-1.05920029,1.0657407
8146,-0.76164335,-0.689976215
8147,-1.00062895,-0.618852437
8148,-0.618574023,0.991761029
8149,-0.509298146,-1.22576714
8150,0.265364975,-1.64670324
8151,-2.84813213,-1.51937449
8152,0.448447943,0.684815705
8153,-0.469435185,-0.417052031
8154,0.610748589,0.424032182
8155,0.120834097,-0.141643137
8156,-0.143471405,-1.83001661
8157,0.377759576,-0.566105843
8158,0.19540821,-0.372641176
8159,-1.4256165,-1.93166423
8160,-1.07563233,-1.20100629
8161,-1.86905837,-0.0977301523
8162,-0.745898843,0.899792612
8163,-0.544258356,1.23756397
8164,0.279839575,-0.0258965567
8165,0.319417894,-1.36890018
8166,0.373161942,2.39418578
8167,-2.16303015,1.74009955
8168,0.35105899,1.5568105
8169,0.904450655,-1.10095358
8170,1.42273915,0.770207226
8171,1.05782139,0.0215417147
8172,-0.965108514,0.424475372
8173,0.238150045,1.24191666
8174,0.572508752,-0.344597608
8175,0.0122747701,0.621987104
8176,-1.34132111,1.97712076
8177,-0.494917631,0.677620709
8178,0.475610852,-0.184823617
8179,-0.87637347,0.20478937
8180,-0.624109566,1.51279259
8181,1.13794446,0.270662814
8182,0.165253505,0.570119679
8183,0.736819804,-0.991409659
8184,-0.548379242,3.53197002
8185,-0.333661795,-0.102313921
8186,-0.269269407,1.06138992
8187,-0.283848912,-0.794280112
8188,0.626018822,-0.0358709805
8189,0.144419491,-0.381715804
8190,-0.524148822,0.1716225
8191,-1.62773192,-0.4517169
8192,-1.43383133,-0.656409681
8193,-1.22044563,2.10594893
8194,0.465880036,-0.628960192
8195,0.732833087,0.170721799
8196,0.503331959,0.800827622
8197,-0.320088655,-0.526839733
8198,0.134543493,-0.116693176
8199,-0.105053559,-1.47153997
8200,-0.64877516,-0.0787837356
8201,0.75398922,1.30443752
8202,-2.74335718,-1.37080681
8203,1.57970452,-0.0987714007
8204,-0.413891524,-0.11199446
8205,-0.849925876,2.08619475
8206,0.447257102,2.57803726
8207,-0.168886721,-1.59224284
8208,0.39528054,-1.4588896
8209,1.23218071,-1.14819396
8210,0.28100726,0.099689573
8211,1.21168339,0.226957753
8212,0.485563576,-0.474937946
8213,-1.02499223,0.000441186392
8214,-1.56726909,1.59074378
8215,0.135110587,-1.22256768
8216,-0.189046934,0.110314265
8217,0.10834758,0.626588762
8218,0.249334484,-0.862023175
8219,-1.06980193,-2.82657719
8220,-0.39866823,-0.92417556
8221,1.49032509,2.03725338
8222,0.962070704,-0.838192403
8223,-0.492169321,0.574933767
8224,-1.91086304,2.3070941
8225,-0.319127619,0.415519059
8226,0.525072217,3.43407559
8227,1.1316427,1.10672116
8228,-1.84828246,0.265079647
8229,-0.0219901744,0.111108907
8230,0.557368159,0.892793179
8231,0.894111574,-0.371313453
8232,1.35878444,-0.49763003
8233,-1.633883,0.813095748
8234,-0.671802878,-1.13968563
8235,0.290141881,1.76787233
8236,3.36243296,-3.11384773
8237,-1.52895141,1.69064915
8238,0.189574808,-1.26151407
8239,0.67380923,1.2564429
8240,-1.30829,1.12350762
8241,-0.482270867,-0.470899731
8242,-1.10349488,0.338585585
8243,-0.0846270844,-0.164980143
8244,-0.137568817,-1.57189691
8245,2.15105581,-1.69422483
8246,0.678221703,1.34704483
8247,1.57299006,1.69908428
8248,0.1640746,-0.033137802
8249,-0.135236293,0.48462224
8250,-0.316597104,0.241711766
8251,0.712270617,0.00229015062
8252,-0.137213737,-0.0645927489
8253,-0.262655497,-0.0768867955
8254,-0.866958857,0.835596621
8255,0.0177731495,-0.495630562
8256,0.342972875,0.0696786568
8257,-2.55925012,0.654167116
8258,-0.112076782,0.393527865
8259,-0.65915823,-0.318926036
8260,0.583794117,-0.798630893
8261,1.34199667,1.17818773
8262,0.0507494435,0.83451879
8263,0.0945348963,-0.483956039
8264,-0.508182406,-0.147073776
8265,2.35185337,-1.02705657
8266,-1.45817041,-2.28394961
8267,1.74410927,-0.162001804
8268,2.76538801,-2.2574029
8269,-1.55716002,-0.353040665
8270,-0.241829917,-0.152330622
8271,-0.17159088,-0.321563601
8272,-0.23543866,-1.01609182
8273,-3.88477087,-0.166041747
8274,0.447822988,0.676312625
8275,-1.10797215,0.0532259457
8276,-1.30707169,-0.569959044
8277,-0.603189647,-1.27481544
8278,-0.132816687,0.651555598
8279,-0.52666223,0.738098443
8280,-0.0372334905,0.701736927
8281,0.882435322,0.977077663
8282,0.697012246,1.62786269
8283,-0.454748839,-1.45717764
8284,-1.5925144,-0.300417721
8285,2.31308508,-0.151626006
8286,1.35792804,-1.94147944
8287,-0.268899739,-0.233549878
8288,-0.654908419,-1.76651466
8289,-2.9575932,-0.711207986
8290,-1.78896141,0.143322825
8291,-1.4149797,-0.833947539
8292,0.355233431,-0.0576053113
8293,1.41372514,0.0514843017
8294,1.56367755,-2.24027872
8295,2.13381076,0.119189382
8296,-1.04844511,-1.25317073
8297,-0.0791547671,-0.941123664
8298,0.613507152,0.761150897
8299,0.923899174,0.361528546
8300,-1.47102141,-1.24621713
8301,1.40686083,0.832949996
8302,0.0830924585,-1.46165466
8303,-0.127970353,0.736509681
8304,-0.732567966,2.14523172
8305,1.94653237,0.766581833
8306,1.80132866,-1.7557776
8307,0.536239743,0.743549526
8308,-2.65088201,-0.264302969
8309,2.53939557,1.30093968
8310,-0.170344695,-2.74607754
8311,0.08065328,0.332736313
8312,-0.136188537,2.13190675
8313,0.625083804,-0.0550611503
8314,1.95239127,2.79831839
8315,-0.12081416,0.324124306
8316,-1.37886465,0.639203966
8317,-0.174620539,0.0302902628
8318,-0.0557177514,0.319096684
8319,0.348104268,1.66326404
8320,0.0132546742,-1.88505375
8321,1.29746306,2.37050056
8322,3.66558361,2.2114253
8323,-1.01032662,-1.41282904
8324,-1.41979718,-1.70389724
8325,-0.866623342,-3.03201151
8326,0.132461295,0.520220578
8327,-0.66912353,0.959830403
8328,2.70774555,-0.314640224
8329,-0.0211621895,0.378591478
8330,0.997664571,-0.56579268
8331,-1.76080739,2.0314374
8332,-0.219575629,2.03541899
8333,0.632417142,-0.860826075
8334,0.714862704,-0.576955497
8335,3.74218512,-0.304384857
8336,-0.752366722,0.823686302
8337,-1.47319007,-0.279193878
8338,-2.26418161,-1.40127182
8339,-0.927660346,0.0473710112
8340,1.20531535,-0.581676722
8341,-0.718737662,0.893888175
8342,-1.06604433,-0.995256782
8343,2.99652171,1.39789486
8344,-0.241146594,-0.450569212
8345,-0.245913863,-2.93494511
8346,0.0666541979,-0.962998688
8347,0.884230793,1.21409202
8348,-0.0640666932,-0.385536939
8349,0.141914159,-0.923859537
8350,0.0625204369,0.401201427
8351,-0.0734761953,-0.94348532
8352,0.507055104,0.418734133
8353,2.63034415,1.89568448
8354,1.3780508,-0.832704842
8355,0.49712345,0.912929296
8356,-0.0159827769,-0.0513695069
8357,-0.674766004,-1.34050918
8358,-0.102317601,0.149978951
8359,-0.185570419,-0.257505834
8360,-1.33106637,0.534183204
8361,1.67814839,-3.82150292
8362,-0.221067026,-0.202427968
8363,0.207099319,0.840615392
8364,0.677572668,-0.330872774
8365,-1.16715527,0.530706048
8366,-0.820646942,0.107480653
8367,0.0621739477,-0.19012633
8368,0.448686987,0.177443162
8369,0.453318298,-2.17310524
8370,0.726557374,1.24895728
8371,-0.887904763,1.09434593
8372,-0.654859483,1.84624064
8373,-1.38701391,-0.428599983
8374,0.0158823989,0.385122746
8375,1.93462312,3.61266351
8376,3.33547091,-0.186181948
8377,0.43266955,1.60982823
8378,1.34966838,-1.36662149
8379,-0.161585987,-0.129405245
8380,-2.00285912,-1.37476587
8381,0.3539038,-0.599735558
8382,1.10767782,0.932414949
8383,-1.3903017,1.46396804
8384,0.583421588,-2.39874339
8385,-2.18203855,0.0474191718
8386,-0.38430351,-0.176783174
8387,-0.696835637,-1.17084038
8388,2.04781938,1.22399354
8389,0.476311356,0.572176039
8390,1.7790345,-0.52204746
8391,-0.238543466,0.244712949
8392,-0.197288215,-2.3342731
8393,-0.876855731,1.07833862
8394,-1.37159038,0.691316366
8395,-0.179648787,0.0267154537
8396,-0.600113988,-0.296774834
8397,-1.68184495,-0.634971023
8398,1.19233346,0.17525509
8399,-0.888815224,1.47739542
8400,-0.605247557,-1.45795178
8401,-0.153966144,0.38646996
8402,-0.980903447,0.0335992016
8403,-1.27655149,-0.786925375
8404,-0.0942027494,-1.43608809
8405,-0.881571889,-2.14205432
8406,-0.310135454,-0.242546245
8407,-1.78058922,0.831288159
8408,-3.84316993,1.03458261
8409,0.966402352,0.878206491
8410,-2.13417459,-2.03436255
8411,-1.65570211,-0.732972682
8412,1.10789824,0.51726222
8413,-0.739915967,-0.763465881
8414,1.43244874,-0.419736117
8415,-0.191949308,-0.0667662024
8416,1.21920872,1.2263937
8417,1.03656852,-1.03722107
8418,-1.19439578,-2.19353724
8419,-1.4193548,-1.16570628
8420,-0.0908799395,-1.50197256
8421,3.3632338,1.65279555
8422,1.62093699,-0.635131121
8423,-2.07766914,-0.932057023
8424,-0.645519674,0.437910229
8425,1.36100876,0.252973497
8426,0.285673261,0.158015832
8427,-0.0852870867,0.257338822
8428,-0.367438883,1.74625432
8429,-0.294689089,0.0487337559
8430,-0.858475029,0.971445918
8431,-1.35891998,-1.23351228
8432,0.0715739727,3.56303525
8433,0.767205238,-0.670921385
8434,0.941392541,-0.453318447
8435,1.39566326,-1.48959088
8436,0.224730507,1.12235796
8437,0.368138313,0.865898311
8438,0.548004925,-1.52674329
8439,1.50650752,0.727651358
8440,-0.295333505,-0.134784758
8441,-1.39465714,-0.258734971
8442,-0.418498039,-1.5999428
8443,3.0559144,-1.0036906
8444,0.102396309,-0.892781913
8445,0.250393152,1.71347535
8446,-1.83992088,-3.07636237
8447,-0.863620818,-0.819541037
8448,0.545838714,0.168072388
8449,-2.44886756,-2.28013849
8450,1.33687282,-0.647089481
8451,-1.90715313,-1.00201738
8452,-1.09039295,-1.02231598
8453,-0.789782465,0.712597489
8454,0.937933564,-0.753846288
8455,0.206663772,-1.17274284
8456,-0.215817332,-0.444453955
8457,-1.44729173,0.299419522
8458,-1.22934961,0.0737652034
8459,-0.506514728,1.69491637
8460,0.147174343,0.508884966
8461,-1.35955405,0.529276073
8462,-0.0101814037,-0.486281723
8463,0.380126119,1.57214487
8464,1.03593779,-1.10531807
8465,-0.900004685,0.996701181
8466,-0.0432877392,0.780430794
8467,-2.57315373,-1.22538185
8468,0.157148242,-0.433395773
8469,0.239837885,-2.74067569
8470,0.357799292,-1.33626604
8471,-1.45765495,0.672427475
8472,0.638283312,-0.468108803
8473,0.169311225,1.3928293
8474,-0.142562658,-0.169439077
8475,1.65928078,1.59393406
8476,-1.21837592,0.188946396
8477,2.33882165,-0.533480704
8478,1.27507603,-2.07790923
8479,0.413519174,0.301330835
8480,2.37565136,-1.56283855
8481,-3.82663274,-0.253453702
8482,-0.023772452,0.337177873
8483,-0.496023864,1.74790478
8484,-1.8595655,2.20053601
8485,0.869014382,2.03587365
8486,-0.0968880951,-0.406536579
8487,0.348665386,-0.676717341
8488,-0.131770909,3.74466181
8489,-2.03314424,-0.347569793
8490,-0.0637048781,0.375322968
8491,-0.939846039,-1.09795225
8492,0.293586314,-0.396195263
8493,2.18504834,1.79039359
8494,1.17465568,-0.65128243
8495,0.646969438,-0.347093582
8496,-0.233501151,-0.444068819
8497,-0.832979381,1.72661579
8498,0.245503709,-0.834931314
8499,-0.482556194,0.23476842
8500,2.19805121,0.0859388784
8501,-0.662036896,-0.650323033
8502,-0.882146478,-0.794930339
8503,-0.350941569,-0.996151686
8504,-0.766762733,0.738067687
8505,-0.611262679,1.10175931
8506,1.17100728,-2.14478993
8507,-0.770848513,-0.134518221
8508,0.517154753,-1.32264709
8509,1.54915273,1.56158578
8510,1.72776413,0.204976559
8511,0.147001669,-0.0895176902
8512,1.97605884,-1.13553298
8513,-0.848292172,-0.616171956
8514,0.59655118,4.08800793
8515,1.43987751,1.14610803
8516,-0.353958309,-0.107341692
8517,-0.840039313,-1.60162711
8518,0.0579455346,-1.86357164
8519,-0.64012146,0.609782338
8520,-0.0936069116,1.2472502
8521,0.355187476,0.377595872
8522,0.562397778,-1.91173756
8523,-0.254971534,-2.33787131
8524,0.811865389,0.827951372
8525,-0.784805954,-2.31210542
8526,0.790612578,0.507514358
8527,-1.18671548,-0.0151424212
8528,0.345549285,-0.0936800167
8529,-1.40477395,0.178795233
8530,-0.612892449,-0.233633891
8531,-0.34570545,0.821352661
8532,0.0950432196,-0.655800581
8533,-0.614774764,-2.60808754
8534,0.294089764,-2.05015564
8535,-2.70249557,-0.23822616
8536,-0.749388158,2.81240988
8537,-0.353474408,-0.324988037
8538,-0.115520336,-0.83376956
8539,-1.22055626,0.369806439
8540,-2.29296947,-0.743252635
8541,-0.019184202,0.0859618112
8542,-1.67089105,-2.981215
8543,0.147109225,0.198637784
8544,0.192147717,-0.137696087
8545,-0.405251443,0.756970227
8546,0.466480881,0.331344813
8547,-0.0433722697,-0.808703899
8548,0.492379665,-0.0998161659
8549,-1.54280698,-0.334706187
8550,0.61166364,0.403535604
8551,1.52958226,0.750872672
8552,1.78432703,1.317523
8553,-0.0807769597,-1.15223169
8554,-1.05847597,0.421958297
8555,-0.469772488,0.468859971
8556,0.292823046,0.0883125812
8557,-0.693145752,0.35566172
8558,0.875760615,1.91028726
8559,-1.99428403,0.264901966
8560,-0.442810118,-2.93310189
8561,-0.605947912,-0.566141248
8562,-0.267842591,0.72053349
8563,-0.0726923123,-0.158054501
8564,-0.195037454,1.45137346
8565,-0.190244824,0.471340865
8566,-1.96735573,1.05464065
8567,-0.106477566,0.155136496
8568,-0.121367961,0.0892406702
8569,-2.49377036,-1.08635437
8570,1.02780557,2.6216507
8571,0.389389545,-0.66647166
8572,4.42509365,1.72031629
8573,-3.84181952,-1.54658973
8574,-1.66185367,0.561897755
8575,-1.86627173,-1.70283592
8576,0.440303326,-0.288569778
8577,-0.455395937,-0.922153294
8578,0.0334425382,-0.768244863
8579,-0.916981936,0.232576072
8580,-1.59444618,-2.06272864
8581,-0.457169086,0.426603913
8582,0.00436040014,-0.523081779
8583,0.494760185,0.159023136
8584,-0.335244209,0.128732964
8585,2.09026575,-0.00955158845
8586,-3.25829697,-0.163554072
8587,-0.324937046,1.73949325
8588,0.341524482,0.606203914
8589,0.29235974,-1.80525947
8590,-0.845819771,1.11678803
8591,-1.43959486,-1.42414188
8592,1.64737165,0.129435182
8593,0.133798391,0.0610728115
8594,1.65464103,0.104267173
8595,-1.241611,2.28757119
8596,0.237386256,-0.779184401
8597,0.28659609,-0.0670067966
8598,1.35012984,0.619673252
8599,1.62104583,-1.85725927
8600,1.87605512,-0.278047562
8601,-1.45282519,-0.552783608
8602,-1.26569045,-2.27472091
8603,2.76036882,1.73575175
8604,-1.03457057,-1.41175222
8605,-0.0176346153,0.442465723
8606,-2.09254003,1.33646631
8607,-0.207692981,1.53921556
8608,0.457359523,-1.52688777
8609,0.0690689608,0.298745036
8610,-0.306127578,1.5308218
8611,0.103699163,-0.353288472
8612,-0.840836167,-2.32286835
8613,-0.707827389,-0.633891165
8614,-0.855201602,-2.91434026
8615,-2.14375138,-0.845287204
8616,0.571518719,-0.372678995
8617,-0.198425159,0.00248776469
8618,0.242054939,2.63671017
8619,1.53684485,-0.397717386
8620,-2.34217858,0.87932229
8621,-5.73637295,1.33492684
8622,-0.130812541,0.548630297
8623,0.313928038,-0.839134634
8624,-1.49883151,0.882278442
8625,-0.771775126,-0.0538867339
8626,-0.830404937,0.170336753
8627,0.258939505,0.857222617
8628,-0.201096624,-1.73238134
8629,0.518072486,-0.631855786
8630,-1.00109744,0.200455606
8631,-0.952881098,-0.968523204
8632,-0.688808978,0.371980339
8633,-0.0238174833,-0.805766165
8634,1.68276143,-0.390869528
8635,0.2255954,-0.431948185
8636,0.313151956,0.0300066173
8637,-1.90836692,-1.68869495
8638,-2.48817611,-1.77938998
8639,-0.989946187,1.94249022
8640,0.0304635819,1.98325622
8641,-0.248820454,0.691628516
8642,0.352391094,-2.17425489
8643,0.145293713,0.454399675
8644,0.705708444,1.44465208
8645,-0.492325127,-0.379072726
8646,-1.09222782,-0.17188184
8647,-0.123593174,-0.122304901
8648,-0.2921893,0.521359622
8649,-0.562216461,0.528134048
8650,-1.44446838,-1.3600775
8651,-0.351014495,0.0959684998
8652,0.193841353,0.656354606
8653,-3.11407781,-0.302268744
8654,1.67136693,-0.481107801
8655,-0.761970103,-0.887670994
8656,-1.15177691,0.349822581
8657,0.501092136,0.579618156
8658,0.472747087,-0.512063444
8659,2.27481627,2.2035799
8660,-0.637571216,0.905253649
8661,0.0112363957,-0.196340516
8662,-1.2213428,-0.149215132
8663,-0.401517987,0.626461685
8664,0.0828137919,-0.27792418
8665,-0.274754882,0.631528318
8666,-2.28355432,-0.458707392
8667,-1.24361503,-0.662191451
8668,-1.89326239,0.0671350658
8669,1.01542127,4.14460039
8670,-0.211338326,0.850286782
8671,0.677876055,1.01955271
8672,-0.286585569,0.374806166
8673,-0.934201777,-0.176606104
8674,1.61887443,1.05915725
8675,1.75096834,-1.44211102
8676,-0.591279447,0.805447757
8677,-0.201453611,-0.229229569
8678,-1.49554288,0.38067311
8679,-0.786074877,-0.627967775
8680,-1.33002102,-0.143095151
8681,-1.04559684,-0.330863595
8682,-0.214352831,-1.30962658
8683,-1.54105198,-0.558317184
8684,0.358882904,-0.176994994
8685,0.578525662,0.304664165
8686,0.230112746,-0.113055594
8687,-0.203233197,2.69096565
8688,0.326485425,-0.24269408
8689,1.48267174,-0.554532468
8690,-0.894688845,-0.605599642
8691,-2.29333782,0.996157229
8692,0.259124607,0.1271424
8693,0.264345646,1.05594051
8694,-0.478621602,0.121716209
8695,-0.209485143,0.260223567
8696,0.159650326,-0.622479916
8697,0.141601413,0.125754088
8698,-0.929306448,-0.895945549
8699,-0.056710165,-0.170648962
8700,-0.024068214,5.1244359
8701,0.394342273,0.139401302
8702,-0.626560688,0.287906557
8703,-0.757259309,0.582954943
8704,0.0991709158,0.971522272
8705,0.0977434888,-0.779151618
8706,0.023690179,0.153213859
8707,2.11765456,1.17086351
8708,0.0776382163,0.401688039
8709,-0.337002188,-0.280318737
8710,-0.0458923243,0.166455358
8711,0.0447822921,0.186730281
8712,-0.680101097,-0.593358159
8713,0.844614983,0.132558629
8714,-0.243070155,0.603056192
8715,-0.0914563239,0.181620151
8716,2.21307039,-0.0790480524
8717,0.952134132,0.819855452
8718,-0.129052743,0.191845939
8719,0.349084765,0.836474955
8720,1.6111784,-0.905008435
8721,0.304748833,0.456473261
8722,0.537700653,-0.108878806
8723,0.432265669,-1.65635562
8724,0.223688185,-0.180491745
8725,0.892424107,-1.58112359
8726,-1.58077824,-0.213923484
8727,2.20556784,-0.894711316
8728,1.31234884,3.3622992
8729,1.37984014,0.484274149
8730,0.127226517,0.601074398
8731,0.0727444738,2.47861505
8732,-1.12894285,0.39136675
8733,0.0875072479,-0.39028421
8734,-2.91337967,-0.83999306
8735,0.0872552842,-1.3600961
8736,-1.72932029,0.816325009
8737,0.0877006352,0.908986926
8738,0.574232042,-3.09157944
8739,0.0981220305,-1.12903249
8740,-0.58633244,1.84256351
8741,-0.704410136,-0.0542152114
8742,-0.0370661728,0.068129003
8743,1.05804861,1.93311393
8744,-0.880508482,-0.140140116
8745,-0.0516211614,1.19366312
8746,2.13347006,-1.77857339
8747,0.416122764,-0.488117814
8748,0.745689571,0.590299308
8749,-0.178165168,0.378383785
8750,-0.223533586,0.782864332
8751,0.233317152,0.34918803
8752,-0.512586236,1.42620456
8753,0.887172937,-0.0468994491
8754,0.773732543,-1.14627802
8755,-0.475304842,0.166305467
8756,1.01077902,-2.14334226
8757,-3.70101237,0.265718758
8758,-0.490382373,0.234382644
8759,-2.74053121,0.95874989
8760,0.42138043,0.53850162
8761,0.00094101968,-0.322149813
8762,0.371043533,3.11633539
8763,0.905630887,-0.539637029
8764,-0.116964199,-0.346340954
8765,-0.220260233,-0.138937503
8766,0.646054983,-1.59102213
8767,-0.483567744,-1.89018166
8768,0.579263508,0.753783166
8769,0.599720716,0.320221424
8770,-1.51619065,0.031796895
8771,1.10133266,-0.598920405
8772,-0.0232212879,2.2017386
8773,-0.613398254,0.589728177
8774,0.723421037,-0.245237082
8775,-0.89533937,-0.192332894
8776,0.314852685,-0.0420095697
8777,-0.721912086,0.51830703
8778,-1.51547396,-1.38004982
8779,-0.150305241,-0.0962908417
8780,-0.422425628,0.612554729
8781,0.179562613,0.747566819
8782,0.368139356,0.516259611
8783,1.17275071,1.55287182
8784,0.593860805,-0.710163713
8785,-1.97347307,-1.0118897
8786,-1.4603188,0.171648264
8787,2.10779572,2.3401401
8788,-0.0671816021,0.139068276
8789,0.201466367,-0.614386559
8790,1.03337276,0.28713727
8791,0.0561868325,-0.552606881
8792,0.961405754,-0.865766227
8793,1.6247139,-0.755395651
8794,-0.979823112,0.360906303
8795,0.0811085179,0.891660511
8796,0.0634171143,0.141936153
8797,-1.04243422,0.0517653637
8798,-0.564919114,1.79741991
8799,0.0694256127,-0.610731065
8800,-3.42823052,1.93362427
8801,0.436037302,-0.392530888
8802,0.113999054,-1.13588238
8803,0.401461571,0.65610826
8804,4.30950594,0.26136151
8805,-0.663183808,0.754371285
8806,-1.8336395,-1.21682072
8807,-1.7032969,-1.46433246
8808,0.32563895,-0.127242833
8809,0.271717489,-0.0266333986
8810,1.28123236,1.78801763
8811,-1.91154671,0.821826398
8812,-0.668172956,0.243386492
8813,-0.174067214,-0.207593799
8814,-0.820491672,0.643496335
8815,1.28812778,-0.603130817
8816,-0.918926597,-1.07541549
8817,-0.586560488,0.65700829
8818,0.807890534,-0.736871779
8819,0.692217946,0.241015896
8820,-1.42637014,-3.61927581
8821,-0.429080516,1.40376258
8822,-0.900742114,0.533343732
8823,0.00206341571,-0.222978473
8824,-2.55059457,-1.75596321
8825,-0.613108039,0.838815629
8826,-1.73649096,-1.01061952
8827,-0.242237568,-0.441595644
8828,-1.17502964,0.213548452
8829,-2.49336147,-1.67070854
8830,-2.92226148,-0.634893894
8831,-2.41168809,0.764705062
8832,1.44627678,-0.126977131
8833,-3.05448437,-1.88038754
8834,-0.903620601,1.00916576
8835,-0.283201098,2.79911256
8836,-0.316875279,-0.200208575
8837,0.0137835797,0.220499426
8838,-0.988008082,-0.986672461
8839,0.766906977,-0.162315264
8840,1.67588842,-0.180730715
8841,-1.18299043,0.718652964
8842,0.224368706,-0.251368433
8843,-2.45628309,2.08236933
8844,-2.37776637,-0.0249096099
8845,1.8291806,-1.24499989
8846,0.523042977,0.077851437
8847,0.781069458,0.0110458797
8848,0.643169343,0.721383512
8849,-0.377918482,0.469192356
8850,-1.88967264,0.0365324765
8851,0.171252295,1.50749743
8852,-0.298123479,-1.28998601
8853,0.359868169,-0.129343569
8854,0.106776081,0.207375616
8855,-1.27714288,-0.898903966
8856,2.15680194,-0.932651162
8857,-0.249389842,0.38966912
8858,-0.988770604,0.668839693
8859,-0.995024562,0.141868576
8860,0.0827306211,-0.282730967
8861,-2.2007668,2.19659948
8862,-0.0620160028,-0.185001284
8863,-0.991961122,0.203687206
8864,-0.0780812502,0.383016765
8865,1.57314026,-0.8516168
8866,1.10598278,-0.447120875
8867,-0.373688698,-2.11266565
8868,1.03756225,-0.536689222
8869,1.37218487,0.585019112
8870,-0.522005379,0.0992024764
8871,0.249469176,-0.0502226092
8872,1.53974819,-0.283935219
8873,-0.373631954,-0.160708457
8874,-0.725546241,1.62768793
8875,1.88325906,0.795659184
8876,1.25929546,-1.61029017
8877,-1.35142088,-0.496537536
8878,0.335765898,-0.160503402
8879,0.255504698,0.322811604
8880,0.854999185,1.00679374
8881,0.57472378,1.30554283
8882,0.46272561,0.211851642
8883,-1.1003592,-0.174728096
8884,0.0320342556,-1.3300091
8885,3.17248392,0.327082217
8886,0.32796973,0.630385041
8887,-0.683122039,-0.55147773
8888,0.142933145,1.4229058
8889,-1.64034307,-2.22879648
8890,-0.273545235,0.910928249
8891,-0.775290132,1.03987038
8892,-0.750388324,0.456599712
8893,-0.724937856,0.548936129
8894,0.099930495,-0.179892883
8895,-0.816810906,-0.0829935819
8896,-0.105185218,-0.604632735
8897,0.573738456,-0.141765013
8898,0.514124274,-0.782984555
8899,-0.591326296,-1.33495808
8900,0.412116081,2.43677926
8901,-1.4527328,-1.33965504
8902,1.71139181,-1.65877116
8903,3.91909313,-0.762423217
8904,0.279855192,-1.17533565
8905,-0.869206011,0.0120802866
8906,1.00106859,-1.2739495
8907,1.10510898,2.27758884
8908,2.15971351,1.06001055
8909,0.957475066,-0.451161146
8910,0.848165035,-0.547803342
8911,0.666190505,0.41233778
8912,1.41540909,-0.419918209
8913,-1.0645858,1.23123324
8914,0.679385006,0.381629258
8915,2.08515811,-0.173135713
8916,-1.57284641,-0.212914526
8917,-1.38019347,-0.327865899
8918,-1.85040009,0.843706131
8919,-0.239979357,-0.238927528
8920,-0.87619406,-0.725926459
8921,-1.05079365,2.46884799
8922,-0.987022817,-2.33968472
8923,3.41511321,0.912506521
8924,-1.39511263,0.57800734
8925,-0.0572006553,-0.732623816
8926,-1.86589444,-0.971239448
8927,2.18388104,-0.906539202
8928,0.65443629,0.126283586
8929,1.98631346,0.826151609
8930,1.80936337,0.594825029
8931,-2.62318444,-0.62378031
8932,-1.71803141,1.70460224
8933,0.368627101,-0.292656839
8934,-0.550662339,-0.109715998
8935,-0.85304147,-1.9643563
8936,-0.600948989,0.527616084
8937,-0.538221598,-3.39508367
8938,2.11912966,0.975215912
8939,1.30736756,-1.03436399
8940,1.38724673,-0.963612497
8941,-1.09256232,0.457732528
8942,2.16939878,-1.02209342
8943,0.158580691,-1.94295228
8944,-0.773235381,0.505859435
8945,-1.77259481,-0.644897223
8946,0.520086229,-0.0351967029
8947,-0.714718044,-2.61248636
8948,-0.624465466,-0.446210355
8949,-0.25592047,-1.07705224
8950,1.985309,-0.0719974041
8951,2.91694331,-0.589079201
8952,-0.843880236,-0.635124505
8953,1.01646531,0.823821604
8954,-2.82826161,-0.0863247663
8955,-0.821150959,-1.18375981
8956,0.376571804,0.19956702
8957,0.465383917,-0.205358922
8958,0.742955685,-0.467362821
8959,-0.357598573,-0.42650035
8960,0.417331338,0.0882859901
8961,1.49729633,0.528681159
8962,0.301566929,0.709782958
8963,-0.729998231,0.351821482
8964,0.228579015,-0.100051604
8965,-1.0435679,-0.15604493
8966,-0.0492259003,-0.226157159
8967,-2.10064411,0.951451719
8968,-1.7578516,-0.696360767
8969,-0.0526810288,0.23317419
8970,-1.37176788,-1.37845802
8971,-1.43320656,0.799821436
8972,-0.203185767,-0.143450201
8973,-1.78673577,0.288172632
8974,-0.828175008,-0.320760667
8975,-2.54978919,0.927622676
8976,0.959056914,-0.63378036
8977,-1.98884904,-0.930996895
8978,1.27712262,-0.671072781
8979,0.690474868,-0.251229644
8980,0.169251546,0.267429441
8981,-1.63798249,0.0632288456
8982,-0.0695592761,-0.937226772
8983,0.627240241,-0.576604247
8984,-0.329942971,1.80901182
8985,0.226117462,1.82122874
8986,0.52755475,-0.216128945
8987,0.625534654,-0.98859638
8988,-2.13157821,-2.65549946
8989,-0.420462877,-0.378531039
8990,-0.181627631,-0.533521593
8991,-0.413048983,-2.43911242
8992,1.19216073,-1.49311876
8993,-2.45161176,2.1668551
8994,0.243811205,0.287308782
8995,1.3903259,2.3706243
8996,0.630749464,-0.530331731
8997,-1.29991591,-1.71082056
8998,-1.99109375,-0.625190437
8999,0.249049351,-0.288328916
9000,-2.04830956,-1.6390568
9001,1.98784804,0.581737339
9002,0.512192428,0.068444021
9003,-0.297393411,0.0597841069
9004,0.161314487,-0.182554603
9005,0.458899677,-2.49877691
9006,-1.13704753,0.449724346
9007,1.83208191,-1.7325356
9008,-2.55360937,0.182019398
9009,-0.403742224,0.0900933221
9010,2.74752688,1.23078382
9011,-0.487974852,-2.3067441
9012,0.775354862,-0.413565338
9013,0.235145047,1.47130835
9014,-0.656135201,-1.86241686
9015,-0.149697736,0.337716341
9016,-0.157473505,2.01084113
9017,1.98680484,-0.131651387
9018,0.334878653,0.0368955843
9019,0.316914856,-0.0849562287
9020,-0.411820382,-0.146967456
9021,-2.338346,0.887099206
9022,-0.61537981,0.17766732
9023,1.31888127,2.27399325
9024,0.0368277878,-0.18087633
9025,0.948232114,-0.151959628
9026,0.0704053566,0.945477545
9027,-0.0498431474,0.678176284
9028,-1.12102461,2.67499161
9029,0.387848377,-0.230159685
9030,-0.624527752,1.41629207
9031,-0.54307723,-3.3625164
9032,0.99306047,-2.11242509
9033,1.28270173,-2.50043273
9034,0.116258442,-0.418367088
9035,1.74568534,-0.112899482
9036,0.389914274,0.543319583
9037,0.40174982,0.588773608
9038,0.618045092,0.562586665
9039,-0.821936488,-0.357957602
9040,-0.562303364,0.223554939
9041,0.17014429,0.944177687
9042,-0.821689725,-0.0985897258
9043,0.259183109,0.0549420416
9044,-0.484737426,0.459383428
9045,-0.163608089,-0.12892659
9046,0.83957535,-0.26054582
9047,0.686171293,1.97723985
9048,0.375031352,0.330278903
9049,-0.722616553,0.366938651
9050,1.03692567,-0.354335397
9051,0.583404005,1.88833773
9052,1.06239104,-0.833997428
9053,-0.39436242,-1.29636681
9054,0.281262487,1.91235399
9055,2.3381722,-2.5604403
9056,-0.306858867,-0.184649333
9057,-0.663941026,0.277507305
9058,-2.06394124,0.851461351
9059,-0.580286145,-0.393145025
9060,-0.293895781,-0.254885077
9061,0.892361283,2.28098655
9062,-0.611093163,-2.36947227
9063,1.50265503,0.803280234
9064,-1.38276339,-1.80779135
9065,0.567173243,-0.789169371
9066,-1.59188712,-0.8752352
9067,-0.420585513,-0.338877887
9068,0.402008981,-0.0391041301
9069,-0.254786819,0.0386680625
9070,-1.07631314,0.185866937
9071,-2.29960585,0.925388575
9072,0.079384461,-0.151113972
9073,0.433111817,0.0750124678
9074,-0.107443877,0.569783807
9075,-0.438244343,-0.761369824
9076,0.224308819,-0.0375731252
9077,0.86973846,-0.420881152
9078,0.385076106,1.22638583
9079,-1.12813079,0.791280329
9080,0.369060457,-0.0488390625
9081,0.681724191,-1.36019444
9082,0.35415566,0.348893702
9083,-2.69328189,-2.61627626
9084,-1.37526715,-0.0570501462
9085,-1.61651409,1.44277477
9086,0.0962444842,-0.52483362
9087,-0.300167978,0.116928756
9088,-0.228554875,-0.0695388094
9089,-0.183584392,0.883101046
9090,0.387987226,0.174237683
9091,-0.399589628,0.742907941
9092,0.625074804,-1.58695936
9093,0.893796802,1.0683254
9094,-0.726579249,-1.68318772
9095,0.271820009,-0.486537516
9096,1.35783625,1.87385798
9097,1.43370819,0.957778752
9098,0.828050077,0.138086841
9099,-0.467045099,-2.18779659
9100,-0.246415675,0.823197961
9101,-2.2159555,0.125094458
9102,0.0520178899,-0.215334758
9103,-0.0734409168,1.0670439
9104,0.244291186,0.235306039
9105,1.11391962,-1.5722959
9106,-0.255075425,0.211077258
9107,2.35831118,0.922225654
9108,-1.47877288,-1.41795051
9109,-1.18825054,-1.10365856
9110,1.19866455,-0.0614500269
9111,0.954655468,0.024757253
9112,0.108893976,-0.00910586771
9113,-0.556534588,-0.249905244
9114,-1.23677599,-1.07038867
9115,-0.250271022,0.117608145
9116,2.27029586,1.81216764
9117,-1.69994628,-0.00739224255
9118,-3.08047891,3.22037578
9119,0.609762371,-1.08251512
9120,-0.304984123,-0.63420707
9121,2.69540572,-0.336793989
9122,-1.53314292,-0.429940224
9123,1.23481524,-3.13124895
9124,-1.27488041,-1.31552649
9125,0.128221795,1.17404819
9126,-0.611190975,-0.76312387
9127,-0.66786474,0.495629072
9128,0.909272492,0.537320793
9129,0.389758259,0.866210341
9130,1.08813739,-1.31100345
9131,-1.33799028,-1.49842119
9132,-0.582726598,-1.64639199
9133,0.158482909,-0.213834539
9134,-2.17922616,0.341379344
9135,0.19692795,-2.53437233
9136,0.288687766,-0.475334078
9137,1.06817675,0.243282124
9138,0.381296128,-0.219789758
9139,1.36116517,1.29513454
9140,-0.167844176,0.0405564718
9141,-0.0948673412,-0.422674
9142,-0.752992034,0.756220818
9143,-0.0772934332,-1.13325131
9144,1.66963065,-1.81131041
9145,2.00816607,0.0723498538
9146,-0.28050977,-0.855878174
9147,-0.153599411,0.235764861
9148,1.13645744,-0.342403591
9149,1.51580179,-0.292416006
9150,-0.242283851,1.21480978
9151,-1.09265518,-0.100755975
9152,0.562361956,1.10577381
9153,1.78528166,-0.205062568
9154,-0.32680124,-0.10219799
9155,1.05237353,-1.40838146
9156,-0.708121121,0.625473559
9157,0.207937956,-2.66380882
9158,-0.308752775,-0.743730187
9159,0.871105313,0.836734951
9160,0.378873855,0.34602955
9161,-0.210654467,-1.55600679
9162,-0.248597175,-2.36506462
9163,-1.92559671,0.393986374
9164,-0.202500895,0.196551904
9165,-1.14155042,1.39049828
9166,-0.651558816,-0.556036055
9167,0.448403269,-0.105116032
9168,1.00567114,-1.14041948
9169,-0.385040611,-0.976146519
9170,1.00543201,2.42670393
9171,0.350561827,-0.190248296
9172,-0.0376661718,1.03996146
9173,1.24783456,1.782125
9174,-0.0124911945,0.293808073
9175,-1.32438159,-3.09991837
9176,0.809247911,-0.00579330837
9177,-0.0999007151,0.21621877
9178,2.13144875,1.03070867
9179,0.170627162,-0.336818099
9180,-1.44835889,1.43688273
9181,2.74027562,1.96382213
9182,0.466167063,-0.537082791
9183,-1.37518644,-2.51557088
9184,1.14992201,1.3089
9185,-0.744091153,0.815934002
9186,0.0334799588,-0.401138008
9187,0.303062499,0.0987303704
9188,0.33554256,0.070555456
9189,1.09282422,-0.522060275
9190,0.346010923,-0.635589004
9191,-1.1521045,-2.31952429
9192,0.968484759,-0.969816327
9193,1.63830101,0.521943629
9194,1.04511666,0.521888673
9195,-0.312259138,0.57584399
9196,-0.414122909,-0.413556874
9197,0.0714301839,0.376788795
9198,0.997635901,-1.02720213
9199,0.0132943066,0.171827272
9200,0.0427415781,0.38602668
9201,-1.31233978,-0.763720632
9202,-1.17391491,-1.10651374
9203,2.98886442,0.879892588
9204,-0.057299763,-1.28138018
9205,1.58625901,-1.19422877
9206,0.916452765,-3.22837877
9207,2.65891528,-0.635778308
9208,-0.271524727,0.563213885
9209,-1.56658065,0.892673254
9210,2.08885336,2.25506163
9211,0.920790195,-0.3528817
9212,1.55497527,1.1506958
9213,0.431523085,1.41532397
9214,0.638733923,0.61926055
9215,0.316234559,0.711235166
9216,-0.0635593832,0.953398407
9217,-1.83608019,3.0941155
9218,2.27100301,-1.2757293
9219,-0.360619873,-1.61574471
9220,0.0828628838,-0.859666526
9221,-1.15412438,-1.68713319
9222,1.90892768,1.09453392
9223,-1.74918246,-0.494118571
9224,2.50339985,-1.21089017
9225,0.057534907,-2.83978319
9226,-0.548986852,0.0228577368
9227,-2.13218021,-0.0831649899
9228,2.42813754,0.708599746
9229,0.323592722,0.496786714
9230,0.0158356149,-0.429332823
9231,1.2554388,0.837281942
9232,-0.230704933,-0.503240883
9233,0.824669242,1.62190557
9234,-0.175614864,-0.430692136
9235,-0.565917909,-2.21694088
9236,0.0464114323,-0.962231159
9237,-0.237422049,0.0179743357
9238,2.1124177,-0.101862691
9239,-0.971829414,0.0548684672
9240,0.234047815,-0.167069107
9241,2.4683311,-0.0306956656
9242,0.348827243,-1.3140111
9243,1.01185012,-1.39836168
9244,-1.30294847,-0.600311697
9245,-0.250721395,-2.98707485
9246,-0.79144454,-0.424555182
9247,3.62971282,1.16605222
9248,0.142108709,1.2297045
9249,-0.198527202,-1.33437824
9250,-1.67683983,3.21223617
9251,-0.274699956,0.283818126
9252,0.12511754,0.205394983
9253,1.46017027,0.838252485
9254,-0.393299699,1.53651679
9255,1.05699718,1.24031353
9256,0.663226128,0.127630591
9257,-0.227250412,-0.00425827177
9258,0.94722259,-0.878072321
9259,2.23526597,0.954377651
9260,2.88362718,1.73248291
9261,0.734432459,-0.802064419
9262,-0.326848477,0.536211252
9263,-0.399505556,0.334822923
9264,0.685389102,0.404231101
9265,0.396473408,-0.103674054
9266,0.224247307,-1.24101746
9267,-0.159615725,-0.0850766003
9268,0.580053151,2.05158377
9269,0.0336231254,-0.588555455
9270,0.126144171,1.60326159
9271,-0.214498207,-0.272633106
9272,0.581755102,0.782815814
9273,-2.21655583,0.0224978365
9274,-0.244802952,-0.663908541
9275,-0.22355485,2.42190146
9276,-1.0039736,-0.341510415
9277,-1.04197657,-0.395003468
9278,-0.0481582172,-0.807518899
9279,-1.64049172,-0.273188978
9280,0.143477112,-0.108244255
9281,2.52119732,1.64258254
9282,0.508936822,-0.609262705
9283,-0.212719038,-0.0404359363
9284,-1.13658822,-2.79693794
9285,-0.0971494466,0.0892829001
9286,-1.64023268,0.351803452
9287,0.259311616,-0.105069004
9288,0.201529384,-0.148736343
9289,0.735779405,1.46657681
9290,-0.168389052,0.130500153
9291,-0.0949737132,2.31272888
9292,1.04209793,1.2440629
9293,0.656371653,0.382788867
9294,0.893568039,-0.142920658
9295,-0.320930094,0.616487682
9296,0.0310318526,0.242746755
9297,0.531599641,-1.69667625
9298,-1.28837991,-0.334655523
9299,-0.011073458,-0.184609875
9300,-0.0256171823,-1.26856446
9301,0.879784107,0.547567844
9302,0.928990304,1.40276885
9303,1.08554661,0.422792941
9304,1.9031862,0.556853652
9305,0.254135162,-0.0438379347
9306,-0.243133768,2.86628604
9307,-1.06525695,0.622311413
9308,0.566404939,0.469216436
9309,-1.77859926,-2.50337982
9310,0.587253749,-2.32350183
9311,-1.24291098,0.0936848968
9312,-0.359497666,-0.264401764
9313,0.520134747,0.23212865
9314,0.777257383,1.54530144
9315,1.44393706,1.23957694
9316,-1.08184767,0.0101728775
9317,1.0082227,0.369347274
9318,0.397042692,0.465773284
9319,0.123636089,2.35424137
9320,0.146270558,-0.0735434145
9321,-0.323914677,0.0673434511
9322,-0.150883913,0.963495135
9323,-0.155512169,0.883461535
9324,5.39190531,1.70144844
9325,-0.264672041,-0.143241331
9326,0.808236539,-1.31951261
9327,0.309068054,-0.269319981
9328,3.30064631,-1.03572798
9329,-0.438229322,0.168638602
9330,2.09858465,0.260713011
9331,0.588141203,0.139173582
9332,-0.334343255,-0.501498461
9333,1.01377046,0.237716451
9334,-3.76819777,0.125957981
9335,0.69193536,0.400046229
9336,-0.932790279,-2.01549411
9337,0.30334717,1.21167278
9338,-0.228596464,0.0355462544
9339,2.56329012,-1.06875849
9340,-0.580189705,0.165586308
9341,0.72871381,0.731509626
9342,-1.89936447,-1.39576566
9343,-0.227991283,-0.279367298
9344,-0.771657169,0.134962797
9345,-0.583951175,0.608777106
9346,0.537575483,0.900059879
9347,-1.97069979,-0.979554951
9348,-2.0303328,0.351912886
9349,0.301497519,-0.281714946
9350,-2.84571052,0.493276954
9351,-1.0272162,-0.617421329
9352,1.03845227,-0.54951632
9353,-0.775194585,-0.201791137
9354,-0.618348241,-2.49410152
9355,-0.178789005,0.0664726272
9356,0.399862677,0.456094712
9357,0.513009906,1.87279201
9358,-0.543016911,-1.37481296
9359,-0.115926534,1.20631981
9360,-0.576898038,2.75211549
9361,1.44022775,-0.513826251
9362,-2.26269794,0.925326407
9363,0.399906725,-0.0675875396
9364,2.28029895,4.8352561
9365,-0.0191613156,0.72538805
9366,0.90245384,0.414786458
9367,1.294752,-1.01464903
9368,1.47337103,-1.13989937
9369,1.99890232,-0.551327348
9370,-1.22544956,-1.47800469
9371,1.353863,-0.913169324
9372,0.50438571,0.372049898
9373,-1.73534846,0.831295431
9374,0.840337455,1.77261674
9375,-0.709203839,1.27701306
9376,0.340019852,0.354143023
9377,0.384022534,-0.550704062
9378,0.651731849,-1.47742832
9379,-0.942184269,0.550173461
9380,3.59449935,0.101523809
9381,-0.0288529731,0.574377716
9382,-0.543358505,0.395076275
9383,0.21022822,-0.123534895
9384,0.0518755279,1.11921144
9385,0.412253588,0.263103276
9386,-1.70641649,-2.07990241
9387,0.513198793,0.654557109
9388,1.36727953,-0.257256687
9389,-0.159165859,0.100874975
9390,0.286254168,0.704704344
9391,0.086438939,0.299592406
9392,0.909938991,2.3483212
9393,-0.607973039,0.842062771
9394,0.819346547,-0.163098872
9395,3.28963995,-0.725413442
9396,1.40681493,0.220779866
9397,1.19787991,0.350860834
9398,0.000284902082,-0.931783557
9399,0.431437492,1.24272466
9400,-0.624699295,0.198601589
9401,-1.78571928,0.235321254
9402,0.202310055,-0.385819346
9403,-0.60870254,0.580179453
9404,1.85288334,-0.511268198
9405,-0.333906204,-0.296446562
9406,-1.58791304,3.78079772
9407,-0.760984182,-0.218623817
9408,-0.0465077534,-2.6575017
9409,-0.159353614,0.151920766
9410,-0.939340293,-1.00885904
9411,-0.715737462,0.708304703
9412,1.42767406,-0.117247313
9413,0.208155274,0.264867991
9414,2.11828804,1.30426216
9415,0.502933323,0.613237917
9416,1.55000293,-0.898996115
9417,-1.52008796,4.4936533
9418,-1.17878842,-1.00456595
9419,0.460128784,-0.610631049
9420,1.49082291,2.67942381
9421,-1.99357247,2.55065727
9422,-0.0837228894,-0.574647605
9423,-0.145101711,-0.0825411081
9424,-0.242635682,0.306124747
9425,0.856927991,-1.24030364
9426,-1.62750614,-0.092144303
9427,3.17915535,1.33935535
9428,0.682739079,-0.802563071
9429,-0.458685845,0.088374272
9430,-1.31730509,0.578988731
9431,0.814536512,-0.672034919
9432,0.584064066,1.36761749
9433,-1.95531094,0.63298893
9434,-2.07970452,-0.514801204
9435,0.402728766,-0.53077215
9436,-0.240416467,0.762804985
9437,-0.298792481,-1.01361108
9438,0.187671691,0.18668355
9439,-0.393139899,1.04282725
9440,-0.974431276,0.0625489503
9441,0.246566638,-0.0898923427
9442,0.252277285,0.614714622
9443,0.686510861,-0.0968849137
9444,-1.05604577,0.592827499
9445,2.12334037,-0.207600191
9446,0.610768318,0.559076667
9447,-0.5534091,-0.668748379
9448,0.117585488,0.106448285
9449,0.449035823,0.852869272
9450,-0.557144642,-0.489488214
9451,1.30270541,-0.460749
9452,-0.526587009,0.343986094
9453,1.11018527,0.0637541264
9454,-0.114578083,-1.55518651
9455,-0.569222033,0.584911108
9456,0.774810851,-0.212737948
9457,-0.193131328,-0.407087803
9458,1.08430588,-0.874570072
9459,0.710276663,0.738360286
9460,0.206122324,-1.08342779
9461,0.532086968,2.28043699
9462,1.43271315,1.14414644
9463,-1.12391508,1.88527632
9464,-0.204966918,-0.00891792681
9465,-1.24999428,-3.87788677
9466,0.169285834,-0.0398240983
9467,0.696563959,0.1193901
9468,-0.029183751,-0.151275769
9469,-2.4454782,-0.888091445
9470,-0.99312669,-0.286972523
9471,-0.748320222,1.15493715
9472,1.09976876,0.0270937067
9473,1.86905515,1.01529038
9474,0.0523882061,-2.18474865
9475,-0.0288996343,1.56655455
9476,-1.1958071,-0.234756455
9477,-1.86460912,-0.571783662
9478,2.58749533,2.20052958
9479,0.454140544,-0.100969143
9480,1.61582458,-0.89410001
9481,0.131653979,0.384151489
9482,3.32628894,0.819055736
9483,0.316554844,0.328276873
9484,1.12364912,0.875150084
9485,-0.926375687,-0.483227253
9486,1.14762127,1.12003696
9487,0.0498725474,-0.323096693
9488,0.09384197,0.224997297
9489,0.141829133,-0.57411021
9490,-1.75612748,2.51831937
9491,0.266625136,0.358233839
9492,-1.62826288,2.59763336
9493,1.22843099,-0.208572924
9494,0.823890567,-0.409472823
9495,0.204617158,0.598562837
9496,-1.58989632,1.80883598
9497,2.95055199,-0.099889636
9498,0.659327924,-1.13858032
9499,-0.276273847,0.354485512
9500,-0.0108926231,0.357398808
9501,1.30156457,1.32020342
9502,0.112439454,2.75299621
9503,-0.434178174,-0.839941144
9504,-1.00776982,-0.00927590393
9505,0.738337398,-0.185596392
9506,0.926939189,1.38434839
9507,1.590976,-0.81004411
9508,0.405752927,-0.753962755
9509,2.30499029,-0.587793887
9510,-0.536193013,-0.61071521
9511,-1.12782454,-0.931522071
9512,4.30307007,1.43801153
9513,-0.193331555,0.0110639073
9514,0.592263997,-0.253199816
9515,0.97474432,-0.248964399
9516,0.564962447,0.355606258
9517,1.6283468,0.0890475661
9518,0.0195230246,0.00413420564
9519,-1.16784811,1.61136734
9520,-0.798344135,-0.808333993
9521,1.36464715,0.687158465
9522,-1.20460081,-0.190977335
9523,-0.584659398,0.595953286
9524,0.478173524,-0.264444292
9525,0.196324259,-1.89206314
9526,-0.837500632,-1.23058176
9527,-0.346243024,-0.633885741
9528,-0.229545906,-0.148535669
9529,0.408411622,0.5119735
9530,-1.34991968,-0.784145772
9531,0.278946787,-0.442898899
9532,-1.13613045,-2.94192958
9533,-1.15438592,1.76863289
9534,0.181874067,-0.0616143607
9535,-0.33305794,0.75585568
9536,-1.83452952,-1.21957195
9537,-1.03983665,0.420412123
9538,-0.637366414,1.11721146
9539,2.63958883,0.432730943
9540,1.65551877,-0.352416307
9541,1.32355952,1.2547754
9542,-2.66564202,2.69004202
9543,-0.631736934,-0.649903536
9544,-0.923966408,-1.07150733
9545,0.406869888,2.7563622
9546,-1.25691032,-1.48856759
9547,0.330676258,1.05072129
9548,-0.847779453,0.635249913
9549,-1.13924551,-1.12547672
9550,0.82857269,2.45137691
9551,-0.54770124,-0.170616269
9552,0.20818606,-0.0454484113
9553,1.69325078,1.297611
9554,-0.390115291,-0.227310479
9555,-0.0243711546,0.882482827
9556,-0.504240453,0.982828557
9557,0.327354878,1.0887419
9558,-0.00212363922,-1.12450004
9559,0.240018696,-0.399624348
9560,0.162048206,0.111723691
9561,1.51602185,-0.455486953
9562,1.37284195,0.977295876
9563,-1.95474482,-3.11607599
9564,-1.52682924,0.953267515
9565,-0.096979782,-0.530347943
9566,-2.41615486,0.575434268
9567,2.16250968,-0.486228377
9568,0.190557793,0.156925321
9569,-2.42221856,-1.39699316
9570,2.3906579,-2.40332222
9571,1.74205935,-2.59460449
9572,-1.27177274,-0.0582444109
9573,2.68505216,1.46267319
9574,-1.32041311,-1.10307121
9575,0.070408389,-2.95621705
9576,0.0875030085,-0.479103297
9577,0.326794118,0.583515704
9578,-0.0703658089,-0.30874902
9579,1.35806549,-1.41262078
9580,-0.131589875,-0.0613854975
9581,0.756467462,-0.109455161
9582,0.147388265,0.501378894
9583,-1.43388546,-0.357112288
9584,-0.650290847,-0.148629546
9585,0.24250406,0.590697289
9586,0.792976618,0.161959812
9587,4.0590868,-3.1731286
9588,-1.31477785,0.0241732448
9589,0.128715426,-0.278080046
9590,0.244836792,-0.497190505
9591,-0.294997782,0.090517953
9592,0.451112986,0.676114857
9593,0.155190155,-1.70533442
9594,0.588923812,1.10889947
9595,-0.111160919,-0.609437823
9596,0.423568577,0.140013874
9597,0.747505546,0.562226474
9598,-0.310280889,0.721258521
9599,1.9415493,2.50793195
9600,2.72467637,-0.72266835
9601,1.4664309,-1.24356914
9602,0.25689286,0.44141987
9603,-0.232583553,0.0712358505
9604,0.161254928,-1.26827264
9605,0.247547492,0.897127151
9606,0.48762396,2.62136436
9607,-0.683534026,0.422393829
9608,0.440191627,0.181708515
9609,2.09483981,0.672996998
9610,-0.0802937895,-0.240295783
9611,1.59035599,0.407658666
9612,-0.691214681,-1.26605392
9613,-1.84495318,0.950224221
9614,0.216724887,-2.12262392
9615,-1.11045659,-0.0916481391
9616,-0.256112874,0.835053205
9617,-0.80912745,-0.0279038064
9618,-0.102605976,-0.21267879
9619,3.47147536,-0.064246282
9620,0.29477492,0.103097051
9621,-0.0207095277,-0.253364831
9622,-0.501319706,0.0837750584
9623,1.12690115,-2.59393644
9624,0.209343746,2.9461906
9625,-1.4778223,0.8971349
9626,0.396877378,0.904807508
9627,1.01807976,0.45340842
9628,-2.04154682,1.11563778
9629,-0.257192492,-0.443965614
9630,0.0164551232,0.949341238
9631,0.901952803,0.803093731
9632,-1.74890149,-1.49792325
9633,-0.813975215,-2.30136323
9634,0.940848053,-0.710806668
9635,-0.0166979637,1.7564702
9636,0.716171384,-0.510441244
9637,0.304081231,-1.25607884
9638,-0.753276467,0.276584417
9639,0.289941669,-0.895941198
9640,-0.206878543,1.0624882
9641,-0.859877408,0.978251934
9642,-0.290700108,1.18575454
9643,0.713770092,1.9198482
9644,-0.869712412,0.257827818
9645,0.800342083,1.06047118
9646,-0.673505366,-0.203104317
9647,0.182769656,0.213089749
9648,-1.2158885,2.57064152
9649,-0.722503781,0.906306982
9650,-0.144097999,0.118748873
9651,-0.780897677,-2.23892426
9652,-1.95346117,-1.11503577
9653,-0.0132035147,0.0830873623
9654,-1.72287512,1.19912636
9655,-1.29809535,-0.431067437
9656,0.639635682,1.24413717
9657,-2.00662994,4.35620594
9658,1.21432126,0.98961544
9659,-0.406499386,-2.46427417
9660,-0.469620526,0.00701810606
9661,-2.74043846,-0.0505635291
9662,1.18196917,-1.25824082
9663,-1.41621566,-0.157846153
9664,-0.898946702,0.344318479
9665,0.352128685,0.937970161
9666,1.23652744,0.576547146
9667,0.782261729,-0.819366097
9668,1.23372161,-1.62588894
9669,0.704118371,1.1703099
9670,-1.10205734,-1.74945259
9671,-0.217465654,0.0291168783
9672,1.22905147,0.113462821
9673,-0.777749479,-0.581670582
9674,0.0674083233,-0.626545966
9675,-1.06899679,-1.06115842
9676,-2.04552174,0.814770281
9677,-0.945357621,0.323707223
9678,0.506870627,0.656196475
9679,0.103418283,-0.124848999
9680,0.311165899,-0.17860505
9681,0.74132359,0.536496103
9682,-1.51984811,2.13630104
9683,0.653024256,-0.381997347
9684,2.84094071,2.03623199
9685,0.524171889,-0.515060008
9686,-0.122390687,-0.590774059
9687,-1.63746417,0.854876459
9688,-0.36476621,-0.525339901
9689,-1.09203088,1.08997321
9690,1.17151117,0.801877141
9691,1.64438784,0.361511707
9692,0.512774706,0.929323792
9693,-2.15143466,0.56231451
9694,-0.105355382,2.87746119
9695,1.27357113,-0.499686062
9696,-0.288665205,0.178459242
9697,0.399614722,-0.88641113
9698,-0.21684064,-0.160626948
9699,-1.25219071,-0.538180292
9700,-0.355743319,1.31539702
9701,-0.786552072,0.153005123
9702,-1.00950992,1.95639729
9703,-0.10192252,0.0472343452
9704,-1.36597288,0.476783901
9705,0.269940674,0.449067295
9706,1.20248795,0.523385286
9707,0.884374976,-0.2692945
9708,0.0838283226,0.859535575
9709,-0.292089611,-0.210756227
9710,-0.1605919,-0.777632356
9711,2.3716526,-3.68403649
9712,2.6903615,3.00294948
9713,1.24508739,-0.772167802
9714,-0.903045058,1.1387012
9715,-1.79984426,-0.19601506
9716,-0.863946736,0.586905181
9717,-0.482365787,0.389139682
9718,0.719027519,0.941950083
9719,0.0853811651,1.06506908
9720,2.41008663,-0.998153985
9721,0.191930935,-0.162038565
9722,-0.213323385,0.999670625
9723,-0.108922489,-0.0288658049
9724,0.649614215,-0.816455364
9725,-0.290439606,0.0810687914
9726,1.92529762,0.200547472
9727,0.933152914,-0.549082637
9728,0.0567258857,-0.150806338
9729,-0.432833612,-0.32464546
9730,0.111184068,-0.41467917
9731,1.02628374,1.52716649
9732,-2.04718804,2.07564855
9733,-0.108828552,0.432550728
9734,0.298748881,0.750047445
9735,1.27187324,-1.15643942
9736,-2.18738508,-1.03340733
9737,-2.51922297,-0.807450056
9738,0.816785514,-0.541770518
9739,0.891555011,0.950972676
9740,0.104806885,-1.01959813
9741,-1.09478283,-0.266166598
9742,-0.137090951,-0.654396236
9743,0.221598551,-2.88463497
9744,1.05236781,-0.422464222
9745,-0.648087025,1.19648802
9746,1.6653614,-3.01196361
9747,-0.575247049,1.7294153
9748,0.234991282,0.432330281
9749,-0.195664018,0.171053514
9750,-0.208468318,1.60012352
9751,-0.696510673,-0.995088458
9752,-0.623880625,-2.0328629
9753,2.63940668,-2.56705952
9754,-1.17563117,-1.30837047
9755,-0.190881893,-0.0953738391
9756,0.219222367,0.71786952
9757,-0.584213436,-1.02699423
9758,-0.248487756,-0.957181275
9759,-0.825142205,-0.781121254
9760,-1.41228473,0.983691394
9761,2.41792822,-0.565178514
9762,-1.56040967,1.20210195
9763,-1.70219755,-0.0149503918
9764,-0.253983587,-1.09356022
9765,-0.107980922,-2.51115179
9766,-2.98999524,0.884777009
9767,-0.652788222,-0.679065228
9768,1.18749261,0.120815799
9769,0.33180052,-1.69845033
9770,1.31457841,-2.12111139
9771,-0.378896594,1.46689129
9772,1.73087144,0.570883036
9773,2.03249693,1.95277846
9774,1.02401471,1.26605177
9775,-0.00976320449,1.35038722
9776,-0.122940421,-0.690586567
9777,0.678158343,1.42920351
9778,-1.01463187,-1.56351614
9779,-0.349559516,-0.877024829
9780,-2.06544042,-0.304337144
9781,-0.735029221,-0.697431087
9782,1.10341322,1.59683955
9783,0.515028,-0.260685563
9784,2.03817177,0.534825444
9785,-0.471875221,0.584831834
9786,0.212122887,0.532515705
9787,0.985695004,0.418976307
9788,0.668356121,-0.10640499
9789,0.00257686176,-0.262566596
9790,0.335410565,-0.625584602
9791,0.305945814,-0.294106334
9792,-0.177904561,-0.634450972
9793,1.29610515,-0.73166281
9794,0.834906101,2.22601008
9795,0.176318869,-1.69357133
9796,-0.656089306,-1.917467
9797,-0.844242275,0.0438949913
9798,-0.370941639,0.77652806
9799,1.3128252,-2.12378526
9800,-0.975018382,1.19372046
9801,1.18797863,-1.00506377
9802,-0.970087647,0.714572489
9803,0.420768946,-0.200050622
9804,-0.327887058,1.61911547
9805,-1.48217678,-2.19688058
9806,0.3844212,-0.741101027
9807,-0.159712002,0.0813183114
9808,-0.975065827,0.249303594
9809,-1.73548388,-0.0921179354
9810,0.225944474,1.13053858
9811,-1.49387407,0.544423938
9812,1.48757243,0.101817712
9813,1.81520391,1.38718629
9814,0.211277798,1.07473326
9815,3.50861859,1.64243746
9816,1.20770347,1.65363586
9817,0.626752317,0.155394852
9818,2.04291177,1.01547599
9819,0.113801345,-2.01004148
9820,-1.33186245,0.938498855
9821,-0.309028029,-0.275053322
9822,-1.59943807,0.111323602
9823,-0.935877919,-1.00349402
9824,-0.224163696,-2.1268754
9825,-0.488106579,-3.20988798
9826,3.32831502,-0.21789591
9827,1.2244873,-0.241250932
9828,1.32672608,0.9903422
9829,1.64586723,-0.906749368
9830,0.778650522,-0.169553503
9831,0.156960204,-0.339997381
9832,-0.161671638,-1.63951123
9833,0.338919342,-0.503966093
9834,-0.194102421,-0.607190907
9835,0.276774585,-0.904546857
9836,-0.266165763,-1.72859585
9837,-0.511886954,0.529797912
9838,0.77848208,0.406549752
9839,0.284198612,-0.917003632
9840,-0.183047026,-0.0225857329
9841,-0.748656988,-0.590306997
9842,1.51900256,-1.90244877
9843,-1.46647501,2.25689435
9844,-0.826790869,-0.321516454
9845,0.148712128,0.428608119
9846,1.19989896,-1.57056057
9847,0.357407898,0.623227954
9848,-1.22055447,0.110173211
9849,-0.28618291,-1.09017456
9850,2.51534534,1.77477896
9851,0.923882544,-0.393973678
9852,-0.203566954,0.482174993
9853,-0.136586919,-0.889018774
9854,-0.866239011,-0.417898893
9855,0.309314638,-0.843442738
9856,-1.82680738,0.0866824985
9857,-0.675880969,-0.0557857677
9858,-0.647362888,0.843132138
9859,-0.381070912,-2.65766144
9860,0.188236445,-2.20605683
9861,0.720844269,3.42985129
9862,-0.802361131,-3.25775599
9863,-1.74293411,2.2225275
9864,-0.657493889,-2.09944439
9865,0.280213624,-0.0948559269
9866,2.04624701,2.08322549
9867,-1.27826214,1.72708285
9868,0.365614504,0.138577968
9869,0.0443921052,-1.23891592
9870,1.45331192,-0.611835778
9871,0.75938201,0.222938538
9872,-0.168902487,-0.0335504711
9873,-0.012213273,-0.477622092
9874,1.9235369,0.187532902
9875,1.70790958,0.197742894
9876,0.258867502,0.087543413
9877,0.858368218,0.44026956
9878,0.782194078,-0.0528704748
9879,-0.176071346,-0.201869771
9880,-0.572724104,2.47111368
9881,-1.7911787,1.84314311
9882,0.468537152,-0.448522776
9883,0.530727446,-1.15008116
9884,0.667495012,-0.126721233
9885,-3.5280757,-2.53646326
9886,0.356699437,0.465860546
9887,-0.62449348,0.550905764
9888,-0.978732586,1.20842457
9889,-0.73496294,0.384674042
9890,-0.938118577,-1.1755532
9891,1.41645467,2.36918998
9892,0.85363555,2.2903316
9893,-0.130298406,0.673469365
9894,-1.12983596,2.48816895
9895,0.746314824,0.677820206
9896,1.46956372,-0.826860487
9897,-1.22880423,-0.496598184
9898,-0.765725672,0.149692371
9899,0.13424544,0.269277722
9900,0.50347054,-1.59838891
9901,0.928782463,0.531271458
9902,-0.377207667,0.4672921
9903,-0.0336548574,1.44023585
9904,1.23637784,-0.638229728
9905,-1.47964287,-2.15981889
9906,-0.658446372,0.470621824
9907,-1.61187613,-0.852539361
9908,-1.77459693,-3.18029428
9909,0.224522561,1.12210095
9910,0.168963507,-1.95466113
9911,0.219159156,0.458342075
9912,0.194801584,-1.52417827
9913,0.0241010673,0.36691609
9914,-0.100447789,-1.23577881
9915,0.294781536,1.00327909
9916,1.20548904,-0.0636800602
9917,-3.37475967,0.836466432
9918,0.677277207,-1.02501893
9919,0.541395187,-0.611816764
9920,-1.6334033,1.31718254
9921,2.23015571,1.15763485
9922,-0.220163405,-0.102089792
9923,0.079010509,-0.337224692
9924,1.3300972,2.16079283
9925,-0.163967818,-0.14859727
9926,-1.16341043,0.751110315
9927,-0.552437425,-0.46187368
9928,-0.248131469,-1.17193663
9929,-0.255256772,0.0860020667
9930,-0.34335351,1.34578133
9931,2.50986075,0.392651141
9932,1.35223496,2.55299592
9933,0.914724231,-0.914689779
9934,1.06079066,-0.611085892
9935,-0.821367919,0.964156866
9936,-0.285765588,-0.441755891
9937,0.546391964,0.139147997
9938,-0.494023442,0.756762266
9939,1.06620049,0.431746602
9940,0.469317853,-0.323908836
9941,-0.289889097,-3.21677685
9942,-0.791179657,-1.17889369
9943,-0.952398598,0.958414137
9944,-1.11088681,2.89886212
9945,-1.06027615,2.50781751
9946,-2.88172078,-1.1614511
9947,1.98613536,2.89525008
9948,-1.92566383,0.61095953
9949,0.211535648,0.327475041
9950,-0.0960818529,0.891435862
9951,0.481753975,0.794140756
9952,-0.523331463,-0.570040047
9953,-2.01105714,0.00549503509
9954,-0.188632116,0.0584585965
9955,1.25417697,2.21378899
9956,-0.165440917,-3.10505867
9957,0.078463681,1.0862571
9958,-1.55664563,-0.144075066
9959,1.6563288,-0.792135179
9960,-0.519545078,-0.530017018
9961,1.50759542,0.553819537
9962,-0.889720321,-0.0137450425
9963,0.844428957,-0.568130374
9964,0.717084587,1.05924165
9965,-0.366221696,0.378824353
9966,2.21473598,-0.957246244
9967,-0.770832658,1.61249506
9968,-2.66702795,-1.58413231
9969,-1.01731455,0.414441854
9970,1.02428174,-0.473493814
9971,-0.00138232391,0.0679089502
9972,-1.3939923,1.53523028
9973,-0.891235948,0.357597202
9974,1.30012262,0.663703978
9975,-1.30216348,-0.602852166
9976,-1.01114714,-1.65566361
9977,-0.934565902,-0.222566545
9978,0.19161512,-0.814604878
9979,-2.52269959,0.0352844857
9980,0.674313545,0.0484633707
9981,-0.518921971,-0.533649981
9982,-1.7298156,-3.45898342
9983,-0.448270112,-0.53785497
9984,0.752625585,-1.24678802
9985,-0.0244939364,1.24599528
9986,0.197793052,-0.176739514
9987,-0.431566685,-0.364204377
9988,-0.408852339,-0.0526165403
9989,0.872491598,-1.06966734
9990,-2.37780881,1.84483182
9991,-3.28436899,-0.593606532
9992,1.36945152,-1.23272336
9993,0.025467867,-0.92103827
9994,-0.594567597,-1.01738048
9995,0.0878750458,-0.594762206
9996,2.02503657,-0.560967326
9997,1.97754478,0.563005328
9998,0.118173845,-0.198729068
9999,1.14188385,0.684056342
