index,acc_x,acc_y
0,1.27992868,0.208204955
1,0.492261171,-1.2608372
2,-1.2662648,0.597456813
3,1.93652356,0.126702532
4,1.54885375,-1.22999966
5,-0.103986397,0.438423663
6,-0.792049348,2.21834922
7,1.81012666,2.31407976
8,-1.05006921,0.0113359587
9,0.505535126,-1.20510387
10,-0.0934218615,0.307940871
11,-0.720888972,1.09911215
12,0.745264649,-1.33150613
13,-0.21404773,0.87961477
14,0.219098374,0.640151262
15,0.231833458,0.331940293
16,1.6760906,-0.554357409
17,-1.66865587,-1.71201396
18,-1.23757422,1.05513966
19,-0.129854277,0.185939878
20,-2.77685857,-0.621332705
21,0.342933029,-0.10175091
22,0.520047784,1.23811126
23,-0.734358668,0.0752293915
24,0.617955744,0.328543723
25,-0.0301988684,-0.516769588
26,0.571320415,0.103541322
27,0.441333622,0.834866941
28,-0.836558759,-0.323358238
29,-0.443621337,0.169938087
30,-0.527968705,0.13668099
31,0.934367776,1.82585633
32,2.09994698,1.13956535
33,-0.164392099,0.696476281
34,-0.0367386937,-1.35647428
35,-0.475966305,0.254821092
36,-1.20769668,-0.778849244
37,-2.79554176,0.757005811
38,0.0311898626,-0.153063834
39,0.31624338,-0.127708465
40,1.64768028,0.172087744
41,0.348569065,1.60371137
42,-0.690048814,0.559429467
43,-0.0624516718,-1.27479172
44,1.15057588,0.377885759
45,-1.83103383,-1.10028017
46,-0.016376799,0.222011641
47,0.309658706,0.480458349
48,2.1057539,-1.69941533
49,-2.3113668,2.08214188
50,0.999011576,-0.466164887
51,-1.57890475,1.05519271
52,2.59954476,0.113549612
53,-0.716740251,-0.296855628
54,0.684130132,-0.892497003
55,0.146784008,-0.192154408
56,-0.379233778,1.58857894
57,-1.12991643,-0.541469395
58,-0.127557471,1.77037537
59,1.81727076,0.130588561
60,1.39854407,0.0524919666
61,1.43875682,0.86363107
62,0.797947168,-0.21754849
63,2.16355085,-0.904793561
64,-1.52647758,0.540481746
65,-0.327916533,-0.478264272
66,0.433133513,0.164878473
67,-0.287053794,-0.224075839
68,0.776544273,-0.0635481551
69,0.246136516,0.593816459
70,1.87589788,-1.29621696
71,-0.749991953,1.0386132
72,-0.974244416,1.73543048
73,0.222404093,0.66119653
74,-0.364446133,-2.60610247
75,1.99585974,-1.93218648
76,-1.04648173,-0.945837557
77,-4.38654375,0.210016727
78,1.04816329,0.369644552
79,-1.77794528,-2.08366871
80,-1.27506566,-1.68488812
81,-0.7594257,-0.153905436
82,-0.487229913,-0.778617382
83,0.402141839,-0.0522725582
84,0.157192737,-0.0541859828
85,-1.40300632,-1.05406952
86,-1.23691559,1.60601103
87,2.68479419,-2.62088394
88,0.9551875,-2.27610493
89,-3.5443778,-2.40656209
90,0.540046453,-0.53305763
91,-1.47200191,-2.51283789
92,-0.537709892,0.741199791
93,-0.106298901,0.660831451
94,-1.5287149,1.58663321
95,2.7232995,-1.46380353
96,-0.304883748,0.228883982
97,0.9515149,0.982476175
98,1.11566317,0.563297749
99,0.251049668,0.106971622
100,-1.24587321,4.11968756
101,-1.07216954,-0.323577225
102,-1.51504862,0.39548862
103,-0.819071949,2.57088494
104,0.337039322,-0.0588093288
105,-0.0333771892,0.0700989589
106,0.326573163,0.234889254
107,-0.26660502,0.702520669
108,0.375965506,1.3629837
109,-0.739858747,-0.331001699
110,1.74873662,-0.0898743495
111,1.48587608,1.93632913
112,-1.64530981,0.476206064
113,2.2352488,1.99690652
114,1.7535013,-1.73447502
115,-0.693680108,-0.481094152
116,-0.111891322,1.87545156
117,-1.46733534,-1.00083828
118,-0.247365609,0.21576795
119,1.23843431,-0.46236822
120,-0.112555988,0.508728683
121,1.55118763,2.42771816
122,-1.25884616,1.66887558
123,-1.9023689,-1.60525632
124,0.600111902,-1.02089822
125,1.33704746,1.70770919
126,-3.61471558,0.621960402
127,-0.215064153,-1.8633275
128,-2.69659734,-1.47711825
129,0.131222978,-1.19095767
130,-0.395644188,-1.45152736
131,0.114620671,1.74673176
132,1.2527616,0.199857458
133,0.525649965,0.242561653
134,0.350794166,0.254353166
135,-0.310207576,0.0470097028
136,-0.641694844,-0.299159497
137,-1.84801018,1.5227983
138,-0.319242567,0.199228048
139,1.08998883,0.372900456
140,-1.26409423,0.900690556
141,-0.867964149,0.239366055
142,-0.164161056,-0.114666745
143,-1.44847786,0.260514915
144,3.56627822,-2.6026876
145,0.104238831,0.431602746
146,-0.673524201,-0.209617972
147,-1.08053505,-1.2063905
148,-1.19465709,-0.275291473
149,0.928798378,-1.3966192
150,-0.0982397646,-0.729671061
151,-0.13094905,-0.675482869
152,0.174867973,0.734867632
153,-0.210087731,1.39812386
154,1.02560151,-0.916606724
155,-0.784662545,1.08384979
156,-1.17335737,-0.0434123389
157,-0.741292238,-0.459279865
158,1.63925016,-1.31387627
159,-0.576313913,-1.17020416
160,-0.0465205722,-1.25018334
161,-0.326630294,-0.301289171
162,1.81854808,-0.29519248
163,-0.0789201483,1.36741245
164,-0.27284959,-1.59244037
165,-0.513470769,-0.0877253637
166,2.28639269,-1.20037961
167,0.794669092,1.08177936
168,-1.96358299,1.86874843
169,2.65485883,-0.923644722
170,0.828476369,0.754468977
171,-0.869318485,1.00115383
172,-0.851390064,1.0309881
173,0.685444772,0.751620591
174,-0.837010562,-2.13690209
175,-0.990507662,-1.26593363
176,1.76496065,0.158207342
177,-0.501548111,0.594429433
178,-0.40015617,-0.727133453
179,-2.06468821,-1.60211945
180,2.05549145,0.449112713
181,-1.176247,-0.833210111
182,-0.334088355,-0.685279489
183,1.18726671,1.23156536
184,1.30224562,0.268248588
185,1.90296781,-0.616560757
186,0.241883472,-0.464496881
187,1.96617794,1.45125592
188,0.659047186,-0.0239395015
189,1.21383131,-0.490339547
190,0.758139789,0.100236714
191,-0.889601469,0.483281791
192,-0.877687156,-0.418821394
193,0.01976078,-1.53827465
194,1.34986234,1.45446706
195,2.31413627,-1.40194201
196,0.693261087,-0.297402024
197,-0.575795293,-0.366975248
198,0.502444088,-0.666045368
199,-2.48349953,-0.727481186
200,1.76828372,-0.042450469
201,-0.474647254,0.249681592
202,0.363337278,0.285511076
203,0.315125167,-0.960562229
204,0.141014621,-1.43812072
205,0.625599325,-0.27449736
206,1.06044281,-0.00896768924
207,-2.1809411,-1.35744119
208,0.281702399,-0.536074102
209,-1.24426067,-1.5095253
210,-0.509788215,0.738788366
211,0.362640589,-1.02453065
212,-0.251327425,-0.658827186
213,-0.63586998,-0.245182574
214,-0.937672377,0.163485348
215,0.660784543,-0.917715251
216,-2.05329418,-0.131265238
217,1.96933925,-3.7940805
218,-0.250448346,0.0784753039
219,-2.40493274,-0.719574451
220,2.000108,-0.998400867
221,-0.204517201,0.329514593
222,1.6260097,-0.188332155
223,2.66255164,0.483145624
224,-3.92771101,-2.70895481
225,-1.52419579,-1.15035558
226,2.88538384,-0.333240241
227,1.67652738,0.77709955
228,0.187546998,1.19962788
229,-0.857219458,0.959154189
230,-0.120029405,2.15078998
231,0.00218831375,-1.84830141
232,2.25934863,1.67410994
233,-3.08159208,0.376149684
234,1.80695295,-2.01988673
235,1.20637417,2.51508331
236,0.854845405,0.989340305
237,-0.533669412,-3.58152294
238,0.789159298,0.369621634
239,1.01922262,0.0437144525
240,-0.765653968,1.35905516
241,-1.47564995,0.141586527
242,0.297262311,-0.580781281
243,-0.552887559,1.38543928
244,-1.18900836,0.72667861
245,-1.39623559,-0.529880047
246,0.0652485713,-0.252789497
247,-0.430639952,0.018984478
248,-0.725180984,0.604509532
249,1.15993464,0.987678289
250,0.566982985,1.75937116
251,1.15227413,-0.303718835
252,-1.77430487,0.591354489
253,1.43320119,-1.80275893
254,0.133432418,-0.390249223
255,-1.18779516,-1.25584948
256,3.13724184,-0.337271631
257,-0.000949725334,-0.10096664
258,-0.545061231,-0.111095175
259,-0.0410267636,0.247428671
260,-2.00830507,2.92500854
261,0.0928832963,-0.138390794
262,-0.111815415,-0.364450991
263,0.864077151,2.19240499
264,1.26126122,0.854555309
265,1.20293045,-0.834854245
266,0.221577242,-0.275411189
267,-0.101943903,0.189658329
268,0.118350461,-0.179749742
269,0.520061135,-2.18910074
270,0.348213494,0.201763794
271,-0.0475872532,-0.683798969
272,-0.221228868,-1.75268853
273,2.08861041,2.4636054
274,0.0460634343,0.274331272
275,0.201342881,-0.363075674
276,1.23866332,0.541349649
277,-0.61616987,-1.30681551
278,-4.52658319,-0.216557056
279,-0.552944005,0.145409256
280,0.013418586,0.270062894
281,-1.86307812,0.983571172
282,0.742230654,-0.321459621
283,-0.657951951,-0.796703458
284,-0.193725541,-0.0449131913
285,0.512449741,0.632531762
286,0.515160859,-1.81038809
287,-0.352848202,0.874787927
288,0.326398492,0.577893615
289,0.0942829922,-0.575110376
290,2.20028543,-1.9204936
291,-0.0429296046,-0.243209586
292,-2.1435883,0.683947921
293,-0.996102273,0.232414469
294,0.669267714,1.53978217
295,0.0271529183,-0.30943194
296,0.554050624,0.00664460333
297,0.334464133,-0.125650704
298,-0.516946256,0.102764361
299,-0.545647681,1.27381063
300,-1.50195956,-2.84370661
301,0.799148083,0.283399343
302,0.0428868346,0.173958629
303,1.18639648,-0.446574658
304,-0.233678952,-0.630514324
305,0.146819651,1.26778018
306,0.150354117,0.105951697
307,-0.635975659,1.13170648
308,-0.829273105,-0.941912591
309,0.0974366367,-1.07798815
310,1.37823701,0.978229344
311,0.0145339146,-2.99269056
312,0.827547014,-3.54742336
313,-0.0980667025,-0.154257745
314,1.52968109,-1.62029326
315,0.101423368,1.56067646
316,-0.147802696,-0.307896376
317,-0.667141378,0.433822513
318,0.106122017,-0.00381327234
319,2.23587823,1.11934054
320,0.300792485,-0.77126658
321,-0.00572777679,-0.205601856
322,1.35524762,-0.251342356
323,-0.0222616345,-0.964504421
324,1.80869234,-1.14218187
325,0.248252213,0.153765261
326,0.911580682,0.426536351
327,0.336081773,-0.587677598
328,0.730572462,-0.164070293
329,-1.52617919,-1.82718015
330,-1.52712715,-1.07718444
331,0.752734542,0.220592022
332,1.33373582,-3.14419222
333,-1.66105413,1.68314338
334,-2.94738507,4.19685793
335,1.88589251,-2.41962552
336,-1.32498991,0.219220847
337,1.39628017,-0.0992250443
338,1.22730529,0.859647095
339,-0.872285008,-2.14412165
340,0.225914672,-0.375944167
341,-0.0331398249,-1.3181318
342,0.997588456,2.04556751
343,-0.0897401571,-1.30923438
344,0.238985762,-0.58705157
345,1.00896192,-0.288822114
346,-1.14726222,1.61688519
347,2.06958652,-0.0250432212
348,-0.11389938,-0.0489575863
349,0.598384976,2.08260465
350,0.0154733229,-1.8747654
351,-0.880468011,-1.55413342
352,-1.54197359,-0.132505506
353,0.595381618,1.03216696
354,1.09333444,-0.298311919
355,1.97321904,1.24464762
356,0.557241023,2.65318751
357,-0.103760064,0.732885599
358,-0.288429111,-0.956796527
359,0.713220775,1.39775586
360,-0.107233912,0.513373613
361,0.66585952,-0.582612157
362,-0.859905243,-1.11179817
363,0.154861346,0.877424598
364,1.02900529,0.211398825
365,-0.81955564,-0.375046879
366,1.20870137,-2.67667127
367,-2.16730189,0.880389392
368,0.708408296,-1.04945886
369,1.86628377,-1.60918736
370,-0.655398309,0.513205647
371,0.220957175,0.117677592
372,0.57438612,0.134819075
373,-0.181091443,0.37010932
374,-0.314557344,-0.135969847
375,1.70712221,-0.358764231
376,0.662252367,2.11294246
377,0.63224721,-0.0510154255
378,0.317014486,0.26664117
379,0.102592528,0.189842939
380,0.853647053,1.34565842
381,-1.37990785,0.973250568
382,-0.096217066,-0.265889764
383,-0.137895823,-2.37825298
384,1.02738953,-0.181619257
385,0.630437493,-0.658222198
386,0.695459127,1.46208704
387,-0.767030954,-0.743142009
388,-0.36040774,-3.12648988
389,-0.270940989,-0.56524086
390,3.28288364,-2.17112684
391,-0.611282647,-0.517789245
392,2.89462948,-0.283490568
393,0.971908987,-2.45818758
394,0.913925588,0.162578508
395,3.80972433,1.03360605
396,-0.109446742,-3.0175705
397,0.016415434,-1.54980075
398,-0.119256631,-0.341032952
399,-1.32161081,-0.294745862
400,-0.709002137,-0.764583945
401,-0.710606992,-0.590040982
402,1.54347849,-0.640927076
403,0.0902106985,-0.133682773
404,1.76855242,2.41061854
405,0.395538568,0.603940904
406,0.374211013,1.11474478
407,2.29562211,0.948732734
408,1.08462715,-0.877276719
409,-0.123388387,-2.15741277
410,-0.499258608,-0.650011241
411,0.046885252,0.846001089
412,1.22984493,-0.59005028
413,-0.632042229,1.83424497
414,-0.232630387,0.879689038
415,3.46274209,-0.680263698
416,-0.107235469,-0.627989948
417,0.521094263,0.21711567
418,1.08551586,-0.497030407
419,0.310667366,3.25496387
420,-0.587760448,3.30030894
421,0.102897689,-0.166169003
422,0.139733031,-0.0731870085
423,0.391713619,0.0611068606
424,-1.25939679,-0.796478271
425,-1.46615005,4.46625328
426,-1.29143405,1.07752073
427,0.0129440725,-0.45223552
428,0.597790241,-0.31785956
429,-1.12702584,-0.778829694
430,0.217290819,0.29403016
431,-0.613647401,0.261166424
432,-0.235197738,-0.194207594
433,-1.4964577,-0.813999355
434,0.18459104,-0.182506144
435,-2.81243491,0.467519492
436,-1.48331845,0.480426818
437,1.01648247,1.47091949
438,1.7503978,-1.52487326
439,-1.68815875,-0.230173662
440,1.19424295,-0.2039451
441,-0.0600969642,0.889794111
442,0.0668888688,1.88003135
443,-1.04449928,0.247383952
444,0.630832255,0.208636925
445,3.21701908,0.489096582
446,-0.871934831,-0.35959518
447,1.87561643,-0.593984127
448,-1.59321523,-1.89281833
449,-0.385029763,-0.336295336
450,0.871774137,3.00438094
451,-2.08946872,0.319546908
452,-1.77121079,0.261266202
453,0.576625705,1.49924886
454,-0.825196922,0.143232122
455,-1.43108022,0.417957932
456,0.741796374,-0.324820638
457,-0.357474834,-0.326004535
458,0.644500494,0.00603399845
459,-0.415609509,1.10828245
460,-0.936464846,-0.525572717
461,0.241144523,-0.306942374
462,-1.02122974,-1.30082536
463,-0.437341273,-1.78757203
464,0.332406521,0.614676118
465,1.15252101,1.08600295
466,2.33269811,2.1350019
467,0.364647955,0.991817951
468,2.52403283,-4.42953587
469,0.0448354445,0.555504858
470,-0.271046758,-1.7411015
471,0.134975359,0.111757651
472,1.57656455,-0.840074778
473,0.237610087,0.385586828
474,0.237745434,-0.51941061
475,-0.0594695248,-0.249616206
476,0.00371245854,-2.07230616
477,3.21633029,0.621543586
478,0.696716666,0.1302564
479,-0.936781466,-0.639549375
480,-2.29109311,0.0927979872
481,0.618251443,-0.418786138
482,0.941450655,-0.589675486
483,1.07955158,2.84914184
484,-0.051680699,-1.41494203
485,-1.01790607,-0.0799270421
486,-0.0855711997,3.23335028
487,1.23734879,0.405058116
488,0.585570216,1.37617958
489,-0.233559191,0.0657460168
490,1.35119069,-0.604369164
491,-1.94482696,0.873650253
492,0.28803131,0.0246490687
493,-0.0957387313,0.247371778
494,-0.0281859785,-0.446531177
495,-0.983151197,1.7309587
496,1.78834474,0.56696862
497,0.140703052,-0.261168361
498,-0.457378,1.76182759
499,-0.180802092,0.0860091448
500,-0.715135276,-2.65633535
501,-0.649808824,0.1171875
502,0.471645683,-1.40073967
503,-0.72994566,0.773770452
504,-1.24834979,0.285758883
505,-0.735423923,-1.94751656
506,0.366476625,1.77818322
507,0.330457985,-0.896026552
508,0.275009125,0.177775756
509,-0.809561074,1.99114406
510,-1.34401143,-0.740734279
511,0.511750698,1.54513752
512,0.196454316,0.343561947
513,-0.193926677,-0.487233877
514,0.0791836828,-2.29244733
515,0.084374778,0.434946418
516,2.55909753,-0.627338886
517,0.0829915479,0.14692083
518,-0.354729444,2.97813082
519,-0.747858167,0.729223311
520,0.753540933,-1.6193887
521,-0.751048326,0.330874443
522,-0.207389683,1.41532958
523,1.24421728,0.258630276
524,2.64060616,-0.246494606
525,-1.00908947,-0.89560616
526,-0.310244381,-0.882888198
527,-1.24635839,-0.415969223
528,-0.717288792,-1.13841641
529,3.32275629,0.628962576
530,0.2754848,-0.597360909
531,0.125255376,-0.143776774
532,2.30451536,-0.689622402
533,0.48093757,-1.04019988
534,2.43222666,-0.893407226
535,0.862699449,-0.508460879
536,-0.204517931,2.427876
537,2.18917251,-1.25756967
538,1.45446754,0.755162597
539,-0.274069905,0.547427297
540,0.264535159,-1.46047521
541,-0.962738454,1.24386585
542,-0.409441799,0.0497910194
543,3.4732852,0.914553404
544,0.752572834,0.367546052
545,-0.410990775,-0.228428423
546,-1.39551401,0.25891757
547,0.446893096,0.166026369
548,0.710086703,-1.14953077
549,-0.529534876,-0.275713682
550,-1.41498733,-0.943628192
551,0.330650538,1.60584152
552,0.455955893,-1.94014704
553,-0.336342901,-0.0097751813
554,0.940481007,-2.04062223
555,1.60385847,-0.182050183
556,1.08130491,0.436831266
557,-0.361916751,2.4210484
558,0.0667950213,-0.196738839
559,-1.34669995,-1.8635782
560,0.040835727,-0.15226388
561,0.0452372171,-0.254272968
562,1.53837204,-0.450868607
563,-0.139682651,0.173030823
564,1.00471067,0.63093257
565,1.26034343,-1.31590068
566,2.00041437,-1.02101636
567,-3.01155829,0.947637618
568,0.187773123,2.52632618
569,-0.324709445,-0.0645501688
570,-1.95802605,-0.823965788
571,-2.08110571,1.21321189
572,-1.99534738,-0.383846462
573,1.61901355,0.59706825
574,-1.33830321,-0.00213716528
575,0.8625772,0.461062461
576,-0.229979798,-0.828770995
577,-0.649809659,0.443361133
578,0.0913354233,-0.645879686
579,-0.0980529934,-1.66590846
580,-0.905373931,4.14608622
581,0.0989217609,-3.07969832
582,1.71452665,2.04836702
583,-0.129263729,0.888626516
584,-0.429985344,0.110626385
585,0.657141089,1.55769634
586,0.31372565,1.46826494
587,1.26183903,-0.613098204
588,-0.453072071,1.26822972
589,-0.764877915,-1.447034
590,2.29255724,2.04940295
591,0.0139865,-0.32242161
592,-0.536352396,0.583367229
593,0.224324763,-0.0117818639
594,-1.7327466,0.359566659
595,2.93103695,-1.5051471
596,-3.65786672,1.08458543
597,1.09722137,1.83665264
598,0.374468356,-1.44084752
599,-2.38815141,0.402691603
600,0.91638428,0.338885754
601,-0.694057584,-0.580721259
602,-1.27763891,-1.67667031
603,-0.458398014,-0.105956435
604,1.28273749,-0.710683286
605,-2.19714975,2.26532459
606,-0.693852544,-3.52806497
607,-0.363181591,0.170058697
608,-0.106716476,-1.06479406
609,-0.985723734,-0.469288826
610,0.102962464,-1.20783353
611,1.47057903,1.63151848
612,-2.06696558,0.73200196
613,2.94823599,0.388199866
614,-1.19590938,0.864100039
615,0.42796886,0.926195025
616,-2.47208905,1.50148964
617,0.832250476,0.552738428
618,1.1685276,0.150486484
619,0.919671178,0.387454361
620,-0.372762173,1.75426114
621,1.42879295,0.285461098
622,-0.560385525,-0.346220106
623,4.35443878,1.96891904
624,-2.35401392,0.101252608
625,-0.880938053,0.513130307
626,-1.57232165,2.13469386
627,1.88984358,1.50127423
628,0.974200606,-0.543863654
629,0.980092287,-0.0166952778
630,-0.1311827,-0.119943388
631,-1.13864636,1.00137734
632,-0.613999128,0.522268951
633,-2.57463908,-0.758185923
634,1.09433377,-0.411223531
635,0.614540339,1.10866237
636,0.441547006,-1.12620604
637,0.13008216,0.00269653136
638,-1.20826781,1.02595973
639,0.0668429509,0.147710964
640,0.296056926,-4.30808115
641,0.696993887,-2.15969682
642,-2.43959904,1.0015775
643,1.21193242,1.05738246
644,0.403607458,-0.0171672385
645,0.685795963,0.356950134
646,0.97799474,1.07683003
647,-1.0402503,3.3287425
648,0.879879892,-2.52682233
649,0.607602179,0.564888477
650,0.95159626,1.58613622
651,-0.0134009356,-1.82930553
652,0.0308603104,-0.314269602
653,-0.777272582,-0.553422332
654,0.0617025048,1.94145954
655,-0.525680959,0.378892303
656,1.25996101,1.17120636
657,0.170100302,0.560767412
658,-1.10312271,0.181992218
659,0.345743537,-0.73358959
660,-1.62379205,2.6148572
661,0.439837247,3.74286389
662,-0.189316928,0.0916043818
663,0.975935459,-0.338901281
664,-0.943825781,-0.82246381
665,0.643579841,0.193501517
666,-0.143503338,-0.202415049
667,-0.364394784,0.154106528
668,0.0380303264,0.939031601
669,0.174961612,0.115783125
670,0.0894773751,-0.156519711
671,-0.669143319,-0.177588165
672,-0.91336143,1.59996104
673,-0.801411986,1.14749742
674,-0.419524342,-2.32528472
675,-0.122605182,-0.194357187
676,-0.850813687,0.533989251
677,-1.64934552,-2.09865832
678,-1.10470438,-1.10393894
679,-1.64286971,-1.19290054
680,0.99527818,1.62484944
681,0.338202327,-3.22059846
682,0.227945626,0.337115169
683,1.07719159,0.475501359
684,-0.186055288,-0.544355214
685,0.293462396,2.27336454
686,-1.81381536,-0.843329549
687,1.40892947,-0.367511064
688,1.24458611,0.332312405
689,-0.0886329114,0.364836156
690,-0.206984565,0.47481513
691,0.474775314,-0.586288989
692,0.42811662,2.11878777
693,-0.321736008,-1.15075052
694,-1.78337002,-1.88799286
695,-0.380777031,0.849537849
696,2.48091245,2.13179183
697,-1.67734456,0.402114332
698,0.429587007,1.07618678
699,-0.47802797,0.281208992
700,0.162399307,0.457275808
701,-0.573758364,-1.15709853
702,-2.88955903,0.582715631
703,-0.576541364,2.54734397
704,-0.6924209,-0.529815257
705,-1.73393703,0.996705651
706,-0.374785215,1.40333545
707,-2.96603036,0.425813615
708,0.400858611,1.52152443
709,1.57085979,0.966487944
710,-0.464929521,3.11421847
711,0.115347147,0.569877148
712,-0.177098319,-0.183564156
713,2.18149066,-0.19859834
714,1.20072544,-1.22330129
715,-2.53753877,0.784106314
716,0.066694431,1.71064866
717,-0.0381048359,-0.544240713
718,0.861412466,-0.0918255374
719,-0.41345495,-1.33384538
720,0.68051523,-0.858784497
721,0.658032954,-0.285014629
722,-0.88813448,-1.41964149
723,-0.258563548,-1.1304065
724,-0.301508397,-0.0452595614
725,-1.37510037,0.350882262
726,-0.520109892,-0.903386831
727,0.215152457,-0.368336022
728,-1.70550334,-3.60573173
729,2.22972894,2.33625746
730,1.77444065,-3.2810936
731,0.099867411,0.332559437
732,-1.08018661,1.32038903
733,-0.158080295,0.13449882
734,-1.54112077,0.314023435
735,1.07112861,3.12728882
736,1.25591636,0.0796806514
737,-1.36121893,0.955595911
738,1.31242323,0.70227927
739,1.0973984,0.143823862
740,-0.145072579,0.462537169
741,-2.47039437,0.759076774
742,-0.79543364,-0.26910013
743,1.02368665,-0.0712117627
744,-0.376080424,0.418066382
745,2.70600915,0.155805573
746,0.453250706,-1.09331608
747,0.152088255,0.427929014
748,0.105995342,0.350361854
749,0.914067984,-0.99586761
750,0.843115151,0.798248589
751,2.2213068,0.682242215
752,-2.23392963,-1.75926638
753,0.167054072,0.190262884
754,-0.634460151,0.366386086
755,1.7384969,-0.716555774
756,1.33193398,-0.394994676
757,0.376910001,-0.37003094
758,1.83088124,-1.889171
759,0.912064612,-0.850234747
760,0.256741107,-0.102335326
761,1.33912194,-0.537290812
762,0.745060742,-1.11721206
763,0.777058363,0.592603266
764,-1.88800001,0.328936607
765,-1.10460055,-0.0312533975
766,2.48021483,2.49676991
767,-0.390162677,0.439440101
768,0.0858644694,0.336672068
769,-1.75621998,-0.247513548
770,0.833281934,0.438093811
771,0.358754337,0.960027933
772,2.71842408,-0.105529718
773,0.340764254,-1.69006848
774,-0.0897739679,-0.311220318
775,1.75462806,0.990996003
776,-0.0672975481,-0.484860331
777,-0.803352177,-1.01749063
778,-1.38156343,0.29441309
779,-0.076631777,0.649522185
780,-0.434545666,-0.53546834
781,-0.138781086,0.162518904
782,-0.0462472998,-0.490685672
783,-1.58478951,0.851752758
784,-0.538544178,0.658536673
785,0.816552341,-0.585008621
786,-0.195317283,0.796815038
787,-1.69544041,-0.67485249
788,0.925897181,0.577557147
789,-0.488806307,1.97255325
790,2.6436708,1.16499996
791,-0.528408349,-0.639028609
792,1.77214134,-0.44733566
793,-1.01682734,2.17740774
794,0.23493503,-0.39256826
795,0.55675596,0.871417403
796,0.621750057,-0.120229684
797,-1.25856233,-0.744976997
798,-0.438663334,0.540837944
799,-0.68527168,0.769245207
800,-0.900607109,-0.0379583016
801,-0.137841821,0.240001112
802,0.244265229,-1.00002706
803,0.158912227,-0.0306351893
804,0.351198643,-0.984273076
805,-2.01224065,-2.48201752
806,2.79688168,-1.0835613
807,-0.291768998,-0.495437056
808,-0.282143891,-2.03025699
809,0.518365383,0.149574459
810,-0.315375298,1.26449549
811,0.78078109,-0.733137548
812,3.35279989,2.7177465
813,-1.20979989,-1.14715219
814,0.184284344,0.0738346055
815,-2.74122858,1.74631178
816,0.414406389,-1.50460374
817,2.44782615,0.639804125
818,-0.778844178,0.716421545
819,-2.22080135,-0.0612356886
820,0.982159913,-0.223340303
821,0.29947269,0.16013886
822,0.192010328,0.304249614
823,0.49862656,-0.249410182
824,-0.557735622,0.967823505
825,-0.392591983,-0.524338841
826,0.0340272188,-0.193829894
827,-0.70273608,-0.980631411
828,-3.00081205,1.18316948
829,0.650873899,-0.556495011
830,0.0313691311,0.512150228
831,1.86516964,0.147810206
832,-0.909219801,-0.296469063
833,0.373763263,0.554978371
834,-0.0683156028,0.343488067
835,-0.425069898,0.708442032
836,-0.252280951,-0.071192801
837,-0.449877918,-0.676748633
838,-1.21873784,-0.406277418
839,-0.614324391,0.260461271
840,-1.11518216,-0.108280167
841,1.27301311,-0.221372783
842,0.987860024,1.93850851
843,0.356964737,-0.139947966
844,-0.114157788,0.283591717
845,-3.0521028,0.952823281
846,1.99909818,-1.24148858
847,-0.0174561962,0.884697497
848,0.137275338,-0.495450407
849,-0.797726154,-0.0947265178
850,-0.99462384,-1.50013065
851,-0.217914328,0.0610642992
852,0.682962656,2.1144917
853,0.86511606,-1.34882569
854,-0.116504155,-0.114051118
855,0.753116786,2.63189697
856,-0.352324247,0.0719221607
857,1.41752422,-1.19496882
858,-0.876143754,3.3271277
859,0.939802587,-0.58460933
860,-0.0590978377,-2.39329362
861,-0.789766192,2.24434996
862,2.19025898,0.503815591
863,-0.220374659,-0.689278185
864,-2.0659318,0.115894012
865,-1.21625566,1.98531735
866,0.248384848,-1.47923923
867,1.20183349,0.995910525
868,0.230964899,0.202418819
869,-0.60637337,0.874564707
870,-0.0373140275,1.02433884
871,3.01277447,-0.453166127
872,-0.371564478,0.437619925
873,-0.995437205,1.79816902
874,-1.36479914,0.942415237
875,0.683362663,0.32030502
876,1.00108099,-0.837839007
877,0.100721374,0.345174432
878,0.241444081,-1.14812279
879,0.623292267,-1.85564923
880,1.2109865,0.331016272
881,0.0499921814,-0.639553428
882,-1.5943886,-0.121509276
883,-0.699185193,1.25704634
884,-0.0717865154,0.544893026
885,0.162326559,-1.43942833
886,0.627582967,0.091216892
887,-0.33552283,-1.70109272
888,0.592490911,-0.747547925
889,0.966941118,-1.86384881
890,0.226213083,0.645810783
891,1.21048725,-1.03151095
892,0.867432296,-0.120001517
893,-0.152274698,-0.223086193
894,-0.356855869,-1.26035416
895,-0.1962661,1.61692274
896,0.431641698,-0.790898085
897,2.25078654,1.78113568
898,-2.13268447,-0.542109013
899,0.616537929,-0.153995588
900,-1.54880822,-2.3694725
901,-1.22547174,1.21553481
902,-0.67500186,0.765776753
903,1.90436673,-0.269383043
904,1.43602705,1.20885181
905,-0.236429647,0.00790532771
906,-0.820306122,-0.0758697167
907,0.118124336,0.354826063
908,-0.781677008,-2.76754236
909,0.226480722,0.67392087
910,0.408751607,0.143221989
911,-0.358171552,-1.68137836
912,0.337084204,0.749613225
913,-0.913058102,0.665540278
914,-0.426323116,1.26592577
915,0.697214127,-0.672512174
916,0.385617882,-1.72457588
917,-0.0739433989,-0.216203213
918,0.168208912,0.667014003
919,0.15272896,-0.00828881189
920,1.5775398,0.978291988
921,-1.07020926,0.793093026
922,0.36814183,0.736378074
923,-0.483135223,-0.0019178763
924,-1.27220273,0.433806419
925,0.169515997,-1.4015615
926,0.759770095,0.669577658
927,-1.35541594,-0.751063228
928,0.274573117,0.100597017
929,-2.30406427,1.67559791
930,-0.280505687,0.536544323
931,0.0246362053,1.66045964
932,0.389157295,0.239892676
933,0.42080766,0.0806278363
934,-2.11547256,4.00946522
935,0.013042761,0.994533777
936,-0.137536809,-0.741382539
937,-0.737342656,-0.315172166
938,3.54068136,-1.34403956
939,-1.37305367,-0.0311398059
940,0.478588849,-0.726443887
941,-0.196127996,-0.16925472
942,0.00596848642,0.722578704
943,0.14037393,1.60432959
944,0.216527477,0.153116643
945,-0.350396305,1.35792601
946,0.790225089,0.435215831
947,-1.23870373,-0.730116189
948,1.7287966,-1.21306586
949,0.0617449693,0.459152013
950,-0.92659837,1.16495049
951,-0.414592594,-0.951757014
952,0.0701469034,1.800982
953,-1.35377526,-2.78884435
954,-0.292402238,3.0726409
955,0.610120654,-0.702442288
956,0.884544313,-0.3095164
957,-0.823365748,0.764780462
958,1.11518967,0.384634852
959,-0.489014506,-1.73420346
960,-0.923588395,-0.80616945
961,-0.16684562,-1.70310116
962,1.51152146,-1.19727802
963,-1.89339459,-2.18692756
964,-1.04994476,0.150492311
965,0.828770638,2.16210771
966,-2.6010232,0.0792935565
967,-0.810186386,0.444656819
968,0.753024399,-0.577694595
969,-0.0609363914,0.489255518
970,1.32668662,1.06202996
971,-0.28706935,0.625772238
972,0.453746319,0.557487428
973,-0.882125854,-1.55945122
974,2.57164907,-1.30516827
975,0.204763561,0.885882199
976,-0.263803035,-0.205267742
977,-2.42229295,-1.1256063
978,0.518183887,4.95478249
979,-0.212807104,-0.408667028
980,-1.45232177,-1.20319855
981,-1.23161113,-0.704506934
982,1.11816251,-0.8825894
983,0.32404393,-0.324658215
984,-0.769818187,0.824035227
985,-1.14459074,0.936746776
986,0.579002857,3.81125116
987,2.13477278,-1.23101282
988,0.104210891,1.28809035
989,-0.146065414,-0.120221041
990,0.145863652,0.0844378993
991,2.46860909,1.40238404
992,-1.18661845,1.26232123
993,-0.224718571,-0.165589869
994,2.15168643,1.1202234
995,-1.24177742,-0.447539717
996,0.221286952,-0.156579375
997,0.539360225,-0.544494808
998,-1.1553961,0.922335386
999,-0.562696874,-0.24694705
1000,-0.560667574,1.02425134
1001,0.550871849,4.66219187
1002,1.20590448,0.542903543
1003,1.31198192,-0.985717416
1004,-2.97006702,-2.3913579
1005,2.2131927,-1.19448411
1006,0.212197021,-3.29471326
1007,-0.0300909448,-0.422976047
1008,-0.45246914,-0.74520278
1009,1.35628521,-0.675449371
1010,0.82032156,0.829750657
1011,0.245704427,1.00391901
1012,1.76911008,-0.59833777
1013,0.0902937278,-0.645330966
1014,-0.717391372,0.297824204
1015,0.434161216,-0.579026163
1016,-1.64066434,-0.802577317
1017,-0.758284032,2.07384896
1018,1.8199228,1.68761957
1019,0.849885464,-1.6269021
1020,-2.09620547,1.81611538
1021,2.464674,2.00263715
1022,0.540940702,-0.835886359
1023,0.734159827,-0.22021845
1024,-0.00682705175,-0.70250231
1025,0.333813637,-1.21186829
1026,2.67454767,1.55837309
1027,-0.630426109,-0.394478381
1028,-0.191690668,0.876675487
1029,0.924359143,-2.84935474
1030,-0.247649521,-1.6115365
1031,-1.32289624,1.43542922
1032,2.53498912,0.0980523303
1033,1.86834097,-1.21403992
1034,-0.801095009,-1.9780879
1035,1.32550335,0.470447361
1036,2.83339596,-1.72741699
1037,1.48949897,0.873008192
1038,0.0701666698,-1.8255316
1039,-0.888724208,-0.305670708
1040,0.160289899,0.11427024
1041,-0.556032717,0.930024147
1042,0.279251516,0.731430054
1043,-0.127984047,0.356526166
1044,-0.331318617,0.427206635
1045,0.726873815,1.95484209
1046,-0.518955171,-0.714344144
1047,0.796911657,0.987595499
1048,-1.87499511,-2.19543052
1049,-0.50273937,-0.387397885
1050,0.466418982,-0.670617104
1051,-1.04287398,-0.402911842
1052,-0.0399142355,0.283810228
1053,0.187936336,0.0273874253
1054,0.0156542063,-1.26630008
1055,-0.644932449,2.29938579
1056,-0.164462909,-0.43336308
1057,-2.30809879,0.172535822
1058,0.464730859,-0.314217389
1059,-0.181971222,0.204075694
1060,-0.302876353,1.203843
1061,-2.02243924,-0.475269973
1062,0.269604892,0.473049641
1063,-0.0542414896,-0.177256569
1064,-0.567137361,0.785063505
1065,0.402607858,1.53858483
1066,-1.37962663,1.86909914
1067,-0.94168818,-0.298067093
1068,0.601553202,0.537438989
1069,-1.19869173,-1.015113
1070,-0.383025587,-0.0656493902
1071,-0.99504143,-0.849969208
1072,0.478288472,-2.58627629
1073,0.155093461,1.15203643
1074,-0.911632895,-0.796441019
1075,0.857878268,-1.02646995
1076,-1.18937135,-1.07655108
1077,1.07701397,-0.950778306
1078,-0.567818761,0.377365381
1079,-1.27091062,0.414550841
1080,-0.496593595,0.148012549
1081,1.10709214,0.0846915618
1082,0.649038374,-0.0500005595
1083,-0.0169903412,-0.578853011
1084,-1.3842386,0.685938478
1085,0.344531357,1.17133749
1086,-0.410511374,-0.0875539631
1087,-0.590400457,0.8588534
1088,-1.99393761,-0.0201540478
1089,-0.760400414,-0.769921362
1090,-0.492662013,1.57452142
1091,1.04234374,1.73253584
1092,0.163893983,0.023796577
1093,1.03780806,2.43394876
1094,-0.410798639,-0.845405102
1095,1.66417551,-1.64445543
1096,-0.975306392,0.717506528
1097,-0.635678232,-0.498188376
1098,0.452602386,-0.601182342
1099,2.70305729,-1.64958918
1100,2.95372319,-1.89039612
1101,0.252209842,1.16438699
1102,2.54329705,0.147167131
1103,-1.54817903,-1.47097182
1104,-0.482161105,-0.26568076
1105,0.0195640922,1.37672722
1106,0.695459425,-0.607832491
1107,0.094679378,1.19359004
1108,0.0366523974,-0.186008394
1109,2.60936141,-1.18593097
1110,0.987387717,0.999232948
1111,-0.01059586,0.724817634
1112,-0.994734645,0.00907181576
1113,-0.148898929,-4.2979331
1114,-0.594386399,2.68264198
1115,0.252102822,0.763599694
1116,-0.633203387,0.230752021
1117,0.547283471,-2.1689868
1118,0.908794343,-0.911934257
1119,-0.267324686,0.438105822
1120,0.229580835,-1.07355845
1121,2.65024781,-0.685230434
1122,0.0419859849,-1.30365157
1123,-0.158388376,-0.607402623
1124,-0.1155876,-1.05423713
1125,-2.38065147,-1.13621438
1126,-0.0808497742,-0.346456319
1127,-0.355893135,-0.350038558
1128,-1.10785341,0.144010678
1129,-1.42422307,0.273408234
1130,0.544514239,0.640691161
1131,-0.964462519,-1.8702935
1132,0.660828054,1.89622664
1133,-0.40212658,2.57569194
1134,0.341921836,0.0245925598
1135,2.05799317,-1.1540035
1136,-2.26886678,-0.724749506
1137,0.127932727,1.40144956
1138,-0.702304661,1.06184304
1139,0.472853631,-0.985473156
1140,0.169192269,0.831407249
1141,1.37953067,-0.172051355
1142,0.987103224,0.909240007
1143,-2.09632206,1.49496758
1144,2.167135,0.700162649
1145,0.339770615,0.279119909
1146,0.937892199,-2.728302
1147,0.96838069,0.523657262
1148,-1.51893008,-0.615359843
1149,0.12209595,-1.45862436
1150,-0.170703277,-0.619181514
1151,-1.2997092,-3.72520399
1152,-0.767121017,-0.740803003
1153,-0.795300364,2.85754108
1154,2.27713108,-1.29563367
1155,-0.23282057,-0.739661098
1156,-0.454155982,0.309540123
1157,1.89930415,1.42667842
1158,0.711604297,-1.10309935
1159,-0.427644908,0.993249595
1160,1.41399634,-0.525163889
1161,0.326427102,-0.849266052
1162,-0.941365898,0.555875182
1163,-0.137041509,-1.2568872
1164,0.11009036,-0.203019142
1165,0.129944101,0.437990338
1166,0.601733923,0.649030566
1167,0.155220762,-1.94075143
1168,-0.54238379,0.549913526
1169,0.398936838,0.0969494954
1170,-1.03820014,1.63504171
1171,0.201082706,-0.768302143
1172,0.637137651,2.07603669
1173,-1.05802953,2.76200318
1174,-1.91875136,0.0161304064
1175,-0.534471035,2.08954406
1176,-0.570940375,2.37380552
1177,-0.106173635,-0.571927845
1178,1.71228969,0.0232458729
1179,-1.24919665,1.10426819
1180,-0.22783187,0.209608778
1181,0.129284874,1.87668836
1182,2.35791421,0.492967099
1183,0.991528928,-0.643275142
1184,-0.266485304,0.283598095
1185,1.08714521,0.14719823
1186,0.143749744,-0.213623121
1187,-0.279413551,0.950345397
1188,0.591196716,1.30246437
1189,0.420675784,-0.611677706
1190,-0.420819581,0.218797311
1191,-0.454679102,-0.73252511
1192,-0.172968045,-0.0555269867
1193,-0.354278535,-0.123353131
1194,-1.8671664,-0.460141271
1195,-0.659547746,-0.366148144
1196,-0.127430946,-0.95857954
1197,1.93726301,-1.32766879
1198,-0.574463964,-0.810950816
1199,-1.82709861,0.00863945577
1200,2.10325551,-0.421927303
1201,0.430640787,-0.294157326
1202,-0.0794297159,-0.14400214
1203,0.753482163,1.34393597
1204,0.42949602,-1.32272112
1205,-0.0580309592,1.20288825
1206,0.190416381,0.0472574495
1207,-1.21963322,-1.05851901
1208,0.664618731,-0.908689916
1209,0.984189868,-0.41198796
1210,0.851152658,0.397063494
1211,-3.44820523,1.38227904
1212,-1.44336903,-0.711166382
1213,-0.0345354564,0.181385055
1214,-2.64730549,-1.01768196
1215,-1.18557119,-0.699401736
1216,-0.541802347,0.530964553
1217,-0.588288426,-1.84469116
1218,0.396153003,0.041680865
1219,0.120331012,0.0885907486
1220,-0.331413597,-0.0628931671
1221,1.61820233,2.19971824
1222,-0.149835467,-1.0853951
1223,-0.142213479,0.647702277
1224,-0.494801968,-0.580323398
1225,-3.50776148,1.58605015
1226,1.13934493,-0.959411681
1227,0.0544010326,0.681246042
1228,0.594358861,1.11629963
1229,1.50133669,0.5032143
1230,0.077232711,0.0286369473
1231,-0.52347213,0.184769541
1232,0.614560246,0.810444415
1233,-1.52406347,-0.168465868
1234,1.22454143,1.01325405
1235,-0.154432401,0.100375779
1236,-0.234729707,-0.176583916
1237,-1.2751255,-0.454884887
1238,-0.474538386,0.390666634
1239,0.00525730103,0.150947317
1240,3.17272043,-0.123152524
1241,1.69628346,0.362346381
1242,-0.0751865134,0.186046317
1243,1.81413186,-0.360429049
1244,1.68321049,0.209553584
1245,-0.729562938,-0.126898125
1246,3.22886992,-0.000591150776
1247,-1.56607914,-0.0936680585
1248,0.110497974,0.400193691
1249,-1.31968069,-1.84836018
1250,1.78264523,2.57386374
1251,-1.10263848,1.33902109
1252,-1.57320631,0.574284434
1253,-2.09453845,0.107039258
1254,1.14652872,1.05651641
1255,-3.23257279,0.748172998
1256,0.00521511724,0.276527733
1257,0.547035575,0.937506318
1258,0.57407701,0.505082846
1259,-0.172616452,0.425540179
1260,-0.814510226,1.04681003
1261,-1.81098425,-0.798055112
1262,0.0262284242,-3.68735099
1263,-1.21567464,4.00674486
1264,0.996004879,-0.75540781
1265,0.491622955,0.422245085
1266,-0.481388479,-0.323519677
1267,-1.3638941,-1.6905359
1268,0.718399048,0.155165181
1269,0.406475246,-2.17858696
1270,1.09849846,1.26949656
1271,-0.137953699,0.686723411
1272,-1.06582916,0.287133992
1273,1.49424529,0.225763932
1274,-0.0640863925,-0.295847744
1275,-0.444423795,-3.27011061
1276,0.129844174,-0.21810697
1277,-1.87161875,1.28323245
1278,-0.896572053,-0.231421515
1279,0.248787269,0.172455519
1280,-0.768825173,0.709706485
1281,0.0532035939,1.18917787
1282,-0.680044234,0.264172882
1283,1.04656672,1.62716544
1284,-0.0475281291,0.481313258
1285,0.142928541,-0.197702616
1286,-0.376703858,-1.00843358
1287,1.56673658,-2.32461619
1288,0.942700803,-1.52294421
1289,1.46812177,-0.00222015427
1290,-0.674342215,-0.0319718458
1291,0.206532195,0.493130863
1292,-0.985146344,0.378958493
1293,-1.33211911,-0.3935467
1294,-0.51101166,1.12798607
1295,0.36429292,-0.325774908
1296,4.34201384,-1.21259797
1297,0.528105021,-0.112842225
1298,-0.356024295,-1.36195219
1299,-0.333624601,0.232483283
1300,1.5738467,-1.10652721
1301,2.02254152,-1.1865207
1302,0.436899334,0.873728454
1303,0.16401501,0.722718775
1304,0.932519794,-1.77832675
1305,-0.406425476,1.08133245
1306,-1.55328059,-0.38349539
1307,-0.816306412,-0.947796941
1308,1.40437114,-1.66578531
1309,1.04349148,0.976327479
1310,-1.12798226,3.21670485
1311,2.35319042,-1.61012256
1312,0.839284062,-0.578214526
1313,0.509693205,1.65035808
1314,0.394032568,2.0302403
1315,0.913550735,-0.120711006
1316,1.31910157,0.0650847182
1317,0.011995527,-0.330939442
1318,1.57124352,1.32847512
1319,1.98944426,-1.8082006
1320,-2.28711963,0.0843951926
1321,0.928700089,0.0482717343
1322,0.454079211,-0.98858422
1323,-0.630505919,1.12920976
1324,-0.572443187,0.870474696
1325,0.265777737,-0.195775867
1326,-0.137663946,-1.04122782
1327,-0.49400264,-1.09998298
1328,-0.258627027,0.0970666781
1329,3.31068468,1.64419448
1330,0.0891004652,1.66508913
1331,-0.542559624,0.458898246
1332,1.93574214,-1.86511123
1333,0.324609518,-0.81070143
1334,0.668887854,0.0965191424
1335,2.92472768,2.96611309
1336,-0.850308836,0.823666632
1337,-2.2171886,1.4305861
1338,0.322861493,0.0375938341
1339,-0.0489837825,-0.113525935
1340,0.23965688,0.134440199
1341,-1.63412666,-1.81760538
1342,-0.318111092,-2.11317134
1343,2.21150517,-1.68517697
1344,1.04738879,-0.064004451
1345,-2.99187803,1.02245665
1346,-1.70714653,0.585993111
1347,-0.671302676,1.00190556
1348,2.45667362,1.43021739
1349,1.18813908,0.200350955
1350,0.346801639,1.16001666
1351,1.10477531,-2.18738961
1352,1.30605018,-0.373251379
1353,0.0178923048,-0.200125724
1354,-3.15698123,1.8206706
1355,-1.32556641,-0.90590322
1356,-0.926903844,-0.406979412
1357,-0.767021656,-1.07074749
1358,1.3571316,-1.0556308
1359,0.0904020295,0.266081512
1360,-0.797341466,0.218339935
1361,1.02933156,-0.00308496226
1362,0.213303789,0.440346301
1363,3.01153708,-0.717730165
1364,-0.471717477,-0.719447494
1365,-0.167079151,-0.384995818
1366,0.72436291,-1.1153338
1367,-1.3489933,-0.163896188
1368,0.793598354,-0.387812406
1369,0.65594703,-0.904919982
1370,1.47371697,1.55962467
1371,-1.43212354,-0.543661237
1372,2.41723275,2.40371466
1373,0.343619347,0.0519056581
1374,-0.425790131,0.0146322548
1375,1.09876728,2.37986565
1376,-0.153798983,-0.141671091
1377,-0.12322408,0.0295138918
1378,-0.630243778,-0.878649592
1379,-0.138959527,0.622189701
1380,-1.46570683,0.0554167926
1381,0.228805557,-1.46299124
1382,-1.38429284,-0.374627322
1383,-0.259854764,-0.0597926117
1384,0.561676562,0.331885099
1385,1.06641161,0.532589436
1386,0.651407003,-0.736691654
1387,0.716832101,1.17713606
1388,-1.21857572,0.322276294
1389,0.03553183,0.649608552
1390,-1.0202105,1.15368783
1391,-0.159359157,-0.0948466957
1392,-0.239876613,-2.09969115
1393,1.87412286,0.722942829
1394,-1.05076516,0.711257815
1395,-0.140604734,0.915527284
1396,-0.153385371,0.458592176
1397,0.431564003,-0.355314851
1398,1.0548842,-0.722999096
1399,0.431022644,0.364847541
1400,-0.022976961,0.455404639
1401,0.974198043,-0.594854832
1402,-0.514951527,-0.0247734264
1403,-0.785110474,3.36607003
1404,-0.083954826,-0.781301081
1405,0.811130285,0.423291177
1406,1.04148746,-2.69755125
1407,0.09495309,-0.349105209
1408,-0.345834225,1.4812125
1409,1.64355016,1.79167533
1410,-0.931264818,1.95927346
1411,-1.98536742,-0.336951107
1412,-1.95485246,-0.807653606
1413,-1.353899,-1.3711313
1414,1.72692955,-1.15999711
1415,0.247511402,0.350450039
1416,-3.3871634,0.714353502
1417,0.899798393,-0.027378004
1418,-0.174916416,-0.417962283
1419,0.122232139,-2.78497696
1420,0.0876689255,0.779931724
1421,-0.161811233,2.12943673
1422,1.35905826,0.619855106
1423,0.944123864,0.579931736
1424,-0.979195595,2.43517828
1425,3.59493017,-1.83146024
1426,0.411403,-0.281958878
1427,-0.675583005,0.636976004
1428,-0.126078337,-0.106816694
1429,0.775950193,-2.03981447
1430,-0.837036133,-0.969939291
1431,0.340997398,-0.35055083
1432,-0.521772206,1.32657897
1433,0.648144841,-1.09310842
1434,-0.245451406,-0.910085499
1435,-0.0172683652,0.2246297
1436,1.02789342,-0.974663973
1437,-1.99027383,1.91063416
1438,-0.190757409,0.848355353
1439,-0.549061477,0.166782662
1440,-0.843687117,-1.06925786
1441,-0.661584258,-0.700965285
1442,-2.28526521,-0.160475954
1443,-0.396466106,-0.318070471
1444,1.46548259,-0.367792368
1445,-0.804725051,1.17620885
1446,-0.581350446,-0.98492074
1447,0.685345054,0.568155169
1448,-1.51535416,-0.919707716
1449,-1.90261686,0.0500076115
1450,-0.395119995,-0.0870739222
1451,-3.29598737,0.191980302
1452,-1.72094083,1.26568472
1453,2.81804538,1.64181113
1454,-0.342602491,-2.09504604
1455,1.28817403,-0.00719628902
1456,1.13904703,-0.772750676
1457,0.458292484,-0.539548099
1458,0.367465496,0.122519456
1459,-0.730479479,0.459854901
1460,0.60011059,0.836848438
1461,-1.54147112,-0.294937015
1462,2.02199125,0.145045191
1463,1.25465107,2.51397991
1464,-2.76587653,-0.130062118
1465,-0.942826152,-1.57684124
1466,-0.606838346,0.48170802
1467,-0.124302819,-0.277016699
1468,1.48069704,0.00142221502
1469,0.3852036,0.143427417
1470,0.673240781,-1.11931813
1471,0.291344166,-0.578885198
1472,1.36695945,-0.875049114
1473,-0.224872619,-0.398696929
1474,0.220400989,0.104750559
1475,-0.385021597,0.820832551
1476,1.73401546,-0.938830733
1477,-0.450376809,-1.31020188
1478,0.885793686,0.831561089
1479,0.577557862,-0.74203366
1480,-0.727919936,-1.63423872
1481,0.21343261,0.311004788
1482,0.278520584,-0.0239520688
1483,0.966162324,-0.514380276
1484,-0.448780507,-2.89707637
1485,0.358117342,-1.2365526
1486,1.18035686,-1.69130325
1487,-0.0358877555,-0.192873955
1488,-0.255823284,-0.801566422
1489,-0.452473164,-0.589808583
1490,-0.407140017,-0.555371583
1491,0.373467028,-0.131119534
1492,1.07179189,0.534159422
1493,-2.28742456,2.11138535
1494,0.431729764,-1.0203923
1495,-0.338658631,0.591926992
1496,-0.15094699,-0.37247467
1497,-1.90328383,-0.465396464
1498,-0.954392135,0.516783655
1499,-0.0717292354,-0.218787432
1500,-0.0161304008,-0.809001207
1501,1.55301034,-0.65766567
1502,2.73335028,0.694427073
1503,0.261242509,1.84931338
1504,-0.470808506,2.83273244
1505,0.0979253575,1.94522858
1506,-0.19765766,-0.488830924
1507,0.0767965093,0.748479247
1508,0.553238928,-0.0784719139
1509,0.320444316,-0.2955845
1510,-0.150083676,0.0187031738
1511,0.961379886,0.71856904
1512,-0.943366468,-0.531394958
1513,-0.0286980812,-0.739711046
1514,-2.10534549,1.35624862
1515,0.360019267,0.759074032
1516,-1.65355515,-1.3591361
1517,0.0313789845,0.185132697
1518,0.311440766,0.491183609
1519,-1.5002166,0.512182891
1520,-0.558273435,-1.37302279
1521,-0.784846544,0.158739552
1522,0.158346638,0.276684701
1523,0.440407068,-0.251477718
1524,-0.413692594,1.20623171
1525,0.371952116,-0.521066725
1526,1.19875395,-0.386211962
1527,-0.108986884,1.50209665
1528,-0.465450674,-0.424015731
1529,-1.01904213,0.0180279277
1530,-0.900947273,-0.050680276
1531,0.535937309,-2.06872272
1532,-2.91941357,-0.286821276
1533,-1.83856845,-0.377912283
1534,1.05847847,-0.605448008
1535,0.429769039,1.60964477
1536,1.23398697,-2.71036887
1537,0.507837653,1.90349174
1538,2.3672533,2.32383871
1539,1.19631708,3.35839105
1540,-0.759790421,0.747795224
1541,-0.592322707,-0.621660709
1542,-0.526068985,1.54800308
1543,-0.832578421,-0.186366588
1544,-0.446583211,1.54656649
1545,-1.10860205,-0.531422019
1546,0.489932299,0.456121147
1547,-0.993528366,-0.749575675
1548,0.232272148,-0.232060015
1549,0.558652639,-0.319890618
1550,-3.52440333,0.0811429173
1551,0.49907431,1.35229909
1552,1.08661819,1.18701315
1553,-0.711393714,0.0762154385
1554,-0.183098122,1.30945122
1555,-0.569602609,2.45337439
1556,-2.12042499,-0.939286292
1557,1.52394664,0.423955411
1558,0.825428367,-1.0682205
1559,2.61650491,0.599862158
1560,2.75061893,-0.205814362
1561,-2.36141038,-2.15742135
1562,-0.382009029,1.25105059
1563,-0.114711821,1.42810965
1564,2.11911702,-2.43542004
1565,3.06507754,1.98991001
1566,0.343146682,0.604206681
1567,-0.516272962,0.581608951
1568,-0.517746925,-3.0858562
1569,0.627799749,-0.583847821
1570,0.705308199,2.16035223
1571,1.54036236,-2.94306374
1572,-0.182054609,0.521279991
1573,-0.285017341,0.361557066
1574,-1.6521349,-2.32150245
1575,0.152422056,0.470078796
1576,-0.00860065501,-0.914316952
1577,-1.24974453,-0.382204115
1578,-1.50942051,-0.438638717
1579,-0.348643571,0.870589137
1580,-0.0273195468,-1.12064862
1581,1.15201759,0.488379747
1582,-0.977230489,0.870279133
1583,1.18449736,-0.845385849
1584,-0.808151126,-2.19780326
1585,0.443288624,-1.56598759
1586,-1.09255075,1.00939095
1587,-0.319090277,-2.13904667
1588,1.57363009,0.155370772
1589,-0.589929223,-0.197276741
1590,0.490578085,1.05662835
1591,0.597816825,0.539339066
1592,-0.0837690979,-0.150995687
1593,0.278228104,-0.673322976
1594,-0.41207847,1.09698832
1595,2.48346066,1.30376685
1596,0.708371818,0.996499002
1597,-1.03425825,-0.936722815
1598,-0.0720996037,0.844609499
1599,-0.312012553,0.399310052
1600,0.179969728,0.160982668
1601,0.860275507,-0.86343497
1602,-0.800851107,-1.07492757
1603,-0.362272024,-0.528578281
1604,-0.790706813,-0.647910774
1605,0.967142582,-0.110011883
1606,1.29979634,2.36504841
1607,-0.63939321,-0.195727021
1608,0.724664271,-0.486378849
1609,-0.146167517,-0.441069663
1610,0.832468271,-0.0485559106
1611,-0.737449884,-1.1043551
1612,-0.488887161,-0.302989006
1613,0.866735637,0.665859759
1614,0.0385094434,0.190914199
1615,-0.889011979,-1.78773093
1616,-2.63830256,-0.567742586
1617,1.50865722,-1.38612056
1618,-1.64002538,-0.890985012
1619,-0.69454205,0.692477286
1620,-1.51282299,-0.156895459
1621,-0.222051784,0.332801282
1622,0.918177783,0.283294439
1623,0.142869905,-0.204046935
1624,1.76643622,1.6215328
1625,-0.4025639,0.0471426174
1626,-1.59419096,-1.94672024
1627,1.84535372,0.871043384
1628,-2.22379661,-0.628603399
1629,0.115113169,-0.641925633
1630,-1.36478364,-0.490871429
1631,-2.10184813,0.750630438
1632,0.737190127,-0.10459736
1633,-0.173705697,0.000595776539
1634,-1.36431885,-1.13821507
1635,0.438040823,1.5685544
1636,2.12550044,3.31887722
1637,1.392169,-0.565032303
1638,0.898388326,3.6416831
1639,-1.13380575,0.128157213
1640,-0.26526168,-3.36931634
1641,0.285169244,0.231838375
1642,-0.254862338,0.584793448
1643,-0.243229583,-0.617545664
1644,-0.347197741,0.518873394
1645,-0.439628869,1.22047782
1646,-1.21844506,1.19081056
1647,1.25045955,-0.0373185314
1648,-1.05023885,0.538486838
1649,1.56914604,-1.15963769
1650,0.756548464,-0.52993834
1651,0.140310213,0.535900474
1652,0.714667201,-0.83638978
1653,-0.772900283,0.589174271
1654,-0.104146026,-0.635217607
1655,0.200805992,-1.54279029
1656,-0.448473603,0.302388459
1657,-0.309588939,-0.0715966597
1658,-0.726937771,-0.907378614
1659,0.533892453,1.07980633
1660,3.66245198,0.33188808
1661,1.05783677,-0.313474417
1662,0.933088779,-0.0676265135
1663,-0.0711254701,-2.06737185
1664,-0.211176157,-1.33545244
1665,2.12503242,-1.12438869
1666,0.418064922,-0.188942149
1667,-0.00580505142,1.90532064
1668,0.444540918,-0.630570233
1669,-0.770101011,1.21801102
1670,0.190233871,-0.258828431
1671,-0.172502145,-0.0221167002
1672,2.33118725,-1.25904071
1673,-0.396210283,-0.629508376
1674,-0.166680172,-0.380074739
1675,0.853049517,-0.582777679
1676,-0.275129437,-0.116661362
1677,-1.07695794,1.06097567
1678,0.0666837767,0.023839118
1679,-1.16753972,0.445968032
1680,-0.321742445,-0.839550436
1681,-0.347555906,-0.0899496302
1682,1.4256705,1.42622375
1683,-0.400318056,0.401826382
1684,0.206370056,0.45231694
1685,1.09015238,2.08212829
1686,-1.69779003,0.843378544
1687,0.0544616617,-0.16202651
1688,-0.0320558622,-0.613586426
1689,-1.03585756,0.189428955
1690,-3.86503363,1.76771247
1691,-0.75784713,-0.987607181
1692,2.64958429,-1.18695581
1693,-0.623197198,-0.496181786
1694,0.0458331928,0.590314209
1695,0.814705133,5.06807947
1696,-1.11255085,-0.84076649
1697,-0.219991788,0.451988488
1698,-2.06221008,0.923604965
1699,0.330436677,-0.174451634
1700,1.02022314,3.08342934
1701,0.423785061,-0.470819801
1702,-0.752385437,-0.915202856
1703,-0.296109617,-0.167367861
1704,0.680058002,-2.56373739
1705,-1.97965431,0.985578895
1706,0.796880722,1.94117558
1707,1.14366579,0.333007336
1708,-0.558945775,-1.58846354
1709,1.7282052,-0.967092097
1710,-0.214450493,-1.49312603
1711,-0.168181524,0.0546117537
1712,0.174371794,-1.27483177
1713,0.468881965,0.336376518
1714,3.29264712,-1.12927568
1715,0.192800805,-0.598736465
1716,-0.12372154,-0.159252644
1717,-0.247895911,-1.69215465
1718,-1.28754675,0.439925402
1719,0.643138468,-1.13997924
1720,-0.601094723,1.37252343
1721,-0.937252641,-0.152038544
1722,1.13460338,0.232548937
1723,0.332927465,-0.288375616
1724,-0.626928449,-1.47128046
1725,-0.0255273394,-0.562100828
1726,2.06281209,1.30566561
1727,0.355550617,-1.11606157
1728,0.352789223,0.142746404
1729,-0.102213554,-0.112531111
1730,-1.56798649,-1.45555389
1731,0.260831684,0.0642499849
1732,-3.12387729,-2.91710138
1733,1.10637569,-2.24903345
1734,2.074296,-0.220327422
1735,-0.625198543,1.2306602
1736,1.42542922,0.295081317
1737,-0.719072461,1.1701082
1738,-1.05518091,0.958842754
1739,-0.691012383,1.513255
1740,-0.0324798375,1.21910012
1741,-1.37918603,-0.603288651
1742,-1.69654703,1.6860491
1743,-0.373379022,-0.553785384
1744,0.65209502,-0.139881179
1745,2.57635427,-2.84731936
1746,-0.178272903,0.172798052
1747,-1.23626208,2.03230596
1748,0.307150841,0.216953814
1749,0.545890987,0.224472523
1750,0.0758559853,-0.416802913
1751,0.58422184,0.104833759
1752,-0.103713013,-0.800464153
1753,0.2775006,-0.770834684
1754,0.0921901762,3.30090594
1755,1.07287741,0.450767994
1756,-1.29928207,-1.38918924
1757,-0.512714803,2.60024571
1758,-0.239761382,-0.826047301
1759,0.28874281,-0.556808889
1760,-1.48930538,1.772089
1761,1.16759026,-0.95697552
1762,0.150296286,-0.189187229
1763,1.1549927,-0.652206361
1764,-2.09461355,-0.499483466
1765,-0.365463108,0.351699859
1766,0.0779476166,0.969679713
1767,-1.21626401,0.92494607
1768,3.47362852,-0.374375463
1769,-0.0890150145,-0.196024075
1770,-1.38587976,-1.88612962
1771,-2.28427434,2.06321049
1772,1.70479929,0.916514814
1773,0.0991295427,-0.126745299
1774,0.605444729,2.22648191
1775,3.60364747,-1.10276496
1776,-0.507464647,0.245619252
1777,0.908756077,-0.886291325
1778,0.780527174,-0.663403392
1779,-0.404639035,-1.06629002
1780,-0.653221667,2.61298323
1781,-0.370228529,-0.412743419
1782,0.172715992,0.383120209
1783,-0.458979815,-1.12948227
1784,-0.734679401,1.03827703
1785,0.799889922,0.63822788
1786,-0.164067984,-3.31522036
1787,1.33312654,-2.19721889
1788,-0.574132264,-1.33044994
1789,1.91855514,-0.702919424
1790,-0.678027332,0.143170998
1791,-0.716126084,-1.22998643
1792,-0.151324108,-0.0354382433
1793,0.111885034,-3.28563786
1794,0.850629568,0.660947204
1795,0.625385523,2.09322667
1796,1.50758433,1.07404923
1797,0.847720563,0.288525492
1798,0.807579637,0.672258556
1799,1.13170493,-0.577655196
1800,-0.657633483,0.321339011
1801,-0.217182159,-0.24525547
1802,-0.566953719,0.0267901551
1803,-1.13011265,1.6519053
1804,-0.435059935,-0.601015806
1805,0.753718555,0.639608681
1806,0.394103348,1.50088573
1807,-0.306435943,-0.401911467
1808,0.0543662757,0.322862267
1809,0.00758561073,0.451076746
1810,0.453135014,-0.920838535
1811,-1.17492115,-1.36774826
1812,-0.0703947768,-0.198527038
1813,0.039941255,-0.175135329
1814,1.39819384,-0.957302511
1815,-0.143919855,-1.06072819
1816,-2.16798067,1.02295542
1817,1.00625789,-1.74467206
1818,-0.301863462,1.02311301
1819,-0.228032261,-0.366435379
1820,-1.08121002,0.803266048
1821,1.15754867,0.252908409
1822,-0.0801660269,0.804847777
1823,1.29384625,1.24947321
1824,-1.18826306,-0.169050023
1825,-0.170550942,0.151123464
1826,1.53278613,1.05174625
1827,-1.84368432,-1.1239984
1828,0.565989792,-1.35481536
1829,0.231662989,0.473210216
1830,2.02501869,0.126969308
1831,0.657388389,1.49058664
1832,1.27351165,-0.93674773
1833,0.374186993,0.513768196
1834,-0.240835607,0.543529689
1835,0.334460765,-0.353310585
1836,-2.15621114,0.766697347
1837,-0.634380519,-1.71012115
1838,-2.18419766,0.46209532
1839,-0.377070814,-0.351987779
1840,-0.211032853,-0.878133059
1841,-0.903194547,0.590318978
1842,-0.796527863,-0.00720306579
1843,-0.90955472,-0.30015853
1844,-0.567583621,-1.18667376
1845,0.449858755,2.27239895
1846,-0.237144858,-0.269579351
1847,-1.02657187,0.406900764
1848,-3.32975698,-1.51659977
1849,1.39285791,0.551250398
1850,-0.117651843,-0.305119395
1851,0.442992866,0.509768009
1852,0.0804128945,0.474840045
1853,-0.476144046,-0.246603563
1854,-0.751018763,-2.79784012
1855,0.36338532,-0.0283764414
1856,-0.909549773,-0.237651959
1857,-1.12049866,-1.78414726
1858,0.245629311,-0.873226225
1859,-2.153898,2.03934479
1860,0.941650569,0.290718555
1861,0.482353956,-3.16895485
1862,-0.212656572,-1.27282572
1863,1.40578926,-2.51546478
1864,0.256116062,0.546227276
1865,-1.45133674,-0.872374117
1866,-1.41399395,-1.82026243
1867,-0.451417744,0.575592279
1868,-0.280269176,-0.0956622064
1869,1.42037404,-1.27890706
1870,1.20180762,-0.41426456
1871,-0.326674849,0.253536552
1872,0.0957790315,-1.42624521
1873,0.390571386,-1.50808299
1874,-0.817094803,0.230723307
1875,-0.413396567,3.26403332
1876,-0.294109076,-0.272666276
1877,0.5319767,0.844624102
1878,-1.67576003,0.262929648
1879,0.746249735,0.875361979
1880,-0.245282009,0.105130233
1881,-1.57397735,1.1397543
1882,-0.402834922,-0.366359055
1883,0.117378585,-0.289842188
1884,-1.018731,0.472963482
1885,0.485090584,0.0363470092
1886,-1.09681213,-0.983193576
1887,-0.930912912,0.23797904
1888,-0.328469127,2.08008337
1889,0.206784397,-0.375358462
1890,-2.58330512,1.44208384
1891,-2.47192025,-0.74722749
1892,0.346952796,-1.66314161
1893,0.668164313,0.464950234
1894,-0.672566414,-0.300346404
1895,1.0744282,-0.944372058
1896,0.413573802,0.437861592
1897,-0.433003783,-0.319648802
1898,-0.558627367,-2.4153316
1899,-0.933211923,0.233620957
1900,-2.49903703,1.4740833
1901,2.43480515,0.335285753
1902,-1.09387159,-1.12644541
1903,-0.672456801,-0.101503178
1904,-2.07731247,-1.02519965
1905,-0.137201265,-0.343586415
1906,1.36220026,-1.0173142
1907,-0.499528378,-0.180040851
1908,1.30086005,-0.157514572
1909,0.922644854,-0.649644315
1910,0.151016042,0.768167198
1911,0.0863012224,0.12067505
1912,0.453325897,-0.0758002847
1913,0.385811567,-0.611242056
1914,-1.72532749,0.259777397
1915,-0.877643406,0.816645682
1916,0.638639927,0.700145066
1917,0.828089654,-0.0352634899
1918,-0.160543516,0.990533412
1919,-0.111475252,0.943832576
1920,1.40492368,-1.11507094
1921,0.336307496,-1.8498075
1922,-1.3634156,0.648766756
1923,-0.818910897,-0.114581898
1924,-0.268912435,-0.121138334
1925,0.670753598,0.236238241
1926,2.88612604,0.627002835
1927,-0.222550631,-0.0535409898
1928,0.434887618,1.87161827
1929,0.424066603,0.0357638821
1930,-1.43685782,-0.554851294
1931,-1.10207868,-1.48429286
1932,2.0830133,1.94467175
1933,0.757190943,0.435262173
1934,-0.0989892036,-0.822177052
1935,-1.65192199,2.49590302
1936,-1.21665847,1.42652822
1937,-1.23043585,0.0761122108
1938,1.19719231,0.337792784
1939,-0.690195143,-0.48944658
1940,-0.262890011,0.355668962
1941,0.625867784,-0.992377043
1942,-1.57019377,-0.421607107
1943,1.06735075,1.14873886
1944,-1.12610567,0.180502489
1945,1.55788565,0.923261166
1946,0.545719802,0.498669744
1947,0.475801319,-0.242952108
1948,1.36593163,0.873457313
1949,2.51555157,1.20476615
1950,1.56753266,-1.59869242
1951,-0.101201169,-0.15523532
1952,0.25287351,1.42093194
1953,-0.29316479,0.648886919
1954,1.4718051,-1.0247606
1955,-1.82630968,1.47312617
1956,-1.36384082,-0.878665388
1957,0.892271101,1.9056896
1958,-0.421454877,-0.356797189
1959,2.66046262,0.731607199
1960,-0.316956133,0.0834956542
1961,0.0756423771,-1.65228522
1962,0.141115621,-0.907958388
1963,-0.58647722,-0.0475609675
1964,-0.398857594,-0.414452344
1965,0.422113925,1.18959391
1966,0.208789349,-0.21626687
1967,0.985379875,2.14313793
1968,0.387580991,-0.705353141
1969,-1.58525455,-0.401882946
1970,-0.749883711,1.36844993
1971,-0.181170702,0.702242017
1972,0.000204012787,-0.540006876
1973,-0.585053504,-0.966702104
1974,-0.723865032,1.04552889
1975,2.73135185,-0.914374173
1976,-0.126380533,-0.1577259
1977,-0.881722927,-0.492472082
1978,0.0892056525,-2.35354018
1979,-0.126231655,1.413028
1980,-0.676919162,-0.810532212
1981,-0.628703356,1.17006457
1982,-0.873004615,1.18227053
1983,-0.653074443,0.433865488
1984,-1.26195168,-0.0951732993
1985,0.0669303611,-0.52047056
1986,3.16625428,1.05077434
1987,-2.08840036,1.86192679
1988,-0.0534105413,0.835636616
1989,-0.0691999346,0.315724969
1990,-0.922550023,-0.481563419
1991,0.17719391,0.271848083
1992,0.482896149,0.683272421
1993,0.900065362,-2.49827933
1994,0.031490583,0.0740448833
1995,-1.08294511,-0.23566097
1996,0.764934778,0.0788018927
1997,0.31178692,0.484421521
1998,0.283374816,0.10623683
1999,-2.5606966,0.991803706
2000,0.662316024,-0.212126479
2001,0.862943649,-0.833138406
2002,-0.916559696,0.4153485
2003,-0.825588465,-1.22479117
2004,0.408153564,0.135991454
2005,0.107753716,-1.4181335
2006,0.120913707,-0.0799818933
2007,0.785756946,-0.668621838
2008,-0.843032122,-0.138009489
2009,0.529574513,-0.801077783
2010,-1.83531392,0.684093118
2011,-1.06034708,0.102775224
2012,-0.121804185,-0.611252785
2013,0.280809313,0.720707893
2014,-1.35522234,2.03069973
2015,2.14446521,-3.02230263
2016,0.325404972,-0.904178023
2017,-2.33431721,-0.243371487
2018,-0.644661963,-0.349466711
2019,0.603881776,1.69546115
2020,1.13802671,-2.44048715
2021,-0.411729336,0.196581304
2022,0.269349247,-0.398914009
2023,0.86498028,-0.320305288
2024,-0.935378909,-1.04137087
2025,2.25881314,2.83072233
2026,0.352724999,0.963248074
2027,-0.0202500354,-0.33899951
2028,-0.628320158,0.282325685
2029,-1.10152829,-0.492404789
2030,-0.0251952559,0.173903733
2031,1.3211503,-1.59155881
2032,0.361090839,-0.165873438
2033,0.230632082,-1.14946043
2034,1.77748585,0.148175895
2035,0.986667097,-2.06386542
2036,0.681516469,-0.688768387
2037,-4.78236961,-1.58408451
2038,-1.01263428,0.151950628
2039,0.412831247,-0.0892376006
2040,-0.126945496,-0.157267362
2041,0.598287344,-1.9908669
2042,-1.03801286,0.0387341119
2043,0.303954929,0.494537473
2044,-0.264930964,0.210596025
2045,0.0993626192,-1.17246294
2046,-0.81994909,-0.180504188
2047,0.101215877,-0.595194876
2048,-0.148932591,0.258765042
2049,-0.207576931,-2.82207966
2050,0.504739523,-0.6501894
2051,0.890042543,-1.19055915
2052,0.13747029,-0.160605431
2053,0.390265167,0.36652267
2054,-0.164721608,0.146174267
2055,0.605278909,5.14629364
2056,0.852692008,1.47141552
2057,0.316284508,0.908281505
2058,-0.0276264157,-1.75893235
2059,-0.834678411,-0.386689782
2060,2.23679161,-1.11144757
2061,-2.07815814,1.2900039
2062,0.397219926,-0.348748654
2063,0.306978881,0.0891770199
2064,-0.456464887,1.29139507
2065,-0.642925203,-1.36775184
2066,-1.58026683,1.42420399
2067,1.76299214,1.19572091
2068,0.203680187,0.250886321
2069,-0.717080295,-1.05491364
2070,-0.585587204,1.1549952
2071,-1.8227793,-0.830770791
2072,0.804861307,0.351489216
2073,-0.86968267,1.63399076
2074,-0.456366867,-2.4018867
2075,0.0127000427,1.08966267
2076,-0.835256338,-0.431530684
2077,-0.984990299,0.689912379
2078,0.0404335111,0.588749409
2079,-0.205235839,0.643407643
2080,1.94659901,1.2216599
2081,-0.228438228,2.26226068
2082,-0.737686634,-0.805595636
2083,0.0929197595,0.190791205
2084,-0.223675057,0.241290256
2085,-0.350239426,0.350974202
2086,-0.912085831,1.60657239
2087,0.266840875,-0.295452803
2088,-0.638004184,-1.6943363
2089,1.37845647,-1.10251212
2090,-2.15054607,-1.04352999
2091,0.0883485079,-0.549992919
2092,-2.85061145,0.379477233
2093,-2.20481586,1.046193
2094,0.676966727,0.92577976
2095,-0.0877531543,0.225714132
2096,-0.116013423,0.923681498
2097,1.48331428,-2.03814292
2098,-0.58902061,-0.436245382
2099,1.91187966,-0.894741058
2100,-0.0229206551,1.60009098
2101,-0.22826837,2.5026927
2102,2.03122401,0.0296876822
2103,-0.67009455,4.78792143
2104,-0.489339292,2.06722903
2105,2.50596094,-0.0901294276
2106,-1.20336616,1.53350258
2107,-0.491203725,1.26583385
2108,-1.36332095,0.58431673
2109,0.549370527,-0.0156356487
2110,0.0732995719,2.60475302
2111,-0.119404629,1.15538645
2112,-0.648476303,-0.100910641
2113,0.506687224,-0.978336692
2114,-0.301024169,1.06221914
2115,0.587669611,-0.741580188
2116,0.598793387,-1.17800522
2117,-0.718840182,-2.28477311
2118,0.0470982864,-2.98231316
2119,-1.43894386,1.01386464
2120,2.11088467,0.134539142
2121,-2.98567581,-0.957608581
2122,-0.211286038,0.568437278
2123,-0.0882802457,3.03008461
2124,-0.633476079,0.383296251
2125,1.01011443,-0.369033813
2126,3.07872343,4.32572174
2127,0.00757041667,-1.03353047
2128,1.19312882,-0.645343602
2129,-1.40357268,0.015991047
2130,1.00479376,-1.3349365
2131,0.913748443,-0.646568179
2132,1.38681352,1.04522169
2133,-0.910812855,0.448586971
2134,-0.781008542,0.231748447
2135,-2.54107046,-1.52835882
2136,1.28374732,-0.896471322
2137,2.60227633,1.78799641
2138,1.67468357,-0.1635717
2139,-0.354392827,-0.12755391
2140,-2.21342611,0.404026806
2141,-0.124936804,-1.07028723
2142,-0.971917868,0.596066356
2143,0.365043491,-0.0339898281
2144,-2.93244123,-0.334422499
2145,-0.868170321,-0.0162079912
2146,0.239120066,-0.118490458
2147,0.438112825,0.628171623
2148,0.128431261,1.96714056
2149,2.35615015,-1.2363646
2150,-0.781341553,-2.46758151
2151,0.013905054,0.620971799
2152,-1.27418768,-0.249171019
2153,-2.65841198,-1.39098585
2154,-0.455696106,-0.753688633
2155,1.59879196,2.23118901
2156,0.827613354,-0.118272334
2157,0.092462495,-0.647676706
2158,-0.147105515,-0.508250833
2159,0.989631295,-1.99423349
2160,0.305622637,0.654973984
2161,-0.0700005218,1.04733312
2162,0.933589041,0.374936491
2163,2.22712994,1.56276286
2164,-0.0985413715,1.04810512
2165,0.235235035,1.23408306
2166,-0.489553809,1.69777238
2167,-0.711319864,-1.50143254
2168,-0.438474864,0.324914306
2169,-2.45620489,0.0674246326
2170,1.48197424,-2.24552846
2171,-1.5670259,1.3486048
2172,0.626457214,-1.62694168
2173,-0.158042461,0.276990056
2174,-0.605396748,1.60072088
2175,1.15512002,2.92500663
2176,-0.618390679,0.336838484
2177,1.30255032,0.75186497
2178,-1.2123512,0.729743838
2179,-0.0765011087,-1.25486112
2180,0.445814312,-1.17632461
2181,-1.17848635,-0.656204224
2182,-0.51392287,-1.85391855
2183,-0.895528138,-2.31364655
2184,1.38245702,1.7540102
2185,-1.55998743,4.88163471
2186,-0.751098752,0.752214968
2187,-0.497780293,-0.815643191
2188,0.117722809,0.333544135
2189,-0.0776783898,0.237812772
2190,0.805240035,0.692871809
2191,0.431702942,0.379674405
2192,-0.885809064,0.304585993
2193,-3.18961167,-2.46796179
2194,-1.4173075,-0.621653318
2195,-0.100054078,-0.241936728
2196,0.758842111,0.0233090725
2197,-0.709863722,0.229976341
2198,0.922838211,0.11596901
2199,-1.11314237,-1.89880598
2200,-1.52521825,0.4749403
2201,-1.12495875,-0.421016842
2202,-1.08512211,-0.649898887
2203,0.491569579,-0.0436580852
2204,-2.30644965,0.421423674
2205,-2.30378485,0.441225916
2206,1.17079377,1.43656051
2207,0.882199943,-0.936245441
2208,-0.653559208,-0.0203001183
2209,-1.82042921,0.120544933
2210,-3.10054851,-0.0167156309
2211,-0.525546849,-1.05537295
2212,0.515549541,3.17551494
2213,-0.783121109,0.137283906
2214,0.221653327,-2.09193683
2215,0.909404457,-0.938652039
2216,-0.0776003003,0.724141598
2217,-0.282619029,0.274316192
2218,-0.968711674,-1.94984162
2219,-0.503168344,-1.10863614
2220,-0.820965588,-1.07014012
2221,-0.726691723,-1.81443167
2222,-0.954662323,2.20091653
2223,-0.171956301,1.78489316
2224,1.85830224,-0.121612296
2225,-0.603347301,0.449335337
2226,-0.361001998,-1.222785
2227,0.450165242,0.144534037
2228,0.0371579267,1.62242174
2229,-1.30491185,-0.541026354
2230,0.289402544,0.0112683671
2231,1.20387363,3.00095105
2232,0.449548453,1.41257167
2233,0.135997519,0.0230122134
2234,0.283074707,1.42295086
2235,0.175175846,0.122237399
2236,-0.581239581,1.15528524
2237,1.65006506,1.194525
2238,-2.2007513,-0.814396739
2239,-0.904408216,1.40506184
2240,0.757481754,0.93431586
2241,0.290753216,0.746792734
2242,0.386557877,-0.0212468971
2243,0.531725645,-0.33657223
2244,-0.71654129,0.316954404
2245,-0.381985158,-0.0418839157
2246,-0.90867275,1.33563399
2247,-3.19135165,-1.87966681
2248,2.01508379,-3.92043281
2249,-1.04016137,-1.39190269
2250,2.07218361,-0.693528712
2251,1.70861721,2.28717875
2252,-1.12432837,1.84985471
2253,0.0523221493,0.434540093
2254,0.298497081,0.0176064055
2255,-0.135775894,-1.54807639
2256,0.0779197142,0.970525801
2257,-0.279469192,-0.473870933
2258,0.220165536,2.14509439
2259,1.1252327,0.779082239
2260,1.17176044,0.157279328
2261,0.667773247,1.28992963
2262,2.39188743,-0.0605354309
2263,-1.21566844,0.406456649
2264,3.2743659,4.84725761
2265,0.872532725,0.463449091
2266,1.21361208,0.730505168
2267,0.841762185,-0.0522479638
2268,-0.837601125,-1.31783676
2269,-0.223351672,0.4604927
2270,0.778068841,0.202154428
2271,0.422143251,0.336035401
2272,-2.34793568,-1.32068515
2273,-0.256615072,-0.515844226
2274,-0.928236187,-0.262598783
2275,-0.224343166,-0.172617182
2276,0.547763228,0.671145976
2277,1.52293086,0.100027554
2278,1.82610917,-0.351616412
2279,2.68371248,0.618803084
2280,1.14850283,-1.26374316
2281,0.267087132,2.26707292
2282,-0.223079011,0.2545847
2283,-1.01855874,2.06695843
2284,0.824415505,-0.0739997327
2285,3.42050457,-1.03729737
2286,-0.937632501,0.407366455
2287,0.0599867813,-0.144279107
2288,-2.04600143,1.04667807
2289,-0.333114386,1.03533447
2290,-0.388098985,-0.5517627
2291,-0.233484149,0.251444578
2292,0.993259847,-2.7897172
2293,0.814443648,0.540059388
2294,1.72779405,0.0822531134
2295,-1.62211406,-0.402268231
2296,-3.49657679,1.36531711
2297,-0.248819232,0.122399226
2298,1.28044796,-0.766631305
2299,2.18113947,-2.71817708
2300,1.02100182,-0.614070475
2301,-1.73052907,-3.81909609
2302,-0.0573376641,-0.23689881
2303,1.39749038,0.251027793
2304,0.154748216,-0.0347509272
2305,-0.158100352,-0.338401586
2306,2.25017166,1.90598822
2307,0.272501498,-0.0944209099
2308,-0.326981872,-0.00937545951
2309,1.00368822,-3.65970325
2310,-0.934137642,2.31862402
2311,0.529648483,-0.684352815
2312,1.19836771,-0.170649484
2313,-0.868631005,-0.225790694
2314,0.229590133,-2.81039262
2315,0.109492466,-0.222957358
2316,-1.45781982,-0.305573702
2317,-0.239846766,-1.3146919
2318,3.08193111,0.717927516
2319,-1.25414181,-1.14267719
2320,0.46555379,1.21762896
2321,0.885371745,2.45589805
2322,-0.209000468,-0.400451362
2323,0.276905209,1.01017904
2324,-0.474297792,-0.959321499
2325,0.310027003,-0.217938662
2326,-0.218797848,0.0160963777
2327,-1.6643821,-0.877993822
2328,-0.386460155,-0.680931568
2329,0.213542998,0.213688225
2330,-2.59853435,-3.30479312
2331,-0.726215303,0.172114298
2332,-0.597183704,-1.23816955
2333,0.556024671,-0.0037025318
2334,2.24402881,-0.527608871
2335,1.20633221,0.200997233
2336,0.147644728,0.317744046
2337,-0.282096893,0.97536099
2338,0.326289356,0.877455473
2339,-0.146728694,-0.782778919
2340,0.593236208,-0.419478744
2341,-1.38282752,-1.78786421
2342,-0.725398421,0.997916162
2343,-0.987582266,-0.0167285558
2344,0.660991311,-0.722862303
2345,3.10557413,-0.167959765
2346,0.175309718,-0.00577982794
2347,-0.292156279,-0.881224155
2348,0.0245852172,1.38329828
2349,0.390317619,1.61912394
2350,-0.16560182,0.0682046562
2351,0.023969464,0.197820023
2352,-2.42201591,1.55324042
2353,0.350429118,0.105156772
2354,0.34826234,-0.119291559
2355,1.11916637,-0.487265617
2356,-1.27276099,0.248946175
2357,0.00568132009,-0.376199543
2358,-0.873083115,-0.145318568
2359,-0.210952252,-0.057477966
2360,-1.00198519,-0.757740676
2361,-1.74771833,-1.44166446
2362,-0.688558042,-0.183035582
2363,-2.18762755,-0.212252721
2364,-1.49005866,-0.656776309
2365,1.67579794,0.287583381
2366,-2.52666926,-1.04263508
2367,-0.96624136,-1.25513697
2368,0.0604266301,-0.413757056
2369,-0.583015501,0.0675029457
2370,-0.775719285,0.252783269
2371,-1.02746189,1.0042882
2372,0.191224337,-2.69520211
2373,0.299829036,-0.0796651095
2374,0.586522877,0.820964754
2375,-0.0955425799,0.767608762
2376,0.55103004,-0.651196957
2377,1.25856197,-1.55583358
2378,0.397651941,0.600782454
2379,1.28107238,1.16042078
2380,0.964698732,-2.1264286
2381,0.30078876,-0.10193406
2382,-1.37699521,1.32997918
2383,-0.13426815,1.1339711
2384,-0.339127243,-0.684718907
2385,-1.22994292,0.196164802
2386,-0.410165131,-0.551424205
2387,-1.09890497,2.69346786
2388,-0.371928692,-1.45138073
2389,-1.76307178,-0.702305555
2390,0.390991986,0.732864201
2391,0.367338926,0.170775041
2392,1.00689876,1.88149166
2393,2.09576511,1.79836214
2394,1.53193295,-0.783680558
2395,0.374196887,-0.950660586
2396,-0.123090476,1.32648015
2397,0.369281322,-2.05862379
2398,-0.415655315,-0.473711759
2399,-0.289936393,-1.24356294
2400,-1.3782295,-0.559167445
2401,0.0287159253,-0.6639027
2402,-1.18359566,-0.33895871
2403,0.576628566,-2.26581907
2404,-0.858978808,1.14317548
2405,-1.77073133,0.162882864
2406,0.634291232,-0.264539361
2407,-0.000213331747,0.372880608
2408,-0.513866901,-2.2920537
2409,-1.42903554,-1.09670091
2410,1.92569494,1.24140143
2411,-0.142615989,-0.360052377
2412,2.37337589,-1.66301858
2413,-1.43087864,3.70014024
2414,1.13783479,2.42204881
2415,-1.16580176,0.560276926
2416,1.03645158,-2.47586513
2417,0.097791262,-0.449068159
2418,-0.0570578463,0.347779602
2419,0.775649905,1.1217128
2420,0.922299385,-0.834857047
2421,-1.880651,1.9444555
2422,-0.348345876,0.873505354
2423,-0.248273969,0.707780421
2424,1.5463748,2.3916111
2425,0.590516627,-2.23390698
2426,-2.80735898,0.400678843
2427,-0.654135764,-1.07793295
2428,-0.0416223109,0.0847560391
2429,0.585178375,-0.0443337597
2430,-0.695700645,-0.1655332
2431,0.112843461,-0.120588735
2432,-0.93903774,0.0950237736
2433,2.20542169,-2.04503322
2434,-2.25257444,-0.584652364
2435,0.057467293,0.314549953
2436,0.669630468,-1.24112582
2437,1.64999151,-0.271475971
2438,-1.650612,-1.04275882
2439,-1.7428515,0.810807526
2440,0.916908026,-0.292060077
2441,-0.170079872,1.44659424
2442,0.786246061,-0.381818056
2443,-0.27705276,-0.683636546
2444,-2.33496618,-2.48309541
2445,0.872005522,-0.0164132975
2446,-0.390484869,0.105855815
2447,-1.00123203,0.961155474
2448,0.220843643,0.0561222658
2449,-0.450911552,-0.208446592
2450,1.78747177,-1.13905215
2451,-1.21891856,-0.321991533
2452,0.370117933,-0.76284045
2453,2.36567283,-1.89815795
2454,0.691635847,-0.254426599
2455,0.743593693,0.213849887
2456,0.611545682,-0.293047011
2457,-0.0653461292,0.59515065
2458,0.200795978,-0.386373222
2459,0.92408967,-0.214081734
2460,0.629377425,1.07053936
2461,0.541130662,0.653668344
2462,1.18705821,-1.20773077
2463,0.409503877,-0.934227228
2464,0.844397962,-1.35406816
2465,0.84143883,0.396253169
2466,-1.14527524,0.803223491
2467,0.347901404,0.515990615
2468,0.142653167,1.73595929
2469,1.77029467,-4.54486322
2470,0.197679862,-0.875163078
2471,0.0922913477,-0.190590352
2472,0.136764094,-0.148676008
2473,0.162823021,-1.45563352
2474,-1.52517235,0.437136382
2475,1.57862246,-1.57961082
2476,1.3250972,0.451536745
2477,-0.207525462,0.582436681
2478,-1.04432261,-0.6999228
2479,-2.06393266,0.11841993
2480,-0.0897295997,-0.238462955
2481,2.5302,0.23570469
2482,-0.518064797,-0.0540576875
2483,-4.37597513,2.02925682
2484,-1.83535254,1.89703619
2485,0.845417261,-1.95694876
2486,1.76269066,0.366183609
2487,-0.0378200188,0.827816129
2488,0.170242056,-0.163090035
2489,-0.973647177,1.86482465
2490,0.909172654,-0.573828399
2491,0.24515292,0.253729582
2492,0.0717092678,0.0705208033
2493,0.34005034,-0.00999796577
2494,0.59148246,-0.599860728
2495,1.67967975,1.68221354
2496,-1.05463827,-0.33530581
2497,0.178438097,-0.302145571
2498,1.0162909,1.45775354
2499,1.49138677,-1.04758859
2500,-1.45635605,-0.467690766
2501,2.94294953,-1.10886002
2502,0.230957359,1.03020489
2503,0.753444552,1.45574522
2504,0.926799238,0.187779427
2505,-0.426704407,0.299533606
2506,1.65742123,1.9219811
2507,0.0618172772,0.190809011
2508,0.221408859,-1.06302333
2509,-0.622732162,0.385038197
2510,-0.804473042,0.379055977
2511,2.21522164,0.040083155
2512,-1.09881222,0.690124929
2513,-1.08551228,0.504501283
2514,1.19566262,-1.31742263
2515,0.0179177206,-0.23603563
2516,-0.676253974,0.100872904
2517,-0.672411323,1.25569975
2518,-1.03636801,-1.17889547
2519,-1.67648995,-0.942230284
2520,1.10416853,1.48842168
2521,2.63421202,1.16830814
2522,3.73517013,-0.0292610135
2523,1.1402005,0.938532233
2524,-0.468953371,0.734242499
2525,-0.0285929069,-0.177601382
2526,0.361076295,0.517470837
2527,0.321452916,-1.20203543
2528,-1.23825347,-0.79980427
2529,0.201840386,-0.587478042
2530,2.24721026,-1.50051773
2531,-0.36504209,1.9418776
2532,1.00247526,0.56764859
2533,-2.06849217,0.602046788
2534,-0.568620026,-0.536469519
2535,0.568215132,-0.260795563
2536,-0.588846505,0.505858421
2537,0.56976074,-1.18335462
2538,-0.675542414,-0.791591406
2539,0.977928758,-1.04440928
2540,1.15344119,0.425189406
2541,0.0460318998,-0.229413927
2542,-1.2837975,0.128988504
2543,-0.632240951,0.744676292
2544,-0.330662936,-0.0952631757
2545,-0.153758392,1.09276915
2546,0.273428887,0.76515466
2547,0.147598088,-0.504182935
2548,1.26820266,-0.106133156
2549,1.82280171,1.02907705
2550,-1.83551586,-0.153639823
2551,-0.168588072,-0.0731511489
2552,0.806533813,-0.284334749
2553,-0.936699569,2.79016948
2554,1.95364618,-0.599895656
2555,-0.934364676,-0.300456494
2556,0.563271284,-0.716878414
2557,-0.70562166,-0.371031493
2558,1.29521394,0.311671674
2559,-0.322869897,0.562666178
2560,-0.373210162,-0.479467154
2561,-2.2528975,-3.43119621
2562,0.391744733,0.472636253
2563,-0.785530508,-0.146262556
2564,-0.12519978,-1.01597142
2565,0.635473609,-0.174894944
2566,-0.539290786,0.453523934
2567,-1.24731565,-0.793501258
2568,1.63076222,-1.96379077
2569,0.0538063683,0.286857426
2570,-0.11873512,-1.60840487
2571,0.878175497,-1.05344141
2572,1.97959864,0.768328309
2573,-1.33826339,-1.66105175
2574,1.30170405,0.723053575
2575,2.51861072,-0.0645473748
2576,-0.562467337,-1.14350986
2577,1.96989715,-0.473778605
2578,-2.88411474,0.427289367
2579,-0.642116666,0.196856886
2580,2.11730051,-0.880410373
2581,-1.22387803,-0.943079948
2582,0.376934111,0.0248698648
2583,-1.56109118,-0.866867244
2584,-0.050932385,-0.717739344
2585,-0.419748515,0.777369678
2586,-1.41376173,1.10345113
2587,-0.439863205,0.748206317
2588,0.139919564,1.52168322
2589,1.24659407,-0.269597828
2590,0.188195363,-0.160453126
2591,-0.297773123,0.611406982
2592,-0.699436665,0.915018916
2593,-0.391344815,2.69916725
2594,0.963136554,1.48572195
2595,0.635272324,2.32694054
2596,0.325303078,-0.536530018
2597,-0.126336217,-0.605526268
2598,0.995194674,0.0481358469
2599,0.304305494,-1.9993906
2600,-0.271892786,0.566937685
2601,2.19643927,-0.288870335
2602,0.480383903,1.80253279
2603,-0.0268615447,-0.802428067
2604,-1.19627941,0.534788489
2605,-0.61779958,-1.20916915
2606,-0.230525389,-0.883927524
2607,3.06427765,-0.334595799
2608,-0.54614377,-0.962642193
2609,2.31199002,-0.297557473
2610,-0.806121111,1.91536939
2611,0.33608979,-0.824396193
2612,0.581745565,-0.13043952
2613,-1.06414235,1.30968511
2614,-0.697253704,3.05445647
2615,1.31284177,1.89893901
2616,-0.845400751,0.430547506
2617,0.147344872,0.0477985963
2618,2.03106928,-0.381198257
2619,0.126683563,-0.503717959
2620,-1.53750145,0.156519383
2621,0.386564314,0.784550667
2622,-0.508972406,0.287827164
2623,-1.44435287,-0.0707161427
2624,0.244987443,-1.92854333
2625,-0.104386941,-0.416925579
2626,-1.07689416,0.627713084
2627,-0.720561564,1.81678963
2628,-0.282359749,1.39821184
2629,0.333056927,-2.78452396
2630,0.986351192,-0.909570158
2631,0.933602989,-2.17210817
2632,-0.275214791,-1.32980096
2633,0.0592460558,0.387042791
2634,1.20298982,-1.48940969
2635,0.348557651,-0.570082843
2636,-0.512792468,1.28682435
2637,2.80436778,1.97861171
2638,-2.9649055,0.570187032
2639,-1.46129775,1.70373535
2640,0.917867124,-1.16013873
2641,-0.805538356,-1.38367116
2642,0.919272661,-0.336108506
2643,-1.43070996,2.50136876
2644,-2.37739706,0.0497481748
2645,0.0109663233,1.73200071
2646,-1.96002543,-0.211835429
2647,0.339378417,-0.091527693
2648,-0.267059356,0.0537705608
2649,0.307557732,1.30978286
2650,-0.0351872742,-1.34435606
2651,0.622476399,-0.637040675
2652,0.561416209,0.843960643
2653,-0.223322824,-0.25449115
2654,0.78422451,-1.42442834
2655,-0.420848578,-1.25691402
2656,-0.3182365,-0.999130964
2657,-0.866642416,-0.283753514
2658,2.14726162,1.20867944
2659,-0.120797224,-0.176752537
2660,-0.469986439,-0.00799578242
2661,0.516545296,-0.145490736
2662,0.487724215,-1.03025639
2663,0.521448672,-0.189553499
2664,2.10618949,1.90057671
2665,0.478337348,-0.526647031
2666,0.614745021,0.889088571
2667,2.05455327,1.07639062
2668,-0.558653295,-0.542663455
2669,-0.106871404,0.203282982
2670,0.660729825,0.117822565
2671,-1.27102876,-0.0219537895
2672,-0.703247368,-0.0194334071
2673,-2.3716836,-0.810175061
2674,0.876465797,-0.542052865
2675,-1.1882267,3.44779468
2676,0.786704659,1.12213302
2677,0.120223142,0.208087683
2678,-0.901108503,0.211922109
2679,-0.0859715641,0.133112118
2680,1.41537499,-2.13095117
2681,0.0242863372,-0.36843878
2682,-2.44083595,1.98655558
2683,-1.25642502,-0.373340994
2684,0.535618007,0.77565968
2685,-0.129599914,1.73886764
2686,0.793856978,0.626638651
2687,-0.55877316,-1.43653738
2688,-0.469535261,0.315515727
2689,-0.368656248,-0.15047802
2690,0.504954338,0.953022838
2691,0.298367769,-1.08647144
2692,-3.38488698,-3.91095614
2693,-0.529106379,0.433446348
2694,-0.865727425,0.0257816371
2695,0.0883844644,-0.468809992
2696,0.46399042,0.341735661
2697,-0.817705989,-0.0452018864
2698,-0.686293244,-1.57971358
2699,-0.178693086,-0.308422893
2700,0.03155737,0.357133657
2701,-0.295287251,3.36413598
2702,0.617135644,-0.155054748
2703,-0.836265802,1.30773652
2704,-1.73990273,0.524220109
2705,0.865323484,2.46668601
2706,-0.1900502,-0.0187303107
2707,1.55436313,2.54099107
2708,2.38420534,1.40632308
2709,0.779139161,-2.49939156
2710,-0.572710454,0.0925685093
2711,0.109694585,0.193233594
2712,-0.429605603,0.0308619682
2713,0.121593483,0.486960411
2714,-2.79935741,0.953671515
2715,1.57696486,-0.0402682349
2716,-1.32027829,0.500428915
2717,-0.64619863,-0.0659878179
2718,-0.321593165,0.163481236
2719,-0.312388599,-1.20156729
2720,0.215809077,0.101206146
2721,-0.997106433,1.14385116
2722,3.22876024,-2.20488167
2723,-0.441495508,-1.65270197
2724,-0.129500583,-0.30268687
2725,-0.714936137,-0.926493108
2726,-1.41382051,-0.274613082
2727,-0.247283474,-1.55910575
2728,-2.38220549,1.35852516
2729,1.46125567,0.306161702
2730,-0.0749081373,-0.469629019
2731,0.22319977,-0.0505002365
2732,-2.27211642,-1.66690552
2733,1.98652351,0.00953798182
2734,-1.52307463,-0.546069801
2735,0.392720163,0.268836468
2736,-0.467572629,0.550155759
2737,-0.502822757,0.909901083
2738,-0.394968301,-0.996419668
2739,0.325501382,-1.91104639
2740,0.262330294,0.549957216
2741,1.75279546,1.11298645
2742,0.216911852,1.22694337
2743,0.817374408,1.04234529
2744,-1.6955744,-0.104993105
2745,-0.187669337,-0.00277844933
2746,0.353737116,0.0661467984
2747,-0.0379983597,1.58862114
2748,0.100050934,-0.670172036
2749,0.989234865,-1.17463446
2750,-0.962568879,-0.8330158
2751,2.39680171,-1.41860139
2752,-2.39304996,-0.464433461
2753,0.897121429,-2.61402678
2754,-0.519599676,-3.84607577
2755,0.848628521,0.177226499
2756,0.0448068753,-0.600160837
2757,-0.210611165,-0.185624406
2758,-1.6316421,0.387864083
2759,-2.16587496,1.99039853
2760,-2.32620573,-1.61914897
2761,-0.777387679,0.657986641
2762,-0.139713228,-0.138636038
2763,-1.53605795,1.44455588
2764,-1.80617833,0.347539186
2765,0.247579396,0.318141341
2766,1.04015887,-0.305300921
2767,0.472906291,-0.0569468848
2768,-1.13087964,-0.399962515
2769,1.34926438,0.876426458
2770,-1.23676717,0.114139654
2771,-0.123974904,0.681913197
2772,-2.65717816,-2.0531466
2773,-3.67204309,-0.096709244
2774,2.20512199,-1.70901072
2775,-3.83011293,-1.40962279
2776,-1.68301249,0.634625316
2777,0.18888934,0.0310898218
2778,-1.65847814,-0.866698742
2779,0.950811446,0.0752846226
2780,2.39983368,1.22960663
2781,0.642739415,1.01832592
2782,-2.94543123,4.33275366
2783,0.449055076,-1.13455451
2784,-1.74366868,2.05068612
2785,1.41585124,-2.51045156
2786,-2.8350327,0.0641230941
2787,-4.2875576,-1.33785903
2788,-0.622103155,-1.12328029
2789,-1.07535255,1.7384311
2790,-1.78984094,0.0581520461
2791,2.14139366,0.364411771
2792,-0.149748057,-1.06644297
2793,0.554784298,0.353877187
2794,-2.58618903,1.39696753
2795,-0.392943263,-1.74382055
2796,-0.339301825,1.22773063
2797,3.95313644,-0.179756045
2798,1.05112875,1.39170361
2799,-0.740574539,-0.837394774
2800,0.601188421,1.20369303
2801,0.234527528,1.5664624
2802,-1.86535978,1.0321629
2803,1.26421428,-1.8857255
2804,-2.21305275,-4.5017395
2805,0.904899955,0.898335338
2806,1.39615071,-0.147287771
2807,-1.74492741,-1.55111587
2808,2.35793114,-2.02913451
2809,-3.2148478,0.43147406
2810,0.177899897,0.346903652
2811,-0.498431623,-0.316835403
2812,-1.62046504,-0.461263597
2813,0.494494379,-0.493399709
2814,0.256467909,-1.29334116
2815,-1.07984018,0.937091708
2816,-0.856799364,1.81299531
2817,-2.51960087,1.02464116
2818,1.19248545,0.490868777
2819,-0.101304948,-0.492121279
2820,-1.18832135,0.0989190638
2821,0.589902282,-2.53420711
2822,0.22786662,0.164056405
2823,0.0931047201,-2.01602697
2824,1.25155842,-1.33602047
2825,0.652587712,-0.421734095
2826,-1.40186691,2.16755128
2827,-2.26499176,1.42232788
2828,1.03090715,-0.521674097
2829,-0.0664735138,-0.623212516
2830,-0.332608044,-1.53627861
2831,0.330994248,0.690222919
2832,0.204828992,-1.55458176
2833,-0.397292197,-0.430900127
2834,-0.989309132,-0.0248334054
2835,0.318223387,-0.216076165
2836,-0.844223678,1.20962644
2837,1.48456585,-1.71424913
2838,0.686152399,2.37445927
2839,-1.04411042,1.19367552
2840,-0.23240298,0.385464221
2841,-2.01226735,-0.84158659
2842,0.0650163889,-1.81590736
2843,-0.0188403521,0.477442831
2844,0.426401377,0.311661631
2845,0.975862622,0.208618134
2846,-1.0300858,-3.04266858
2847,1.27402949,0.0438948572
2848,-1.4892391,1.310601
2849,1.18840587,0.0821448863
2850,0.561984837,0.65615958
2851,-0.794812322,-0.0380540118
2852,0.104230985,1.32414877
2853,-1.74095309,-0.96950525
2854,0.00906981993,-1.20504534
2855,-0.326448649,1.66711771
2856,-0.197006956,-0.263222367
2857,0.560125351,-0.821106672
2858,-0.558428586,-2.33898163
2859,-1.5133934,-0.591910243
2860,-0.689760029,-0.470306009
2861,-0.502552688,-0.260959536
2862,0.292317748,0.234818056
2863,-2.21885395,-0.30186376
2864,-0.0111632403,0.983941436
2865,-1.33693635,0.996212661
2866,0.788636029,1.2591089
2867,0.00834665168,1.61414444
2868,-0.906766236,-2.31844234
2869,0.666877031,-1.09205949
2870,-0.709329069,-0.547705531
2871,-1.54335785,-0.122719407
2872,-0.250829071,-0.00887689926
2873,-0.790425718,0.296994925
2874,1.18171287,0.298991203
2875,2.78510475,-0.4374744
2876,1.27007842,0.641290784
2877,-1.15708196,-0.943910122
2878,-1.51895857,-0.656639338
2879,0.37371102,-0.196681425
2880,0.482541323,2.35638714
2881,0.453814924,-0.348317206
2882,1.10007679,-0.173935786
2883,1.56513047,2.18982029
2884,-0.449125141,2.06667209
2885,1.32140899,1.87865114
2886,-1.14899588,0.476195365
2887,1.47926748,-1.18115246
2888,0.0218920857,-1.24435329
2889,0.588742375,0.394858748
2890,-0.940058887,-2.5089922
2891,-0.247423321,-0.323707342
2892,-1.4438231,1.08829105
2893,2.35193181,1.91957045
2894,-0.882775605,0.398668557
2895,-2.54141188,0.3650814
2896,0.717465401,-1.34674978
2897,-0.129736751,0.159540445
2898,-2.90659428,0.299741864
2899,1.67695105,-1.11336279
2900,-0.160446182,0.714723945
2901,1.46983981,1.03131402
2902,-1.98047805,-2.13636231
2903,-2.17645288,1.21145117
2904,-1.30242801,-0.65654552
2905,4.87638092,-0.0136382198
2906,2.37565708,-1.07408941
2907,-0.318424374,-1.26037633
2908,-0.76637435,-0.499503016
2909,0.0256069917,0.575261176
2910,-0.188553035,-0.524707735
2911,0.0870486051,0.0226328652
2912,0.143880412,-0.469726086
2913,-0.822111368,1.29266822
2914,0.862071872,0.309822917
2915,0.51863879,0.182290882
2916,-0.0475196093,-1.13086927
2917,-0.991950393,-0.808814168
2918,0.0346692652,-1.46224844
2919,0.793712437,1.23779154
2920,0.834840775,0.254222184
2921,-0.726507246,0.107850119
2922,-2.06488419,-0.167683885
2923,0.324640572,-0.190629125
2924,0.768705785,-0.394190252
2925,-0.0663044825,-0.516746879
2926,-0.863813043,-2.79754519
2927,0.349757701,0.144207969
2928,-2.33058548,-1.21348488
2929,-0.179409146,1.87727761
2930,0.512605727,-0.034112405
2931,-0.671087503,0.391902477
2932,1.17197621,-0.0338014588
2933,0.461716592,-0.213416427
2934,1.56401706,-0.872977555
2935,-1.52008116,-1.32599413
2936,0.801556945,0.934825003
2937,-0.126016289,0.246499822
2938,0.345551282,-0.112345442
2939,-0.834318101,0.0899506882
2940,-0.147663981,0.123437986
2941,-0.0396946296,-0.347186118
2942,0.567571402,1.34144807
2943,0.2686207,0.372954637
2944,-2.02799702,0.688611686
2945,0.487399131,-0.674433589
2946,0.054193344,1.32290769
2947,0.662388861,-2.55014014
2948,1.6995064,-1.7578963
2949,0.534683645,0.388172507
2950,-0.837936997,0.146087006
2951,0.121248871,0.851928532
2952,0.125203311,0.681200147
2953,-0.831199884,3.41244745
2954,1.36004984,2.25790048
2955,0.731206834,-2.41872716
2956,1.56291139,0.0739883333
2957,-0.443975866,0.227276117
2958,0.470985979,-0.600704908
2959,-0.187893972,-0.0232248735
2960,-3.95493245,-0.718275487
2961,-2.04544902,1.12402391
2962,-0.413508356,-0.457299024
2963,-2.38404155,3.04917741
2964,-0.812015951,-0.125813648
2965,-0.939315557,1.21876919
2966,0.675990105,-0.0916830599
2967,0.0386847854,0.815929115
2968,-0.22330533,1.32810605
2969,2.91352558,-0.862458646
2970,-0.129322439,-2.21978784
2971,-0.224835888,0.748661697
2972,-0.295479059,0.626635134
2973,0.68629545,-0.381701648
2974,-0.562531829,0.764824986
2975,-0.441367537,0.0310989413
2976,0.159403324,-1.23549926
2977,0.232487962,0.311490476
2978,-0.544313312,2.52785087
2979,-0.407832861,1.10654521
2980,-0.34787491,-0.224878371
2981,-0.425403267,-0.709674954
2982,-1.09163511,-0.159906283
2983,1.8753401,0.389442831
2984,-4.39989328,0.756112039
2985,0.0392846502,-0.903755844
2986,-0.609851539,-0.387471706
2987,-0.757390082,0.995748878
2988,-1.68669498,2.37213993
2989,0.784727871,0.142156482
2990,-0.269714624,-1.74902892
2991,0.586056292,0.508896828
2992,0.181239739,-0.376205683
2993,-0.522704422,0.269036323
2994,-3.32150578,1.31769443
2995,-0.931920707,2.05431795
2996,0.0262034927,1.46466696
2997,-0.10616269,-0.414516151
2998,-1.82844901,-0.698290586
2999,-0.718962312,0.278049439
3000,0.270031124,-0.436131924
3001,1.53948224,-1.49576986
3002,-0.0560789965,-1.00887573
3003,-0.11915388,0.581313908
3004,-0.481319487,-1.26399207
3005,-1.62906611,-1.42595804
3006,1.65972149,0.144115806
3007,-1.19311988,-0.313470334
3008,2.51582098,0.126558244
3009,-0.703557491,0.247149125
3010,1.88263834,-1.25104928
3011,1.83677328,0.687590241
3012,-0.192659199,-0.119217269
3013,0.0869205073,-1.36225903
3014,0.0509112626,1.64725721
3015,1.37588096,0.767062545
3016,-0.443708509,0.116294488
3017,0.121992156,-0.881355047
3018,-1.61326063,-1.02581251
3019,-0.693220317,-0.763890684
3020,-0.26672402,0.243788496
3021,1.40064502,-1.57643604
3022,1.03591979,0.690279186
3023,-4.05878353,-1.20845044
3024,-0.547778487,-0.345290601
3025,1.12611961,1.41598856
3026,1.08378708,-1.65820634
3027,2.34074807,-1.33389521
3028,4.3828826,-1.96401417
3029,2.21630692,-1.32299268
3030,-0.411904544,-0.207131863
3031,-2.0969162,-0.996567905
3032,0.774242163,-0.756168842
3033,-1.33181751,0.343829721
3034,-0.532275081,1.56521749
3035,1.60164332,-1.25232208
3036,-1.46399152,0.299107581
3037,0.249619618,-0.2008508
3038,-2.76212931,-0.364565045
3039,-0.133226454,-0.161708519
3040,-3.37601852,-1.86882508
3041,-0.727624893,1.21683764
3042,0.991520822,-0.323517382
3043,0.715991974,0.240225941
3044,0.893106878,-2.22432399
3045,-1.95186591,1.26111138
3046,-0.172081992,-0.583959699
3047,-0.00792968646,0.99571377
3048,-0.271294922,-0.85177511
3049,1.49850869,1.431162
3050,0.300730675,0.808481395
3051,-0.154476792,-0.425228536
3052,1.32975793,-1.55258679
3053,0.0569334179,0.14183487
3054,1.69651937,-2.02509356
3055,0.758389354,0.304902464
3056,-0.369640023,-2.88269949
3057,1.12035775,0.998112619
3058,0.472981542,0.890596807
3059,0.893546104,-0.869804621
3060,-0.930918694,2.9079051
3061,1.21925986,0.79454273
3062,-0.0414098017,0.707961679
3063,0.351871431,0.317781836
3064,1.3094523,2.13552475
3065,0.15572764,0.552461803
3066,1.46564901,1.22559869
3067,-1.08808517,-0.85668391
3068,0.324101061,-0.121594623
3069,-0.51433301,-1.17304587
3070,0.0105874268,-0.108484261
3071,0.31733495,-0.117628053
3072,-1.0660702,-2.41601562
3073,-0.40606156,0.559487283
3074,-0.73483777,-0.267104447
3075,1.72169638,0.0936922356
3076,2.60514188,-0.542190552
3077,0.0903594643,1.87294638
3078,0.0903902054,1.31085849
3079,0.162547618,1.14522099
3080,0.401804239,-0.200013623
3081,-3.20678449,-1.64069855
3082,0.965001762,1.78082764
3083,0.101335868,-0.235484272
3084,1.18698418,0.183794424
3085,3.85579228,0.979255736
3086,-0.546570718,-1.37869751
3087,0.58704102,0.669096231
3088,0.0551047735,-0.710227847
3089,-0.23615855,-1.60656035
3090,1.08748269,-0.315267205
3091,-6.11363602,0.861041546
3092,0.110886566,1.37973773
3093,0.735083282,0.712127686
3094,-0.792498946,-0.12737605
3095,0.68291539,1.84633243
3096,-0.517757654,-1.58242524
3097,0.0377517827,-0.156785607
3098,-1.37123144,0.988188088
3099,0.922730386,-0.476669729
3100,-1.05056119,0.448328435
3101,0.390530974,-0.311742127
3102,-0.585501373,-1.22935903
3103,0.84307605,-0.230606571
3104,1.15320015,-0.835200608
3105,0.602062404,0.547924936
3106,1.17882884,-3.43131661
3107,-0.236936823,2.90962672
3108,2.44965649,-0.28858304
3109,0.370251775,0.399530679
3110,-0.213806227,-0.480185926
3111,0.0297437366,-0.147477478
3112,1.20944166,-0.413876712
3113,4.24134588,0.0933905691
3114,1.028404,1.57674158
3115,2.09865451,1.41332567
3116,-1.22492111,-1.45389009
3117,-2.96970463,-0.41460216
3118,-1.50417733,1.54271865
3119,-0.181002825,0.182003409
3120,1.22479117,-2.23341751
3121,-1.16559589,1.95485675
3122,0.709035218,1.16341472
3123,1.07823277,0.119360439
3124,1.27582133,-0.133274451
3125,-0.795642376,0.627642274
3126,1.58961284,0.290588558
3127,2.34710217,-0.731213748
3128,-1.52004564,0.205325961
3129,0.600805879,0.808685303
3130,-0.263360113,3.20028281
3131,2.50237775,-0.660723269
3132,0.132393032,-0.0923058987
3133,-0.962712288,-0.843325436
3134,0.0369118974,0.536366642
3135,0.591217041,-0.205817685
3136,0.705472767,-0.0947054997
3137,-0.221190006,0.25555256
3138,-0.0573277324,-0.141898513
3139,0.274779111,0.763022184
3140,-1.37965679,-0.15228647
3141,-2.56929541,2.05116606
3142,1.6596173,0.302733779
3143,1.50472939,0.190504923
3144,1.31531179,1.21465468
3145,-0.944563806,0.9743765
3146,0.110923477,-0.277260423
3147,-0.886029363,0.521723628
3148,-0.623509765,-1.26608193
3149,2.44660378,-0.0752221197
3150,2.06006312,0.827490985
3151,1.54612041,2.00004792
3152,1.77039504,0.258367687
3153,-0.62426722,-0.53107065
3154,0.200755969,-0.705537379
3155,0.516880393,-0.348770082
3156,0.240201727,0.153680354
3157,2.55541396,-1.26108682
3158,0.205157623,-0.0882757232
3159,-1.78547037,-2.21253967
3160,-0.362564802,1.17657793
3161,-0.37571612,-0.631185472
3162,0.48281917,-0.166838825
3163,2.40932369,-0.360897243
3164,0.250309438,-1.48370659
3165,-0.493093252,0.744575083
3166,-1.33675313,-0.244440511
3167,0.616446674,-1.0301224
3168,0.361842334,2.02100253
3169,-0.344845414,-0.530005395
3170,0.208469719,0.642239392
3171,-1.99728966,-0.405166924
3172,0.130459309,0.155408859
3173,0.0711779296,0.66354543
3174,0.868192196,-1.38056934
3175,0.128702089,-0.128448397
3176,-1.57272053,-0.910086095
3177,0.959014475,0.742839396
3178,0.9714728,2.14034319
3179,-2.03778672,-0.812905371
3180,1.80023146,-1.31312621
3181,-1.38821757,-0.295926452
3182,1.88007283,-0.18624118
3183,-1.66249359,0.247904778
3184,0.0431687683,0.904010773
3185,0.609629214,1.52281082
3186,0.0182310138,0.424809426
3187,0.783528626,-0.563392699
3188,-0.728354096,1.02880907
3189,0.224863946,0.340044349
3190,-0.896433592,1.60479844
3191,-0.595060945,1.94573653
3192,0.933443189,1.48209965
3193,0.0672852471,-0.306399852
3194,1.73366857,-2.70739269
3195,-0.977075398,1.77349651
3196,-1.21816373,-1.64472795
3197,0.491246432,-0.49505949
3198,-0.0651448146,0.163628802
3199,0.264078915,-1.01459301
3200,-0.0648595169,-0.509810925
3201,-0.0598707758,-2.43754768
3202,-0.879652858,-1.35456014
3203,-2.56941438,-1.44336414
3204,2.22485924,1.66209817
3205,1.17354786,0.525709093
3206,-1.61003983,2.3179493
3207,-0.0581440143,-0.527502954
3208,1.1798588,1.06644046
3209,1.03182817,0.427276015
3210,1.24321067,0.406223714
3211,-0.670602739,-1.08554471
3212,1.01308429,0.0551609956
3213,-1.31932199,0.304794133
3214,0.748844564,0.814353883
3215,0.961700141,-0.213614836
3216,-1.0990963,3.14240789
3217,-1.17289019,-1.08379042
3218,-0.9479146,-1.55487514
3219,-0.0394935831,-0.158822343
3220,0.56191498,0.428030878
3221,-1.34803653,1.60340106
3222,-0.319001824,-0.589422643
3223,0.0290574059,0.877692342
3224,0.972360551,0.648620009
3225,0.0571902655,0.381098807
3226,1.68656361,0.0761372447
3227,-0.314320773,-0.844123542
3228,-1.08808112,0.314851135
3229,1.29804718,-0.851454258
3230,-0.764385045,0.746211648
3231,2.31098199,2.04896522
3232,-0.780835807,-1.20829403
3233,2.8098681,-0.895547748
3234,0.17262575,0.0919891521
3235,-0.317836761,-1.07796061
3236,-1.8891964,1.76372588
3237,3.80032921,1.07112908
3238,-1.56342602,-1.29229617
3239,-0.181148589,-1.0919615
3240,0.416937381,0.707569122
3241,3.18780398,-0.397952586
3242,-0.773015618,-0.727423429
3243,0.896191955,-0.0700844005
3244,0.789841473,2.55863881
3245,0.233318299,-0.0668144599
3246,-1.24882615,2.52215528
3247,-0.893946052,0.0769916102
3248,-0.114701509,0.550997615
3249,-0.978691638,1.7290324
3250,1.60635138,-2.52224064
3251,-1.00690675,0.461120367
3252,0.192190975,1.00299406
3253,0.138209164,2.93242979
3254,-0.818065405,-1.28954315
3255,0.0533254817,-0.18983914
3256,-0.527707517,-0.754571319
3257,1.646492,0.606550753
3258,2.41741943,0.330470979
3259,-5.31374025,-1.79624951
3260,0.125016689,-0.118568666
3261,1.47900558,0.775192916
3262,1.10442448,-0.34457165
3263,1.84093153,0.413884014
3264,-1.59437537,-0.3321141
3265,2.02040505,0.447559923
3266,-1.53876936,1.68545842
3267,0.204372823,-2.44108176
3268,1.09981167,1.22130692
3269,-1.93311691,0.664174676
3270,-0.232909873,-0.253985763
3271,-0.936835647,0.24588801
3272,-1.58888197,0.300738633
3273,-0.0498716868,-0.456329972
3274,0.0616977885,0.254719287
3275,-3.93882537,2.70947027
3276,-1.47457409,0.387595505
3277,-0.938832641,0.316187382
3278,0.600120068,0.718576193
3279,-0.319845647,0.148195446
3280,1.25759661,-0.568878174
3281,-2.10408449,-1.56136656
3282,0.0918526724,0.641181767
3283,1.71017337,2.18500376
3284,-1.35538411,1.08095431
3285,0.560956836,-2.13831019
3286,0.832885504,0.175370723
3287,-1.61284208,1.81553531
3288,1.03510714,0.926294744
3289,-1.48184824,-3.47752881
3290,-1.07413864,4.35067225
3291,-0.573238909,0.101615846
3292,0.450774491,-0.486917794
3293,2.22589421,-0.0484889261
3294,-0.201668873,0.0754733309
3295,-0.351498127,0.0347399041
3296,-1.04418898,0.543039203
3297,0.472079098,-0.124131761
3298,-1.17979312,0.736367285
3299,0.850453198,-2.26092052
3300,-3.56887007,-2.38936162
3301,-0.0670179054,0.575280666
3302,1.60211146,-1.35504603
3303,0.223338053,-0.178688541
3304,-0.903457522,0.489786416
3305,1.64812005,-0.519230425
3306,-1.01308703,0.427041441
3307,-2.37506151,1.47161889
3308,0.864559472,0.518977344
3309,-0.348168075,0.0112265563
3310,-0.111900516,2.12554049
3311,0.115546949,0.624871433
3312,-2.26127267,-0.628327072
3313,0.108083747,1.19401073
3314,0.401044428,-1.57097149
3315,0.657558262,-1.24346399
3316,2.87040305,-2.19048882
3317,-0.624692857,-0.531506538
3318,-0.728806436,-0.0430025011
3319,0.67146796,1.12766647
3320,-2.58686376,1.14329374
3321,-1.33577287,0.407148689
3322,-0.68118751,-0.359978139
3323,1.13154161,1.91038108
3324,-1.17446721,0.309594661
3325,-0.201375663,-1.04456174
3326,0.397601604,-2.84405661
3327,0.758678198,-0.345911622
3328,-0.871626973,-0.618925333
3329,-1.18493521,1.27940226
3330,-0.11513143,0.0577361733
3331,3.11686707,-1.4056567
3332,1.51800179,0.372115195
3333,-1.4667803,-1.07548809
3334,-0.716458082,-0.210477382
3335,-0.18386893,0.466224253
3336,0.39233169,0.422698438
3337,-0.887582839,0.0390003435
3338,-0.401210546,0.0399948955
3339,0.113347962,0.0966212526
3340,-3.05371642,-1.22272611
3341,0.370224923,2.26562023
3342,-1.04517817,-0.804529667
3343,-0.767595351,0.524707317
3344,0.614370644,0.903066993
3345,2.50206304,0.491699755
3346,1.2326194,-1.05395579
3347,2.25860786,-0.708869398
3348,-0.837600827,-0.0216866937
3349,1.80573618,1.64541686
3350,1.08669877,-1.13220537
3351,1.06921017,-0.602017701
3352,0.404618979,0.738830864
3353,2.29902911,3.16585398
3354,0.159560233,-0.462516636
3355,-0.556956708,0.659633756
3356,0.624402285,-0.593855917
3357,-0.383866012,0.200764522
3358,0.550946772,0.3609173
3359,-0.814536393,-1.45641112
3360,-1.16044879,0.339639783
3361,-0.383444279,0.097638756
3362,1.11722982,1.60579658
3363,1.98516655,-0.647496104
3364,0.606372833,-0.0474324487
3365,0.876927257,-0.21252659
3366,0.0201213527,0.676078677
3367,0.740353882,-0.479810148
3368,-1.23000002,-1.16604292
3369,-0.521343529,0.542198598
3370,0.542006016,0.393158674
3371,0.877898812,-2.06927371
3372,0.150087476,-1.29596603
3373,0.287347168,0.276495248
3374,-0.483133018,0.503550231
3375,0.106517807,-1.16233993
3376,-0.766629279,0.0179002844
3377,-1.58350205,-2.56075001
3378,0.867996156,1.12694144
3379,0.628610909,-0.534318447
3380,0.814124048,0.0623823479
3381,0.449977964,-1.58055568
3382,-0.160005569,0.0543795377
3383,-1.20371389,0.52582866
3384,0.37200737,3.75460291
3385,-2.62920141,0.123059265
3386,0.292757779,-0.0603573844
3387,-2.13128638,-1.63903093
3388,-0.534574986,2.33461237
3389,-0.76787889,0.337545872
3390,-1.09891582,0.645157576
3391,-0.459046692,1.60848689
3392,0.290331066,1.40278816
3393,0.857777894,-0.741413176
3394,1.67031801,-0.593509376
3395,0.297167152,0.725256264
3396,-0.732826591,1.54133737
3397,1.75870848,-1.49498546
3398,-0.397733241,-0.114996873
3399,0.488824546,0.954690695
3400,0.0564724356,0.892369926
3401,1.42521954,-1.67193925
3402,-0.135352626,-0.564793348
3403,-3.37151504,-2.10238075
3404,-1.02453005,0.281775624
3405,-0.190327525,0.101104654
3406,0.37630266,-0.148049593
3407,1.19677377,-0.538957179
3408,0.20315513,-1.06360626
3409,-2.53623247,-0.867858112
3410,-0.15233469,-2.62149024
3411,0.274788022,0.787150264
3412,-0.5093804,1.60150361
3413,0.787079155,0.135905132
3414,-1.04505575,-0.741100073
3415,-1.18933547,0.797423005
3416,0.704811573,-0.705952644
3417,-0.00129544653,-0.122166671
3418,0.987326443,-0.597588897
3419,-0.765781283,4.05897522
3420,0.111048214,0.378997087
3421,-1.97027266,-0.718805254
3422,0.299788237,0.0492007621
3423,0.431531221,-0.317029983
3424,-0.0965348408,-0.0714776367
3425,1.09864938,1.10570741
3426,0.819326878,0.101084091
3427,0.83797425,-0.224229336
3428,1.99488842,-1.56323814
3429,-0.364950061,-0.522315919
3430,-0.412957191,2.13366628
3431,-0.513977587,0.615015566
3432,-1.80836511,1.82016683
3433,2.5148294,0.119259104
3434,-0.393856764,0.871256351
3435,0.263140202,1.77310777
3436,1.3961252,1.38887644
3437,1.30059874,-0.52477479
3438,-0.223141462,1.03266871
3439,0.174002528,-0.47049126
3440,2.35682821,0.344503373
3441,0.282329261,-0.102030069
3442,0.872917295,1.32293594
3443,0.771728098,-0.00111536239
3444,-0.435375333,-0.737661064
3445,-0.383551389,0.954865992
3446,-0.311457157,-0.380232841
3447,0.120855011,0.0769483969
3448,-0.340395987,0.225958779
3449,1.46529591,1.83202016
3450,-0.617228985,-0.344245821
3451,-1.42224729,-0.322493255
3452,-1.3352114,0.840098262
3453,-0.14294982,2.35653973
3454,0.477112085,0.135256186
3455,-2.5481472,-0.290822953
3456,-1.32439888,-0.528239131
3457,-0.706813872,0.325723976
3458,-0.161326423,0.0440163687
3459,-1.26585519,-2.46324277
3460,1.23655665,0.926300526
3461,4.23516989,-0.752222002
3462,1.08721256,0.969240487
3463,1.72099602,0.312441856
3464,-4.00596428,0.601623595
3465,-0.255538404,1.30188453
3466,-0.352039665,-1.24684179
3467,1.18467748,0.323334813
3468,1.42170596,0.565202057
3469,0.818350017,0.0436398424
3470,-0.392173618,-0.611528337
3471,-0.251222938,-0.589679778
3472,-0.520841599,1.71106064
3473,0.557149351,0.814848006
3474,0.372072399,-2.76822996
3475,-0.324022263,-2.07654238
3476,-0.36686483,-0.372614354
3477,-0.316185355,-0.0888049528
3478,-0.653951943,0.613233984
3479,-0.929559231,-0.481214643
3480,0.422011435,0.513831258
3481,-0.442952991,0.13617748
3482,0.251700431,2.52435207
3483,1.10136664,0.0182493683
3484,-0.109396785,0.190973535
3485,0.722941875,-1.01327837
3486,1.32528174,0.154713899
3487,0.324007899,-0.255240977
3488,0.425345749,1.51309788
3489,-0.150946721,-0.620547295
3490,-1.2725606,-0.473914087
3491,1.31567097,0.729604542
3492,-1.22406149,-0.0119841713
3493,-0.815149665,0.00839249138
3494,-0.635318696,1.63287055
3495,-1.21936917,-0.686405003
3496,-0.724166632,-3.79357433
3497,0.0262989011,-1.17461836
3498,-0.513439238,-0.392617583
3499,-0.152648672,0.021489324
3500,-1.87538469,0.81348747
3501,0.851255715,0.222710654
3502,1.18156672,0.458919913
3503,-1.37318921,-1.74587393
3504,1.3598882,0.164891228
3505,0.524817884,2.12647605
3506,-1.65802693,2.63254786
3507,0.582614958,0.264418513
3508,-0.0837489069,-3.84946346
3509,-2.37762213,-2.04438853
3510,1.09490895,-0.630023897
3511,0.152287081,1.08194506
3512,1.48673534,-0.511885226
3513,-0.598818183,-0.0167959537
3514,-1.02667439,0.848321438
3515,0.448482007,-1.90326285
3516,-0.298904717,-0.056818787
3517,1.27660966,0.133651748
3518,-0.780149937,0.494848728
3519,0.154800773,1.29671621
3520,-0.744216502,0.24210915
3521,-4.79366589,1.49585569
3522,0.0570568815,-0.796940327
3523,0.143749982,-0.331996769
3524,-0.760181725,-1.27110112
3525,-1.13334918,1.04652619
3526,-0.177067012,-0.410551608
3527,-0.122074209,-0.316964388
3528,2.46914196,-1.58319438
3529,-1.297701,1.07043886
3530,-1.91320431,0.180373579
3531,-0.352035671,1.24183261
3532,1.1486063,2.6451714
3533,1.92881978,0.283333987
3534,-0.57922262,-0.212321624
3535,-1.35362267,-0.436848611
3536,-1.0767622,-2.03622055
3537,0.227169409,-0.499268681
3538,1.33362246,-0.392846495
3539,-0.147166163,0.310826331
3540,0.265961766,0.0448451452
3541,-0.269203007,0.0989573598
3542,-0.725783527,-0.485727876
3543,-1.81126165,1.54924774
3544,2.61357903,-3.20706654
3545,-0.996192217,-0.213094786
3546,-1.06082499,0.327797323
3547,0.0173827317,1.90989816
3548,1.25409913,-0.758115888
3549,2.48612714,-0.866398096
3550,-0.695037842,-1.03022778
3551,-2.30343056,-0.537467599
3552,-0.14242956,-0.32149595
3553,-1.25323164,-0.553164244
3554,-0.370467007,2.2413888
3555,-0.827373445,0.297298104
3556,0.510491431,-0.148586243
3557,-2.03100634,3.64480591
3558,1.20201623,0.0412662141
3559,1.3741262,-0.685810149
3560,4.93609762,-0.401734084
3561,0.961360335,-0.862882912
3562,-0.422007054,-0.394407153
3563,0.147522137,-0.0987574309
3564,-0.295110822,-0.340808332
3565,0.666551173,1.17711961
3566,1.33558369,-0.868411005
3567,0.483247101,1.09562671
3568,-1.8091867,-0.863588512
3569,0.413348585,0.0414957926
3570,0.0626420081,0.303411424
3571,-0.595945239,0.16493386
3572,-0.0964984298,-0.120651141
3573,0.66106528,0.149090335
3574,-0.0227761772,1.82849479
3575,0.391048968,0.331488431
3576,-2.156394,0.974735379
3577,0.241294026,-0.817151904
3578,0.661868155,0.690088332
3579,-0.108200125,0.204809919
3580,0.361584157,0.707835317
3581,2.59593582,-1.17296469
3582,-1.55418468,3.18643618
3583,1.42122471,-2.03483868
3584,0.670321167,-0.17924647
3585,1.30689251,0.681952178
3586,-1.18816304,-2.94641805
3587,-0.206621155,-0.404558331
3588,-0.0922873095,-0.680975437
3589,-1.44576252,-2.51854444
3590,-0.0991950333,-0.157547742
3591,2.0701313,0.389702141
3592,0.833400786,-0.157417998
3593,-0.858481407,-0.304941177
3594,-0.267041832,0.870970368
3595,1.40447795,-0.282110244
3596,0.535286725,-0.36943537
3597,0.718295157,-0.644585788
3598,0.519889057,1.28139353
3599,0.992010951,0.697247267
3600,0.269095302,0.670412362
3601,-0.371108621,-0.0650626123
3602,1.35085917,0.303359121
3603,1.88056791,-0.137008741
3604,-1.14118421,-0.643885612
3605,-1.90445817,0.559252262
3606,-1.79771209,2.55896473
3607,2.39767146,2.38323426
3608,2.0971148,-0.154013887
3609,-1.35336483,1.05149758
3610,-0.227492884,0.465617508
3611,0.616151273,0.953383923
3612,0.331177205,-0.302984565
3613,-0.552336395,2.43757486
3614,0.454883724,-0.046221029
3615,-0.7995314,-0.583561957
3616,-0.370024502,0.151525334
3617,-1.47651947,-2.35742831
3618,-0.383151501,0.256855577
3619,-1.597381,1.42674124
3620,0.0747191533,0.776771724
3621,1.35308397,1.39037108
3622,-0.588683009,0.352698773
3623,-1.48229754,0.441420883
3624,-0.69107908,-1.09827602
3625,0.148383304,2.07749009
3626,1.10466242,0.75967294
3627,-0.468864083,0.102398723
3628,0.411916196,-0.0773288831
3629,-1.33522356,-0.877429426
3630,0.843220711,0.0135001261
3631,-0.359555393,-1.36996639
3632,-0.633545578,2.01082301
3633,-1.16984046,2.7720902
3634,0.747539937,0.227100685
3635,0.972847521,0.414595991
3636,-0.010060288,0.175714016
3637,1.91455817,3.69492149
3638,-1.22436857,1.45792305
3639,-2.50570107,1.218575
3640,2.61035204,-1.07417583
3641,-2.81167126,0.00491329422
3642,-1.02076364,-0.0378923491
3643,1.477718,0.890818536
3644,2.6072886,-2.66876626
3645,0.459741354,-0.118818872
3646,0.467149228,0.465462416
3647,-0.726394832,-1.70191312
3648,-0.3721174,-0.18369098
3649,0.314360768,-0.349138618
3650,-0.531575143,-3.33629632
3651,0.329104573,-0.532930195
3652,-3.27312803,0.480292976
3653,-0.648610234,-0.615365207
3654,-0.174350053,0.813654482
3655,-0.0945956782,0.696687222
3656,-1.46407449,-1.84404361
3657,0.101402819,1.31881452
3658,0.177276447,0.116324946
3659,-0.821635306,0.482630491
3660,0.690615535,0.785160542
3661,0.455938935,0.381382972
3662,2.83711314,-0.0436390229
3663,-0.550965846,-0.115513273
3664,0.0466725901,-0.221227154
3665,0.490874976,0.191999331
3666,-0.245891511,-0.159295186
3667,0.697147787,-1.01711047
3668,-0.481801808,-0.660942793
3669,0.827381909,1.38790166
3670,1.36274469,-0.648925543
3671,0.989926159,0.458341032
3672,-0.575377345,-1.12431455
3673,0.64955312,0.377548277
3674,-0.00573326182,1.36498845
3675,-1.55875814,1.88839948
3676,-1.68440902,-0.403968036
3677,0.784422576,-0.893781185
3678,1.24102092,-0.651462734
3679,-0.839804411,-1.02527893
3680,-0.49178648,-1.77639484
3681,-0.924698889,0.923403859
3682,0.552589357,-0.110449098
3683,0.207026199,0.440373451
3684,-1.1218375,-0.456080228
3685,-1.83097744,-1.69888294
3686,-2.23295212,-0.515142918
3687,1.60873795,-0.902657449
3688,0.788230658,-0.173579723
3689,0.114249229,-0.999680221
3690,-0.0549273528,0.298134476
3691,0.561254799,-0.157226786
3692,-0.327031195,0.364430696
3693,-0.190148637,0.0339172892
3694,-2.29744411,-0.0396374986
3695,-0.719442248,2.40126395
3696,0.1319796,-0.903351903
3697,-1.3559171,0.50002563
3698,-0.144406423,-0.138888761
3699,0.298739254,-0.0327587649
3700,-2.59448266,-1.01963747
3701,-0.106280372,1.65254366
3702,1.18584108,-0.671058118
3703,-2.34997272,2.48533487
3704,3.02212787,-3.55346704
3705,1.39633024,2.18110919
3706,-0.461780787,0.555137455
3707,-0.466630131,-0.577475011
3708,1.08272636,-0.525235116
3709,-1.17123103,-1.70126271
3710,-1.45487726,-0.924249947
3711,1.0724647,-0.389987141
3712,0.838551879,-1.18169463
3713,-0.17844376,-1.21748602
3714,1.21714377,-0.677908063
3715,1.16761947,1.44775021
3716,0.778717816,0.0244123265
3717,0.770630598,-1.15137029
3718,-2.63092017,0.94212389
3719,1.64646018,-0.0577064604
3720,0.225099921,-0.454602778
3721,2.04609489,1.01700103
3722,-0.525592327,0.312614381
3723,-0.914720476,-0.419186532
3724,1.16266429,0.726063371
3725,0.16725105,-0.0502784029
3726,0.201309472,-1.48935544
3727,-0.437180251,-0.428080916
3728,-0.645308852,0.205282226
3729,-2.39962459,1.79102695
3730,0.131036475,0.589266658
3731,-0.394871682,-0.721230805
3732,-0.756046832,0.888548851
3733,1.7364285,-1.35057402
3734,-0.579001963,-1.25151467
3735,-0.730741262,0.646370888
3736,0.334369332,-0.942069292
3737,-3.29608345,-0.911100268
3738,-0.591573536,-0.00922202971
3739,-0.659773171,1.74614561
3740,1.20209932,0.257902741
3741,-0.238765836,-2.05982399
3742,0.156710207,-0.0214783847
3743,-0.349445671,0.750112951
3744,-0.432992488,-2.49289656
3745,1.00788283,-1.32323098
3746,-1.91348612,-2.76879025
3747,1.11003244,-0.614887953
3748,-0.768455327,0.130806774
3749,-3.37089801,0.774138451
3750,0.724064648,4.98988819
3751,0.489321768,-2.41809988
3752,0.132030576,0.23108688
3753,2.36483002,-2.09332228
3754,-0.698464096,0.307972312
3755,-0.123020306,0.115486398
3756,-0.0173168108,0.303282887
3757,1.26794457,0.685122132
3758,-0.898725867,1.40075111
3759,-0.777689099,-3.12110853
3760,-1.35282004,-2.11895514
3761,0.666920006,0.764730811
3762,1.13427317,0.614574373
3763,-0.0457597375,0.594611645
3764,1.16813326,1.03662837
3765,1.34236634,0.0305240657
3766,-0.123604164,0.967078209
3767,-0.363394529,0.121250652
3768,0.857231796,-2.4142251
3769,0.85653919,1.28825438
3770,-0.209084377,0.523432195
3771,-0.462838173,-1.88999724
3772,-0.450852454,0.771404266
3773,0.610143065,-1.43878281
3774,2.28839707,-0.320628285
3775,0.0143209565,-1.6704936
3776,-1.75151861,0.946695089
3777,-2.24803829,0.0903989524
3778,0.222086281,0.0107110105
3779,0.65469712,-1.86396241
3780,0.0581673458,2.92419863
3781,1.33859956,0.796580732
3782,0.546453595,-0.750907362
3783,-0.411882609,1.04033935
3784,-0.590281487,-3.02002096
3785,0.0573942177,-0.268072277
3786,0.276355654,0.865836799
3787,1.13504386,-0.588271797
3788,-0.984400272,1.03076506
3789,-2.16303587,-0.517071903
3790,-0.0951307639,-1.89703751
3791,-0.189618006,-0.428581446
3792,-3.68985748,1.26551354
3793,-0.0155547969,-1.16384923
3794,1.78282177,1.88921666
3795,-0.264743596,1.24014366
3796,0.0315420851,-0.269436717
3797,-0.223984838,-0.13617669
3798,-1.0665493,0.535991967
3799,-0.900219619,0.593540013
3800,0.667131066,-1.99519849
3801,1.32496989,-0.416132599
3802,1.33667982,1.03342414
3803,1.78508806,-0.894429803
3804,-1.4637506,0.590947866
3805,-2.18124199,1.01262128
3806,1.54316473,-0.380105168
3807,0.196347356,0.681793094
3808,1.48595071,1.2203728
3809,-2.14414811,-2.78176618
3810,-1.94668293,0.249639899
3811,0.585603952,-0.349460959
3812,0.847399473,-0.404764444
3813,-0.851664901,0.211672574
3814,-0.35837701,-1.6905297
3815,0.64131397,0.0538103245
3816,-0.663637519,-1.20994067
3817,1.58280182,0.203934193
3818,0.335886359,-0.311681211
3819,0.0269374736,1.48315048
3820,-0.719604373,-0.292760164
3821,0.158617243,-0.511069834
3822,-1.11971831,-2.19233871
3823,0.344460994,-0.810657024
3824,1.1304704,0.0311703477
3825,-0.0204655584,1.29434144
3826,-0.171467394,0.253752679
3827,-0.911231399,0.31536898
3828,0.551677525,-0.746277511
3829,-1.26625741,0.0156016769
3830,0.825166941,1.73021853
3831,-3.1928463,1.69880521
3832,-1.05053496,-0.354552776
3833,-0.169292241,-0.405990779
3834,-0.145793945,-0.0417032428
3835,0.0664773807,-0.325067759
3836,-0.23471427,0.360792577
3837,0.349845558,0.101044588
3838,0.378627628,0.132348821
3839,0.0851378664,0.547956288
3840,0.118029185,0.258976877
3841,2.08671498,1.85572624
3842,-2.79652977,-1.76889753
3843,1.37979817,-1.16398501
3844,-0.0587894246,0.694462001
3845,1.04537606,-1.49029362
3846,0.62744391,-0.214002624
3847,0.427170604,0.868004739
3848,0.217843622,1.56597161
3849,0.569629371,0.0449223071
3850,-0.598053157,-1.18498313
3851,0.707741499,-0.661813557
3852,-1.39598179,0.20373787
3853,0.622334957,-0.809273601
3854,-0.478528142,2.23990369
3855,-0.984541416,0.521014631
3856,0.443577081,0.224061146
3857,1.39159834,1.26405168
3858,0.646270573,-0.938703001
3859,-2.05757713,0.0551427193
3860,0.694541812,-0.197301075
3861,2.64502358,2.89596677
3862,1.46876538,2.06555152
3863,-0.0169781242,-1.57110286
3864,1.37485576,-1.38063455
3865,-0.342206955,1.44090295
3866,-0.114637695,-0.0977498665
3867,-0.175747037,-0.179745227
3868,-0.890551746,0.966404617
3869,0.991902411,0.393533647
3870,1.37460065,0.225807741
3871,-0.119180165,2.17447376
3872,-2.22807837,0.838493705
3873,-0.553477824,-1.18681395
3874,2.78305292,-1.48798943
3875,-1.32584393,0.380641758
3876,-0.170819148,0.0138584347
3877,-0.441882312,0.174280301
3878,2.04746413,0.247822344
3879,-2.60166383,-0.213479236
3880,-0.90233475,1.34060049
3881,0.140116975,0.493249178
3882,0.509003937,-1.03614128
3883,1.5967778,-2.24193001
3884,0.499388725,-1.82060003
3885,-0.1381291,0.0341478474
3886,-1.7645762,-0.135265276
3887,1.18331778,-0.351362079
3888,0.916986048,1.50459981
3889,-0.603518605,0.656591475
3890,-0.58907485,1.8802501
3891,0.753374159,0.924621761
3892,-1.44145834,-2.10043764
3893,-0.841552794,-1.65515018
3894,-2.16204238,0.559263468
3895,-0.323887467,-0.184585184
3896,-1.39478743,-0.353366107
3897,-0.397786915,1.30285215
3898,-0.580379248,-0.914015174
3899,1.46342814,0.666978478
3900,-1.793697,-1.20991266
3901,0.561458588,1.58182859
3902,-1.42021191,4.1658392
3903,1.01352644,-1.36881137
3904,-0.501931965,0.164579675
3905,0.45683077,-1.93933308
3906,-0.221548975,-0.0929547399
3907,0.0833805129,1.2732681
3908,0.308514625,1.14815152
3909,-0.898690999,-0.000858964107
3910,-0.967378199,-0.732872844
3911,-0.640555024,-1.61373508
3912,-0.820334315,0.0625395179
3913,0.82064712,0.462101251
3914,0.0257329047,-0.418295771
3915,1.18749809,0.621514797
3916,1.80651033,-1.78835928
3917,0.0419542193,-0.436326623
3918,2.5880332,1.7650212
3919,-0.190815017,-0.798157454
3920,1.13942528,1.98902428
3921,-1.47529328,-3.09239578
3922,1.54814804,1.67005289
3923,-1.12918782,0.0216657463
3924,0.848235965,0.598446429
3925,0.146225408,-0.532486677
3926,0.0111475745,0.467769861
3927,0.346697092,1.14684892
3928,-0.516944408,0.081221059
3929,0.6348961,1.65302181
3930,-0.698095977,-1.29165697
3931,1.22150779,-0.499551922
3932,-2.14027786,0.743747711
3933,-1.74360895,0.954050064
3934,-1.02033174,-0.757894754
3935,0.204543948,-0.631600082
3936,-0.25110358,0.879103959
3937,0.53347218,-0.235590994
3938,-1.64985287,-1.34936166
3939,-0.16701287,-0.0711766183
3940,-0.687737644,-0.800661385
3941,1.67341816,-0.1268906
3942,1.12757421,1.39714253
3943,0.841880739,-2.34784627
3944,0.665468395,0.0428025499
3945,0.122199528,1.03006351
3946,0.801942527,-1.09331393
3947,1.29243004,0.999755979
3948,-1.31183445,2.67035437
3949,-1.3957355,-0.040125452
3950,-0.56143558,1.22329235
3951,-0.402894348,-0.134257331
3952,0.97682327,0.933680892
3953,-0.298124403,0.931886196
3954,-0.298035383,0.580804825
3955,2.35839367,-2.47053528
3956,0.239712387,0.0510327928
3957,-1.1749047,-2.46689558
3958,-0.670038283,1.34426236
3959,-0.852149487,0.0392820202
3960,-0.573265016,-1.10238636
3961,-0.517908692,-0.286705703
3962,-0.709007561,-0.785648525
3963,-1.84437954,0.60771817
3964,0.455123276,-0.920495927
3965,1.41385674,-0.295209318
3966,1.04684961,-2.13790059
3967,0.0697207451,2.17962623
3968,0.590984106,1.31968117
3969,-0.936908662,2.50506735
3970,-0.0355451591,1.76551557
3971,-0.257368028,-0.501470745
3972,-0.298617333,-1.40630209
3973,0.868581235,-0.0224531163
3974,-0.225917086,1.39184308
3975,-0.428654075,0.24081187
3976,-1.31268096,-1.95644975
3977,0.272610813,0.462371141
3978,-0.82857728,0.417011172
3979,0.888376594,-1.7527293
3980,-0.245344475,-0.178384736
3981,-0.197714895,-0.511716545
3982,-1.52473974,-0.685614049
3983,-0.196417212,-2.75709057
3984,1.76927459,0.0867354423
3985,-0.194608241,0.235737726
3986,-0.15685685,0.861678779
3987,1.44308317,-1.19915199
3988,0.0229621138,-0.217113689
3989,0.199376777,-0.16470997
3990,0.731063604,-1.56948519
3991,0.313438654,-0.493718207
3992,-0.108994253,0.309470356
3993,-0.105815984,0.594296455
3994,-1.08070755,-1.51113081
3995,0.271131277,0.242572188
3996,0.163282827,-0.0239421986
3997,-1.968629,-0.376418889
3998,-2.14866781,-0.00437598024
3999,-0.614005804,-2.18430257
4000,-3.05016255,-3.81476569
4001,0.531341672,0.758963764
4002,-0.0461715348,1.96762729
4003,-2.29799175,-0.653836131
4004,-0.471311808,0.458950788
4005,0.866994202,2.04354835
4006,-0.0117252981,0.0625191629
4007,-1.00508261,0.516305029
4008,-1.99824333,0.814173758
4009,-1.93763733,0.469593167
4010,-1.08201528,0.41876778
4011,1.14265382,-0.149348199
4012,-0.0740063787,1.02882218
4013,1.34561098,-0.749313951
4014,-0.0674317628,-0.574155688
4015,0.840911925,0.614649892
4016,0.507638097,0.0663465038
4017,-0.464490622,0.173001438
4018,1.06323922,-0.736123323
4019,1.51092637,0.625345945
4020,1.43323302,-1.39266264
4021,-0.964733958,-0.109621309
4022,1.099684,0.0755576268
4023,-0.100910723,-2.93008733
4024,0.536709011,-1.10171759
4025,-1.07958579,0.871404827
4026,-0.0503717475,0.803778052
4027,-0.827772677,1.05104566
4028,-1.48632491,-0.00875826739
4029,1.024598,-1.82048309
4030,-1.3755703,2.54951739
4031,0.376295894,0.243864551
4032,0.368567288,0.0804124773
4033,-0.767702162,-0.0650585368
4034,1.18595815,1.71566463
4035,0.542572677,2.13363218
4036,-0.373930663,-2.12336087
4037,0.158286452,0.640944421
4038,-0.862381637,-0.0714554042
4039,0.379372329,-0.309996873
4040,0.293410242,0.950499713
4041,1.51537538,1.30048776
4042,3.11098957,-1.1546768
4043,0.209009677,-0.684993386
4044,-1.53693604,-0.738913476
4045,2.06273746,0.242186978
4046,0.209365338,0.551352382
4047,0.642158628,-0.57288748
4048,0.798573673,0.185776293
4049,0.125742212,-0.0987261385
4050,2.12433481,1.53549302
4051,-0.700131953,2.50178194
4052,-2.14649844,1.07163179
4053,0.665534437,1.49768996
4054,-1.81055009,-0.240599617
4055,0.79527843,0.468845308
4056,0.683701634,-0.974782526
4057,-0.0620402135,0.819584429
4058,0.50133276,-2.08405113
4059,2.0635469,1.0806489
4060,0.715864778,0.0914046243
4061,0.558535874,-0.0857199803
4062,-0.446816891,0.296331346
4063,-0.533396006,0.625123143
4064,1.64511847,0.091278933
4065,0.449526608,-0.347151101
4066,0.0143663501,-1.56692588
4067,-0.111353464,0.707159936
4068,-1.10068834,0.378874779
4069,0.199241996,1.18749261
4070,1.72143745,-0.215767413
4071,0.321243405,0.582705677
4072,-0.296109527,-0.572541893
4073,-0.209169552,0.554406226
4074,-0.114093207,-1.14460647
4075,1.26089048,-0.45315969
4076,-0.284322321,0.0946271792
4077,-1.95160925,-0.253166556
4078,0.748611152,0.943787396
4079,-0.591759324,-0.777313888
4080,-1.26326096,-0.510350168
4081,-0.391530395,-1.03087938
4082,-1.60617292,-1.15165019
4083,-0.703129888,-1.07034981
4084,0.329324096,-0.0415410697
4085,0.305182785,-1.46853507
4086,0.220883355,0.131715029
4087,-0.434210837,1.7285862
4088,-0.0138491718,-0.352449656
4089,-0.388107717,0.175613195
4090,-1.18268776,0.745029211
4091,-0.893093944,-1.57822907
4092,1.54955554,-0.271293998
4093,-0.0297048111,-0.170737177
4094,-0.520947278,0.0444395319
4095,-0.161073908,-0.130120113
4096,2.42740846,-0.900857508
4097,0.925030351,-1.35562253
4098,-0.622817099,1.09245718
4099,1.45397544,0.973190427
4100,2.73570251,-1.47896171
4101,-1.06578457,-0.62292105
4102,-0.827165961,-0.49151817
4103,-1.33475208,-0.853038192
4104,2.79849863,1.27771306
4105,-0.472970307,-1.27426136
4106,-0.58819747,-0.358798712
4107,-0.407538056,0.195109576
4108,0.39850679,-0.247743994
4109,-1.25846303,1.10681808
4110,0.239121333,-0.164859653
4111,-0.484266937,-0.207277834
4112,-1.84533763,2.31903696
4113,-0.985340536,-0.971594512
4114,1.71482062,1.24024713
4115,1.69727862,2.04094481
4116,-0.112276822,-0.148159936
4117,-1.18808746,-0.631455719
4118,0.243309245,2.57091355
4119,0.624899566,0.448991448
4120,0.143938646,-0.177749649
4121,0.848705709,1.45674789
4122,3.24864054,-0.822211206
4123,-0.343792289,2.96424341
4124,1.32736194,-0.273280054
4125,-1.38753736,1.69577742
4126,-0.132958174,-0.840672076
4127,1.69687879,0.617321849
4128,0.516546786,1.57242596
4129,0.282066822,1.04902077
4130,2.15784645,-1.57862341
4131,1.11769533,-2.26520944
4132,1.0149076,-0.0138837043
4133,-1.01528049,-1.03612483
4134,0.950197279,1.18398309
4135,-0.729340374,-0.32756424
4136,-1.66067052,-0.0014230283
4137,0.997057021,2.19672275
4138,0.0838454664,0.204187512
4139,-1.82757354,-1.6869992
4140,-0.351412594,3.32148218
4141,-0.600227654,-0.560755849
4142,1.19569385,-0.137528017
4143,0.509841502,-1.22022772
4144,0.180695564,-1.30456853
4145,0.0915983468,-0.0820737556
4146,-1.46513677,1.1651901
4147,-0.6869452,-0.720679224
4148,0.235139951,-0.624308705
4149,1.68553865,1.01004803
4150,2.03282714,0.123663664
4151,1.61657465,-1.4051609
4152,0.96006465,0.600072086
4153,0.135857329,0.349410325
4154,2.0656476,-1.15015829
4155,-0.840797842,1.37366843
4156,1.18653429,0.0266390145
4157,0.005144733,-0.239877999
4158,0.465098888,1.45702279
4159,-0.393692791,0.249080017
4160,1.49760234,1.04450417
4161,-0.722716451,-1.12094796
4162,-0.724324822,-0.175996467
4163,0.183272541,-1.42643261
4164,-2.12544084,3.39912486
4165,0.49621737,-0.203839287
4166,1.11667359,-0.0914763436
4167,-0.5257954,-1.75476134
4168,1.30837202,2.14459133
4169,0.296173066,-1.06673956
4170,1.07674861,1.12474668
4171,-0.804652691,-0.316168934
4172,0.629773796,-0.73698169
4173,0.402770936,0.712876916
4174,0.166299149,-2.13912225
4175,1.66303992,-0.775274098
4176,0.174801841,1.04224384
4177,1.80640185,-2.58167386
4178,-0.358208567,-0.674337089
4179,-0.14297381,0.167598724
4180,0.691584706,-1.3371861
4181,1.46400499,-1.86557841
4182,-2.80078554,-1.41847682
4183,0.65314585,0.732647538
4184,0.248764977,0.476613045
4185,-0.11552234,-0.00798020791
4186,-0.399908423,-1.21969128
4187,-0.111054175,2.72474194
4188,2.2273407,1.26686072
4189,-2.0290246,-2.88698983
4190,0.159834713,-0.0305569973
4191,-1.03524017,-1.22734571
4192,0.536408663,0.680003166
4193,-2.40359092,1.33126676
4194,-1.27817678,-0.21724315
4195,-3.19225311,-0.829679251
4196,-0.897556603,-0.80102855
4197,0.963714421,1.2297833
4198,-1.99846518,-0.944402516
4199,-1.92166626,0.0705788955
4200,-0.923889399,0.129630879
4201,0.40860495,-0.809864163
4202,1.42126822,2.13352036
4203,-0.368001819,1.44926596
4204,0.310486108,-3.56061959
4205,-0.726377666,-0.133968949
4206,1.17130053,-1.2542206
4207,-0.0531654842,1.15213096
4208,-0.561142564,1.16178823
4209,-0.481118768,-0.583842039
4210,0.877333224,0.374805957
4211,-0.168760866,0.81054467
4212,2.015486,-2.22315741
4213,-2.54247379,1.54098368
4214,-0.0366678238,-0.245819464
4215,0.918274581,-0.98702687
4216,0.26929915,0.935083628
4217,-0.876913488,0.551051259
4218,3.56123257,0.416146696
4219,-1.06173933,1.39667106
4220,0.748578966,4.90258932
4221,-0.137583002,0.700807631
4222,-0.869003356,0.353097349
4223,-1.01142621,-0.375642389
4224,-0.981868684,0.625031948
4225,0.375152856,-1.30900478
4226,-1.12950826,1.11563587
4227,0.426143765,-0.100416847
4228,1.83334398,0.883992136
4229,0.16198495,0.0102109294
4230,0.143223107,0.169478387
4231,2.39640975,-0.220846355
4232,-0.0529071949,0.113008983
4233,-0.556689799,-0.652559698
4234,-1.48374653,1.55287099
4235,1.15002799,-1.33059216
4236,-0.170909181,0.189257383
4237,-0.893958092,-0.457194746
4238,-0.313515216,2.02449369
4239,-0.163420379,-0.351102442
4240,1.71045613,-0.69943434
4241,0.196739241,2.072644
4242,0.226982549,-1.37593877
4243,-1.09443617,-1.29384816
4244,0.61990124,-0.240725651
4245,-1.08504844,0.167239666
4246,1.36405313,-0.107088313
4247,0.645518661,-1.37741613
4248,1.95839858,2.00645804
4249,-1.67626464,-1.7900697
4250,-0.171316952,-0.117138959
4251,-1.47465122,0.754671037
4252,0.220251188,0.0983869582
4253,0.282788575,-0.108403392
4254,0.449775577,-1.11699331
4255,0.153267652,1.6745646
4256,1.23863518,0.487932146
4257,-2.8864882,1.86987257
4258,-1.29533315,-0.948544025
4259,0.835921645,1.08254623
4260,1.10646832,0.507119
4261,0.111198723,-0.21951437
4262,-0.576484263,0.130227044
4263,-0.821181774,0.139366686
4264,-0.846302032,1.05563605
4265,-0.751816094,1.22765124
4266,-0.5329445,-1.60532343
4267,-2.73938489,-0.0736193806
4268,2.57557631,1.63000548
4269,2.03588486,-0.736082554
4270,-0.550805271,-2.09800696
4271,-0.164527759,-0.170112789
4272,2.07650113,0.0537131354
4273,-0.649437964,0.68021214
4274,0.31195724,0.488255709
4275,3.03924417,3.28018236
4276,1.06828749,0.984146714
4277,-0.646569133,0.365287423
4278,-0.471272796,0.844937682
4279,-0.390308082,-0.341237485
4280,0.328069955,-0.908725142
4281,1.32179618,1.11133564
4282,0.348544508,0.104427107
4283,0.358173221,0.251542538
4284,0.536996901,-1.51040351
4285,-0.562406659,-1.51029825
4286,1.7034812,-0.829568982
4287,0.972287655,0.224203303
4288,0.44777602,-0.0514677763
4289,0.157290563,-0.0658931136
4290,1.74818945,1.73517263
4291,-2.16639113,0.663514137
4292,1.06733799,-0.84259218
4293,-0.149981514,0.14624536
4294,-1.89223027,-1.18084145
4295,2.61202335,-2.47100639
4296,1.49647021,-0.156633154
4297,0.840430439,2.28086329
4298,-1.65763545,0.894277394
4299,0.248555779,0.872823596
4300,-1.21993983,-0.719505727
4301,-0.256892443,-0.942197978
4302,-0.0632773936,0.124947786
4303,0.538058341,1.43194771
4304,0.384520531,2.08642888
4305,-0.700098217,1.87209606
4306,1.71385443,0.586231589
4307,-0.66284138,0.109361365
4308,-0.0260442346,-0.286577612
4309,-1.56274343,0.168601826
4310,0.783455372,1.15385473
4311,-0.288692892,0.682973444
4312,-1.65005577,0.635188639
4313,0.923702896,-0.824742734
4314,0.332860619,1.82174516
4315,0.890054643,-0.958918333
4316,3.19073677,-1.9947207
4317,0.368436396,-0.199329019
4318,1.93379343,-0.35468775
4319,0.428963572,-1.13701499
4320,-0.779579759,-1.30835915
4321,-0.779307783,-0.634120524
4322,0.274447411,0.478061169
4323,0.156848952,-0.200460762
4324,-1.77997899,0.44858405
4325,0.0794151425,0.180803046
4326,1.6526649,-1.19044447
4327,-0.251176387,1.33209348
4328,0.0268765502,2.73292398
4329,-0.409228384,1.69118547
4330,1.66814113,0.00365557265
4331,0.844846189,0.245829299
4332,-0.901023388,0.323977679
4333,-0.922231972,-0.195110008
4334,-1.23467124,0.796648026
4335,0.325116038,-0.227736384
4336,2.48331881,0.0367154181
4337,-0.969852507,-2.13144422
4338,0.170391977,-0.143280596
4339,0.0497571155,0.575600922
4340,0.980882168,0.740538716
4341,1.43695402,-1.78704762
4342,-0.90571171,-0.122042246
4343,-0.157026544,-0.321318418
4344,0.0310381204,-0.509640217
4345,0.0424036905,0.639125764
4346,-1.24664164,-1.27767813
4347,-0.740534782,-0.0253716856
4348,-0.280497789,0.224522322
4349,-1.84760976,-0.0550827608
4350,-0.621842325,-1.07665515
4351,1.24714637,-0.154565096
4352,1.30292702,-1.32342613
4353,0.28176254,0.903038204
4354,1.8197037,0.323685825
4355,-0.0631106719,-0.172725037
4356,-1.96858203,0.517835617
4357,0.116787419,2.19386244
4358,-0.71707958,-0.257764727
4359,0.153484017,0.0708706677
4360,-2.50006747,-1.73096502
4361,-0.966868281,2.88991404
4362,0.0681251213,-0.143226713
4363,0.366706878,0.213001639
4364,1.15776503,-0.593992531
4365,-0.478329509,0.494418621
4366,0.00440473994,-1.97215593
4367,-0.715588152,1.09653187
4368,0.465794891,0.62949264
4369,-1.12513268,-1.26799083
4370,1.9230237,-0.557917118
4371,0.326867819,-0.429895848
4372,-2.07817101,-1.85013866
4373,-1.32250595,0.0422360897
4374,2.9627552,-1.11423469
4375,-0.359780282,1.25102079
4376,0.18178682,0.321182936
4377,0.186050698,0.773064733
4378,-0.453557253,0.90461421
4379,-0.307933301,-0.789937377
4380,-0.107809968,-2.40684748
4381,-1.45236194,1.43645167
4382,0.921584845,0.979324877
4383,2.37743449,3.13003755
4384,-0.394716263,-0.170749441
4385,-0.557526469,0.449318856
4386,-0.106467344,-0.636771739
4387,0.218374833,-0.802201807
4388,-0.483051568,0.289680332
4389,1.35845017,-0.23146899
4390,1.02253902,3.37756681
4391,0.397989899,-0.141616464
4392,0.156627238,0.908505201
4393,0.596292794,0.781263828
4394,1.67288196,-1.83008182
4395,0.0866888538,0.266483098
4396,0.561490178,-0.550434113
4397,-0.0932107493,-0.284338385
4398,-0.420853168,0.436692387
4399,0.650069594,0.962678313
4400,0.401619524,0.409588158
4401,0.113398962,2.02477694
4402,-2.10357046,0.0943081155
4403,0.300294369,3.49674058
4404,-0.619790971,0.472061247
4405,0.0737962201,-1.06256723
4406,-0.854989946,-0.918684065
4407,-1.04024482,-2.51435947
4408,-3.15090799,-2.60495424
4409,-0.253900379,0.569064319
4410,-0.161115751,-0.859206736
4411,1.54262912,-1.04585838
4412,0.265938908,0.800314903
4413,0.0290316287,-0.359141111
4414,-2.49455428,-0.333484679
4415,0.202153668,-0.0683210269
4416,-1.75528049,1.97009993
4417,1.3315562,2.86987019
4418,-0.0872469097,1.28778875
4419,0.907391369,0.129173964
4420,-0.296564937,-1.40136874
4421,0.485307306,-0.805866957
4422,0.843375683,-0.57205373
4423,-2.28870487,-0.990161359
4424,-0.174955845,-0.416429609
4425,-1.0187571,-0.0340814367
4426,-1.415923,0.386052132
4427,-2.49634433,0.37191236
4428,-0.566320956,-0.820569456
4429,-0.96135807,0.402606517
4430,0.242036,-0.223600283
4431,0.791166365,0.198910818
4432,-0.577243984,1.70091653
4433,0.0698216632,-1.65242898
4434,0.432718158,-2.46804333
4435,-0.70451051,0.960439324
4436,-0.387134165,-0.197324395
4437,0.193663642,0.0723586679
4438,0.491014868,0.705759823
4439,-1.076478,0.530856848
4440,0.51228857,0.938636303
4441,-0.491743237,-0.978236794
4442,-2.57334256,1.5191021
4443,-0.408994466,-0.441070199
4444,-1.23841119,-0.580440044
4445,0.252604455,-0.180378973
4446,-0.506767869,0.151903495
4447,-0.26420185,-0.00750306714
4448,1.2305814,-1.50301397
4449,-1.73889637,0.878120601
4450,2.62675285,0.75169456
4451,0.563860774,-0.643015385
4452,1.74222744,1.63997936
4453,0.212290198,-0.389728785
4454,0.184895813,0.359585017
4455,1.11637831,0.294170558
4456,-0.377746463,2.13243699
4457,-0.231295839,-1.93082452
4458,0.0895603299,-1.11656594
4459,0.424987346,1.56646812
4460,-0.131391302,-1.77795911
4461,-1.46044195,-0.94748646
4462,-0.156061307,2.26029921
4463,2.02195477,0.011268585
4464,-0.540770173,-1.64456213
4465,-1.1564039,0.35139659
4466,0.198116615,0.0210203044
4467,0.0922487751,1.27400708
4468,-0.0547099113,0.031418357
4469,0.69772917,-1.24330652
4470,-0.201774314,0.0517408289
4471,2.49175191,0.461961627
4472,-0.34520188,0.938138127
4473,-0.0601519048,0.170250252
4474,0.151103213,-0.0890529901
4475,-0.587400079,0.712626517
4476,-0.0148530426,0.232274935
4477,0.802188098,-0.728223741
4478,-1.16896188,0.731632233
4479,-0.785167992,-1.43024826
4480,0.676678956,0.39324522
4481,-0.835743785,-0.632499218
4482,-0.177684978,0.390227377
4483,0.0742348582,1.64156032
4484,0.00894938502,-0.165595859
4485,0.564117134,1.29373932
4486,0.0900852755,-1.62302446
4487,0.360748023,2.42297387
4488,-1.07503581,0.191423208
4489,0.172079787,-0.412198037
4490,0.671814978,0.93817836
4491,0.96795696,0.452558249
4492,1.04488647,-0.228155211
4493,2.72019291,-0.524799407
4494,0.721122861,-1.50248122
4495,0.100215845,-1.34250653
4496,0.486386299,0.56077081
4497,0.255701512,-1.19238591
4498,0.249139458,-0.83101058
4499,-2.59190607,2.47673178
4500,0.469933361,-0.720707357
4501,-1.18264782,2.00328279
4502,0.17246525,-2.0130477
4503,-0.364758164,-0.191558614
4504,0.564630449,1.56369674
4505,-1.70158875,0.1961568
4506,0.0263516586,-0.932955384
4507,-0.854287803,-0.0325026326
4508,0.575125933,-0.391761899
4509,0.890449822,0.0366867073
4510,-0.551815152,-1.03291166
4511,0.645219505,0.508600056
4512,1.13898635,-1.06528425
4513,-0.113904439,-0.245346352
4514,2.11481285,-1.17111516
4515,-3.33865714,-1.26252317
4516,-0.14337264,0.126073688
4517,0.845372081,0.233632967
4518,-0.196443722,0.106497139
4519,-0.187662631,0.0426957682
4520,1.907529,0.045416832
4521,-0.280520558,-0.698815763
4522,-0.0293300953,-0.185544565
4523,0.185786769,0.0443504788
4524,2.08156466,1.79280818
4525,-0.466178834,-0.497930288
4526,-0.568287551,-1.94689167
4527,-2.14052105,2.1269412
4528,-1.56540442,-0.360213965
4529,-0.627039611,0.118659653
4530,-1.91410613,1.27813411
4531,-0.360126823,0.208166078
4532,0.391210705,-1.22430158
4533,-0.606789052,1.40340757
4534,-0.166219354,-1.17125797
4535,-0.601236761,0.811989009
4536,-1.12308645,0.368211836
4537,0.0584836602,0.459969997
4538,-0.774148047,-0.691837013
4539,0.0863289759,-1.36987746
4540,0.719925404,-1.21234584
4541,0.193293646,-0.182614997
4542,0.703381598,-0.392217517
4543,-0.29896602,-1.76876831
4544,-0.825622618,1.38062727
4545,-0.238170281,0.196692333
4546,-1.68608713,2.10134745
4547,1.76523459,1.70772302
4548,0.380009681,0.244632572
4549,-0.03850298,1.27093279
4550,-3.40321398,-0.674550056
4551,0.441810668,1.51086569
4552,0.149936303,-0.763931155
4553,-3.66776848,-0.857422829
4554,0.951090932,0.109893396
4555,-0.959319532,0.540920198
4556,-2.42517567,1.55508697
4557,2.77742314,-1.3210659
4558,1.08407414,-0.243156582
4559,0.490697801,0.196349099
4560,0.784608066,0.403321475
4561,-0.83407557,0.59406054
4562,0.699541807,0.00213779928
4563,-0.150744841,1.01191044
4564,-0.530296683,1.6200633
4565,-1.01881802,2.42680883
4566,-0.579312921,-1.39249015
4567,-0.167455316,-0.187550902
4568,2.97443032,-0.719220877
4569,-1.89603746,-1.50798666
4570,-1.7151984,-0.244131282
4571,-0.339027494,-0.359291911
4572,1.17194784,-0.554312587
4573,-0.606972456,0.284784049
4574,1.14284265,-0.891832471
4575,0.228394657,0.0556534082
4576,2.56076241,-0.278212517
4577,-0.234564602,-2.03600025
4578,-2.21343875,0.832375467
4579,0.680243611,-1.11469269
4580,-0.282005847,-0.298471481
4581,0.549567997,1.30437434
4582,-0.0391747206,0.168359444
4583,-0.0250635855,-0.331331223
4584,-0.300725311,1.08032715
4585,0.659775436,1.10030544
4586,-1.21239698,2.33855247
4587,-1.49346781,-0.173534468
4588,-1.74573791,0.342150748
4589,0.132388964,0.0682757497
4590,0.958166242,0.612184942
4591,1.02055025,0.485553324
4592,4.17200708,0.369345963
4593,0.125097319,-0.829331994
4594,0.840733469,0.0637131706
4595,0.0557892621,0.774880052
4596,-0.122205339,-0.590548158
4597,0.299195886,1.61991751
4598,-0.88298583,-0.169491187
4599,-0.813608468,0.813827217
4600,0.759776235,-0.697795987
4601,-0.136879548,-0.0729007199
4602,1.75497353,1.60729671
4603,0.709432721,0.361519992
4604,-0.180454105,0.48706165
4605,-0.701304555,-2.90945506
4606,-0.65531075,0.910817683
4607,0.594168723,-1.87000012
4608,0.380373538,-0.741116464
4609,0.221884981,-0.635899067
4610,-1.07383513,-0.491348028
4611,1.25459957,-0.520111024
4612,0.587862611,1.06332397
4613,1.82885921,3.72204828
4614,-0.217370793,0.530664444
4615,0.96869576,1.11277962
4616,-0.119334966,-0.170743451
4617,-2.0000844,-0.511595964
4618,0.798366368,0.658418298
4619,1.58328688,-0.107845016
4620,-0.153393686,0.231190249
4621,1.56379652,-1.76188171
4622,1.24838638,0.785296738
4623,1.59884167,-2.72626233
4624,0.303687304,0.210105285
4625,1.62904251,0.33854571
4626,0.00809814688,-0.295742184
4627,0.919454694,-0.541599333
4628,-0.0771051347,0.0620879792
4629,-1.56662643,0.111701317
4630,-2.46287513,-2.07903051
4631,0.746338904,0.0459125862
4632,0.630285382,0.0863074884
4633,-0.12722069,0.837889135
4634,-1.44992113,-0.0505258217
4635,2.61100507,-0.20852755
4636,0.698649406,-0.408032507
4637,-3.97059202,-0.576032221
4638,-0.108836964,2.11678791
4639,-2.97949433,3.93757033
4640,0.299630225,-1.27665913
4641,-0.340525895,-1.3642627
4642,-0.309953392,-0.0718218982
4643,0.0211082306,-0.244919911
4644,1.53605795,0.807689965
4645,0.24821797,0.694366574
4646,-0.469021499,-0.0851260796
4647,0.793285012,-0.944689214
4648,-1.24172211,-0.0792123526
4649,1.75223792,-0.959061503
4650,-2.02121162,1.25913119
4651,-1.82942152,-0.0736237913
4652,1.84646308,-0.433936208
4653,-0.266868651,1.64629245
4654,0.0702441186,-0.0436204001
4655,0.877815783,3.12241721
4656,0.464811593,-1.18203366
4657,1.47318077,-1.6303581
4658,1.22335064,-1.9184922
4659,1.53454697,-1.7949518
4660,-1.27420104,-0.868942857
4661,0.6203354,-1.07631946
4662,0.300565183,-0.378626496
4663,5.24244118,-2.24319792
4664,1.40720105,1.22089553
4665,1.12512147,-2.12465262
4666,-0.120248757,0.597593009
4667,-0.233816504,-0.422847092
4668,-0.219302967,-0.212594539
4669,0.119022347,0.178601667
4670,-1.13560867,0.0156366881
4671,-0.413718313,-0.138091788
4672,0.38199082,-0.0555063263
4673,1.19869328,-2.77680802
4674,-0.440155625,-0.429826736
4675,-0.793539405,-0.236407578
4676,-0.325558484,-0.498696238
4677,-0.509809971,0.398344636
4678,1.61156285,-1.64477992
4679,-1.11962152,-1.24428904
4680,0.581614614,-0.481127799
4681,0.297290117,-0.000850511482
4682,1.00809646,1.11935997
4683,-0.625787377,1.38503325
4684,1.89769554,2.98408651
4685,0.0059261038,0.222325444
4686,-0.858017683,0.619693458
4687,-0.0271693952,-0.225466147
4688,0.00778797315,-0.0514555983
4689,0.0119191548,0.38491711
4690,-3.23467064,-0.106223986
4691,0.805159092,0.794965744
4692,-0.49991253,1.70179427
4693,3.3097384,-0.327194273
4694,1.96763122,-1.0838387
4695,0.077535443,-0.705802143
4696,-2.30642676,0.717974961
4697,-1.1205008,-2.44674563
4698,0.260149211,0.04623634
4699,2.45404434,-1.37999558
4700,1.44519448,-1.10775471
4701,0.70225364,-0.517240584
4702,0.820084929,1.56805634
4703,-0.543427289,0.949246109
4704,2.27529335,-3.9122262
4705,0.436670899,-0.044061441
4706,-1.16670728,-1.27716434
4707,0.166777506,-0.223912388
4708,0.622269928,0.0919974521
4709,-0.458397955,-0.207857072
4710,-0.598695278,-1.05323243
4711,1.34671032,0.339088321
4712,0.366944045,-2.77856302
4713,-0.188244551,0.126118794
4714,1.49760866,-0.170923859
4715,0.820405662,0.0717994124
4716,-1.20346963,-0.588336051
4717,-0.15930593,-0.286928862
4718,0.00337828859,0.295156777
4719,-0.556179702,1.999524
4720,0.573430479,-0.709923565
4721,-0.428895742,-0.380656034
4722,-0.826482892,1.67112982
4723,-2.0462997,3.84446764
4724,0.49143672,-1.03857338
4725,-0.265993297,0.18279849
4726,1.10658765,-1.02253532
4727,0.915977418,0.431735426
4728,1.50554395,-0.459053397
4729,-1.60281634,-0.81848979
4730,-1.00344121,0.166085884
4731,1.37125373,-0.285892785
4732,-1.12121379,1.0763253
4733,-0.822317183,1.44688499
4734,-0.481998414,2.87044716
4735,0.218663335,-0.542343795
4736,0.298221886,0.811760306
4737,-0.45874691,-1.50946486
4738,-0.153951168,0.327266365
4739,0.0707923323,0.814963341
4740,0.810603201,-0.293831915
4741,-0.563072979,1.11518383
4742,0.767903328,-1.45788956
4743,-0.576480746,-0.896077216
4744,-1.14259195,-0.420017749
4745,0.143716499,-0.387013495
4746,2.82278156,0.175519556
4747,2.68410254,0.169112742
4748,-1.63861537,-0.193688139
4749,-0.751060605,3.12414002
4750,-0.0567715652,0.477082759
4751,-0.742331028,-0.677417934
4752,-2.36947632,0.7099756
4753,-2.86629367,-1.34382296
4754,0.244764432,0.179996222
4755,1.6623584,-0.071065329
4756,-0.509609282,-0.263677418
4757,-2.39446926,1.12464476
4758,1.67715204,-2.91703558
4759,0.158615634,-0.698728144
4760,0.775826156,0.672391415
4761,0.826019943,-1.30887032
4762,-2.81681561,1.95132506
4763,-0.170964286,-0.7344926
4764,0.153988823,0.219418839
4765,0.00851206668,0.198295623
4766,0.420386285,0.457894683
4767,0.140255183,-1.45817614
4768,0.060672041,0.317544758
4769,0.383260339,-1.13109767
4770,-1.0039295,1.14574063
4771,-0.023355728,-2.32593489
4772,1.06150723,0.0384335257
4773,-0.156247169,-0.607514799
4774,-0.624816716,-0.725786507
4775,2.08911276,-0.382019252
4776,-1.7583735,2.72704101
4777,-0.55534029,0.707802355
4778,0.737987638,-0.992048204
4779,1.61319184,0.0677348375
4780,3.23882627,-0.424352437
4781,0.24912481,-1.37166452
4782,2.07874918,-0.272445381
4783,0.638955951,-0.478123397
4784,-1.96538877,1.0242635
4785,0.755303562,0.167281419
4786,1.08317232,-0.060427241
4787,0.602123082,0.873835683
4788,-0.882605374,-0.274566501
4789,1.02060449,0.694471002
4790,-0.702198446,-0.881542504
4791,0.224875018,-0.497679174
4792,-1.08806324,1.11868525
4793,0.492495805,-0.664163232
4794,-1.32352102,1.21958792
4795,0.146638855,-1.9027375
4796,-0.261311173,-1.30724335
4797,1.17206144,0.756732881
4798,1.66668427,-0.355589867
4799,0.582668781,-0.0547317304
4800,1.37703621,-1.14930856
4801,-1.55522132,1.9474293
4802,-0.156508341,0.16043137
4803,1.09406126,0.0987979546
4804,1.44965756,-0.321895808
4805,0.323982626,-0.0189767331
4806,-1.12733102,-0.988886476
4807,1.48959565,0.64457953
4808,-1.53848004,-1.22765338
4809,-0.195070595,-0.0496760868
4810,1.29454827,-1.48567939
4811,0.309590995,-0.392967343
4812,-0.00629744399,-1.81105161
4813,-1.35529673,-0.399079382
4814,-2.12163806,-0.353877664
4815,-0.0601072572,0.232907549
4816,-1.03201938,0.973616719
4817,-1.28635263,-1.09660947
4818,0.600613058,0.967083573
4819,-1.09521055,-3.48401833
4820,-0.577084541,-0.0688146502
4821,-1.44317055,0.701958001
4822,0.599922478,-1.51627362
4823,-1.51396644,2.22954869
4824,0.360360563,1.03074276
4825,-0.0211459845,-0.161801681
4826,0.571285129,-0.406990826
4827,-1.25977564,-2.19312024
4828,-1.08134675,-1.19587314
4829,-1.69712174,-0.54345125
4830,1.28234422,2.04913974
4831,-0.299425036,1.76583993
4832,-0.596047819,-1.68113589
4833,-0.619629622,-0.865894914
4834,0.693988919,0.789894164
4835,-0.0901396498,0.376395136
4836,-0.759545445,1.2314055
4837,-0.974224091,0.95007211
4838,0.237837896,-1.99468732
4839,-1.24242222,0.734778523
4840,-0.485023409,1.39532042
4841,0.263503373,-0.179827958
4842,1.61938739,-1.52839339
4843,-0.582846105,-1.63350368
4844,-1.43343937,0.145090371
4845,1.5541352,0.454973757
4846,0.708457351,-0.265641183
4847,-0.766827583,-5.06316471
4848,0.0246777926,0.275020123
4849,0.828136504,-1.30672073
4850,-1.38249195,-0.10606613
4851,-0.927387416,0.0944488421
4852,-0.423608065,-0.257648379
4853,-1.2149936,-4.21746063
4854,0.566310883,0.578620791
4855,0.124860741,-0.553809881
4856,-0.832318127,-1.02121866
4857,-0.321389377,0.880250633
4858,-0.385481715,-0.560851514
4859,-0.991661906,0.281351835
4860,1.69039237,0.671202302
4861,0.0141683901,-0.780535102
4862,0.253885597,-0.0622511879
4863,0.00749108009,-0.411319315
4864,3.22781229,-0.845960796
4865,-0.103546202,0.742194891
4866,-1.35272062,0.188938379
4867,0.930066049,1.71984112
4868,1.2025311,0.856784105
4869,0.165869087,1.99113894
4870,-0.696909308,-0.894118845
4871,0.173253193,-0.0898214653
4872,0.497588664,0.228587791
4873,-0.529173911,-0.110862941
4874,0.901279151,0.544121027
4875,-0.727837801,-2.0384109
4876,1.03958738,-1.85737383
4877,-0.174589366,-0.821328342
4878,-0.305513263,-0.100553617
4879,-1.06564951,1.49682903
4880,-0.468058527,2.24155521
4881,0.588591576,0.441295743
4882,-1.6294415,-0.313628554
4883,-1.4636972,1.66394901
4884,-1.27204716,-0.32871899
4885,-2.10162997,0.366191596
4886,0.224554092,-1.83445823
4887,-0.0944030285,-0.113699362
4888,0.393470585,-0.114549346
4889,1.29017186,-1.91332066
4890,-0.202575997,-0.862889707
4891,0.43432343,1.35205817
4892,0.812661767,1.42745507
4893,1.05304253,-0.842891634
4894,0.479735881,-1.45908546
4895,0.885846555,-0.875445783
4896,0.0205606576,-0.268681884
4897,1.00161648,-0.186075836
4898,2.77727866,-0.685233533
4899,0.060895212,0.175516516
4900,1.86218083,2.56101823
4901,-0.114436582,0.146730676
4902,-0.506831825,0.233285338
4903,-0.600643873,-0.54105252
4904,1.09386134,-0.251703233
4905,1.2999047,0.00931567792
4906,0.303843439,-0.0465984493
4907,0.0425506011,0.380453289
4908,1.6162082,-0.399969101
4909,0.42969057,0.440249026
4910,-1.09994507,-0.168763578
4911,0.553699732,1.16019893
4912,0.268342197,0.56673032
4913,0.175846905,-3.07147312
4914,0.563752353,2.75749111
4915,-0.0211281981,-2.41200542
4916,-2.237813,-1.04818356
4917,-2.02033687,1.27156568
4918,0.188294351,-0.187825963
4919,-1.0913868,0.18629241
4920,-1.99786878,0.670604885
4921,-0.0356968157,-0.162045196
4922,0.559671402,-0.730440736
4923,-2.37986612,-2.27713537
4924,-4.36938143,-1.73186886
4925,0.803677678,-0.221344247
4926,0.242377758,0.0275074486
4927,-3.82975483,0.873248219
4928,-3.05980992,-4.39673901
4929,0.315974414,-0.212558359
4930,0.709772944,-0.179070592
4931,-0.963692784,0.868735075
4932,-0.479662955,-0.52843821
4933,0.391742229,-1.65939736
4934,-0.760197043,-0.190959513
4935,0.340890497,0.0705457628
4936,0.592696846,-0.838237226
4937,-2.41142964,-0.795460463
4938,1.0153935,0.826277316
4939,-0.670166194,-0.700214088
4940,-0.263765395,0.118198156
4941,3.43214464,0.681792259
4942,-0.784207225,0.481273472
4943,-0.367320001,-0.431042045
4944,1.50869894,1.34190571
4945,-1.15099061,0.0312083587
4946,0.271262288,-0.354054153
4947,1.16582048,0.00781485066
4948,0.0858807191,0.0482630208
4949,2.24725413,-0.851613522
4950,0.956252694,0.0964596868
4951,2.4717164,-0.312398106
4952,1.92175889,1.73693705
4953,0.156334773,-0.810459018
4954,3.3540225,0.19754827
4955,-0.097382687,0.17073442
4956,0.771119416,2.34377956
4957,-2.31467795,-2.35868168
4958,-1.28389823,0.201792672
4959,-0.125820652,-0.281072527
4960,-0.384331137,0.574269116
4961,-1.13081837,1.09682131
4962,0.243615627,0.552069485
4963,1.19493067,-1.20303619
4964,-0.754547,-0.164827362
4965,0.150345445,0.122328497
4966,0.389896244,1.33982217
4967,1.57788968,0.663551033
4968,-0.305099875,-0.775814712
4969,-1.08458483,-0.869732916
4970,0.831382513,-1.0891937
4971,-0.0427517518,0.792177677
4972,1.30154109,-0.121810652
4973,-1.83129311,-1.38432491
4974,1.17402148,-0.936811447
4975,0.940627873,-0.0451209173
4976,0.0697026327,-1.75903404
4977,-0.0493403785,-0.175520658
4978,-0.442773312,-0.622936666
4979,0.818570077,-3.49771094
4980,1.45390999,-1.5004735
4981,0.372914523,2.40146637
4982,0.0357080884,2.16178966
4983,-0.645219982,0.110855177
4984,0.864525795,-0.179252982
4985,0.47636345,3.1856873
4986,0.781015575,0.662350953
4987,-0.0255977903,-1.38089836
4988,0.638127923,-0.432712018
4989,1.25441098,-0.541785836
4990,0.480955094,-2.68601727
4991,-2.76975012,-0.842820227
4992,-1.46087801,-0.767697692
4993,-1.20856547,-0.744078755
4994,-0.311681539,0.581755877
4995,0.818452597,-1.70006061
4996,-0.884174407,-2.08935618
4997,-1.47332716,0.889420688
4998,2.58995056,-1.14334214
4999,-2.33689046,2.08623648
5000,0.143074825,0.158810407
5001,-0.753101885,1.27954173
5002,0.387968689,-0.277463466
5003,-0.827687204,0.558157325
5004,0.491945505,0.0631994233
5005,3.60311747,2.0282979
5006,0.0435495675,-0.152886733
5007,-0.0026010843,-1.08847022
5008,2.51262426,0.00969564542
5009,-2.73461151,-1.57545817
5010,0.00942384452,0.770119011
5011,0.143741548,0.0130849602
5012,-0.250482142,-0.233570725
5013,-1.71326733,-1.09617412
5014,0.289007843,-0.0819015577
5015,-0.86891371,1.10730278
5016,-0.0239098333,2.26791501
5017,-1.02326763,-0.372715771
5018,-0.233900785,-0.104365855
5019,1.83629632,0.314686626
5020,-1.0259738,0.570877969
5021,0.093379043,1.19279635
5022,-1.17470562,-0.024276156
5023,-0.581638038,0.0758303702
5024,1.03167832,0.0376610085
5025,1.51124692,-5.14649057
5026,1.33000183,-0.200072184
5027,0.427777171,0.402004123
5028,-1.83271909,0.535952687
5029,0.706693947,-1.7503314
5030,-1.05063689,-0.141948313
5031,1.21406329,-0.08347518
5032,-0.0859002918,0.0630307198
5033,-0.479814947,1.89143252
5034,0.350759029,-0.157629654
5035,0.0604576506,1.12663376
5036,-0.790391982,-0.831936061
5037,-1.44874918,-1.72797155
5038,-0.697667956,-1.1785301
5039,-0.351791084,0.716454923
5040,-1.33811975,-0.160593763
5041,-2.16414833,-0.802471876
5042,0.058792606,-0.159003854
5043,-0.398877501,0.898051679
5044,0.606509209,-1.32992709
5045,1.00835049,1.48483562
5046,-1.34751451,0.279710442
5047,0.193242535,0.16906628
5048,0.350830495,-0.263217717
5049,-0.315378904,0.0647633895
5050,-0.187468097,1.16529906
5051,0.169395193,0.615526378
5052,0.237933189,0.0549025089
5053,0.00970693305,-1.39166021
5054,-0.18712844,0.143464565
5055,0.222480521,-2.14270449
5056,1.59726453,0.256367624
5057,0.719333947,0.87766695
5058,-0.186958477,2.02553463
5059,-0.761394501,2.71473432
5060,-0.957621038,-0.259654492
5061,-0.0317637213,-0.796061456
5062,-1.21146214,-0.855478466
5063,-0.0594082475,0.45841372
5064,0.0579471812,-0.504500091
5065,-1.7092663,1.45575452
5066,-2.09472346,2.24276066
5067,-0.772510231,-0.625406742
5068,-0.750027835,0.52055186
5069,-0.732745528,0.388762742
5070,-0.595620275,1.18753529
5071,-0.732073545,0.120879114
5072,-0.619023383,-0.0395076461
5073,-0.151924446,0.779183567
5074,0.823882759,0.100200243
5075,-0.218585283,0.0838243887
5076,0.553505838,0.238200888
5077,-0.792288423,-0.897599936
5078,0.260758847,2.84762764
5079,0.246251017,1.03007793
5080,1.13396287,-0.172996998
5081,0.757466137,-0.217475936
5082,-0.453484714,-2.72487354
5083,2.3666079,-0.549326062
5084,-0.0878704861,-0.462908179
5085,2.30240989,0.191422701
5086,0.112872683,-0.307962269
5087,0.103430636,-0.205351576
5088,0.531338811,-1.17927337
5089,1.77418685,-0.76729548
5090,-0.0298093762,0.255678564
5091,-0.511069357,-0.153440431
5092,0.66798383,-0.925762534
5093,2.02268243,0.736042321
5094,0.0932630748,-0.832283199
5095,0.909863114,-1.65920281
5096,0.783811092,0.197387934
5097,0.452755362,0.246048644
5098,-0.469814301,-0.742469311
5099,-0.205220327,2.57638502
5100,-0.368060857,-0.0509816781
5101,-2.06219053,-1.23252714
5102,-0.78711617,2.78816056
5103,-1.00568485,-2.08636212
5104,0.0119537171,0.972126186
5105,0.427942365,-0.828175128
5106,1.4120214,-1.36898232
5107,0.52023983,1.05267465
5108,1.60929692,-1.23021758
5109,0.996047735,0.650476038
5110,0.429947644,-2.10116482
5111,0.208080545,1.35608017
5112,0.22586976,0.621711791
5113,0.543576837,-0.184491411
5114,0.374989331,0.0969345495
5115,-0.271793783,-0.889800072
5116,0.091323629,-0.207588077
5117,0.311285317,0.192075118
5118,0.850311816,-0.0991010591
5119,0.745851099,0.821908474
5120,0.195484504,-0.58355099
5121,-0.962301731,-1.95824766
5122,0.358904809,1.79477274
5123,-0.386915833,0.300627589
5124,0.394993216,0.604915202
5125,1.46243203,0.152228951
5126,0.436408967,0.29603833
5127,1.57100213,-2.03792596
5128,0.792102575,-0.211552829
5129,-0.0784640908,0.196869582
5130,-0.259401292,-0.134576797
5131,3.44827843,-0.666894972
5132,1.85445929,1.80553603
5133,0.331765503,0.470706284
5134,0.121388651,1.04231429
5135,1.55281007,-3.34840751
5136,0.364319503,4.01036739
5137,0.496901512,-0.203499034
5138,0.986896217,-0.318424702
5139,1.64265764,0.532318711
5140,2.19137764,1.21630108
5141,0.207128674,-0.317544669
5142,0.388705492,-1.87376618
5143,-1.59295166,0.285334468
5144,-2.43460751,2.6193347
5145,0.469062686,1.6962676
5146,1.37842941,2.08154464
5147,0.550221026,-0.535081208
5148,-1.18622339,-1.87207818
5149,-0.635320067,-0.276906103
5150,-1.53182614,0.765005946
5151,-0.277385712,1.43611598
5152,0.232203022,0.830362916
5153,-3.16886401,0.506698012
5154,1.59201384,0.121813342
5155,0.404755831,-0.313524872
5156,-2.38795805,-1.26051486
5157,0.805818617,-0.81838733
5158,0.423745006,1.83702648
5159,-1.54432762,0.212197021
5160,-0.189924404,0.425630659
5161,-2.18759227,0.77211535
5162,0.241694257,-2.13916922
5163,-1.34849405,1.52863419
5164,0.583045363,-0.953579843
5165,0.138584495,-0.461110324
5166,1.1684128,-0.325606048
5167,0.174658865,0.0642497763
5168,-0.0832818523,-1.85929191
5169,0.493738294,0.437995881
5170,-0.181263879,-0.24483107
5171,-2.4918375,-0.411174387
5172,-0.0895694494,-2.15558171
5173,-0.865298748,1.43123376
5174,-0.355603814,-0.152493894
5175,-1.09118581,0.597678721
5176,-0.793510258,2.25183177
5177,-0.785599709,-0.889486194
5178,-0.208516687,-0.185477152
5179,0.249122769,-0.199788198
5180,2.19430709,0.886128545
5181,0.120805725,-0.230684862
5182,0.29129836,0.269865155
5183,-1.02232909,-0.514755964
5184,0.313022524,-0.10375227
5185,0.322841316,0.223093271
5186,-0.221615836,1.04244113
5187,-1.15552294,2.46914959
5188,-0.236668542,-0.259780377
5189,-0.968891203,-0.65945065
5190,0.443753839,-0.390773356
5191,-0.181312069,1.74201334
5192,0.230082303,-0.163217589
5193,0.225402594,-0.390425026
5194,0.968419194,-2.10173488
5195,-2.98338389,-0.888188601
5196,-0.979867518,-0.603148937
5197,0.954430997,0.179092646
5198,0.623369992,0.0458796322
5199,0.40675807,0.133170173
5200,0.312878191,-0.384496868
5201,0.788375974,-0.465263546
5202,-0.032941658,-1.47431982
5203,0.220456421,0.172957972
5204,-0.21390079,0.114124402
5205,0.356182009,0.0546317473
5206,0.184571311,-0.0864167437
5207,-0.775423229,-1.54199278
5208,1.89409232,-2.22129679
5209,-0.606660485,-1.38932526
5210,1.45012403,0.64507556
5211,-3.06934762,0.727722466
5212,0.89591217,-2.8686285
5213,-1.83953714,0.0174982697
5214,-1.33503079,0.620515764
5215,0.57427448,0.31665352
5216,0.97873342,-2.16465521
5217,-0.0812942088,-0.146330148
5218,1.76277399,0.347468168
5219,-0.0849037692,-0.458933234
5220,0.206206322,-0.162499458
5221,2.1504035,2.12504792
5222,1.45056307,-0.101700909
5223,-0.0322311781,1.20585501
5224,-0.213357598,0.215608239
5225,-1.89915323,0.971217394
5226,-0.286922872,2.00240707
5227,-3.25493598,-0.195054084
5228,2.09831882,-0.0750647262
5229,-2.37709689,2.63439822
5230,-1.64342439,1.95619583
5231,0.726378322,1.53918755
5232,1.18850946,1.62109673
5233,1.40085149,0.38370958
5234,0.787494063,-1.31273866
5235,-0.813720882,-1.08679497
5236,-1.69864523,-0.674708605
5237,-1.10503054,-0.742473066
5238,-1.53692293,-2.21223044
5239,-2.01978755,-0.0122389887
5240,-1.1374644,-0.121415004
5241,0.16167672,0.949301362
5242,-1.37700057,-0.293679208
5243,-0.156899229,-0.754641294
5244,0.122511409,-0.23649697
5245,0.505983889,-0.42283231
5246,0.119794987,0.323175877
5247,0.409503967,-0.161966398
5248,-0.873627782,0.160492301
5249,0.0428075828,-0.874336958
5250,0.18515861,-1.6789434
5251,0.760484695,0.949673474
5252,0.536590219,-1.01928496
5253,-0.343425453,-0.723551571
5254,-2.15826631,-1.22284138
5255,-0.982007146,0.682548165
5256,-0.52972579,1.11793792
5257,-0.76483053,0.834455788
5258,-3.38117886,0.549967945
5259,1.27661729,-2.37478709
5260,-0.0218882635,0.550255656
5261,-0.89728868,-1.84507179
5262,-3.66258597,-0.944432497
5263,-0.226401046,0.00970859826
5264,-0.581692517,0.372311145
5265,-0.256084144,0.172681212
5266,-0.312239021,0.738442123
5267,-2.19601965,-0.103278875
5268,0.150804251,-0.212068915
5269,-0.557046652,-0.121975146
5270,-0.989988983,0.431803495
5271,1.35767734,-0.886978567
5272,2.67003942,-1.6437366
5273,-0.0624126717,0.18659395
5274,-0.623407841,0.983701646
5275,-1.17204583,-1.73776245
5276,1.09940171,0.309657991
5277,0.812505305,1.82677007
5278,1.64695585,-2.85963178
5279,-0.0336500183,-0.201654166
5280,0.0644844472,1.3131001
5281,-1.13548374,-0.642653644
5282,0.230897903,0.320673585
5283,-0.0463668108,-0.579402208
5284,-0.614543319,-0.20695062
5285,0.107597545,0.379425585
5286,-0.747415781,-0.752327979
5287,0.457849056,-0.812529206
5288,0.375042349,0.99826473
5289,-0.698765993,-1.84871721
5290,-1.66038477,-1.46560943
5291,-0.12824142,0.112972453
5292,0.532751858,0.469709367
5293,-0.0405444503,1.18332458
5294,1.17051375,-3.17650652
5295,-1.80789924,1.72900701
5296,0.467939794,1.02112222
5297,0.23602137,0.752908111
5298,-1.81007767,0.888335466
5299,1.4208101,-1.35119653
5300,0.724145055,-0.158432037
5301,-0.129366115,-0.182341278
5302,-1.50686872,4.15670395
5303,-0.110869877,-0.153795645
5304,1.43451715,1.47496533
5305,-0.692567885,-1.16978753
5306,-0.870311081,1.08179665
5307,-4.19930124,-1.21576738
5308,-2.33195949,0.583269656
5309,-0.885742188,-0.627778232
5310,0.00792317092,-0.898231566
5311,2.65178728,2.69984651
5312,0.51106751,-1.02948308
5313,-0.504631758,0.649387717
5314,0.179424301,-0.242976397
5315,-1.58881605,-1.31092143
5316,0.967760503,1.69443834
5317,1.21496522,0.5127334
5318,-0.862624049,-0.97010994
5319,-1.93682456,1.58258903
5320,-0.643694758,-0.32779339
5321,-1.9894706,-2.98399663
5322,0.517526805,-0.127259254
5323,-0.604983032,2.12410879
5324,0.872932613,-0.753122568
5325,-0.906136572,1.84856427
5326,-0.393124223,0.0962698236
5327,-1.6975323,-0.254732847
5328,-2.83770156,-0.725964367
5329,-1.34323406,2.75874162
5330,-1.69713879,0.0542063005
5331,-1.46084821,0.18968305
5332,-1.9780221,1.31948411
5333,0.954617441,-1.70972478
5334,0.57512188,-0.438102931
5335,0.0430187322,0.407166898
5336,-0.360955149,-1.2901634
5337,-0.523550332,0.265380561
5338,0.543948114,0.0621307455
5339,0.530619562,-0.0122567853
5340,0.597067237,0.886544049
5341,-0.848057747,1.79539227
5342,1.75588179,-1.10275853
5343,-0.510436714,-0.756335318
5344,-0.731930912,-0.954648852
5345,-1.07117307,-2.74486303
5346,0.916721702,0.728573561
5347,-0.768091381,-0.701086938
5348,0.572757959,1.26228607
5349,-0.502137423,-0.974913895
5350,-1.55086565,0.629504919
5351,0.742912233,-1.4769882
5352,-0.099533923,-0.190404266
5353,-0.033235874,0.428636402
5354,0.24798499,0.167204201
5355,0.968948126,0.697725773
5356,0.305230111,0.0469588451
5357,-1.88862455,0.59292978
5358,-0.760289848,-0.883193731
5359,-0.287380248,-0.461066931
5360,-0.055173561,0.328475207
5361,0.796938419,-1.36422992
5362,-1.25504994,1.29681635
5363,-0.915825129,1.82731915
5364,-1.04238057,-0.576291084
5365,0.588436425,0.56947726
5366,0.938465953,2.41818523
5367,1.14029527,-0.442446083
5368,-0.616212845,-0.581037641
5369,1.07083488,-1.28095031
5370,0.438324481,-0.357850373
5371,1.1283462,-0.746127844
5372,0.243141353,0.762322426
5373,2.82846308,3.38897467
5374,0.479562104,0.199315771
5375,-0.256909937,0.213777691
5376,-2.00632954,-0.288644075
5377,1.01246142,-1.78012478
5378,-0.387406319,-0.357740939
5379,2.68419003,2.31704164
5380,2.09592652,2.29205322
5381,-0.68551302,-0.458389431
5382,0.672456086,-0.984943092
5383,0.366637677,0.0349167772
5384,-0.693585932,-0.837856531
5385,-0.268917173,-0.161946431
5386,0.212269172,-0.155077085
5387,-0.219850257,-0.137478784
5388,0.868789434,-2.29734731
5389,1.76336586,0.148714483
5390,-0.408911973,-2.20540929
5391,-0.0852141231,0.556299508
5392,-0.130115464,-1.71970439
5393,-2.07745767,-1.38306773
5394,-0.497102082,-1.02151406
5395,0.423297286,-0.0179261975
5396,-0.716535926,-1.81305635
5397,0.492548019,-0.272719711
5398,0.821208417,-1.45174313
5399,1.65459049,1.47909462
5400,1.27466214,-1.01079977
5401,-0.568944454,0.356891781
5402,0.2988379,0.400999248
5403,-0.712116539,0.615256488
5404,0.950845897,-0.17994453
5405,0.274675399,0.0677825212
5406,0.0179318544,-0.486079216
5407,-0.200760916,-0.278677911
5408,0.454802185,0.558237493
5409,-0.511110663,-0.991838217
5410,1.92748308,-0.147348851
5411,2.02184176,-0.181546763
5412,1.09272695,-1.99801648
5413,0.671280742,-0.732241511
5414,0.401762158,0.933163881
5415,1.62832558,-1.16626227
5416,0.866314054,0.691086829
5417,0.796757579,-0.523444474
5418,-1.14097834,0.119739085
5419,-0.771004498,0.0797708184
5420,-1.13427806,-0.922151744
5421,-1.03391623,-0.417170197
5422,0.261602908,0.312605977
5423,0.0678108409,0.165511429
5424,-0.0745608509,0.470204622
5425,0.231171742,-3.61623979
5426,-0.155786201,-1.01540327
5427,-0.0887094736,-0.683606505
5428,-0.639627993,-1.87281537
5429,-0.60551846,-1.44177067
5430,-1.34661353,-0.566729009
5431,1.20729661,-0.748061419
5432,0.235487312,0.343753904
5433,1.06530523,-0.123262197
5434,2.67689347,0.990085363
5435,-0.568918347,-2.06195784
5436,0.683589697,1.87520027
5437,-0.936107814,1.58170021
5438,-1.33045506,1.75706983
5439,-1.14856553,0.0313270651
5440,0.674236774,-1.00485671
5441,-1.07799053,0.44333449
5442,1.18706191,0.425069422
5443,0.287716627,1.88625419
5444,-1.89173412,-0.249805138
5445,0.452141851,0.753866792
5446,1.59585774,-1.80092573
5447,0.339580983,-0.417020112
5448,0.945068479,0.45544517
5449,1.76308477,-0.892550886
5450,-0.877866089,1.89503646
5451,0.54830873,-1.41382504
5452,1.05484331,0.892872453
5453,0.627224207,0.0963494331
5454,-0.574883699,-0.166431725
5455,-0.164891601,-1.02186894
5456,-0.670962453,0.203520373
5457,-0.507405102,0.214030385
5458,-1.06093192,-2.23507333
5459,0.0936046541,0.1293993
5460,-0.495686263,-1.61761808
5461,0.0475121699,-0.176976934
5462,-2.2981813,1.596995
5463,-2.13019705,2.48149872
5464,-0.0189526826,1.1026628
5465,0.151040614,-1.51921535
5466,1.54355514,0.437534183
5467,0.266518056,0.312922835
5468,0.102934435,0.870485961
5469,-0.707487583,0.973101854
5470,1.30531693,-1.91239917
5471,-2.1486671,1.2289201
5472,-1.86659193,-1.81736505
5473,0.962179124,-1.35956728
5474,1.89759433,0.376623511
5475,2.63209724,0.0760004297
5476,-0.720333159,1.6185658
5477,-0.816306233,-0.458628476
5478,0.672508955,0.160925224
5479,-1.58935821,0.683481395
5480,-0.966750383,0.663078666
5481,-0.295855999,-0.876480222
5482,-0.334752649,1.94885612
5483,0.664083123,-2.27318835
5484,2.08898735,1.0432303
5485,0.381075829,0.72655648
5486,1.04757774,0.805644691
5487,1.70598733,-0.962057531
5488,-2.25414681,0.876722991
5489,0.206967324,0.105653487
5490,-0.485893041,0.65267998
5491,-0.0053379992,-0.188987821
5492,-1.16871858,-2.28896093
5493,0.122100323,-0.2388414
5494,0.479776859,0.241701633
5495,-0.515990198,0.161879495
5496,0.134847417,-1.04226065
5497,-0.00387085648,0.943956792
5498,-0.121977516,-0.150097281
5499,2.44701433,-2.33491826
5500,-1.10179448,0.680857301
5501,0.340002835,0.941449881
5502,-0.532995045,0.342387855
5503,0.488174528,1.85237682
5504,-1.04112601,0.144637972
5505,-0.0599243231,0.764158666
5506,-0.335413933,-0.753981829
5507,-1.13935399,-0.339590579
5508,-1.40241849,-1.78604412
5509,-0.0233717356,-0.00643458636
5510,-0.83384037,-0.425094515
5511,0.550265074,0.70811373
5512,1.01365519,-0.186993286
5513,1.32982194,-2.06243849
5514,0.240111604,0.221591085
5515,1.0556066,0.415914923
5516,0.750871003,-1.01030135
5517,-0.654766738,0.895840764
5518,-0.240914643,0.0352968909
5519,-3.68046331,-0.235264659
5520,1.36045539,-0.853532672
5521,-1.18838167,-2.16923928
5522,-0.111828469,0.237888917
5523,-0.717651188,0.649860203
5524,0.287661254,0.0719502941
5525,0.180496171,-0.117773831
5526,-0.907364488,0.371633172
5527,-0.774202764,1.14421952
5528,1.13332963,1.32145369
5529,0.0765675381,-1.07759595
5530,0.32605651,1.45579791
5531,-0.272770196,-0.331451625
5532,-0.51642096,2.34738088
5533,1.3241632,0.0250409339
5534,-1.2579689,-0.494471103
5535,-2.31627679,-0.631452322
5536,2.33884978,0.446503729
5537,0.413820088,0.74438113
5538,-0.122484922,0.533375859
5539,3.01422191,-0.738008678
5540,-0.745274782,1.48966408
5541,0.0140594989,-0.407737136
5542,0.07462769,-2.21919036
5543,-1.98056734,-0.431751251
5544,0.067174077,0.545631409
5545,0.652784467,-0.527764618
5546,-2.06558561,-0.0378504917
5547,0.207009584,-0.159273773
5548,0.23882775,0.424323916
5549,-0.324153513,0.188523367
5550,0.265962094,0.0682717487
5551,-1.8951081,0.703561604
5552,2.19867849,-1.5449152
5553,5.08343554,0.592692852
5554,0.650534511,3.01589084
5555,-1.35096061,0.610623121
5556,-0.877841175,1.0841105
5557,-2.62154603,0.011333162
5558,-0.464387864,0.750016689
5559,0.0520175174,0.331978709
5560,1.12692189,-0.842629492
5561,0.0619806908,-0.398645729
5562,0.298495978,2.55910087
5563,1.33704853,0.710787356
5564,-0.25906533,1.43170512
5565,-2.05383563,-0.75614363
5566,-0.447532028,-0.0502071381
5567,0.261628866,0.457580835
5568,-0.106256239,0.42714861
5569,-0.150819987,0.0237015784
5570,0.44571799,0.38713184
5571,-0.364801258,0.57848978
5572,0.321206123,-0.417897612
5573,0.167176753,0.4918347
5574,1.50988483,1.14613581
5575,-1.23946488,-0.551563323
5576,-0.354873598,1.32753658
5577,0.32681188,0.118232302
5578,-1.04651964,-1.67057109
5579,0.0826745629,-1.58471119
5580,0.177488193,1.06920731
5581,0.0426383875,0.201635867
5582,-2.03266001,0.983420789
5583,-0.662888646,0.324668169
5584,1.64176953,-0.887456238
5585,0.480367184,0.430355549
5586,1.53253686,-0.987813532
5587,-1.49525547,0.0118712056
5588,0.348089665,-0.72105062
5589,-0.716097236,-2.62349057
5590,-2.86621904,-0.54928124
5591,0.0503598973,-0.410618007
5592,-1.34647048,1.46176243
5593,0.734335363,1.92674637
5594,-1.44561648,0.158131525
5595,-0.112895891,0.855181277
5596,-0.629001677,1.51149702
5597,-0.54548496,1.2276566
5598,-0.187937632,2.36939311
5599,0.51375407,1.11492383
5600,0.217482358,0.149052367
5601,-2.27297974,0.810223699
5602,0.835700631,-1.90478766
5603,0.230335519,-0.355586886
5604,-0.993332148,-0.444424212
5605,1.25497496,0.0195910521
5606,-1.66066253,0.951573372
5607,0.602668703,0.180810973
5608,-0.134413779,-0.159207121
5609,-0.878171206,-1.13348544
5610,2.97056317,-1.35242629
5611,-0.37268874,1.77626073
5612,-0.326263487,-0.627171457
5613,-0.0114932479,0.339841753
5614,-0.432655871,0.219391108
5615,0.0613912866,-0.633543551
5616,-0.277872592,0.601918876
5617,-0.510231018,0.100408792
5618,-1.24406326,-0.206519589
5619,1.58432937,-3.06179833
5620,-0.126522049,-1.27838099
5621,-0.729153752,0.030486146
5622,0.166418359,1.09027112
5623,-0.308915645,-0.558992028
5624,0.31343171,0.250464171
5625,1.50250733,-1.00354517
5626,2.89764333,4.0477891
5627,-0.271410942,-1.51283085
5628,0.00505943084,-0.42979607
5629,2.187675,-0.373200715
5630,1.22836673,-0.859581828
5631,-0.470083863,-1.80596375
5632,0.355532914,-2.4920814
5633,-2.56075215,0.831297338
5634,0.484802097,2.15057802
5635,-0.0883831829,1.10455394
5636,1.05307531,-0.347378165
5637,0.232394442,-0.387007743
5638,1.45271313,-1.07302392
5639,2.22371626,0.743074119
5640,1.02703524,1.03309274
5641,0.205781966,-1.00686872
5642,-0.161623299,0.797897041
5643,2.01901555,1.36094368
5644,0.0464115888,-0.144187242
5645,-0.982715249,-2.02232599
5646,1.22553611,-1.54024792
5647,-0.116162546,0.613720059
5648,-0.950892448,0.0524995923
5649,0.131594554,0.0143757025
5650,-0.154881328,-1.35574389
5651,-0.592419386,0.968432128
5652,0.249914259,-0.0557584092
5653,0.674064875,-0.054853078
5654,1.02025259,0.560530424
5655,-1.34714663,-1.02808261
5656,-1.01576364,-0.724590778
5657,-0.281700224,0.515358984
5658,-1.05406761,-0.265569538
5659,-0.652433038,-1.90100288
5660,0.293275476,0.973924398
5661,-0.967723191,1.24070537
5662,-0.151127487,0.155379742
5663,-0.661691487,-0.613721967
5664,1.14036763,-0.335953057
5665,2.50847268,-0.244783223
5666,-0.00970311463,-0.321487099
5667,-2.02908468,0.859671414
5668,-0.386945426,0.493243515
5669,-0.632313073,-0.637484908
5670,-0.389602035,0.316369623
5671,0.170287058,-0.0579693094
5672,-0.520215869,1.01260078
5673,0.595212638,-0.306617439
5674,-1.45473111,-0.398825198
5675,-1.52924812,-1.13051605
5676,-0.5310148,0.653376341
5677,-0.204307705,1.63840103
5678,0.168559924,0.130237758
5679,0.356260628,0.437760234
5680,0.348352849,0.471110642
5681,-0.488214672,2.16106248
5682,1.58468115,-1.98166752
5683,0.292795151,2.26119614
5684,0.0169255007,-0.754636586
5685,-0.975810826,0.224875316
5686,-1.77814937,-2.18682456
5687,0.951892197,2.09821367
5688,0.271695316,-0.925916135
5689,-0.118332207,1.12768388
5690,0.0199895967,-1.1825664
5691,-2.66213894,-0.427205682
5692,-0.291127771,0.853340507
5693,-1.92259717,-1.86152315
5694,1.00525701,0.872919202
5695,0.258227587,0.831378341
5696,-0.901399672,-2.96645927
5697,-0.366524041,-0.835102856
5698,1.7473563,1.12275887
5699,-0.256464154,-0.264433652
5700,0.489400953,0.394720227
5701,-0.11127203,-1.72831726
5702,-0.646284044,-0.106893085
5703,0.666198313,-0.759108841
5704,-0.804616153,-0.435380608
5705,3.13888812,-0.448839754
5706,-1.57287133,-0.345759183
5707,0.270655632,-0.336178243
5708,-0.428972423,1.20739329
5709,0.295265198,-0.0974442139
5710,1.81428766,-1.33679879
5711,-0.110779755,1.78294969
5712,1.01835585,-0.476487815
5713,-0.740754426,-0.340585381
5714,0.162557736,0.242301911
5715,0.125415206,0.349064797
5716,-0.670891523,0.528773606
5717,-0.773933291,0.370283425
5718,-1.32769668,1.51932263
5719,-1.14334798,1.25910199
5720,0.330166936,-0.113103747
5721,0.786690712,-1.43043482
5722,0.457472265,-0.0565647259
5723,0.906102598,-0.807537913
5724,-0.707823455,-0.00776058808
5725,-1.00112534,2.61982417
5726,-1.25946605,-0.141232103
5727,-0.0891218409,0.344873846
5728,-0.114350915,0.0897779614
5729,1.987921,-0.204768524
5730,0.506370306,0.0209253915
5731,3.92413449,1.15245414
5732,-0.729374111,0.04900847
5733,1.05754137,0.376239002
5734,-0.0660667047,0.387282938
5735,-0.732187927,0.328918755
5736,-0.61759764,1.0551517
5737,-1.21666718,-0.575931072
5738,0.039028056,0.333791316
5739,1.67894197,0.191775426
5740,0.268502116,0.336262733
5741,0.796239793,-1.72580481
5742,0.3597489,-0.0917994231
5743,0.535866797,0.0776737183
5744,0.779470861,-0.571112633
5745,0.00632252218,0.273461014
5746,-2.90029168,1.41537344
5747,0.914215267,0.446679324
5748,0.0347112343,0.78885746
5749,-0.0398141146,-1.22860897
5750,1.98896575,-0.095176816
5751,0.178402126,-0.0102789002
5752,-1.26158977,1.88004458
5753,0.977196991,1.13441253
5754,0.560109138,2.77210712
5755,-2.44744062,1.39084077
5756,1.29215503,-0.33754161
5757,-0.668416202,-1.08003139
5758,-1.13008082,-1.29439235
5759,0.730691969,0.767625213
5760,2.3471117,-0.35569796
5761,-0.565377116,-1.60414898
5762,-1.44279432,-0.860310614
5763,0.803044498,-0.677689135
5764,-0.0210904889,-1.44941735
5765,-0.22695671,1.46050346
5766,-1.50559199,0.541074693
5767,0.176354527,0.115973346
5768,2.13795805,0.0980753228
5769,0.472236037,1.04243028
5770,-3.29315472,0.220203117
5771,0.44261831,-0.0720559359
5772,-0.368667185,-0.48073566
5773,-1.9476409,0.216396645
5774,-0.465837002,1.69887459
5775,-1.19380331,2.41639757
5776,-1.51491427,-1.06968844
5777,2.73356581,1.69166493
5778,-2.86136389,0.930840611
5779,2.90206194,0.625693679
5780,-0.380091876,-0.0649351329
5781,-1.92925382,0.86717689
5782,0.629811525,0.0166264959
5783,1.40662074,0.0107580507
5784,-3.04794335,3.56345153
5785,-1.14035225,1.71407437
5786,-0.884680331,4.0888896
5787,1.88398993,1.48758161
5788,-1.39389014,-3.46048045
5789,0.317301005,0.24390848
5790,0.0839848965,0.753150165
5791,-0.625587821,-0.515882492
5792,0.406621218,0.264111519
5793,1.56474447,-0.31692484
5794,0.515446723,-0.266175508
5795,-0.661281586,0.425942481
5796,0.668691397,0.578218997
5797,-0.195413679,-2.77282715
5798,3.25849867,-0.8579036
5799,0.214301109,0.459853768
5800,-3.24316096,-0.515633225
5801,-1.19947624,1.07820785
5802,0.236596525,-1.1814878
5803,0.0773966387,0.682178736
5804,0.0819989964,-0.790401876
5805,0.69858712,-1.87920582
5806,-1.34440124,-0.713639736
5807,-0.607742667,-0.994637668
5808,1.4880048,0.0276150536
5809,0.638440132,0.80485034
5810,-0.829023063,-2.25227308
5811,0.832220197,1.93538427
5812,-0.40319857,1.10722494
5813,0.0697664618,0.3807787
5814,-1.36499298,-1.71283829
5815,-0.980892062,0.580302715
5816,-0.00274512637,2.11245871
5817,-1.72780991,-0.690701425
5818,1.90705156,0.271634817
5819,-3.70350027,-0.402252406
5820,2.25457859,0.103187829
5821,1.74422443,0.67044276
5822,2.14119816,1.17714465
5823,0.304036438,0.0575612932
5824,0.050194297,-3.11610436
5825,0.910745144,-0.467951804
5826,1.09156001,0.0246986486
5827,0.487998605,1.05514228
5828,-0.156920627,-1.08816969
5829,-1.05818868,-0.62561202
5830,0.00357527495,-0.339092135
5831,1.45560682,0.965808272
5832,-1.06224644,-0.171776116
5833,-2.49506426,0.299602598
5834,0.459330887,0.38924852
5835,-1.3290143,-1.33722544
5836,-0.375340611,-3.70265484
5837,-1.64161503,-0.356624305
5838,1.60215735,-1.05940628
5839,0.601635098,-2.04855418
5840,-0.562493682,0.382646054
5841,2.67982197,-1.98427272
5842,-0.188329399,-0.119915329
5843,-1.30143034,-0.712546349
5844,-0.013568853,-1.29224658
5845,-1.58256972,1.31266892
5846,-0.0898597986,1.28847468
5847,1.11888909,-0.324817032
5848,2.0309155,-0.988829434
5849,-0.11046657,-1.50908768
5850,-1.42187274,-0.818900704
5851,0.26632449,0.0606543496
5852,-2.44233871,-2.68478274
5853,1.10244739,-0.355081588
5854,-0.152451053,1.57097745
5855,-0.306569457,0.097897619
5856,0.275386363,-0.308700532
5857,0.91213721,0.269297779
5858,0.107530504,-0.406989425
5859,-1.52124143,-0.753744423
5860,0.31286189,-0.090434067
5861,1.4766804,0.645971417
5862,-0.104829878,0.327976763
5863,-0.145752415,-0.187216803
5864,-2.43544149,-1.091313
5865,0.0734471157,-1.42197049
5866,0.15315713,1.12753129
5867,-0.390165001,-0.922496676
5868,0.541111887,-1.57593036
5869,0.30673942,-0.387872308
5870,2.82144904,2.02559996
5871,-0.372810841,0.208781973
5872,0.671987355,1.23984885
5873,-2.3512857,1.07213724
5874,-0.962918222,1.11805749
5875,-0.359959573,-0.461295754
5876,0.291266173,0.30897975
5877,1.96306407,0.686965168
5878,-1.18195355,0.866511047
5879,-0.414126635,0.453626692
5880,2.30349636,-0.448490113
5881,0.0502743013,1.50404549
5882,0.628040075,-0.0296576899
5883,-0.192636788,-2.45079374
5884,-2.49652386,1.09508669
5885,-0.552681088,-0.103585847
5886,0.638371468,-1.20687175
5887,0.129882872,2.27287006
5888,0.0235920157,0.0485830642
5889,0.0660579503,0.37742728
5890,-0.0685226172,1.29568481
5891,0.546682656,-0.671952784
5892,-0.382433563,0.134675041
5893,-1.62089324,-1.31677902
5894,-1.40645421,-1.19765115
5895,-0.431472212,2.55259943
5896,-0.0168059655,-1.15321326
5897,-1.01995206,-0.0984233171
5898,0.0860849768,0.0510822572
5899,1.51279223,-0.165103599
5900,0.734226644,0.245894954
5901,1.52385509,0.568700731
5902,0.27327475,-0.467249662
5903,0.170363799,0.0941626057
5904,0.346957833,-0.751152515
5905,0.812820613,0.187382594
5906,-2.0018754,-0.212959215
5907,0.54718107,-1.84568799
5908,-0.404251993,3.06163216
5909,-0.127813488,1.1387049
5910,-0.135084137,0.346708894
5911,-1.33973622,-2.06947827
5912,-0.15671061,-0.0862349421
5913,0.59221375,0.643377721
5914,-0.977294743,-0.532062829
5915,-0.210882962,1.09254956
5916,-0.696525156,-0.366628021
5917,-1.03869629,1.71534669
5918,-1.91855657,1.002424
5919,0.738116443,0.436279207
5920,-1.8981576,1.11629212
5921,0.0278000217,-0.34184745
5922,-1.13724697,-1.60417283
5923,0.0932846814,-0.282990366
5924,0.501138747,-0.630049586
5925,-0.432924688,2.9258697
5926,-0.0246419758,0.91817981
5927,-0.636957824,1.73414874
5928,0.505459964,0.0842515901
5929,1.24624312,-1.63555264
5930,0.166404739,-0.676610589
5931,0.315138906,0.33336997
5932,-0.975853741,-0.692516506
5933,0.605433583,3.89321184
5934,1.68102086,0.406041712
5935,0.611810327,-1.04165542
5936,1.70043969,1.20111418
5937,0.626632512,0.0200389083
5938,-0.666776478,-1.4153657
5939,-0.410782635,1.27802277
5940,0.527883112,0.666426957
5941,0.25677821,-0.411288798
5942,1.16125405,0.340988845
5943,0.978532374,2.01536989
5944,-1.4646579,-2.08762193
5945,0.53882432,1.08767462
5946,1.24973655,-0.0168675408
5947,1.94173574,-0.181840658
5948,0.663003862,-0.513093531
5949,0.00463341223,-1.50893736
5950,1.84411728,-1.42319834
5951,0.526991308,-1.26571584
5952,-0.465475053,-0.429470658
5953,-0.149201423,0.281837493
5954,-0.280150265,-0.283435464
5955,-0.142205968,0.784609258
5956,-2.58124852,2.07163811
5957,1.94544971,-1.76549315
5958,0.0235194117,-0.296425521
5959,-3.056288,-3.33387709
5960,0.119497664,-0.11829976
5961,0.28372559,-1.58932936
5962,-0.37211296,0.798653603
5963,0.56971699,-1.34617078
5964,-0.441917211,-1.12527478
5965,0.243437931,-2.55697131
5966,-0.368609071,-0.0146543905
5967,0.438412517,-1.01794469
5968,-0.294594556,2.4238348
5969,-0.000555811566,-0.212358221
5970,0.236146614,-1.39496529
5971,-4.02113962,-1.87038398
5972,-0.281456321,0.0582462177
5973,-2.01573348,0.638841987
5974,1.14926445,1.76941776
5975,2.93753767,-0.54610008
5976,0.676788509,0.217894778
5977,0.10794159,0.748223782
5978,-0.705301762,-0.0424041972
5979,0.0516144596,-0.363553345
5980,-0.3483527,-0.205615133
5981,0.554023266,-0.22861129
5982,-0.0624488145,1.15106952
5983,0.261475265,0.168181136
5984,-0.382566988,-0.0734668821
5985,-1.79882312,1.19522727
5986,-0.328110576,0.326457918
5987,0.0300344583,1.08521414
5988,1.53213465,-1.70783401
5989,0.487886071,-1.66116095
5990,-0.137916461,-1.16191244
5991,-0.250980407,-2.39681053
5992,2.60793972,2.03312969
5993,0.736740708,-3.16060734
5994,0.0125198578,-3.42229748
5995,0.885658383,0.621593952
5996,0.878602028,-0.131204858
5997,0.746764481,-1.06279755
5998,-0.361388296,0.277567178
5999,0.0440611281,-0.23786661
6000,-0.676541865,-1.3768537
6001,-0.108772755,1.26872993
6002,-0.693918824,0.463215351
6003,-1.47476113,0.986335158
6004,-0.115705118,-0.225035787
6005,-0.123299889,-0.114145167
6006,0.161325708,1.92373955
6007,-0.159050882,0.193419144
6008,-0.275415272,1.60763574
6009,-0.0478780381,0.234545514
6010,0.127740785,0.0046692742
6011,0.205986634,-0.484053254
6012,0.284978181,0.00337201217
6013,2.33079147,3.04668689
6014,0.503711939,2.55898595
6015,0.492737889,-0.657810271
6016,-0.16956006,1.04352367
6017,-0.0285788924,-1.11675215
6018,-0.72064805,0.436636567
6019,-0.297411829,0.136827022
6020,-0.874428511,0.73296088
6021,1.80489433,2.41502833
6022,-1.70018744,3.40826845
6023,1.98282969,-0.345996082
6024,-0.0977329984,-2.56983781
6025,-1.38811469,0.913873374
6026,-0.267738849,-0.0103085907
6027,-0.549916089,0.544706464
6028,-0.713609219,-0.353985339
6029,-1.92976844,-1.84860373
6030,-0.133492142,1.6700598
6031,0.0515725724,-0.588264406
6032,0.278463423,-2.38977385
6033,-1.60401547,-1.16708338
6034,0.103287444,-0.342492431
6035,-0.966007411,0.578534305
6036,-0.436063439,0.00397921074
6037,0.821314692,-0.727749884
6038,0.960788846,0.125217855
6039,0.133185089,0.5053249
6040,0.890685141,-0.320416242
6041,0.126754805,0.754334092
6042,-0.473212302,-0.130612209
6043,1.74695325,1.91980112
6044,0.106355816,2.2429986
6045,1.59235704,-0.068099454
6046,-2.42540169,-0.682050943
6047,0.869465292,1.08555496
6048,-0.598996282,0.11299257
6049,-0.20678556,0.106414467
6050,-1.97099531,-0.592601717
6051,0.474159062,-0.698406339
6052,0.170758724,4.40837431
6053,-0.169690609,-1.16471291
6054,0.451159298,-0.247743756
6055,0.0785605162,0.933108926
6056,1.01973641,-0.936877728
6057,-0.113394186,-1.90321851
6058,1.1072073,-1.03616679
6059,-0.332345933,0.156464607
6060,-0.333301485,1.2712394
6061,0.0966968536,0.236896783
6062,1.15983772,-2.53427863
6063,-1.47338021,1.2958343
6064,-2.45802522,-2.27300858
6065,-0.26627627,0.00145017041
6066,2.76949096,-0.287286967
6067,0.935171723,-1.50472176
6068,0.25236702,1.929703
6069,1.81442308,1.43807995
6070,-0.135495499,0.416403502
6071,1.40121353,0.625426531
6072,0.384680361,-1.85176992
6073,2.04518628,0.00368610141
6074,2.19004655,0.448783368
6075,1.26311076,-0.524500191
6076,-0.843636453,0.667382598
6077,0.135932431,-0.210117117
6078,2.10741615,1.39729559
6079,2.10411596,0.210928217
6080,1.78077352,-1.90684605
6081,0.576892138,0.0424703099
6082,0.634625852,1.7072016
6083,-0.235969126,-0.591322482
6084,-0.0433725677,0.358822882
6085,0.190285251,-0.117089398
6086,-0.740094483,0.478544325
6087,-0.744932353,-1.87343848
6088,-1.28826654,0.150873408
6089,0.726050138,1.02770317
6090,1.60080457,0.505687296
6091,1.11947453,0.376101732
6092,-0.577624321,1.02815294
6093,0.375112265,0.991980433
6094,1.52309883,1.40253198
6095,1.59825552,0.274277508
6096,-0.926281214,1.35690367
6097,-0.0297289379,-0.487917364
6098,0.476638764,-0.488503337
6099,-1.21817887,-2.04482889
6100,1.41824424,1.21529841
6101,-0.121768229,-0.245080754
6102,0.116453283,0.156311259
6103,-0.266156882,-0.0838533044
6104,0.434018731,0.706400335
6105,1.56859148,0.271889627
6106,2.23919725,-2.59634423
6107,2.33344173,-0.261900485
6108,0.212297216,1.48834443
6109,0.241177291,-1.71575844
6110,-0.798808515,-0.494096249
6111,-1.8973695,0.326497763
6112,-0.425799936,-0.732528269
6113,1.17442167,1.81645525
6114,0.0854159668,0.26230979
6115,1.30173576,2.4054296
6116,-0.782032788,0.45444265
6117,-0.98573637,-2.97070909
6118,0.449263811,0.384155065
6119,-0.308116198,-2.54684234
6120,1.22412729,2.92500162
6121,-1.82066965,0.0295252968
6122,0.238031581,0.344879538
6123,-1.53691936,0.137493864
6124,-0.533031702,0.614132345
6125,-0.545652866,1.23370874
6126,-0.0101034259,0.463285893
6127,-1.64186215,2.84811974
6128,-2.93619752,-1.94780672
6129,-1.33347011,-1.14253962
6130,-0.598044515,2.63631082
6131,2.17077947,-0.489940554
6132,0.66133523,-1.25049531
6133,1.53142083,-0.290727466
6134,-2.37907887,-1.62561822
6135,3.42425704,3.20088506
6136,-0.568571985,0.228727177
6137,2.3230927,-1.6378895
6138,-0.220977232,-0.631091356
6139,-0.835840046,-0.282301605
6140,0.349033922,-0.340299904
6141,-0.0300594326,-0.184313029
6142,-0.512901068,1.85688782
6143,-0.0326371603,0.362858653
6144,-0.566218078,1.23507035
6145,1.90549743,-0.00875822827
6146,-1.19788098,2.47139788
6147,-1.74184108,0.455049932
6148,0.803496897,2.05554056
6149,0.566097498,0.722182989
6150,0.851499319,0.0270544421
6151,1.70609665,-1.46868503
6152,0.360039562,-1.28040421
6153,1.73660195,0.399850368
6154,-1.70649517,0.281640351
6155,-0.383280218,-0.97796607
6156,0.336425573,-0.54121685
6157,0.936640859,-0.688982785
6158,0.993805945,0.00994239934
6159,-0.162546486,0.920415223
6160,-0.106536359,-1.08477104
6161,-0.793328643,0.995435715
6162,-2.51523042,0.381462485
6163,-0.0546431616,-2.75348687
6164,0.411926538,0.36177963
6165,-1.63911057,0.391250491
6166,-0.141113266,-1.71293581
6167,-2.23034191,-2.48314476
6168,-0.940573335,-0.656649053
6169,-4.37335777,-0.169750929
6170,-0.811664224,0.953064144
6171,0.336653948,-0.326083243
6172,-1.12485099,-0.8169927
6173,-1.9459753,-0.955190182
6174,-2.67021203,1.98588347
6175,0.492162466,0.913811147
6176,-0.081815362,-0.22098203
6177,2.3641932,-0.412433147
6178,0.731021225,0.243202001
6179,1.58203483,0.00376869692
6180,2.3833003,-0.403314859
6181,-1.30365276,3.25267315
6182,0.648842931,2.65435171
6183,1.10036135,-0.524825931
6184,-0.0545720644,0.227756456
6185,-1.21605885,0.531654179
6186,0.956262231,0.515711427
6187,0.0433508419,0.745200634
6188,0.540115714,-0.658475697
6189,0.229684442,-0.0210808106
6190,-0.0945137516,0.21204944
6191,-0.211914495,0.082976602
6192,-1.24100733,-1.48418736
6193,0.43730399,-0.751292706
6194,0.63277483,0.852546692
6195,1.32405889,0.0324878879
6196,-0.852172434,0.110863507
6197,-0.606740117,0.284822255
6198,-0.312182188,-0.110153884
6199,1.53936434,-0.776227236
6200,2.5426898,-0.449178487
6201,-0.038678389,0.633288503
6202,-0.033940658,0.550895452
6203,-1.73509204,-1.33285117
6204,-1.74501479,-1.15532136
6205,3.15064383,-0.0410648324
6206,1.35513163,-0.288904548
6207,1.12992167,-0.147411451
6208,0.192556188,-0.247671783
6209,0.517516136,1.06878746
6210,0.10908027,1.88642728
6211,-1.45660746,0.399148524
6212,1.65004086,-1.8040458
6213,0.532896817,2.40485525
6214,-3.36249852,0.226204544
6215,2.00042081,-1.01885641
6216,-0.703116715,-0.682823718
6217,-0.0572933741,-0.118207864
6218,-1.83189547,1.35878563
6219,0.274151146,-0.287036538
6220,0.447115242,-2.44447637
6221,-0.0835440084,-0.353455573
6222,-0.0535976291,-0.790617764
6223,-0.250532359,0.583747268
6224,2.16328979,-1.52774143
6225,0.289109141,-3.25505519
6226,0.10184411,-1.54830372
6227,0.613961279,0.937024891
6228,4.35145092,-1.28257644
6229,-0.572357059,1.29484987
6230,0.198438212,3.68891478
6231,-1.11855471,-2.91945386
6232,-0.382634073,0.295251697
6233,-2.29315877,-0.975240767
6234,0.667398572,1.01012385
6235,0.30694136,0.351039708
6236,0.628202975,-3.30992389
6237,-0.502667189,2.29594517
6238,0.814099312,0.427500069
6239,-0.15953517,-0.240649521
6240,0.827575207,-0.535069406
6241,0.258177489,-0.0854947865
6242,-1.38565874,-0.0482592247
6243,0.298658371,-0.78444922
6244,0.537437439,-0.296051711
6245,2.57723427,-0.485180318
6246,-1.06627882,-0.130306214
6247,-0.355668485,0.968468368
6248,3.17916775,0.960517347
6249,1.09702969,1.07179606
6250,0.331085533,0.616213858
6251,0.733155251,1.45182216
6252,-0.209608793,0.555145025
6253,-1.10043943,-0.339826316
6254,1.79969215,1.67060959
6255,0.344825476,0.481406659
6256,-0.623427987,-0.619778693
6257,-0.244171962,-1.13349986
6258,-0.178324252,3.09538412
6259,0.311909407,0.495042622
6260,-0.359547138,1.18060791
6261,0.044126682,-0.236380085
6262,-0.0403602794,-0.868454754
6263,-0.601248503,-0.299074084
6264,0.269488513,0.182045192
6265,-0.655428588,0.84718895
6266,-1.23753333,-0.113959387
6267,-2.96872687,-0.437891781
6268,3.71489835,1.32250416
6269,-0.629549503,-0.909057617
6270,0.869990349,-0.446471781
6271,0.250964761,-0.062671721
6272,-0.613674164,0.233203083
6273,0.0140052736,-0.815496266
6274,-0.835030794,-0.452977955
6275,2.12409043,-1.72014141
6276,-0.150017932,2.41607952
6277,-0.0986353606,0.94630444
6278,-0.89090693,2.05105805
6279,1.16052258,0.674952626
6280,-0.166976616,-4.59734656e-06
6281,-0.159514606,-0.154263273
6282,-1.13597095,-2.77960825
6283,-0.902143359,-0.911401927
6284,0.364948809,0.114741668
6285,-0.438988388,0.164085031
6286,-1.24424946,0.422408283
6287,-0.765196919,0.189131215
6288,-0.0319782197,-1.53598714
6289,-2.14067292,-1.4145813
6290,1.06253242,0.0940910131
6291,-0.0529703051,1.64249825
6292,-0.908248127,-0.919541895
6293,-0.351783603,-0.563583255
6294,-1.56329477,1.45727956
6295,-0.132842943,1.69931471
6296,-0.69037044,-1.14574671
6297,-0.611679792,0.325679243
6298,-0.79418838,0.0713638812
6299,-2.04629564,0.4796516
6300,2.17420936,-0.696358263
6301,-0.530529261,-1.33495903
6302,2.03329563,-0.931333363
6303,-0.737612247,0.135424703
6304,0.0678110048,-0.156271219
6305,0.241402075,-0.317742229
6306,-0.0185372774,-1.0074383
6307,1.17073345,-1.24470878
6308,-1.41629553,0.106015213
6309,1.45239174,-0.560346961
6310,0.502668679,0.299438834
6311,-0.648754954,3.34849453
6312,-0.0894116089,0.358255208
6313,0.319067508,0.0503683798
6314,-0.523109734,-0.4627707
6315,0.989216626,-3.57827139
6316,0.0269971173,-2.00293279
6317,-1.07282162,0.124291226
6318,-1.05360997,-0.739246309
6319,1.44969082,0.859042168
6320,0.809716225,-0.257720947
6321,-1.30171049,0.808589876
6322,-0.797356665,-1.22646129
6323,0.0859080479,1.66598451
6324,0.765053153,1.08435023
6325,0.178180456,-0.798472285
6326,0.2409852,-0.664098501
6327,2.91203237,1.14023757
6328,-0.167134523,0.261346012
6329,-1.07234049,0.160960928
6330,-1.37927926,0.144433707
6331,-0.150604069,0.146641612
6332,0.063800551,0.187263399
6333,-1.26377141,0.690789998
6334,-1.16979837,1.62698412
6335,0.399822652,-0.761874139
6336,-1.50763929,0.0701206401
6337,1.45116174,0.315454751
6338,0.802819431,0.118661337
6339,1.05084622,-1.32414305
6340,-1.63296902,0.337290049
6341,2.73155975,-1.98091221
6342,0.52177906,0.218086481
6343,-1.72280777,0.438636214
6344,0.879324138,0.611603916
6345,-0.45024848,1.49980664
6346,-3.29622197,-1.59393823
6347,0.825691819,-0.543046951
6348,0.423062444,0.356978536
6349,-0.898480833,-0.527036726
6350,0.103869215,-0.748295724
6351,0.94809252,-0.550310552
6352,1.04746878,-1.38100183
6353,1.90203202,0.751955509
6354,-0.658390224,0.0791415945
6355,-0.19586876,-0.487197876
6356,0.268169761,-0.241731718
6357,-1.89448929,-2.00075364
6358,-0.128597781,-0.241572067
6359,-0.0646058619,-0.0645255074
6360,1.14225233,-0.195206925
6361,0.612272143,1.95225084
6362,1.39898586,1.00981116
6363,-1.17799509,2.14179826
6364,-0.0468711182,1.30791152
6365,-1.79008436,0.905350745
6366,-1.31509304,1.01006734
6367,-0.0798054263,0.950404763
6368,-1.24324739,0.657446623
6369,-0.750320375,-1.17621601
6370,-0.212015107,-0.539846957
6371,1.14589918,0.809658647
6372,0.145276785,0.616588175
6373,-0.729158342,-1.39346898
6374,-0.0788211748,-0.726007044
6375,-0.891167879,1.11279523
6376,0.906347632,-1.53221095
6377,0.649845004,0.0252138786
6378,0.859481871,0.215731278
6379,-0.325356364,0.600613475
6380,1.48586094,-1.51717877
6381,-0.353334218,-0.723791003
6382,0.378109992,-3.33688712
6383,-0.557501495,1.4961617
6384,-0.532405198,-0.549540043
6385,-0.600528538,3.22923017
6386,1.88225114,2.19881678
6387,0.363867134,-1.61825442
6388,-0.0832932442,0.192860872
6389,2.49067712,-1.38412654
6390,-1.37069523,-1.48144019
6391,-0.666945517,-0.627166927
6392,0.232641056,-1.65093458
6393,0.303639412,-0.289669722
6394,-0.130347669,0.175846025
6395,-0.375380814,-1.1169467
6396,0.696682394,1.4227792
6397,-0.0991400182,-0.856978476
6398,0.560791194,1.20454633
6399,0.590869963,-1.15208364
6400,-2.44035339,-1.70191848
6401,-0.00451285299,-1.51700532
6402,0.999300599,1.49904549
6403,-0.183154926,0.0953261331
6404,-0.594231844,-1.43884242
6405,-0.569837093,-0.00355071435
6406,-0.342021763,-1.40868235
6407,0.804566085,-1.3052119
6408,0.902380884,-3.46064401
6409,-0.303684324,-0.0969914794
6410,-1.44618404,-1.5494051
6411,-0.815223515,1.56650221
6412,0.231897697,0.392581969
6413,2.62664771,-0.0301119592
6414,-0.371662736,0.324461877
6415,-0.349361509,-0.173463538
6416,1.19901371,-0.88370657
6417,1.66745448,-2.16378355
6418,-2.2014451,2.24532533
6419,-1.01001537,2.85321259
6420,1.08360481,-2.44494128
6421,-1.35546398,-0.126038924
6422,-0.124200448,0.100942321
6423,-1.60908532,1.03717363
6424,-0.167503968,-0.409139037
6425,-0.400533646,-2.52110553
6426,1.62570143,-1.50592303
6427,-0.886305809,1.69174242
6428,1.07851911,-1.79153347
6429,4.90490866,0.36082536
6430,0.170022443,0.131247148
6431,-0.71594435,-1.70414484
6432,1.05680585,-2.39187241
6433,2.25720048,-2.54711223
6434,1.11131823,-1.39633107
6435,-3.66757798,2.98021317
6436,-0.608451903,-1.63549328
6437,1.27719426,-1.33566809
6438,0.43507576,0.266899824
6439,0.784364283,0.181611821
6440,0.147312075,0.204232037
6441,-0.6680547,-2.0777185
6442,-3.36557937,-2.21769929
6443,0.531585515,-0.261260718
6444,-0.778992593,-0.386964977
6445,0.631313384,-0.784149051
6446,0.0428486317,-2.01973796
6447,0.375736833,0.0338995233
6448,0.346702188,-0.0598935038
6449,0.119581059,-1.06411719
6450,0.143230274,-1.88098657
6451,0.216110617,1.52348042
6452,-1.38103902,0.152928784
6453,-4.11748838,-0.624597788
6454,-0.914374828,0.0219848976
6455,0.0676286668,0.167257175
6456,-0.0788493827,-1.52571845
6457,-0.938493133,0.156420618
6458,1.22811997,-0.601712942
6459,2.44157243,-0.527849138
6460,-2.10346246,0.257209897
6461,-0.221410453,-0.715566158
6462,-1.14391422,1.07735884
6463,-0.210684791,0.868671417
6464,0.996153295,1.07806218
6465,1.3347466,-1.22858238
6466,-0.127762184,-0.0305474792
6467,-0.101032227,0.415412635
6468,-1.91045046,-0.323640913
6469,3.0164907,-1.96599543
6470,-0.409430504,0.35764882
6471,-0.314348072,-0.087000683
6472,0.886103332,1.46950114
6473,-0.488652498,-1.38447511
6474,0.130638346,-1.82106996
6475,1.15822327,1.80927706
6476,1.56563926,0.0807597563
6477,1.34142935,1.54576886
6478,1.43398273,-0.0210195594
6479,-0.322540909,0.789763033
6480,-1.13872159,-1.83920538
6481,2.02000856,-0.385050446
6482,-1.28580761,-2.73490763
6483,-0.521998703,-1.87850416
6484,2.4102149,0.70616895
6485,0.982213497,-0.467572063
6486,-1.37030435,1.5482285
6487,0.315801561,-0.0987129956
6488,2.39794874,-0.199851468
6489,-2.06535149,1.40712869
6490,0.792430043,-0.938718319
6491,-2.97938871,2.6114285
6492,0.457865536,0.569346547
6493,-0.397672474,0.0330621488
6494,-0.438108772,-0.465730995
6495,-1.14954841,0.504263401
6496,-4.68406868,1.95047879
6497,-0.382657051,0.270103514
6498,0.269753754,-0.365063608
6499,1.23233163,0.00344580179
6500,1.9456166,-0.148643181
6501,0.215211183,-0.142388314
6502,-4.74676561,0.329970628
6503,0.83359915,-0.437770426
6504,2.31835556,-0.72734648
6505,0.118994646,0.414226979
6506,-1.18261886,-1.05732346
6507,0.932069659,-1.22048819
6508,-0.67372632,0.770295203
6509,-1.3228035,-0.480588138
6510,-1.08908653,-1.15673542
6511,0.0827715695,0.510391831
6512,1.01520324,0.130663678
6513,-0.376178801,0.981700718
6514,0.865028083,1.07666647
6515,1.12628138,-0.275710195
6516,-0.072930716,-1.63210237
6517,0.289884478,0.803951561
6518,-0.00628851028,-0.597022533
6519,-0.700778663,-0.089540258
6520,-1.34037852,-0.285477996
6521,0.0597104579,0.65772444
6522,-1.64758205,-0.115332216
6523,0.789230585,0.0184231624
6524,0.22277163,0.528597474
6525,2.23981428,0.626433074
6526,0.00267460058,2.63323402
6527,-1.5606302,2.78616095
6528,-1.15585315,-0.840814412
6529,0.504881203,-1.59445155
6530,0.154553622,0.0587926842
6531,-0.367019147,-0.216060087
6532,-0.809000492,0.734344423
6533,-0.524547994,0.405754417
6534,0.761877894,-0.593929648
6535,1.20661879,-0.502124071
6536,-0.48115319,-0.674646795
6537,0.209608495,0.538877964
6538,-1.81335509,0.118120871
6539,0.0273660813,1.2658298
6540,0.486679941,-1.35824287
6541,0.639044225,2.02630591
6542,1.39551616,-0.236385867
6543,0.451716751,-1.22938573
6544,-1.65449274,-0.0344870314
6545,2.32396293,0.790858567
6546,-1.43244314,0.785096407
6547,-0.603332043,-0.0235085245
6548,-1.15168929,-0.048855599
6549,-0.843399644,-1.01288736
6550,1.0110811,-0.112008989
6551,0.198884845,-0.445761889
6552,-0.163859621,-2.06366158
6553,-1.83521521,1.3092469
6554,-0.402822733,0.587921977
6555,3.5919888,1.34582031
6556,-2.0814538,0.532034159
6557,-0.0320548303,0.166445613
6558,0.952396274,1.38099468
6559,-0.74230653,0.286283672
6560,-1.40032983,0.263812184
6561,0.0878720507,0.169111639
6562,0.123800591,0.589203179
6563,0.00340499589,-1.1851033
6564,0.22100611,0.819511294
6565,-0.325308979,-0.79510498
6566,-1.86430883,-0.0768318549
6567,-0.269234389,-0.35893026
6568,-0.395839781,-0.629061282
6569,-0.493443847,1.33204377
6570,-0.394534528,-1.42486572
6571,1.47772586,-2.93880653
6572,2.25417829,-2.54869747
6573,0.842692912,0.729433298
6574,-1.60574317,-0.434446096
6575,-1.14112842,3.06622815
6576,-1.16574097,-0.502915025
6577,-0.823393047,1.46355128
6578,-0.97276777,-1.15791428
6579,-0.183057114,1.00192893
6580,0.424791485,-0.89088285
6581,2.01767468,-0.59387356
6582,1.59215856,-0.446412414
6583,-0.217707023,0.124001116
6584,-0.424216837,0.898861885
6585,-1.926319,-1.6787318
6586,1.1104511,1.30746818
6587,0.043631006,-1.39331901
6588,-0.11352323,0.710018933
6589,-2.03262687,0.0826287642
6590,-1.40854001,-2.4950788
6591,-0.304376155,-0.997230828
6592,0.0507550128,-1.26627791
6593,0.914855778,0.325043052
6594,0.919597507,0.314092517
6595,-0.312045932,-1.57328963
6596,1.00589275,-1.19242346
6597,0.0820900798,1.74715018
6598,-0.249223098,-0.307338297
6599,-1.39010882,-1.20403135
6600,0.0627601072,0.133319005
6601,0.830085754,0.0195919666
6602,-1.34601891,-0.0753019676
6603,-0.0804646909,-0.0933032036
6604,0.127303869,1.92302728
6605,-0.936977327,1.44067895
6606,1.30495405,0.336410314
6607,0.198778465,0.329754204
6608,0.0578759126,-0.351931542
6609,0.865528226,0.897646785
6610,0.549004436,0.0172819626
6611,-0.440492481,-0.0610563569
6612,0.0456871651,-0.503834844
6613,0.69652468,0.401178956
6614,1.15691829,-1.40234339
6615,-0.678804576,-0.838607311
6616,0.468520224,-0.274117857
6617,0.252570301,1.69394994
6618,0.482056886,-1.16104949
6619,-1.12830615,-0.890833199
6620,-0.512976944,0.375111669
6621,-0.0557813309,2.97720838
6622,2.09328246,-0.74853456
6623,2.28349972,3.04676986
6624,0.355310917,0.694190621
6625,0.689230919,-0.841882586
6626,-0.536371052,-1.1235888
6627,0.0996137857,-2.82099819
6628,3.00900149,-2.14644122
6629,-0.543613315,-1.05860031
6630,-0.162863597,-0.0889827162
6631,0.465196282,0.444899142
6632,-0.032788977,-0.352771848
6633,0.107987508,-2.89516711
6634,-0.557599247,0.0389804095
6635,2.55269146,1.00212741
6636,1.38392973,0.616305053
6637,0.239290327,0.0668749362
6638,-0.897104144,-0.0392436124
6639,0.791677237,-0.733596802
6640,1.10937583,0.900268853
6641,0.946520448,0.712515414
6642,1.25188613,-0.241089866
6643,0.294334173,-0.0330356471
6644,1.38467908,0.318238288
6645,-0.537180007,-0.72436136
6646,-2.26824474,-0.16167587
6647,0.979531229,2.92412543
6648,-0.565894127,-1.45978999
6649,-0.3107315,0.689579368
6650,1.25651765,1.23231304
6651,0.361217678,-1.43326223
6652,0.372899503,0.838313103
6653,0.817672014,-0.494895697
6654,0.340001911,-0.59871757
6655,3.57821321,0.742486179
6656,-0.586736441,-0.74144119
6657,0.510593712,0.364404768
6658,-0.0741833523,-0.403858721
6659,-0.59614867,1.7934767
6660,-0.383024931,-1.04518759
6661,0.46164915,-0.783986449
6662,-0.0998313725,0.343892545
6663,-0.441148549,0.69637531
6664,-0.103341155,1.62898016
6665,-0.147449747,-0.344274998
6666,-0.791214645,0.467676669
6667,2.44022918,-1.89917696
6668,0.594344497,-0.0645456761
6669,-0.20560874,0.073892504
6670,0.402314514,-0.315325797
6671,0.330845356,-0.169230491
6672,0.321185201,0.0281332005
6673,-0.470781565,2.84255838
6674,0.0226699151,-1.95617044
6675,-0.389166087,1.34319687
6676,0.353133649,-0.329045445
6677,-1.56892848,-0.551331401
6678,2.32766151,0.0971568972
6679,0.751475155,-0.155580387
6680,-0.0285345111,0.227498785
6681,0.249654472,-0.209414467
6682,1.65792739,-2.96494079
6683,-1.34975719,-1.23903358
6684,-0.730495095,1.70586514
6685,-0.596242428,0.559301376
6686,-2.44991207,-1.15999341
6687,0.964706123,-0.255935043
6688,-0.398749143,-0.466149986
6689,0.776788056,1.02415764
6690,1.62590718,-0.234979421
6691,0.350955635,0.456984758
6692,0.0767779723,0.938805461
6693,0.28524214,-0.127241433
6694,0.120804057,0.218032926
6695,-0.80170095,1.82899559
6696,1.24483919,-1.59219742
6697,-0.229625776,2.96874928
6698,0.999220788,-0.027840538
6699,1.13293386,-0.892062068
6700,0.384319216,-1.4794966
6701,-0.415222347,1.31390357
6702,1.99125588,-1.57847977
6703,0.426144511,0.440912515
6704,-1.3740201,-0.769134521
6705,-0.0670135617,-0.573569
6706,1.96659255,-0.102425754
6707,-0.0658740774,-0.744422853
6708,-1.29175484,-0.355754256
6709,-0.976627827,-0.0476457365
6710,0.462011635,-0.884914935
6711,-0.122281082,-1.22753048
6712,-0.00112641614,1.19205368
6713,-1.05191493,-1.32621241
6714,0.54521507,0.262067616
6715,0.187430054,-1.07410312
6716,0.359869868,0.174409896
6717,0.245712072,1.39650524
6718,-0.560687184,-0.162021637
6719,-0.395229548,0.645717502
6720,-0.126051873,0.0841576681
6721,0.669830918,1.48323894
6722,-3.21420527,2.29857969
6723,-0.638039768,0.634161174
6724,0.0920379609,-0.168321043
6725,-0.819716156,-1.22540617
6726,-1.11434042,-1.14970994
6727,0.0337548777,0.232455507
6728,3.84002447,1.79467583
6729,-1.53374648,-0.0290378351
6730,0.230338171,-0.178926915
6731,-1.98416674,-0.365921825
6732,0.936766744,0.851753354
6733,1.3939141,-0.123910137
6734,-0.857483864,0.299087405
6735,0.356894135,-0.565527797
6736,0.0916602761,1.84686363
6737,0.338312835,0.963953853
6738,1.66759193,1.75013018
6739,1.39736843,-1.34009719
6740,0.179630026,0.398970306
6741,0.551691949,1.46706188
6742,-0.171853662,-0.558202505
6743,0.126436815,1.26316845
6744,1.78784025,0.686893225
6745,0.275018364,-1.82112849
6746,1.75248623,1.22739458
6747,-1.3850913,0.0386657119
6748,-0.0610236861,0.49621138
6749,-0.37375319,-1.05913389
6750,-0.13793917,-0.14608638
6751,0.174041614,-0.288919419
6752,-1.21180069,-0.340858728
6753,0.228644729,-0.350250632
6754,-0.0975631624,0.130314097
6755,-0.722196341,1.2283299
6756,-0.720337749,-1.33035707
6757,-1.58330679,-2.22448444
6758,0.199587047,-0.772676826
6759,-2.85774422,-1.8098439
6760,-0.025517432,-0.300995082
6761,0.555359483,0.382403582
6762,0.0243331417,0.217863679
6763,-0.503371775,-0.0239039976
6764,1.10341597,-0.270278871
6765,-0.0993704945,-1.04547274
6766,0.204804242,-0.935152531
6767,-2.05975699,-1.04440725
6768,1.86834097,1.91032434
6769,-2.87316179,0.543544412
6770,-1.48760271,0.586329281
6771,1.12940514,-2.34115577
6772,-0.860152006,-0.125555679
6773,0.256088287,0.697317183
6774,1.84394896,0.828801155
6775,-4.89509153,-2.18392658
6776,0.716163039,0.282396108
6777,1.23288882,0.261710167
6778,-0.277286887,-1.29782891
6779,-2.40047812,0.200019598
6780,0.899882495,-0.497212261
6781,-1.62765098,0.144974202
6782,-1.8089757,0.497279972
6783,0.382552654,-0.195920348
6784,0.976586044,-1.30268669
6785,-0.132312447,1.65892065
6786,0.474029511,0.318936676
6787,0.171827555,-1.41360795
6788,0.897640884,-1.74746871
6789,0.641849577,0.428246915
6790,0.512552321,0.644830346
6791,0.0551883057,-0.171461388
6792,0.590661287,-0.0773398653
6793,1.37787628,-0.741590858
6794,0.158169448,-0.0719455555
6795,0.374714196,2.84315014
6796,2.21013069,1.04510033
6797,-0.281216919,-0.873067319
6798,-0.431665242,-1.79121423
6799,-1.74891698,0.665855289
6800,-1.01749408,-0.430422425
6801,0.427380651,0.63615489
6802,-1.69601846,-0.745035708
6803,0.247482672,-0.184214726
6804,-1.46234965,-0.773017645
6805,0.154186517,0.136198446
6806,-2.80182576,0.754492819
6807,0.00055155484,1.07766104
6808,-0.624829173,-1.20582461
6809,0.244893402,-0.100733258
6810,-0.602504849,-0.554657817
6811,1.2472074,0.363960952
6812,0.347165376,-0.430063277
6813,0.540188193,0.515308678
6814,-1.46852612,1.12584841
6815,-0.898830116,-0.472893775
6816,-0.965103567,-0.903654218
6817,0.146666825,-0.11350254
6818,0.623506784,0.519409895
6819,2.84307408,1.12604666
6820,1.20994639,-0.338607788
6821,0.106566504,0.088140294
6822,-0.600676417,-0.966091216
6823,1.49449658,-0.763275266
6824,-0.513717532,-1.70331037
6825,0.142786384,-0.218470529
6826,-0.424119532,-0.308567613
6827,-2.39189529,0.63459152
6828,-0.30030039,0.596203446
6829,1.00739229,-0.20787105
6830,0.273922771,-0.43751815
6831,3.92596102,-3.84945989
6832,0.0832163766,-3.64261079
6833,-0.583044827,1.48587704
6834,-0.89971453,0.529862523
6835,-0.84757632,0.0106669748
6836,0.677073896,2.24748874
6837,-0.446669489,0.453637302
6838,-0.24791719,1.40012968
6839,0.906757414,0.0554384626
6840,0.247431427,0.547330618
6841,0.553109229,2.63990617
6842,-0.821955621,-1.88953817
6843,0.949374795,0.510998428
6844,-0.696331859,-1.19823945
6845,-0.281456232,0.106628619
6846,-0.324206084,0.104638398
6847,-1.83045232,-1.14001667
6848,1.11289454,0.389164239
6849,0.193263128,-0.401777774
6850,0.935893893,-1.58785379
6851,-0.0571698658,-0.129478455
6852,2.23163867,0.101068087
6853,-0.930362761,2.57699585
6854,0.372632235,-0.799010694
6855,0.102692649,-0.568311632
6856,-0.355413526,-0.457850486
6857,0.0364403129,-1.07107782
6858,3.72158313,-1.72790349
6859,0.935009301,1.33811748
6860,-0.420522213,0.889624298
6861,-0.700907171,1.34805727
6862,-2.66895986,-0.533670425
6863,0.311647624,1.25361192
6864,0.657747388,0.541384518
6865,0.129169419,-0.780924141
6866,0.266603082,-1.4712342
6867,0.609425068,1.04901755
6868,-0.422246277,-0.198375627
6869,1.68480921,0.76895237
6870,-0.416128695,1.29905951
6871,0.282084733,1.30021536
6872,-1.01132774,-0.557661891
6873,-0.752746403,-0.353349149
6874,1.06370437,-0.266789943
6875,-0.420621634,0.429603875
6876,0.765443444,0.791287184
6877,0.631408393,-1.96367514
6878,-0.580800176,0.856086254
6879,-0.091322802,1.89900529
6880,1.84193838,-0.354128182
6881,0.395461768,-2.02538276
6882,-1.18253255,-1.9000957
6883,1.25618851,0.690275908
6884,-0.0726385415,-0.150315434
6885,-1.41155839,1.02273858
6886,-2.2523365,-1.29088652
6887,0.226875871,-2.0674417
6888,-2.11487174,1.62368631
6889,-0.0911094099,-0.189605311
6890,-0.67291522,-0.280975521
6891,0.28705442,-1.8429662
6892,-0.720532775,0.230105534
6893,2.85218954,2.69294381
6894,0.885335565,-0.162827685
6895,-0.874098003,-0.335948139
6896,0.501966357,0.818303823
6897,-0.0468682759,1.03633535
6898,0.0915180892,0.136284664
6899,0.353790373,-0.587672114
6900,0.717880607,-1.06778288
6901,-0.0609212779,0.53801173
6902,1.09010553,-1.13559055
6903,1.07941484,-1.01236546
6904,-0.0253800731,0.911686003
6905,1.19477308,-1.27196229
6906,-1.31717813,0.579639137
6907,-0.88268441,1.01071084
6908,-0.397132576,2.83045077
6909,-0.0326240845,1.7543937
6910,-0.819391131,0.429213196
6911,0.825769186,1.34608054
6912,-1.20411742,2.67210436
6913,-0.237080216,-1.75827348
6914,0.787309051,0.930150867
6915,-0.591646194,1.33299732
6916,-0.779334426,0.54371506
6917,0.36067614,0.400195837
6918,-0.607825518,-0.369692653
6919,1.04402661,1.07650352
6920,0.332648367,-0.483300209
6921,0.132407844,-0.935153425
6922,-0.347447485,-0.019529555
6923,-0.0443363264,0.245048597
6924,-1.66633761,-1.72044253
6925,-0.0253815092,-0.177058518
6926,0.518156707,-0.362955183
6927,-2.03431797,1.12434661
6928,0.946010768,0.603004813
6929,0.829501331,2.38425875
6930,-0.435594052,-1.8108418
6931,0.313173681,0.291401595
6932,0.363608181,0.084622331
6933,-0.33098346,0.0351565704
6934,0.109608278,1.20526242
6935,0.853475451,0.854093552
6936,0.941877663,-0.683078051
6937,-0.23615016,-2.08434439
6938,-0.426056057,1.31971431
6939,1.53955245,0.0016416806
6940,0.104317121,2.01749873
6941,-0.363702565,-0.207539394
6942,2.38538074,2.84706426
6943,-2.83129358,-2.31885815
6944,-0.975177407,-0.67976433
6945,2.20142365,2.1240561
6946,-0.825497687,1.50769651
6947,-1.86107099,-0.37448886
6948,0.223239645,-0.846280754
6949,0.464580387,-0.222912252
6950,-0.209052444,-1.26284707
6951,0.0597190447,3.42294693
6952,0.753938198,0.631117165
6953,2.59784675,-0.719336331
6954,1.38059747,1.4669975
6955,0.343517005,-0.307087541
6956,0.819689631,-0.85783571
6957,2.26161528,1.02779377
6958,-0.153001323,0.0846439973
6959,1.8874315,-0.603317976
6960,0.753690362,0.589932442
6961,1.03739941,-0.198572725
6962,-0.997579932,0.00667475397
6963,-0.681062937,-1.65793681
6964,0.310616106,-0.104353681
6965,0.119566329,-0.960879385
6966,-0.548142433,0.569673717
6967,2.36743164,1.67146564
6968,-1.12142038,0.369541377
6969,1.21737492,-0.395726144
6970,0.348062605,-1.4372021
6971,0.436540872,0.274386674
6972,0.240093917,-1.62570405
6973,0.176916465,-0.207067043
6974,1.26751423,-0.828989327
6975,0.0164486151,0.83396095
6976,0.407476187,-0.506815076
6977,-0.0303599536,-0.668596506
6978,-1.3380692,0.098008886
6979,-0.0791079998,0.153451905
6980,2.21196294,0.549737096
6981,1.37294054,0.84972924
6982,0.148900673,0.102292538
6983,-2.91023588,0.911332488
6984,2.60106134,-0.0353953913
6985,0.00733813131,-0.123672366
6986,0.707278311,1.57330346
6987,1.19093025,-0.40870142
6988,-0.517290175,-0.201487303
6989,1.11682677,-0.186730474
6990,0.934981406,0.401437491
6991,-1.14036512,-0.418616772
6992,0.774716854,-0.154721841
6993,-0.295624197,0.0753802955
6994,0.0427806303,0.911314368
6995,0.804691136,0.396441042
6996,0.100095652,-0.293683529
6997,0.787229657,0.678545475
6998,0.200850204,1.1672684
6999,-0.775408268,-0.834276676
7000,0.0519942008,-0.487997413
7001,-1.17446566,1.88856232
7002,-3.50448012,0.206098378
7003,-0.20515129,-0.491065234
7004,-0.0287626255,0.354938924
7005,-1.06488931,1.04037905
7006,-1.51900995,0.834532082
7007,-1.50260592,-0.825747311
7008,-0.310718805,-1.30320668
7009,0.957763851,1.43957233
7010,0.881494164,0.552758336
7011,0.0314596519,-0.220975474
7012,1.80968237,1.72171605
7013,0.125092581,0.562950253
7014,-0.510859251,-0.87024796
7015,-0.350382924,0.719472945
7016,-2.09465933,-0.304735243
7017,-0.508101583,1.66757858
7018,0.86520493,-0.0304394141
7019,-0.667350769,0.986387491
7020,-0.219937548,-0.927120268
7021,-0.612753749,-0.676086545
7022,-0.81840229,-1.04482043
7023,-0.902941346,-0.432837188
7024,1.01459122,-3.5066433
7025,-2.8064549,0.498461753
7026,1.06020093,-0.28966552
7027,-1.73943257,-0.856711686
7028,3.74718261,-1.72971976
7029,0.192559376,0.122080289
7030,-2.52093577,-1.63308096
7031,0.554026186,-0.276292801
7032,0.0136675015,0.160976902
7033,0.64632386,0.549358845
7034,-0.550119698,0.849089444
7035,0.788469434,-1.02303576
7036,0.108788401,-1.74921119
7037,-1.20861411,0.952080965
7038,-2.03994679,0.417524666
7039,-0.392873764,0.623994648
7040,0.509641469,1.11941922
7041,0.103471324,1.11578608
7042,0.434619993,0.796555042
7043,0.395546019,-0.566361129
7044,1.53754878,0.555974245
7045,-0.789351106,-0.889829278
7046,0.680298746,0.228063136
7047,0.0902091414,0.915962398
7048,0.512568712,-0.442238688
7049,0.368459612,-0.530040085
7050,1.56651163,-0.815891564
7051,0.26832366,-0.905509293
7052,2.60789132,-2.64146328
7053,-0.809457958,3.46633029
7054,0.058843933,-0.194559947
7055,-0.154098332,-0.269006401
7056,1.21633613,0.516937256
7057,1.32555199,2.36032248
7058,1.20384622,0.15574038
7059,2.45255995,-0.617450714
7060,0.123406939,0.461175412
7061,-0.560359478,0.221935838
7062,0.65897733,0.483038306
7063,1.73050237,4.11316586
7064,1.35104883,-0.147192106
7065,0.197949126,0.174866006
7066,0.141907617,-0.165713936
7067,0.569071412,1.29656708
7068,-0.370914519,-0.166366771
7069,-1.24592543,-0.138237566
7070,-2.17272687,-0.28808865
7071,-1.10279262,-0.954596341
7072,-1.18353903,-1.59067464
7073,-0.185462087,0.0952944309
7074,-2.43185902,-0.99325192
7075,1.89015877,-0.190058514
7076,-0.47341001,0.270243019
7077,0.985400915,-1.61076581
7078,-0.902134478,0.674643338
7079,-0.927884221,4.07581663
7080,0.704230249,-0.0605272651
7081,1.27349532,-0.751487374
7082,-0.907335937,-1.81595147
7083,-0.426933169,0.0273208693
7084,-1.75466573,-1.92022717
7085,-1.95780516,-0.104930244
7086,-0.673921883,-0.0330040976
7087,-0.553457439,-2.13984084
7088,-0.435192823,-0.103373267
7089,-0.25621292,0.179885477
7090,-1.51102817,-1.23602796
7091,1.46765137,-0.886685312
7092,2.23805523,0.315128058
7093,0.143961251,1.74657989
7094,2.0781951,-1.04301465
7095,-0.311352849,0.104926169
7096,0.359763503,-0.86247915
7097,-0.359299213,1.62941456
7098,-0.814534247,0.117760047
7099,-0.182973251,0.165446222
7100,-0.122651085,0.861750782
7101,-0.64899081,0.532431543
7102,-0.644916534,0.689238012
7103,-1.61004066,-2.47912598
7104,0.384955704,-0.970699787
7105,-0.590518057,-0.330354512
7106,-1.03445137,-1.73138881
7107,-1.47117972,-1.81628931
7108,-0.591374755,-1.67416358
7109,-0.0999884382,0.341956645
7110,-0.773316979,0.7320593
7111,0.281363368,0.494582683
7112,0.114105545,-0.900466561
7113,1.22228086,0.941624761
7114,-2.0247972,-0.468802959
7115,0.52857852,2.06952357
7116,0.179942727,-0.017993385
7117,0.668495417,-1.64560318
7118,-0.337993979,0.7561059
7119,-0.108571678,-0.364583015
7120,-0.243425518,-0.00145280582
7121,-0.455940932,0.719771683
7122,0.406780452,1.3561157
7123,0.188041002,-1.13000727
7124,-2.71077991,-1.23476434
7125,0.617886305,-1.31699681
7126,-0.249057844,0.01250624
7127,1.10849309,0.824048221
7128,0.744458377,0.618130028
7129,1.36300027,-0.122687146
7130,-0.973092437,2.48666072
7131,0.571124434,0.023081813
7132,3.12544155,0.162740156
7133,-0.547904491,1.00738955
7134,-1.2289741,-0.0953169242
7135,-0.617740989,-0.0289854873
7136,-0.0838511437,-0.185743138
7137,-2.54418325,0.451648533
7138,3.26327562,3.0878973
7139,0.479664713,0.402561843
7140,-0.907936931,0.153189376
7141,-1.45124161,0.540916085
7142,1.17157125,-1.83883047
7143,0.694575906,-0.915170312
7144,-2.09375811,1.32588935
7145,0.737423778,1.14846301
7146,-0.784730613,-0.768507957
7147,1.06194532,-0.802462637
7148,0.0507517904,-0.211002782
7149,1.30126309,-0.902942419
7150,0.721594989,1.47299075
7151,0.841293573,0.433354944
7152,0.923232555,1.77789152
7153,0.189199656,0.39066264
7154,0.232252523,0.0737572759
7155,-1.28320205,1.63720572
7156,0.883727491,0.267868072
7157,-0.687432706,4.59509325
7158,1.87409353,1.22173536
7159,-2.04501343,0.0424793586
7160,4.54609251,3.13577533
7161,-1.17029858,-0.997754633
7162,0.477795333,-0.76601553
7163,-0.604838133,0.236607641
7164,-0.281982213,0.772741497
7165,-1.12062538,-0.343702018
7166,-0.00727930386,0.165790901
7167,-0.348288029,-0.254400909
7168,-0.778866887,-0.103599556
7169,0.213861704,2.07283163
7170,-0.0668642595,-0.291620374
7171,-1.14178133,-1.70587194
7172,0.120921239,-1.17395651
7173,-0.296247065,-0.116831169
7174,-1.66808081,0.901246011
7175,1.13148201,0.916371047
7176,-0.963155389,-0.49508214
7177,0.189602882,-0.596975863
7178,-1.73067749,0.0837641358
7179,-0.0857607275,-0.384016365
7180,1.32899594,0.709241092
7181,-0.413200021,-0.520982981
7182,3.13688087,0.617234647
7183,-0.335079432,-0.272489518
7184,-0.419727355,0.0019443325
7185,0.222239703,-0.552788317
7186,-1.71379292,2.13424706
7187,-1.55051565,-1.50557888
7188,-0.178939402,-0.0149905896
7189,-0.980857432,0.394771665
7190,-0.565871179,1.14629865
7191,-0.30085218,0.357825965
7192,-0.0705164745,-0.760101736
7193,-0.0422323979,0.176114559
7194,-0.373648405,0.337844014
7195,0.970621645,1.07418644
7196,0.837351382,-1.64688623
7197,0.403429925,0.267312527
7198,-1.52155352,-0.46862039
7199,0.0966108367,-0.27259165
7200,-0.0695953444,0.165413827
7201,-0.339161307,-1.44705224
7202,-1.0031755,1.11230671
7203,-0.124085888,-0.0433618538
7204,-0.261995345,0.0317826569
7205,-1.51551092,0.308839798
7206,0.854234576,0.118797921
7207,2.34844327,1.43134332
7208,1.65132654,0.635447919
7209,0.378614783,0.699271142
7210,0.00499588996,-0.190342546
7211,0.391486406,1.25104678
7212,0.480544835,0.591690004
7213,1.28227639,0.124656603
7214,-0.508823097,2.2780323
7215,3.19733453,1.74470437
7216,-0.110016227,-1.25086188
7217,1.15222025,-0.336037755
7218,-2.8970201,0.281676471
7219,0.168753996,0.131346345
7220,0.672602117,0.537451982
7221,0.621347308,-0.343930066
7222,3.53199601,-0.867797613
7223,-0.634880424,-0.88257122
7224,-0.723603129,0.152663648
7225,-1.34360731,1.10155809
7226,-1.28238451,0.574148417
7227,0.699527919,0.712507665
7228,-1.00434732,-0.956930459
7229,0.192736551,0.439410836
7230,-0.57889545,0.583600402
7231,-0.330600917,-0.247431576
7232,-1.69929576,0.519431829
7233,1.06663656,1.96191061
7234,0.700271428,0.14841862
7235,0.152261212,-1.56523788
7236,-0.171817496,0.0141803427
7237,0.52187264,-0.154112861
7238,0.740836501,2.01335955
7239,-0.178388968,0.201665744
7240,-0.084354721,2.20518541
7241,1.08470452,-2.2741282
7242,1.87854409,0.0994039401
7243,-1.25152802,1.02943289
7244,-1.29367185,1.30243218
7245,-0.0103529925,-0.232136101
7246,-2.12402487,1.54628158
7247,0.939501703,-0.267137706
7248,0.3233504,0.10416761
7249,-0.893406808,0.328341782
7250,-0.0148394452,0.469899237
7251,0.631309867,-2.32877183
7252,1.49965715,-1.13399673
7253,0.229016587,-1.67674506
7254,2.19276094,-2.52411437
7255,-0.162102163,-0.341815561
7256,-2.03389001,2.31737494
7257,-1.28786731,0.483606726
7258,-0.193743378,-0.0701167881
7259,-0.474083453,0.305170298
7260,-0.0472770631,0.608436346
7261,-1.01863873,-0.23674576
7262,-1.39489532,-1.18062818
7263,2.94429445,-0.670805871
7264,0.314804256,-0.16374068
7265,0.302235991,0.364207596
7266,1.34073389,-1.47207785
7267,1.28170729,-1.88777006
7268,0.53512007,0.0673910826
7269,-0.091180332,-1.69177401
7270,1.20727575,2.43690896
7271,0.323966801,-2.52419186
7272,0.166079789,-2.27528286
7273,0.15908733,0.505557656
7274,-1.05498087,-0.513314068
7275,0.703861415,-0.685032547
7276,-0.353927106,0.31406045
7277,-0.316713929,-0.809308529
7278,0.611357033,-0.858765304
7279,0.0716295391,-0.94532913
7280,-0.978369176,-0.0627817363
7281,-0.612684429,-0.733336389
7282,-0.758565009,0.0890736729
7283,-1.92461991,0.538925231
7284,0.56405735,0.841983438
7285,-0.0380992405,1.46149981
7286,-0.49427703,0.413987279
7287,0.910395503,-0.400289774
7288,1.23134363,-1.78743231
7289,-0.525442302,-0.183932081
7290,0.281606615,-3.40497804
7291,-1.83701837,1.07074821
7292,-1.70707393,0.492756993
7293,-0.398542106,-0.669556499
7294,0.91951406,1.28753519
7295,-0.832480073,-2.0109179
7296,-0.883547723,-1.69903815
7297,-0.207430154,-0.560556591
7298,0.190341696,-0.0257855449
7299,0.550539792,0.862315238
7300,-0.581555188,1.20185959
7301,-0.69195497,-1.30105901
7302,0.292688072,0.716827214
7303,0.207280234,-0.506808221
7304,1.09679508,1.25427735
7305,0.207655862,0.772108853
7306,-0.0875431821,0.223610163
7307,-4.50933599,-2.32574463
7308,1.17633593,3.19401979
7309,0.683598757,-1.05644095
7310,-0.11836011,0.490966797
7311,-1.92269909,-0.444065869
7312,-1.78616929,0.842119217
7313,-0.0157237109,1.34822679
7314,-1.09725273,-0.472644448
7315,-1.44851553,1.4062171
7316,-1.56734776,0.958849013
7317,-0.675834119,-0.0721386001
7318,0.463909924,-0.996661544
7319,0.658423781,-0.647243142
7320,1.24026632,0.463004321
7321,0.223980039,0.388439149
7322,0.330095142,0.501973391
7323,-0.526056528,-2.09781003
7324,-0.355701864,0.999186099
7325,-1.55496788,-1.3333838
7326,0.516229987,0.0379281044
7327,1.74659145,2.93498898
7328,0.565977216,-0.63168335
7329,1.16889703,-1.25551617
7330,0.0489033535,-0.49204123
7331,2.9376719,-0.576016068
7332,1.26679862,2.7839663
7333,0.38476783,-0.780393302
7334,0.610777318,1.31377089
7335,1.19292581,-0.156129777
7336,-1.91443229,-0.497042865
7337,0.414388299,1.96469879
7338,-1.65003777,-0.341014624
7339,1.30948651,-0.410487741
7340,-0.391067713,-1.9081614
7341,-0.624964297,-0.577753663
7342,2.32462692,-1.08765602
7343,-1.4172014,0.729994357
7344,-1.3885181,-0.787506759
7345,-0.167105362,-1.48983335
7346,0.57313633,0.357440799
7347,-0.786804855,-0.245078996
7348,0.556773126,-0.572701454
7349,0.845126152,2.81867266
7350,0.076973483,0.138344228
7351,-1.62886727,2.61688256
7352,0.518056512,1.55953634
7353,-0.22410588,-0.145140484
7354,-0.332719922,3.24854016
7355,0.490315825,-0.255281687
7356,-0.0483178459,-0.84928745
7357,-1.53347278,0.823611796
7358,0.0738921016,-0.138468191
7359,0.26593715,0.678987622
7360,-0.543565273,-1.57511413
7361,-1.99840724,-0.127899066
7362,-0.125264019,-1.12340987
7363,0.0366885476,-0.0568030477
7364,0.203772649,-0.30653137
7365,1.94058132,1.08202565
7366,1.64437854,1.90646458
7367,0.0741186589,-0.334993839
7368,0.101712294,-0.436441422
7369,0.72083807,1.17183459
7370,1.05283415,0.608058631
7371,0.141556233,1.40540385
7372,-0.214247331,-0.66855967
7373,0.467693895,0.626614094
7374,-3.11960983,0.769759417
7375,-0.004554593,0.357457131
7376,-0.378293276,-1.12353814
7377,0.537713528,-0.0521715581
7378,-0.54530549,-0.546852112
7379,-0.32297954,-1.39259636
7380,-1.32394195,-1.00996363
7381,0.4017452,-0.221124411
7382,-1.35705948,-1.17647552
7383,0.697063148,-0.686339676
7384,-0.60139823,-0.342903525
7385,-0.179423705,0.127853706
7386,0.313201725,0.171523646
7387,-1.0739131,-3.57006288
7388,1.48995245,-2.13421178
7389,0.526607394,-0.615649283
7390,-0.164930418,-0.802759707
7391,0.155058265,-0.548080087
7392,-2.64090633,2.75323057
7393,-2.51150632,-0.985092759
7394,0.754571795,0.856237352
7395,-1.60292423,-0.886275232
7396,-0.269095927,0.120189399
7397,0.145000547,-0.13441205
7398,-0.576587915,1.72144616
7399,-0.985139549,1.07840657
7400,2.76969552,-0.0364773124
7401,-0.54253751,-0.746285319
7402,0.0398986675,-0.311362296
7403,0.00453686947,-0.162311912
7404,0.406080961,-0.0600665659
7405,0.274019867,0.619346261
7406,-0.305644065,0.107611053
7407,0.802861929,-0.453094363
7408,-0.350402981,-0.00251926598
7409,0.763077915,0.265284598
7410,1.43288517,0.761983931
7411,-1.21125019,-0.893583834
7412,-0.785022676,-3.46662545
7413,0.365239412,-0.127165005
7414,-0.264189988,-1.65456343
7415,0.964709818,0.294307888
7416,0.0253549535,1.23645711
7417,1.10685873,0.0713350773
7418,0.220171437,0.58696872
7419,0.546429336,0.996686339
7420,0.593837738,0.512631834
7421,1.12918401,-2.51445985
7422,-1.13085675,1.76544583
7423,0.247309268,-1.03442407
7424,0.315871805,-0.164675325
7425,0.670217931,-0.277166039
7426,-1.149562,0.201804578
7427,-0.647254884,0.317045867
7428,-0.21041362,-0.525680661
7429,1.79552567,0.296347052
7430,1.24690533,-1.0706768
7431,1.23788548,-2.03017402
7432,-0.00607456081,0.611582994
7433,-1.81422079,-1.66888595
7434,-1.42845559,1.50496995
7435,-0.171005175,0.0829857513
7436,1.02745295,2.14821076
7437,-0.895583987,1.11916268
7438,-0.0835811496,-0.937069774
7439,1.46186256,1.33828235
7440,-0.0420986153,-0.551291764
7441,-0.570610404,0.947724164
7442,-0.418421745,-0.170540482
7443,0.0981206149,-1.40537357
7444,-1.48871338,-1.00572681
7445,-0.828829348,0.167721435
7446,1.19115233,-0.325562149
7447,-0.208262354,0.163570598
7448,-0.534126997,-1.5584749
7449,1.83653414,0.365281105
7450,-1.71915901,0.0142076667
7451,-0.380592883,0.114088818
7452,0.948938549,1.58338976
7453,-0.838401258,-1.92224741
7454,0.340722889,-0.551879942
7455,-1.96564472,-2.38952971
7456,1.56674814,-0.153034329
7457,0.892010748,-1.02660215
7458,-1.12212372,-0.866439402
7459,-2.64892197,-2.94112301
7460,-0.0993724242,0.803204119
7461,0.853039742,-0.644597411
7462,-0.398967981,-0.325854868
7463,0.522845089,-1.46057928
7464,2.36824918,-0.379734784
7465,0.190029368,0.0400966108
7466,-0.124076694,-0.139333755
7467,-0.444199055,1.10991514
7468,1.30604136,-0.195696563
7469,-0.611730754,-0.580580413
7470,1.52927113,-0.22377044
7471,-0.203588307,2.98914027
7472,-2.19764471,0.0503399521
7473,0.66709137,0.246517345
7474,-2.09152532,0.0029463938
7475,0.0685388371,-0.19488734
7476,0.0828998759,-0.491930991
7477,-1.71038425,1.0327388
7478,0.250421077,-0.18851468
7479,-0.125598446,-0.415975004
7480,-0.785474777,0.149036318
7481,1.08679116,-2.02528048
7482,-1.90444028,0.458175778
7483,-0.707216859,-1.53498816
7484,-0.574991047,-0.518661916
7485,0.442020386,0.101889156
7486,-0.172954142,-0.0945730805
7487,-0.623655617,0.825434029
7488,1.06327522,1.8138119
7489,3.059093,1.26035488
7490,1.46410644,0.0852544531
7491,0.361966938,-0.416208476
7492,0.596160054,0.534171343
7493,-1.36678159,-1.31986487
7494,0.289311349,-0.240167648
7495,-1.16717637,0.426585883
7496,0.858577311,-1.00620377
7497,0.0306836534,-0.684047222
7498,0.974885225,1.54089212
7499,-0.628556967,-1.09102201
7500,1.06449902,-2.22186828
7501,-0.863596737,0.438996196
7502,0.299326658,1.62209797
7503,2.67132187,2.00705719
7504,-0.333744287,-0.619094431
7505,-1.0307709,2.24846387
7506,-0.884621859,0.86905247
7507,-0.744935989,-0.0932615846
7508,0.408192486,1.88323855
7509,-0.0970486775,0.431171745
7510,0.661202431,-0.13696298
7511,-0.198248759,0.59832406
7512,-0.0439432785,-1.03729117
7513,0.643317878,1.61761677
7514,-1.0919013,0.194316298
7515,2.6738863,-1.78827393
7516,-2.2878716,-1.86884451
7517,1.5979048,-1.36466575
7518,0.379601538,-0.91441077
7519,0.166784331,-1.3417666
7520,-1.58243215,1.11763906
7521,-0.084778741,0.195687622
7522,-0.045162946,0.162655205
7523,-3.57304478,-0.408181429
7524,0.0955988094,1.53878522
7525,-0.0449025817,0.844182491
7526,-9.5355972e-05,0.239079773
7527,-0.664591312,-0.880854309
7528,-1.12325823,-0.711803973
7529,0.176067263,-1.15505064
7530,0.137599736,0.447069436
7531,0.0307811555,0.667335987
7532,-1.87027788,0.910374999
7533,0.167160422,1.45586395
7534,0.961353183,0.502346754
7535,-0.581908584,-0.337981105
7536,0.745075941,0.557147622
7537,0.375895947,-0.532484233
7538,-1.14713848,0.0942188948
7539,-0.0871507227,-1.2753427
7540,0.444297075,-0.332743913
7541,-0.207805082,0.37871635
7542,0.367012829,-0.0369276293
7543,-0.665771544,2.54831791
7544,-1.93084991,-1.04327464
7545,2.80916786,0.862155437
7546,0.680738807,-4.49798107
7547,-1.63416815,-0.311475158
7548,-0.944161892,0.894800186
7549,-0.691578507,-0.184180707
7550,0.878566742,-0.421909332
7551,1.50328791,1.70023823
7552,-0.0318465494,-1.45046949
7553,-1.08025479,-1.00533152
7554,0.262806803,-0.948749959
7555,1.23157549,1.04899454
7556,-1.59996557,1.79759145
7557,0.563813567,-2.42682409
7558,-2.79766822,-0.549726546
7559,-0.127488896,-0.627824783
7560,-0.474902809,-0.589700341
7561,0.667794049,-0.596491694
7562,0.783248186,-0.221174002
7563,-2.25186205,-4.24947739
7564,-0.915589571,0.128179118
7565,-0.0843146294,-0.465429574
7566,-0.519316375,1.90672433
7567,2.12739277,0.795083702
7568,1.25300944,0.809899867
7569,0.232776925,-0.872639358
7570,0.792504907,1.66076481
7571,0.327349991,1.60817015
7572,1.36094809,-1.37348735
7573,-1.54946125,2.294559
7574,-2.22491121,-0.498631805
7575,0.998177946,0.510748267
7576,-0.457551301,0.823578119
7577,-2.26542377,-4.18899202
7578,-1.38095236,-0.79863894
7579,0.161643505,0.286713213
7580,-0.0571442731,0.265577883
7581,-1.36209536,2.1701901
7582,1.7693994,0.57084018
7583,-0.939979851,0.611289918
7584,1.53896928,-1.14041197
7585,-0.382625699,-0.888814867
7586,0.12299069,-2.43277764
7587,-1.30636573,-0.606062531
7588,1.01063848,0.822113454
7589,0.839868605,1.33652258
7590,-1.31591034,-1.48755431
7591,-0.205178231,-0.311664581
7592,-1.40999424,-0.456512481
7593,-0.0223839451,0.972982585
7594,0.152365521,-0.103040434
7595,0.706313908,1.62031698
7596,0.717262626,0.596301675
7597,-2.22793913,3.45607257
7598,0.0567721426,0.637263775
7599,1.98977292,1.17345524
7600,0.14807418,-1.68829215
7601,-0.823692024,0.00116823614
7602,-0.879263103,0.839006722
7603,-1.46021616,1.30692554
7604,0.832599521,0.176490843
7605,0.908508718,-0.0431197025
7606,0.273197263,-0.892865598
7607,-3.60864067,-2.94220567
7608,0.297583729,2.48233247
7609,-0.238567069,0.206760675
7610,0.434057087,0.032924138
7611,0.730847716,0.63952738
7612,2.10192084,-1.03103697
7613,0.289716691,-0.539268434
7614,1.26603627,-1.0895592
7615,1.13580513,-2.48558736
7616,0.296785533,0.509211481
7617,-1.35826981,0.336924523
7618,-0.252738833,1.70899177
7619,1.03984797,0.147142068
7620,-0.363236934,-0.241969943
7621,-0.797163844,-0.028984746
7622,-0.810336828,-0.671210945
7623,-0.436189055,0.289232522
7624,-0.870956063,0.0136871915
7625,-1.57493472,0.333099127
7626,-0.320365697,2.69065785
7627,-0.857831776,-0.70579195
7628,-1.98865378,-2.16229439
7629,1.6327517,-0.635851681
7630,1.03189874,-1.95625699
7631,0.611343265,1.51729882
7632,0.517385066,0.247736022
7633,0.231318146,-2.13901162
7634,-0.0440599248,0.28571555
7635,-3.40668845,1.18446267
7636,0.567027867,-0.643188179
7637,0.584187388,0.857214212
7638,0.366024286,-1.80989814
7639,0.3435013,0.00818716455
7640,-1.04789126,1.020666
7641,-0.831661046,-0.624222398
7642,-0.416836858,-0.817536712
7643,-0.376958966,-0.932837069
7644,0.211271852,-1.81002057
7645,0.434694767,0.531281888
7646,0.898970783,0.625789464
7647,-0.000357712532,0.590329945
7648,-1.35283971,-1.10563052
7649,0.718602121,-1.97677362
7650,-0.0483529009,0.341746181
7651,-0.171501115,2.24124408
7652,1.18124843,-0.0829373524
7653,2.51639652,0.0832519829
7654,2.86148834,0.832871795
7655,-0.371843815,-0.672449887
7656,0.151796669,0.205755621
7657,0.673199832,0.584846079
7658,-3.52197003,-1.66960788
7659,-2.70791888,0.943928242
7660,0.89077282,1.14136279
7661,0.858390629,-0.148998573
7662,0.214086488,0.577610672
7663,1.06990933,-0.653911948
7664,-0.233685404,-1.0538975
7665,-0.397763282,-0.182700992
7666,-2.06661367,0.798678875
7667,-0.735586226,0.273090571
7668,0.253166378,-0.203601509
7669,2.64301157,-1.27101338
7670,0.3650029,3.04750705
7671,-1.93146992,0.14951995
7672,0.623188317,0.258244544
7673,1.05922365,0.289079577
7674,0.0170443803,-0.168849751
7675,-0.0654683858,0.913488328
7676,-0.644295096,-0.454445928
7677,0.0642220452,0.879007638
7678,-0.872231722,1.77127469
7679,-0.385228097,0.180375278
7680,0.241428807,0.187284097
7681,-0.481555402,0.657143414
7682,0.143302649,-0.177106753
7683,2.56912708,0.109547213
7684,1.80188692,-0.549338102
7685,0.886344314,-0.341234982
7686,-1.62749374,0.759645581
7687,-0.527081251,0.300180912
7688,-0.986394167,0.076445967
7689,1.88472366,-0.38562569
7690,-0.986891985,-0.814904928
7691,-0.322857857,-5.05273485
7692,0.256174624,0.835363805
7693,0.297255129,-2.55722213
7694,-0.266344011,0.968513489
7695,1.09418488,0.465222687
7696,0.00602347357,-1.27768576
7697,1.48199677,-1.80517614
7698,3.58536935,0.479561865
7699,0.160741821,-0.00948686618
7700,0.110797152,0.545603156
7701,-0.526458442,-0.317470938
7702,-0.716470003,-0.616562724
7703,-2.06163287,2.34271789
7704,-0.196693689,-0.300243527
7705,-1.2706145,-0.444431633
7706,-1.64240336,0.201732516
7707,0.26069361,0.307192028
7708,0.358038455,-0.38958022
7709,-0.467992336,-1.17191577
7710,-0.241422251,0.232003346
7711,0.721791863,-0.577761352
7712,-1.45349002,1.73156798
7713,0.366875559,0.897062778
7714,1.19358838,0.917171896
7715,1.7067492,-0.380705923
7716,0.276599288,0.184429213
7717,-1.49313378,-2.67568469
7718,-0.735977709,-1.99627185
7719,0.274840802,-0.0131120747
7720,-0.0792552456,-0.275280505
7721,-0.552664161,0.0243919138
7722,0.478264362,0.896938264
7723,0.077441439,-0.50668776
7724,-1.25364673,0.0257520247
7725,1.52384007,-1.72811079
7726,-0.227268964,0.517932296
7727,1.47999573,-3.84948444
7728,0.0251693837,-3.45369411
7729,-0.390680075,-0.0229653791
7730,0.73023349,2.11205101
7731,0.310026199,-0.0375464521
7732,-0.437277824,0.0108316327
7733,-0.496280968,2.96047926
7734,0.00774181075,-1.84401798
7735,-0.395380974,-0.37233454
7736,-0.10716743,1.56850708
7737,-0.173118547,0.662995636
7738,0.787817061,0.0624753758
7739,-0.3436234,1.45521176
7740,0.692128658,0.501267254
7741,-0.0542119853,0.653171957
7742,-0.758944631,-0.895917058
7743,0.0393135771,0.138672814
7744,-2.40063524,-0.0707391948
7745,-0.346788675,-0.143194675
7746,-0.34550494,0.483334482
7747,-0.196365163,-1.99824965
7748,1.98749113,-1.23469591
7749,1.69260871,0.0357109308
7750,2.94705153,4.2327981
7751,-1.62497699,0.120633326
7752,0.626745999,0.295443714
7753,-0.823474348,0.308011323
7754,1.4813509,-0.448188037
7755,-0.0894420668,0.573758662
7756,0.457507938,0.0727091134
7757,-1.86271167,0.248392448
7758,1.26118302,-0.71059984
7759,0.932989836,3.50836802
7760,-1.37661433,-3.04825044
7761,-1.19953215,2.86613846
7762,0.396849245,-1.00094903
7763,2.29322219,1.30655456
7764,2.38229132,-0.330043972
7765,1.86045408,-1.34093571
7766,0.176426679,-0.933032393
7767,0.22467801,0.812944114
7768,-0.566736758,-0.134538829
7769,-1.47908807,2.21653271
7770,2.91870904,0.392567068
7771,-3.34094143,-0.237167999
7772,-0.533278227,-0.156500727
7773,1.51512659,3.02585077
7774,-0.91607058,1.17777848
7775,-0.244463459,-0.629948974
7776,-1.84932566,-1.84998095
7777,-0.54979676,2.4846189
7778,-0.718836665,-0.409474313
7779,0.528305233,1.13086307
7780,2.62875295,0.837604821
7781,0.489098459,-0.821752846
7782,-1.40682709,-0.157910839
7783,-0.651340961,-0.436330527
7784,2.25997949,-2.32525754
7785,-0.199873686,0.109396152
7786,0.364082396,0.603498042
7787,-0.654160738,1.66504395
7788,-2.40629339,-2.05047393
7789,0.00427719858,-0.0674595907
7790,-1.60704136,-1.44958806
7791,0.62727958,0.345364928
7792,0.108333655,-0.833552837
7793,0.268503875,1.31204307
7794,-0.235293001,0.152695715
7795,-0.0737950057,-2.20154595
7796,-0.803801417,-1.85349667
7797,0.384628385,-0.213977367
7798,-0.774552286,-0.502608359
7799,1.17543662,1.30082333
7800,-3.17878008,-0.745745659
7801,-0.884716451,2.24792576
7802,0.00381385116,-0.186382979
7803,-2.78719163,-1.59073555
7804,-0.816196144,-0.479746461
7805,-0.866434216,-0.143588766
7806,-1.00838578,0.08319401
7807,-0.808170378,1.42545068
7808,0.183128238,-0.398841172
7809,0.0229687337,-0.541318178
7810,0.461857557,-0.10631904
7811,1.83532512,0.324580461
7812,0.822366476,-0.00950971525
7813,0.606678486,-0.579337716
7814,0.919211507,1.2103008
7815,0.94455272,-0.268563837
7816,0.0639321208,-0.387582093
7817,0.757610083,1.27458894
7818,0.710482597,-0.17957066
7819,0.977169633,0.963804364
7820,-1.74651539,0.631710589
7821,1.84631705,-0.55586499
7822,-0.234558672,-0.108496018
7823,2.01883936,-1.04497743
7824,1.03230691,-0.527475178
7825,2.0211041,-0.499102175
7826,-0.0225722548,-0.496062785
7827,-1.33339787,-1.11376417
7828,0.732158601,0.694540918
7829,0.366365582,1.20752096
7830,0.0372117348,-0.689154267
7831,0.149020463,0.0902183503
7832,-3.45604444,-0.338542014
7833,-0.926931798,2.97520185
7834,1.18132722,1.74806869
7835,2.36506391,-0.258451939
7836,0.140853629,-0.181608319
7837,1.38283515,-0.721176445
7838,-0.566162169,-0.395827115
7839,-0.0982161835,-0.136130258
7840,-2.26467705,2.0923171
7841,0.798972964,-1.80146456
7842,0.13441883,-0.53921324
7843,0.957188904,1.70930183
7844,0.437921524,2.35179949
7845,-0.657543004,-0.39313215
7846,0.178298086,-0.11896012
7847,-0.67113775,-1.13409066
7848,1.75070238,-1.41467977
7849,0.547896326,-0.188515931
7850,0.0110463193,-0.351723373
7851,-0.0321011581,0.31610775
7852,-0.0213528909,-1.39020848
7853,-0.418872982,0.112470806
7854,-1.57947242,0.748916745
7855,0.752712965,-0.310349613
7856,0.216819152,-0.419267654
7857,2.52453589,1.14130294
7858,-0.191973701,-2.47525764
7859,0.0192801189,0.610408008
7860,-1.33365333,1.52826548
7861,1.78974438,0.748366237
7862,-0.613386333,-1.51854718
7863,-3.43721461,1.30484927
7864,-0.0850621313,0.398333073
7865,-0.739575446,0.175061822
7866,-1.46398091,1.55050921
7867,-0.62776798,1.22903073
7868,1.82111454,0.977030337
7869,-0.663995206,-1.00069106
7870,-0.353138745,1.93190002
7871,0.989367127,-1.35094512
7872,1.31764722,-1.95537305
7873,-0.851287663,1.42554271
7874,-0.938146353,-0.186076999
7875,0.163092792,-0.284960717
7876,-0.803232789,-1.39050019
7877,0.980128169,-0.0834865198
7878,-2.7289443,1.24240243
7879,2.09172225,1.0019182
7880,1.17310894,-0.385094404
7881,0.236686125,0.327103764
7882,0.510782361,0.0800621659
7883,-0.0424104221,-2.11768651
7884,0.616781712,-0.158604294
7885,2.04894447,0.222534463
7886,-1.75902379,-0.991394281
7887,-0.166427046,0.585230112
7888,0.969693244,0.527554393
7889,-0.0251669232,-0.34907648
7890,-0.333424151,0.399407357
7891,-0.22512579,0.238617241
7892,-0.397497743,-0.626588047
7893,-0.856387675,-0.0858574361
7894,0.402904242,1.22943103
7895,0.070316948,-2.21731043
7896,-1.01765335,-0.0989923552
7897,0.692922354,-0.210116357
7898,1.24219453,-2.8730247
7899,1.24053609,1.96314394
7900,0.275562078,-0.804968596
7901,2.7591536,2.14067221
7902,0.494723529,0.153828934
7903,-0.263130873,-0.165002972
7904,0.0652196854,-0.073211953
7905,-0.751457512,0.412518859
7906,0.481438011,-0.250573337
7907,0.966450334,-0.41433087
7908,-1.28683329,-0.830706954
7909,0.488883436,-1.01864922
7910,-0.538097024,0.751509368
7911,-0.254762262,0.0561113209
7912,0.578973174,0.64018023
7913,-0.321361542,-0.309561193
7914,-0.289247632,0.653411508
7915,1.49955583,1.2981565
7916,1.8185879,-1.15169108
7917,-1.32422626,-0.905901611
7918,1.45118308,-0.454590827
7919,2.44365263,0.193401039
7920,0.00821894966,0.298882544
7921,-0.515268266,-0.82531178
7922,0.409632206,0.810778141
7923,0.292401195,-2.40026069
7924,-0.338701606,-0.720200658
7925,-0.163334772,0.279641896
7926,1.03168213,-0.569868207
7927,-0.477121264,1.97986627
7928,-1.22930598,-0.474592298
7929,-0.442900538,-0.191203162
7930,-0.398869634,0.974709988
7931,0.242731616,3.59362817
7932,0.779267728,0.972931027
7933,-2.60932994,1.04464734
7934,-1.01528418,-1.94448233
7935,-0.865069807,1.04445159
7936,-1.82869315,-0.967762768
7937,-1.81061935,-0.0756326467
7938,0.298862725,-0.280947983
7939,-1.69906545,-1.79240811
7940,-1.4920063,-0.0674953833
7941,0.965423107,0.0710027292
7942,-1.01975453,-0.280068696
7943,-1.7329185,-2.46509027
7944,0.303468406,-1.19071317
7945,0.166485175,0.585208058
7946,-0.355899125,0.950725198
7947,0.395666391,-0.106467031
7948,0.505483806,-1.32125747
7949,-0.526166916,0.587401807
7950,0.828347623,0.276902139
7951,-0.0303679015,-1.04595792
7952,-2.13718176,-2.6719079
7953,-0.234664679,-0.156404182
7954,-0.296348333,-0.280863196
7955,2.72800255,-1.45854473
7956,-1.39228463,-0.100593634
7957,-0.390871286,0.732553601
7958,0.426500291,-1.49396837
7959,-1.41427374,-0.563484848
7960,2.22422719,-0.904525578
7961,-0.57625246,-0.480689883
7962,2.54958344,-1.4383713
7963,-0.271163672,-1.80059457
7964,1.41604614,1.12259936
7965,1.38850629,3.1338346
7966,-0.484532833,-1.69580567
7967,1.04563832,0.0637387559
7968,0.15794751,-1.0590204
7969,1.78586125,1.25144839
7970,-1.59606421,0.0371367745
7971,-0.608119547,-1.30347753
7972,1.28460467,-1.33695924
7973,0.00109414582,-1.87949693
7974,1.12866354,0.705772042
7975,0.180299044,0.0326143131
7976,-0.0639519095,0.202404842
7977,-1.12552738,-0.0827090517
7978,2.96934295,-2.23118973
7979,-0.0765889734,3.0528667
7980,-1.14592421,-0.48108229
7981,-0.320540577,1.40993106
7982,-0.0153668681,0.214242324
7983,2.80093145,0.262039065
7984,-0.404275715,2.00550938
7985,-2.02341127,2.12580895
7986,1.82058215,0.0563719235
7987,-1.64071691,-0.794549286
7988,-0.730077267,-2.97002912
7989,1.2732693,-0.131758779
7990,0.918096542,-1.80106878
7991,1.37050116,1.47748268
7992,-0.120258279,0.36234203
7993,2.15766621,0.45216921
7994,-0.384369731,-0.0259758513
7995,-1.11333752,-0.0553700998
7996,-0.377024084,0.230261892
7997,0.133447856,0.134050339
7998,-2.17327189,1.03384054
7999,0.435723722,2.34712458
8000,-0.762134969,-2.03725266
8001,1.0354954,2.13451338
8002,-0.624677896,-2.15694165
8003,-1.85424042,0.382840276
8004,-1.22174108,0.891397655
8005,0.608559132,-0.035639111
8006,-0.609044552,-0.745858848
8007,0.0580400303,-1.79590869
8008,0.121448174,1.9962821
8009,0.580175281,3.43032432
8010,0.819023252,-0.197229698
8011,-1.14243519,0.937961578
8012,0.783691645,0.794586658
8013,1.51932979,-0.633477807
8014,-1.43205786,-1.07891381
8015,-0.97488445,-1.10287547
8016,1.46458817,0.107169159
8017,-1.38308477,-0.30062145
8018,0.314054042,0.781257272
8019,0.297748744,-1.58603954
8020,0.957557976,-1.12702644
8021,-0.972818553,0.393123686
8022,-0.231897086,-0.864302814
8023,0.538324356,1.15652287
8024,-1.65936697,-1.53485572
8025,-1.12044311,0.37838015
8026,-0.169212863,-0.655667484
8027,-2.54966712,-1.32131147
8028,-0.215089798,2.61035824
8029,0.355220973,-0.134013221
8030,-0.810361683,-0.233413175
8031,0.621206105,2.26382184
8032,0.587109983,-2.40243697
8033,1.62534165,-0.287610024
8034,-1.34017384,2.11430907
8035,-1.6628809,0.539720118
8036,-1.67013848,1.49940467
8037,0.133402109,0.272046804
8038,0.306179225,-3.03248334
8039,-0.377965301,0.184305847
8040,-2.10852957,-3.73761725
8041,0.0576888621,0.276971072
8042,-2.04934049,0.642838359
8043,0.153594196,-0.0804730654
8044,-1.57967782,-1.10245597
8045,1.68824971,2.54615092
8046,-0.228078827,3.02151847
8047,0.238731161,-0.18937394
8048,-0.24383764,-0.0359646007
8049,0.93791157,0.348570257
8050,0.142771989,0.644363165
8051,0.0123776169,-1.36268675
8052,3.16765785,-0.905294955
8053,1.45530951,0.492887527
8054,0.0922572985,0.579741359
8055,0.707196891,0.386861712
8056,-0.0315815918,-2.03632808
8057,0.624464273,-1.53220701
8058,-0.211186051,0.56487453
8059,-2.14244151,-1.8768295
8060,0.426244944,-3.68422675
8061,-1.18097329,-0.178232387
8062,0.152939856,-2.29539227
8063,1.34921861,-0.236929715
8064,0.000972520967,0.517796099
8065,1.73568904,1.45964622
8066,-0.633610249,-1.39501882
8067,1.92985761,-1.38743424
8068,-2.17707348,-0.0396567471
8069,-2.48267794,-2.55561543
8070,0.921418071,1.98731828
8071,0.978810072,-0.153764054
8072,-0.819121957,1.42566919
8073,1.49833918,-0.933992624
8074,0.416574895,-1.41375685
8075,2.59102273,3.9703548
8076,0.148560911,-0.544651866
8077,-0.817171931,-1.32294488
8078,-1.09626019,1.72062445
8079,-0.157880634,-0.29901278
8080,-0.0954332799,-0.594248533
8081,-0.770144224,-0.497251511
8082,-1.98933959,-1.75804257
8083,0.388189405,-0.807852924
8084,0.450306356,0.768631697
8085,-1.48633075,0.129839182
8086,-0.975162387,-0.299995512
8087,0.0298080537,1.16506839
8088,1.71419752,-0.63070029
8089,-0.126447201,0.298074335
8090,-0.566064477,1.15682435
8091,-0.647940576,-1.26230013
8092,-1.34771681,-0.406404018
8093,0.321972162,-0.544336438
8094,0.716747582,1.01824439
8095,-1.62856209,-0.944513261
8096,0.0244379025,0.144765243
8097,-2.06227303,-1.69553435
8098,0.593125284,2.64791656
8099,0.408430785,0.460832268
8100,0.552026749,0.458121628
8101,-1.74180329,0.597836018
8102,1.57719743,-0.123858504
8103,-2.51292062,1.40331411
8104,-0.569642305,1.01602447
8105,2.96745563,-0.984361768
8106,-0.534151912,-3.1797483
8107,0.229780808,0.922445118
8108,-1.24819148,-1.93586886
8109,3.51014805,1.3292731
8110,-0.252429485,0.126166999
8111,0.270210266,0.394967705
8112,0.149094656,-0.239249349
8113,-0.52142328,0.208849683
8114,-0.0785137191,-2.41856909
8115,1.06552076,-1.00056672
8116,0.595477641,2.03187013
8117,0.611832023,0.125096798
8118,0.119143553,0.104215078
8119,0.886905909,-0.448455602
8120,-0.697877109,-1.84753335
8121,-1.10148883,0.480810523
8122,1.00382948,0.464113653
8123,-0.899828851,-0.971540213
8124,-0.547823191,-0.8876881
8125,-0.642524064,-1.31698382
8126,0.0393096358,-0.208569705
8127,0.533224821,1.01234818
8128,1.05562544,-0.650268376
8129,0.326782405,-1.71322799
8130,-1.13643563,-0.738840759
8131,0.562873721,1.65223384
8132,-0.531437993,1.34646988
8133,1.37258065,2.31847215
8134,2.39554286,1.41050828
8135,-0.985881388,-0.439480662
8136,0.701832473,2.07812548
8137,-0.905214548,-0.780065298
8138,-0.297772676,-0.899747729
8139,0.0467780866,2.19492555
8140,-0.433356494,0.217973307
8141,-1.8291719,-1.31790876
8142,-5.04988718,1.74078953
8143,-0.740611315,1.68071115
8144,-0.210442737,1.50023901
8145,-1.05399859,1.06134593
8146,-0.762439489,-0.693487525
8147,-0.995741785,-0.620144665
8148,-0.617615759,0.985815287
8149,-0.511168659,-1.23054469
8150,0.27112174,-1.63933301
8151,-2.84106898,-1.52253509
8152,0.44419387,0.684259117
8153,-0.467741191,-0.415150762
8154,0.608054698,0.422231227
8155,0.120205224,-0.140929073
8156,-0.142375529,-1.8125912
8157,0.379093468,-0.551907957
8158,0.195062891,-0.370104939
8159,-1.41541648,-1.92554259
8160,-1.06544769,-1.21508491
8161,-1.86304188,-0.0980830714
8162,-0.742182076,0.89817667
8163,-0.540291846,1.23418939
8164,0.278694242,-0.0258612484
8165,0.316400468,-1.36241603
8166,0.369075596,2.39348817
8167,-2.16257453,1.72712219
8168,0.358151108,1.56130731
8169,0.902050734,-1.09383428
8170,1.4180522,0.762845278
8171,1.05513215,0.0225666184
8172,-0.96270895,0.425592929
8173,0.235724121,1.23762715
8174,0.571046054,-0.347173661
8175,0.0134415934,0.618115604
8176,-1.34458637,1.98046088
8177,-0.490692347,0.676238894
8178,0.474737525,-0.194818795
8179,-0.87182039,0.204786196
8180,-0.624450207,1.51307774
8181,1.12986243,0.272650898
8182,0.169835791,0.572518885
8183,0.734494865,-0.989277363
8184,-0.552173793,3.5255096
8185,-0.331872076,-0.10271585
8186,-0.270686984,1.05523443
8187,-0.281996787,-0.790681243
8188,0.624957919,-0.0375150293
8189,0.143898681,-0.380016059
8190,-0.520869076,0.169711575
8191,-1.62179434,-0.448369563
8192,-1.42790055,-0.653108478
8193,-1.21159458,2.09559393
8194,0.463838011,-0.625561714
8195,0.726399362,0.172314838
8196,0.499674588,0.797406971
8197,-0.325871468,-0.523627222
8198,0.13395372,-0.116134465
8199,-0.102518447,-1.46724033
8200,-0.64195329,-0.082005173
8201,0.753427148,1.30002284
8202,-2.74408555,-1.36180139
8203,1.57828605,-0.101461768
8204,-0.412156999,-0.111598946
8205,-0.840953588,2.08222699
8206,0.447957098,2.58454967
8207,-0.168263525,-1.58623314
8208,0.3915537,-1.45229065
8209,1.2280966,-1.14282596
8210,0.279992372,0.0992806926
8211,1.20508289,0.221932188
8212,0.483307928,-0.472839594
8213,-1.01784718,-0.00443044864
8214,-1.56309855,1.59288669
8215,0.130793452,-1.21635103
8216,-0.188171461,0.109400786
8217,0.108358636,0.619274855
8218,0.247934446,-0.858098209
8219,-1.06937826,-2.81954169
8220,-0.395041257,-0.919402361
8221,1.48505712,2.03640199
8222,0.96018362,-0.835431159
8223,-0.490637153,0.571880758
8224,-1.90780604,2.29739404
8225,-0.314029843,0.412919253
8226,0.520956099,3.41684365
8227,1.12794244,1.10435009
8228,-1.83879745,0.258602053
8229,-0.0242069177,0.0930370167
8230,0.554716229,0.889498353
8231,0.892405927,-0.367683917
8232,1.3541342,-0.499175489
8233,-1.62770331,0.807632923
8234,-0.661429226,-1.13864803
8235,0.287555993,1.75925517
8236,3.35867524,-3.10596013
8237,-1.52528262,1.67896283
8238,0.190813914,-1.24600506
8239,0.6706568,1.25013649
8240,-1.30341601,1.12757885
8241,-0.482222438,-0.467139006
8242,-1.10412228,0.343595564
8243,-0.0840862468,-0.164345324
8244,-0.135713875,-1.56015193
8245,2.14911985,-1.68453205
8246,0.676513672,1.34147024
8247,1.57423151,1.69188011
8248,0.158908144,-0.032567326
8249,-0.133730143,0.481464595
8250,-0.317667603,0.239063978
8251,0.708802581,0.0022987905
8252,-0.136624873,-0.0642956942
8253,-0.269524455,-0.0814776719
8254,-0.860208213,0.831065953
8255,0.00824998319,-0.503096044
8256,0.342451841,0.0672151446
8257,-2.55422854,0.658596098
8258,-0.115730852,0.391165316
8259,-0.661242962,-0.314326465
8260,0.580928028,-0.79548949
8261,1.33601034,1.17214489
8262,0.0506885014,0.830465496
8263,0.0964247286,-0.482171029
8264,-0.50440073,-0.148933828
8265,2.35555673,-1.03301466
8266,-1.45885396,-2.27365756
8267,1.75095987,-0.17719385
8268,2.76416588,-2.25299907
8269,-1.55014312,-0.352185786
8270,-0.239821181,-0.151277393
8271,-0.170788363,-0.31995517
8272,-0.234107241,-1.01142228
8273,-3.88243437,-0.173900813
8274,0.445451051,0.672792971
8275,-1.10283995,0.0532207936
8276,-1.3049289,-0.566367865
8277,-0.598529041,-1.26981783
8278,-0.132831708,0.648294032
8279,-0.525222301,0.734265983
8280,-0.0291528571,0.70410049
8281,0.871719182,0.980881214
8282,0.693419039,1.62131917
8283,-0.453908622,-1.45120847
8284,-1.58930659,-0.301247418
8285,2.30698991,-0.152816996
8286,1.35584557,-1.9345634
8287,-0.268329591,-0.232584804
8288,-0.657141805,-1.76005733
8289,-2.95232344,-0.710833549
8290,-1.78024352,0.141095385
8291,-1.41922116,-0.823293567
8292,0.355631024,-0.0531782359
8293,1.40607119,0.0509034283
8294,1.55712116,-2.2455163
8295,2.11908913,0.126817644
8296,-1.04438329,-1.25295472
8297,-0.0779116079,-0.933702648
8298,0.608878195,0.750880241
8299,0.912822783,0.356719404
8300,-1.47115517,-1.2380197
8301,1.39875829,0.830570877
8302,0.0838899761,-1.45787466
8303,-0.126730412,0.733427823
8304,-0.726411045,2.144382
8305,1.9413178,0.755773842
8306,1.79347014,-1.75431645
8307,0.529410183,0.738660693
8308,-2.64528036,-0.266151905
8309,2.53595424,1.30381668
8310,-0.171808258,-2.73680019
8311,0.0811848119,0.329739481
8312,-0.142648607,2.13190508
8313,0.621887982,-0.0552567728
8314,1.95096004,2.79357624
8315,-0.120075725,0.322491139
8316,-1.37375557,0.63302654
8317,-0.180643857,0.0232312549
8318,-0.0554403551,0.317551583
8319,0.352944911,1.66434622
8320,0.0115952706,-1.87844777
8321,1.29381251,2.36268926
8322,3.65310264,2.20277333
8323,-1.00855374,-1.40962756
8324,-1.41722906,-1.69547832
8325,-0.863538146,-3.02666354
8326,0.131817505,0.518177509
8327,-0.674803495,0.96698308
8328,2.69671082,-0.319983184
8329,-0.0166739523,0.386771113
8330,0.994741499,-0.562679291
8331,-1.76035655,2.01596212
8332,-0.221248612,2.02927899
8333,0.631606042,-0.855981529
8334,0.711109698,-0.574351847
8335,3.7323029,-0.300212771
8336,-0.748636723,0.816111088
8337,-1.47035205,-0.272997051
8338,-2.25531363,-1.39727652
8339,-0.919834793,0.0438816026
8340,1.20071697,-0.578088284
8341,-0.714449346,0.890511394
8342,-1.05955207,-0.991506755
8343,2.99872398,1.40094292
8344,-0.244934514,-0.453932583
8345,-0.247426152,-2.92686796
8346,0.0693530589,-0.958248198
8347,0.883431435,1.21964264
8348,-0.0563189276,-0.3826873
8349,0.141138524,-0.921030045
8350,0.0671289191,0.403742522
8351,-0.0672918484,-0.93667376
8352,0.510317624,0.415939718
8353,2.63529778,1.88561058
8354,1.37266791,-0.831620753
8355,0.49364236,0.908757925
8356,-0.0146812247,-0.0507857874
8357,-0.672515333,-1.33383286
8358,-0.109746389,0.15709424
8359,-0.183980748,-0.256161064
8360,-1.32513475,0.533202529
8361,1.67139268,-3.81993484
8362,-0.220570832,-0.201740593
8363,0.20558989,0.837773025
8364,0.675367653,-0.331992805
8365,-1.16307628,0.530407488
8366,-0.826026678,0.106932931
8367,0.0618964508,-0.189228117
8368,0.445831239,0.176133096
8369,0.458819389,-2.16829491
8370,0.724071383,1.24123418
8371,-0.879391968,1.09046197
8372,-0.647170544,1.83437371
8373,-1.37663162,-0.426038802
8374,0.0160072595,0.383031428
8375,1.92549264,3.61115098
8376,3.3459301,-0.181269348
8377,0.430951834,1.60312831
8378,1.34938681,-1.3612684
8379,-0.160914391,-0.128813177
8380,-1.9977473,-1.37350488
8381,0.353054017,-0.598627806
8382,1.09748149,0.92430687
8383,-1.38112283,1.46113586
8384,0.581908107,-2.39688969
8385,-2.17577696,0.0444582477
8386,-0.382267177,-0.180145234
8387,-0.691127658,-1.17502177
8388,2.0433166,1.22075236
8389,0.48462975,0.569821239
8390,1.77168119,-0.520391405
8391,-0.237306759,0.244083047
8392,-0.205872208,-2.3300848
8393,-0.874077976,1.07126725
8394,-1.36454368,0.684966803
8395,-0.178940251,0.0266061481
8396,-0.599453151,-0.291991919
8397,-1.67816138,-0.632033408
8398,1.1856885,0.178651676
8399,-0.884516656,1.47632015
8400,-0.600961924,-1.45218015
8401,-0.154649526,0.385548383
8402,-0.977789283,0.0306687728
8403,-1.27007949,-0.781814873
8404,-0.0927104875,-1.42487502
8405,-0.879137874,-2.1380229
8406,-0.308422804,-0.241737381
8407,-1.77846098,0.824333847
8408,-3.83472276,1.03737509
8409,0.959257483,0.874985695
8410,-2.12991118,-2.03712296
8411,-1.65268898,-0.725471973
8412,1.10355163,0.514310658
8413,-0.736784995,-0.758851409
8414,1.4275732,-0.418429315
8415,-0.190960422,-0.0662925914
8416,1.2109071,1.21951318
8417,1.03071821,-1.03392994
8418,-1.19440675,-2.18783188
8419,-1.40468204,-1.16481686
8420,-0.0894764662,-1.49665153
8421,3.3549974,1.65640843
8422,1.61073458,-0.624551237
8423,-2.07115579,-0.930607021
8424,-0.643500924,0.435106903
8425,1.35630822,0.251276553
8426,0.284363419,0.157151297
8427,-0.0850810558,0.25661695
8428,-0.367125601,1.74287438
8429,-0.293581486,0.0480780192
8430,-0.860543132,0.960415483
8431,-1.35364461,-1.22778761
8432,0.0749440864,3.5521698
8433,0.764379799,-0.668295741
8434,0.939947307,-0.453078657
8435,1.39889836,-1.489308
8436,0.225559458,1.11896896
8437,0.366648585,0.86516279
8438,0.545440257,-1.51860845
8439,1.50246286,0.726988554
8440,-0.29441613,-0.134215876
8441,-1.39008296,-0.256468058
8442,-0.40848428,-1.59306252
8443,3.05653572,-0.998775601
8444,0.0955415517,-0.898641586
8445,0.245999604,1.70939684
8446,-1.8321842,-3.07459426
8447,-0.860849202,-0.812543154
8448,0.54292202,0.167622641
8449,-2.45190287,-2.28388357
8450,1.33240438,-0.640179217
8451,-1.90029168,-1.00221801
8452,-1.09555686,-1.01666272
8453,-0.787968874,0.720737934
8454,0.936838627,-0.750736237
8455,0.211368859,-1.16670203
8456,-0.214207217,-0.442534745
8457,-1.43775725,0.301438838
8458,-1.2282896,0.0774524882
8459,-0.503768623,1.68929291
8460,0.146795601,0.506578505
8461,-1.35295999,0.527553618
8462,-0.00463899178,-0.48324725
8463,0.374569893,1.56740999
8464,1.04327524,-1.11010945
8465,-0.893712997,0.991039395
8466,-0.0407915637,0.776029348
8467,-2.57121634,-1.22323549
8468,0.154146716,-0.431581259
8469,0.240958169,-2.73383951
8470,0.358251393,-1.32958531
8471,-1.45439017,0.666651905
8472,0.635211587,-0.462588668
8473,0.169271171,1.3889873
8474,-0.141420946,-0.168901339
8475,1.65626013,1.59559023
8476,-1.21349728,0.188279882
8477,2.32807112,-0.542686403
8478,1.27004635,-2.06950593
8479,0.411686242,0.299775422
8480,2.37275696,-1.55859494
8481,-3.81859446,-0.256365955
8482,-0.0238121767,0.33569333
8483,-0.493816882,1.75257277
8484,-1.85590887,2.19550562
8485,0.867463946,2.02915978
8486,-0.0958554447,-0.406975448
8487,0.348706871,-0.672384262
8488,-0.135201782,3.7334888
8489,-2.02387762,-0.348619848
8490,-0.063562721,0.373447716
8491,-0.935758233,-1.09528184
8492,0.292375624,-0.39412871
8493,2.18485928,1.78383815
8494,1.17461455,-0.643920779
8495,0.645090103,-0.336224526
8496,-0.232658923,-0.441698909
8497,-0.830660224,1.7297889
8498,0.244385347,-0.831674874
8499,-0.479714036,0.233878285
8500,2.19087481,0.0879597142
8501,-0.65875113,-0.64514029
8502,-0.879955292,-0.789559305
8503,-0.352942646,-0.992309213
8504,-0.763624549,0.736811817
8505,-0.610245347,1.09862781
8506,1.17234778,-2.14020085
8507,-0.764909744,-0.136764228
8508,0.512417734,-1.31778252
8509,1.54178607,1.55742717
8510,1.72494221,0.206184864
8511,0.146749809,-0.0883134156
8512,1.96835566,-1.13610315
8513,-0.844050825,-0.614531815
8514,0.588896692,4.08240414
8515,1.43953395,1.13873136
8516,-0.34863022,-0.103301197
8517,-0.83874315,-1.59625137
8518,0.0590290129,-1.85829401
8519,-0.635835826,0.612737298
8520,-0.0940035805,1.24223924
8521,0.353749156,0.376158625
8522,0.564171076,-1.90657687
8523,-0.25429523,-2.3338387
8524,0.806152105,0.823803127
8525,-0.781736493,-2.30609536
8526,0.786102414,0.505578935
8527,-1.1879288,-0.0284547601
8528,0.34368524,-0.0932284072
8529,-1.39967978,0.175189719
8530,-0.61071068,-0.233118728
8531,-0.346420497,0.818989456
8532,0.0946304128,-0.65300405
8533,-0.605670631,-2.60304141
8534,0.288924485,-2.04385281
8535,-2.69711828,-0.239995211
8536,-0.748137236,2.80738139
8537,-0.351654738,-0.322588772
8538,-0.114848077,-0.829524457
8539,-1.21659648,0.368207812
8540,-2.29558349,-0.744225681
8541,-0.0176814869,0.0870622471
8542,-1.66571248,-2.97117448
8543,0.150405422,0.194033548
8544,0.191141337,-0.136710972
8545,-0.404426962,0.753751695
8546,0.464198232,0.330059201
8547,-0.0418782718,-0.805012286
8548,0.490130633,-0.0983037353
8549,-1.53594625,-0.336519748
8550,0.606776237,0.401518613
8551,1.52324891,0.750823498
8552,1.78306329,1.3130672
8553,-0.0817292184,-1.14755487
8554,-1.05288148,0.418073803
8555,-0.469917715,0.465668827
8556,0.290760815,0.087690562
8557,-0.689568102,0.354325831
8558,0.878812909,1.90412617
8559,-1.9906944,0.26973623
8560,-0.444380969,-2.92608476
8561,-0.602320969,-0.562183678
8562,-0.267038435,0.718191385
8563,-0.0723761991,-0.157429293
8564,-0.184673101,1.45172715
8565,-0.186010569,0.470031947
8566,-1.96491289,1.05184352
8567,-0.105899617,0.154532924
8568,-0.1205099,0.0887880623
8569,-2.49343228,-1.09224105
8570,1.02396894,2.62124252
8571,0.386911452,-0.660960972
8572,4.41871929,1.72455168
8573,-3.84051347,-1.54706931
8574,-1.65767264,0.567433119
8575,-1.85926783,-1.69948876
8576,0.438542545,-0.286996365
8577,-0.45457077,-0.917716563
8578,0.0373119153,-0.759837866
8579,-0.912707388,0.232314423
8580,-1.60118592,-2.0589242
8581,-0.455189496,0.424766481
8582,0.0122994818,-0.520147562
8583,0.492383242,0.158434659
8584,-0.334010869,0.127499983
8585,2.08132029,-0.0084335627
8586,-3.25108194,-0.16443345
8587,-0.334774971,1.73334229
8588,0.339501679,0.603297532
8589,0.292525202,-1.80277598
8590,-0.844772577,1.11383903
8591,-1.43443406,-1.4212718
8592,1.64057469,0.133882537
8593,0.129919022,0.0615535565
8594,1.65243673,0.103341833
8595,-1.23738801,2.2817347
8596,0.24225615,-0.774557173
8597,0.284868717,-0.0666637868
8598,1.34206331,0.609049916
8599,1.61556733,-1.85079682
8600,1.87123358,-0.277111709
8601,-1.44354641,-0.544548988
8602,-1.26102161,-2.27075744
8603,2.75220299,1.72826743
8604,-1.03922868,-1.41569281
8605,-0.0146159828,0.440611362
8606,-2.08886075,1.32765675
8607,-0.208826825,1.53527927
8608,0.453114122,-1.52316451
8609,0.0667769387,0.287535816
8610,-0.303074807,1.52605784
8611,0.102868944,-0.350902766
8612,-0.834298551,-2.32449508
8613,-0.691883028,-0.641081631
8614,-0.853545785,-2.90829754
8615,-2.13799691,-0.842215061
8616,0.568682194,-0.371129692
8617,-0.197513998,0.00275777909
8618,0.23752813,2.63142776
8619,1.52920258,-0.397189289
8620,-2.33631182,0.875360727
8621,-5.72676182,1.33391607
8622,-0.130227819,0.545924246
8623,0.313403994,-0.833675086
8624,-1.49570096,0.880569935
8625,-0.767388344,-0.0539770871
8626,-0.823990822,0.169087231
8627,0.259083062,0.852817059
8628,-0.199639067,-1.72854424
8629,0.523936868,-0.632140994
8630,-0.997949243,0.197897449
8631,-0.945850492,-0.961582661
8632,-0.686295867,0.369793326
8633,-0.0261984188,-0.802443385
8634,1.67723286,-0.396607876
8635,0.224344745,-0.430123746
8636,0.314236671,0.0261138305
8637,-1.90603554,-1.68366134
8638,-2.48434067,-1.77436733
8639,-0.988689125,1.93335295
8640,0.0328123532,1.97472072
8641,-0.247152299,0.687673688
8642,0.354942411,-2.16786289
8643,0.144574806,0.451583385
8644,0.707733214,1.44154799
8645,-0.488675535,-0.387419015
8646,-1.08205533,-0.173481315
8647,-0.123160966,-0.121826224
8648,-0.290406287,0.517718494
8649,-0.559906363,0.533180475
8650,-1.43691027,-1.36526167
8651,-0.349922419,0.094974421
8652,0.193394184,0.653742611
8653,-3.10485196,-0.301205128
8654,1.66461575,-0.478571385
8655,-0.755795419,-0.894079745
8656,-1.15122342,0.353803158
8657,0.498714238,0.577020168
8658,0.4696275,-0.507580042
8659,2.27003646,2.19875765
8660,-0.639308751,0.892987967
8661,0.00881477259,-0.20118843
8662,-1.21759236,-0.149076179
8663,-0.401284397,0.628970921
8664,0.0823893622,-0.276736677
8665,-0.274216771,0.628521681
8666,-2.27246332,-0.456394196
8667,-1.2368468,-0.658516347
8668,-1.8889358,0.0722789466
8669,1.0122968,4.14345884
8670,-0.212932602,0.844569325
8671,0.675765038,1.00975871
8672,-0.279999614,0.373785794
8673,-0.922982454,-0.17703259
8674,1.60687256,1.05487239
8675,1.74101901,-1.44005978
8676,-0.58443135,0.810448587
8677,-0.200510502,-0.228458896
8678,-1.49130607,0.379398614
8679,-0.794909418,-0.631719649
8680,-1.32341397,-0.140818775
8681,-1.03838801,-0.329533488
8682,-0.21698451,-1.30299544
8683,-1.53184485,-0.558474123
8684,0.357500494,-0.176226392
8685,0.574673653,0.300153375
8686,0.228595778,-0.112294436
8687,-0.208802819,2.68406224
8688,0.324631274,-0.24166128
8689,1.47565281,-0.550750256
8690,-0.890007496,-0.599485755
8691,-2.29759097,0.991772711
8692,0.257520318,0.126946166
8693,0.262709767,1.05201828
8694,-0.476393342,0.121861897
8695,-0.208196059,0.258722156
8696,0.159290075,-0.619843304
8697,0.140651792,0.124998733
8698,-0.927061439,-0.889812112
8699,-0.0563859306,-0.169948518
8700,-0.0291643608,5.11876392
8701,0.394143671,0.136897817
8702,-0.623631537,0.286608368
8703,-0.754322469,0.580868363
8704,0.100068025,0.965804756
8705,0.0980751663,-0.777143598
8706,0.023591144,0.152504414
8707,2.11154842,1.1703856
8708,0.0856839418,0.400834739
8709,-0.335882217,-0.284871459
8710,-0.0450823121,0.165525004
8711,0.0445015244,0.185943201
8712,-0.677089334,-0.589729965
8713,0.839649737,0.132211298
8714,-0.24218297,0.600312233
8715,-0.0910047218,0.180742666
8716,2.21044588,-0.0751034617
8717,0.942321062,0.817362845
8718,-0.128939688,0.191140518
8719,0.356690675,0.837287307
8720,1.60215735,-0.910622418
8721,0.303607702,0.454646289
8722,0.53484714,-0.10908515
8723,0.42836377,-1.65232623
8724,0.222740978,-0.179541066
8725,0.891854882,-1.57772338
8726,-1.5785619,-0.217718557
8727,2.1990006,-0.888516665
8728,1.3108598,3.3553555
8729,1.37573326,0.480526209
8730,0.126637682,0.598347723
8731,0.0783619881,2.47673368
8732,-1.12405455,0.395883799
8733,0.0871014819,-0.388026208
8734,-2.90538049,-0.837730706
8735,0.0876358077,-1.35357809
8736,-1.72554672,0.81562078
8737,0.0794251114,0.909160018
8738,0.578792989,-3.0894382
8739,0.0895105973,-1.13873994
8740,-0.588564098,1.83757401
8741,-0.702929914,-0.0536281802
8742,-0.0388975106,0.0774067417
8743,1.05135632,1.9287864
8744,-0.87645185,-0.136022434
8745,-0.0519503169,1.19008994
8746,2.12758088,-1.77864468
8747,0.41199407,-0.485497296
8748,0.742644846,0.58792311
8749,-0.174030051,0.381847233
8750,-0.222939923,0.779250741
8751,0.232220635,0.347174406
8752,-0.514144123,1.4230063
8753,0.879560709,-0.0502802767
8754,0.76807183,-1.13793874
8755,-0.472866029,0.167187572
8756,1.00342655,-2.13895607
8757,-3.69933581,0.269049853
8758,-0.488038272,0.23289302
8759,-2.73699522,0.963601828
8760,0.420296311,0.535855651
8761,0.000951998169,-0.320697904
8762,0.360317558,3.10802674
8763,0.902884603,-0.53993988
8764,-0.116531663,-0.344852895
8765,-0.219414905,-0.138158873
8766,0.644380093,-1.58531272
8767,-0.478868842,-1.88150597
8768,0.576955914,0.751003802
8769,0.597450972,0.317759365
8770,-1.51084888,0.0320058018
8771,1.0959928,-0.594743609
8772,-0.0228354782,2.19083166
8773,-0.613722861,0.588433027
8774,0.720086753,-0.242993757
8775,-0.892463088,-0.191106543
8776,0.313371778,-0.0417976417
8777,-0.71987325,0.515386224
8778,-1.50856388,-1.378227
8779,-0.149652198,-0.0958092958
8780,-0.41985774,0.609184265
8781,0.179231748,0.743988097
8782,0.365894765,0.514912307
8783,1.16746187,1.54658866
8784,0.590617418,-0.705482423
8785,-1.9680326,-1.01199424
8786,-1.45622516,0.170942932
8787,2.10363626,2.32872081
8788,-0.0668817237,0.13846384
8789,0.200422466,-0.611478031
8790,1.02860141,0.288101792
8791,0.0559177846,-0.550205648
8792,0.959046483,-0.865643084
8793,1.6186018,-0.74986279
8794,-0.972532094,0.361968189
8795,0.0839656144,0.894358218
8796,0.0625861287,0.140833035
8797,-1.03462029,0.039473135
8798,-0.563931048,1.7912122
8799,0.0690721124,-0.6079849
8800,-3.42816448,1.92891777
8801,0.433888048,-0.391034544
8802,0.115409106,-1.12891459
8803,0.402255923,0.663882017
8804,4.29875851,0.25885278
8805,-0.656271458,0.750472248
8806,-1.83471537,-1.20943236
8807,-1.701617,-1.46362555
8808,0.332674265,-0.124505579
8809,0.270617098,-0.026694702
8810,1.27312267,1.78118336
8811,-1.9020313,0.820556521
8812,-0.657103479,0.244362548
8813,-0.172775537,-0.206962317
8814,-0.814878345,0.64302808
8815,1.28553307,-0.601113975
8816,-0.912989497,-1.07251644
8817,-0.580277145,0.653104901
8818,0.802312136,-0.73070401
8819,0.68791455,0.239566147
8820,-1.41509688,-3.60968328
8821,-0.428967118,1.40003359
8822,-0.896661758,0.532215238
8823,0.00187090773,-0.221779943
8824,-2.54650402,-1.7506386
8825,-0.612648427,0.83433193
8826,-1.7331425,-1.01185369
8827,-0.247259974,-0.443393558
8828,-1.17023766,0.212502822
8829,-2.50050235,-1.66380095
8830,-2.91409421,-0.626337409
8831,-2.41015887,0.764047801
8832,1.43981099,-0.126669288
8833,-3.04961801,-1.87286115
8834,-0.900065958,1.01472056
8835,-0.282793373,2.79346991
8836,-0.314823508,-0.198770672
8837,0.0126195876,0.218903854
8838,-0.9856565,-0.982304335
8839,0.765137851,-0.162858889
8840,1.66942942,-0.179232299
8841,-1.18322325,0.71498841
8842,0.223021865,-0.250118732
8843,-2.45247889,2.07744551
8844,-2.37155175,-0.0273415335
8845,1.82411075,-1.24249172
8846,0.519675434,0.0769485831
8847,0.775106728,0.0117696021
8848,0.638663471,0.719732583
8849,-0.375894606,0.466385663
8850,-1.88505149,0.0364061594
8851,0.172248289,1.50338447
8852,-0.296171397,-1.28118539
8853,0.357903451,-0.128857434
8854,0.106329001,0.206475735
8855,-1.27376592,-0.898057163
8856,2.15196991,-0.933572888
8857,-0.248464078,0.388270587
8858,-0.989384234,0.66136992
8859,-0.983993948,0.140569791
8860,0.0747668147,-0.275407284
8861,-2.19479322,2.1818409
8862,-0.0614453591,-0.184291691
8863,-0.989225388,0.200015694
8864,-0.0777527839,0.381245375
8865,1.57018805,-0.849749088
8866,1.10953331,-0.450799942
8867,-0.373421371,-2.10418773
8868,1.02982092,-0.532620907
8869,1.36342204,0.588300705
8870,-0.521287978,0.0942592248
8871,0.248513967,-0.050687883
8872,1.53885496,-0.293715656
8873,-0.371619046,-0.160581246
8874,-0.716831923,1.61907554
8875,1.88355172,0.788909674
8876,1.25312817,-1.60551524
8877,-1.34842622,-0.493242919
8878,0.337453038,-0.154884562
8879,0.254665524,0.321354955
8880,0.849720895,1.00134015
8881,0.564374208,1.29941547
8882,0.463588625,0.206142142
8883,-1.09447575,-0.17408441
8884,0.0319087282,-1.32741439
8885,3.16408706,0.322459131
8886,0.325391054,0.627903581
8887,-0.679956198,-0.550466418
8888,0.138395131,1.41585147
8889,-1.63685513,-2.23311758
8890,-0.269128382,0.906535268
8891,-0.775417566,1.03723228
8892,-0.746528983,0.456245989
8893,-0.720929682,0.546309292
8894,0.0994329825,-0.179050192
8895,-0.813144624,-0.0862784013
8896,-0.104489066,-0.601591229
8897,0.570657492,-0.140578672
8898,0.510367751,-0.775811374
8899,-0.586476147,-1.33045089
8900,0.421642184,2.42747021
8901,-1.44775963,-1.33075607
8902,1.71208191,-1.64881516
8903,3.92242908,-0.762889981
8904,0.278225243,-1.16842568
8905,-0.863023639,0.012481262
8906,0.997211635,-1.26770449
8907,1.10387647,2.27119279
8908,2.14898419,1.04981029
8909,0.951120794,-0.450394213
8910,0.849654615,-0.539665937
8911,0.663351893,0.410166532
8912,1.41308379,-0.420502692
8913,-1.06657028,1.22764361
8914,0.677033186,0.379741967
8915,2.07568932,-0.175515577
8916,-1.56876397,-0.21282655
8917,-1.37491798,-0.332252443
8918,-1.84103787,0.845783472
8919,-0.237295032,-0.230919063
8920,-0.878723979,-0.719390035
8921,-1.04338694,2.47052002
8922,-0.986062288,-2.33420515
8923,3.40653658,0.90831399
8924,-1.38623834,0.576063216
8925,-0.0594206117,-0.729085267
8926,-1.86137569,-0.967425227
8927,2.18698359,-0.909214735
8928,0.642969012,0.128125533
8929,1.97208655,0.833272457
8930,1.80677032,0.599821568
8931,-2.62930632,-0.62137413
8932,-1.70542502,1.70441532
8933,0.378013998,-0.292586029
8934,-0.548551798,-0.109127767
8935,-0.850848198,-1.9550128
8936,-0.596678138,0.52536869
8937,-0.540906608,-3.39134693
8938,2.11690784,0.972275853
8939,1.30064106,-1.03304791
8940,1.38036895,-0.957275867
8941,-1.08706129,0.458290547
8942,2.15510988,-1.02029109
8943,0.161969334,-1.93372548
8944,-0.76942122,0.507297218
8945,-1.76554394,-0.637545228
8946,0.525411308,-0.0322405025
8947,-0.714658976,-2.60249114
8948,-0.621087492,-0.443381339
8949,-0.255499184,-1.07017136
8950,1.97932804,-0.0736720413
8951,2.91444826,-0.58253777
8952,-0.832284451,-0.635571241
8953,1.01187408,0.820422709
8954,-2.82264853,-0.0791275352
8955,-0.8152349,-1.17706752
8956,0.377260864,0.194863543
8957,0.459076792,-0.205857113
8958,0.739360273,-0.46462509
8959,-0.355148435,-0.424589366
8960,0.414161891,0.0891015604
8961,1.4894551,0.526616514
8962,0.300164431,0.70682162
8963,-0.726707578,0.350236088
8964,0.226674333,-0.10073705
8965,-1.03920293,-0.152438745
8966,-0.0483820289,-0.220527336
8967,-2.09647369,0.95059979
8968,-1.749475,-0.700124145
8969,-0.0524116457,0.231896535
8970,-1.36269104,-1.37712884
8971,-1.42773652,0.797002137
8972,-0.202518702,-0.142898336
8973,-1.77910352,0.293182343
8974,-0.824895024,-0.319283605
8975,-2.54599762,0.924382925
8976,0.953323722,-0.632469535
8977,-1.98242605,-0.924576342
8978,1.2731055,-0.669332325
8979,0.682356358,-0.246078834
8980,0.164502203,0.267309129
8981,-1.63639975,0.0611700378
8982,-0.0705014691,-0.931589186
8983,0.626849949,-0.572788477
8984,-0.322971195,1.79623353
8985,0.221774533,1.8125124
8986,0.525353551,-0.215094462
8987,0.623834074,-0.983408749
8988,-2.12718534,-2.66172552
8989,-0.418706298,-0.37360096
8990,-0.180833668,-0.528608501
8991,-0.413120419,-2.430691
8992,1.18603253,-1.49002576
8993,-2.44795895,2.16212773
8994,0.242166564,0.286504775
8995,1.38750005,2.37204266
8996,0.631662011,-0.526429057
8997,-1.29291892,-1.7044785
8998,-1.98323488,-0.630846083
8999,0.248086423,-0.287380725
9000,-2.04169726,-1.63788092
9001,1.98062515,0.584331095
9002,0.508775413,0.0683021471
9003,-0.295856476,0.0587531328
9004,0.160757586,-0.181715459
9005,0.456834942,-2.49471712
9006,-1.1319505,0.443212181
9007,1.82627487,-1.72938764
9008,-2.54283571,0.182058007
9009,-0.410487175,0.0945265517
9010,2.73770761,1.23487818
9011,-0.483514816,-2.30245209
9012,0.771620512,-0.413163275
9013,0.230533242,1.4724319
9014,-0.652742267,-1.85914385
9015,-0.149083287,0.336567312
9016,-0.17042309,2.01188064
9017,1.9779942,-0.127257839
9018,0.333396196,0.0366139114
9019,0.315348685,-0.0846321955
9020,-0.40873608,-0.139935881
9021,-2.33468366,0.883753002
9022,-0.612354994,0.178686395
9023,1.3161031,2.27146626
9024,0.0365942195,-0.180136681
9025,0.950735867,-0.140333444
9026,0.0709828064,0.940392613
9027,-0.0501431823,0.675731242
9028,-1.09006846,2.68804407
9029,0.385790199,-0.229434893
9030,-0.621192455,1.41467965
9031,-0.541590631,-3.35580611
9032,0.995186388,-2.1046257
9033,1.27721,-2.49669242
9034,0.116532877,-0.416508466
9035,1.7390362,-0.11645823
9036,0.388267189,0.539376318
9037,0.400651157,0.587272406
9038,0.615239739,0.560607433
9039,-0.818528414,-0.364692897
9040,-0.559361875,0.222270399
9041,0.170147255,0.939834535
9042,-0.816245556,-0.0989523306
9043,0.258129328,0.0547062382
9044,-0.483394295,0.455718338
9045,-0.162969574,-0.128480703
9046,0.831202567,-0.262329668
9047,0.690866709,1.96871626
9048,0.373269588,0.328337222
9049,-0.718734264,0.366028666
9050,1.03251517,-0.351458162
9051,0.582601428,1.88062346
9052,1.05412495,-0.834796011
9053,-0.39303863,-1.2900337
9054,0.278280765,1.902758
9055,2.32865524,-2.56126523
9056,-0.304924488,-0.184120253
9057,-0.660493672,0.274107605
9058,-2.05367136,0.84897536
9059,-0.571881473,-0.393704116
9060,-0.29218623,-0.253117859
9061,0.883883595,2.2761991
9062,-0.608782947,-2.35857773
9063,1.50349021,0.79566139
9064,-1.37930906,-1.80008066
9065,0.557841718,-0.782170177
9066,-1.59100187,-0.865428805
9067,-0.414608896,-0.353355378
9068,0.399892062,-0.0389541388
9069,-0.253979355,0.0376128815
9070,-1.0713495,0.181880131
9071,-2.30268335,0.926555753
9072,0.0789409205,-0.150394306
9073,0.431390256,0.0751418248
9074,-0.105895512,0.568615317
9075,-0.437185407,-0.758800864
9076,0.223251238,-0.0373806395
9077,0.876497924,-0.41913569
9078,0.386118233,1.22902524
9079,-1.12334812,0.78544116
9080,0.367258459,-0.0508812517
9081,0.676871657,-1.35651124
9082,0.353107542,0.349797249
9083,-2.68527889,-2.61290646
9084,-1.38059783,-0.0538036525
9085,-1.61136854,1.43864369
9086,0.095477581,-0.522737086
9087,-0.298169553,0.117118157
9088,-0.227483049,-0.0691251606
9089,-0.179291338,0.878220677
9090,0.383928537,0.168485925
9091,-0.397198409,0.738807499
9092,0.611214757,-1.5721755
9093,0.886266172,1.06873012
9094,-0.727181494,-1.67904091
9095,0.270957738,-0.484104097
9096,1.3592329,1.87274802
9097,1.42990935,0.953737676
9098,0.82405746,0.137443632
9099,-0.474474281,-2.18148041
9100,-0.248016059,0.820964396
9101,-2.21236253,0.123375379
9102,0.0517657511,-0.214355126
9103,-0.0705464855,1.06093037
9104,0.243044078,0.234150887
9105,1.11427784,-1.5574652
9106,-0.254198194,0.209469721
9107,2.34900379,0.91761893
9108,-1.47150397,-1.41166031
9109,-1.18665838,-1.09744704
9110,1.19435108,-0.0599576831
9111,0.949189246,0.0272172075
9112,0.108158037,-0.0088483002
9113,-0.559773386,-0.250200212
9114,-1.23271465,-1.06466973
9115,-0.248971984,0.11708086
9116,2.27657747,1.80674875
9117,-1.70124876,-8.25138704e-05
9118,-3.07151532,3.22309589
9119,0.605680645,-1.07638991
9120,-0.302925557,-0.630838573
9121,2.68565893,-0.333676189
9122,-1.5284059,-0.42489022
9123,1.23549521,-3.13465381
9124,-1.2792275,-1.3083421
9125,0.128611356,1.16921997
9126,-0.60883832,-0.75995481
9127,-0.666288197,0.493381768
9128,0.906431377,0.533035159
9129,0.383964568,0.865541279
9130,1.0849241,-1.30867124
9131,-1.32695127,-1.50443065
9132,-0.588654459,-1.64227951
9133,0.157604471,-0.212778896
9134,-2.16265082,0.336308509
9135,0.195516914,-2.53079748
9136,0.287559569,-0.473145217
9137,1.06343913,0.241587952
9138,0.391945034,-0.218482494
9139,1.35796535,1.29339004
9140,-0.166757509,0.0401334204
9141,-0.0958755091,-0.427243352
9142,-0.750744224,0.753173888
9143,-0.0733649805,-1.12342978
9144,1.66325712,-1.80461299
9145,2.00777054,0.0748932883
9146,-0.28134656,-0.851223707
9147,-0.152959093,0.234678373
9148,1.12970245,-0.341879576
9149,1.51068532,-0.293594062
9150,-0.240051091,1.21460378
9151,-1.08696532,-0.0973003134
9152,0.553178072,1.10302746
9153,1.77775288,-0.208713323
9154,-0.322961211,-0.103477985
9155,1.0474112,-1.40075576
9156,-0.703786075,0.619220495
9157,0.202496931,-2.66035819
9158,-0.317698658,-0.740196526
9159,0.869163513,0.83406347
9160,0.376998693,0.344517827
9161,-0.220005199,-1.55798686
9162,-0.248430058,-2.35490942
9163,-1.91735005,0.391748458
9164,-0.200427115,0.199812919
9165,-1.13715839,1.39043617
9166,-0.648339868,-0.55354017
9167,0.446201324,-0.104445137
9168,1.00248945,-1.13632345
9169,-0.376509786,-0.980544686
9170,1.0139178,2.41853571
9171,0.348204315,-0.188614935
9172,-0.040033251,1.03615236
9173,1.24317646,1.77727067
9174,-0.0126129622,0.292372912
9175,-1.31930399,-3.0926125
9176,0.807550371,-0.000145785292
9177,-0.0995566919,0.215210631
9178,2.126647,1.02711773
9179,0.168553904,-0.342519194
9180,-1.44724917,1.42923093
9181,2.73250151,1.96059346
9182,0.463243574,-0.534599185
9183,-1.36586308,-2.5031054
9184,1.14671421,1.31487644
9185,-0.742960691,0.814229429
9186,0.0333652273,-0.399896979
9187,0.301945508,0.0984485224
9188,0.340948582,0.0631642044
9189,1.08352268,-0.514339268
9190,0.344430804,-0.633937597
9191,-1.14671457,-2.31684351
9192,0.968319595,-0.973003328
9193,1.62766492,0.524946451
9194,1.03992403,0.519980609
9195,-0.310040295,0.571300864
9196,-0.412410557,-0.41189757
9197,0.0710651278,0.374866635
9198,0.994678199,-1.02371812
9199,0.0128271701,0.171099171
9200,0.042295035,0.384397835
9201,-1.3076117,-0.762268543
9202,-1.17715597,-1.10005009
9203,2.98201394,0.883549511
9204,-0.0561552383,-1.28095865
9205,1.5831219,-1.18860519
9206,0.915383875,-3.21956706
9207,2.64978456,-0.638901114
9208,-0.270954281,0.560850799
9209,-1.56590521,0.891073406
9210,2.08656049,2.24858546
9211,0.914414465,-0.347540885
9212,1.54845583,1.14590919
9213,0.432623297,1.40875876
9214,0.635902762,0.616513312
9215,0.310817808,0.713282466
9216,-0.0627682284,0.947677553
9217,-1.82562661,3.08508945
9218,2.26492643,-1.27338541
9219,-0.359376013,-1.60816288
9220,0.0812392458,-0.855127275
9221,-1.14726591,-1.67640483
9222,1.90460312,1.09014332
9223,-1.74232101,-0.49347502
9224,2.49930453,-1.20261586
9225,0.0562230721,-2.84156799
9226,-0.544531643,0.0281611085
9227,-2.11791205,-0.0824611634
9228,2.42126036,0.712388098
9229,0.317892283,0.489766359
9230,0.0158335846,-0.427442163
9231,1.2507019,0.836404145
9232,-0.229590312,-0.500946164
9233,0.821285844,1.61304343
9234,-0.175010338,-0.428808659
9235,-0.564949036,-2.21702766
9236,0.0466693342,-0.958892167
9237,-0.236248195,0.0179447364
9238,2.10609746,-0.10048642
9239,-0.968221486,0.0568200499
9240,0.233106464,-0.166363582
9241,2.45582342,-0.0293140113
9242,0.348415822,-1.30784297
9243,1.00381339,-1.38987482
9244,-1.29906762,-0.597400904
9245,-0.245807096,-2.98178768
9246,-0.78589797,-0.421242595
9247,3.62016988,1.16345179
9248,0.142219648,1.22540867
9249,-0.197750941,-1.32874978
9250,-1.67613852,3.20475578
9251,-0.276296288,0.276919037
9252,0.12427371,0.204368666
9253,1.45379078,0.837112129
9254,-0.393605888,1.52975309
9255,1.05375326,1.23626161
9256,0.65936172,0.126853481
9257,-0.226081982,-0.00405039126
9258,0.943461776,-0.874673605
9259,2.2287302,0.957370341
9260,2.87484241,1.73256958
9261,0.729830801,-0.799973309
9262,-0.32599476,0.53455776
9263,-0.396825552,0.333867878
9264,0.680551529,0.402285725
9265,0.397554457,-0.101051353
9266,0.219760522,-1.23720026
9267,-0.158451676,-0.08480867
9268,0.575571239,2.05063581
9269,0.0329736955,-0.58604002
9270,0.127872631,1.59638631
9271,-0.213133216,-0.271082222
9272,0.596789241,0.783544183
9273,-2.21020174,0.0291133169
9274,-0.240019977,-0.662906826
9275,-0.21697931,2.41775823
9276,-1.00146389,-0.339775831
9277,-1.04047096,-0.401181102
9278,-0.0472016186,-0.803762734
9279,-1.63346481,-0.274346828
9280,0.139216021,-0.112201892
9281,2.51617122,1.63579988
9282,0.506269157,-0.606698334
9283,-0.211557269,-0.0401538126
9284,-1.13016248,-2.79484844
9285,-0.0966316387,0.0882234275
9286,-1.62658429,0.353781581
9287,0.258248031,-0.104731195
9288,0.195482016,-0.145665482
9289,0.731782973,1.46206236
9290,-0.167688921,0.129783183
9291,-0.0914506093,2.30637407
9292,1.04946709,1.23488879
9293,0.653537631,0.379790336
9294,0.890560567,-0.144254193
9295,-0.321150422,0.612791598
9296,0.0309347026,0.241021767
9297,0.534017444,-1.68860602
9298,-1.28771555,-0.329387307
9299,-0.0197462942,-0.190619141
9300,-0.024483107,-1.26350796
9301,0.881655037,0.551979661
9302,0.927363873,1.39853168
9303,1.07555652,0.424395055
9304,1.89258862,0.551184654
9305,0.246314555,-0.047989253
9306,-0.242152512,2.86078596
9307,-1.06166065,0.62723875
9308,0.563281119,0.467189431
9309,-1.78114796,-2.50534654
9310,0.582208931,-2.3243258
9311,-1.24298322,0.10013961
9312,-0.357930064,-0.2648893
9313,0.517356932,0.231281996
9314,0.776053488,1.53696358
9315,1.43694711,1.23941898
9316,-1.07707405,0.0102151949
9317,1.00124896,0.364444971
9318,0.393405497,0.463717073
9319,0.124726906,2.34431052
9320,0.145639792,-0.0732775107
9321,-0.317501187,0.0708047524
9322,-0.150908738,0.956107259
9323,-0.152471289,0.874565303
9324,5.39965296,1.70253921
9325,-0.263746053,-0.142548501
9326,0.801556706,-1.31377351
9327,0.306805372,-0.267917454
9328,3.2912848,-1.04173207
9329,-0.434338301,0.16858913
9330,2.09583783,0.25843972
9331,0.586025476,0.13910538
9332,-0.333188415,-0.500304401
9333,1.00759935,0.23356767
9334,-3.76337099,0.125882819
9335,0.68922019,0.397571653
9336,-0.926417172,-2.0157249
9337,0.310300678,1.20480633
9338,-0.227584332,0.035358239
9339,2.55653667,-1.06656969
9340,-0.577371299,0.164804175
9341,0.724480927,0.729409873
9342,-1.88989604,-1.39466035
9343,-0.218387067,-0.274616003
9344,-0.763766348,0.131509751
9345,-0.580208421,0.614974737
9346,0.533703566,0.8964926
9347,-1.97551548,-0.9803949
9348,-2.02407098,0.351653337
9349,0.299493313,-0.279810041
9350,-2.84091997,0.492024124
9351,-1.02640235,-0.620960176
9352,1.03413486,-0.545936525
9353,-0.771541357,-0.201509595
9354,-0.617286503,-2.48826861
9355,-0.177929536,0.0662190467
9356,0.397405803,0.454054236
9357,0.505255282,1.86266339
9358,-0.534150958,-1.37870944
9359,-0.114436775,1.20165133
9360,-0.576411664,2.7451129
9361,1.43734694,-0.510626912
9362,-2.25446367,0.919135094
9363,0.397886157,-0.0674087852
9364,2.27167177,4.82782555
9365,-0.0229637269,0.721502125
9366,0.903068244,0.410050273
9367,1.29106534,-1.01057458
9368,1.46562946,-1.13747799
9369,1.99902558,-0.549375713
9370,-1.21932483,-1.47417998
9371,1.34858835,-0.908943653
9372,0.501911998,0.370068908
9373,-1.72954416,0.831259191
9374,0.843165576,1.76282477
9375,-0.706006289,1.27147353
9376,0.332658857,0.35625273
9377,0.382072836,-0.549098909
9378,0.643911958,-1.47228086
9379,-0.938553691,0.548556745
9380,3.58961582,0.10027878
9381,-0.028385615,0.571262717
9382,-0.554232955,0.403547615
9383,0.209180534,-0.12289153
9384,0.0539654233,1.113657
9385,0.409896493,0.262096286
9386,-1.71430492,-2.08087683
9387,0.512949944,0.649168074
9388,1.36905289,-0.262225926
9389,-0.156146899,0.101408064
9390,0.285265326,0.702187598
9391,0.0858248249,0.298496425
9392,0.908149421,2.34055877
9393,-0.607714415,0.836776674
9394,0.813743651,-0.163188964
9395,3.2857759,-0.718600273
9396,1.40068531,0.217848703
9397,1.20196009,0.343446761
9398,-0.00178621267,-0.927209198
9399,0.429858744,1.23728931
9400,-0.633389115,0.19310984
9401,-1.77866197,0.23454532
9402,0.191202357,-0.38444674
9403,-0.606631577,0.576272905
9404,1.84992635,-0.503330529
9405,-0.33019492,-0.299641132
9406,-1.5938642,3.77235746
9407,-0.758290708,-0.217012048
9408,-0.0519074574,-2.65581107
9409,-0.158506036,0.151057124
9410,-0.93664372,-1.00464904
9411,-0.716525853,0.705360413
9412,1.41954386,-0.119257078
9413,0.204854146,0.267279327
9414,2.1104126,1.29985702
9415,0.501976669,0.608826578
9416,1.5442158,-0.897603393
9417,-1.517362,4.48345423
9418,-1.18033981,-0.99919349
9419,0.459647417,-0.606496215
9420,1.48293877,2.67120218
9421,-1.99668515,2.5422101
9422,-0.0760871172,-0.575482547
9423,-0.144136965,-0.0824809447
9424,-0.241442084,0.304521769
9425,0.850902081,-1.24076509
9426,-1.62259114,-0.094495371
9427,3.1782136,1.33294976
9428,0.679586649,-0.799717784
9429,-0.456411421,0.0878525674
9430,-1.32067883,0.571407318
9431,0.810922444,-0.669491649
9432,0.585006475,1.36113513
9433,-1.94940567,0.632653415
9434,-2.07750559,-0.516393542
9435,0.399949163,-0.52802366
9436,-0.240523294,0.773070693
9437,-0.297265738,-1.00956154
9438,0.189061821,0.182127029
9439,-0.389523894,1.03512561
9440,-0.967904449,0.0597684607
9441,0.24550721,-0.0894555226
9442,0.251042128,0.612447679
9443,0.684031248,-0.0976918563
9444,-1.04950702,0.593839884
9445,2.11685467,-0.205932915
9446,0.607339025,0.560398221
9447,-0.549917996,-0.668602765
9448,0.117112607,0.105964847
9449,0.449694127,0.860331416
9450,-0.553024888,-0.491118282
9451,1.30404818,-0.454454154
9452,-0.523898482,0.343238324
9453,1.10637164,0.0621240363
9454,-0.114056073,-1.54932451
9455,-0.567401648,0.581988871
9456,0.771972299,-0.211223006
9457,-0.192212582,-0.404757351
9458,1.08031416,-0.868975043
9459,0.704504192,0.728238881
9460,0.208735615,-1.09156394
9461,0.534378648,2.27649927
9462,1.4278363,1.14116395
9463,-1.11703312,1.88234532
9464,-0.204082489,-0.00875202566
9465,-1.24412918,-3.87135601
9466,0.168384612,-0.0393556319
9467,0.691540003,0.118083037
9468,-0.0290324669,-0.150615558
9469,-2.43840671,-0.888683736
9470,-0.983801961,-0.292561084
9471,-0.747456968,1.14624608
9472,1.09305012,0.0263992455
9473,1.86299491,1.01040196
9474,0.0539785326,-2.17930222
9475,-0.0394087955,1.56557441
9476,-1.20167458,-0.236116335
9477,-1.86001372,-0.570785582
9478,2.58624601,2.19134903
9479,0.451843619,-0.100175031
9480,1.61739457,-0.88894856
9481,0.130972877,0.382591993
9482,3.31884098,0.82039386
9483,0.314874947,0.326114118
9484,1.11948001,0.872086585
9485,-0.922976434,-0.477569729
9486,1.14795816,1.10924697
9487,0.0493637659,-0.320306391
9488,0.0935017616,0.223924398
9489,0.142714515,-0.571216941
9490,-1.75961065,2.51370502
9491,0.26566118,0.356679767
9492,-1.61903739,2.59264708
9493,1.22271574,-0.209011719
9494,0.819425106,-0.408247113
9495,0.202237651,0.595660329
9496,-1.57864964,1.80185056
9497,2.93294382,-0.106709331
9498,0.660712659,-1.13427973
9499,-0.264687091,0.350662827
9500,-0.0118295196,0.350969136
9501,1.29684448,1.3153131
9502,0.113656066,2.7439115
9503,-0.432527184,-0.834416747
9504,-1.00403965,-0.00321200211
9505,0.739839017,-0.181611255
9506,0.922255337,1.38459921
9507,1.58329797,-0.807907403
9508,0.400617003,-0.752169788
9509,2.29587221,-0.585374653
9510,-0.533370733,-0.603896797
9511,-1.12291336,-0.928532124
9512,4.29937267,1.43788719
9513,-0.192406684,0.0111730741
9514,0.585844457,-0.259303242
9515,0.967705846,-0.248295456
9516,0.563763201,0.35159111
9517,1.61958301,0.0902485177
9518,0.0187287498,0.00461602909
9519,-1.17055094,1.59724641
9520,-0.79402405,-0.803952992
9521,1.36380768,0.691962481
9522,-1.19943368,-0.196418956
9523,-0.581603646,0.593793273
9524,0.475836456,-0.263335377
9525,0.189576358,-1.88692164
9526,-0.835481286,-1.22618389
9527,-0.342281997,-0.636530757
9528,-0.236482233,-0.147085786
9529,0.41083023,0.506321132
9530,-1.34161913,-0.788443327
9531,0.277738482,-0.440434068
9532,-1.12496507,-2.94130325
9533,-1.151057,1.76240647
9534,0.181096971,-0.0613983683
9535,-0.330427527,0.749361455
9536,-1.82431638,-1.21346962
9537,-1.04135871,0.417213947
9538,-0.634788573,1.11131775
9539,2.63565636,0.430944562
9540,1.65033603,-0.354972482
9541,1.32336938,1.25125742
9542,-2.66961217,2.68058968
9543,-0.625713348,-0.651602507
9544,-0.920327663,-1.05904496
9545,0.40095076,2.75350761
9546,-1.2554208,-1.4851774
9547,0.333886385,1.04675162
9548,-0.843430161,0.631352842
9549,-1.13200045,-1.12016225
9550,0.828164577,2.44405198
9551,-0.544961214,-0.170391932
9552,0.207063645,-0.0452184863
9553,1.68299139,1.29138243
9554,-0.388816714,-0.226031825
9555,-0.0260641649,0.878830969
9556,-0.502806962,0.979051769
9557,0.327926844,1.08230436
9558,-0.00104041479,-1.11846924
9559,0.238422737,-0.397345215
9560,0.161319599,0.111197375
9561,1.50717139,-0.458525062
9562,1.36834407,0.97525692
9563,-1.95612538,-3.11007643
9564,-1.52237558,0.948922575
9565,-0.0921446234,-0.534739375
9566,-2.41140103,0.577244282
9567,2.15235591,-0.475502491
9568,0.189540923,0.155975059
9569,-2.41407895,-1.38934696
9570,2.38349938,-2.39463353
9571,1.73604119,-2.58983088
9572,-1.26914501,-0.0607597344
9573,2.67697453,1.46127617
9574,-1.31527865,-1.09674966
9575,0.0724505484,-2.95584249
9576,0.0862560719,-0.47692278
9577,0.326423645,0.580609083
9578,-0.0696359426,-0.307017595
9579,1.35531974,-1.40939736
9580,-0.131039217,-0.0609301254
9581,0.748302341,-0.105899408
9582,0.147871688,0.498966575
9583,-1.42876279,-0.353999138
9584,-0.645233214,-0.146452561
9585,0.242536545,0.586582601
9586,0.786445498,0.173941478
9587,4.0551734,-3.16945553
9588,-1.30927086,0.0209459011
9589,0.128229216,-0.276978642
9590,0.237590343,-0.489255667
9591,-0.292836994,0.091113098
9592,0.450159281,0.673459709
9593,0.162013799,-1.7009722
9594,0.587553263,1.10221052
9595,-0.109642483,-0.607216299
9596,0.421272576,0.13754642
9597,0.74875474,0.558482826
9598,-0.304311991,0.713773668
9599,1.93735707,2.50277066
9600,2.7237587,-0.716074407
9601,1.46517718,-1.24108386
9602,0.254119217,0.441229284
9603,-0.231494635,0.0709171742
9604,0.158672169,-1.26231146
9605,0.24987185,0.891793191
9606,0.485550523,2.6163497
9607,-0.680439413,0.420898616
9608,0.438209832,0.18016009
9609,2.08811045,0.674558878
9610,-0.0799883753,-0.239271104
9611,1.58222294,0.40512076
9612,-0.686560929,-1.26133144
9613,-1.84345055,0.94573319
9614,0.215826333,-2.11448693
9615,-1.10704315,-0.0912683159
9616,-0.252813309,0.831356585
9617,-0.804844558,-0.0287087616
9618,-0.102219485,-0.211610034
9619,3.4703474,-0.064734824
9620,0.287742376,0.0990951508
9621,-0.0206030514,-0.252416939
9622,-0.497305393,0.0845836401
9623,1.12238574,-2.59029031
9624,0.20543541,2.93763518
9625,-1.47059166,0.894816935
9626,0.395802766,0.897662759
9627,1.01448238,0.450646967
9628,-2.03079891,1.10946977
9629,-0.255349219,-0.441444904
9630,0.0203798786,0.941543639
9631,0.897806823,0.800891399
9632,-1.74737811,-1.49714637
9633,-0.814799309,-2.29657459
9634,0.934491277,-0.708696485
9635,-0.0156687573,1.74591768
9636,0.715137482,-0.514519513
9637,0.296726853,-1.25482357
9638,-0.7488662,0.275521159
9639,0.28695938,-0.892278492
9640,-0.207366303,1.05959666
9641,-0.85623318,0.972611725
9642,-0.291272432,1.19106126
9643,0.707635164,1.91102684
9644,-0.865496457,0.256762177
9645,0.800462961,1.05687964
9646,-0.669797599,-0.203294203
9647,0.181034312,0.212317973
9648,-1.21646953,2.55655503
9649,-0.718089998,0.906554341
9650,-0.143347293,0.118097983
9651,-0.777609944,-2.23507619
9652,-1.95058107,-1.11309195
9653,-0.0195304174,0.0848155245
9654,-1.7198422,1.19789898
9655,-1.29488099,-0.427306473
9656,0.643346608,1.24452424
9657,-2.00220108,4.3483367
9658,1.20582485,0.98556453
9659,-0.397800922,-2.46125746
9660,-0.468444735,0.00749588525
9661,-2.74677086,-0.0532312058
9662,1.17652416,-1.25470889
9663,-1.40022969,-0.156927139
9664,-0.895544529,0.344368964
9665,0.349721372,0.932910144
9666,1.22819793,0.579288244
9667,0.775523663,-0.82429719
9668,1.2262603,-1.61839998
9669,0.699336052,1.16256547
9670,-1.10170913,-1.74328983
9671,-0.216407657,0.0289960355
9672,1.22175848,0.112046488
9673,-0.771501184,-0.577840865
9674,0.0676256716,-0.632840872
9675,-1.07187617,-1.06823587
9676,-2.04656243,0.810330331
9677,-0.942508221,0.320277512
9678,0.502607703,0.653447092
9679,0.102945276,-0.124279246
9680,0.309800744,-0.177863225
9681,0.738730609,0.533779562
9682,-1.51106179,2.12507105
9683,0.650669277,-0.385244995
9684,2.83474016,2.04235744
9685,0.521549702,-0.512420297
9686,-0.121932477,-0.587751985
9687,-1.62678957,0.851659477
9688,-0.363014042,-0.520949602
9689,-1.08797455,1.08647287
9690,1.16620028,0.800495744
9691,1.6410172,0.36568296
9692,0.511751294,0.930027485
9693,-2.14823914,0.557918251
9694,-0.116551086,2.87412071
9695,1.26874888,-0.500958443
9696,-0.288734913,0.18126604
9697,0.398111552,-0.882689297
9698,-0.215726227,-0.159924448
9699,-1.24878407,-0.537679017
9700,-0.351664752,1.30581796
9701,-0.782453656,0.15270409
9702,-1.00243783,1.9541328
9703,-0.100727692,0.0470335931
9704,-1.35922027,0.473081827
9705,0.26888746,0.446944833
9706,1.19812202,0.518188894
9707,0.881123126,-0.267074466
9708,0.0875681192,0.857010067
9709,-0.291033626,-0.20980984
9710,-0.167075917,-0.76944834
9711,2.36142492,-3.67927408
9712,2.67928529,3.00312877
9713,1.24007416,-0.771002233
9714,-0.900050104,1.13897824
9715,-1.79114127,-0.197771356
9716,-0.860078216,0.584922671
9717,-0.480389178,0.385367721
9718,0.719919741,0.94703269
9719,0.0847894624,1.05887771
9720,2.40957117,-0.992871583
9721,0.191422641,-0.16097945
9722,-0.21475631,0.997173429
9723,-0.111040846,-0.0300153829
9724,0.651429296,-0.817624509
9725,-0.282478243,0.0819399655
9726,1.92190552,0.193468884
9727,0.929208815,-0.54752326
9728,0.0558687299,-0.150263995
9729,-0.436453521,-0.315827906
9730,0.110530272,-0.412793159
9731,1.01815987,1.52276742
9732,-2.04148817,2.07132697
9733,-0.113835141,0.429692388
9734,0.297387451,0.7469486
9735,1.26689017,-1.15708601
9736,-2.1771276,-1.02931368
9737,-2.51223636,-0.803092062
9738,0.813529015,-0.538579106
9739,0.887901545,0.947868764
9740,0.10602466,-1.013767
9741,-1.09064806,-0.265277863
9742,-0.141056567,-0.648811638
9743,0.211704344,-2.88515806
9744,1.04984796,-0.418710917
9745,-0.646362245,1.18998349
9746,1.65713835,-3.00539207
9747,-0.571274877,1.72545385
9748,0.234189257,0.430357873
9749,-0.194524363,0.170104131
9750,-0.20324719,1.59474349
9751,-0.696361423,-0.992539644
9752,-0.619687438,-2.02941346
9753,2.63655519,-2.55626082
9754,-1.17258406,-1.30947435
9755,-0.189983785,-0.0951071158
9756,0.218954623,0.713442802
9757,-0.59145844,-1.02710342
9758,-0.244596317,-0.949548125
9759,-0.820393264,-0.776223123
9760,-1.40864205,0.980627954
9761,2.41024256,-0.561390758
9762,-1.55532944,1.20209301
9763,-1.69804013,-0.0154976305
9764,-0.25344941,-1.08818007
9765,-0.104897015,-2.50459218
9766,-2.97942543,0.878753901
9767,-0.65061295,-0.675998449
9768,1.18167722,0.121005438
9769,0.330147445,-1.6922617
9770,1.31208789,-2.11547828
9771,-0.376969457,1.46133065
9772,1.72307754,0.571700871
9773,2.02622819,1.94998467
9774,1.01775014,1.26423669
9775,-0.0079202326,1.34751356
9776,-0.123063073,-0.688083172
9777,0.681605577,1.4229883
9778,-1.01152587,-1.55651712
9779,-0.348022759,-0.875059009
9780,-2.0561657,-0.307194173
9781,-0.729368091,-0.703929663
9782,1.11251879,1.59000182
9783,0.511514306,-0.260395885
9784,2.02774143,0.536901474
9785,-0.47547096,0.583823264
9786,0.21141842,0.530041218
9787,0.98007822,0.41835466
9788,0.665009618,-0.105264179
9789,0.00239096954,-0.261336684
9790,0.332951546,-0.621808112
9791,0.30451867,-0.292949975
9792,-0.179101422,-0.636472642
9793,1.29036379,-0.729367495
9794,0.830946445,2.2167058
9795,0.173176855,-1.68541944
9796,-0.654466271,-1.90928423
9797,-0.841008127,0.0395210087
9798,-0.368175894,0.772995234
9799,1.30973673,-2.12263083
9800,-0.969870865,1.18833065
9801,1.17240262,-1.00519657
9802,-0.966587722,0.710938513
9803,0.419995606,-0.199578896
9804,-0.324297965,1.6148802
9805,-1.47819531,-2.19146085
9806,0.388047934,-0.740969419
9807,-0.15884231,0.0809325501
9808,-0.969290435,0.256115347
9809,-1.72930598,-0.0915697664
9810,0.22600098,1.12640917
9811,-1.4869523,0.542093515
9812,1.48181391,0.103169307
9813,1.81399906,1.37831533
9814,0.211418569,1.07013643
9815,3.5093503,1.63832164
9816,1.20276189,1.64788628
9817,0.623797297,0.154466495
9818,2.03385139,1.01811659
9819,0.113248177,-2.00235629
9820,-1.32941103,0.933324337
9821,-0.307846844,-0.273148715
9822,-1.5926801,0.1118095
9823,-0.938041449,-0.997764587
9824,-0.224516466,-2.12165213
9825,-0.495646477,-3.20986819
9826,3.33528447,-0.217262313
9827,1.21635985,-0.239970922
9828,1.31628358,0.991939783
9829,1.64003909,-0.905113041
9830,0.773579061,-0.167306423
9831,0.15943566,-0.334873289
9832,-0.160759032,-1.64471638
9833,0.337682039,-0.501565695
9834,-0.189207897,-0.604709923
9835,0.283513546,-0.901793182
9836,-0.264514655,-1.72461057
9837,-0.510094225,0.52712661
9838,0.776571512,0.404236257
9839,0.283623189,-0.913045049
9840,-0.179822832,-0.0238113683
9841,-0.744682193,-0.587474227
9842,1.50979197,-1.90220428
9843,-1.4605577,2.25269318
9844,-0.821914375,-0.321115226
9845,0.14782162,0.426918
9846,1.19384837,-1.57032621
9847,0.355702728,0.619631708
9848,-1.21217692,0.103422016
9849,-0.28080675,-1.08581567
9850,2.51029944,1.76665854
9851,0.916116595,-0.392283738
9852,-0.201585978,0.479757994
9853,-0.139336899,-0.885405838
9854,-0.86224401,-0.413938791
9855,0.307050377,-0.838454723
9856,-1.81684268,0.0761492252
9857,-0.672497869,-0.0550094657
9858,-0.642767131,0.837750673
9859,-0.381249905,-2.6491189
9860,0.188441858,-2.19905305
9861,0.723188519,3.42790508
9862,-0.795626342,-3.25518489
9863,-1.74419725,2.21492481
9864,-0.652975023,-2.09610868
9865,0.277476013,-0.0899024233
9866,2.05625176,2.08434367
9867,-1.27288103,1.72475278
9868,0.36372745,0.135083377
9869,0.0464960597,-1.23820364
9870,1.4482373,-0.604585707
9871,0.754266322,0.218287066
9872,-0.168232709,-0.0333947763
9873,-0.0123460507,-0.475455463
9874,1.91721404,0.183762297
9875,1.7011199,0.199322715
9876,0.257731378,0.0870359167
9877,0.854783356,0.439169854
9878,0.778562248,-0.0530234762
9879,-0.175403267,-0.201035783
9880,-0.576857626,2.46235371
9881,-1.79261672,1.83356225
9882,0.466558665,-0.442357481
9883,0.528266251,-1.14662862
9884,0.665048063,-0.126480252
9885,-3.52414775,-2.52870178
9886,0.355092824,0.461516798
9887,-0.620292246,0.549274206
9888,-0.968833327,1.20061314
9889,-0.73138392,0.382776588
9890,-0.935111523,-1.17020917
9891,1.43065119,2.358814
9892,0.853436351,2.28223085
9893,-0.129390091,0.670323968
9894,-1.12539876,2.49114752
9895,0.740571797,0.672713876
9896,1.4657222,-0.822803974
9897,-1.22304654,-0.493112385
9898,-0.760834455,0.148744345
9899,0.134145245,0.2719087
9900,0.50815475,-1.59720194
9901,0.925718129,0.526434839
9902,-0.373805195,0.464002877
9903,-0.0351915509,1.43393207
9904,1.23058307,-0.634662211
9905,-1.47964942,-2.151196
9906,-0.655482888,0.467846572
9907,-1.60807192,-0.846127391
9908,-1.77382636,-3.17802978
9909,0.226887718,1.11958611
9910,0.171518654,-1.94956982
9911,0.219027579,0.455871582
9912,0.188823491,-1.52459085
9913,0.0235634726,0.363972723
9914,-0.107656389,-1.24232864
9915,0.294333398,0.996289432
9916,1.19448197,-0.0629506409
9917,-3.36054492,0.829212725
9918,0.674230754,-1.0221386
9919,0.53847754,-0.608763814
9920,-1.6285125,1.31498444
9921,2.23402119,1.15909088
9922,-0.219213039,-0.101636089
9923,0.0784776285,-0.336028636
9924,1.33598208,2.16443944
9925,-0.163162142,-0.147675186
9926,-1.15740716,0.753070295
9927,-0.540607989,-0.459126681
9928,-0.246911883,-1.1680584
9929,-0.254000425,0.0858983472
9930,-0.344462514,1.34580445
9931,2.50563264,0.386705846
9932,1.3502028,2.54945993
9933,0.912018418,-0.910773993
9934,1.05800128,-0.609192193
9935,-0.813557565,0.959840178
9936,-0.28417626,-0.439769506
9937,0.543946564,0.138023928
9938,-0.496312559,0.764078438
9939,1.07984257,0.424117446
9940,0.466784,-0.323581874
9941,-0.287673414,-3.20378351
9942,-0.786322296,-1.1755482
9943,-0.948245108,0.954454064
9944,-1.10808861,2.89249349
9945,-1.05433106,2.50332832
9946,-2.87090874,-1.15962684
9947,1.98901045,2.88955998
9948,-1.91566122,0.612046659
9949,0.209102184,0.326859981
9950,-0.0962315798,0.888102651
9951,0.478488505,0.792664051
9952,-0.520134985,-0.564686716
9953,-2.01554751,0.0106383506
9954,-0.187657371,0.0580956377
9955,1.24331796,2.21275043
9956,-0.168313652,-3.09591365
9957,0.0764215887,1.08326137
9958,-1.55466104,-0.147198677
9959,1.65009677,-0.791735888
9960,-0.517119765,-0.527565777
9961,1.51058507,0.556075394
9962,-0.889154196,-0.0121978829
9963,0.841723084,-0.564069927
9964,0.712846398,1.05500388
9965,-0.364366144,0.376964778
9966,2.21013522,-0.953277051
9967,-0.777727962,1.60676694
9968,-2.66252923,-1.58086455
9969,-1.00716686,0.411961973
9970,1.01497042,-0.468429625
9971,-0.00235144701,0.0656829551
9972,-1.39161074,1.53831506
9973,-0.886985779,0.356587648
9974,1.3015635,0.660646498
9975,-1.30168951,-0.597078741
9976,-1.01081145,-1.65288568
9977,-0.932689965,-0.220803887
9978,0.197180688,-0.81199789
9979,-2.51497602,0.0341975801
9980,0.671424448,0.0500031523
9981,-0.5137133,-0.532335758
9982,-1.7302587,-3.45067787
9983,-0.445292979,-0.536403835
9984,0.746116698,-1.24243939
9985,-0.022560548,1.23961735
9986,0.196974322,-0.17590414
9987,-0.427082658,-0.366786718
9988,-0.406069428,-0.0518043078
9989,0.870827019,-1.06370914
9990,-2.37320399,1.8416115
9991,-3.27902746,-0.598479867
9992,1.36654484,-1.22687042
9993,0.0200907774,-0.922488689
9994,-0.590895891,-1.01402545
9995,0.0887642503,-0.591808736
9996,2.02239823,-0.562912107
9997,1.96951807,0.564665914
9998,0.117969073,-0.197491407
9999,1.13736761,0.682446063
