index,acc_x,acc_y
0,1.24030244,0.141057506
1,0.472069532,-1.20178306
2,-1.2552762,0.519337475
3,1.85709608,0.11020077
4,1.43228579,-1.15450346
5,-0.193384483,0.27779144
6,-0.661962032,2.20380068
7,1.86116529,1.94345701
8,-1.05780387,0.105616286
9,0.467073113,-1.16955805
10,-0.071048215,0.269804925
11,-0.521246731,1.19066453
12,0.596559823,-1.17823577
13,-0.188852981,0.838858306
14,0.0389916562,0.648700535
15,0.221726388,0.311119884
16,1.6081506,-0.475351542
17,-1.53860295,-1.837044
18,-1.25383425,0.963854432
19,-0.11992237,0.179699138
20,-2.64902329,-0.589337111
21,0.337293148,-0.100300416
22,0.51266551,1.21121097
23,-0.652052581,0.0725427419
24,0.574520171,0.255913347
25,0.00183218287,-0.484423161
26,0.55009526,-0.00603022659
27,0.435609907,0.77042228
28,-0.809886038,-0.331367075
29,-0.432215899,0.17368032
30,-0.495905846,0.120590955
31,0.986791968,1.71983135
32,2.06323791,1.03575194
33,-0.170744836,0.678678215
34,-0.0564104728,-1.3021605
35,-0.450909615,0.25327307
36,-0.905974269,-0.768442154
37,-2.78135729,0.749192536
38,0.0307326429,-0.147664666
39,0.29757607,-0.123359621
40,1.4364835,0.0856085345
41,0.541233063,1.53898382
42,-0.647961795,0.542558134
43,-0.0177690499,-1.19765604
44,1.08765423,0.378882349
45,-1.77809513,-1.0900985
46,-0.0161781907,0.210454866
47,0.302194178,0.467416316
48,2.05022454,-1.60440361
49,-2.38293982,2.09706998
50,0.900192618,-0.45022133
51,-1.49808729,1.02488935
52,2.52941847,0.117622733
53,-0.651473999,-0.279669762
54,0.65625,-0.858133793
55,0.135667339,-0.179536358
56,-0.417800426,1.28704154
57,-0.953195155,-0.460367978
58,-0.0763265267,1.75300384
59,1.74199569,0.0531081595
60,1.31739438,0.111654483
61,1.34150636,0.856314421
62,0.758533657,-0.219517887
63,2.07249665,-0.776485443
64,-1.34280205,0.364157379
65,-0.307941794,-0.456625134
66,0.401324362,0.139305726
67,-0.262508661,-0.0884549394
68,0.735912442,-0.0619574487
69,0.198534012,0.524330854
70,1.57916021,-1.13632584
71,-0.721442223,0.979830205
72,-0.849467278,1.67949688
73,0.185858056,0.612377822
74,-0.356906772,-2.46544051
75,1.89836037,-1.9370687
76,-1.0245949,-0.909622848
77,-4.32509184,0.240742773
78,1.04270196,0.273139149
79,-1.88562489,-1.94054461
80,-1.32313848,-1.54317033
81,-0.715310991,-0.157717481
82,-0.532678187,-0.78169924
83,0.387229502,-0.0471236408
84,0.15278025,-0.0524315573
85,-1.34278452,-0.833287418
86,-1.17569947,1.66770172
87,2.5542419,-2.78793836
88,0.89828968,-2.15155792
89,-3.48505378,-2.44640541
90,0.510196388,-0.490806669
91,-1.33678305,-2.54147077
92,-0.514974952,0.704035103
93,-0.0957344547,0.601776183
94,-1.52354872,1.49034822
95,2.89602685,-1.19002926
96,-0.292199105,0.220411852
97,0.921301425,0.904387355
98,1.15396702,0.518543363
99,0.237583697,0.103501581
100,-1.26845992,4.13899183
101,-1.02128744,-0.341359913
102,-1.55280602,0.336290866
103,-0.882865489,2.44777369
104,0.308500856,-0.0540660992
105,-0.0187828448,0.0649169311
106,0.322577626,0.22427997
107,-0.340943247,0.830523372
108,0.386650443,1.36330926
109,-0.678391397,-0.311929643
110,1.77527678,0.0403144285
111,1.51280701,1.91911483
112,-1.61166394,0.46345681
113,2.00708294,1.96693909
114,1.72152686,-1.70894718
115,-0.653283238,-0.602232218
116,-0.110889614,1.83553541
117,-1.38672483,-0.918887615
118,-0.200172618,0.174178034
119,1.20193946,-0.48525238
120,-0.119851492,0.432243764
121,1.48704922,2.37314773
122,-1.28643823,1.62792671
123,-1.67705655,-1.59842134
124,0.299949348,-0.943093359
125,1.3392328,1.6025666
126,-3.5782268,0.616876721
127,-0.160256341,-1.76949859
128,-2.61471272,-1.4987911
129,0.0515465513,-1.00531173
130,-0.16226761,-1.56843376
131,0.127877831,1.6731168
132,1.20697534,0.161679134
133,0.512150168,0.250061512
134,0.336652666,0.232656717
135,-0.290983289,0.0508053042
136,-0.594877779,-0.275781989
137,-2.0293057,1.47289741
138,-0.343424618,0.2050073
139,0.96467489,0.191194043
140,-1.40755141,0.83796978
141,-0.782141149,0.286812931
142,-0.156140879,-0.118099444
143,-1.33715701,-0.00291847694
144,3.71856356,-2.35987854
145,0.10653118,0.417665839
146,-0.636928439,-0.198342353
147,-0.951668322,-1.21781671
148,-1.06719244,-0.338231683
149,0.790450275,-1.32774198
150,-0.1385739,-0.556010544
151,-0.0711738989,-0.684948742
152,-0.0101161012,0.723858714
153,-0.217854679,1.33765829
154,0.926618814,-0.881387115
155,-0.764863014,1.04307413
156,-1.13787746,-0.0438912548
157,-0.704729378,-0.459802032
158,1.4921031,-1.32433128
159,-0.536480665,-1.069592
160,-0.0646740645,-1.2262255
161,-0.391897887,-0.296462804
162,1.73789287,-0.305462569
163,-0.0444027819,1.30061853
164,-0.147567645,-1.58848929
165,-0.488315761,-0.0937511772
166,2.20723152,-1.17327058
167,0.776171207,1.02231848
168,-1.91199851,1.87193274
169,2.61192989,-1.16658938
170,0.804881632,0.721292257
171,-0.860629797,0.898481607
172,-0.877397478,0.988621294
173,0.6738289,0.740544379
174,-0.835843384,-2.12049723
175,-0.972633481,-1.20083189
176,1.68884778,0.120752603
177,-0.448676258,0.528276563
178,-0.281436414,-0.768209457
179,-2.02679873,-1.67684019
180,2.00993228,0.39806214
181,-1.1956557,-0.901964962
182,-0.261286199,-0.514021397
183,1.1684047,1.15288007
184,1.20460737,0.51129806
185,2.06544948,-0.695366681
186,0.226115927,-0.45706445
187,1.97376442,1.47906053
188,0.626092613,-0.0084403744
189,1.20863152,-0.488745481
190,0.735131621,0.096143268
191,-0.844926655,0.4192155
192,-0.916015267,-0.384370893
193,0.00239089876,-1.38822031
194,1.16724825,1.39202607
195,2.25212693,-1.2917999
196,0.668833911,-0.288558453
197,-0.54437989,-0.336969018
198,0.46949935,-0.639602602
199,-2.14528942,-0.651263416
200,1.67051411,-0.163490579
201,-0.463445485,0.240277231
202,0.345088601,0.267191291
203,0.315540999,-0.890349865
204,0.129547507,-1.35434604
205,0.615796506,-0.203850836
206,0.912806928,0.0067551448
207,-2.15406966,-1.28283012
208,0.245803028,-0.534163475
209,-1.04743683,-1.50611746
210,-0.498716503,0.723043084
211,0.40201661,-0.978318214
212,-0.258944452,-0.634570479
213,-0.597375453,-0.214876428
214,-0.894738674,0.046609275
215,0.627103508,-0.863471687
216,-1.94455791,-0.0869134292
217,1.96984363,-3.64232826
218,-0.241363987,0.0717005506
219,-2.38354182,-0.672850072
220,1.91815913,-0.921641231
221,-0.216182217,0.316302389
222,1.51462138,-0.250941157
223,2.61312151,0.370064884
224,-3.66920018,-2.56909251
225,-1.39992273,-1.16875327
226,2.8652544,-0.162004068
227,1.62266827,0.698773324
228,0.0411951616,1.05536294
229,-0.804592431,0.906774879
230,-0.131656259,2.11984587
231,-0.143561229,-1.84469593
232,2.36960673,1.71444035
233,-3.0133338,0.169342071
234,1.69295657,-1.91077638
235,1.22262692,2.41658616
236,0.859583795,0.922741055
237,-0.53755343,-3.41849685
238,0.727775633,0.346587837
239,0.97490108,0.0646855459
240,-0.80192697,1.16813982
241,-1.39105988,0.104530819
242,0.263772309,-0.784136593
243,-0.506909907,1.14209282
244,-1.02791512,0.705158234
245,-1.42931068,-0.612801969
246,0.0634175092,-0.242376938
247,-0.225125417,-0.0514633246
248,-0.737416267,0.642171562
249,1.16972125,0.907854021
250,0.581077397,1.66931415
251,1.10443771,-0.357889444
252,-1.57795751,0.551708937
253,1.37751114,-1.62665761
254,0.110604212,-0.360988975
255,-1.1939857,-1.18521428
256,2.96031761,-0.403629422
257,0.0275053196,-0.1067601
258,-0.525707304,-0.102434911
259,-0.0387951508,0.237085685
260,-1.99535167,2.84644341
261,0.0895420164,-0.133873716
262,-0.0957590714,-0.363200873
263,0.744189739,2.09893894
264,1.12736833,0.665487528
265,1.17753637,-0.816410601
266,0.210670933,-0.269042343
267,-0.0922208279,0.178442806
268,0.111663945,-0.16878745
269,0.533488333,-2.07348871
270,0.332384437,0.189247221
271,-0.0418941639,-0.653262079
272,-0.220905349,-1.65223372
273,1.97066772,2.2808311
274,0.0441888757,0.265957117
275,0.154546678,-0.374097914
276,1.18384182,0.482192218
277,-0.425804526,-1.33109856
278,-4.33986712,-0.0445071757
279,-0.471958101,0.13934128
280,0.015140132,0.258394301
281,-1.79747081,0.952678144
282,0.698667705,-0.285061479
283,-0.635740757,-0.733853281
284,-0.187370956,-0.0430007726
285,0.506452382,0.634503007
286,0.662341654,-1.71904588
287,-0.302415788,0.818032146
288,0.278037816,0.578391492
289,0.0897338688,-0.545296431
290,2.01274323,-2.1133976
291,-0.00834042393,-0.200896561
292,-2.02653027,0.683040261
293,-0.879273355,0.293399453
294,0.602627695,1.50080514
295,0.02715059,-0.305133432
296,0.528212011,0.00297429785
297,0.321821123,-0.121459737
298,-0.50506103,0.0903402641
299,-0.566032588,1.15454161
300,-1.45266163,-2.84992242
301,0.741396844,0.271051794
302,0.0822932944,0.138414845
303,1.13412476,-0.387141734
304,-0.181917235,-0.60507977
305,0.107056402,1.21178401
306,0.0539528951,0.109734565
307,-0.605595589,1.06961083
308,-0.814450324,-0.816404343
309,0.0891349465,-1.04421878
310,1.37635219,1.00567198
311,0.00171538116,-2.79597473
312,0.742631495,-3.47039509
313,-0.094612211,-0.147266373
314,1.46628582,-1.53837073
315,0.0564108044,1.50796771
316,-0.150274262,-0.290534288
317,-0.653926075,0.411154002
318,-0.156783491,0.138026461
319,2.11374807,1.09227169
320,0.295643479,-0.70098865
321,0.0447388142,-0.180946916
322,1.29407525,-0.269706547
323,-0.0664362013,-0.945031226
324,1.75038099,-0.848611832
325,0.239003763,0.148121253
326,0.713695168,0.426670581
327,0.323799253,-0.559640646
328,0.726254523,-0.164908439
329,-1.55173278,-1.71400225
330,-1.52981222,-1.01030362
331,0.691317201,0.218074292
332,1.25501823,-3.05241632
333,-1.7435416,1.50770736
334,-2.88639379,4.13099527
335,1.81515956,-2.35125923
336,-1.25448442,0.162202582
337,1.25693965,-0.0721908733
338,1.2067554,0.888857424
339,-0.928907394,-2.07078791
340,0.121027261,-0.407515943
341,0.00762085617,-1.23427284
342,1.13284338,1.88436866
343,-0.0444697067,-1.03920579
344,0.228842586,-0.542224288
345,0.953205526,-0.290966779
346,-1.02709806,1.5664022
347,2.20429659,-0.0472731367
348,-0.00691260491,0.0821289569
349,0.367312014,1.99857152
350,-0.0339202881,-1.76324606
351,-1.18082869,-1.60884857
352,-1.50828171,-0.145017311
353,0.575905204,0.989637077
354,0.978666127,-0.0532541461
355,1.87248313,1.16354883
356,0.564776897,2.52868485
357,-0.101532698,0.715568602
358,-0.420567185,-0.997283757
359,0.708858609,1.35627067
360,-0.0933604911,0.420132339
361,0.637973428,-0.555110216
362,-0.716696203,-1.06852329
363,0.116890818,0.817809999
364,1.00656235,0.396567732
365,-0.770511866,-0.382507771
366,1.15128052,-2.5499773
367,-2.02160335,0.876704037
368,0.644675314,-0.915324867
369,1.83670354,-1.53832495
370,-0.62129122,0.41380012
371,0.178693652,0.377590269
372,0.542307734,0.161181599
373,-0.142021835,0.397012562
374,-0.295166075,-0.131510019
375,1.64946413,-0.375637025
376,0.565719485,1.97465217
377,0.598655105,-0.0481306277
378,0.31883657,0.26277557
379,0.0903578103,0.16538325
380,0.925988197,1.23169422
381,-1.28439081,1.01475549
382,-0.105746306,-0.259572178
383,-0.1294218,-2.2727201
384,0.990098,-0.169351861
385,0.628065586,-0.631224513
386,0.80414331,1.40399933
387,-0.692278087,-0.715147674
388,-0.346715719,-3.03985167
389,-0.261286288,-0.535652339
390,3.2761538,-2.06927562
391,-0.584989488,-0.488225609
392,2.83500671,-0.261748433
393,0.920330346,-2.41754556
394,0.766649663,0.115200348
395,3.89692569,1.08772957
396,-0.0543568991,-2.869982
397,-0.174633712,-1.32114339
398,-0.122888975,-0.330414414
399,-1.26427186,-0.229284212
400,-0.668285251,-0.761799991
401,-0.683567405,-0.538137317
402,1.48094738,-0.56657958
403,0.0874466375,-0.128026396
404,1.72261178,2.40071058
405,0.355632871,0.616448045
406,0.31503582,1.03247285
407,2.02715516,0.790743113
408,1.12251329,-0.834269583
409,0.0318510048,-1.99203849
410,-0.503532588,-0.578245461
411,0.13954024,0.777595222
412,1.14760923,-0.477431118
413,-0.605175495,1.67799783
414,-0.115349852,0.917117238
415,3.09233904,-0.802886069
416,-0.0906886831,-0.573275745
417,0.461471587,0.206754953
418,1.01009417,-0.470943451
419,0.34262225,3.17530584
420,-0.542379558,3.00367236
421,0.100372113,-0.159193605
422,0.133297905,-0.0716213137
423,0.370313346,0.0599430427
424,-1.25364244,-0.710466683
425,-1.38717961,4.23069429
426,-1.26234436,1.04769671
427,0.0139591601,-0.434898078
428,0.565442026,-0.291519433
429,-1.06083989,-0.770400405
430,0.208256304,0.286950737
431,-0.560032606,0.0829717442
432,-0.227116093,-0.182214037
433,-1.57021379,-0.735979259
434,0.178786382,-0.178725347
435,-2.79780459,0.547145665
436,-1.57365799,0.356327653
437,0.949999034,1.38654304
438,1.66695404,-1.48805428
439,-1.51590502,-0.298285872
440,1.20747483,-0.145524189
441,-0.100655019,1.01326656
442,0.075045079,1.80013144
443,-0.924064934,0.446920902
444,0.583654046,0.210448191
445,3.10327005,0.491938949
446,-0.874339819,-0.351604462
447,1.66250992,-0.599790633
448,-1.62805033,-1.84737432
449,-0.357839286,-0.310213625
450,0.68360877,3.01614642
451,-2.04966712,0.32742393
452,-1.63215697,0.263281018
453,0.570810616,1.48619044
454,-0.884516001,0.0634252578
455,-1.36932933,0.264118135
456,0.647612929,-0.231670231
457,-0.344031066,-0.311980277
458,0.653170168,-0.0551371202
459,-0.334645808,1.31084669
460,-0.903522134,-0.607154429
461,0.234820873,-0.280288309
462,-0.993892372,-1.25211585
463,-0.359902173,-1.63884211
464,0.325241089,0.554078996
465,1.06397891,0.934761643
466,2.27208352,2.20640373
467,0.389266491,1.03632879
468,2.64738393,-4.6533618
469,0.0486194007,0.529014349
470,-0.175614044,-1.68450618
471,0.127921656,0.108127758
472,1.50404859,-0.755379081
473,0.231865689,0.372746855
474,0.221787825,-0.49417758
475,-0.0547204986,-0.235197604
476,-0.115857586,-2.10262036
477,3.00688028,0.677699864
478,0.56228894,0.215325639
479,-0.895123661,-0.596304715
480,-2.28101778,0.0954864696
481,0.598234475,-0.399655491
482,0.914518833,-0.51351577
483,1.04641056,2.70185041
484,-0.0433742106,-1.25903082
485,-0.903038144,-0.130097225
486,0.0644349828,3.07246804
487,1.16133523,0.434666753
488,0.398339629,1.38235927
489,-0.234365597,0.0488532409
490,1.27995741,-0.616945326
491,-1.87201571,0.970694602
492,0.271355093,0.0272192992
493,-0.088326484,0.230757982
494,-0.0290652961,-0.433401406
495,-0.606462777,1.83269131
496,1.69282877,0.567570806
497,0.125293508,-0.245818898
498,-0.353527367,1.65200341
499,-0.173947528,0.084073931
500,-0.790137768,-2.43421936
501,-0.626915514,0.0533760637
502,0.370131791,-1.49115193
503,-0.697550058,0.671540916
504,-1.16311526,0.300615907
505,-0.712537408,-1.69551265
506,0.323073953,1.8380487
507,0.266694695,-0.845359206
508,0.267702043,0.166629285
509,-0.761576653,1.93767965
510,-1.27462268,-0.730691195
511,0.498011559,1.44445562
512,0.220869362,0.319982797
513,-0.181898326,-0.472676367
514,-0.0403914377,-2.11863613
515,0.0832394063,0.404248893
516,2.47693467,-0.566710293
517,0.0711735785,0.134950474
518,-0.308220506,2.88141465
519,-0.724059463,0.674877346
520,0.620013118,-1.53951502
521,-0.699912608,0.296527714
522,-0.203347161,1.37475467
523,1.00471306,0.197463483
524,2.4763701,-0.267826706
525,-0.989638805,-0.834821582
526,-0.334011555,-0.858830452
527,-1.20196617,-0.206287161
528,-0.680282772,-1.11147404
529,3.4154017,0.785351992
530,0.223204225,-0.803981662
531,0.111892074,-0.129882425
532,2.28896141,-0.687233925
533,0.413226634,-0.93244797
534,2.39640284,-0.86228013
535,0.808585346,-0.568947971
536,-0.13647981,2.4100132
537,2.13840175,-1.23327744
538,1.20757246,0.733950615
539,-0.196852922,0.544706881
540,0.314649343,-1.40744436
541,-0.874083161,1.17934787
542,-0.393219441,0.0524303615
543,3.33032417,1.01643896
544,0.698884606,0.33224681
545,-0.383397579,-0.0644127876
546,-1.31302452,0.222234875
547,0.43192476,0.156869084
548,0.657463849,-1.09726238
549,-0.518220544,-0.23880963
550,-1.31161821,-0.899601936
551,0.298359662,1.53253305
552,0.351442903,-1.94631958
553,-0.312685698,-0.0140198078
554,0.89917016,-1.84010375
555,1.52614307,-0.210438862
556,1.01450956,0.404523969
557,-0.360918313,2.17343378
558,0.0660786629,-0.186546609
559,-1.32044697,-1.77149177
560,0.0276606958,-0.142807603
561,0.0412507877,-0.238500327
562,1.43777168,-0.458084553
563,-0.14772971,0.159353048
564,0.944838643,0.576732397
565,1.27095783,-1.3331883
566,1.9876852,-1.08785772
567,-2.98965025,1.01602054
568,0.195931911,2.44257259
569,-0.304248095,-0.0644659176
570,-1.66771162,-0.798301697
571,-2.01397753,1.11751211
572,-1.87270296,-0.380770445
573,1.57209265,0.600142777
574,-1.31521428,-0.0153618669
575,0.894911647,0.535188258
576,-0.175615013,-0.78457123
577,-0.630997658,0.331335962
578,0.0896586627,-0.6146577
579,-0.175821781,-1.57095325
580,-0.884093046,4.12906551
581,0.165069103,-2.92832613
582,1.50601375,1.8865664
583,-0.102024086,0.845227242
584,-0.419532478,0.106926218
585,0.618123829,1.46873355
586,0.29222995,1.41043675
587,1.33692431,-0.661296964
588,-0.449433088,1.19524312
589,-0.773310781,-1.39311266
590,2.30262566,1.99152267
591,0.0190031473,-0.299661696
592,-0.441403657,0.5700562
593,0.215676442,-0.0108896019
594,-1.66379583,0.33633405
595,2.80170941,-1.41912842
596,-3.76678252,1.00744021
597,0.894163191,1.6518482
598,0.471939921,-1.2865665
599,-2.28448796,0.27717796
600,0.870237947,0.319171816
601,-0.682353795,-0.551069081
602,-1.28274786,-1.5631038
603,-0.440772206,-0.100258552
604,1.24168944,-0.694739461
605,-2.13523388,2.29181004
606,-0.519049883,-3.49823761
607,-0.329006523,0.0675942823
608,-0.0636638403,-1.01113856
609,-1.10056567,-0.312763155
610,0.116941459,-1.10254514
611,1.34280455,1.62904263
612,-2.04199505,0.69555968
613,2.73551559,0.478945702
614,-1.13327742,0.809477985
615,0.429533064,1.02094066
616,-2.26386309,1.48521876
617,0.981674969,0.624829948
618,1.05616975,-0.00955475867
619,0.760142326,0.385356903
620,-0.368192941,1.72097111
621,1.39239573,0.31674549
622,-0.545409441,-0.391296595
623,4.37040091,1.8838799
624,-2.22643733,-0.00197109417
625,-0.842120886,0.451646119
626,-1.48889053,2.06893253
627,1.93479419,1.49528491
628,0.94091475,-0.505519748
629,0.875100136,0.0946295187
630,-0.118944004,-0.107631765
631,-1.08900094,0.936496615
632,-0.826869369,0.659523368
633,-2.55282927,-0.618582904
634,1.07116473,-0.420766234
635,0.54576683,1.03952444
636,0.460204482,-1.00078535
637,0.118681312,0.00925597269
638,-1.14263868,0.880446136
639,0.0617446937,0.142830908
640,0.0739811063,-4.33190393
641,0.636171103,-2.03074288
642,-2.40774012,0.867359638
643,1.2631588,0.993647695
644,0.449149221,-0.142069146
645,0.605975509,0.359859496
646,0.91370225,1.02414823
647,-1.14690804,3.22096539
648,0.681569517,-2.51137567
649,0.46880734,0.553306758
650,0.86939764,1.57966018
651,-0.0500787795,-1.83268356
652,0.0287644845,-0.292182148
653,-0.621537745,-0.575439394
654,0.12209402,1.83125424
655,-0.5810197,0.31099233
656,1.11143053,1.05713403
657,0.195066541,0.531200886
658,-1.02350605,0.179609135
659,0.378219277,-0.530509531
660,-1.56562543,2.57556248
661,0.486323953,3.68249631
662,-0.183005318,0.0902690813
663,0.926005185,-0.328505486
664,-0.931639493,-0.808893979
665,0.570100009,0.175019249
666,-0.132661343,-0.19349122
667,-0.378532082,-0.0417764112
668,0.076495938,0.840766013
669,0.166709274,0.112371832
670,0.0840836763,-0.143924057
671,-0.623219013,-0.177514881
672,-0.82444346,1.58244336
673,-0.756622493,1.07215786
674,-0.394904941,-2.24784899
675,-0.115141161,-0.17675893
676,-0.828570008,0.515976906
677,-1.5454371,-2.07312465
678,-0.864561737,-1.04998696
679,-1.28410411,-1.3271662
680,0.891699612,1.87036157
681,0.263438731,-3.1822381
682,0.229314297,0.340840697
683,1.07278967,0.435516983
684,-0.1740264,-0.52076441
685,0.252090693,2.22295737
686,-1.73718357,-0.812258422
687,1.36472237,-0.348786533
688,1.25646472,0.307241887
689,-0.0971865058,0.350554436
690,-0.19342725,0.44558534
691,0.431311637,-0.532587707
692,0.406479985,2.05890942
693,-0.29616648,-0.978678942
694,-1.60252702,-1.83547235
695,-0.370969862,0.815789402
696,2.50491285,2.13984609
697,-1.60930371,0.397015244
698,0.411552608,1.02127516
699,-0.47160998,0.269932747
700,0.136310384,0.404179484
701,-0.486388594,-1.18346894
702,-2.80297184,0.631635368
703,-0.562885642,2.49916005
704,-0.63905853,-0.497764051
705,-1.52513206,0.989663959
706,-0.365633607,1.34397984
707,-2.98771596,0.423909783
708,0.294242501,1.43958771
709,1.50495481,0.864891469
710,-0.550794482,3.10702014
711,0.0969802365,0.538790643
712,-0.152357131,-0.171320617
713,2.11360788,-0.178721145
714,1.17160308,-1.0297786
715,-2.50469089,0.927431703
716,-0.0903159082,1.79597819
717,-0.0516241603,-0.507387221
718,0.861502349,-0.157857269
719,-0.464070648,-1.07213092
720,0.644546032,-0.808607399
721,0.616560102,-0.248842716
722,-0.772941232,-1.35610652
723,-0.216696769,-1.04922628
724,-0.280259311,-0.0518108122
725,-1.33780539,0.407443911
726,-0.477685332,-0.956260562
727,0.208678335,-0.348418832
728,-1.63828874,-3.55668616
729,2.29050732,2.35458612
730,1.81925845,-3.18863893
731,0.0951687545,0.313320249
732,-1.01983058,1.22242808
733,-0.152607262,0.128248513
734,-1.49654436,0.26298061
735,1.13282406,3.02284789
736,1.20940661,0.17468527
737,-1.15856755,0.950185895
738,1.28870869,0.758276761
739,1.00380456,0.132886797
740,-0.119917728,0.470760942
741,-2.36816955,0.775442719
742,-0.80704689,-0.124356568
743,1.037696,-0.201681077
744,-0.330351591,0.377839386
745,2.40034008,0.23665522
746,0.393325329,-1.03538609
747,0.0891321003,0.443340719
748,0.0979500562,0.329386681
749,0.8693766,-0.93821007
750,0.756675601,0.734035254
751,2.19170427,0.677540958
752,-2.17899251,-1.72945702
753,0.170265913,0.154219776
754,-0.377989769,0.257777393
755,1.65500915,-0.702361166
756,1.21278644,-0.488894105
757,0.427114308,-0.462103635
758,1.75176072,-1.85954213
759,0.847905695,-0.82739377
760,0.184394926,0.0680950508
761,1.5779711,-0.522239149
762,0.635932922,-1.00031722
763,0.751186788,0.549101233
764,-1.84450853,0.385477483
765,-1.06809866,-0.0619387254
766,2.41466522,2.55529809
767,-0.373223901,0.395516366
768,0.080152452,0.317921788
769,-1.68909168,-0.194337562
770,0.757932723,0.412689984
771,0.34361276,0.912012517
772,2.58849335,-0.0253734607
773,0.244340956,-1.60059881
774,-0.0844317377,-0.296670496
775,1.69897223,1.06726193
776,-0.0717723072,-0.442493498
777,-0.78721118,-0.945069253
778,-1.33108342,0.314733475
779,-0.177262262,0.742623866
780,-0.429720253,-0.525479257
781,-0.128672421,0.152270436
782,-0.0386751816,-0.461197227
783,-1.57276201,0.847927392
784,-0.522273362,0.58828181
785,0.666798651,-0.500729978
786,-0.159840673,0.734718084
787,-1.50933158,-0.652194738
788,0.983336926,0.615918815
789,-0.360286176,1.82509434
790,2.61862564,1.32082236
791,-0.391498029,-0.682548344
792,1.7848084,-0.524251342
793,-0.990269184,2.10622621
794,0.215139568,-0.370216221
795,0.564743459,0.828467071
796,0.583921015,-0.125687018
797,-1.15640247,-0.74408412
798,-0.455639213,0.484015971
799,-0.652828991,0.726971865
800,-0.825727582,-0.0468092635
801,-0.175620779,0.256352335
802,0.246628374,-0.888836205
803,0.155051425,-0.0278626904
804,0.299315244,-0.941905618
805,-1.80273712,-2.38004875
806,2.6486454,-1.09211063
807,-0.318495959,-0.472987413
808,-0.338672906,-2.03231788
809,0.501948893,0.139415473
810,-0.324621856,1.25027323
811,0.798293591,-0.70749253
812,3.37098575,2.77536225
813,-1.1205163,-1.1668433
814,0.173622951,0.0704084039
815,-2.59357452,1.55211902
816,0.368085116,-1.42514777
817,2.43087935,0.634747207
818,-0.727329195,0.700008392
819,-2.05293703,-0.0928181186
820,0.901475787,-0.223660156
821,0.271621227,0.153350443
822,0.180298969,0.28505826
823,0.477589041,-0.23884134
824,-0.611067414,1.06533146
825,-0.523485005,-0.391467035
826,0.0316750221,-0.179764315
827,-0.612239778,-0.911715269
828,-2.98638773,1.10563421
829,0.526195347,-0.439855963
830,-0.0230677631,0.464499474
831,1.74760795,0.13342604
832,-0.952756584,-0.352298766
833,0.516140461,0.428062558
834,-0.0607311204,0.329281569
835,-0.391056627,0.656599939
836,-0.232929543,-0.065580532
837,-0.578636289,-0.609066784
838,-1.1313225,-0.354171574
839,-0.578575671,0.250394583
840,-0.971181452,-0.168371752
841,1.26455343,-0.25040099
842,1.1572299,1.8554846
843,0.350317895,-0.138593197
844,-0.0940482691,0.291949302
845,-2.93139434,0.988512397
846,1.85283685,-1.16424596
847,0.0164720789,0.839516103
848,0.179972395,-0.430036902
849,-0.732634842,-0.0718940273
850,-0.983775795,-1.37520778
851,-0.205675066,0.0583451912
852,0.665074885,2.14141154
853,0.778463244,-1.36434186
854,-0.113069691,-0.110810824
855,0.775996387,2.82286501
856,-0.335393488,0.0803372562
857,1.39892232,-1.16010165
858,-0.890867352,3.27679944
859,0.901065946,-0.408305913
860,0.025691852,-2.25412655
861,-0.716831028,2.16914058
862,1.93201125,0.521685779
863,-0.204925075,-0.65807426
864,-2.02992082,0.0743653923
865,-1.20927501,1.88767815
866,0.257208943,-1.42183375
867,1.12317872,0.889867425
868,0.225200474,0.182328641
869,-0.567732036,0.817862272
870,-0.0683518201,0.958437085
871,2.97596264,-0.411595106
872,-0.388774574,0.442759812
873,-0.93086344,1.64666963
874,-1.23593354,0.940103292
875,0.779378176,0.464853019
876,0.97802937,-0.767173767
877,0.183898062,0.421385854
878,0.159889817,-1.08985448
879,0.511555612,-1.81370282
880,1.18427122,0.346530288
881,0.0200413167,-0.633430839
882,-1.54705942,-0.0778922439
883,-0.668669522,1.24063134
884,-0.0560790375,0.49358812
885,0.0259402711,-1.3970387
886,0.598515987,0.191481486
887,-0.307637393,-1.67911279
888,0.564915895,-0.724410415
889,0.942172706,-1.82690573
890,0.145225778,0.514033437
891,1.04245508,-0.985976577
892,0.810263634,-0.107639059
893,-0.125508577,-0.198701203
894,-0.338268071,-1.12520027
895,-0.220224842,1.4728297
896,0.387682587,-0.759318948
897,2.16310763,1.74770916
898,-2.0050683,-0.514986157
899,0.653510451,-0.18449305
900,-1.52460992,-2.19103885
901,-1.06169415,1.30121195
902,-0.652437508,0.741575122
903,1.94302392,-0.133169428
904,1.40977514,1.14755678
905,-0.212142169,0.00805887207
906,-0.807982743,-0.0563034788
907,0.110007867,0.345852464
908,-0.924845397,-2.71684408
909,0.208215207,0.604616225
910,0.401418626,0.130313739
911,-0.381334245,-1.60016763
912,0.34846887,0.670441628
913,-0.789929509,0.640215993
914,-0.423887253,1.12065136
915,0.636671722,-0.694663167
916,0.314041167,-1.62955964
917,-0.0726379454,-0.200141817
918,0.163566113,0.628323257
919,0.147041693,-0.00612880662
920,1.44395578,0.973923802
921,-1.0174824,0.721363604
922,0.354026318,0.708822906
923,-0.460441053,-0.00372142228
924,-1.19434559,0.461643875
925,0.144939095,-1.29130054
926,0.702168047,0.593541801
927,-1.26731122,-0.703692555
928,0.267982781,0.0945808887
929,-2.24709773,1.64170992
930,-0.266398668,0.497787446
931,0.113083318,1.53997123
932,0.472186267,0.232659191
933,0.392703235,0.0742906779
934,-2.03911376,3.96835494
935,0.0109988321,0.947359264
936,-0.10589692,-0.63634342
937,-0.66628629,-0.272537559
938,3.52510786,-1.34560847
939,-1.28727806,-0.0196616054
940,0.458397985,-0.682942033
941,-0.176591069,-0.159153447
942,0.0127801457,0.684741676
943,0.228219375,1.49965429
944,0.204826057,0.142582774
945,-0.334595203,1.30568218
946,0.701983213,0.456211895
947,-1.23074305,-0.669686913
948,1.73827136,-1.16043627
949,0.0613535047,0.44068712
950,-0.646072328,1.04121423
951,-0.354731828,-0.905869544
952,-0.210987121,1.79184866
953,-1.35708487,-2.73207998
954,-0.340929151,3.04050589
955,0.569111705,-0.666512012
956,0.831635833,-0.286916286
957,-0.810803235,0.719743371
958,1.12632799,0.347459286
959,-0.360536218,-1.80728388
960,-0.932824194,-0.747974813
961,-0.0232001748,-1.82739234
962,1.47078776,-1.19895506
963,-1.79617238,-2.12604737
964,-0.563056529,0.192601979
965,0.785327554,2.05257678
966,-2.47626424,0.0596747957
967,-0.800928116,0.44335115
968,0.809280396,-0.47189942
969,0.0415444039,0.391828418
970,1.20548975,1.07464695
971,-0.276866138,0.49754411
972,0.418658733,0.498889625
973,-0.81471175,-1.50274026
974,2.40432262,-1.17816412
975,0.20025444,0.781816721
976,-0.262115806,-0.193730712
977,-2.42359829,-0.992107213
978,0.496265173,4.84511614
979,-0.147100046,-0.363512516
980,-1.29840732,-1.08886135
981,-1.06588578,-0.599331141
982,1.07946014,-0.83481133
983,0.32322672,-0.309705585
984,-0.634404659,0.749097168
985,-0.947001696,0.772661388
986,0.19018203,3.38820434
987,2.0380249,-1.17940342
988,0.0971267894,1.16993546
989,-0.143505529,-0.113755055
990,0.13966696,0.0817277953
991,2.35202765,1.38381553
992,-1.00756216,1.23252809
993,-0.137579337,-0.14321585
994,2.01011229,1.09749067
995,-1.17746508,-0.419341087
996,0.211240098,-0.15132302
997,0.483693808,-0.519345582
998,-1.16792035,0.846402049
999,-0.513568223,-0.239518523
1000,-0.526107967,0.983718991
1001,0.670502841,4.43506813
1002,1.22446334,0.517608881
1003,1.27409673,-0.927815139
1004,-2.91995358,-2.36179495
1005,2.0447309,-1.01447201
1006,0.470713079,-3.35084891
1007,0.0920123607,-0.286458075
1008,-0.323111326,-0.666224957
1009,1.30345464,-0.553433359
1010,0.867545307,0.695761979
1011,0.232458666,0.930156052
1012,1.72414064,-0.590589881
1013,0.0828055367,-0.608731627
1014,-0.703709006,0.299370557
1015,0.418914557,-0.561803818
1016,-1.56656146,-0.749866128
1017,-0.71399802,1.93477428
1018,1.75676131,1.73372102
1019,0.783758581,-1.59984457
1020,-1.98950315,1.81714249
1021,2.35016727,1.8613013
1022,0.434703529,-0.782521844
1023,0.695918739,-0.181285158
1024,-0.0079176249,-0.677170753
1025,0.245158672,-1.11587441
1026,2.48844457,1.62552333
1027,-0.56592828,-0.346031666
1028,-0.238330498,0.835911453
1029,0.900640726,-2.80336595
1030,-0.276296854,-1.46917927
1031,-1.25753725,1.39947343
1032,2.3701849,0.207557365
1033,1.78531098,-1.08518994
1034,-0.835124135,-1.83385956
1035,1.23670995,0.467153579
1036,2.8209281,-1.6337254
1037,1.40970647,0.771417439
1038,0.0339401327,-1.78759539
1039,-0.852736413,-0.25361526
1040,0.157265708,0.10884577
1041,-0.514498711,0.875175238
1042,0.225351542,0.727178276
1043,-0.128342852,0.34222129
1044,-0.329099476,0.413390964
1045,0.662573993,1.95058501
1046,-0.4011316,-0.707626402
1047,0.789111376,0.95968008
1048,-1.73133922,-2.03361702
1049,-0.467567146,-0.36307621
1050,0.42521584,-0.766757607
1051,-0.978436649,-0.389780372
1052,-0.0416664369,0.266295671
1053,0.179583982,0.0266313143
1054,0.0528322868,-1.19120181
1055,-0.72559762,2.29129004
1056,-0.174581423,-0.407378137
1057,-2.29652143,0.124850608
1058,0.454632103,-0.309524715
1059,-0.156116053,0.183635443
1060,-0.303511798,1.18473017
1061,-1.86330163,-0.393671066
1062,0.250879854,0.468435735
1063,-0.0533567108,-0.168481767
1064,-0.510540664,0.713991404
1065,0.480414569,1.54140294
1066,-1.3601706,1.79218864
1067,-0.847508371,-0.309897274
1068,0.745673716,0.429084688
1069,-1.14780331,-0.909788728
1070,-0.543866098,-0.0578542352
1071,-1.3678776,-0.57080102
1072,0.416996211,-2.497612
1073,0.116854899,1.09369421
1074,-0.929160178,-0.697991252
1075,0.769326866,-1.01660955
1076,-1.25080514,-1.06901383
1077,1.02922606,-0.952382982
1078,-0.520478666,0.363526434
1079,-1.10923851,0.46763131
1080,-0.468929112,0.125396535
1081,0.937508821,0.321740836
1082,0.632286787,-0.0479100719
1083,-0.0354922861,-0.546935558
1084,-1.31903923,0.654325366
1085,0.376097739,1.24696696
1086,-0.556519032,-0.137106314
1087,-0.608966529,0.779652178
1088,-1.86102438,-0.0483399294
1089,-0.687094331,-0.813429117
1090,-0.542564154,1.49597239
1091,0.980410516,1.76864791
1092,0.158468619,0.0229831394
1093,0.921095192,2.38682461
1094,-0.40610072,-0.781828761
1095,1.60550797,-1.59993184
1096,-0.912770808,0.626671076
1097,-0.595835209,-0.441772759
1098,0.430850506,-0.588181138
1099,2.51588249,-1.63027406
1100,2.97395396,-1.91633165
1101,0.207804874,1.09150302
1102,2.59109139,0.189967409
1103,-1.52420032,-1.43575656
1104,-0.459239006,-0.242384925
1105,0.039722614,1.21733701
1106,0.63455826,-0.569494963
1107,0.162118837,1.18903232
1108,0.033948943,-0.169421315
1109,2.45593309,-1.00800312
1110,0.858876765,1.00367141
1111,-0.0254377108,0.658668518
1112,-0.927202046,-0.0297613759
1113,-0.164332688,-4.10142565
1114,-0.669423878,2.69426394
1115,0.28816089,0.750042915
1116,-0.580725133,0.235424057
1117,0.474029064,-1.92229509
1118,0.816275299,-0.900794387
1119,-0.176908568,0.372266531
1120,0.152117506,-0.881407857
1121,2.55043483,-0.702243745
1122,-0.163212225,-1.04143763
1123,-0.143414527,-0.576876819
1124,-0.0481201746,-0.949429333
1125,-2.17578411,-1.01503873
1126,-0.0733309239,-0.333722681
1127,-0.355488569,-0.336928487
1128,-1.08015394,0.08449696
1129,-1.37364888,0.238615289
1130,0.598336697,0.636129379
1131,-0.94021821,-1.76263285
1132,0.74451977,2.07512712
1133,-0.377817392,2.60015082
1134,0.325725496,0.0219783857
1135,2.10128284,-1.14010823
1136,-2.26902127,-0.626002848
1137,0.125384495,1.32644117
1138,-0.690610647,0.991672635
1139,0.44878763,-0.92932266
1140,0.378198355,0.837661386
1141,1.34153438,-0.146845564
1142,0.926841259,0.847027838
1143,-2.0291326,1.36656761
1144,1.95426548,0.522798777
1145,0.325398803,0.249982864
1146,0.97367388,-2.58885884
1147,0.909556329,0.460241735
1148,-1.50000143,-0.638156772
1149,0.187736198,-1.42959809
1150,-0.159640148,-0.593618035
1151,-1.2344476,-3.70813513
1152,-0.741761327,-0.75637275
1153,-0.710977376,2.72537827
1154,2.25937581,-1.14032567
1155,-0.0392738804,-0.764946759
1156,-0.389009237,0.269246489
1157,1.76516724,1.33758593
1158,0.626429498,-1.12890089
1159,-0.417017639,0.963549554
1160,1.33490109,-0.384851813
1161,0.305289716,-0.896107256
1162,-0.902835131,0.503500283
1163,-0.0855834708,-1.21498084
1164,0.107692219,-0.188386381
1165,0.0771003962,0.459201396
1166,0.592481136,0.609370053
1167,-0.0308081619,-1.83161747
1168,-0.51832509,0.501634181
1169,0.327912688,-0.282607406
1170,-1.07249284,1.5290966
1171,0.248992488,-0.716699779
1172,0.664744318,2.07558155
1173,-0.908674419,2.55676079
1174,-1.74673378,-0.0827091411
1175,-0.662934422,2.00720429
1176,-0.370692044,2.2067728
1177,-0.0809446797,-0.950402021
1178,1.74734664,0.0453721955
1179,-1.32005143,1.14347088
1180,-0.167536139,0.252960652
1181,0.229625881,1.80104709
1182,2.06404614,0.193432093
1183,0.931507528,-0.569909692
1184,-0.266391039,0.271834195
1185,1.00647128,0.095594041
1186,0.128875703,-0.188497663
1187,-0.238968477,0.904446006
1188,0.523068905,1.38708711
1189,0.397803932,-0.598507881
1190,-0.405501246,0.212456718
1191,-0.401643395,-0.636822879
1192,-0.165373072,-0.0528551936
1193,-0.323740214,-0.170304298
1194,-1.75952983,-0.474514365
1195,-0.615379572,-0.335807443
1196,-0.149669364,-0.908769011
1197,1.8929565,-1.554479
1198,-0.514588118,-0.75797379
1199,-1.62976551,0.142674476
1200,1.90910578,-0.328690946
1201,0.447199017,-0.177337542
1202,-0.0594262965,-0.0970603377
1203,0.778495967,1.23641837
1204,0.474162102,-1.12263536
1205,-0.102621906,1.13272715
1206,0.222995922,-0.0422582217
1207,-1.07421589,-0.984423578
1208,0.669470191,-0.851771832
1209,0.96441704,-0.397021025
1210,0.793184042,0.386706084
1211,-3.39395165,1.31047606
1212,-1.20761526,-0.670043945
1213,-0.0352322869,0.172407597
1214,-2.6684773,-1.02888119
1215,-1.22474897,-0.657394707
1216,-0.533246517,0.51636517
1217,-0.617955625,-1.68385172
1218,0.367901266,0.0333763249
1219,0.115691334,0.0855374932
1220,-0.312295407,-0.0595796704
1221,1.39884496,2.14200974
1222,-0.125403717,-1.08489084
1223,-0.249301702,0.618766129
1224,-0.462205738,-0.520208061
1225,-3.60658574,1.58346176
1226,1.29585767,-0.96765691
1227,0.106664017,0.537692428
1228,0.471597999,1.00189149
1229,1.45880353,0.506309032
1230,0.0573242493,0.0399064012
1231,-0.611199439,0.16861248
1232,0.602260053,0.755650163
1233,-1.39470088,-0.182535097
1234,1.14829695,0.985074818
1235,-0.14846015,0.0966432169
1236,-0.223663405,-0.167732015
1237,-1.26917076,-0.407393128
1238,-0.417962521,0.372161806
1239,0.0050335587,0.147177607
1240,3.10499859,-0.0885838717
1241,1.3954109,0.417741656
1242,-0.0733828247,0.178215429
1243,1.8956331,-0.274336904
1244,1.62463689,0.0889272839
1245,-0.725045502,-0.130775049
1246,3.29137826,-0.0787426755
1247,-1.47586489,-0.0594796389
1248,0.105796628,0.389862508
1249,-1.29729164,-1.72417498
1250,1.78160226,2.60531688
1251,-1.05271459,1.27917635
1252,-1.20228255,0.761777461
1253,-2.21041131,0.0359212011
1254,1.09354901,0.999994218
1255,-3.00178003,0.658030212
1256,0.00721964892,0.265198857
1257,0.458279371,0.640991032
1258,0.262784868,0.345186144
1259,-0.161695495,0.413545102
1260,-0.838228106,0.956456602
1261,-1.7709564,-0.764306128
1262,-0.0416307598,-3.69838095
1263,-1.42643666,3.74190474
1264,0.988675892,-0.626600385
1265,0.437714785,0.387021065
1266,-0.451800257,-0.31013
1267,-1.27048242,-1.67183387
1268,0.619912982,0.164934739
1269,0.520068049,-2.20717525
1270,1.04030228,1.21622264
1271,-0.0737107769,0.616054416
1272,-0.857746899,0.294347823
1273,1.38536847,0.235735252
1274,-0.0425310135,-0.29556945
1275,-0.506514192,-3.09102893
1276,0.123874523,-0.197936341
1277,-1.93006909,1.06591594
1278,-0.876511514,-0.196166486
1279,0.180491477,0.155841351
1280,-0.699196219,0.681115866
1281,0.0385539643,1.14902854
1282,-0.652976453,0.225720093
1283,0.898282468,1.59937549
1284,-0.202170134,0.282202244
1285,0.129656091,-0.173171937
1286,-0.405799121,-0.997322679
1287,1.4453305,-2.38698244
1288,0.920187771,-1.45365345
1289,1.47360361,0.129423708
1290,-0.654571116,-0.0307335313
1291,0.199012205,0.472588271
1292,-1.0097121,0.327859521
1293,-1.34127438,-0.387331367
1294,-0.56823945,1.16239274
1295,0.348950148,-0.311744213
1296,4.21317768,-1.07773983
1297,0.503138006,-0.106825031
1298,-0.323403418,-1.20435059
1299,-0.320108473,0.224342853
1300,1.43643951,-0.890226126
1301,2.0079217,-1.02486801
1302,0.360710025,0.849967122
1303,0.158589557,0.696823537
1304,0.93142426,-1.75300074
1305,-0.428196937,1.06282568
1306,-1.62147462,-0.312949866
1307,-0.784109592,-0.909278035
1308,1.35208392,-1.59713042
1309,1.02753282,0.968765795
1310,-1.01416111,3.0308342
1311,2.19644451,-1.98847866
1312,0.799408019,-0.574383318
1313,0.501177013,1.56579363
1314,0.364264548,1.97984672
1315,0.767349899,-0.382131606
1316,1.15369666,0.0470051207
1317,0.0104604634,-0.30528295
1318,1.69601238,1.37480009
1319,1.97262931,-1.76502287
1320,-2.18104577,-0.111862049
1321,0.974484265,0.0745331347
1322,0.374372452,-0.80076015
1323,-0.564687133,1.26253533
1324,-0.562004209,0.82180953
1325,0.276849896,-0.223853633
1326,-0.144972622,-0.977486014
1327,-0.423527032,-0.975557923
1328,-0.247049108,0.0932480693
1329,3.32672644,1.74806082
1330,0.0899142474,1.50608087
1331,-0.493977159,0.427497506
1332,1.78066266,-1.56498146
1333,0.314629525,-0.75077951
1334,0.599576414,0.0904076025
1335,2.82498407,2.83449912
1336,-0.797861814,0.774478555
1337,-2.18480396,1.30755031
1338,0.275508612,0.0246075224
1339,-0.0441648997,-0.105562709
1340,0.222491249,0.11982011
1341,-1.54694581,-1.83219492
1342,-0.422552705,-2.05585885
1343,2.2404623,-1.66057682
1344,0.985823035,-0.151316524
1345,-2.85802364,1.01555443
1346,-1.57471871,0.607622206
1347,-0.646570981,0.951830566
1348,2.28459358,1.46345043
1349,1.32014763,0.161504433
1350,0.300994992,1.0888623
1351,1.0962882,-2.07427764
1352,1.27264583,-0.352768928
1353,0.0295175314,-0.223722383
1354,-3.14832926,1.81135488
1355,-1.33167982,-0.920800924
1356,-0.846799612,-0.350489438
1357,-0.737540841,-1.01491654
1358,1.2041384,-1.15546453
1359,0.0904332548,0.246764496
1360,-0.73321414,0.182833731
1361,1.03620136,0.18839471
1362,0.188646987,0.432956606
1363,2.97115111,-0.720959246
1364,-0.547420859,-0.723243117
1365,-0.156025589,-0.371456146
1366,0.63769567,-1.00391519
1367,-1.27582574,0.0632505268
1368,0.750900984,-0.365545988
1369,0.482163727,-0.863209128
1370,1.37874913,1.36799717
1371,-1.39268422,-0.436375737
1372,2.3310709,2.37607217
1373,0.215504378,0.0613204278
1374,-0.398053706,0.00700313458
1375,1.07684922,2.24852061
1376,-0.126179188,-0.257209688
1377,-0.115719646,0.031250827
1378,-0.536876976,-0.878491461
1379,-0.116611391,0.561554074
1380,-1.43925238,0.0347591303
1381,0.193574637,-1.39121473
1382,-1.27028441,-0.314357847
1383,-0.250461668,-0.0591810532
1384,0.502180994,0.293937981
1385,1.15117669,0.484847277
1386,0.628284633,-0.701541543
1387,0.902529657,1.11185098
1388,-1.09792042,0.290366948
1389,-0.00200354564,0.623769641
1390,-0.944003701,1.00844836
1391,-0.149384022,-0.0909291059
1392,-0.375891209,-2.07353687
1393,1.76951396,0.655531943
1394,-1.04293871,0.652331173
1395,-0.130389661,0.872398853
1396,-0.138936937,0.445623636
1397,0.410290509,-0.324893445
1398,0.906566978,-0.768502831
1399,0.333620429,0.478371114
1400,-0.0151447076,0.425890416
1401,0.933587134,-0.549479544
1402,-0.463876367,-0.0535006002
1403,-0.856640279,3.34225678
1404,-0.114361487,-0.757005692
1405,0.71708566,0.282216698
1406,0.998142898,-2.54561567
1407,0.0927994624,-0.330280691
1408,-0.343022466,1.40926528
1409,1.52703702,1.60107982
1410,-0.886357009,1.80465341
1411,-1.92374504,-0.32110098
1412,-1.9071641,-0.732428074
1413,-1.4091109,-1.45228446
1414,1.65119576,-1.126315
1415,0.240118176,0.333809614
1416,-3.21978688,0.715222716
1417,0.84628886,-0.0255897231
1418,-0.166295066,-0.403949976
1419,0.155316755,-2.5083909
1420,0.275108129,0.902396202
1421,-0.198150024,2.32692456
1422,1.33144283,0.483276933
1423,0.865035653,0.565240741
1424,-0.839995086,2.41580844
1425,3.51188684,-1.90859199
1426,0.402180821,-0.283874154
1427,-0.878407657,0.585480988
1428,-0.119546153,-0.10062699
1429,0.985043824,-1.96142507
1430,-0.890172005,-0.950323403
1431,0.580570459,-0.474219382
1432,-0.498946041,1.28029335
1433,0.867037058,-1.07833719
1434,-0.23717764,-0.861483335
1435,-0.0143527854,0.214852586
1436,0.986813128,-0.995598197
1437,-1.87620485,1.87776816
1438,0.0185997374,0.610950708
1439,-0.480486006,0.183033392
1440,-0.813096821,-0.996070921
1441,-0.657107532,-0.658465028
1442,-2.27510428,-0.167979613
1443,-0.384479135,-0.182927415
1444,1.46901202,-0.290230155
1445,-0.841263831,1.05607688
1446,-0.531137288,-0.909402668
1447,0.480330795,0.77041465
1448,-1.51929986,-0.86021477
1449,-1.8445673,0.0232087784
1450,-0.361920029,-0.0708626136
1451,-3.22302413,0.293302953
1452,-1.71305382,1.14325559
1453,2.79597783,1.56865859
1454,-0.297578484,-2.02618599
1455,1.30186367,-0.0812285468
1456,1.02559865,-0.656349659
1457,0.382948309,-0.49996531
1458,0.350000739,0.118142538
1459,-0.795380652,0.324410617
1460,0.440207601,0.768609107
1461,-1.37643349,-0.525170088
1462,2.08099222,0.107641198
1463,1.16033578,2.43654203
1464,-2.52383542,-0.100137919
1465,-0.956046104,-1.58183765
1466,-0.641230762,0.567201436
1467,-0.118079446,-0.266440451
1468,1.35058057,0.0155398035
1469,0.379140407,0.13256368
1470,0.658354342,-1.0571878
1471,0.217897907,-0.433270484
1472,1.39348948,-0.756299853
1473,-0.217288509,-0.385597974
1474,0.21517998,0.0963750333
1475,-0.410725445,0.81380415
1476,1.73556626,-1.06752741
1477,-0.483101159,-1.27982175
1478,0.788956046,0.932261169
1479,0.47831282,-0.705530822
1480,-0.545227468,-1.57694447
1481,0.19348222,0.453154415
1482,0.255954951,-0.0260604899
1483,0.968230724,-0.4694978
1484,-0.497555733,-2.70185161
1485,0.302065283,-1.1592195
1486,0.985417008,-1.47983396
1487,-0.0346120521,-0.18354696
1488,-0.202957243,-0.766767561
1489,-0.441750467,-0.557143867
1490,-0.386389196,-0.521724045
1491,0.234756678,-0.195011318
1492,1.03809559,0.487860173
1493,-2.11322808,2.05340123
1494,0.406946033,-0.970655918
1495,-0.302197814,0.595900178
1496,-0.254536122,-0.505947411
1497,-1.75963855,-0.366197556
1498,-0.969995141,0.469257772
1499,-0.0676369071,-0.210362718
1500,-0.0272872765,-0.74056983
1501,1.37618637,-0.616017699
1502,2.65248418,0.615292847
1503,0.187723398,1.77433658
1504,-0.665411532,2.68684912
1505,0.105583645,1.83814454
1506,-0.209646434,-0.302834213
1507,0.0686963573,0.70857662
1508,0.518800735,-0.0613287725
1509,0.301693171,-0.272194028
1510,-0.231186911,0.0494432822
1511,0.886541545,0.640092134
1512,-0.915203452,-0.527569532
1513,-0.144114479,-0.785864234
1514,-2.11660051,1.3288399
1515,0.381353289,0.67513895
1516,-1.64377236,-1.30160296
1517,0.0239391066,0.168222457
1518,0.328964442,0.424434543
1519,-1.36521173,0.521853626
1520,-0.255542964,-1.21008372
1521,-0.727847993,0.154871836
1522,0.143245995,0.27076754
1523,0.414492846,-0.253206134
1524,-0.44690302,1.09798706
1525,0.359022856,-0.492627442
1526,1.05812454,-0.390055805
1527,-0.0931972116,1.45912147
1528,-0.467306286,-0.425572067
1529,-0.942135513,0.14519383
1530,-0.85035044,0.00576846069
1531,0.496543437,-1.8802222
1532,-2.88511586,-0.309554428
1533,-1.68440318,-0.45958364
1534,1.17274845,-0.598192871
1535,0.497953206,1.48416734
1536,1.18574095,-2.5531323
1537,0.420506537,1.74104738
1538,2.27300191,2.34804201
1539,1.24146783,3.30644488
1540,-0.717813671,0.713348806
1541,-0.580438435,-0.611580133
1542,-0.471235901,1.39152396
1543,-0.733206451,-0.275117815
1544,-0.535428286,1.39429986
1545,-0.967246771,-0.305205375
1546,0.463448346,0.42132321
1547,-0.943047166,-0.716873527
1548,0.217697233,-0.218112335
1549,0.541371584,-0.333937287
1550,-3.39415479,0.113284625
1551,0.46748361,1.24666286
1552,1.06884801,1.1989795
1553,-0.643111169,0.0832528546
1554,-0.0137591418,1.22318947
1555,-0.597118616,2.37408137
1556,-2.05113459,-1.00088441
1557,1.44694734,0.387582719
1558,0.802509427,-1.03544617
1559,2.47131443,0.466526568
1560,2.67326069,-0.193579465
1561,-2.30658746,-1.90411699
1562,-0.400899112,1.12966931
1563,-0.154435575,1.31160474
1564,2.15555692,-2.23340988
1565,2.87766862,1.69201517
1566,0.152766392,0.613397777
1567,-0.492587119,0.560301125
1568,-0.484909505,-2.77684259
1569,0.584893584,-0.57418561
1570,0.74886924,2.05304217
1571,1.5899626,-2.85491228
1572,-0.118629284,0.48261252
1573,-0.260730475,0.335324138
1574,-1.44660103,-2.37183142
1575,0.137704805,0.454494894
1576,0.0524188876,-0.873296261
1577,-1.14776051,-0.34277612
1578,-1.41089714,-0.4610098
1579,-0.338997632,0.854569912
1580,-0.0315818712,-1.10534573
1581,1.105919,0.443303406
1582,-0.943209887,0.773548603
1583,1.15225828,-0.848509729
1584,-0.75176996,-2.147264
1585,0.372560769,-1.56409442
1586,-0.872304559,0.906682849
1587,-0.314912856,-2.10994649
1588,1.52457607,0.075915888
1589,-0.559570074,-0.190813825
1590,0.501193345,1.02965212
1591,0.612443089,0.507861912
1592,-0.0812645331,-0.145855263
1593,0.316453189,-0.530963778
1594,-0.386533201,1.03807378
1595,2.39832473,1.24877548
1596,0.7244789,0.997135222
1597,-0.892751098,-0.947158217
1598,-0.111024983,0.790907085
1599,-0.177155897,0.421629041
1600,0.162729234,0.147834629
1601,0.811490893,-0.812483966
1602,-0.796939969,-1.07028913
1603,-0.343768001,-0.506289482
1604,-0.700531662,-0.594190717
1605,0.95400697,-0.150966644
1606,1.19603682,2.27833986
1607,-0.586204886,-0.15762797
1608,0.516743839,-0.46849373
1609,-0.137166679,-0.429346532
1610,0.742386222,-0.0682029426
1611,-0.700096309,-1.04849446
1612,-0.464635283,-0.278544754
1613,0.837804615,0.603083491
1614,0.037462391,0.180791572
1615,-0.817815542,-1.79654431
1616,-2.50514984,-0.561673582
1617,1.45789659,-1.28290105
1618,-1.70759451,-1.00114632
1619,-0.617172539,0.595406175
1620,-1.45668328,-0.0956149697
1621,-0.21025078,0.319750011
1622,0.881071389,0.282051206
1623,0.136255711,-0.190215766
1624,1.6041193,1.55070841
1625,-0.376872778,0.0487040207
1626,-1.38475156,-1.75421977
1627,1.79550111,0.731619775
1628,-2.15846944,-0.409174621
1629,0.064909853,-0.642037153
1630,-1.2677393,-0.484850854
1631,-2.03355694,0.770007372
1632,0.706219971,-0.107431427
1633,-0.129809767,0.0834701136
1634,-1.24869537,-1.0637207
1635,0.39423725,1.49536574
1636,2.14943027,3.12956071
1637,1.32084513,-0.5763762
1638,0.907430649,3.6210289
1639,-1.05613065,0.151615471
1640,-0.312807649,-2.96471882
1641,0.268120557,0.223344624
1642,-0.209088236,0.573600233
1643,-0.24175331,-0.559026361
1644,-0.335592717,0.449746519
1645,-0.426418781,1.17575586
1646,-1.10399163,1.12917364
1647,1.22942507,-0.0461735502
1648,-0.883058846,0.469557852
1649,1.57143116,-1.11477768
1650,0.547027349,-0.594305098
1651,0.210465565,0.448308438
1652,0.717227638,-0.768632829
1653,-0.82043457,0.548380852
1654,-0.105783701,-0.596818984
1655,0.197356835,-1.47799969
1656,-0.436415464,0.272189081
1657,-0.291066498,-0.0673996881
1658,-0.633715034,-0.848476171
1659,0.614380956,0.879126608
1660,3.59456062,0.0921628177
1661,0.998519301,-0.325699538
1662,0.892007232,-0.0325364918
1663,-0.195981055,-2.24252105
1664,-0.228798315,-1.28716874
1665,2.20263362,-1.1262387
1666,0.406614959,-0.181603581
1667,-0.00845343526,1.8729645
1668,0.451950729,-0.556240976
1669,-0.690425396,1.00583792
1670,0.176255092,-0.252430201
1671,-0.166082829,-0.0213941354
1672,2.27813339,-1.24966371
1673,-0.349586427,-0.586029232
1674,-0.156758368,-0.356869549
1675,0.813631952,-0.543280542
1676,-0.258465379,-0.11240755
1677,-1.06691301,1.01720226
1678,0.0468336679,0.0218387675
1679,-1.14585423,0.418121487
1680,-0.389207214,-0.877406299
1681,-0.323468566,-0.0825462639
1682,1.42650521,1.40869153
1683,-0.400993347,0.381108522
1684,0.187840089,0.417092502
1685,1.06575549,1.97377479
1686,-1.62871778,0.824234784
1687,0.0518746823,-0.154694036
1688,0.00785972923,-0.548207581
1689,-1.26060081,0.205237955
1690,-3.89955807,1.76702344
1691,-0.680648565,-0.936921299
1692,2.62321472,-1.08730185
1693,-0.573195457,-0.476365924
1694,0.0093755722,0.598834693
1695,0.940040112,4.96094513
1696,-1.03632772,-0.863220751
1697,-0.209172219,0.446543038
1698,-1.98129976,0.948524356
1699,0.322048903,-0.159269914
1700,0.814984798,3.24114418
1701,0.417041719,-0.305403799
1702,-0.656011403,-0.912056386
1703,-0.10022945,-0.135820165
1704,0.614920497,-2.05338216
1705,-1.87616789,0.818084955
1706,0.763731003,1.87478161
1707,1.05660164,0.350613266
1708,-0.547364235,-1.52764583
1709,1.68337953,-1.07501876
1710,-0.265686154,-1.46085274
1711,-0.162920937,0.0517673232
1712,0.185553476,-1.12120354
1713,0.420277387,0.312193274
1714,3.15851307,-1.14279771
1715,0.290144086,-0.4579615
1716,-0.121167995,-0.155422434
1717,-0.295639187,-1.59626627
1718,-1.25272584,0.489539295
1719,0.649995983,-1.04171371
1720,-0.534692883,1.33476555
1721,-0.77908355,-0.147400066
1722,1.0966965,0.24954918
1723,0.315419972,-0.270162225
1724,-0.638330162,-1.37095308
1725,-0.0410304964,-0.552761018
1726,2.09216022,1.38778889
1727,0.511177361,-1.01694953
1728,0.287837833,0.129031524
1729,-0.0848616511,-0.105460793
1730,-1.33380938,-1.40449846
1731,0.241591841,0.0507501177
1732,-2.82966971,-2.71509123
1733,1.00105703,-1.81952465
1734,1.95117354,-0.174488783
1735,-0.430095255,0.890589952
1736,1.39460778,0.223376557
1737,-0.970314205,1.1557672
1738,-0.936315775,0.954476237
1739,-0.807892323,1.58568919
1740,-0.296344578,1.16181052
1741,-1.50933492,-0.60566783
1742,-1.69848406,1.70158625
1743,-0.422472149,-0.529183686
1744,0.59499222,-0.147353709
1745,2.60725975,-2.68310905
1746,-0.160704836,0.157413095
1747,-1.16486382,2.04980564
1748,0.29646042,0.20774366
1749,0.534446418,0.228743479
1750,0.0525677726,-0.363735467
1751,0.437822372,0.25766471
1752,-0.103366375,-0.695357561
1753,0.159584641,-0.625742555
1754,0.125888944,3.28830814
1755,1.02351677,0.442609191
1756,-1.28073609,-1.27804577
1757,-0.54508841,2.50758195
1758,-0.228445098,-0.769732535
1759,0.326325893,-0.685288668
1760,-1.45386314,1.73561466
1761,1.0761168,-0.880089521
1762,0.145375952,-0.179270476
1763,1.16405165,-0.673773527
1764,-2.0766201,-0.544256568
1765,-0.336021245,0.334762216
1766,0.0370905176,0.929416955
1767,-1.12063646,0.867480576
1768,3.44552469,-0.414464086
1769,-0.093592681,-0.181662455
1770,-1.35340166,-1.78739536
1771,-2.17768669,2.0386467
1772,1.60942352,0.81062597
1773,0.0933514535,-0.12133649
1774,0.510951161,2.12430906
1775,3.5333302,-1.17104232
1776,-0.494236827,0.251146346
1777,0.864358962,-0.708743453
1778,0.649783731,-0.53650105
1779,-0.355563074,-0.993888378
1780,-0.548729539,2.35724854
1781,-0.195573077,-0.400755227
1782,0.221874803,0.426782012
1783,-0.404705912,-1.03544605
1784,-0.687222779,1.01999307
1785,0.767897785,0.593444049
1786,-0.132463425,-3.26110983
1787,1.25601971,-2.20858359
1788,-0.529201508,-1.26721108
1789,1.90325391,-0.754882693
1790,-0.569896162,0.125681221
1791,-0.898484707,-1.10751998
1792,-0.119588867,-0.0343163572
1793,0.00252546114,-3.24158978
1794,0.79747349,0.539269388
1795,0.610463381,2.03338766
1796,1.4384526,1.08676684
1797,0.838973403,0.266942978
1798,0.794734001,0.585648119
1799,1.02723145,-0.533051193
1800,-0.609886765,0.305094182
1801,-0.202045679,-0.21845223
1802,-0.543216407,0.012774311
1803,-1.11049378,1.47457862
1804,-0.430749834,-0.586704731
1805,0.603833377,0.447080374
1806,0.430438876,1.51924551
1807,-0.346500486,-0.361739725
1808,0.0473608747,0.303248405
1809,0.0229079258,0.431703299
1810,0.452214092,-0.896719515
1811,-1.09685457,-1.37192571
1812,-0.0681789443,-0.19173567
1813,0.0494480766,-0.158108324
1814,1.33004606,-0.868202388
1815,-0.0704942346,-1.00563157
1816,-2.1950438,1.10067475
1817,0.958021939,-1.58113158
1818,-0.278933525,1.13841271
1819,-0.187817082,-0.339346617
1820,-1.05292761,0.7483657
1821,1.14835131,0.353412628
1822,-0.142763868,0.757661521
1823,1.15346158,1.12331462
1824,-1.23525071,-0.122517221
1825,-0.160103038,0.145193383
1826,1.49980879,1.03023016
1827,-1.92004442,-1.09367216
1828,0.454181612,-1.24901319
1829,0.228558511,0.458439708
1830,1.88444126,0.118134372
1831,0.599319339,1.45556557
1832,1.25314987,-1.02701497
1833,0.373337299,0.48459965
1834,-0.232541218,0.524651051
1835,0.315759271,-0.360422969
1836,-1.92983115,0.783465505
1837,-0.587434828,-1.53670096
1838,-1.981112,0.435210377
1839,-0.0262190588,-0.375474572
1840,-0.229692727,-0.823878288
1841,-0.81998843,0.57533747
1842,-0.793796718,0.043944668
1843,-0.899462819,-0.346648872
1844,-0.715777516,-1.3964473
1845,0.425618529,2.05184937
1846,-0.20858334,-0.265592903
1847,-0.922308683,0.364638537
1848,-3.29518843,-1.53079402
1849,1.29519641,0.508061826
1850,-0.0774394572,-0.357285887
1851,0.440058619,0.496970892
1852,0.119865254,0.548623025
1853,-0.534372389,-0.28997606
1854,-0.67069459,-2.7603662
1855,0.388115048,-0.014612454
1856,-0.859764755,-0.222106084
1857,-1.22478116,-1.66058922
1858,0.277160704,-0.761434436
1859,-2.01155901,1.93391526
1860,0.872937143,0.3091878
1861,0.380361587,-3.05863571
1862,-0.200287223,-1.215469
1863,1.39280212,-2.3626647
1864,0.233494624,0.519366443
1865,-1.45484245,-0.714228868
1866,-1.50425243,-1.73566842
1867,-0.43405965,0.537357092
1868,-0.261042178,-0.0906239077
1869,1.42916536,-1.03430462
1870,1.09265673,-0.406595409
1871,-0.307240367,0.237739429
1872,-0.0584523343,-1.49808288
1873,0.480428934,-1.38222849
1874,-0.589325488,0.453623712
1875,-0.409505099,3.17837739
1876,-0.279910922,-0.253602982
1877,0.474645317,0.813616931
1878,-1.5681206,0.30293557
1879,0.778878748,0.81339556
1880,-0.237548038,0.0970395729
1881,-1.5641135,1.06252384
1882,-0.34108904,-0.298827171
1883,0.154137015,-0.264942348
1884,-0.932512045,0.450826079
1885,0.708016813,0.00149183604
1886,-0.975915909,-0.967615247
1887,-0.878767312,0.20094189
1888,-0.206237242,2.12606406
1889,0.194168374,-0.35515973
1890,-2.37015104,1.71793306
1891,-2.43928337,-0.635143459
1892,0.27502954,-1.63103914
1893,0.640930116,0.419112235
1894,-0.622332931,-0.27066648
1895,1.02968013,-0.895480931
1896,0.378528386,0.422966123
1897,-0.384417772,-0.282278478
1898,-0.622406244,-2.35252428
1899,-0.933128774,0.273434341
1900,-2.44695592,1.19616902
1901,2.3790834,0.351760328
1902,-1.31558537,-1.35138714
1903,-0.637402833,-0.0898821726
1904,-1.88157523,-1.13960826
1905,-0.131115556,-0.336014509
1906,1.31962407,-0.969733298
1907,-0.471324772,-0.165031478
1908,1.25212789,-0.135435641
1909,0.83941555,-0.611848593
1910,0.156396255,0.741870999
1911,0.0815461949,0.116233729
1912,0.434420049,-0.0810319707
1913,0.376794994,-0.594824135
1914,-1.55962944,0.280843705
1915,-0.853232741,0.780199945
1916,0.742735028,0.467386633
1917,0.799530506,-0.0242875312
1918,-0.105528235,0.960833251
1919,-0.0341562442,0.913721561
1920,1.3661145,-1.0589186
1921,0.275575966,-1.70587254
1922,-1.35374177,0.601739287
1923,-0.762416422,-0.119230874
1924,-0.241935089,-0.0926703811
1925,0.632790208,0.124573171
1926,2.81274414,0.567388773
1927,-0.214360714,-0.0502960198
1928,0.583234668,1.80476737
1929,0.405104399,0.039357055
1930,-1.38166595,-0.530664444
1931,-0.952335477,-1.41919744
1932,2.04105449,1.94982696
1933,0.716485441,0.413351178
1934,-0.126513109,-0.774811685
1935,-1.61670423,2.46527791
1936,-1.07441235,1.40572238
1937,-1.18329465,0.0159021802
1938,1.24389517,0.380418777
1939,-0.65808022,-0.455937415
1940,-0.248861358,0.336506724
1941,0.422065794,-0.856371462
1942,-1.57744205,-0.433286548
1943,1.00067568,1.145684
1944,-1.10213721,0.198444054
1945,1.44993126,0.907016814
1946,0.527751803,0.470139056
1947,0.467022061,-0.236775383
1948,1.35490501,0.790309727
1949,2.45176935,1.10298431
1950,1.58171856,-1.41438878
1951,-0.0970944986,-0.145718917
1952,0.240016162,1.35229266
1953,-0.279962152,0.614824176
1954,1.40495348,-0.974459648
1955,-1.8329128,1.42626011
1956,-1.43949425,-0.719490826
1957,0.836219788,1.83113194
1958,-0.380112529,-0.309636861
1959,2.5112381,0.73698771
1960,-0.291886151,0.0787601322
1961,0.208160058,-1.6432898
1962,0.101193927,-0.886588275
1963,-0.561826885,-0.0470605902
1964,-0.290758908,-0.339610815
1965,0.438913226,1.15081131
1966,0.194094762,-0.192215279
1967,1.10397923,2.06576872
1968,0.306157261,-0.695217907
1969,-1.52350485,-0.0934462994
1970,-0.769899726,1.29075456
1971,-0.175985888,0.679203153
1972,0.0351670645,-0.529947817
1973,-0.474307001,-0.92034173
1974,-0.774379492,0.883489847
1975,2.62480998,-0.781881809
1976,-0.116007499,-0.147739887
1977,-1.00941515,-0.337404519
1978,0.1514723,-2.31410933
1979,-0.0923044011,1.47348762
1980,-0.411437571,-0.731990576
1981,-0.675233185,1.18234575
1982,-0.754656374,1.10832727
1983,-0.609308898,0.417885065
1984,-1.23564363,-0.0959138498
1985,0.065048188,-0.503615201
1986,3.11338449,1.05832183
1987,-1.9816829,1.74016142
1988,-0.114338771,0.811100841
1989,-0.0634124428,0.298650414
1990,-0.834320247,-0.498202562
1991,0.170364708,0.258296221
1992,0.514658153,0.615863144
1993,0.83421433,-2.5490346
1994,0.0204675868,0.0897582471
1995,-1.04390287,-0.207747728
1996,0.738131583,0.0817324743
1997,0.300154984,0.473461807
1998,0.272145808,0.105406187
1999,-2.4820981,1.0590471
2000,0.672380388,-0.193669394
2001,0.963216305,-0.764829457
2002,-0.864107966,0.388729513
2003,-0.530596912,-1.38072312
2004,0.112132423,0.161023125
2005,0.120642371,-1.33669662
2006,0.0427362733,-0.0347884856
2007,0.731548369,-0.646914959
2008,-0.777334273,-0.124466188
2009,0.530190706,-0.633667946
2010,-1.73224151,0.755725682
2011,-1.00343931,0.100064576
2012,-0.111388072,-0.583251417
2013,0.274520487,0.576502442
2014,-1.3289572,1.94655514
2015,2.00088692,-2.78378868
2016,0.327875286,-0.87762624
2017,-2.26781368,-0.260362953
2018,-0.596857727,-0.3611314
2019,0.600112438,1.57465971
2020,1.18047619,-2.61078596
2021,-0.397807956,0.187091008
2022,0.272905111,-0.370423585
2023,0.827574193,-0.290173888
2024,-0.88948369,-1.02922654
2025,2.17716408,2.65975094
2026,0.339601338,0.909223735
2027,-0.0123166367,-0.32295388
2028,-0.568423569,0.2703785
2029,-0.945530713,-0.474999875
2030,-0.0239555687,0.168065429
2031,1.33786392,-1.45100117
2032,0.349546164,-0.154040232
2033,0.207218796,-1.16218126
2034,1.71480203,0.138275802
2035,0.945719898,-1.9670167
2036,0.620406628,-0.656159222
2037,-4.63340807,-1.40216589
2038,-0.946730077,0.14062959
2039,0.384687811,-0.0785641074
2040,0.0173493978,-0.0929760635
2041,0.614972413,-1.84800088
2042,-0.920883358,0.00919063576
2043,0.293032944,0.467089742
2044,-0.252544314,0.206057504
2045,0.171179399,-1.26602101
2046,-0.771969855,-0.183107644
2047,0.0910298899,-0.577720642
2048,-0.145949855,0.248104468
2049,-0.274708867,-2.63368273
2050,0.557635069,-0.606988788
2051,0.879164457,-1.12108529
2052,0.132173359,-0.152176693
2053,0.351083487,0.349831939
2054,-0.155838653,0.143540263
2055,0.478605032,4.88475609
2056,0.810621738,1.39407289
2057,0.2474031,0.84649694
2058,-0.0761926249,-1.72292602
2059,-0.802939236,-0.314110249
2060,2.1094563,-1.045102
2061,-2.01106143,1.30734861
2062,0.389513105,-0.333178163
2063,0.287698001,0.0859986022
2064,-0.586107433,1.3432858
2065,-0.893160701,-1.39979279
2066,-1.56910872,1.36343408
2067,1.53696871,1.11286879
2068,0.229896396,0.275333852
2069,-0.742923319,-1.03079069
2070,-0.435152918,1.32049513
2071,-1.74509501,-0.797884643
2072,0.706603467,0.351767182
2073,-0.98067826,1.55256343
2074,-0.382155389,-2.22377563
2075,0.0264286287,1.08262837
2076,-0.778152585,-0.410612136
2077,-0.963,0.665519416
2078,0.0406672098,0.54828161
2079,-0.220288202,0.636164486
2080,1.87974572,0.955581427
2081,-0.165033907,2.11998868
2082,-0.704115093,-0.770995736
2083,0.0887642726,0.182781875
2084,-0.220132992,0.23076497
2085,-0.321744561,0.317616373
2086,-0.971152842,1.73362148
2087,0.145973787,-0.200187907
2088,-0.686483622,-1.52544212
2089,1.2954284,-1.01592016
2090,-1.96726918,-1.01896787
2091,0.0788818374,-0.41951865
2092,-2.76153183,0.35121429
2093,-2.06321096,0.914701581
2094,0.668771625,0.881789804
2095,-0.0845521092,0.218468443
2096,-0.127419531,0.874667466
2097,1.44923723,-2.02804756
2098,-0.603055954,-0.434943885
2099,1.77375019,-0.843895197
2100,-0.0718505979,1.49285388
2101,-0.127629519,2.36259174
2102,2.08441997,0.26025027
2103,-0.579573452,4.63508987
2104,-0.387080431,1.95436335
2105,2.43294454,-0.227151111
2106,-1.08957803,1.41601026
2107,-0.724165142,1.36042941
2108,-1.37393785,0.474683315
2109,0.530362487,-0.0190664027
2110,0.039669957,2.51058292
2111,0.230152398,1.2507993
2112,-0.627120256,-0.0751364976
2113,0.475631356,-0.899249434
2114,-0.321976036,0.867815316
2115,0.589296758,-0.733809292
2116,0.527386785,-1.18792486
2117,-0.575734854,-2.13761401
2118,0.0710360855,-2.81847334
2119,-1.50322604,0.993186772
2120,1.95560908,0.140985742
2121,-2.87861848,-0.934166074
2122,-0.237266555,0.559324086
2123,-0.00109173905,2.8938489
2124,-0.582857668,0.362972438
2125,0.963763773,-0.301459789
2126,2.86238623,4.2537756
2127,0.0626158044,-0.981699944
2128,1.17848384,-0.640238762
2129,-1.33540165,0.023896398
2130,0.953809917,-1.33218038
2131,0.851096034,-0.629229605
2132,1.40716279,1.12240791
2133,-0.850192785,0.428134203
2134,-0.724836528,0.226794049
2135,-2.5309701,-1.31648767
2136,1.2509197,-0.87531364
2137,2.57210684,1.57188642
2138,1.5865202,-0.147879913
2139,-0.312381119,-0.113660425
2140,-2.18622041,0.327317148
2141,-0.136894032,-1.00662935
2142,-0.861793637,0.617048383
2143,0.321255505,-0.0323744826
2144,-2.8505249,-0.222097442
2145,-0.798723459,-0.0277573373
2146,0.223316729,-0.116883487
2147,0.487136871,0.722634315
2148,0.110520385,1.86918449
2149,2.35761452,-1.28947175
2150,-1.0873183,-2.41963172
2151,0.0315711685,0.593735516
2152,-1.23241937,-0.20035632
2153,-2.51264477,-1.26684046
2154,-0.451160401,-0.700903833
2155,1.6199826,2.16748524
2156,0.809635878,-0.0921275243
2157,0.109220058,-0.591874003
2158,-0.143714502,-0.478936672
2159,0.951175332,-1.96012402
2160,0.258701116,0.549977005
2161,-0.0799633488,1.01457548
2162,0.904474378,0.246965677
2163,2.28815794,1.4912641
2164,-0.0482306778,0.996074021
2165,0.263204783,1.14536512
2166,-0.494284928,1.67829823
2167,-0.721294641,-1.36826181
2168,-0.444613993,0.272417694
2169,-2.62422037,0.175940529
2170,1.19078171,-2.03745317
2171,-1.44577622,1.27003396
2172,0.417847306,-1.51911128
2173,-0.154919505,0.258969188
2174,-0.636510551,1.39757311
2175,1.20027351,2.85016155
2176,-0.580301642,0.28139928
2177,1.58662069,0.472235978
2178,-1.1565305,0.699039817
2179,-0.0779060125,-1.18843997
2180,0.426299423,-1.0902065
2181,-1.11906004,-0.633721411
2182,-0.494066626,-1.77085733
2183,-0.919782877,-2.18242335
2184,1.53651345,1.55121636
2185,-1.50848639,4.59052229
2186,-0.671456039,0.725796759
2187,-0.471320242,-0.729781985
2188,0.121825635,0.312544256
2189,-0.100613996,0.256869823
2190,0.769736707,0.650623262
2191,0.433035374,0.422436327
2192,-0.84184581,0.290217727
2193,-2.98479033,-2.48584795
2194,-1.39850998,-0.567510605
2195,-0.10224548,-0.227695569
2196,0.721883416,0.0160123054
2197,-0.658943474,0.233662039
2198,0.88067764,0.072994113
2199,-1.07439089,-1.97901976
2200,-1.47454917,0.47260341
2201,-1.10068834,-0.4158476
2202,-1.04597437,-0.634473324
2203,0.470838398,-0.043293342
2204,-2.20263767,0.427234322
2205,-2.24600244,0.414817035
2206,0.992164433,1.30486
2207,0.829570353,-0.930974841
2208,-0.579344809,0.0081054084
2209,-1.64385414,0.0796913505
2210,-3.02224112,-0.0585610829
2211,-0.500731111,-1.07046902
2212,0.623452485,2.98256731
2213,-0.731526852,0.150828958
2214,0.00147502148,-1.82979262
2215,0.844438672,-0.898447216
2216,0.0468951724,0.647993982
2217,-0.271445006,0.265092939
2218,-0.840174258,-1.83811235
2219,-0.398448139,-1.16701138
2220,-0.759264767,-1.06071794
2221,-0.66977942,-1.78627062
2222,-0.889220178,2.13172865
2223,-0.218742713,1.69765377
2224,1.7844851,-0.0151890172
2225,-0.600425184,0.330794692
2226,-0.3090505,-1.087888
2227,0.437761158,0.130035475
2228,-0.00381023414,1.49155867
2229,-1.26864672,-0.514350474
2230,0.307995945,0.0434276722
2231,1.05815387,2.77276444
2232,0.519359529,1.33353245
2233,0.133309186,0.0363629796
2234,0.294519991,1.41766202
2235,0.161590904,0.0733159706
2236,-0.447177678,1.16208339
2237,1.67969978,0.931215584
2238,-2.13488626,-0.806135535
2239,-0.856046259,1.36473417
2240,0.854986191,0.933292449
2241,0.282854915,0.688309908
2242,0.330769718,-0.0339090526
2243,0.515294135,-0.313425362
2244,-0.713919044,0.326717436
2245,-0.365827054,-0.0405101664
2246,-0.832636118,1.40851593
2247,-3.06400442,-1.86905766
2248,1.91288257,-4.12414217
2249,-0.992852628,-1.33824193
2250,1.99169052,-0.64026022
2251,1.64018106,2.27655435
2252,-1.04713547,1.88774204
2253,0.051178012,0.412279069
2254,0.281093508,0.0155482264
2255,-0.0701341778,-1.39790034
2256,0.081440337,0.838254988
2257,-0.244890735,-0.419089019
2258,0.197626457,2.11247563
2259,0.933536768,0.763952494
2260,1.30476427,0.0346862338
2261,0.694503248,1.4196111
2262,2.27338409,-0.175201163
2263,-1.23150039,0.367868364
2264,3.26525378,4.86500645
2265,0.801933289,0.435099959
2266,1.26044142,0.662174761
2267,1.01132035,0.304952025
2268,-0.759998262,-1.12733626
2269,-0.341807157,0.73788029
2270,0.764328301,0.191330954
2271,0.403658807,0.317098707
2272,-2.20137906,-1.19279134
2273,-0.431339502,-0.434134334
2274,-0.872510433,-0.512992263
2275,-0.204937905,-0.163497299
2276,0.540870368,0.640423954
2277,1.4736836,0.100997008
2278,1.70998871,-0.333305866
2279,2.43292236,0.486828417
2280,1.1647917,-1.21894181
2281,0.197841704,2.13768578
2282,-0.047803212,0.235542342
2283,-0.840288699,2.0003159
2284,0.801955581,-0.0678783357
2285,3.43175244,-0.874390602
2286,-0.867450356,0.420957506
2287,0.0580333173,-0.14006561
2288,-1.91021454,0.967847109
2289,-0.312128216,0.947903514
2290,-0.356589109,-0.501003027
2291,-0.208957762,0.224572584
2292,1.04970288,-2.62659144
2293,0.773832083,0.518520117
2294,1.58504426,-0.110010602
2295,-1.47580791,-0.401278019
2296,-3.68820119,1.25655138
2297,-0.235376641,0.122480705
2298,1.13559353,-0.749045491
2299,2.0545063,-2.54320955
2300,0.924350142,-0.516322434
2301,-1.60947633,-3.63066888
2302,-0.0569129288,-0.227510661
2303,1.23242402,0.281824529
2304,0.14883928,-0.0333073102
2305,-0.163009703,-0.320617199
2306,2.11595964,1.96541727
2307,0.256319523,-0.0917013437
2308,-0.310455382,-0.00986267626
2309,1.26609552,-3.84374213
2310,-0.913697898,2.26729536
2311,0.508646488,-0.66014415
2312,1.03120244,-0.00499932468
2313,-0.776712298,-0.197998255
2314,0.303181976,-2.77693653
2315,0.103471413,-0.211812168
2316,-1.36207259,-0.533046901
2317,-0.236018702,-1.29927206
2318,2.96790314,0.554080904
2319,-1.14499438,-1.09377849
2320,0.461880594,1.17051089
2321,0.820601761,2.26320124
2322,-0.204642594,-0.392114758
2323,0.257862061,0.93375802
2324,-0.37771368,-1.00811017
2325,0.300910234,-0.212905154
2326,-0.20104526,0.00607322669
2327,-1.59443974,-0.877592564
2328,-0.400144368,-0.631512463
2329,0.20097658,0.19655779
2330,-2.44652891,-3.18227363
2331,-0.663737953,0.110394329
2332,-0.536105752,-1.12808108
2333,0.529825866,-0.0104300529
2334,2.12571073,-0.529996216
2335,1.0761286,0.173309445
2336,0.162532702,0.264159739
2337,-0.268328071,0.919005454
2338,0.29421562,0.805867076
2339,-0.124830127,-0.74447155
2340,0.545468092,-0.407712907
2341,-1.30042338,-1.84160483
2342,-0.735396504,0.863452613
2343,-1.04140127,-0.0503821075
2344,0.608949482,-0.680713296
2345,2.90922713,-0.232111588
2346,0.169401973,-0.00625038985
2347,-0.29268685,-0.82069695
2348,0.042608019,1.29652166
2349,0.403897732,1.53886855
2350,-0.161253631,0.0663765222
2351,0.0214849394,0.187868714
2352,-2.38044691,1.24976993
2353,0.364489824,0.0907996818
2354,0.296705365,-0.192165568
2355,1.12189794,-0.449277669
2356,-1.25927281,0.267673463
2357,0.000357582467,-0.410246164
2358,-0.802393556,-0.118355133
2359,-0.200415805,-0.055343613
2360,-0.924941778,-0.705907226
2361,-1.70411181,-1.49649215
2362,-0.629981399,-0.186357602
2363,-2.18262815,-0.176976323
2364,-1.41928387,-0.677506387
2365,1.47493982,0.424825966
2366,-2.32703733,-0.967999995
2367,-0.977051497,-1.20076036
2368,-0.0273080077,-0.365603834
2369,-0.54491055,0.0533728525
2370,-0.687216282,0.23414278
2371,-1.04723907,0.953055441
2372,0.107924394,-2.59377837
2373,0.282865733,-0.0748775005
2374,0.438858122,0.90784055
2375,-0.0928907171,0.729806304
2376,0.530032158,-0.616135418
2377,1.12776923,-1.50602078
2378,0.395521641,0.572336793
2379,1.17700768,1.07676709
2380,0.990939677,-2.1422956
2381,0.289116055,-0.08860486
2382,-1.36009967,1.34650815
2383,-0.186772987,1.1262008
2384,-0.328645974,-0.644962072
2385,-0.914167523,0.265630007
2386,-0.400023818,-0.525204837
2387,-1.0251174,2.62090254
2388,-0.387123466,-1.37202823
2389,-1.67886281,-0.685321033
2390,0.381382138,0.664652526
2391,0.359767884,0.163780406
2392,1.01389933,1.80865884
2393,1.90177906,1.91843903
2394,1.4776417,-0.743768334
2395,0.299602509,-0.880735934
2396,-0.11441195,1.25852251
2397,0.309978127,-2.01636195
2398,-0.412187576,-0.441195488
2399,-0.280482262,-1.2296102
2400,-1.22562802,-0.472229809
2401,0.0434250422,-0.687488258
2402,-1.09468269,-0.282933295
2403,0.56945622,-2.19113421
2404,-0.823521972,1.04067302
2405,-1.83878934,0.201289222
2406,0.57392168,-0.363908559
2407,0.00885506161,0.488775671
2408,-0.436785698,-2.19163728
2409,-1.32964957,-1.11947155
2410,1.85704613,1.14729559
2411,-0.10802158,-0.349183857
2412,2.25275064,-1.75237286
2413,-1.32813549,3.54825592
2414,1.18395245,2.42536569
2415,-1.09162486,0.570259392
2416,0.867109776,-2.51517224
2417,0.0914548263,-0.4266918
2418,-0.0505247302,0.333958358
2419,0.704848111,0.966944873
2420,0.960421443,-0.772364438
2421,-1.86368668,1.90708292
2422,-0.331107229,0.844396055
2423,-0.253008366,0.671953678
2424,1.4932251,1.96693301
2425,0.496783644,-2.13683844
2426,-2.65068102,0.381610394
2427,-0.692686558,-0.987216771
2428,-0.0288986675,0.0278063715
2429,0.531289935,-0.015673738
2430,-0.687353611,-0.122116201
2431,0.108330972,-0.117497735
2432,-0.831135213,0.0347167626
2433,2.22844648,-1.95040798
2434,-2.16025591,-0.607895017
2435,0.0504417829,0.305074632
2436,0.507223904,-1.32608211
2437,1.58831275,-0.253582895
2438,-1.5984534,-1.18036485
2439,-1.65169549,0.767552078
2440,0.862706006,-0.247255683
2441,-0.155806929,1.40405083
2442,0.734716535,-0.361699492
2443,-0.26166901,-0.626977861
2444,-2.47228146,-2.4673028
2445,0.81372118,-0.0210546181
2446,-0.372326106,0.105350249
2447,-0.937264204,0.867788911
2448,0.210865438,0.0541075394
2449,-0.439819008,-0.200148985
2450,1.75142229,-1.10795093
2451,-1.18101799,-0.383186311
2452,0.332526863,-0.814894438
2453,2.29341173,-1.91224217
2454,0.748894751,-0.274463356
2455,0.586821079,0.158434629
2456,0.581748068,-0.279296607
2457,-0.196711138,0.597384512
2458,0.176431462,-0.371289015
2459,0.78026402,-0.234958753
2460,0.554123104,1.05693865
2461,0.524367988,0.592512369
2462,1.20800781,-1.17663634
2463,0.369291574,-0.955391467
2464,0.742370665,-1.51754332
2465,0.808798671,0.369498342
2466,-1.13737476,0.642028987
2467,0.337390691,0.493608922
2468,0.164735198,1.51704466
2469,1.8682009,-4.44062138
2470,0.171281144,-0.801304221
2471,0.0885394439,-0.181084827
2472,0.13022314,-0.140249774
2473,0.189408824,-1.39705479
2474,-1.40318143,0.390162557
2475,1.51354456,-1.64541698
2476,1.16932356,0.448088109
2477,-0.197902307,0.543193519
2478,-0.763804018,-0.700452209
2479,-1.79064167,0.0451146439
2480,-0.0847486928,-0.226230413
2481,2.64317727,0.103913881
2482,-0.502300084,-0.0502473414
2483,-3.99122739,2.2035749
2484,-1.74136364,1.84650767
2485,0.738908827,-1.90975714
2486,1.60941315,0.434901834
2487,-0.0281303264,0.758597434
2488,0.149144754,-0.15180321
2489,-0.934285104,1.68653238
2490,0.880945742,-0.543262243
2491,0.13373886,0.241948336
2492,0.0775727704,0.124815114
2493,0.322539836,-0.000397958589
2494,0.600547791,-0.545868218
2495,1.60612452,1.6343466
2496,-0.972103238,-0.271618754
2497,0.175752744,-0.27930814
2498,0.980745971,1.22220397
2499,1.49740875,-0.976170301
2500,-1.32290065,-0.374420851
2501,2.93789268,-1.08550549
2502,0.222693995,0.942177951
2503,0.873378813,1.35181165
2504,0.712880194,0.203272179
2505,-0.40398252,0.286904216
2506,1.4794873,1.54526341
2507,0.061457023,0.186452314
2508,0.193057105,-0.995513499
2509,-0.563444018,0.361256719
2510,-0.790864289,0.368175209
2511,2.15783262,-0.00244660233
2512,-0.688638568,0.744697809
2513,-1.04624486,0.481408089
2514,1.34273136,-1.25431132
2515,0.0140582481,-0.225710869
2516,-0.755391538,0.0484407693
2517,-0.578175426,1.1582824
2518,-0.893053472,-1.08020055
2519,-1.65517235,-0.800071001
2520,0.885539949,1.28483474
2521,2.58229756,1.06522405
2522,3.62272167,0.01869216
2523,1.12273753,1.01236594
2524,-0.471030056,0.576346993
2525,0.0811535716,-0.157791004
2526,0.349913538,0.501993358
2527,0.327138066,-1.12962902
2528,-1.14889991,-0.749414265
2529,0.180817083,-0.579292715
2530,2.1358757,-1.43226886
2531,-0.382674396,1.84538519
2532,0.935129702,0.53666532
2533,-2.03117633,0.546677887
2534,-0.528211713,-0.509883285
2535,0.508210719,-0.29874447
2536,-0.540403306,0.540095687
2537,0.467681736,-1.22778463
2538,-0.627631247,-0.760317385
2539,0.828455627,-1.00029814
2540,1.2528671,0.548971713
2541,0.0463797003,-0.220439866
2542,-1.34348035,-0.0487781093
2543,-0.490797669,0.705152452
2544,-0.321829021,-0.0957635343
2545,-0.347175777,1.76163435
2546,0.286922097,0.728685975
2547,0.152327567,-0.489056379
2548,1.32827365,-0.263428777
2549,1.69610238,1.03335595
2550,-1.69122028,-0.119552873
2551,-0.160717353,-0.0699016452
2552,0.756886005,-0.247704089
2553,-0.926095247,2.64214563
2554,1.88940585,-0.662670076
2555,-0.885193288,-0.173392549
2556,0.539337993,-0.689369202
2557,-0.689223707,-0.331230849
2558,1.27100205,0.3160716
2559,-0.178521469,0.576193869
2560,-0.260673016,-0.554508746
2561,-2.22006726,-3.2423718
2562,0.328901559,0.418075889
2563,-0.710131288,-0.158178627
2564,-0.170294926,-0.973783314
2565,0.590235353,-0.172286272
2566,-0.515037596,0.395619065
2567,-1.03624034,-0.731616199
2568,1.37638986,-2.07251453
2569,0.0492486693,0.267257661
2570,-0.201869115,-1.05984139
2571,0.899923265,-0.974437118
2572,1.90851152,0.782338798
2573,-1.26124656,-1.59557903
2574,1.19218493,0.827416897
2575,2.2956636,0.202654168
2576,-0.536852777,-1.09002578
2577,1.90539765,-0.484545559
2578,-2.8625772,0.458153874
2579,-0.587286174,0.121073566
2580,2.20783639,-0.661956131
2581,-1.07665968,-1.04896092
2582,0.333931684,0.115106501
2583,-1.46823895,-0.752003312
2584,-0.00523485197,-0.637892485
2585,-0.673750222,0.702902615
2586,-1.38048434,1.04699111
2587,-0.387313694,0.695287645
2588,0.125772744,1.33505249
2589,1.17098355,-0.223692626
2590,0.16958952,-0.151501641
2591,-0.323196381,0.685433805
2592,-0.68010205,0.929935813
2593,-0.308094501,2.53418708
2594,0.919470906,1.46661925
2595,0.794314444,2.20032859
2596,0.307591885,-0.513185203
2597,-0.135135829,-0.585422158
2598,0.938802779,-0.0317211896
2599,0.368120074,-2.0827136
2600,-0.266283602,0.546097577
2601,2.14954615,-0.277421862
2602,0.447329134,1.71141076
2603,-0.227967858,-0.789204001
2604,-1.14604092,0.529859722
2605,-0.482270777,-1.12470353
2606,-0.247972518,-0.779590666
2607,2.95919847,-0.291865796
2608,-0.552294374,-0.910053074
2609,2.1815927,-0.489977688
2610,-0.783238292,1.87939024
2611,0.243140548,-0.771657825
2612,0.545136333,-0.12033204
2613,-0.983178198,1.25327647
2614,-0.669195533,2.8603766
2615,1.25710523,1.73072171
2616,-0.911747694,0.422572285
2617,0.140461653,0.0465493612
2618,2.01485991,-0.361468107
2619,0.158748269,-0.474593997
2620,-1.41683173,0.221593559
2621,0.340791792,0.757363617
2622,-0.47683242,0.271179229
2623,-1.26818693,-0.0600445904
2624,0.248085141,-1.87896454
2625,-0.0957498103,-0.40212816
2626,-1.03763282,0.566674829
2627,-0.728671491,1.62289906
2628,-0.311610878,1.3651371
2629,0.324388623,-2.56515598
2630,0.910149693,-0.816856503
2631,1.08084524,-2.25730658
2632,-0.307099879,-1.28004289
2633,0.0813261122,0.346271902
2634,1.16174793,-1.56300676
2635,0.317472011,-0.521894634
2636,-0.502857268,1.30194783
2637,2.64839315,2.01613331
2638,-2.7780416,0.503360569
2639,-1.30014956,1.61139202
2640,0.990698934,-1.09579408
2641,-0.778407812,-1.54135323
2642,0.887091398,-0.280655265
2643,-1.36342871,2.36156893
2644,-2.23924756,-0.0197534859
2645,-0.0221271291,1.80043399
2646,-1.79622972,-0.380291909
2647,0.32792145,-0.0644343346
2648,-0.255353361,0.0545549169
2649,0.265461922,1.25547814
2650,-0.0102442214,-1.31457436
2651,0.735454917,-0.549741149
2652,0.502224743,0.828001082
2653,-0.249519676,-0.367734581
2654,0.8655985,-1.37072325
2655,-0.39546302,-1.18983567
2656,-0.243015453,-0.974086463
2657,-0.943437815,-0.194184542
2658,2.1000247,1.14251423
2659,-0.157929286,-0.163760856
2660,-0.450414985,-0.0111360215
2661,0.496096402,-0.14185299
2662,0.464992791,-0.959045112
2663,0.500787973,-0.181770995
2664,2.20363379,1.67688429
2665,0.459289193,-0.479153693
2666,0.552310169,0.838162243
2667,1.96969974,1.11614585
2668,-0.601143777,-0.523105443
2669,-0.101360925,0.181223243
2670,0.659381211,0.126060426
2671,-1.17580485,-0.0487221666
2672,-0.650007129,0.00350769656
2673,-2.06172037,-0.818324745
2674,0.942166567,-0.839228094
2675,-1.22681093,3.47258377
2676,0.680103362,0.880551577
2677,0.0983612835,0.216459423
2678,-0.873820543,0.206168234
2679,-0.0814669281,0.127559975
2680,1.34562337,-1.97375035
2681,0.0246239193,-0.352305591
2682,-2.30251908,1.91006112
2683,-1.22116446,-0.398125857
2684,0.512774527,0.736694157
2685,-0.0964749828,1.76573312
2686,1.02443874,0.615596235
2687,-0.614876628,-1.31923556
2688,-0.493850231,0.262943089
2689,-0.229762807,-0.252876341
2690,0.497232497,0.912595868
2691,0.304737031,-0.916927099
2692,-3.37858939,-3.76495385
2693,-0.499379367,0.402402818
2694,-0.86727798,0.0046926802
2695,0.0778049603,-0.45425415
2696,0.468594044,0.337897569
2697,-0.767966986,-0.0499267168
2698,-0.639788389,-1.4657855
2699,-0.175307676,-0.30137828
2700,0.028020557,0.346435159
2701,-0.16150026,3.12474322
2702,0.597497821,-0.158773527
2703,-0.825520992,1.19894123
2704,-1.71797442,0.502930343
2705,1.01421416,2.1049602
2706,-0.181749001,-0.0189850107
2707,1.40382934,2.43872142
2708,2.45796418,1.3394978
2709,0.713948488,-2.43932223
2710,-0.556600988,0.0862964094
2711,0.100370072,0.173195869
2712,-0.419569254,0.0343985744
2713,0.0999806449,0.45273003
2714,-2.64122081,0.868065774
2715,1.49130177,0.0607264489
2716,-1.18812275,0.638764977
2717,-0.59314388,-0.0724764168
2718,-0.296907753,0.270311147
2719,-0.289244086,-1.15279448
2720,0.198751509,0.0984121412
2721,-0.963482022,1.10671926
2722,3.15147471,-1.93489945
2723,-0.477004528,-1.57919276
2724,-0.141766369,-0.321292907
2725,-0.608320892,-0.825437009
2726,-1.41441333,-0.236647144
2727,-0.256880194,-1.43934703
2728,-2.32685614,1.15580642
2729,1.23586977,0.642119706
2730,-0.303771555,-0.358549595
2731,0.218500584,-0.0485536642
2732,-2.14694405,-1.5039475
2733,1.79773366,-0.0642300621
2734,-1.44479644,-0.481386185
2735,0.417939216,0.23470512
2736,-0.435010552,0.52005738
2737,-0.492019951,0.857785404
2738,-0.397754639,-0.915362358
2739,0.252608061,-2.02107644
2740,0.234625205,0.520642936
2741,1.75916493,0.915844679
2742,0.322813243,1.13540196
2743,0.69037497,0.990855217
2744,-1.56544197,-0.346285731
2745,-0.169164047,-0.0111303348
2746,0.336976558,0.0618562251
2747,0.163023621,1.34879398
2748,0.106048383,-0.676797211
2749,0.973451555,-1.04686856
2750,-0.92028296,-0.852844417
2751,2.17570782,-1.42703736
2752,-2.1684413,-0.644394577
2753,1.04426301,-2.76561141
2754,-0.450010955,-3.52786922
2755,0.753357112,0.146754354
2756,-0.0353373736,-0.573334932
2757,-0.215302438,-0.115693398
2758,-1.47212517,0.296349376
2759,-2.14030123,1.92262948
2760,-2.19493103,-1.49736238
2761,-0.796888471,0.580817997
2762,-0.129643738,-0.131558254
2763,-1.2352432,1.36046624
2764,-1.69328141,0.412232995
2765,0.242858857,0.313308567
2766,1.1159867,-0.296911716
2767,0.521060884,-0.0106500257
2768,-1.17880142,-0.482327908
2769,1.22820365,0.907008827
2770,-1.13954151,0.100790866
2771,-0.100635394,0.658209145
2772,-2.59058309,-2.0209713
2773,-3.63297033,-0.0275046155
2774,2.20224404,-1.6334033
2775,-3.72871661,-1.20660281
2776,-1.59689045,0.575483799
2777,0.180810884,0.0296595413
2778,-1.60391104,-0.821515799
2779,0.901491761,0.149474189
2780,2.23497844,1.23567271
2781,0.654206574,0.951401174
2782,-2.87676501,4.18114805
2783,0.333616078,-1.06144273
2784,-1.75503969,1.96488655
2785,1.42129457,-2.42547965
2786,-2.48713923,0.271765083
2787,-4.10946083,-1.32468367
2788,-0.568528891,-1.00076628
2789,-0.994640887,1.6380167
2790,-1.77034259,0.0900691077
2791,2.02014136,0.197315291
2792,0.0550306104,-1.19587827
2793,0.487754196,0.20412232
2794,-2.48471427,1.35169435
2795,-0.316628218,-1.7136718
2796,-0.441026896,1.20216644
2797,3.93125343,-0.2979635
2798,0.978302419,1.41128981
2799,-0.627065659,-0.749344468
2800,0.589660466,0.906799734
2801,0.195238084,1.3903532
2802,-1.58085644,0.996043384
2803,1.14411092,-1.843009
2804,-2.20571923,-4.4874959
2805,0.984610975,0.910570443
2806,1.26593995,-0.168906197
2807,-1.69866943,-1.59143412
2808,2.35523915,-1.99260354
2809,-3.08870792,0.260825604
2810,0.163175374,0.333648145
2811,-0.454375595,-0.325320065
2812,-1.37148178,-0.485104889
2813,0.448310792,-0.451810479
2814,0.195954829,-1.18818939
2815,-0.966769934,0.995679319
2816,-0.841074765,1.73215795
2817,-2.64107943,1.30116296
2818,1.07533252,0.373218685
2819,-0.0931843966,-0.467111349
2820,-1.23530328,0.156841367
2821,0.641821444,-2.47304988
2822,0.217912778,0.153847486
2823,0.0872488692,-1.94514179
2824,1.25812936,-1.28451061
2825,0.719782948,-0.40344426
2826,-1.33064914,2.16586971
2827,-2.2088182,1.28508413
2828,0.984573543,-0.496176392
2829,-0.0353957936,-0.601809084
2830,-0.590488553,-1.80004108
2831,0.324396044,0.677189648
2832,0.276950687,-1.44569588
2833,-0.445134312,-0.415226698
2834,-0.960477293,-0.0122501655
2835,0.30611074,-0.204329148
2836,-0.806554079,1.12120557
2837,1.4817822,-1.58403111
2838,0.695258081,2.19400167
2839,-1.05420911,1.12775314
2840,-0.228112996,0.371403128
2841,-1.89718354,-0.71871376
2842,0.0446722582,-1.64989603
2843,-0.0656147376,0.403336108
2844,0.409421653,0.309056938
2845,1.015306,0.302329957
2846,-1.07015598,-2.97021699
2847,1.19347882,0.0138915079
2848,-1.40934205,1.21921873
2849,1.12227964,0.0461842529
2850,0.575890899,0.556163967
2851,-0.784711361,-0.0510891527
2852,0.147324204,1.32961679
2853,-1.66842139,-0.986554563
2854,0.0114710918,-1.17050421
2855,-0.39394629,1.579072
2856,-0.192795664,-0.256241381
2857,0.610311568,-0.828904867
2858,-0.50894022,-2.0969255
2859,-1.5299511,-0.694270372
2860,-0.649718344,-0.451971382
2861,-0.49607119,-0.249209508
2862,0.284890652,0.236344084
2863,-2.16151333,-0.288929611
2864,-0.011799424,0.97850436
2865,-1.2390362,0.848885834
2866,0.808302879,1.07033491
2867,0.165235505,1.57733035
2868,-0.834051788,-2.21414328
2869,0.490145266,-0.890189469
2870,-0.69308418,-0.539254844
2871,-1.43801188,-0.146074653
2872,-0.24038665,-0.00892973877
2873,-0.731677294,0.305150509
2874,1.27879679,0.20353204
2875,2.66022158,-0.382496238
2876,1.24427509,0.609603763
2877,-1.08684909,-0.993920267
2878,-1.45430315,-0.579245329
2879,0.361202806,-0.190137431
2880,0.587224483,2.16372156
2881,0.43640992,-0.24176085
2882,1.03022325,-0.186303794
2883,1.45402789,2.13492489
2884,-0.484048784,1.9535414
2885,1.29132986,1.83095336
2886,-1.02143991,0.242338791
2887,1.37926805,-1.17303669
2888,0.0672263578,-1.1919471
2889,0.577002048,0.314597458
2890,-1.04094398,-2.48765755
2891,-0.239656031,-0.311449945
2892,-1.38336694,0.972257555
2893,2.28017354,1.80432904
2894,-0.844437897,0.304900467
2895,-2.38739967,0.307505012
2896,0.682788014,-1.20203841
2897,-0.123742588,0.148553222
2898,-2.76310182,0.261487186
2899,1.6197319,-1.11669111
2900,-0.129854113,0.672938585
2901,1.28307664,0.905214727
2902,-1.86580682,-2.05030656
2903,-2.20905375,1.24394846
2904,-1.2296946,-0.654341042
2905,5.0571022,0.0797054321
2906,2.28711438,-0.871950448
2907,-0.39045313,-1.16449213
2908,-0.908264339,-0.502483904
2909,0.0243422966,0.5572052
2910,-0.216277212,-0.449407548
2911,0.0767472461,-0.0360625647
2912,0.123823382,-0.440921694
2913,-0.774914324,1.12853837
2914,1.03462398,0.282318085
2915,0.587717295,0.257886529
2916,0.0517459586,-1.09632385
2917,-0.980420172,-0.792658627
2918,-0.0148180882,-1.39503765
2919,0.732063234,1.15859413
2920,0.824469626,0.22197552
2921,-0.695816457,0.0627071112
2922,-2.0152967,-0.173304752
2923,0.301318586,-0.169665337
2924,0.842801571,-0.338496834
2925,-0.0648338944,-0.490916818
2926,-0.955447495,-2.78587747
2927,0.33672148,0.13480942
2928,-2.24094558,-1.14705586
2929,-0.0385669842,1.94492888
2930,0.49763006,-0.034310516
2931,-0.648946047,0.44112286
2932,1.15486503,-0.113859855
2933,0.447633237,-0.207762182
2934,1.52538383,-0.929272354
2935,-1.49606085,-1.42684972
2936,0.715788603,0.903276205
2937,-0.124793723,0.225411654
2938,0.331767708,-0.106743708
2939,-0.67247498,0.085872978
2940,-0.0600438081,0.112915024
2941,-0.0365323499,-0.322801441
2942,0.50320667,1.28668857
2943,0.257975012,0.363134265
2944,-1.93941605,0.630492747
2945,0.491337448,-0.709541261
2946,0.0466933884,1.30399895
2947,0.762513638,-2.39696145
2948,1.71258271,-1.77799451
2949,0.405382425,0.44421342
2950,-0.826537728,0.162277162
2951,0.117542498,0.802592933
2952,0.00638134545,0.729418814
2953,-0.741149366,3.30623746
2954,1.45156062,2.07932377
2955,0.672421098,-2.20048904
2956,1.49084496,0.0709728301
2957,-0.423873991,0.220512971
2958,0.510897517,-0.691601753
2959,-0.180189013,-0.0222115964
2960,-3.68838835,-0.710864663
2961,-2.03991485,0.960165739
2962,-0.586352944,-0.161714345
2963,-2.3429215,2.86106372
2964,-0.767691433,-0.0882800594
2965,-0.914959013,1.26630402
2966,0.589797139,-0.107362442
2967,0.110978231,0.761481106
2968,-0.303122997,1.07226658
2969,2.92930651,-0.909570873
2970,-0.113168433,-2.19941783
2971,-0.210360765,0.682207048
2972,-0.266017914,0.583833039
2973,0.621000171,-0.37356478
2974,-0.539273441,0.694458306
2975,-0.438509107,-0.104003042
2976,0.0724274963,-1.15528262
2977,0.223244771,0.286529273
2978,-0.364362031,2.52974105
2979,-0.354250044,1.11435652
2980,-0.335764289,-0.215518266
2981,-0.416264594,-0.718509793
2982,-1.05984056,-0.174399048
2983,1.79594719,0.303538233
2984,-4.28235626,0.746024013
2985,0.0910908729,-0.861298382
2986,-0.598680079,-0.379928559
2987,-0.812884152,0.997398496
2988,-1.53917634,2.33250713
2989,0.748283267,0.140199736
2990,-0.289756924,-1.76641619
2991,0.554084003,0.493311524
2992,0.169816405,-0.368218154
2993,-0.492473006,0.262844056
2994,-3.02469254,1.44534969
2995,-0.86720413,1.86922443
2996,-0.098888956,1.4499439
2997,-0.0963713378,-0.402840793
2998,-1.75273275,-0.734657109
2999,-0.746685982,0.274144918
3000,0.251053929,-0.426101238
3001,1.52147734,-1.46889949
3002,-0.0704496056,-1.08338451
3003,-0.0919278786,0.552134097
3004,-0.499458522,-1.20765114
3005,-1.5518955,-1.42178869
3006,1.5825932,0.206288055
3007,-1.02285016,-0.311811775
3008,2.33322978,0.321352929
3009,-0.646283567,0.235647202
3010,1.8508352,-1.23713672
3011,1.77183664,0.603598177
3012,-0.181864426,-0.126246631
3013,0.111102298,-1.35075045
3014,0.0422397368,1.6291554
3015,1.21128237,0.705060482
3016,-0.485612571,0.14204219
3017,0.327683568,-0.61598736
3018,-1.50279665,-0.772538483
3019,-0.626220644,-0.64442879
3020,-0.258499771,0.236120299
3021,1.24227285,-1.57435453
3022,1.00977564,0.677825987
3023,-3.96671247,-1.16886091
3024,-0.505556464,-0.325660467
3025,1.00579929,1.2455225
3026,1.0192219,-1.61463332
3027,2.27431321,-1.29377043
3028,4.28906202,-1.88775754
3029,2.19457555,-1.19624066
3030,-0.406551063,-0.196946517
3031,-2.12733221,-1.02444899
3032,0.709555089,-0.77171284
3033,-1.30977547,0.256086975
3034,-0.487986714,1.52404344
3035,1.51759219,-1.07525599
3036,-1.44730508,0.271579951
3037,0.237623602,-0.188410729
3038,-2.70044279,-0.377462
3039,-0.0491494462,-0.0622280315
3040,-3.3018465,-1.74287784
3041,-0.777135491,1.13974977
3042,0.973052323,-0.266540319
3043,0.666343927,0.218775705
3044,0.840861261,-2.13638043
3045,-1.96790147,1.0906204
3046,-0.0567939356,-0.558853328
3047,0.0124413799,0.971392155
3048,-0.226001129,-0.808387995
3049,1.6507864,1.16242456
3050,0.298537761,0.787047327
3051,-0.144294336,-0.401534408
3052,1.2511183,-1.25916696
3053,0.0536786914,0.133287862
3054,1.65226877,-1.97199798
3055,0.749441147,0.289196044
3056,-0.44398886,-2.58667898
3057,1.06436872,0.953443706
3058,0.464214653,0.813206255
3059,0.803007245,-0.832141638
3060,-0.899092555,2.7855978
3061,1.20231462,0.835325241
3062,0.0164944176,0.645982623
3063,0.336514741,0.303232998
3064,1.36328244,1.98252797
3065,0.145113423,0.534931839
3066,1.43247616,1.12859869
3067,-1.04631543,-0.829637051
3068,0.311738014,-0.11692033
3069,-0.471465945,-1.13081002
3070,0.0114655886,-0.103199326
3071,0.30814907,-0.162050888
3072,-0.835650682,-2.40822911
3073,-0.390696377,0.543324113
3074,-0.674790025,-0.28376466
3075,1.5537653,-0.0244385004
3076,2.49686265,-0.473205864
3077,0.0706680194,1.80620098
3078,-0.0016832219,1.189381
3079,0.374943703,1.08370996
3080,0.388429523,-0.194161296
3081,-3.16416836,-1.58086979
3082,0.93487817,1.72558975
3083,0.0999088213,-0.224524334
3084,1.11646569,0.213195428
3085,3.76786804,0.698068202
3086,-0.456673861,-1.3304584
3087,0.533194065,0.599526525
3088,0.11798951,-0.614008129
3089,-0.175451085,-1.5717001
3090,0.95340848,-0.40270859
3091,-5.97138786,0.678151786
3092,0.0774377212,1.32835674
3093,0.670528173,0.614199638
3094,-0.754498303,-0.12534149
3095,0.677305162,1.88315463
3096,-0.549856365,-1.51048422
3097,0.036403738,-0.151597738
3098,-1.33430243,0.883295894
3099,0.881352067,-0.446401596
3100,-1.11211932,0.545932829
3101,0.37157011,-0.330196321
3102,-0.547231495,-1.15492809
3103,0.764318347,-0.2280325
3104,1.10407031,-0.811567724
3105,0.491451949,0.292716265
3106,1.21974897,-3.27112579
3107,-0.342927575,2.74283552
3108,2.59938502,-0.123886026
3109,0.355373502,0.388883799
3110,-0.207061246,-0.468949497
3111,0.0292916037,-0.142560795
3112,0.985439539,-0.48494789
3113,4.15640068,0.287886113
3114,0.907322109,1.43662179
3115,2.04308653,1.49247992
3116,-1.32404935,-1.4844023
3117,-2.80845857,-0.541521847
3118,-1.29724324,1.55659199
3119,-0.131341398,0.112133466
3120,1.08061707,-2.14219666
3121,-1.13840067,1.922243
3122,0.710436344,1.1803509
3123,1.07263339,0.0901323557
3124,1.27946866,-0.225495636
3125,-0.729336798,0.451404959
3126,1.56182015,0.331327498
3127,2.20242238,-0.65437144
3128,-1.45693159,0.187510848
3129,0.481184095,0.718901694
3130,-0.166184157,3.15997458
3131,2.62387991,-0.63729471
3132,0.127512187,-0.0895290226
3133,-0.910226107,-0.866337359
3134,0.0328068994,0.508598566
3135,0.572890222,-0.183810309
3136,0.66582334,-0.0927527621
3137,-0.219422221,0.246326357
3138,-0.0558565781,-0.137569427
3139,0.31282562,0.764023006
3140,-1.34247649,-0.0393231399
3141,-2.54629922,1.94574022
3142,1.64682543,0.22994706
3143,1.23515069,0.390539467
3144,1.30622411,1.14160824
3145,-0.88111794,1.0743165
3146,0.113543034,-0.288258314
3147,-0.863457561,0.514405668
3148,-0.56757015,-1.23011148
3149,2.39700794,-0.0716607273
3150,1.86650705,0.794815302
3151,1.56189036,1.79991114
3152,1.60654235,0.2549496
3153,-0.600596607,-0.495818377
3154,0.208519459,-0.837153256
3155,0.505122542,-0.317824572
3156,0.218900234,0.156977534
3157,2.47530127,-1.16987836
3158,0.194479004,-0.0844544396
3159,-1.68716574,-2.18384004
3160,-0.383080065,1.08417022
3161,-0.658607423,-0.459989876
3162,0.457630754,-0.154706389
3163,2.47301316,-0.48193717
3164,0.209175363,-1.41820371
3165,-0.486962318,0.665322959
3166,-1.20699406,-0.208594829
3167,0.538728714,-1.00478625
3168,0.334451705,1.96359015
3169,-0.442561507,-0.450710505
3170,0.184652954,0.625308573
3171,-1.93691254,-0.433419436
3172,0.12631771,0.14632827
3173,0.079282403,0.611117899
3174,0.827278435,-1.35638773
3175,0.183067396,-0.137442574
3176,-1.54206419,-0.861070454
3177,0.808386922,0.702760339
3178,0.982999802,2.04860139
3179,-2.02786565,-0.716804266
3180,1.73689258,-1.19501388
3181,-1.30828774,-0.260676712
3182,1.73032176,-0.161120459
3183,-1.55850101,0.219148159
3184,0.0487638973,0.931451499
3185,0.678754389,1.45717478
3186,0.00803038757,0.385871291
3187,0.759543121,-0.531111717
3188,-0.657390893,0.982395768
3189,0.213185787,0.330540568
3190,-0.842960179,1.54602027
3191,-0.516944706,2.06599998
3192,0.880757332,1.31645584
3193,0.0630950853,-0.284359723
3194,1.59618556,-2.66592312
3195,-0.978092968,1.67412269
3196,-0.979200304,-1.45695567
3197,0.43216601,-0.472248465
3198,-0.0632603317,0.15708296
3199,0.193543568,-1.01874638
3200,-0.0616243072,-0.38134253
3201,-0.182559416,-2.5728147
3202,-0.976930678,-1.19632292
3203,-2.49355531,-1.33049715
3204,2.20548058,1.45048606
3205,1.29460037,0.432455331
3206,-1.65130436,2.11303854
3207,-0.04703895,-0.440565854
3208,1.08641267,1.13083029
3209,0.97570461,0.417372435
3210,1.35371959,0.608776629
3211,-0.632892907,-1.01633763
3212,0.957483113,0.0412211753
3213,-1.2840364,0.306642711
3214,0.679524362,0.798158765
3215,0.896364033,-0.211022258
3216,-1.06731164,2.94135833
3217,-1.14035559,-0.975692213
3218,-1.08934641,-1.53811502
3219,-0.0381721146,-0.153508216
3220,0.521874845,0.417648286
3221,-1.23889458,1.44278502
3222,-0.264737487,-0.536020458
3223,0.0258429181,0.797035456
3224,0.961521089,0.711069047
3225,0.0637575239,0.361685336
3226,1.63402629,-0.0209759325
3227,-0.294002593,-0.800956726
3228,-1.05617321,0.310649902
3229,1.19003212,-0.858432233
3230,-0.712887526,0.588111997
3231,2.27287865,1.90452743
3232,-0.786611736,-1.21710134
3233,2.79484129,-0.687739015
3234,0.164522469,0.0881604999
3235,-0.330104649,-1.03317297
3236,-1.64812589,1.37816453
3237,3.69610715,0.90219146
3238,-1.42945039,-1.30143237
3239,-0.18354778,-1.03491163
3240,0.424680471,0.697156549
3241,2.877913,-0.445396423
3242,-0.686846316,-0.714227617
3243,0.845136285,-0.0860110223
3244,0.749871731,2.40890288
3245,0.212306157,0.015288637
3246,-1.11528289,2.39325643
3247,-0.843962252,0.0875052139
3248,-0.0488830954,0.385934323
3249,-0.962724745,1.77527201
3250,1.51867783,-2.39139771
3251,-0.946332335,0.41402325
3252,0.0467845201,0.820068359
3253,0.194928199,2.70568728
3254,-0.794451296,-1.09956372
3255,0.0557088964,-0.177560896
3256,-0.507953346,-0.801802039
3257,1.57584047,0.593423486
3258,2.41885448,0.250722349
3259,-5.08552217,-1.74774873
3260,0.121495575,-0.114527203
3261,1.39783442,0.796795905
3262,0.996459305,-0.257947475
3263,1.8922205,0.493147463
3264,-1.53870261,-0.314826429
3265,1.9364326,0.253931999
3266,-1.46140969,1.67160869
3267,0.194872156,-2.35213733
3268,1.02279103,1.17514431
3269,-1.98826635,0.714944601
3270,-0.221197203,-0.244111165
3271,-0.877051473,0.232799575
3272,-1.52009845,0.288461626
3273,-0.0481796116,-0.448942393
3274,0.0542450957,0.240686044
3275,-3.85458779,2.69171095
3276,-1.35999537,0.334136426
3277,-0.894638956,0.310132384
3278,0.530208766,0.679248035
3279,-0.29899615,0.139203265
3280,1.212883,-0.513684809
3281,-2.20464897,-1.69514108
3282,0.0596589148,0.604361296
3283,1.5922842,2.01216316
3284,-1.24922454,1.02433217
3285,0.304605991,-1.71722901
3286,0.91016829,0.161448002
3287,-1.43119669,1.80870271
3288,0.878583014,0.87119025
3289,-1.37163413,-3.52556491
3290,-1.14766514,4.11409903
3291,-0.546186209,0.109980166
3292,0.803291857,-0.539763808
3293,2.04038239,0.0214748848
3294,-0.193006739,0.0738153458
3295,-0.340372026,0.0326424465
3296,-1.03464413,0.7107898
3297,0.375986487,-0.104698509
3298,-1.13032222,0.691257477
3299,0.818876386,-2.17072344
3300,-3.53458333,-2.48547649
3301,-0.054720901,0.535388887
3302,1.73738658,-1.17498195
3303,0.183030069,-0.161089435
3304,-0.919350922,0.439262152
3305,1.56494296,-0.565683544
3306,-0.890063524,0.36740911
3307,-2.19673371,1.52453101
3308,0.890360296,0.557484865
3309,-0.327539057,0.0161568318
3310,-0.143864363,2.01869154
3311,0.111387059,0.604982376
3312,-2.14462686,-0.544927537
3313,0.0934360847,1.16560316
3314,0.38910237,-1.53831637
3315,0.673665822,-1.20312393
3316,2.82392669,-2.32952619
3317,-0.736239314,-0.480678856
3318,-0.661332607,-0.0457461178
3319,0.461107492,0.837408602
3320,-2.26443553,1.28311026
3321,-1.15126121,0.503908575
3322,-0.630156934,-0.311965555
3323,1.07544398,1.70612347
3324,-1.10001516,0.266050279
3325,-0.264029264,-1.00262499
3326,0.579066455,-2.89185977
3327,0.907164693,-0.369058162
3328,-0.860527813,-0.669121921
3329,-1.12952864,1.27006721
3330,-0.110850416,0.0571559407
3331,2.99414873,-1.34469295
3332,1.44345796,0.365091801
3333,-1.47123241,-0.878318548
3334,-0.739133179,-0.2216243
3335,-0.0908253118,0.468419701
3336,0.279786438,0.526248693
3337,-0.829079747,0.0374598019
3338,-0.347914845,0.028734643
3339,0.108192801,0.0906597227
3340,-2.93405342,-1.27122998
3341,0.56401521,2.30241013
3342,-1.05091524,-0.700440705
3343,-0.752431095,0.549302042
3344,0.414947718,0.917794943
3345,2.49170303,0.467384249
3346,1.29046845,-1.03359246
3347,1.95775938,-0.670369387
3348,-0.755634546,-0.0234630406
3349,1.77793288,1.581285
3350,0.937070012,-0.957664132
3351,0.980949879,-0.54551965
3352,0.332593858,0.778130472
3353,2.29537964,2.98604846
3354,0.157896519,-0.450777411
3355,-0.50749743,0.626223147
3356,0.586001635,-0.552959919
3357,-0.323677361,0.186607271
3358,0.508922696,0.353832543
3359,-0.929180026,-1.45417047
3360,-1.24962628,0.170751959
3361,-0.37237829,0.0876477957
3362,1.06766069,1.51193452
3363,1.8861016,-0.681391239
3364,0.552739143,-0.0444576889
3365,0.845625997,-0.168904215
3366,0.0250167008,0.602172673
3367,0.711361527,-0.441173524
3368,-1.11219966,-1.11934483
3369,-0.536490023,0.246796116
3370,0.109589279,0.838084877
3371,0.84047848,-2.06283402
3372,0.14654097,-1.22033679
3373,0.253072888,0.332947254
3374,-0.583106399,0.484862417
3375,0.0405605361,-1.08627152
3376,-0.716125667,0.0120722158
3377,-1.46573973,-2.47849464
3378,0.831371605,1.07329571
3379,0.598847508,-0.531048775
3380,0.749389291,0.0581013672
3381,0.393142641,-1.47002327
3382,-0.156262174,0.053302452
3383,-1.1788038,0.434358954
3384,0.309435338,3.63187099
3385,-2.47250795,0.0657050386
3386,0.273512274,-0.057853967
3387,-1.97349572,-1.60353744
3388,-0.457027614,2.27115607
3389,-0.805892229,0.424205303
3390,-1.18326986,0.479180485
3391,-0.424651712,1.5788914
3392,0.238401264,1.33525133
3393,0.75769788,-0.680778682
3394,1.6063323,-0.562815547
3395,0.2779001,0.713226736
3396,-0.683943689,1.53870797
3397,1.72410333,-1.39073336
3398,-0.380011886,-0.109573141
3399,0.361606598,0.890452862
3400,0.0271920729,0.825811505
3401,1.47811544,-1.50864685
3402,0.026347518,-0.396858841
3403,-3.21667814,-1.95522726
3404,-0.931636631,0.300681412
3405,-0.189047843,0.117644131
3406,0.368064374,-0.145924255
3407,1.15519834,-0.481110185
3408,0.193363905,-1.03485799
3409,-2.66940308,-0.849023044
3410,-0.108658135,-2.54339194
3411,0.262800455,0.750894308
3412,-0.485969782,1.55752218
3413,0.597536683,0.0256855134
3414,-1.00471318,-0.734555006
3415,-1.18106401,0.718245745
3416,0.695089161,-0.672717273
3417,-0.157014608,-0.0684756637
3418,0.885375321,-0.56021601
3419,-0.456703216,4.07608175
3420,0.100935385,0.369610637
3421,-1.86647952,-0.501032114
3422,0.285460383,0.0428316593
3423,0.408142895,-0.296416581
3424,-0.0388541371,-0.0549316816
3425,1.11307526,0.918074667
3426,0.748450279,0.122182012
3427,0.718280137,-0.196442738
3428,1.96104419,-1.32642841
3429,-0.33909443,-0.487108827
3430,-0.372308135,2.09440899
3431,-0.496562839,0.573710084
3432,-1.8021189,1.80171251
3433,2.33480859,0.0719500706
3434,-0.345225155,0.759195089
3435,0.286730945,1.73727632
3436,1.245525,1.27305686
3437,1.30209053,-0.506697059
3438,-0.180924252,0.970048964
3439,0.154158816,-0.445399076
3440,2.33052707,0.319691151
3441,0.251954764,-0.131904125
3442,0.79049927,1.2574476
3443,0.701450229,0.0483201742
3444,-0.424187154,-0.754844904
3445,-0.379267782,0.910045207
3446,-0.284522504,-0.357738882
3447,0.115855664,0.0743635967
3448,-0.323117465,0.213610038
3449,1.44002295,1.7965169
3450,-0.604187667,-0.337080002
3451,-1.39953172,-0.389045328
3452,-1.23376262,0.777311504
3453,-0.21373485,2.28313756
3454,0.441095322,0.106549941
3455,-2.47116089,-0.213651717
3456,-1.38274097,-0.387885392
3457,-0.685317934,0.315117091
3458,-0.15453206,0.0426682048
3459,-1.18458104,-2.31607461
3460,1.16575086,0.957114697
3461,4.23282671,-0.632532597
3462,1.01048255,0.929711521
3463,1.68997502,0.282226682
3464,-3.84604239,0.408396512
3465,-0.232666403,1.24374819
3466,-0.607487619,-1.34017336
3467,0.822217762,0.327305943
3468,1.36825752,0.601415217
3469,0.784563422,0.0256802198
3470,-0.389069706,-0.605477929
3471,-0.25413993,-0.602253914
3472,-0.458530962,1.58826244
3473,0.547423542,0.836712003
3474,0.227137208,-2.39410996
3475,-0.339524597,-1.9832865
3476,-0.369859368,-0.352782756
3477,-0.300831437,-0.0765891299
3478,-0.6181373,0.586770952
3479,-0.949500263,-0.405322671
3480,0.51562047,0.351289928
3481,-0.396899581,0.132017776
3482,0.261392385,2.53775835
3483,1.14209759,0.0891047418
3484,-0.173314929,0.253109068
3485,0.707993507,-0.976958156
3486,1.28441632,0.226510867
3487,0.32788837,-0.265039802
3488,0.324667215,1.41595316
3489,-0.138579056,-0.596137464
3490,-1.19492507,-0.498029381
3491,1.29043067,0.741030037
3492,-1.13359344,0.0587461963
3493,-0.775844276,-0.00762191135
3494,-0.632843733,1.5592289
3495,-0.987889826,-0.684238672
3496,-0.719693959,-3.72956419
3497,-0.0773633271,-1.16099203
3498,-0.501484811,-0.41506201
3499,-0.146910921,0.019454794
3500,-1.87236083,0.823917747
3501,0.802854955,0.225637779
3502,1.19534492,0.339739591
3503,-1.31593227,-1.63106096
3504,1.36939824,0.218866035
3505,0.535744965,2.06436515
3506,-1.59960091,2.60896778
3507,0.540380955,0.247649655
3508,0.154923707,-3.83292174
3509,-2.32986617,-1.90168059
3510,1.06842911,-0.648507059
3511,0.0588651262,1.04883242
3512,1.43094814,-0.429133922
3513,-0.3693524,-0.141230106
3514,-0.836654663,0.904970109
3515,0.378200561,-1.90971529
3516,-0.244812667,-0.126514062
3517,1.21543455,0.117438778
3518,-0.730313957,0.474513561
3519,0.0811951309,1.29776347
3520,-0.837509394,0.127602264
3521,-4.75072289,1.46557939
3522,0.00314927846,-0.796542585
3523,0.169792742,-0.261767536
3524,-0.661088824,-1.17777908
3525,-1.05876756,1.01770115
3526,-0.080868341,-0.440350771
3527,-0.116170183,-0.300598651
3528,2.49124599,-1.41746688
3529,-1.22662604,1.01638126
3530,-1.93575656,0.30322808
3531,-0.362575769,1.14157593
3532,1.04967856,2.52000618
3533,1.92630219,0.213829771
3534,-0.407314688,-0.485852718
3535,-1.35647678,-0.419522673
3536,-1.04060698,-1.99637902
3537,0.214550763,-0.479788989
3538,1.21321917,-0.517144024
3539,-0.125922859,0.310723543
3540,0.256028354,0.0441214368
3541,-0.267849922,0.0939695239
3542,-0.852439225,-0.406498849
3543,-1.85714304,1.54628026
3544,2.36102033,-3.06608939
3545,-0.625865161,-0.143228948
3546,-0.994045556,0.194029555
3547,0.110415138,1.7576915
3548,1.21865094,-0.728567064
3549,2.50265217,-1.09832978
3550,-0.688747048,-0.94936502
3551,-2.13501167,-0.411220729
3552,0.0207267981,-0.188408598
3553,-1.15857399,-0.516452014
3554,-0.293851793,2.09850788
3555,-0.778124392,0.274957031
3556,0.471934617,-0.134304211
3557,-2.01313543,3.62228942
3558,1.17796838,0.0565456674
3559,1.32720089,-0.590401828
3560,4.59566879,-0.529657543
3561,0.970211923,-0.782050014
3562,-0.402512372,-0.372595817
3563,0.143344924,0.0197191332
3564,-0.283389121,-0.331739187
3565,0.631801724,1.07564104
3566,1.24070311,-0.927873731
3567,0.421951592,1.05033171
3568,-1.79112232,-0.912628829
3569,0.395243555,0.0394463651
3570,0.0633051172,0.293847054
3571,-0.534418821,0.187456533
3572,-0.0929851085,-0.117781438
3573,0.593234658,0.159518465
3574,-0.103071183,1.80116546
3575,0.378612757,0.312241495
3576,-2.13407969,1.05953419
3577,0.222999915,-0.762600958
3578,0.674464405,0.663125336
3579,-0.104337491,0.195905656
3580,0.380225241,0.67097652
3581,2.36491632,-1.09482348
3582,-1.49083269,3.05066371
3583,1.34909892,-2.15546942
3584,0.716084719,-0.176042423
3585,1.26752543,0.627174735
3586,-1.27789319,-3.22380352
3587,-0.276011914,-0.319786161
3588,-0.0734491423,-0.649376512
3589,-1.51596856,-2.21098661
3590,-0.0953320712,-0.151377097
3591,1.8571198,0.342853814
3592,0.772155046,-0.168178871
3593,-0.787793577,-0.282569975
3594,-0.321430653,0.714132845
3595,1.24807096,-0.228458151
3596,0.518672764,-0.360681713
3597,0.834630251,-0.694506526
3598,0.528949976,1.20478201
3599,1.09575212,0.680062175
3600,0.245606929,0.623228669
3601,-0.351046473,-0.0581723899
3602,1.28512192,0.329931796
3603,1.72602403,-0.18190448
3604,-1.22789967,-0.552481771
3605,-1.87201333,0.536164284
3606,-1.8104465,2.25188732
3607,2.18391085,2.33175087
3608,2.08416891,-0.233493298
3609,-1.2918694,1.11659896
3610,-0.326989949,0.465044409
3611,0.600982368,0.84330374
3612,0.314713567,-0.294922024
3613,-0.417843997,2.19407225
3614,0.44027853,-0.0346740298
3615,-0.800438404,-0.572935641
3616,-0.350401044,0.138440982
3617,-1.35049045,-2.38269997
3618,-0.363180459,0.238598511
3619,-1.54501367,1.46296453
3620,-0.22440125,0.702270985
3621,1.32455957,1.3008939
3622,-0.644132674,0.266099513
3623,-1.45867133,0.37455523
3624,-0.793370008,-1.12945616
3625,0.164701745,2.03055525
3626,1.14980626,0.695427716
3627,-0.454999417,0.0770231038
3628,0.396922618,-0.00918345433
3629,-1.51246333,-0.903250277
3630,0.82332468,-0.0352661125
3631,-0.334792167,-1.33457375
3632,-0.595778048,1.82523978
3633,-1.27478921,2.69070816
3634,0.720046878,0.228599235
3635,1.12186635,0.206033036
3636,-0.00868071336,0.169054732
3637,1.65639126,3.83141041
3638,-1.21137452,1.4566474
3639,-2.42593217,1.147699
3640,2.52997041,-1.15051758
3641,-2.63902068,0.0625097007
3642,-0.952795863,-0.0432202853
3643,1.42608798,0.873403192
3644,2.5101862,-2.6896565
3645,0.445323974,-0.116687119
3646,0.438186646,0.43367359
3647,-0.675094306,-1.62865734
3648,-0.364892989,-0.159221306
3649,0.297436118,-0.343241841
3650,-0.502316654,-3.26344967
3651,0.35415113,-0.492858738
3652,-3.10210109,0.460000694
3653,-0.551409423,-0.500573158
3654,-0.152361378,0.762127399
3655,-0.0990145579,0.670647621
3656,-1.22154117,-1.90801454
3657,0.146537945,1.2308228
3658,0.166190103,0.109830946
3659,-0.834867954,0.638488531
3660,0.679548323,0.758662403
3661,0.422982991,0.375913888
3662,2.74838257,-0.0572009534
3663,-0.509858727,-0.104292177
3664,0.0571330562,-0.217553928
3665,0.472197682,0.199381411
3666,-0.231149986,-0.150401369
3667,0.663828731,-0.940199316
3668,-0.571808517,-0.72497195
3669,0.763804197,1.28465986
3670,1.3310951,-0.592750728
3671,0.909706712,0.424210995
3672,-0.572751224,-1.11853909
3673,0.603265822,0.362902731
3674,-0.224076971,1.42751396
3675,-1.3874824,1.863271
3676,-1.61699176,-0.399842113
3677,0.737567961,-0.863257289
3678,1.13528383,-0.58464402
3679,-0.80648005,-1.0455631
3680,-0.420614332,-1.73886085
3681,-0.901534557,0.886907935
3682,0.392738193,0.237131894
3683,0.195461586,0.419520766
3684,-1.19154263,-0.605806947
3685,-1.65160811,-1.64586461
3686,-2.14411473,-0.41255796
3687,1.63670635,-0.84506917
3688,0.734668314,-0.171653643
3689,0.15535073,-0.960517704
3690,-0.0493268259,0.278365076
3691,0.537237704,-0.163526058
3692,-0.301789135,0.344252944
3693,-0.186341077,0.033553075
3694,-2.29246497,-0.033787962
3695,-0.752011418,2.28818798
3696,-0.00590646639,-0.635493219
3697,-1.29322135,0.459968865
3698,-0.141263381,-0.122767285
3699,0.282660514,-0.0256682914
3700,-2.41752815,-1.02675474
3701,-0.146912083,1.54784405
3702,1.03165805,-0.360174775
3703,-2.35052037,2.37675619
3704,3.02888823,-3.37696147
3705,1.3471036,2.37284136
3706,-0.410777628,0.529177666
3707,-0.444133073,-0.562160611
3708,1.049891,-0.491670072
3709,-1.10503423,-1.54561174
3710,-1.37208951,-0.857993186
3711,0.993336201,-0.503778219
3712,0.81635499,-1.09167325
3713,-0.202023029,-1.06779993
3714,1.2143656,-0.650653899
3715,0.984405458,1.41676068
3716,0.732495487,0.035935197
3717,0.756752729,-1.09022701
3718,-2.46791172,0.998062074
3719,1.52384758,-0.0313545577
3720,0.149675891,-0.465184897
3721,1.85922468,1.05695248
3722,-0.483494967,0.302532226
3723,-0.933626175,-0.316256523
3724,1.1303854,0.70564425
3725,0.132248729,-0.151340917
3726,0.395849347,-1.25712585
3727,-0.421559691,-0.356307983
3728,-0.58047986,0.19545655
3729,-2.53602743,1.78316796
3730,0.0974932835,0.555915177
3731,-0.318568528,-0.730295599
3732,-0.673632562,0.865835011
3733,1.66636598,-1.49463093
3734,-0.535206079,-1.16114831
3735,-0.704941571,0.6139009
3736,0.316521972,-0.860362411
3737,-3.15685987,-0.854781628
3738,-0.568039894,-0.00458719814
3739,-0.648734689,1.7249608
3740,1.25185728,0.293569654
3741,-0.221738502,-1.91931558
3742,0.152635798,-0.0205531549
3743,-0.296756744,0.780573845
3744,-0.38088125,-2.46197963
3745,1.07866299,-1.29263544
3746,-1.8402127,-2.66610146
3747,1.03780007,-0.647834539
3748,-0.717095435,0.0586015284
3749,-2.81900787,0.500183463
3750,0.701272488,4.98579645
3751,0.45407027,-2.34757328
3752,0.127408028,0.223026603
3753,2.31595802,-2.12904024
3754,-0.639881015,0.299284101
3755,-0.096042417,0.108578257
3756,-0.0118164318,0.294074655
3757,1.12296247,0.454177201
3758,-0.758294404,1.26059759
3759,-0.790728271,-3.08132505
3760,-1.42128539,-1.98204422
3761,0.507353663,0.770368993
3762,1.05030894,0.512944818
3763,-0.0401065238,0.57547015
3764,1.12629485,0.962590694
3765,1.33820856,-0.047322318
3766,-0.128604993,0.938258886
3767,-0.392792851,0.106344588
3768,0.950781643,-2.54144931
3769,0.828133345,1.17996109
3770,-0.193321317,0.507996559
3771,-0.433005929,-1.83155811
3772,-0.393039256,0.683226764
3773,0.444081098,-1.48848748
3774,2.24767518,-0.299726903
3775,-0.0625393987,-1.59323382
3776,-1.68651652,1.04196656
3777,-2.24253035,-0.267342955
3778,0.21388112,0.0100411698
3779,0.661410034,-1.73257208
3780,0.0776308253,2.88733459
3781,1.32142484,0.77495265
3782,0.573315382,-0.476840168
3783,-0.387610674,0.969419003
3784,-0.568846226,-2.80634308
3785,0.040976245,-0.248709694
3786,0.233567283,0.745100081
3787,0.995326638,-0.53259486
3788,-1.0123651,0.982878506
3789,-2.13450623,-0.463591188
3790,-0.0267683193,-1.76361287
3791,-0.182066798,-0.421439767
3792,-3.83912992,1.22396517
3793,0.00829156488,-1.09502113
3794,1.64294207,1.74885941
3795,-0.3010014,1.27277613
3796,0.0471009873,-0.273418516
3797,-0.208907187,-0.129946843
3798,-1.03738749,0.496289045
3799,-0.727846444,0.586146116
3800,0.594446242,-2.0036552
3801,0.992197216,-0.380304247
3802,1.3983016,0.908679307
3803,1.78483701,-0.816849709
3804,-1.4347918,0.537432492
3805,-2.09883094,0.88782841
3806,1.65752232,-0.259514242
3807,0.141309023,0.624101102
3808,1.24119604,1.14031279
3809,-2.09747505,-2.63708591
3810,-1.67512929,0.171138003
3811,0.574690342,-0.346798509
3812,0.800960779,-0.327754438
3813,-0.911955476,0.268062532
3814,-0.359544665,-1.61610496
3815,0.599267781,0.0383094437
3816,-0.844720423,-1.08639991
3817,1.51303935,0.195318997
3818,0.317798704,-0.298325747
3819,0.127598539,1.4750818
3820,-0.703607798,-0.280804902
3821,0.163973063,-0.480295241
3822,-1.04612839,-2.07378435
3823,0.337875605,-0.733900487
3824,0.977617264,-0.0520226471
3825,0.0305311549,1.10747981
3826,-0.18276526,0.238919571
3827,-0.909290671,0.31534335
3828,0.37289083,-0.723923445
3829,-1.33110261,-0.100759238
3830,0.776135564,1.56340194
3831,-3.19876146,1.65057743
3832,-1.01237142,-0.284823209
3833,-0.152650878,-0.635114968
3834,-0.141129017,-0.0405854806
3835,0.0666062981,-0.308397979
3836,-0.217252418,0.344419062
3837,0.331486315,0.0769001767
3838,0.370126575,0.126292393
3839,0.0752586126,0.515674233
3840,0.112998784,0.241712734
3841,2.20475602,1.9562
3842,-2.7985239,-1.66550601
3843,1.43368936,-1.03891575
3844,-0.0575771332,0.644584358
3845,0.950929344,-1.4498198
3846,0.591740608,-0.197252482
3847,0.469887525,0.769825637
3848,0.243525371,1.66857016
3849,0.540675044,0.0276873931
3850,-0.512962282,-1.21967125
3851,0.693993151,-0.684298396
3852,-1.31983209,0.168586671
3853,0.621167183,-0.858245969
3854,-0.43664217,2.09164047
3855,-0.927246571,0.48144114
3856,0.432879835,0.210670084
3857,1.43324447,1.20042431
3858,0.588705659,-0.887621522
3859,-1.99371195,0.123916999
3860,0.659317017,-0.186182976
3861,2.70147467,2.80128765
3862,1.50346947,1.99358153
3863,-0.0900479108,-1.32122493
3864,1.33523226,-1.51946104
3865,-0.305645287,1.54719496
3866,-0.109966025,-0.0935839489
3867,-0.152972564,-0.168656558
3868,-0.803663313,0.885020733
3869,1.00515735,0.505615175
3870,1.16694713,0.198019475
3871,-0.206834659,2.09551668
3872,-2.19875216,0.908228099
3873,-0.721845388,-1.11608315
3874,2.72574282,-1.55126119
3875,-1.1853894,0.353978217
3876,-0.165741503,0.0130605269
3877,-0.373419136,0.127791613
3878,2.00577068,0.176884487
3879,-2.55736184,-0.0669135451
3880,-0.936787605,1.29738891
3881,0.210843191,0.487337977
3882,0.437706321,-0.981797278
3883,1.60505843,-2.31647992
3884,0.491048098,-1.7401433
3885,-0.133985177,0.0329127684
3886,-1.81471598,-0.236119285
3887,1.22470903,-0.300747305
3888,0.869235218,1.53384817
3889,-0.576170802,0.617877483
3890,-0.491338283,1.86781299
3891,0.7349208,0.871039331
3892,-1.58432817,-2.03562975
3893,-1.01270115,-1.64172411
3894,-2.10081434,0.573570311
3895,-0.312806547,-0.173877239
3896,-1.32849956,-0.300654173
3897,-0.42677179,1.51911032
3898,-0.515944183,-0.859122932
3899,1.23745883,0.637681782
3900,-1.65990436,-1.12813067
3901,0.644180357,1.72215259
3902,-1.38998878,4.1460681
3903,1.01635063,-1.32616079
3904,-0.483150393,0.156037435
3905,0.300566465,-1.90099347
3906,-0.210463613,-0.0927201584
3907,0.0829216614,1.2694869
3908,0.201121777,1.24444664
3909,-0.834194541,0.0391218588
3910,-1.06007504,-0.697318733
3911,-0.49258697,-1.50919938
3912,-0.710455298,0.092313692
3913,0.754356503,0.522665083
3914,0.031451147,-0.411494672
3915,1.10881126,0.724457026
3916,1.64225018,-1.90288079
3917,0.0416177809,-0.419741869
3918,2.40490484,1.8698082
3919,-0.174448296,-0.738761008
3920,1.07545376,1.96938312
3921,-1.49705422,-3.03705502
3922,1.47136569,1.57941186
3923,-0.967284143,0.085223794
3924,0.803776145,0.55204767
3925,0.136300653,-0.514346898
3926,0.0111637842,0.45253554
3927,0.337290525,1.14107108
3928,-0.481488436,0.0760776848
3929,0.783615708,1.64218676
3930,-0.662533581,-1.23695219
3931,1.04057038,-0.508178651
3932,-2.09852171,0.694393635
3933,-1.74393737,1.10187185
3934,-1.00114858,-0.700916648
3935,0.182286128,-0.584369838
3936,-0.248690039,0.816599905
3937,0.471300781,-0.347104967
3938,-1.64996433,-1.2801522
3939,-0.160546556,-0.0677858964
3940,-0.471395075,-0.910731912
3941,1.65969038,-0.233811051
3942,1.11524951,1.37211621
3943,0.866615653,-2.32712483
3944,0.637822628,0.0332942568
3945,0.102845885,1.03206062
3946,0.776054144,-0.992501974
3947,1.19737375,0.951552272
3948,-1.29921174,2.69362783
3949,-1.34019697,0.0228974838
3950,-0.582757354,1.05292344
3951,-0.359705478,-0.135689005
3952,0.895270705,0.939573705
3953,-0.204406545,1.03155756
3954,-0.301298648,0.546949446
3955,2.49084282,-2.4834528
3956,0.220815614,0.0466062129
3957,-1.1391598,-2.39558601
3958,-0.66951102,1.38215256
3959,-0.80649811,0.0591673963
3960,-0.534872413,-1.03555441
3961,-0.504385769,-0.277663231
3962,-0.644341588,-0.739082098
3963,-1.72661984,0.558684587
3964,0.380334079,-0.763057172
3965,1.273386,-0.394535482
3966,0.962285161,-2.03174973
3967,0.039754428,2.11962318
3968,0.447706759,1.2536602
3969,-0.948010683,2.41296196
3970,0.0366424397,1.76973915
3971,-0.226969317,-0.475214481
3972,-0.419596136,-1.41344321
3973,0.792162716,-0.026816709
3974,-0.214462042,1.33445334
3975,-0.411622226,0.234877408
3976,-1.18257642,-2.06095648
3977,0.262733847,0.440755934
3978,-0.800349951,0.413998693
3979,0.974459112,-1.77707028
3980,-0.229317665,-0.171856329
3981,-0.174520522,-0.46456489
3982,-1.45735693,-0.645522416
3983,-0.250123084,-2.58674693
3984,1.73767722,0.22290507
3985,-0.0844434276,0.208747566
3986,-0.129643753,0.800818205
3987,1.38123441,-1.04825485
3988,0.0253595859,-0.206241667
3989,0.260278463,-0.0820097253
3990,0.71056968,-1.51004004
3991,0.279064178,-0.496085882
3992,-0.10284286,0.287279248
3993,0.0106253875,0.345070124
3994,-1.06905317,-1.47802603
3995,0.340857208,0.356374741
3996,0.151315629,-0.0208154116
3997,-1.8815732,-0.416840941
3998,-2.10930324,-0.124143817
3999,-0.464990824,-2.24974513
4000,-2.97394276,-3.71538186
4001,0.413144886,0.672987103
4002,-0.0428903438,1.90236652
4003,-2.24333096,-0.585088432
4004,-0.461448133,0.213261351
4005,0.824066162,1.95686054
4006,-0.0777345002,-0.0188548416
4007,-0.93848753,0.505703807
4008,-2.09105802,0.810994089
4009,-1.80000949,0.535533667
4010,-1.07078981,0.415812224
4011,1.10552883,-0.120439492
4012,-0.070059821,0.800000668
4013,1.08314657,-0.79493773
4014,-0.0428466536,-0.533948123
4015,0.799376786,0.598957777
4016,0.480430454,0.0568055883
4017,-0.426260561,0.159658626
4018,0.898077905,-0.750004768
4019,1.45664299,0.676200509
4020,1.35182059,-1.35933375
4021,-0.950490296,0.00360341114
4022,1.07361138,0.0814940482
4023,-0.065801695,-2.96109223
4024,0.442841649,-1.00158334
4025,-0.997830451,0.895631135
4026,-0.0394847915,0.735958099
4027,-0.809960544,0.992821753
4028,-1.29248595,0.0163923763
4029,1.02657533,-1.65718579
4030,-1.35924244,2.58994722
4031,0.444590241,0.248091623
4032,0.471791834,0.096050851
4033,-0.755494833,-0.0945201218
4034,1.19800258,1.8257606
4035,0.498004675,1.97307849
4036,-0.424168944,-2.10523772
4037,0.00215817243,0.706207037
4038,-0.801351845,-0.166489542
4039,0.354046285,-0.289057851
4040,0.219390765,0.87337184
4041,1.43226993,1.31131911
4042,2.97936511,-1.0702213
4043,0.357488543,-0.574554741
4044,-1.45757973,-0.716501296
4045,1.98769486,0.151958287
4046,0.194118127,0.521097541
4047,0.613071263,-0.555759072
4048,0.775854349,0.180733234
4049,0.119092576,-0.0925061703
4050,2.07479239,1.4162935
4051,-0.730093777,2.33247995
4052,-2.14302325,1.05088151
4053,0.59752661,1.40936065
4054,-1.74116611,-0.22951524
4055,0.776603281,0.448444098
4056,0.511329174,-1.01779532
4057,-0.0677035972,0.789411843
4058,0.579398453,-1.73870111
4059,2.00149488,1.07870615
4060,0.654288411,0.0034031882
4061,0.497826159,-0.0840093419
4062,-0.435064465,0.283953875
4063,-0.503641307,0.614158213
4064,1.36904621,0.10612759
4065,0.505227268,-0.508314431
4066,0.07735762,-1.52279329
4067,-0.100535512,0.637166739
4068,-1.04808021,0.371314973
4069,0.196568996,1.14500093
4070,1.64412796,-0.16492945
4071,0.334741712,0.548422396
4072,-0.285761327,-0.549308896
4073,-0.213389277,0.524294019
4074,-0.136372656,-1.04836035
4075,1.19987047,-0.390728086
4076,-0.276168257,0.085509859
4077,-1.93428648,-0.17614238
4078,0.719650745,0.974768162
4079,-0.468330741,-0.686353147
4080,-1.19292462,-0.450298846
4081,-0.389700055,-0.96678561
4082,-1.57502711,-1.20611691
4083,-0.68422401,-1.00278425
4084,0.318117142,-0.0371460356
4085,0.247567475,-1.41193056
4086,0.293850183,0.303158432
4087,-0.444356859,1.63443065
4088,0.0298556499,-0.443213463
4089,-0.191881493,0.0646302253
4090,-1.13322866,0.677304626
4091,-0.880500793,-1.53880763
4092,1.43908119,-0.312356412
4093,-0.0294320825,-0.162144214
4094,-0.505399227,0.0393119864
4095,-0.148809627,-0.125498533
4096,2.2766161,-0.846192896
4097,0.933128178,-1.31972671
4098,-0.501935005,0.978508115
4099,1.46749353,0.868293226
4100,2.80591631,-1.36799598
4101,-0.993727684,-0.602095544
4102,-0.764614165,-0.48724246
4103,-1.49246216,-0.795485497
4104,2.6904819,1.31444204
4105,-0.4307881,-1.06682408
4106,-0.511133432,-0.356481671
4107,-0.247996479,0.225625157
4108,0.361039162,-0.237378031
4109,-1.25105011,1.06821501
4110,0.233185276,-0.170049757
4111,-0.470818728,-0.20657815
4112,-2.07397699,2.25375891
4113,-0.901917577,-0.971431971
4114,1.60292721,1.05761611
4115,1.60303867,2.11142635
4116,-0.107448697,-0.141338482
4117,-1.12627482,-0.628533185
4118,0.25753206,2.49371314
4119,0.5780617,0.45163402
4120,0.137127131,-0.162294984
4121,0.698110402,1.41524494
4122,3.2136178,-0.821392775
4123,-0.346578568,2.91691756
4124,1.20269859,-0.304400235
4125,-1.36676729,1.68414342
4126,-0.114542194,-0.725081205
4127,1.50265002,0.757742107
4128,0.302297473,1.28186262
4129,0.299802512,0.977230132
4130,1.99204087,-1.5030241
4131,1.01721978,-2.10212493
4132,0.960627973,-0.133644387
4133,-1.07094824,-1.0187602
4134,0.92584163,1.17100167
4135,-0.669990897,-0.309009075
4136,-1.61464715,-0.0285290536
4137,0.849405766,2.13050818
4138,0.0789242387,0.19120273
4139,-1.80211055,-1.74593616
4140,-0.453379124,3.27003431
4141,-0.538450122,-0.524730623
4142,1.14109838,-0.163087621
4143,0.472193956,-1.14772236
4144,0.279530257,-0.902342319
4145,0.0959438607,-0.0906360596
4146,-1.34089458,1.23042357
4147,-0.672779739,-0.729411662
4148,0.21292679,-0.596974373
4149,1.6249752,0.924642801
4150,2.15862656,0.187499791
4151,1.51394558,-1.30707586
4152,0.96838361,0.593913853
4153,0.134609476,0.333179265
4154,2.05466032,-1.07106495
4155,-0.791591704,1.35236943
4156,1.09645236,-0.0243459921
4157,0.00559705263,-0.23096846
4158,0.511354506,1.35112202
4159,-0.38216126,0.25895068
4160,1.44029832,1.00202632
4161,-0.694980204,-1.04963732
4162,-0.694422901,-0.18823798
4163,0.122833863,-1.33413458
4164,-2.02613091,3.38421822
4165,0.480173737,-0.197614938
4166,1.04462004,-0.106449865
4167,-0.476572216,-1.65939927
4168,1.24283636,2.12336802
4169,0.217470542,-0.998827815
4170,1.04161155,1.15908086
4171,-0.744422019,-0.291803032
4172,0.544443846,-0.704301715
4173,0.376173645,0.693127573
4174,0.0799702778,-2.13972425
4175,1.5850935,-0.761116087
4176,0.154682577,0.983532786
4177,1.9023174,-2.33012247
4178,-0.363816917,-0.698273599
4179,-0.13336584,0.16009593
4180,0.691370904,-1.16896248
4181,1.53006887,-1.78897679
4182,-2.57777834,-1.45044124
4183,0.611324191,0.596130013
4184,0.20802699,0.59466368
4185,-0.1110126,-0.0169898532
4186,-0.482007354,-0.968782187
4187,0.00253571384,2.75090051
4188,2.18596172,1.22568417
4189,-1.8816278,-2.7678318
4190,0.154604778,-0.0296757333
4191,-0.995028019,-1.19635785
4192,0.523265123,0.637185633
4193,-2.36729383,1.22461569
4194,-1.21779609,-0.0995721593
4195,-3.19020653,-0.818867564
4196,-1.02873826,-0.733120561
4197,0.920745969,1.1623435
4198,-1.93195486,-0.888460159
4199,-1.7960633,0.0127829378
4200,-0.804630697,0.0919848755
4201,0.402349859,-0.767621338
4202,1.37542748,2.11519551
4203,-0.266423315,1.38581979
4204,0.242311224,-3.54847956
4205,-0.684947133,-0.12343476
4206,1.12388051,-1.01294923
4207,-0.0305020716,1.1244185
4208,-0.564404249,1.09383547
4209,-0.472144246,-0.559345186
4210,0.754053116,0.331254631
4211,-0.247418806,0.854615092
4212,2.02886701,-2.34463882
4213,-2.34036422,1.39593947
4214,-0.0330540054,-0.237074763
4215,0.867478967,-0.910707772
4216,0.267364144,0.869559467
4217,-0.823861659,0.54793638
4218,3.32670975,0.269043952
4219,-0.934139967,1.2770468
4220,0.699142337,4.89056492
4221,-0.136071265,0.679346442
4222,-0.820941329,0.328005403
4223,-0.83170867,-0.393060178
4224,-0.930662811,0.60162878
4225,0.436120808,-1.26785743
4226,-1.10106313,1.0911988
4227,0.403642476,-0.0938685313
4228,1.79531026,0.777996004
4229,0.15764761,0.0121588344
4230,0.138493538,0.161625043
4231,2.27561593,-0.212849572
4232,-0.0289492067,0.0221299473
4233,-0.433079004,-0.683026254
4234,-1.36827099,1.46767735
4235,1.26655853,-1.32644832
4236,-0.17630671,0.17728667
4237,-0.693522453,-0.417874217
4238,-0.247203827,1.96748161
4239,-0.15465939,-0.337769896
4240,1.69099069,-0.682694852
4241,-0.11331293,2.21753311
4242,0.261667103,-1.31655324
4243,-1.00391078,-1.20717502
4244,0.587275207,-0.237112314
4245,-0.98930788,0.376258612
4246,1.09258151,0.0298597794
4247,0.660396516,-1.32193601
4248,1.91918409,1.67993081
4249,-1.63543701,-1.77692771
4250,-0.158867925,-0.112603754
4251,-1.36356318,0.705321729
4252,0.158510864,0.0894110054
4253,0.269394785,-0.0955335721
4254,0.371504962,-1.00703585
4255,0.0922246128,1.43859386
4256,1.14326966,0.441965252
4257,-2.77414179,1.8188982
4258,-1.29866195,-0.872221708
4259,0.808779418,1.04240036
4260,1.05308032,0.463921964
4261,0.1056519,-0.208116233
4262,-0.55200851,0.120914958
4263,-0.732260346,0.169519797
4264,-0.794297338,0.999429405
4265,-0.703217149,1.1784209
4266,-0.501552522,-1.58389878
4267,-2.76563883,-0.119891822
4268,2.49393916,1.49815536
4269,2.18513346,-0.762239218
4270,-0.420043409,-2.10909534
4271,-0.150475055,-0.163054243
4272,2.17952871,0.149796858
4273,-0.631279051,0.625240266
4274,0.375821978,0.31825
4275,2.87570953,3.33103132
4276,0.995704055,1.08716643
4277,-0.61255908,0.35678187
4278,-0.397514313,0.809429049
4279,-0.372930557,-0.328091323
4280,0.236659497,-0.840182662
4281,1.29103673,1.02322936
4282,0.330877453,0.100346483
4283,0.3444646,0.230221793
4284,0.505666316,-1.46747029
4285,-0.504271567,-1.3552078
4286,1.72937214,-0.928749502
4287,0.896575868,0.229603648
4288,0.433422953,-0.0694769993
4289,0.150613055,-0.0631197244
4290,1.59554803,1.62282097
4291,-2.05994058,0.602827013
4292,0.911708236,-0.889438212
4293,-0.141841128,0.138484955
4294,-1.88413978,-1.15307844
4295,2.6527431,-2.32671118
4296,1.4114325,-0.221597686
4297,0.775667131,2.16107965
4298,-1.63234115,0.961524308
4299,0.311734647,0.870569766
4300,-1.1888063,-0.629903674
4301,-0.221194521,-0.88015908
4302,-0.103017889,-0.0232648216
4303,0.542408347,1.32907522
4304,0.387322009,1.992594
4305,-0.593260825,1.71275258
4306,1.6843729,0.361516565
4307,-0.89267844,0.132211491
4308,-0.0159673449,-0.271814823
4309,-1.48005414,0.163729519
4310,0.78951019,1.12624323
4311,-0.382957667,0.561439455
4312,-1.60083652,0.628309846
4313,0.778018355,-0.755584478
4314,0.327519447,1.76615119
4315,0.869443655,-0.944805324
4316,3.10256267,-1.77702904
4317,0.346939743,-0.377726525
4318,1.97490489,-0.444953024
4319,0.435193568,-1.12649679
4320,-0.661524057,-1.24111342
4321,-0.586345255,-0.501074612
4322,0.245661885,0.455863029
4323,0.0994781479,-0.0595261939
4324,-1.66601956,0.397807986
4325,0.0739930719,0.172728866
4326,1.54442394,-1.26197636
4327,-0.253760606,1.2946732
4328,0.0781410113,2.54253793
4329,-0.402827144,1.4998945
4330,1.60665643,-0.0402667485
4331,0.711696684,0.205279186
4332,-0.841403782,0.290852189
4333,-0.932844818,-0.160074547
4334,-1.13044834,0.64899224
4335,0.314695805,-0.21486339
4336,2.4040556,0.0611290783
4337,-0.940079391,-2.01432347
4338,0.160453752,-0.13695091
4339,0.0344666839,0.529477775
4340,1.02620077,0.735365808
4341,1.56389976,-1.55662
4342,-0.849850953,-0.117096573
4343,-0.151769996,-0.288686842
4344,0.0203054957,-0.495821506
4345,-0.013744629,0.633249044
4346,-1.17010665,-1.13009608
4347,-0.730630398,-0.0813715681
4348,-0.265070468,0.213580072
4349,-1.74634171,0.0647345632
4350,-0.55085355,-1.03695548
4351,1.08670998,-0.270036191
4352,1.31187773,-1.18361127
4353,0.293281525,0.86206305
4354,1.67152154,0.332327992
4355,-0.0640351623,-0.158177614
4356,-1.92277598,0.462999642
4357,0.0865116119,2.19219184
4358,-0.678492546,-0.22463654
4359,0.146845877,0.0686273724
4360,-2.55174661,-1.69722807
4361,-0.717641056,2.88712668
4362,0.0682576597,-0.138802543
4363,0.316455305,0.188036963
4364,1.13309085,-0.600865006
4365,-0.448702931,0.448758572
4366,0.0259428117,-1.86050582
4367,-0.59157747,1.1015135
4368,0.466261357,0.553603053
4369,-1.12371111,-0.926782966
4370,1.84898341,-0.534227788
4371,0.305742592,-0.426742554
4372,-1.92920303,-2.1516161
4373,-1.18404281,0.0510574095
4374,2.85864496,-1.10781467
4375,-0.340082884,1.24228466
4376,0.174010783,0.314633906
4377,0.200346053,0.714113474
4378,-0.509309113,1.15116715
4379,-0.295810103,-0.916945517
4380,-0.104701616,-2.28137255
4381,-1.41687524,1.3590275
4382,0.987715065,0.93584317
4383,2.40671468,2.96112776
4384,-0.378421634,-0.18683137
4385,-0.508079112,0.503205776
4386,-0.0988944098,-0.59013319
4387,0.134601012,-0.744793177
4388,-0.413049042,0.267639935
4389,1.29165089,-0.223244414
4390,1.11213434,3.43346286
4391,0.379655898,-0.125095502
4392,0.135793254,0.867840469
4393,0.602623522,0.753773093
4394,1.66646123,-2.05420446
4395,0.0641771406,0.219427213
4396,0.495136976,-0.544514418
4397,-0.0908826366,-0.272721887
4398,-0.410965949,0.376116514
4399,0.504221022,0.788460314
4400,0.375260651,0.408191174
4401,0.06751021,1.99634933
4402,-1.91428816,0.0523751266
4403,0.288053751,3.31187296
4404,-0.500142872,0.455016583
4405,0.0598331876,-0.980572402
4406,-0.938529253,-0.956050575
4407,-0.97458446,-2.36598706
4408,-2.98178673,-2.56498027
4409,-0.246301338,0.555341363
4410,-0.137128621,-0.758354187
4411,1.25348973,-0.944238782
4412,0.227987543,0.7652089
4413,0.027822258,-0.35487017
4414,-2.44556546,-0.380045503
4415,0.195147142,-0.066625081
4416,-1.62454545,1.88641286
4417,1.30259311,2.68802404
4418,-0.0721753538,1.2381382
4419,0.835615516,0.137077168
4420,-0.318746179,-1.32999361
4421,0.495271057,-0.737678945
4422,0.793037891,-0.722099066
4423,-2.29129076,-0.874294698
4424,-0.125024095,-0.447626501
4425,-0.983754277,-0.0560722128
4426,-1.36403847,0.379118115
4427,-2.44958568,0.371728718
4428,-0.590889394,-0.777419746
4429,-0.963502467,0.236110613
4430,0.223363534,-0.207823277
4431,0.722079813,0.186510131
4432,-0.579345644,1.67784393
4433,-0.0108826617,-1.4718045
4434,0.312380433,-2.45011473
4435,-0.746190429,0.890314162
4436,-0.434701025,-0.218699232
4437,0.185490727,0.0707520172
4438,0.394837558,0.720820248
4439,-1.05448687,0.498389482
4440,0.473927021,0.915394247
4441,-0.53325814,-0.959322393
4442,-2.33444858,1.57133341
4443,-0.268522531,-0.45371446
4444,-1.15371263,-0.395072788
4445,0.127066225,-0.0948054492
4446,-0.379532397,0.173474357
4447,-0.263203084,-0.0120487204
4448,1.11946058,-1.52564716
4449,-1.83702707,0.804940343
4450,2.51454449,0.787054718
4451,0.547395527,-0.632265806
4452,1.78703439,1.68595612
4453,0.203986719,-0.373046905
4454,0.167933911,0.338695765
4455,0.994644165,0.26270327
4456,-0.381346196,2.10725045
4457,-0.149172217,-1.81561852
4458,0.289421439,-1.02416205
4459,0.50521338,1.4204464
4460,-0.272050858,-1.51861382
4461,-1.45968556,-0.890342474
4462,-0.143918917,2.23224831
4463,1.87510669,-0.120207042
4464,-0.51673609,-1.44286406
4465,-1.12685049,0.360894173
4466,0.185541868,0.0168758109
4467,0.222179562,1.13734162
4468,-0.0630092695,-0.0731722265
4469,0.68236357,-1.19229865
4470,-0.197301209,0.0492027402
4471,2.15461802,0.284739137
4472,-0.305246055,0.891347826
4473,-0.0581797399,0.163515732
4474,0.141130358,-0.0850812197
4475,-0.557822526,0.665854156
4476,-0.0526628233,0.152533606
4477,0.748302817,-0.641793966
4478,-1.19779003,0.687253177
4479,-0.758940697,-1.37318826
4480,0.273483098,0.678872705
4481,-0.797911763,-0.598029315
4482,-0.153440982,0.385223329
4483,-0.0384267867,1.63895857
4484,0.00778955827,-0.159047052
4485,0.54291302,1.25855803
4486,-0.0170357954,-1.52220285
4487,0.425210714,2.26853657
4488,-1.184093,0.25893724
4489,0.121353231,-0.300466031
4490,0.490706652,0.874217451
4491,0.919480145,0.400564671
4492,1.08173299,-0.00274014403
4493,2.4256959,-0.396254629
4494,0.734128058,-1.50376511
4495,0.113448732,-1.40436471
4496,0.468514025,0.55268991
4497,0.239517033,-1.12215281
4498,0.34218961,-0.753278315
4499,-2.30458665,2.44337153
4500,0.445384264,-0.686700225
4501,-1.09120643,1.75830162
4502,0.16589804,-1.89029849
4503,-0.314205348,-0.206376225
4504,0.510234356,1.49840295
4505,-1.65852845,0.171600148
4506,-0.0015011318,-0.881765306
4507,-0.775809288,-0.0439109951
4508,0.584584534,-0.345002025
4509,0.865507245,0.0417865962
4510,-0.362158298,-1.04580808
4511,0.729558706,0.489404678
4512,1.05898619,-0.963717759
4513,-0.107567869,-0.232993469
4514,1.94084811,-1.20854628
4515,-3.33490443,-1.19502008
4516,-0.134386927,0.127811998
4517,0.763369679,0.214480937
4518,-0.190630257,0.102980971
4519,-0.179210871,0.039356973
4520,1.80962229,0.0551503301
4521,-0.29481712,-0.606004715
4522,-0.0269943513,-0.178161442
4523,0.177040815,0.0436062627
4524,1.87268949,1.6988517
4525,-0.470782518,-0.44471848
4526,-0.572551847,-1.74030328
4527,-1.98850501,2.18492174
4528,-1.51295781,-0.393496156
4529,-0.572945774,0.0558393821
4530,-1.83829927,1.2591151
4531,-0.346503735,0.194763288
4532,0.364079088,-1.18731189
4533,-0.582949162,1.33947313
4534,-0.168562755,-1.04607022
4535,-0.60738498,0.727366388
4536,-0.860563219,0.318383515
4537,0.0557025895,0.44667393
4538,-0.740547419,-0.655518055
4539,0.0911456123,-1.16919732
4540,0.728917599,-1.13813925
4541,0.17819418,-0.14757356
4542,0.622091889,-0.329355627
4543,-0.266788632,-1.71599317
4544,-0.665562332,1.34930968
4545,-0.177668422,0.146983504
4546,-1.57335234,1.85068417
4547,1.75288892,1.62212086
4548,0.3577241,0.22948727
4549,0.0158176664,1.20744109
4550,-3.28896165,-0.703728378
4551,0.511320174,1.37626266
4552,0.184354067,-0.680241525
4553,-3.63049078,-0.662668169
4554,0.964944601,0.244808108
4555,-0.846003652,0.518679261
4556,-2.40380716,1.51582038
4557,2.71490598,-1.31270063
4558,0.958522618,-0.223993376
4559,0.469844997,0.250962466
4560,0.761739314,0.347372115
4561,-0.816590548,0.597424924
4562,0.693421721,-0.0131591568
4563,-0.173431858,0.957458079
4564,-0.460165143,1.38235664
4565,-1.03135395,2.25854111
4566,-0.634046733,-1.28060019
4567,-0.160221353,-0.163924918
4568,2.91178513,-0.63974756
4569,-1.92175245,-1.46879578
4570,-1.57672644,-0.242441967
4571,-0.359083623,-0.3447119
4572,1.14454889,-0.511614859
4573,-0.580048382,0.276124865
4574,1.06630433,-0.821180105
4575,0.213164076,0.0534015559
4576,2.40691376,-0.342686772
4577,-0.309629917,-1.98970699
4578,-2.11069369,0.820608437
4579,0.66347903,-1.05802166
4580,-0.269084185,-0.258986354
4581,0.546164155,1.24095333
4582,-0.0350030065,0.163591295
4583,-0.0160824303,-0.317311704
4584,-0.206547514,1.22353637
4585,0.679432452,1.04266238
4586,-1.3614105,2.10456181
4587,-1.39230311,-0.141148925
4588,-1.59037805,0.285540104
4589,0.127364621,0.0660427287
4590,0.959897459,0.525126219
4591,1.01218784,0.554437339
4592,3.98828697,0.187258884
4593,0.114747345,-0.823356807
4594,0.763100088,0.0544572659
4595,0.0378837585,0.758528709
4596,-0.120647088,-0.57473588
4597,0.32270363,1.55381882
4598,-0.826030731,-0.145684078
4599,-0.822654307,0.740947604
4600,0.630575955,-0.565538883
4601,-0.131626114,-0.0684823021
4602,1.77714753,1.53036261
4603,0.638841689,0.337854654
4604,-0.173706159,0.478366733
4605,-0.686736822,-2.84537101
4606,-0.728028476,0.87734592
4607,0.512823224,-1.78680706
4608,0.353618562,-0.682630122
4609,0.211413443,-0.597888172
4610,-1.0040375,-0.475651503
4611,1.01261616,-0.581954241
4612,0.497029603,0.95091629
4613,1.78304911,3.74215913
4614,-0.202862948,0.522068381
4615,0.883984089,1.03882849
4616,-0.114102907,-0.157797948
4617,-1.696666,-0.203980222
4618,0.786449909,0.629319727
4619,1.68617392,-0.120727465
4620,-0.139362812,0.209005967
4621,1.49813998,-1.62554491
4622,1.13066411,0.899431348
4623,1.58813238,-2.55494976
4624,0.289415628,0.209781662
4625,1.59997356,0.356082827
4626,0.00815277081,-0.277068943
4627,0.973326802,-0.427330554
4628,-0.142011508,-0.153601244
4629,-1.48143888,0.149045512
4630,-2.39856935,-1.83262098
4631,0.625530958,0.0294424556
4632,0.555437207,0.0697240382
4633,-0.0465253703,0.804445267
4634,-1.40356171,-0.0613140501
4635,2.40074277,-0.0875968933
4636,0.680543065,-0.330067188
4637,-3.90411425,-0.57257998
4638,-0.105406903,2.07102537
4639,-2.7602303,3.82825947
4640,0.235395998,-1.3003149
4641,-0.31499216,-1.31701994
4642,-0.28950879,-0.0628424138
4643,0.0200676806,-0.230019987
4644,1.45013964,0.645505846
4645,0.232821807,0.666712582
4646,-0.31365186,-0.073727414
4647,0.770604014,-0.917823374
4648,-1.20158803,-0.137645289
4649,1.71984315,-0.969061136
4650,-1.8286922,1.3096981
4651,-1.80860734,-0.139446184
4652,1.81713915,-0.450290799
4653,-0.140455484,1.60222745
4654,0.0790205449,-0.0337197557
4655,0.855529904,3.07885027
4656,0.51639688,-1.12524855
4657,1.72296333,-1.56419957
4658,1.34087968,-1.97073996
4659,1.39180946,-1.78507805
4660,-1.182024,-0.858290553
4661,0.576480389,-1.06053221
4662,0.282397121,-0.33975926
4663,5.2212224,-2.0950458
4664,1.20494199,1.17910182
4665,1.126212,-2.0091145
4666,-0.0924581736,0.540681422
4667,-0.227449417,-0.409417242
4668,-0.19885245,-0.19572024
4669,0.114431717,0.169499218
4670,-1.13368976,-0.0932138562
4671,-0.390119612,-0.132885963
4672,0.371771395,-0.0583386421
4673,1.1935569,-2.7399857
4674,-0.414932609,-0.396093905
4675,-0.656569779,-0.244891167
4676,-0.19902429,-0.578411639
4677,-0.464747906,0.379884154
4678,1.59726572,-1.55240726
4679,-1.08767569,-1.19418788
4680,0.630901515,-0.409310758
4681,0.18040292,-0.00359699456
4682,0.88188684,1.02469909
4683,-0.617207706,1.30695784
4684,1.76786304,2.85514283
4685,0.000521453563,0.204844862
4686,-0.84200418,0.625949025
4687,-0.0256921519,-0.220036015
4688,0.0729876608,-0.0750461295
4689,0.038458921,0.334507108
4690,-3.15233636,-0.105318055
4691,0.77589637,0.746858358
4692,-0.435667247,1.44122398
4693,3.25722075,-0.373714775
4694,1.98168075,-1.02316546
4695,0.066827625,-0.628270209
4696,-2.38871431,0.624334872
4697,-0.970490336,-2.4093051
4698,0.244704545,0.0421434268
4699,2.26095986,-1.31708193
4700,1.33413792,-1.04910684
4701,0.638516486,-0.456718296
4702,0.89996326,1.67123878
4703,-0.448125601,0.89059031
4704,2.27750659,-3.81814218
4705,0.42737633,-0.0350329466
4706,-1.13941431,-1.24488425
4707,0.156702518,-0.218758658
4708,0.579085052,0.111946844
4709,-0.143279254,-0.239865348
4710,-0.567648113,-0.978980601
4711,1.19873214,0.340152979
4712,0.474679232,-2.72001815
4713,-0.182208285,0.120678768
4714,1.46683669,-0.135265633
4715,0.787376344,0.0639629364
4716,-1.09694886,-0.557403743
4717,-0.15414083,-0.280512184
4718,0.00156909635,0.277227849
4719,-0.536752343,1.94092822
4720,0.873182893,-0.928497076
4721,-0.424913079,-0.340992808
4722,-0.780937254,1.62213004
4723,-2.03616166,3.69206238
4724,0.387791336,-1.00126159
4725,-0.273839056,0.173921213
4726,1.03422177,-1.02688384
4727,0.880188823,0.617052436
4728,1.42231596,-0.329538077
4729,-1.5789454,-0.944974005
4730,-0.973159075,0.330313146
4731,1.21161544,-0.292227924
4732,-1.04546404,0.989488304
4733,-0.763931274,1.31661928
4734,-0.648845375,2.7910037
4735,0.21596925,-0.525462687
4736,0.262878567,0.769064307
4737,-0.404227525,-1.42672396
4738,-0.143780679,0.312721014
4739,0.139600962,0.838173211
4740,0.776933134,-0.251782894
4741,-0.521940291,1.09556651
4742,0.744561315,-1.44624889
4743,-0.63664788,-0.813476801
4744,-1.13379169,-0.403628767
4745,0.134844884,-0.35111329
4746,2.67072797,0.0524589978
4747,2.44344044,0.250875533
4748,-1.58793521,-0.204012185
4749,-0.778160453,3.05467057
4750,-0.0554791391,0.447498113
4751,-0.680048048,-0.667556226
4752,-2.36697292,0.751223683
4753,-2.8594389,-1.25176644
4754,0.223681703,0.168843001
4755,1.5238564,-0.0246490519
4756,-0.414259821,-0.249670699
4757,-2.31791425,1.11531389
4758,1.56861055,-2.73409414
4759,0.11741478,-0.661485672
4760,0.758797586,0.657317102
4761,0.731561124,-1.15579367
4762,-2.62397146,2.01663041
4763,-0.1743045,-0.718637884
4764,0.146888793,0.197992787
4765,0.00815169234,0.185911939
4766,0.367732495,0.462145329
4767,0.163771167,-1.33128321
4768,0.0546724424,0.30450511
4769,0.362354457,-1.07097507
4770,-0.960216045,1.11389709
4771,-0.332380861,-2.13692403
4772,1.02506483,0.0439758636
4773,-0.0485894568,-0.548734665
4774,-0.483653456,-0.748514354
4775,1.97739673,-0.695526898
4776,-1.66253698,2.5894587
4777,-0.539688647,0.655189991
4778,0.718381763,-0.957683384
4779,1.55684531,0.146754742
4780,3.11390543,-0.189539999
4781,0.217622578,-1.27735269
4782,1.93892753,-0.264871418
4783,0.627028525,-0.439821213
4784,-1.83700955,0.905772746
4785,0.70726943,0.163383022
4786,1.01687407,-0.0318835638
4787,0.581998944,0.815448999
4788,-0.834602296,-0.236867711
4789,1.03241742,0.6814996
4790,-0.654705465,-0.83175838
4791,0.216285571,-0.474972814
4792,-0.940851271,1.17753518
4793,0.454929858,-0.62356317
4794,-1.29902506,1.21270311
4795,0.111121692,-1.73886287
4796,-0.162878811,-1.3379699
4797,1.10566258,0.689535439
4798,1.65412283,-0.500133574
4799,0.703592122,0.129774451
4800,1.2683934,-1.030985
4801,-1.52925229,1.89393592
4802,-0.143308863,0.15080905
4803,1.16400611,0.0814081132
4804,1.41400886,-0.304559499
4805,0.302276969,-0.0190161914
4806,-0.951801956,-0.910890996
4807,1.43062115,0.699246407
4808,-1.50922906,-1.16128254
4809,-0.18623428,-0.048011288
4810,1.26100492,-1.35772121
4811,0.294451863,-0.378422052
4812,0.144072026,-1.69060671
4813,-1.26968348,-0.494290113
4814,-1.92988551,-0.360397816
4815,-0.0625710264,0.176544011
4816,-0.986035109,0.970334828
4817,-1.17706406,-0.984183073
4818,0.680375874,0.976546764
4819,-0.935252011,-3.38863802
4820,-0.564383149,-0.0693650246
4821,-1.46734965,0.831480265
4822,0.785398602,-1.489434
4823,-1.45417118,2.12681961
4824,0.332083493,1.00862634
4825,-0.020223733,-0.157390743
4826,0.562890232,-0.421927601
4827,-1.33886707,-2.20716071
4828,-1.12533104,-1.37238896
4829,-1.59776998,-0.523171365
4830,1.25574076,2.13756394
4831,-0.247183695,1.69065225
4832,-0.597079337,-1.61108732
4833,-0.589420319,-0.800766647
4834,0.664756119,0.762172043
4835,-0.0988477692,0.347279191
4836,-0.69698894,1.11092651
4837,-0.691285431,0.961063504
4838,0.194738105,-1.90237582
4839,-1.1816957,0.725123405
4840,-0.327650607,1.15578675
4841,0.397469282,-0.130316481
4842,1.57704973,-1.4055438
4843,-0.532476246,-1.59726441
4844,-1.34850419,0.199433908
4845,1.53329313,0.445049465
4846,0.653009534,-0.241601646
4847,-0.784202278,-4.87041616
4848,0.0250888504,0.255933106
4849,0.87433362,-1.36288977
4850,-1.37334311,0.19821471
4851,-0.809837997,0.279548794
4852,-0.410312384,-0.246694952
4853,-1.16033804,-4.15283203
4854,0.525562286,0.552179515
4855,0.200514123,-0.614166737
4856,-0.870673954,-1.02770793
4857,-0.295758158,0.805165172
4858,-0.375330299,-0.547462702
4859,-0.928452432,0.234673426
4860,1.78784013,0.671072423
4861,0.0560052805,-0.721983075
4862,0.239292949,-0.0565083027
4863,-0.0330564305,-0.351527601
4864,2.94049358,-0.840240717
4865,0.00325929327,0.667094231
4866,-1.30097175,0.200167596
4867,0.854516685,1.64292431
4868,1.14070714,0.819402277
4869,0.227047652,1.90938354
4870,-0.695325673,-0.849866033
4871,0.153486818,-0.0791823044
4872,0.463350266,0.223195881
4873,-0.520140529,-0.0951995328
4874,0.855949879,0.513546526
4875,-0.716814101,-1.91097748
4876,1.05286264,-2.05732012
4877,-0.0509417206,-0.735809088
4878,-0.284214497,-0.0886250585
4879,-1.01451504,1.40778279
4880,-0.417579532,2.08124971
4881,0.526006103,0.397008002
4882,-1.76204288,-0.242786959
4883,-1.4865551,1.49146283
4884,-1.28584158,-0.247507811
4885,-1.91352463,0.437041074
4886,0.196930379,-1.74008858
4887,-0.09604799,-0.114387341
4888,0.383526713,-0.1589818
4889,1.19348836,-1.92813468
4890,-0.201704413,-0.786216736
4891,0.338376075,1.26742101
4892,0.76537621,1.3761003
4893,1.00086987,-0.778610229
4894,0.43823114,-1.51176333
4895,0.840053201,-0.828309894
4896,0.0167326406,-0.260507733
4897,0.966032684,-0.203140333
4898,2.7470665,-0.678195536
4899,0.0611641407,0.160913125
4900,1.57810259,2.45757699
4901,-0.109526858,0.141319722
4902,-0.777860165,0.309762448
4903,-0.574692845,-0.511253953
4904,1.0992291,-0.211993128
4905,1.23212349,0.0329131484
4906,0.289903224,-0.0445015617
4907,0.0427785739,0.346673667
4908,1.53246927,-0.342927277
4909,0.418324739,0.377182931
4910,-1.17485428,-0.357561141
4911,0.351933926,1.30181205
4912,0.291622728,0.502732635
4913,0.141493335,-2.97680402
4914,0.488079637,2.29890895
4915,0.0938012674,-2.2897644
4916,-2.2012291,-1.17353201
4917,-1.88133848,1.21769345
4918,0.0568101257,-0.264995217
4919,-0.625721514,-0.227484629
4920,-1.76064122,0.62635076
4921,-0.0345285721,-0.154491663
4922,0.545765996,-0.700792372
4923,-2.25326014,-2.21122336
4924,-4.27615643,-1.53325391
4925,0.728773057,-0.210196957
4926,0.23225899,0.0249637123
4927,-3.78409624,0.859260023
4928,-3.02391028,-4.19482851
4929,0.294857621,-0.211689711
4930,0.806131542,-0.0946375653
4931,-0.949579716,0.87530607
4932,-0.451298416,-0.489857048
4933,0.333984643,-1.63562417
4934,-0.763177156,-0.26048696
4935,0.318383843,0.0651528463
4936,0.449649036,-0.761545062
4937,-2.20653009,-0.761052907
4938,0.977416039,0.767332673
4939,-0.655399203,-0.657234907
4940,-0.243310884,0.107472047
4941,3.16921163,0.766941428
4942,-0.734376073,0.457920045
4943,-0.343009055,-0.423241168
4944,1.43442869,1.20226419
4945,-1.02276385,0.0080609303
4946,0.254815191,-0.335193902
4947,1.10159194,0.0113888606
4948,0.193191156,0.0649057105
4949,2.15014935,-0.697145522
4950,0.987582803,-0.0458644219
4951,2.33427072,-0.318276554
4952,1.85384297,1.81595767
4953,0.16443406,-0.851839781
4954,3.29263878,0.270867229
4955,-0.0933663994,0.162410498
4956,0.625455737,2.27200556
4957,-2.22692347,-2.328444
4958,-1.22838295,0.188507736
4959,-0.120085619,-0.272536069
4960,-0.370784014,0.550604463
4961,-1.02467859,1.16190016
4962,0.241726398,0.47739619
4963,1.19225585,-1.10313475
4964,-0.6648826,-0.124671265
4965,0.138473704,0.113812946
4966,0.424920559,1.27485824
4967,1.62032485,0.679347754
4968,-0.316969037,-0.716353357
4969,-1.14561367,-0.760783255
4970,0.711552441,-1.10354745
4971,-0.0259517562,0.739581943
4972,1.29833364,-0.266744226
4973,-1.61014128,-1.36851513
4974,1.14087331,-0.875112176
4975,0.894269705,-0.0978607908
4976,0.105237782,-1.67543292
4977,-0.0559734814,-0.309807241
4978,-0.427954167,-0.580533803
4979,0.74082619,-3.4889586
4980,1.23353708,-1.55733049
4981,0.33304581,2.37119269
4982,-0.175085515,2.1771431
4983,-0.633997917,0.082094647
4984,0.806225657,-0.0672476366
4985,0.445614487,3.27739191
4986,0.703938305,0.657492399
4987,-0.00936113205,-1.31259084
4988,0.608390272,-0.407416135
4989,1.26662064,-0.589344442
4990,0.431969911,-2.51805425
4991,-2.58722758,-0.699885309
4992,-1.53915572,-0.734296083
4993,-1.22970927,-0.658919275
4994,-0.278559268,0.548711419
4995,0.72819072,-1.61778259
4996,-0.889674723,-1.90630317
4997,-1.42689431,0.859684706
4998,2.45692515,-0.83525449
4999,-2.35924816,2.01798344
5000,0.141248778,0.148535863
5001,-0.706647635,1.22144949
5002,0.355908692,-0.242804214
5003,-0.744793713,0.579520524
5004,0.487034768,0.0627322271
5005,3.48211694,1.82091236
5006,0.0416484885,-0.147631869
5007,-0.0811431557,-1.07779491
5008,2.5449276,0.0406004861
5009,-2.91119742,-1.96004283
5010,-0.142141566,0.543192983
5011,0.140065432,0.0132292956
5012,-0.241869286,-0.217162117
5013,-1.43833566,-1.1093657
5014,0.272744238,-0.0777092502
5015,-0.826520145,1.02890337
5016,-0.150102094,2.25264382
5017,-0.942996264,-0.36219433
5018,-0.226168141,-0.0964589268
5019,1.65292752,0.600103915
5020,-1.04449356,0.687486231
5021,0.128639504,1.07419789
5022,-1.08658934,-0.10747125
5023,-0.549136519,0.100835845
5024,0.993979871,0.00437320489
5025,1.31180704,-5.14866066
5026,1.30550516,-0.23117207
5027,0.406962097,0.393601537
5028,-1.83334076,0.425125033
5029,0.666700363,-1.72150171
5030,-0.973498225,-0.0773509368
5031,1.18887985,-0.0811452121
5032,-0.131014228,0.134559005
5033,-0.563940585,2.05279732
5034,0.334460467,-0.150145575
5035,0.100894175,1.13864732
5036,-0.765706003,-0.810085416
5037,-1.44499707,-1.67662203
5038,-0.694414914,-1.13466144
5039,-0.319871873,0.655425787
5040,-1.23683417,0.0112678129
5041,-2.04695797,-0.693749607
5042,0.0567332245,-0.152493477
5043,-0.371235102,0.815632641
5044,0.384958208,-1.27759576
5045,0.988172352,1.19939339
5046,-1.09388673,0.368235677
5047,0.182419315,0.164205894
5048,0.331650019,-0.254238188
5049,-0.293722004,0.059224546
5050,-0.202940464,1.11181223
5051,0.155993551,0.560072362
5052,0.227110475,0.0551914424
5053,-0.0531399809,-1.30626237
5054,-0.115761772,-0.0126969125
5055,0.207633898,-2.12604165
5056,1.59067667,0.255501121
5057,0.689953566,0.765831113
5058,-0.238943771,1.95047748
5059,-0.723583758,2.45808864
5060,-0.941048563,-0.246981472
5061,-0.167248473,-0.528825223
5062,-1.25794852,-0.84033221
5063,-0.0635950342,0.412632108
5064,0.034591686,-0.48314181
5065,-1.77491188,1.32455742
5066,-1.77656329,2.04906583
5067,-0.915844858,-0.758353531
5068,-0.671964824,0.481625468
5069,-0.750856638,0.356736928
5070,-0.517485559,1.20125067
5071,-0.647438884,0.117743738
5072,-0.591562688,-0.0429825969
5073,-0.0832347572,0.76626879
5074,0.812375605,0.104774117
5075,-0.215645611,0.079834424
5076,0.452154547,-0.0816948116
5077,-0.749588788,-0.840568066
5078,0.252150446,2.78959155
5079,0.270426869,0.992074966
5080,1.14520192,-0.0807415247
5081,0.679720223,-0.185016111
5082,-0.623073697,-2.48104906
5083,2.31410575,-0.606362104
5084,-0.0617562644,-0.478555918
5085,2.00504208,0.306274652
5086,0.175676599,-0.3722682
5087,0.0988701135,-0.194000572
5088,0.463933647,-1.09417319
5089,1.67331016,-0.777619898
5090,-0.0307004321,0.238955975
5091,-0.434734255,-0.162361279
5092,0.614757717,-0.873854578
5093,1.82998288,0.810958028
5094,-0.0491230004,-0.721342385
5095,0.889591694,-1.6207515
5096,0.737222016,0.14088966
5097,0.426027775,0.174392283
5098,-0.436532557,-0.708683312
5099,-0.150454924,2.42424059
5100,-0.351690263,-0.070618704
5101,-2.0164187,-1.10243607
5102,-0.831455588,2.70730853
5103,-1.0012449,-2.19534326
5104,0.344734132,0.646541476
5105,0.446962625,-0.798848629
5106,1.4296658,-1.27300251
5107,0.503355742,1.02729917
5108,1.5349673,-1.34270692
5109,0.927560508,0.6526106
5110,0.462131947,-1.94813538
5111,0.108534604,1.27044022
5112,0.214879438,0.553642273
5113,0.515792787,-0.176543191
5114,0.359842986,0.0811157078
5115,-0.238822788,-0.765920281
5116,0.0903054774,-0.195247874
5117,0.297267377,0.179792657
5118,0.740399659,-0.0369082987
5119,0.735118926,0.822262287
5120,0.158516631,-0.512188673
5121,-1.02808559,-1.90097392
5122,0.24526827,1.70241296
5123,-0.364011168,0.305404425
5124,0.265416503,0.550958693
5125,1.03458202,0.0111518083
5126,0.419012576,0.273434609
5127,1.49510384,-1.90950727
5128,0.735877037,-0.176458925
5129,-0.0717520267,0.180428579
5130,-0.247965962,-0.130503133
5131,3.30838919,-0.597275913
5132,1.68345034,1.75479817
5133,0.520557463,0.495530844
5134,0.157376796,0.993035257
5135,1.72687566,-3.26068926
5136,0.173116937,3.97608209
5137,0.517885864,-0.00403822726
5138,0.944950938,-0.312731266
5139,1.54769707,0.396783054
5140,2.1822474,0.908788919
5141,0.197549,-0.300764263
5142,0.286179096,-1.74951994
5143,-1.64801431,0.224704653
5144,-2.51405501,2.55014372
5145,0.812442601,1.76804709
5146,1.34654117,2.01321578
5147,0.544441164,-0.539539635
5148,-1.0185802,-1.91363072
5149,-0.406209379,-0.370213091
5150,-1.234828,0.899885118
5151,-0.302187085,1.51424658
5152,0.200669259,0.78850925
5153,-2.93829918,0.440709114
5154,1.50508118,0.0846074224
5155,0.390835226,-0.295744449
5156,-2.221977,-1.31138182
5157,0.785064101,-0.783157229
5158,0.427199006,1.77502668
5159,-1.39660537,0.135191143
5160,-0.277301252,0.50164479
5161,-2.02954721,0.760401249
5162,0.201574206,-1.99977434
5163,-1.20934045,1.45693421
5164,0.50862366,-0.842229843
5165,0.12535277,-0.455036581
5166,1.08521199,-0.353585154
5167,0.168363199,0.0607377589
5168,-0.137972206,-1.78761005
5169,0.464463919,0.394021392
5170,-0.174295127,-0.238481328
5171,-2.22594976,-0.487385124
5172,-0.0508884341,-1.97013915
5173,-0.749762475,1.33112204
5174,-0.343248248,-0.145903274
5175,-1.11456072,0.548484862
5176,-0.733244777,2.16535664
5177,-0.802999318,-1.01006496
5178,-0.20470497,-0.179632738
5179,0.297441751,-0.0589649193
5180,1.8506484,0.518467784
5181,-0.0199916381,-0.222928047
5182,0.244473502,0.331812173
5183,-0.97829479,-0.483494431
5184,0.300763279,-0.0984611809
5185,0.284801692,0.233685225
5186,-0.163432196,0.957057893
5187,-1.1360234,2.39780307
5188,-0.518492758,-0.309666127
5189,-0.823696673,-0.690192163
5190,0.344858408,-0.461410224
5191,-0.204539821,1.64810455
5192,0.167432621,-0.132561535
5193,0.206181198,-0.375933439
5194,0.681741178,-2.08961749
5195,-2.98833632,-1.14570093
5196,-0.684069455,-0.766960442
5197,0.866815627,0.16410616
5198,0.564487159,0.0142836012
5199,0.35897705,0.154983088
5200,0.289449155,-0.374610424
5201,0.761060894,-0.422084391
5202,-0.0422150828,-1.31370306
5203,0.212661371,0.167722672
5204,-0.211114287,0.112682872
5205,0.369852036,-0.023400832
5206,0.180238038,-0.0856625438
5207,-0.579394996,-1.55093765
5208,1.89103198,-2.04867053
5209,-0.593815625,-1.27768409
5210,1.29344559,0.589844167
5211,-2.94365382,0.810119689
5212,0.857149661,-3.01655531
5213,-1.73576379,0.0935839266
5214,-1.3299973,0.542803645
5215,0.520365357,0.337891072
5216,0.942082763,-2.09178019
5217,-0.0782356933,-0.141202718
5218,1.63038909,0.269389272
5219,-0.0960150585,-0.446140438
5220,0.183745235,-0.154486075
5221,2.01270461,2.06870818
5222,1.35780442,-0.0869265869
5223,-0.0726040229,1.07380569
5224,-0.206929922,0.201235503
5225,-1.82813716,0.902000427
5226,-0.256483167,1.83463609
5227,-3.04390454,-0.225651875
5228,1.98370945,-0.0985936821
5229,-2.38525152,2.71564174
5230,-1.54113495,2.08568954
5231,0.647048414,1.52841377
5232,1.18594742,1.38333607
5233,1.21373534,0.332918108
5234,0.724722445,-1.29707789
5235,-0.737773836,-1.05719399
5236,-1.57392478,-0.733552635
5237,-0.970293701,-0.902305722
5238,-1.63918746,-2.05028844
5239,-2.00720596,0.0498788059
5240,-1.20444703,-0.205199257
5241,0.159646139,0.856956065
5242,-1.31024396,-0.270386279
5243,-0.148852527,-0.710173905
5244,0.118648723,-0.224087059
5245,0.490384251,-0.406905353
5246,0.136799291,0.283904761
5247,0.314172179,-0.239630058
5248,-0.800357103,0.14337872
5249,0.0133977104,-0.782429814
5250,0.179116592,-1.60943449
5251,0.724261463,0.878201544
5252,0.474650741,-0.956400335
5253,-0.440533131,-0.717308342
5254,-2.0906949,-1.15571439
5255,-0.937580824,0.648377657
5256,-0.516517103,1.11845124
5257,-0.715187788,0.793192565
5258,-3.27389956,0.494931042
5259,1.33569956,-2.18621564
5260,-0.0248795208,0.523436606
5261,-0.834901154,-1.66816545
5262,-3.53021479,-1.02342165
5263,-0.208192259,0.0120373154
5264,-0.632783115,0.398142159
5265,-0.24441658,0.161702484
5266,-0.277599424,0.687664807
5267,-2.0031991,-0.16072318
5268,0.142420739,-0.208386913
5269,-0.522163928,-0.143316925
5270,-0.910562456,0.341723531
5271,1.37041891,-0.831791699
5272,2.55131626,-1.58356726
5273,-0.0593142696,0.173907042
5274,-0.615550041,0.881304383
5275,-0.840225399,-2.11727571
5276,0.955141902,0.151567787
5277,0.773320258,1.64577901
5278,1.60972953,-2.79395723
5279,-0.0298934039,-0.214307338
5280,0.0571978502,1.33948922
5281,-1.11292279,-0.620220244
5282,0.100929096,0.403568268
5283,-0.0506198071,-0.559849739
5284,-0.575972199,-0.226324961
5285,0.107444063,0.355493963
5286,-0.717327178,-0.668895543
5287,0.515352964,-0.847043872
5288,0.354367226,0.963186502
5289,-0.773145914,-1.87926245
5290,-1.47644413,-1.20008636
5291,-0.123010181,0.108672947
5292,0.494059235,0.443552643
5293,0.0612535924,0.956305206
5294,1.06860614,-3.23991895
5295,-1.84793079,1.7080735
5296,0.29617551,0.854207277
5297,0.218568802,0.693872213
5298,-1.73342967,0.748287737
5299,1.34981859,-1.24692333
5300,0.635323763,-0.155364156
5301,-0.129670992,-0.176129013
5302,-1.45357788,3.80548
5303,-0.129868686,-0.173866168
5304,1.29847467,1.33800066
5305,-0.71238929,-1.0957365
5306,-0.634860694,1.03201473
5307,-4.10941505,-1.18025863
5308,-2.28895998,0.38947925
5309,-0.811338127,-0.517313123
5310,0.0711305812,-0.822045088
5311,2.58721042,2.66395807
5312,0.508210659,-0.953854501
5313,-0.440787435,0.605521798
5314,0.124570698,-0.216741681
5315,-1.63950372,-1.29360414
5316,1.0927093,1.6039598
5317,1.03991091,0.560866117
5318,-0.722022712,-0.924657047
5319,-1.86442316,1.60317481
5320,-0.590592623,-0.281301528
5321,-1.93116534,-2.92291236
5322,0.487392277,-0.0834059566
5323,-0.6748119,2.13039875
5324,1.10098553,-0.799237013
5325,-0.791840315,1.8222543
5326,-0.376140416,0.0867767632
5327,-1.60494721,-0.157956243
5328,-2.57766128,-0.563319921
5329,-1.42735589,2.69538355
5330,-1.7179774,0.104235373
5331,-1.39719474,0.260831445
5332,-2.10719895,1.19117355
5333,0.815455377,-1.59219873
5334,0.534711719,-0.399384767
5335,0.0449152216,0.353311151
5336,-0.291859359,-1.22208941
5337,-0.491763115,0.256597102
5338,0.496926725,0.0467491001
5339,0.513751984,-0.0100049181
5340,0.427016616,0.763139307
5341,-0.827892542,1.47581887
5342,1.59346259,-0.988875091
5343,-0.416116774,-0.723441124
5344,-0.718491197,-0.884068489
5345,-0.974943221,-2.65812922
5346,0.8336972,0.683492064
5347,-0.726037264,-0.667115808
5348,0.530545771,1.21377277
5349,-0.425809473,-0.898299992
5350,-1.52171683,0.600860953
5351,0.708025694,-1.37326968
5352,-0.0919880569,-0.194922388
5353,-0.0259531233,0.406462848
5354,0.237100184,0.145629361
5355,0.804973066,0.703240395
5356,0.296277553,0.0291116573
5357,-1.82467592,0.579258204
5358,-0.633285522,-0.847454906
5359,-0.284349978,-0.471123189
5360,-0.058689408,0.301229715
5361,0.738756537,-1.36829603
5362,-1.20811605,1.23674035
5363,-0.844795167,1.85164607
5364,-0.822075605,-0.642849624
5365,0.57597059,0.525722146
5366,0.875882924,2.4369216
5367,0.90404588,-0.32688877
5368,-0.668715656,-0.661744535
5369,1.148543,-1.28007102
5370,0.426871061,-0.475477278
5371,1.03841436,-0.580809176
5372,0.237673789,0.720142663
5373,2.71339488,3.22020268
5374,0.44026351,0.223858804
5375,-0.246214822,0.203277469
5376,-1.81348169,-0.358185172
5377,1.03203356,-1.65488875
5378,-0.151137456,-0.502835631
5379,2.66978574,2.29387283
5380,1.98766136,2.30582094
5381,-0.658282876,-0.417020917
5382,0.693104744,-0.880196631
5383,0.361043423,0.0581849143
5384,-0.829888999,-0.823967576
5385,-0.602811873,-0.320964962
5386,0.192936361,-0.148663253
5387,-0.240122899,-0.10425479
5388,0.735239089,-2.12452269
5389,1.64922071,0.192624107
5390,-0.293091416,-1.89205194
5391,-0.0791616887,0.528930843
5392,-0.156431019,-1.63201463
5393,-2.04113603,-1.36159122
5394,-0.37735939,-1.02700984
5395,0.418069184,-0.0754965842
5396,-0.659224153,-1.89448702
5397,0.413839251,-0.252801538
5398,0.670184612,-1.40708613
5399,1.55347347,1.47680223
5400,1.24354303,-1.00106049
5401,-0.449857503,0.251003146
5402,0.297406822,0.375421911
5403,-0.702263236,0.579722524
5404,0.807438552,-0.253029823
5405,0.25333333,0.0631287321
5406,0.0769883171,-0.434456676
5407,-0.193957105,-0.269577175
5408,0.425283611,0.529924691
5409,-0.472317457,-0.894634068
5410,1.85411167,-0.325349182
5411,1.9260875,-0.176454112
5412,0.953299403,-1.9353739
5413,0.602898121,-0.606617749
5414,0.368610293,0.865970671
5415,1.59758413,-1.07654738
5416,0.778668106,0.737344444
5417,0.757711709,-0.48382467
5418,-1.05531824,0.153758541
5419,-0.753787994,0.0273257084
5420,-1.02548444,-1.18348956
5421,-1.02923977,-0.47387749
5422,0.249728084,0.278918684
5423,0.0688527152,0.158321455
5424,-0.073957786,0.455439866
5425,0.377410769,-3.40713334
5426,-0.13407132,-1.01238275
5427,-0.0820924267,-0.638478935
5428,-0.63655287,-1.80699754
5429,-0.555098176,-1.38017905
5430,-1.24057472,-0.542541146
5431,1.06084955,-0.792079508
5432,0.216180652,0.338751107
5433,1.0305351,-0.117294267
5434,2.70680881,1.03063583
5435,-0.503482282,-1.97051203
5436,0.761111438,1.7403053
5437,-0.847382784,1.50439525
5438,-1.38572645,1.84957564
5439,-1.08367562,0.00947272032
5440,0.618903637,-0.801330149
5441,-1.01596034,0.41863659
5442,1.12758756,0.437431723
5443,0.293015212,1.82283676
5444,-1.84330595,-0.0951245874
5445,0.388986886,0.718628585
5446,1.63192427,-1.80997479
5447,0.297668487,-0.399553478
5448,0.90975225,0.416211337
5449,1.67120755,-0.848864436
5450,-0.850707948,1.88152421
5451,0.65738225,-1.44527388
5452,0.975071609,0.83394897
5453,0.606049836,0.084204644
5454,-0.556853294,-0.171998009
5455,-0.185301229,-0.932270229
5456,-0.617532849,0.171031892
5457,-0.491557181,0.202693194
5458,-1.07719696,-2.1911397
5459,0.0893165767,0.123312801
5460,-0.478384584,-1.58532262
5461,0.0420696847,-0.148939088
5462,-2.29643941,1.56343794
5463,-2.08908606,2.42148542
5464,0.0436525159,1.15264654
5465,0.0623047613,-1.27886713
5466,1.41934288,0.28562054
5467,0.254625976,0.300713241
5468,0.0554189719,0.803534567
5469,-0.828490615,1.01667809
5470,1.27921271,-1.85099995
5471,-2.0876658,1.32659841
5472,-1.75028074,-1.79730713
5473,0.865898609,-1.33500838
5474,1.7823391,0.352359653
5475,2.40114617,0.184364468
5476,-0.642895877,1.53309667
5477,-0.641515136,-0.380286932
5478,0.622649372,0.151248381
5479,-1.59216022,0.642485559
5480,-0.956348658,0.606954098
5481,-0.28360796,-0.868469298
5482,-0.371431828,1.85158336
5483,0.569078267,-2.24087954
5484,2.0230279,1.0267731
5485,0.35216096,0.688689649
5486,1.05704069,0.786382616
5487,1.89485455,-0.841979682
5488,-2.14796305,0.990426719
5489,0.19635126,0.101350069
5490,-0.457252234,0.677028477
5491,-0.00277045439,-0.182383344
5492,-1.16080987,-2.12697697
5493,0.120844908,-0.223185331
5494,0.435607404,0.254331946
5495,-0.497600526,0.157194942
5496,0.0643327162,-0.905417264
5497,-0.013787332,0.920418441
5498,-0.114642829,-0.142726302
5499,2.30440021,-2.38329768
5500,-1.0468086,0.765182853
5501,0.290386438,0.868911266
5502,-0.413247138,0.406904995
5503,0.334155381,1.70028436
5504,-1.01147652,0.0863696337
5505,-0.172102347,0.650685251
5506,-0.307344317,-0.731134713
5507,-1.2300142,-0.263133168
5508,-1.37821519,-1.61429203
5509,-0.0234753042,-0.00180987443
5510,-0.801344037,-0.386930764
5511,0.522444904,0.607667565
5512,1.03053701,-0.22743234
5513,1.13285828,-2.0772202
5514,0.232819051,0.213720605
5515,1.06198049,0.488657713
5516,0.727801561,-1.04995728
5517,-0.619357884,0.767361522
5518,-0.229225129,0.0332145318
5519,-3.6054275,-0.229005903
5520,1.43830657,-0.811412811
5521,-1.21034384,-2.15309072
5522,-0.106043518,0.222149044
5523,-0.652242661,0.653227925
5524,0.266671896,0.06946145
5525,0.167353004,-0.113036998
5526,-0.865326881,0.426469654
5527,-0.766875744,1.08875203
5528,1.04761076,1.37768948
5529,0.0676215887,-1.03015757
5530,0.316925049,1.3394196
5531,-0.303472757,-0.387557417
5532,-0.481116802,2.27108431
5533,1.29800689,0.0284517929
5534,-1.1909585,-0.468878597
5535,-2.2655735,-0.568467438
5536,2.28294849,0.461841613
5537,0.447929591,0.685862124
5538,-0.121491171,0.502024591
5539,2.98348141,-0.902523398
5540,-0.692524076,1.40510523
5541,0.0073515214,-0.391011953
5542,0.08225701,-2.12350774
5543,-1.95508051,-0.524019659
5544,0.100160904,0.481292993
5545,0.610596538,-0.517273128
5546,-1.95021665,0.0439276434
5547,0.195309237,-0.155552566
5548,0.24938336,0.338808298
5549,-0.323397934,0.168634862
5550,0.254640758,0.0665052682
5551,-1.92104864,0.472798854
5552,2.16763282,-1.50744462
5553,5.11123991,0.702421665
5554,0.583663583,3.07564545
5555,-1.09555817,0.53384006
5556,-0.826427996,1.06793046
5557,-2.52833509,-0.035896115
5558,-0.485459626,0.629105449
5559,-0.015978504,0.32500416
5560,1.09999931,-0.735471725
5561,0.062287908,-0.374955207
5562,0.326038122,2.47363782
5563,1.22505403,0.608548522
5564,-0.295033514,1.17012358
5565,-2.10070252,-0.825347364
5566,-0.39980188,-0.0606336296
5567,0.251752645,0.4195382
5568,-0.121847168,0.39990592
5569,-0.145970434,0.0247123558
5570,0.434792727,0.372454941
5571,-0.367785662,0.490645915
5572,0.306977332,-0.392483771
5573,0.154659256,0.474680573
5574,1.41422343,1.15203929
5575,-1.19385672,-0.597417295
5576,-0.410961449,1.2231884
5577,0.308747947,0.111903057
5578,-1.14418936,-1.65394866
5579,0.0584522821,-1.54744172
5580,0.245808437,0.94188261
5581,0.0395452306,0.192484319
5582,-1.99985313,0.949923515
5583,-0.652972817,0.334899932
5584,1.65097415,-0.84397161
5585,0.46647203,0.414248317
5586,1.39299619,-0.845640719
5587,-1.57716095,-0.0409457013
5588,0.339568019,-0.704058111
5589,-0.376987934,-2.64713693
5590,-2.75273466,-0.557909906
5591,0.0440888964,-0.391525418
5592,-1.65877914,1.425354
5593,0.799359262,1.99851108
5594,-1.40014756,0.0387774445
5595,-0.110113367,0.838046432
5596,-0.657565594,1.46704865
5597,-0.537840068,1.24274313
5598,-0.342320889,2.28395677
5599,0.499768496,1.05227005
5600,0.202664897,0.141245499
5601,-2.12284255,0.774594188
5602,0.784799933,-1.9456532
5603,0.201968566,-0.31000635
5604,-0.952512085,-0.375042975
5605,1.17932129,-0.00132544758
5606,-1.57788169,0.948288739
5607,0.581548274,0.169585124
5608,-0.132027775,-0.144835562
5609,-0.903357804,-1.19056749
5610,2.92074728,-1.34146488
5611,-0.40867874,1.72011805
5612,-0.317894876,-0.601414323
5613,-0.00459971977,0.327886641
5614,-0.413865119,0.218191102
5615,-0.185243785,-0.690020502
5616,-0.270987689,0.577126026
5617,-0.498301685,0.0982844904
5618,-1.15255785,-0.184941173
5619,1.56024063,-3.15993738
5620,-0.0571484864,-1.13222086
5621,-0.806898236,0.0851222873
5622,0.171799004,0.947853386
5623,-0.309328437,-0.528849483
5624,0.189500719,0.279654264
5625,1.59334624,-0.931819916
5626,2.90383959,3.827353
5627,-0.285512418,-1.37195599
5628,0.00745760184,-0.395523489
5629,2.28048682,-0.525814831
5630,1.16317618,-0.777505815
5631,-0.703305423,-1.76142442
5632,0.340360254,-2.34565258
5633,-2.57450008,0.792453229
5634,0.492415756,2.03302693
5635,-0.0119114071,1.10640693
5636,1.01361048,-0.367503703
5637,0.223452851,-0.380946487
5638,1.41103995,-0.964159906
5639,2.24847364,0.698451042
5640,1.00942707,0.961704135
5641,0.210912094,-1.00348067
5642,-0.141869068,0.743862808
5643,1.87010503,1.29567122
5644,0.144946411,0.030531913
5645,-0.942288697,-2.01002932
5646,1.12485135,-1.55442917
5647,-0.120328575,0.596422493
5648,-0.843079507,0.097586602
5649,0.142899752,0.0224565342
5650,-0.0993337557,-1.32313669
5651,-0.579482138,0.877386749
5652,0.237405181,-0.0518711992
5653,0.643482685,-0.0485307425
5654,1.03698564,0.493151844
5655,-1.2504741,-1.00337029
5656,-0.979866862,-0.672372639
5657,-0.250771344,0.512640655
5658,-1.00160801,-0.201302081
5659,-0.721387804,-1.82484913
5660,0.271046668,0.976183236
5661,-0.921748579,1.15153432
5662,-0.137760594,0.141089872
5663,-0.636422634,-0.663641214
5664,0.988795042,-0.226738602
5665,2.44939065,-0.151200265
5666,-0.00937422086,-0.301434427
5667,-2.02798939,0.657644987
5668,-0.376538992,0.459591836
5669,-0.592342556,-0.608441889
5670,-0.37374714,0.308005273
5671,0.163808718,-0.0568644181
5672,-0.345756203,0.889846742
5673,0.573877156,-0.288579851
5674,-1.41916001,-0.412874907
5675,-1.36722672,-1.01677191
5676,-0.459052175,0.61693424
5677,-0.0652318522,1.56865895
5678,0.157733515,0.121528156
5679,0.320637405,0.42944029
5680,0.289184719,0.482407928
5681,-0.449499428,2.08371878
5682,1.57152998,-1.74492025
5683,0.319306225,2.18788481
5684,0.0239574723,-0.687023461
5685,-0.933934927,0.176985621
5686,-1.78062785,-2.05789423
5687,0.831359029,1.8792752
5688,0.284102619,-0.864936233
5689,0.00462486548,1.07059944
5690,0.049483031,-1.15734744
5691,-2.60812497,-0.386027187
5692,-0.218366727,0.819873095
5693,-1.8582201,-1.79925442
5694,0.891580164,0.825780213
5695,0.25356096,0.806617081
5696,-0.923016071,-2.83632803
5697,-0.275650144,-0.764779747
5698,1.68805742,1.09024572
5699,-0.245701119,-0.257164776
5700,0.489561737,0.378749222
5701,-0.0622081272,-1.54310036
5702,-0.479433417,-0.36228469
5703,0.668377817,-0.747515976
5704,-0.762187898,-0.481678545
5705,3.19679713,-0.508648455
5706,-1.53717673,-0.234190464
5707,0.250455499,-0.322219163
5708,-0.389715612,1.15535843
5709,0.284505159,-0.0897940248
5710,1.74752021,-1.3174957
5711,-0.162953302,1.75417793
5712,0.999245524,-0.257532358
5713,-0.683556318,-0.317127854
5714,0.223515749,0.296934158
5715,0.120680988,0.328016818
5716,-0.634062886,0.708261549
5717,-0.72084552,0.369452506
5718,-1.30267894,1.53928363
5719,-1.11928487,1.23854101
5720,0.323526531,-0.110971719
5721,0.778098822,-1.38737988
5722,0.431754649,-0.0623584613
5723,0.917844594,-0.740772367
5724,-0.645733118,-0.0114771537
5725,-0.932594836,2.55265045
5726,-1.23992372,-0.158811674
5727,-0.0902797058,0.332275122
5728,-0.0976305827,0.0813149512
5729,1.91896331,-0.157107085
5730,0.452703506,-0.036163073
5731,3.78381348,1.47048712
5732,-0.681027412,0.0657543391
5733,1.07885075,0.358914077
5734,-0.062352784,0.368667394
5735,-0.713040709,0.322441459
5736,-0.488056958,0.849925756
5737,-1.02928674,-0.527338088
5738,0.0419222414,0.321190089
5739,1.55587399,0.282888651
5740,0.252494454,0.322434038
5741,0.741635621,-1.70980465
5742,0.33836931,-0.0847802982
5743,0.442935348,0.217237085
5744,0.72835201,-0.53177166
5745,0.059859246,0.255180448
5746,-2.81965971,1.45895648
5747,0.886761844,0.402163535
5748,0.047493875,0.747907162
5749,-0.2090251,-1.308653
5750,1.96321011,-0.074263379
5751,0.172782525,-0.00796050206
5752,-1.20533657,1.78273237
5753,0.94984889,1.42374992
5754,0.534355104,2.76956201
5755,-2.23509526,1.45812428
5756,1.28224742,-0.227858305
5757,-0.6720559,-1.00715125
5758,-1.22656906,-1.09970272
5759,0.541181743,0.717268288
5760,2.29429245,-0.39833793
5761,-0.759624064,-1.58083689
5762,-1.47219503,-0.729029298
5763,0.802182615,-0.503607035
5764,0.0283942223,-1.43343687
5765,-0.370020151,1.37412858
5766,-1.34659493,0.549682796
5767,0.0070208176,0.25393489
5768,1.84657967,0.159766197
5769,0.479984552,1.02611351
5770,-3.30932045,0.157457948
5771,0.423829764,-0.0639634058
5772,-0.331952214,-0.439347088
5773,-2.03789043,0.153484508
5774,-0.474402726,1.64962268
5775,-1.19138467,2.33142114
5776,-1.39301646,-0.85490042
5777,2.75511837,1.69273007
5778,-2.77176261,1.00129342
5779,2.87935138,0.623570502
5780,-0.363675535,-0.0566792414
5781,-1.90909982,0.851359665
5782,0.597068846,0.0392177217
5783,1.32714999,-0.0889357328
5784,-2.99407268,3.66589737
5785,-1.06742096,1.75679386
5786,-0.880228281,4.01366186
5787,1.83881283,1.68724
5788,-1.46631789,-3.22639322
5789,0.303405941,0.224569082
5790,0.0988888517,0.734223068
5791,-0.328189731,-0.410113871
5792,0.38939023,0.24868013
5793,1.52293134,-0.317186862
5794,0.508553803,-0.260429323
5795,-0.570990741,0.349811405
5796,0.653814197,0.554673493
5797,-0.248424113,-2.69692492
5798,3.12798429,-0.921595991
5799,0.187908202,0.478597581
5800,-2.95365214,-0.531597674
5801,-1.15282607,1.03672659
5802,0.229740694,-1.07475233
5803,0.0741772652,0.645550013
5804,0.10475564,-0.759331763
5805,0.571752787,-1.93989491
5806,-1.37610626,-0.719793916
5807,-0.574026108,-0.958480775
5808,1.41704476,0.308656484
5809,0.628144026,0.698543668
5810,-0.616086185,-2.36042643
5811,0.787602186,1.88918889
5812,-0.391326547,1.10474944
5813,0.0575306825,0.360122353
5814,-1.39286435,-1.75977945
5815,-0.777700245,0.764886022
5816,-0.110672764,1.92513776
5817,-1.77588451,-0.770403147
5818,1.81891286,0.289060593
5819,-3.74350905,-0.358584732
5820,2.22249889,0.112278476
5821,1.67756617,0.613746703
5822,2.03386402,1.12071538
5823,0.283887744,0.0549542606
5824,0.0357374549,-3.1691854
5825,0.908288896,-0.468615651
5826,0.973786533,-0.0300644059
5827,0.381668031,0.965385139
5828,-0.0597876459,-1.02476335
5829,-0.951005101,-0.769586086
5830,0.00762633048,-0.313162416
5831,1.49310648,0.816855073
5832,-0.991685808,-0.152199551
5833,-2.39602137,0.305798262
5834,0.444570988,0.369336933
5835,-1.2022351,-1.27988839
5836,-0.226611793,-3.67059135
5837,-1.52649283,-0.298244953
5838,1.52146685,-1.04214203
5839,0.619254768,-1.95846415
5840,-0.511489868,0.36942625
5841,2.66405177,-2.04114079
5842,-0.165955395,-0.108957231
5843,-1.16939521,-0.697636545
5844,-0.0269532446,-1.43151414
5845,-1.51352894,1.26607728
5846,-0.117310591,1.24439597
5847,0.986327946,-0.421930552
5848,1.99682844,-0.928373218
5849,-0.0754013658,-1.41896212
5850,-1.51325333,-0.781633794
5851,0.253880113,0.0580933914
5852,-2.44034076,-2.64440465
5853,1.0343188,-0.359411508
5854,-0.328879982,1.54155648
5855,-0.294204473,0.0927805156
5856,0.25385344,-0.290360421
5857,0.898094773,0.247497737
5858,0.106628478,-0.384695232
5859,-1.40294838,-0.726922393
5860,0.296576023,-0.0856009424
5861,1.52601004,0.653048694
5862,-0.0103506306,0.397459745
5863,-0.142066717,-0.175519243
5864,-2.39441013,-1.1030798
5865,-0.106861785,-1.42627668
5866,0.153591126,1.10903883
5867,-0.361419171,-0.887228251
5868,0.541698754,-1.53174198
5869,0.286001563,-0.359976053
5870,2.56325078,1.89285588
5871,-0.352174073,0.199368775
5872,0.701066613,1.2095629
5873,-2.19688821,0.936710298
5874,-0.958458543,1.02559686
5875,-0.344161004,-0.436757803
5876,0.276646018,0.276489049
5877,1.8218416,0.657476425
5878,-1.06873477,0.805488408
5879,-0.384906739,0.414671987
5880,2.26216149,-0.436166286
5881,0.201382324,1.37192202
5882,0.658227146,-0.0203352328
5883,-0.231115237,-2.38905525
5884,-2.46468163,1.10395789
5885,-0.572563827,-0.105007015
5886,0.708344877,-1.20720518
5887,0.101809256,2.09564447
5888,0.0200287402,0.0537027754
5889,0.0911278278,0.372220099
5890,-0.123204939,1.26765382
5891,0.450685173,-0.62986809
5892,-0.361064106,0.127809107
5893,-1.57777035,-1.37736523
5894,-1.36185825,-1.1291697
5895,-0.426953048,2.4586041
5896,-0.0541398041,-1.08276665
5897,-0.959822118,-0.0953225493
5898,-0.0316141807,-0.160641775
5899,1.43201923,-0.146503285
5900,0.661322653,0.220161319
5901,1.48759031,0.59034586
5902,0.329400927,-0.424411803
5903,0.160704494,0.0901992768
5904,0.370681137,-0.73925519
5905,0.786409974,0.183066025
5906,-1.94921625,-0.161289394
5907,0.558548987,-1.84039986
5908,-0.213621825,3.06125641
5909,-0.110968001,1.2654593
5910,-0.130649775,0.333332688
5911,-1.30857646,-1.91718483
5912,-0.150093079,-0.083593756
5913,0.565834403,0.593047202
5914,-0.905779004,-0.498653382
5915,-0.139614239,1.09326398
5916,-0.643223047,-0.321539104
5917,-0.981738031,1.66295147
5918,-1.81704295,1.03278518
5919,0.772713125,0.427250624
5920,-1.81867528,1.03714359
5921,0.0285616927,-0.317514956
5922,-1.14638424,-1.54779065
5923,0.0818055719,-0.260938853
5924,0.484743148,-0.594094396
5925,-0.323377252,2.86702943
5926,-0.0222549587,0.849145353
5927,-0.562678576,1.71892536
5928,0.560913205,0.06749814
5929,1.37472689,-1.65945375
5930,0.207701698,-0.589047432
5931,0.310066253,0.413017362
5932,-0.947081089,-0.656172156
5933,0.341801316,3.56704926
5934,1.51801622,0.398844302
5935,0.4731493,-0.929219186
5936,1.74511075,1.14658725
5937,0.641884327,-0.0517587662
5938,-0.589776635,-1.3778007
5939,0.0594568551,1.28289425
5940,0.468781233,0.67402035
5941,0.254275858,-0.397994131
5942,1.09279227,0.305811286
5943,0.974372804,1.99591613
5944,-1.45931292,-1.98605788
5945,0.509527981,1.06274009
5946,1.18528664,0.19288981
5947,1.79621565,-0.0990264937
5948,0.634199023,-0.489358544
5949,-0.0108517716,-1.29252565
5950,2.18551326,-1.26580358
5951,0.469604731,-1.14986372
5952,-0.372442245,-0.451791078
5953,-0.138572857,0.274655282
5954,-0.257083207,-0.270406246
5955,-0.147536755,0.732011378
5956,-2.54901743,1.8400594
5957,1.85609841,-1.6586324
5958,0.0189379212,-0.278755337
5959,-2.96587706,-3.23488045
5960,0.11482963,-0.113555007
5961,0.382916451,-1.56644893
5962,-0.242431298,0.740112245
5963,0.50209254,-1.29702008
5964,-0.382479846,-1.09394813
5965,0.294085592,-2.58182478
5966,-0.353215694,-0.0123879202
5967,0.380037457,-0.98775357
5968,-0.159851521,2.32266831
5969,0.0846886709,-0.0850809589
5970,0.244685635,-1.30490386
5971,-3.81544542,-1.89386261
5972,-0.265665352,0.058650814
5973,-1.98816407,0.692263961
5974,1.04190826,1.80514407
5975,2.86803937,-0.519944191
5976,0.609854996,0.211497903
5977,0.129318818,0.696001232
5978,-0.67018193,-0.0392148085
5979,0.0453770272,-0.340343267
5980,-0.33746168,-0.204470456
5981,0.55106461,-0.254890978
5982,-0.177875713,1.09925854
5983,0.229237661,0.148023903
5984,-0.363459766,-0.0636429638
5985,-1.82394421,1.15393198
5986,-0.320020646,0.32212314
5987,0.191353306,0.99395901
5988,1.53473198,-1.61092293
5989,0.431547374,-1.57610011
5990,-0.16028136,-1.11948895
5991,-0.0867842734,-2.04059839
5992,2.58793879,1.98253238
5993,0.774662554,-3.11444879
5994,0.0210954621,-3.33821034
5995,0.873101115,0.527313232
5996,0.805024266,0.0514128655
5997,0.682547987,-0.966765583
5998,-0.343587577,0.253980309
5999,0.0480209067,-0.222504407
6000,-0.5788697,-1.34373605
6001,-0.0869942233,1.240273
6002,-0.579107881,0.45377478
6003,-1.52450454,0.879614472
6004,-0.110780224,-0.21608521
6005,-0.11487747,-0.104197487
6006,0.182751015,1.75099874
6007,-0.151235238,0.18757607
6008,-0.186211616,1.47696757
6009,-0.0459471904,0.221658081
6010,0.111237325,0.00756001845
6011,0.196483836,-0.456898659
6012,0.269355327,0.00303849252
6013,2.43565869,2.8925004
6014,0.530068099,2.54446363
6015,0.447356313,-0.585048437
6016,-0.17992112,1.01422822
6017,-0.000726718223,-1.06542039
6018,-0.668874323,0.415180027
6019,-0.28430599,0.130444661
6020,-0.8274436,0.72440809
6021,1.62087858,2.2062335
6022,-1.60295594,3.33892655
6023,1.94217324,-0.28089574
6024,-0.0754042193,-2.50832272
6025,-1.30758691,0.856259286
6026,-0.250051409,-0.00297370856
6027,-0.503214002,0.524833083
6028,-0.640797377,-0.341879755
6029,-2.05773234,-1.65562379
6030,-0.0642842278,1.54268241
6031,0.0446267202,-0.551416278
6032,0.216543958,-2.32634425
6033,-1.56693196,-1.20235586
6034,0.138157785,-0.295722127
6035,-0.923510373,0.539586127
6036,-0.412888885,0.0110841962
6037,0.789870739,-0.700679004
6038,1.00542223,0.298183739
6039,0.12151701,0.488868654
6040,0.899386048,-0.370099127
6041,0.118019395,0.697925627
6042,-0.501338482,-0.0895425528
6043,1.58402336,2.00024557
6044,0.0695322901,2.10236573
6045,1.49065876,-0.040184401
6046,-2.34639478,-0.555983484
6047,0.928313673,1.12001097
6048,-0.562246621,0.106942698
6049,-0.190335423,0.104770042
6050,-1.9781841,-0.673921466
6051,0.44578293,-0.661473036
6052,0.210569888,4.32290936
6053,-0.149345204,-1.12211883
6054,0.437535822,-0.234064385
6055,0.106826812,0.828658462
6056,0.95772469,-0.847051024
6057,-0.115568966,-1.84952712
6058,1.13246226,-1.02734828
6059,-0.231798202,-0.00635840045
6060,-0.286358207,1.20789349
6061,0.0940528139,0.225195333
6062,1.10184705,-2.44250011
6063,-1.36911333,1.21532822
6064,-2.55714703,-2.1038363
6065,-0.251008272,0.0015426199
6066,2.76482391,-0.277601749
6067,0.768351078,-1.47622657
6068,0.441465497,1.84728622
6069,1.82644069,1.32410169
6070,-0.103174597,0.379046649
6071,1.30012047,0.51994884
6072,0.227100089,-1.86713374
6073,1.91761601,0.118959978
6074,2.11647558,0.349221766
6075,1.22671616,-0.405772209
6076,-0.829994142,0.590210319
6077,0.12870945,-0.194885388
6078,1.80071211,1.32590508
6079,2.01410723,0.290725648
6080,1.54749095,-1.93115056
6081,0.595839441,0.0867421031
6082,0.518646717,1.52141428
6083,-0.233012021,-0.55844909
6084,-0.0459491462,0.343111932
6085,0.189745516,-0.110047117
6086,-0.865436554,0.486480027
6087,-0.768628716,-1.90635848
6088,-1.06239331,0.120599307
6089,0.618200183,0.956004143
6090,1.55798841,0.490631998
6091,1.07307231,0.45602265
6092,-0.610099792,1.00115573
6093,0.346815437,0.983089268
6094,1.38509417,1.34852397
6095,1.59083676,0.111037694
6096,-0.895949244,1.32135653
6097,-0.0272143446,-0.461381823
6098,0.395305872,-0.45628041
6099,-1.19470692,-1.99693537
6100,1.33866918,1.14663959
6101,-0.117752664,-0.227315605
6102,0.107961237,0.146431252
6103,-0.228149295,-0.102652155
6104,0.317967892,0.53128612
6105,1.49373031,0.292132616
6106,2.24528909,-2.44471264
6107,2.20192552,-0.250034779
6108,0.234305635,1.43981659
6109,0.189424172,-1.65643668
6110,-0.84927994,-0.482856184
6111,-1.68334985,0.259720355
6112,-0.381855279,-0.652092695
6113,1.12483692,1.77622485
6114,0.0958256125,0.228262156
6115,1.08692992,2.5342927
6116,-0.747944057,0.432963669
6117,-1.00877833,-2.74797392
6118,0.422539532,0.359730929
6119,-0.107849613,-2.50781941
6120,1.13944089,2.88935232
6121,-1.64975095,0.0868828073
6122,0.22212173,0.333277375
6123,-1.50150907,0.0915369913
6124,-0.463925213,0.629219711
6125,-0.381860167,1.17006767
6126,0.0747447461,0.424495935
6127,-1.54058158,2.67158937
6128,-2.90017748,-1.62917292
6129,-1.25462997,-1.07420111
6130,-0.640076578,2.54454446
6131,1.98402297,-0.469618797
6132,0.664108694,-1.18861914
6133,1.47069848,-0.266209483
6134,-2.33519793,-1.7284795
6135,3.32781649,3.16249847
6136,-0.545714557,0.218048111
6137,2.22138786,-1.62999797
6138,-0.171487764,-0.566668451
6139,-0.77030319,-0.216527686
6140,0.339601547,-0.326266587
6141,-0.0290534794,-0.179071963
6142,-0.451413572,1.85714006
6143,-0.0345531069,0.346588641
6144,-0.544160485,1.20002913
6145,1.76292527,0.035064023
6146,-1.32862055,2.29260087
6147,-1.5138365,0.440379143
6148,0.754740417,2.09800649
6149,0.518869817,0.687104285
6150,0.839031458,0.0324219316
6151,1.5913775,-1.45687258
6152,0.310468018,-1.11778998
6153,1.63254261,0.336206347
6154,-1.59616292,0.303917587
6155,-0.457130075,-0.935258389
6156,0.308064491,-0.515937984
6157,0.752117217,-0.65074259
6158,0.875608861,-0.0362684391
6159,-0.198040038,0.716217756
6160,-0.0691521987,-1.03023255
6161,-0.732863188,0.978899598
6162,-2.46159983,0.603344381
6163,0.0940912515,-2.6105113
6164,0.390737236,0.343451709
6165,-1.4810648,0.385056168
6166,-0.181445122,-1.65666461
6167,-1.84064245,-2.26213503
6168,-0.861944675,-0.63332969
6169,-4.15830564,-0.0781478584
6170,-0.848982692,0.863349497
6171,0.301482409,-0.281818449
6172,-0.968327403,-0.803386331
6173,-1.78413713,-0.892925441
6174,-2.66073489,1.9382596
6175,0.450512499,0.849550009
6176,-0.120600455,-0.116222493
6177,2.17819548,-0.362272143
6178,0.711135089,0.251442581
6179,1.52233005,0.0144408531
6180,2.21055222,-0.231154129
6181,-1.03493738,3.00977397
6182,0.616256535,2.65188956
6183,1.18256044,-0.519758463
6184,-0.0559914224,0.215263128
6185,-1.12540996,0.495770574
6186,0.959129691,0.413873613
6187,-0.0294607058,0.644117713
6188,0.508626997,-0.594969332
6189,0.220532313,-0.0198090933
6190,-0.0904460847,0.200365648
6191,-0.202970624,0.0822909251
6192,-1.15758872,-1.40961373
6193,0.474943936,-0.681883812
6194,0.572888732,0.789550245
6195,1.14402318,0.0792843401
6196,-1.00401354,0.1925686
6197,-0.555373609,0.286679357
6198,-0.265032649,-0.140330866
6199,1.43901396,-0.712085724
6200,2.21853232,-0.326355785
6201,-0.0392561778,0.617354631
6202,-0.0521607026,0.501920223
6203,-1.72613215,-1.11995733
6204,-1.67302251,-1.0934149
6205,3.13658357,-0.186022073
6206,1.19629157,-0.337561905
6207,1.21688831,-0.13224712
6208,0.154981047,-0.159052148
6209,0.499655724,1.02173042
6210,0.263532072,1.77526963
6211,-1.38918531,0.371260077
6212,1.6608597,-1.78298223
6213,0.375893027,2.30362535
6214,-3.13931799,0.241445526
6215,1.79125571,-0.878040493
6216,-0.667907834,-0.654300094
6217,-0.067824699,-0.0463812277
6218,-1.80105245,1.28175175
6219,0.264590681,-0.282480478
6220,0.460972905,-2.47998476
6221,-0.0759416297,-0.330061287
6222,-0.0170815382,-0.70016104
6223,-0.38368544,0.695479453
6224,2.12981892,-1.47397268
6225,0.255444556,-3.18189526
6226,0.0937734321,-1.4213208
6227,0.660124838,0.95626688
6228,4.25392628,-1.33824492
6229,-0.536281049,1.10753226
6230,0.317846447,3.6656146
6231,-0.988091707,-2.92491269
6232,-0.310683936,0.297901213
6233,-2.09487534,-0.894198179
6234,0.528745115,0.927668989
6235,0.28882429,0.34129706
6236,0.613711357,-3.24774623
6237,-0.572396517,2.29028511
6238,0.787304461,0.429674685
6239,-0.137267202,-0.232944608
6240,0.786326647,-0.524955928
6241,0.242315412,-0.079708375
6242,-1.34321511,-0.0677384138
6243,0.262461871,-0.704159439
6244,0.497336149,-0.280617177
6245,2.4693644,-0.455187947
6246,-0.995104015,-0.122302197
6247,-0.430191606,0.952909768
6248,3.03055143,0.981416464
6249,1.05949247,1.01748443
6250,0.328739256,0.58714509
6251,0.640567183,1.43334997
6252,-0.208671615,0.54731375
6253,-0.937880456,-0.318772197
6254,1.71220255,1.60903919
6255,0.32190907,0.466136724
6256,-0.566237688,-0.582807124
6257,-0.186923623,-1.04155207
6258,-0.251952708,3.00809193
6259,0.253670067,0.370194167
6260,-0.310356677,1.11583483
6261,0.0427492708,-0.219993114
6262,0.0500809662,-0.700756431
6263,-0.580907762,-0.292383641
6264,0.261772901,0.175632447
6265,-0.596761882,0.757834256
6266,-1.15595055,-0.115753159
6267,-2.84880376,-0.396994948
6268,3.49624276,1.67578471
6269,-0.539827049,-0.901263595
6270,0.808933258,-0.327074409
6271,0.0454025865,0.0638027191
6272,-0.588292956,0.20489493
6273,0.134942517,-0.786696076
6274,-0.777128696,-0.422968
6275,2.06291842,-1.74297023
6276,-0.13258338,2.3740716
6277,-0.147056744,0.929028809
6278,-0.870588899,1.86023831
6279,1.08576143,0.594766378
6280,-0.158024848,9.58578894e-05
6281,-0.150175452,-0.146279037
6282,-1.11378908,-2.74425721
6283,-0.853690624,-0.887772143
6284,0.345423579,0.0901879817
6285,-0.382888407,0.171343774
6286,-1.02519679,0.399512351
6287,-0.701865196,0.171874046
6288,-0.0342493318,-1.46909308
6289,-2.30565763,-1.38842773
6290,1.01237178,0.0670973137
6291,-0.132756501,1.62723804
6292,-0.84667027,-0.858163357
6293,-0.343836278,-0.528809547
6294,-1.54715812,1.37816143
6295,-0.102585144,1.64634454
6296,-0.709947288,-1.10312963
6297,-0.59368372,0.292752415
6298,-0.750070214,0.0677555874
6299,-1.97244012,0.649371147
6300,2.15049267,-0.679330111
6301,-0.47307843,-1.27795434
6302,2.08680344,-0.869623184
6303,-0.662113249,0.139128283
6304,0.0672531426,-0.150011569
6305,0.236184314,-0.311793208
6306,-0.12832281,-0.847463846
6307,1.06215084,-1.0961957
6308,-1.35313749,0.090024136
6309,1.26872861,-0.525979757
6310,0.472641408,0.29457137
6311,-0.55215919,3.19852209
6312,-0.0780742615,0.343942106
6313,0.307661325,0.0424551517
6314,-0.459846497,-0.390597522
6315,0.804641068,-3.47403264
6316,-0.0270836763,-2.01858711
6317,-1.00284255,0.0923827589
6318,-1.00248885,-0.686773181
6319,1.40493727,0.839012504
6320,0.747228444,-0.240208149
6321,-1.24083841,0.750883043
6322,-0.936526537,-1.33369362
6323,0.0560984388,1.60743487
6324,0.706698775,1.01081073
6325,0.138337314,-0.738261223
6326,0.249498606,-0.700321913
6327,2.74664235,1.11644566
6328,-0.165231466,0.254015774
6329,-1.17358565,0.116123728
6330,-1.35991895,-0.00685547292
6331,-0.136221856,0.137820184
6332,0.0614805706,0.176244721
6333,-1.2106967,0.676882446
6334,-1.0497185,1.54374826
6335,0.407984644,-0.75317961
6336,-1.39704645,0.203814164
6337,1.43900561,0.189792097
6338,0.762780786,0.125446126
6339,0.991009891,-1.28019989
6340,-1.46451378,0.390451521
6341,2.87499428,-1.58514702
6342,0.498682946,0.194480032
6343,-1.79874778,0.515998542
6344,0.821645498,0.601326764
6345,-0.548634648,1.33293688
6346,-3.14242029,-1.57289875
6347,0.704303145,-0.496155411
6348,0.410406172,0.348804176
6349,-0.787548959,-0.517692089
6350,0.0785713494,-0.709459066
6351,0.878922999,-0.524566293
6352,0.936708331,-1.33673799
6353,1.69117236,0.765487909
6354,-0.633066356,0.0696024224
6355,-0.18407999,-0.455876738
6356,0.254345417,-0.236035943
6357,-1.73803699,-1.91567898
6358,-0.124613084,-0.227784157
6359,-0.107192107,0.0478660725
6360,1.06404901,-0.232116789
6361,0.57887423,2.11581445
6362,1.39291012,1.01932442
6363,-1.09555924,2.10379076
6364,0.0757425874,1.22803462
6365,-1.87869704,1.16804242
6366,-1.32680964,0.925463438
6367,-0.0363999419,0.715226114
6368,-1.12208486,0.654363513
6369,-0.694295049,-1.16073024
6370,-0.280315101,-0.33740738
6371,1.13323128,0.860342681
6372,0.148103416,0.58682555
6373,-0.601253867,-1.38142431
6374,-0.044837147,-0.640188873
6375,-0.844992578,1.08399725
6376,0.822348118,-1.4969213
6377,0.625244379,0.00678096712
6378,0.795539796,0.247075662
6379,-0.541672885,0.505144954
6380,1.44895768,-1.37028384
6381,-0.329293549,-0.709315896
6382,0.362154484,-3.22999954
6383,-0.498784602,1.4629215
6384,-0.405943274,-0.439588308
6385,-0.674178123,3.23477507
6386,2.10151219,1.97833371
6387,0.325890064,-1.52896988
6388,-0.0794975162,0.180592045
6389,2.48170376,-1.38186049
6390,-1.35719132,-1.59322917
6391,-0.628706515,-0.584958494
6392,0.242444038,-1.47719395
6393,0.320521832,-0.226333722
6394,-0.172930494,-0.00876824651
6395,-0.35461992,-1.10515702
6396,0.637576818,1.4345001
6397,-0.0991043374,-0.78916204
6398,0.597068906,1.09620619
6399,0.52562505,-1.06802607
6400,-2.33908367,-1.66576207
6401,-0.0244317688,-1.46884727
6402,1.03770387,1.27709389
6403,-0.178127751,0.0927968696
6404,-0.623457015,-1.24745011
6405,-0.653928697,0.125439003
6406,-0.408334911,-1.22163749
6407,0.971391618,-1.23123384
6408,0.864519775,-3.38164735
6409,-0.260158896,-0.0883436352
6410,-1.26510906,-1.36636901
6411,-0.793361485,1.73585606
6412,0.182493404,0.326156139
6413,2.42194223,0.0715357959
6414,-0.356947213,0.313788414
6415,-0.334800571,-0.151049837
6416,1.12167645,-0.798408031
6417,1.52074337,-1.99796963
6418,-2.11957288,2.13050008
6419,-1.03130853,2.92630696
6420,1.0408206,-2.42128468
6421,-1.35018265,-0.0871030763
6422,-0.12314745,0.093320176
6423,-1.62717271,1.0024085
6424,-0.149548188,-0.394985437
6425,-0.417297602,-2.40722275
6426,1.36946762,-1.59832537
6427,-0.403634042,1.9593631
6428,1.04049659,-1.72889996
6429,4.72611284,0.159981608
6430,0.244193509,0.224029049
6431,-0.640454352,-1.65753698
6432,0.994724751,-2.25174475
6433,2.0795784,-2.38607669
6434,1.09026968,-1.37538099
6435,-3.55208349,2.87099099
6436,-0.612407088,-1.6818465
6437,1.38775063,-1.24749053
6438,0.428114176,0.254415214
6439,0.708751082,0.136131257
6440,0.136997029,0.186608061
6441,-0.691638649,-1.94125545
6442,-3.31369686,-2.12636137
6443,0.695860386,-0.206328869
6444,-0.610731304,-0.419813603
6445,0.544004381,-0.822531521
6446,0.0771742761,-1.94536924
6447,0.346565336,0.0422480032
6448,0.332823187,-0.0470033325
6449,0.101146251,-0.982920229
6450,0.062706925,-1.89608061
6451,0.219818577,1.36854839
6452,-1.32908857,0.144876927
6453,-3.88649106,-0.638376534
6454,-0.817524135,0.0707263649
6455,0.0420450084,0.144824103
6456,-0.0970110819,-1.44334567
6457,-0.973417342,0.183684647
6458,1.18047631,-0.752820015
6459,2.26320362,-0.45868063
6460,-1.95870113,0.342427999
6461,-0.202342212,-0.66725415
6462,-1.08664751,0.970537007
6463,-0.128461778,0.861880958
6464,0.952208459,1.04360926
6465,1.32895327,-1.21400476
6466,-0.100838162,-0.102460608
6467,-0.0963665247,0.398263365
6468,-1.73492062,-0.29900533
6469,2.90434051,-2.00347161
6470,-0.393203974,0.340661496
6471,-0.291522086,-0.0763764158
6472,0.815188527,1.46170568
6473,-0.353760123,-1.25450397
6474,0.0668001845,-1.60116029
6475,1.04834342,1.77967882
6476,1.47159266,0.0786567554
6477,1.09195161,1.47467351
6478,1.20873368,-0.0255488101
6479,-0.310188383,0.742171407
6480,-1.15363491,-1.98839176
6481,1.95540226,-0.334646314
6482,-1.26429451,-2.5888927
6483,-0.42371574,-1.87308252
6484,2.35494256,0.692315459
6485,0.935458302,-0.373664111
6486,-1.31460845,1.47774565
6487,0.359889805,-0.171101913
6488,2.09439707,-0.153391823
6489,-1.99239659,1.24656403
6490,0.805068851,-0.988807261
6491,-3.17158794,2.55667043
6492,0.489117026,0.530637562
6493,-0.383218497,0.0291352198
6494,-0.39839837,-0.445707947
6495,-1.12660587,0.459220171
6496,-4.47655916,1.88096273
6497,-0.360675633,0.226363763
6498,0.253913373,-0.354675293
6499,1.14275301,0.0182838384
6500,1.87712538,-0.141391054
6501,0.207956567,-0.139585614
6502,-4.42890024,0.650772154
6503,0.922854245,-0.514240384
6504,2.2462678,-0.666981101
6505,0.178275585,0.547315478
6506,-1.27078927,-0.910128593
6507,0.896920502,-1.13242328
6508,-0.517326713,0.848068178
6509,-1.28761196,-0.557935417
6510,-1.07032061,-1.04718959
6511,0.02424163,0.549546421
6512,0.94745177,0.111065693
6513,-0.383690387,0.969324708
6514,0.77492851,1.03656042
6515,1.03833234,-0.262951434
6516,-0.338770151,-1.14542484
6517,0.261498362,0.75187403
6518,-0.189150333,-0.973655403
6519,-0.710501373,-0.169742852
6520,-1.15687823,-0.310281485
6521,0.180775836,0.593402445
6522,-1.70992827,-0.214323148
6523,0.733216286,0.0158562232
6524,0.493377388,0.353589624
6525,2.05732656,0.686194181
6526,-0.0154276229,2.64589071
6527,-1.19967675,2.8104732
6528,-1.11459041,-0.765130043
6529,0.355197161,-1.35301507
6530,0.148732677,0.0575338751
6531,-0.352982908,-0.208090961
6532,-0.731416523,0.712087989
6533,-0.475800306,0.359049052
6534,0.72143364,-0.560743928
6535,1.28586042,-0.477960527
6536,-0.473457664,-0.632368922
6537,0.148538485,0.421792537
6538,-1.8386519,0.169708461
6539,0.14299421,1.25800884
6540,0.30358085,-1.09837437
6541,0.669719994,1.90786815
6542,1.29970074,-0.20056735
6543,0.678171515,-1.085199
6544,-1.60119295,0.00126570975
6545,2.20829296,0.827248693
6546,-1.27102304,0.976376235
6547,-0.602310658,-0.0272438023
6548,-1.20558786,0.0220467784
6549,-0.82966131,-1.0041672
6550,0.883352935,-0.249964088
6551,0.179731503,-0.408266306
6552,-0.0191686284,-1.95310616
6553,-1.79515481,1.16094136
6554,-0.374937654,0.559794307
6555,3.50936151,1.41517842
6556,-2.01656175,0.436198235
6557,-0.0324301682,0.160566315
6558,0.854447007,1.28419292
6559,-0.69141984,0.283281267
6560,-1.49463463,0.260548383
6561,0.0840317756,0.160914227
6562,0.114023894,0.574361145
6563,-0.0298080686,-1.14593339
6564,0.261604458,0.720819354
6565,-0.367835909,-0.761561215
6566,-1.65758872,-0.0744712353
6567,-0.302081198,-0.338029623
6568,-0.366147846,-0.57733351
6569,-0.503598928,1.28819883
6570,-0.35888344,-1.34919
6571,1.50572062,-2.91975236
6572,2.1507678,-2.58136177
6573,0.834274411,0.673070312
6574,-1.51236856,-0.363807142
6575,-1.05460453,3.00929451
6576,-1.11866879,-0.4687635
6577,-0.638345897,1.35881567
6578,-0.918360174,-1.11763704
6579,-0.186433822,1.0124712
6580,0.400147766,-0.848389864
6581,1.78484285,-0.68778789
6582,1.553617,-0.441634148
6583,-0.202668339,0.120172247
6584,-0.380024791,0.827178001
6585,-1.65738726,-1.66860223
6586,1.06658649,1.19705224
6587,0.0409648865,-1.28214312
6588,-0.113533273,0.676244259
6589,-2.01400733,0.0603659041
6590,-1.50384176,-2.46551561
6591,-0.307920098,-0.860671043
6592,0.0766684115,-1.22295737
6593,0.847600698,0.316541523
6594,0.900996685,0.305525541
6595,-0.377625763,-1.44587648
6596,1.03673029,-1.09398484
6597,0.134547353,1.73792052
6598,-0.238444492,-0.298628628
6599,-1.34323215,-1.00516319
6600,0.06112675,0.128944322
6601,0.749035299,0.0249881987
6602,-1.22645438,-0.0409410074
6603,-0.0768303722,-0.0851028338
6604,0.277142674,1.83260655
6605,-0.920204759,1.37415278
6606,1.36832893,0.329069346
6607,0.109408319,0.191886768
6608,0.058486551,-0.321368366
6609,0.669052243,0.90592134
6610,0.549401462,0.0160572659
6611,-0.44656837,-0.0948619545
6612,0.0404719114,-0.448757589
6613,0.73304671,0.428550184
6614,1.09898877,-1.28268564
6615,-0.599900246,-0.803695261
6616,0.425342828,-0.269282788
6617,0.288178593,1.61407077
6618,0.454339147,-1.03454244
6619,-1.03055882,-0.672928393
6620,-0.476200759,0.357069701
6621,-0.0195044372,2.95987558
6622,2.01042247,-0.70737803
6623,2.20403123,3.12851191
6624,0.328622133,0.661133051
6625,0.602089405,-0.779442668
6626,-0.635508955,-0.964528918
6627,-0.000994163333,-2.60226965
6628,2.74677062,-2.06465459
6629,-0.514141142,-1.0731554
6630,-0.00555244461,-0.450524062
6631,0.378565937,0.221766695
6632,-0.0387196057,-0.328294069
6633,0.0709575117,-2.79210162
6634,-0.536013186,0.0272217784
6635,2.48098516,0.94467032
6636,1.36807704,0.590976417
6637,0.225894824,0.0655294806
6638,-0.808125257,-0.0274031013
6639,0.686676919,-0.777536452
6640,1.10850763,0.963176668
6641,0.901880801,0.64340657
6642,1.27468336,-0.254641593
6643,0.273229986,-0.0328006707
6644,1.41284716,0.275464326
6645,-0.585925281,-0.600987673
6646,-2.50153017,-0.423092604
6647,0.858784318,2.64277267
6648,-0.301728874,-1.49250317
6649,0.0111268125,0.599651575
6650,1.08589315,1.11342347
6651,0.415614992,-1.44269776
6652,0.331816196,0.789186835
6653,0.754018784,-0.448238999
6654,0.328725547,-0.58063978
6655,3.43863487,0.701793313
6656,-0.584338248,-0.711625516
6657,0.501006901,0.350064069
6658,-0.0680646449,-0.355748922
6659,-0.605303466,1.70680571
6660,-0.28602621,-1.01303327
6661,0.451934904,-0.698607564
6662,-0.0820393413,0.337841719
6663,-0.42806533,0.653822839
6664,-0.151012465,1.53889859
6665,-0.140117079,-0.334353268
6666,-0.734761596,0.417101055
6667,2.54596853,-1.76864111
6668,0.598957062,-0.113526218
6669,-0.195523247,0.0706313699
6670,0.382350653,-0.287325948
6671,0.319073558,-0.16689612
6672,0.309316278,0.0391405262
6673,-0.792581677,2.62666225
6674,-0.0259642582,-1.76772428
6675,-0.388573945,1.31837821
6676,0.338366747,-0.31386736
6677,-1.73022401,-0.374967456
6678,2.45124745,0.0578720234
6679,0.699633718,-0.140922725
6680,-0.0282346997,0.202138603
6681,0.235625789,-0.199608609
6682,1.6206727,-2.88588905
6683,-1.31380856,-1.27122211
6684,-0.698903501,1.55323184
6685,-0.574287057,0.525639296
6686,-2.47690701,-1.09874284
6687,0.899116933,-0.276763678
6688,-0.322082996,-0.447825938
6689,0.579362631,1.193712
6690,1.55888927,-0.204095215
6691,0.298091948,0.431918114
6692,0.0790591761,0.89220798
6693,0.331120461,-0.0715229362
6694,0.106505193,0.203194812
6695,-0.806643307,1.73379433
6696,1.25990736,-1.53616083
6697,-0.439041674,2.87952566
6698,0.924858093,-0.014552895
6699,1.1609956,-0.874933779
6700,0.323677331,-1.30235636
6701,-0.27451244,1.30683899
6702,1.96698439,-1.65932155
6703,0.391196907,0.419345975
6704,-1.34851372,-0.723379433
6705,-0.0742776021,-0.55350101
6706,1.91835845,-0.0296013169
6707,-0.0540211573,-0.675128579
6708,-1.20668411,-0.264907658
6709,-0.906713009,-0.0333619192
6710,0.442150503,-0.853371561
6711,-0.122089289,-1.17400038
6712,0.0472459197,1.15092325
6713,-1.01998246,-1.26782334
6714,0.514633179,0.128903225
6715,0.198773399,-1.03850162
6716,0.350395441,0.169253111
6717,0.160223156,1.41037786
6718,-0.545544863,-0.163731501
6719,-0.321732104,0.590009034
6720,-0.121040583,0.0818093941
6721,0.625098765,1.40534937
6722,-3.08115077,2.06279397
6723,-0.593700349,0.621482313
6724,0.0887567773,-0.160670936
6725,-0.795379519,-1.16674364
6726,-1.20444906,-1.11584401
6727,0.0309826713,0.221211895
6728,3.6490643,1.65380824
6729,-1.49888349,0.0123586673
6730,0.231257603,-0.16994907
6731,-1.9191556,-0.323941678
6732,0.815981269,0.673214674
6733,1.41808665,-0.0874917731
6734,-0.778334677,0.251398116
6735,0.352809608,-0.525628924
6736,0.196512178,1.8191452
6737,0.332956791,1.0633446
6738,1.56995928,1.76450896
6739,1.42824996,-1.41344082
6740,0.155270904,0.346197188
6741,0.528904915,1.39911938
6742,-0.160003394,-0.525063336
6743,0.139366865,1.24925518
6744,1.71199417,0.586791754
6745,0.174129471,-1.80827844
6746,1.67784739,1.08718836
6747,-1.28827524,0.00100959325
6748,-0.0651337132,0.479631811
6749,-0.346593857,-0.986965537
6750,-0.132713601,-0.133219793
6751,0.169630498,-0.272121847
6752,-1.04927099,-0.313572079
6753,0.167271748,-0.335569799
6754,-0.0945945531,0.125667632
6755,-0.6461218,1.17822015
6756,-0.691093206,-1.2920686
6757,-1.56063831,-2.02719712
6758,0.17542921,-0.677303433
6759,-2.73493338,-1.82650781
6760,-0.0209712945,-0.275455236
6761,0.560668826,0.362323612
6762,0.025765337,0.199388862
6763,-0.408779114,-0.195757121
6764,1.05977261,-0.389002919
6765,-0.103123523,-1.02187586
6766,0.194159821,-0.891652822
6767,-1.89881694,-0.943776429
6768,1.71788681,1.96739733
6769,-2.79026127,0.446772635
6770,-1.4480294,0.49874261
6771,1.10404575,-2.25910687
6772,-0.751475632,-0.137193218
6773,0.228264153,0.649835408
6774,1.75869119,0.743220568
6775,-4.91666222,-2.13004065
6776,0.813456118,0.481828064
6777,1.18487728,0.297663301
6778,-0.245074615,-1.18212926
6779,-2.29381132,0.203319296
6780,0.851789951,-0.506908298
6781,-1.53625953,0.0979691222
6782,-1.6771872,0.350427002
6783,0.377783954,-0.251495957
6784,0.924729168,-1.20851493
6785,-0.122543201,1.61271536
6786,0.454817772,0.309532046
6787,0.114833727,-1.38870406
6788,0.836042941,-1.67471397
6789,0.63443172,0.363532603
6790,0.464278579,0.623318613
6791,0.0149477283,-0.120207869
6792,0.559470534,-0.0747739449
6793,1.33118761,-0.687494457
6794,0.152174234,-0.0704400614
6795,0.456131756,2.7217288
6796,2.17018533,0.924077868
6797,-0.130043551,-1.03801632
6798,-0.43166244,-1.71961522
6799,-1.7321378,0.788639009
6800,-0.924069226,-0.29564625
6801,0.39590773,0.527175426
6802,-1.63949621,-0.741915822
6803,0.227990583,-0.17629838
6804,-1.3839649,-0.710449815
6805,0.145355359,0.128068492
6806,-2.81786919,0.811659813
6807,-0.03342814,0.958432317
6808,-0.588011682,-1.08021152
6809,0.229810283,-0.0956061333
6810,-0.633284807,-0.449732631
6811,1.31453943,0.396174371
6812,0.331218749,-0.398937404
6813,0.431245059,0.496560812
6814,-1.52828825,1.26101351
6815,-0.856146514,-0.458524615
6816,-0.73532027,-1.01716363
6817,0.0982373208,-0.163086966
6818,0.608912706,0.467568785
6819,2.71181202,1.1378963
6820,1.15556121,-0.314147413
6821,0.104829371,0.0872498378
6822,-0.437090874,-0.936365485
6823,1.3844614,-0.677798212
6824,-0.448823303,-1.63629484
6825,0.134949207,-0.198165148
6826,-0.38493228,-0.26611644
6827,-2.20022511,0.676075637
6828,-0.292642117,0.590827942
6829,0.990114033,-0.241852909
6830,0.26043269,-0.417227149
6831,3.92829037,-3.77039766
6832,0.0485521592,-3.46770144
6833,-0.55354172,1.4220618
6834,-0.866966069,0.498458564
6835,-0.753714561,0.118534669
6836,0.624580801,2.20370579
6837,-0.424756855,0.412092
6838,-0.245045811,1.44313514
6839,0.835427523,0.0218997318
6840,0.372613251,0.446378022
6841,0.552141845,2.69253993
6842,-0.729579151,-1.73545897
6843,0.914840937,0.48146984
6844,-0.66146487,-1.15169847
6845,-0.27146095,0.104920901
6846,-0.299917936,0.101921543
6847,-1.76240432,-1.1756593
6848,1.21262693,0.381802768
6849,0.17403394,-0.398411036
6850,0.826265275,-1.54251945
6851,-0.0525807105,-0.12222892
6852,2.07485056,0.0621766672
6853,-0.854996383,2.45907092
6854,0.359460354,-0.761466324
6855,0.100356802,-0.667565346
6856,-0.342853904,-0.442605108
6857,0.00350816385,-1.02590966
6858,3.65957332,-2.0497241
6859,0.870346367,1.28247535
6860,-0.248352766,0.937018573
6861,-0.667725146,1.23984396
6862,-2.55409861,-0.587097526
6863,0.369501829,1.0791564
6864,0.59354192,0.494282991
6865,0.101053104,-0.738961697
6866,0.526740491,-1.3236469
6867,0.590577602,1.07588696
6868,-0.411524028,-0.181083873
6869,1.68040073,0.567810595
6870,-0.384902805,1.28835332
6871,0.274408758,1.13601363
6872,-0.947295606,-0.549924552
6873,-0.63819623,-0.44374302
6874,1.05753982,-0.381632715
6875,-0.401593179,0.41237548
6876,0.715476453,0.7459324
6877,0.602006435,-1.7189064
6878,-0.576466084,0.846201003
6879,0.0719653592,1.8800633
6880,1.68497634,-0.384670973
6881,0.227293134,-1.97906423
6882,-1.11954451,-1.93479943
6883,1.21866345,0.648204207
6884,0.0302317534,-0.111018784
6885,-1.44771421,0.973784626
6886,-2.19846106,-1.27720845
6887,0.307898015,-2.13282442
6888,-1.99771988,1.56567657
6889,-0.0888583139,-0.180293798
6890,-0.612687588,-0.269219697
6891,0.237207696,-1.7880255
6892,-0.738380611,0.147964686
6893,2.75421715,2.66720748
6894,0.825479507,-0.0696050748
6895,-0.874819458,-0.347317606
6896,0.465510488,0.722602248
6897,-0.0395062231,0.979606926
6898,0.0917399526,0.130532041
6899,0.321262121,-0.569444895
6900,0.731336594,-1.02273548
6901,-0.0394425392,0.490381777
6902,1.10142469,-1.12205279
6903,1.07430398,-1.12781274
6904,0.0168818012,0.861952603
6905,1.11759913,-1.21777129
6906,-1.22627044,0.499675781
6907,-0.898871183,0.872841418
6908,-0.248892665,2.69662666
6909,-0.0473463088,1.67239845
6910,-0.680938303,0.229962349
6911,0.662622094,1.07837796
6912,-1.25400388,2.39869714
6913,-0.329680502,-1.67834508
6914,0.777639985,0.885357559
6915,-0.531855881,1.34274304
6916,-0.7560004,0.484412879
6917,0.343562484,0.385746986
6918,-0.58486253,-0.355624557
6919,1.0952605,1.03147054
6920,0.27331838,-0.473706633
6921,0.141478717,-0.864297569
6922,-0.323637307,-0.0179502778
6923,-0.0720309913,0.218603685
6924,-1.54932141,-1.93810201
6925,-0.0234014597,-0.16972208
6926,0.57797575,-0.233511388
6927,-1.94219553,1.12637997
6928,0.867434084,0.540953279
6929,0.760089159,2.12916923
6930,-0.488153607,-1.75988507
6931,0.292480618,0.280957103
6932,0.34254089,0.0795685127
6933,-0.308027804,0.0309771076
6934,0.0113306344,1.20650482
6935,0.805554092,0.822559297
6936,0.900645554,-0.652684271
6937,-0.170182779,-1.90652776
6938,-0.461061805,1.20988202
6939,1.39976394,-0.03436042
6940,0.0977389887,2.008003
6941,-0.348648399,-0.193752676
6942,2.25779963,2.57394314
6943,-2.56805921,-2.15728402
6944,-0.932323694,-0.625094593
6945,2.13397241,1.94651508
6946,-0.738916039,1.41290832
6947,-1.74138129,-0.219399914
6948,0.20763734,-0.763040423
6949,0.419165701,-0.218260154
6950,-0.178280279,-1.27240777
6951,0.0486078225,3.41454983
6952,0.722372055,0.552390516
6953,2.46370292,-0.495348275
6954,1.34618688,1.38094211
6955,0.329421431,-0.2954714
6956,0.774418354,-0.783523619
6957,2.27402472,1.00703704
6958,-0.13830328,0.0753637105
6959,1.69654202,-0.549165666
6960,0.82329464,0.665161431
6961,0.999629319,-0.180215016
6962,-0.909112811,0.00948648341
6963,-0.570876896,-1.66344905
6964,0.304954946,-0.255152345
6965,0.0954181999,-0.857504487
6966,-0.553669751,0.555711091
6967,2.26346684,1.6843524
6968,-0.998210311,0.204181924
6969,1.18809736,-0.380765975
6970,0.314474255,-1.37229598
6971,0.428954601,0.222266793
6972,0.273922086,-1.52294528
6973,0.159141302,-0.195609063
6974,1.18817067,-0.74983716
6975,0.0423742495,0.756860018
6976,0.394900173,-0.479031414
6977,-0.0358190015,-0.626368105
6978,-1.37781429,0.0493508391
6979,-0.076257199,0.147780836
6980,2.18341494,0.559069037
6981,1.28780913,0.559918046
6982,0.139543459,0.0989139676
6983,-2.81972742,0.729610085
6984,2.46717525,0.0110475179
6985,-0.0255773962,-0.19813478
6986,0.695135891,1.51827037
6987,1.05574536,-0.222264498
6988,-0.490502745,-0.18539317
6989,1.07674277,-0.141700029
6990,0.884134948,0.312588781
6991,-1.04820907,-0.418298155
6992,0.741106093,-0.136218935
6993,-0.291236252,0.0666014254
6994,-0.0907316655,0.634033918
6995,0.709040701,0.270890355
6996,0.0949589908,-0.274313927
6997,0.732382119,0.631153822
6998,0.211134955,1.04546845
6999,-0.799744189,-0.774598777
7000,0.059365578,-0.477522165
7001,-1.26373529,1.7484082
7002,-3.27625895,0.211718023
7003,-0.191137567,-0.463448614
7004,-0.0133379428,0.367293656
7005,-1.01882493,1.01293898
7006,-1.29337239,0.89784193
7007,-1.39915538,-0.753097773
7008,-0.23822619,-1.24091256
7009,0.913914084,1.37297964
7010,1.05019045,0.597206593
7011,0.0320839696,-0.212380812
7012,1.67765689,1.76929188
7013,0.0933727622,0.589588702
7014,-0.475954682,-0.849002182
7015,-0.345930576,0.702255607
7016,-1.98093426,-0.230643317
7017,-0.489224821,1.54620397
7018,0.829372466,0.121661395
7019,-0.656408489,0.912735224
7020,-0.219612464,-0.91771096
7021,-0.620691955,-0.656949878
7022,-0.732128084,-0.934634805
7023,-0.857973099,-0.404651821
7024,0.949200511,-3.62277627
7025,-2.9048028,0.538566887
7026,1.02949202,-0.276091814
7027,-1.67699242,-0.802209258
7028,3.64083242,-1.68813956
7029,0.149893239,0.117132142
7030,-2.43097162,-1.65780354
7031,0.527550757,-0.0682781041
7032,0.0147460448,0.154370457
7033,0.63603735,0.597561717
7034,-0.495162189,0.823241413
7035,0.718137145,-1.02301359
7036,0.111471415,-1.60094631
7037,-1.17202759,0.852055669
7038,-2.10325217,0.475063533
7039,-0.394491404,0.596841455
7040,0.431261629,1.10538936
7041,0.124764949,1.04267907
7042,0.516462862,0.839370251
7043,0.357688487,-0.567031205
7044,1.4584235,0.486128122
7045,-0.783984244,-0.816187382
7046,0.651556015,0.204137817
7047,0.0877174959,0.841660976
7048,0.489138782,-0.428004712
7049,0.356116086,-0.510153711
7050,1.72606599,-0.715638101
7051,0.241348609,-0.871872365
7052,2.31816626,-2.41453028
7053,-0.813738108,3.27130818
7054,0.0335979536,-0.20847328
7055,-0.135086805,-0.249663696
7056,1.15823781,0.481916755
7057,1.36258841,2.25644064
7058,1.24682975,0.303555638
7059,2.47634006,-0.508223772
7060,0.109302603,0.454418689
7061,-0.516904414,0.208183005
7062,0.624827087,0.462419957
7063,1.47938883,3.98587084
7064,1.60227787,-0.189243168
7065,0.173047036,0.150732756
7066,0.134164959,-0.150861382
7067,0.427601039,1.1714195
7068,-0.346751779,-0.169772342
7069,-1.18595374,-0.128232792
7070,-2.04433608,-0.266850859
7071,-1.16574955,-0.757570207
7072,-1.12378037,-1.51150012
7073,-0.177611649,0.0939998478
7074,-2.39932609,-0.927112877
7075,1.87769127,-0.229508817
7076,-0.443978995,0.256078094
7077,0.998464763,-1.53535891
7078,-0.970009863,0.684849441
7079,-0.951912642,4.12316656
7080,0.62792182,-0.0759099722
7081,1.25184131,-0.654408813
7082,-0.838268042,-1.7349484
7083,-0.411896169,0.0225221422
7084,-1.67024457,-1.92860484
7085,-1.91360021,-0.06077509
7086,-0.658263743,0.0343806669
7087,-0.613315344,-1.83298361
7088,-0.424928159,-0.0917513222
7089,-0.248615608,0.172562197
7090,-1.51666129,-1.11231661
7091,1.44667673,-0.790051281
7092,2.19282746,0.106853075
7093,0.0267334841,1.65742564
7094,2.05524158,-1.05396235
7095,-0.29930979,0.0905142277
7096,0.351016402,-0.797127008
7097,-0.42473492,1.55979156
7098,-0.811952829,0.0731686652
7099,-0.164856851,0.153519809
7100,-0.0517090335,0.762767553
7101,-0.634314179,0.457158387
7102,-0.647505045,0.652366698
7103,-1.45585406,-2.41272855
7104,0.361090511,-1.06234407
7105,-0.56507349,-0.310211271
7106,-0.972293377,-1.68988681
7107,-1.37170112,-1.96516299
7108,-0.497201473,-1.59292388
7109,-0.0875589848,0.326813251
7110,-0.795684576,0.745992661
7111,0.258796722,0.407537848
7112,0.0952675566,-0.953963757
7113,1.18184829,0.948937595
7114,-1.96635866,-0.458765686
7115,0.537719846,2.0103724
7116,0.172725305,-0.017957069
7117,0.662171483,-1.5662111
7118,-0.203149676,0.69049257
7119,-0.14505282,-0.300705075
7120,-0.232380137,-0.00482982257
7121,-0.424935639,0.681033015
7122,0.398469061,1.30311096
7123,0.20647487,-1.00725627
7124,-2.60747337,-1.28296041
7125,0.718658566,-1.26017725
7126,-0.233905211,0.0100043127
7127,1.094419,0.800449252
7128,0.720538974,0.550057232
7129,1.26199925,-0.112947397
7130,-0.832093358,2.27147508
7131,0.471532017,-0.0350771323
7132,3.09899187,0.152156442
7133,-0.436846495,0.973103583
7134,-1.13786352,-0.10443712
7135,-0.596912622,-0.0309198555
7136,-0.0930057317,-0.175913662
7137,-2.5007515,0.4897376
7138,3.17574596,2.9682672
7139,0.455957234,0.381679446
7140,-0.827116609,0.14303641
7141,-1.3688848,0.538148701
7142,1.06304216,-1.70248449
7143,0.653328776,-0.865448534
7144,-1.78337979,1.11058605
7145,0.733210266,1.10757506
7146,-0.641126752,-0.782499969
7147,0.978136301,-0.786670864
7148,0.0429345407,-0.208067194
7149,1.20306492,-0.777080953
7150,0.74085933,1.37621677
7151,0.85372293,0.410510659
7152,1.00628293,1.67819381
7153,0.182541892,0.366175324
7154,0.194437563,0.118012264
7155,-1.22220314,1.49479473
7156,0.821829259,0.290711582
7157,-0.653171599,4.39411354
7158,1.7554009,1.01933181
7159,-1.93943763,-0.114599347
7160,4.50461674,3.01040602
7161,-1.16328382,-0.940350235
7162,0.441721886,-0.72722441
7163,-0.565650165,0.248517379
7164,-0.322738141,0.695975244
7165,-1.11010516,-0.341180623
7166,-0.00700035132,0.158599302
7167,-0.333610207,-0.243916526
7168,-0.732941806,-0.115849227
7169,0.285659283,1.89066076
7170,-0.0626948997,-0.27732867
7171,-1.0913161,-1.71647346
7172,0.212043792,-1.09568453
7173,-0.281450063,-0.110949777
7174,-1.62993097,0.844874263
7175,1.11778378,0.843915701
7176,-0.998576462,-0.563868582
7177,0.180676162,-0.572466373
7178,-1.57816017,0.140117988
7179,-0.0669246987,-0.377467602
7180,1.1791538,0.806260347
7181,-0.209565595,-0.664639533
7182,3.05813169,0.676534891
7183,-0.29974106,-0.228934646
7184,-0.404063135,0.0080750715
7185,0.310076803,-0.54515183
7186,-1.86097562,2.08997083
7187,-1.54302001,-1.44360995
7188,-0.125338271,-0.0216671135
7189,-1.12404621,0.486810029
7190,-0.560153484,1.13987315
7191,-0.282011658,0.343787372
7192,-0.273423493,-1.04799545
7193,-0.0415107459,0.165245011
7194,-0.356534213,0.329564333
7195,1.04040945,1.05356026
7196,0.802223742,-1.4962312
7197,0.566969454,0.307546884
7198,-1.43055034,-0.407338887
7199,0.0948683843,-0.264365613
7200,-0.0674773455,0.160715565
7201,-0.375953317,-1.34569383
7202,-0.987627745,1.05818141
7203,-0.151553601,-0.117580958
7204,-0.321226686,0.0889723897
7205,-1.43221378,0.331755936
7206,0.966798365,0.00818199385
7207,2.32489395,1.44764066
7208,1.60236549,0.552998781
7209,0.389944136,0.673240781
7210,0.00430156151,-0.183436543
7211,0.20714806,1.00266087
7212,0.404776871,0.601495206
7213,1.22880888,0.078410916
7214,-0.457370639,2.20411253
7215,3.06079483,1.61684501
7216,-0.142192021,-1.18536854
7217,1.29603517,-0.373851687
7218,-2.78566647,0.333130389
7219,0.159008503,0.119853199
7220,0.630568802,0.507955015
7221,0.586260378,-0.329304427
7222,3.39189458,-0.905263782
7223,-0.590133309,-0.850113213
7224,-0.708262205,0.158260196
7225,-1.3196559,1.01237059
7226,-1.44654357,0.556859195
7227,0.834231138,0.686524391
7228,-0.973707318,-0.935146093
7229,0.180545092,0.419929624
7230,-0.588012159,0.561210573
7231,-0.470886618,-0.0612047873
7232,-1.49599397,0.427597344
7233,0.91370821,2.11866021
7234,0.595657468,0.0374175459
7235,-0.106701538,-1.56011832
7236,-0.152440161,0.0288301297
7237,0.721166074,-0.19833459
7238,0.571651518,1.97511828
7239,-0.159240648,0.175283894
7240,-0.285163492,2.15768075
7241,1.10303724,-2.19099903
7242,1.85125709,0.0318746231
7243,-1.41426063,1.0258131
7244,-1.25463784,1.2947495
7245,-0.0103114294,-0.22286199
7246,-2.08085155,1.5417974
7247,0.740705073,-0.174712598
7248,0.309959322,0.10102044
7249,-0.843589664,0.303003132
7250,-0.0271897521,0.460379094
7251,0.616931498,-2.31425548
7252,1.36160445,-1.0744971
7253,0.21663028,-1.57940459
7254,2.16083193,-2.55784845
7255,-0.157701001,-0.32853964
7256,-1.89617586,2.36808777
7257,-1.24055231,0.539677978
7258,-0.185079515,-0.0687347278
7259,-0.449724466,0.291093528
7260,-0.0515498295,0.590366006
7261,-0.775136292,-0.0806946754
7262,-1.31398928,-1.10636866
7263,2.84400105,-0.664140105
7264,0.302445769,-0.159313947
7265,0.275714964,0.339033246
7266,1.26428699,-1.46650863
7267,1.20763803,-1.86577189
7268,0.467997074,0.0951229855
7269,-0.0652207881,-1.66046369
7270,1.1734705,2.32905602
7271,0.197159737,-2.35613966
7272,0.237782866,-2.11766553
7273,0.149843514,0.478190571
7274,-0.933861554,-0.517908454
7275,0.652765274,-0.649403036
7276,-0.343281835,0.305294245
7277,-0.317968726,-0.813889146
7278,0.574380696,-0.819923759
7279,0.0995272398,-1.03298891
7280,-0.929016769,-0.0321270712
7281,-0.545009196,-0.688599646
7282,-0.840396404,0.216742307
7283,-2.03641105,0.520679116
7284,0.486926287,0.85247463
7285,0.180270657,1.44732308
7286,-0.499400824,0.43327859
7287,0.860549092,-0.382676303
7288,1.22387648,-1.64500391
7289,-0.495978534,-0.187868863
7290,0.363797516,-3.24006462
7291,-1.8087188,1.1596874
7292,-1.59270072,0.522365868
7293,-0.422397435,-0.602658987
7294,0.876621485,1.11390293
7295,-0.832021356,-1.9396385
7296,-0.88050729,-1.66143596
7297,-0.192153722,-0.534057438
7298,0.183929816,-0.0233031288
7299,0.510742366,0.801657915
7300,-0.617696047,1.07882428
7301,-0.940780997,-1.03253901
7302,0.282010645,0.683897018
7303,0.205714673,-0.484081119
7304,1.02371025,1.17270088
7305,0.201813608,0.748692214
7306,-0.0519182533,0.207192361
7307,-4.4357748,-2.39582968
7308,1.37649703,3.39439368
7309,0.887863636,-1.14586639
7310,-0.149978966,0.418024361
7311,-1.91514051,-0.399476081
7312,-1.76744485,0.639911234
7313,-0.0796066895,1.31072056
7314,-1.0556978,-0.444776386
7315,-1.40633702,1.37767875
7316,-1.58939302,0.893016756
7317,-0.621340871,-0.0527749434
7318,0.407035589,-0.855016351
7319,0.632040977,-0.666163981
7320,1.06936538,0.477640241
7321,0.207109943,0.353402674
7322,0.31939891,0.464909554
7323,-0.460130602,-1.93203747
7324,-0.319437891,0.905241728
7325,-1.67538917,-1.23066044
7326,0.490273088,0.0349161699
7327,1.44963217,2.9164207
7328,0.558865309,-0.60269165
7329,1.0943383,-1.22078729
7330,0.0480402447,-0.468201518
7331,2.72966647,-0.608643651
7332,1.17956555,2.57026124
7333,0.366819561,-0.736089647
7334,0.691055298,1.17190158
7335,1.06174409,-0.0286888927
7336,-1.82286882,-0.546474397
7337,0.408174574,1.8924042
7338,-1.61132812,-0.320078403
7339,1.27593243,-0.375208467
7340,-0.339984417,-1.90871835
7341,-0.565750957,-0.580129862
7342,2.39960098,-1.06178904
7343,-1.41412139,0.636633277
7344,-1.39123821,-0.84602195
7345,-0.218850791,-1.5067023
7346,0.585183263,0.391519308
7347,-0.814813018,-0.258568585
7348,0.658145964,-0.612843394
7349,0.632464588,2.60343242
7350,0.0682524219,0.142178997
7351,-1.68382621,2.61976576
7352,0.49231559,1.61395955
7353,-0.200664893,-0.134469986
7354,-0.195664257,3.09504676
7355,0.441983253,-0.212260634
7356,-0.0600610115,-0.809332192
7357,-1.5365895,0.715287209
7358,0.0710183457,-0.131313503
7359,0.263694972,0.658208132
7360,-0.449144155,-1.44736302
7361,-2.22393131,-0.163468361
7362,-0.0922660083,-1.03961694
7363,0.0874525979,-0.0865735933
7364,0.19523868,-0.291772693
7365,2.05918264,1.09877062
7366,1.33409023,2.02734327
7367,0.0714034885,-0.311276376
7368,0.0826293752,-0.406957179
7369,0.644123912,1.08777905
7370,0.943173587,0.578365684
7371,0.150736883,1.43999362
7372,-0.0860419124,-0.668334424
7373,0.442031741,0.58679688
7374,-3.14038229,0.800451577
7375,0.0158871617,0.311358809
7376,-0.377368569,-1.06725347
7377,0.518417656,-0.0443518832
7378,-0.530161798,-0.504608214
7379,-0.25481686,-1.48084915
7380,-1.25581968,-1.05475092
7381,0.382940233,-0.212542474
7382,-1.29386532,-1.16274047
7383,0.553316176,-0.815134943
7384,-0.559049368,-0.28783074
7385,-0.170037687,0.126034051
7386,0.309243649,0.139881283
7387,-0.960834205,-3.60408854
7388,1.49555087,-1.91655719
7389,0.510993183,-0.580498576
7390,-0.102549672,-0.723720968
7391,0.146691769,-0.53979826
7392,-2.46066356,2.58093524
7393,-2.64522505,-0.866425574
7394,0.747044861,0.798082471
7395,-1.60608995,-0.877429962
7396,-0.264932811,0.0969474614
7397,0.130995676,-0.12705788
7398,-0.5754866,1.73561943
7399,-0.976469159,0.907879174
7400,2.69695306,-0.0148174828
7401,-0.521994054,-0.658412755
7402,0.0141466446,-0.324881434
7403,0.00376449851,-0.158038616
7404,0.362052262,0.00229110452
7405,0.26190114,0.586323619
7406,-0.29671672,0.0991361216
7407,0.776050806,-0.434864312
7408,-0.338059187,0.00931159686
7409,0.73307699,0.257158041
7410,1.27373612,0.736605167
7411,-1.10575879,-0.931077421
7412,-0.721515119,-3.48847246
7413,0.353929192,-0.120591417
7414,-0.266606182,-1.59612024
7415,0.912195742,0.202235729
7416,-0.0380949154,1.24239981
7417,0.996651351,0.061109025
7418,0.194842413,0.533527493
7419,0.561293244,0.957364023
7420,0.559652448,0.485299587
7421,1.11167502,-2.2895267
7422,-1.10660505,1.68661129
7423,0.182970777,-1.02675247
7424,0.309135914,-0.162085935
7425,0.823495328,-0.171321034
7426,-1.09979296,0.206467509
7427,-0.628226876,0.308885366
7428,-0.221711069,-0.502950847
7429,1.77509379,0.369403213
7430,1.24705863,-0.97446394
7431,1.04937112,-2.11036158
7432,-0.0323028974,0.5852018
7433,-1.77350223,-1.74399865
7434,-1.32507825,1.41035557
7435,-0.166585505,0.0783057883
7436,0.89090693,2.15405178
7437,-0.857575119,1.15719271
7438,-0.112916678,-0.972247601
7439,1.28509355,1.26671124
7440,-0.0314846337,-0.53654182
7441,-0.556530654,0.85490334
7442,-0.355729401,-0.157400876
7443,-0.00483553438,-1.33927333
7444,-1.40515709,-1.02459991
7445,-0.772337794,0.171732068
7446,1.07178521,-0.30817163
7447,-0.20455423,0.155454025
7448,-0.482116014,-1.50601232
7449,1.73182118,0.472211152
7450,-1.66686165,-0.0189460125
7451,-0.352481395,0.0998517126
7452,0.839773834,1.6654042
7453,-0.860082805,-1.83863473
7454,0.414464504,-0.506388366
7455,-2.21465635,-2.33305764
7456,1.53381979,-0.353390694
7457,0.777558863,-1.01369715
7458,-1.13313806,-0.826871395
7459,-2.81782532,-2.85172057
7460,-0.0852539465,0.757140756
7461,0.850617826,-0.620177925
7462,-0.394397825,-0.31553036
7463,0.458018303,-1.36361909
7464,2.28146458,-0.370354921
7465,0.180787086,0.0384923667
7466,-0.119538397,-0.135355711
7467,-0.448923618,1.04860163
7468,1.23886681,-0.192033395
7469,-0.535191238,-0.496603072
7470,1.42823362,-0.289539903
7471,-0.273316413,2.88323069
7472,-1.95691514,-0.00383870816
7473,0.635062277,0.182929367
7474,-2.20401525,0.0937053189
7475,0.0644342154,-0.186958104
7476,0.080836013,-0.469601661
7477,-1.61762905,1.00180244
7478,0.249632403,-0.179229975
7479,-0.122642472,-0.400680214
7480,-0.770373642,0.119543687
7481,1.09462202,-1.99591398
7482,-1.83182907,0.41836527
7483,-0.653999209,-1.51479995
7484,-0.501368046,-0.520141363
7485,0.366180509,0.119933933
7486,-0.167127416,-0.0918270797
7487,-0.613440037,0.789522827
7488,0.805964649,1.73104596
7489,2.66940093,1.35633647
7490,1.58506262,0.216899037
7491,0.346357346,-0.400269806
7492,0.564951062,0.531619608
7493,-1.23730946,-1.32025337
7494,0.273359567,-0.226403192
7495,-1.16477275,0.409144193
7496,0.844918132,-0.95577085
7497,-0.01621392,-0.666326046
7498,0.977182567,1.48280704
7499,-0.624508381,-0.903330326
7500,1.11539507,-2.14209747
7501,-0.734787047,0.414155841
7502,0.0924515575,1.61161578
7503,2.61370802,1.9287107
7504,-0.272815764,-0.608811319
7505,-0.981197953,2.10257173
7506,-0.888921857,0.840541422
7507,-0.748194635,0.0231126174
7508,0.45546788,1.8632338
7509,-0.0826657712,0.40880096
7510,0.494215846,-0.0395781696
7511,-0.044351168,0.792577863
7512,-0.0891889185,-0.985939384
7513,0.664643526,1.59263861
7514,-1.18121004,0.355013907
7515,2.5674386,-1.79325628
7516,-2.264709,-1.7013061
7517,1.48525286,-1.29859114
7518,0.378479987,-0.861292541
7519,0.169067189,-1.23607314
7520,-1.36954808,1.10150039
7521,-0.0800888687,0.180177927
7522,-0.0458928272,0.14968738
7523,-3.49667287,-0.567069054
7524,0.0710437447,1.46334183
7525,-0.0302737374,0.806474686
7526,0.0100714527,0.220480934
7527,-0.581765831,-0.808920443
7528,-1.06003714,-0.569972873
7529,0.218921512,-0.859789789
7530,0.124302812,0.43103537
7531,0.0163978878,0.60105443
7532,-1.84562349,0.801808953
7533,0.192885205,1.51541471
7534,0.882564723,0.579054594
7535,-0.530521929,-0.300514877
7536,0.66144079,0.490689397
7537,0.292462319,-0.50365448
7538,-1.19215322,0.0460901558
7539,-0.0693114996,-1.12847471
7540,0.423837334,-0.316661954
7541,-0.203000158,0.359342098
7542,0.344877213,-0.0267693698
7543,-0.631077588,2.50034118
7544,-1.81970906,-0.875915468
7545,2.62438011,0.744539261
7546,0.815496504,-4.38868618
7547,-1.45674253,-0.32885614
7548,-0.858986437,0.847940683
7549,-0.829631031,-0.227254137
7550,0.943414807,-0.280245364
7551,1.50942433,1.64700305
7552,-0.186695635,-1.50651228
7553,-1.08342993,-0.941938043
7554,0.277793258,-0.773714304
7555,1.17519951,0.972085536
7556,-1.57081974,1.71862566
7557,0.656257808,-2.51298714
7558,-2.74059558,-0.463908166
7559,-0.114503108,-0.592061698
7560,-0.430491239,-0.597853899
7561,0.633317113,-0.566350758
7562,0.881547034,-0.240549311
7563,-2.07300615,-4.13652325
7564,-0.858680367,0.112988047
7565,-0.0546621382,-0.433350474
7566,-0.50712806,1.76136947
7567,2.15093589,0.973698735
7568,1.07322717,0.767276466
7569,0.191780195,-0.812707245
7570,0.826126993,1.71508777
7571,0.235396326,1.5657649
7572,1.3351258,-1.36569703
7573,-1.45401669,2.30400348
7574,-2.07794118,-0.340127885
7575,0.961132348,0.500457823
7576,-0.350316346,0.732143164
7577,-2.19523883,-4.09544134
7578,-1.331285,-0.520037174
7579,0.151423424,0.270234495
7580,-0.0549243502,0.251782
7581,-1.22743213,2.0449903
7582,1.67312527,0.734498918
7583,-1.1165843,0.696813941
7584,1.4604882,-1.07575047
7585,-0.316685885,-0.908775747
7586,0.19571887,-2.27640867
7587,-1.2515161,-0.50753063
7588,0.982404351,0.783237576
7589,0.767633677,1.34137928
7590,-1.36829007,-1.41246164
7591,-0.202017352,-0.301468939
7592,-1.36707878,-0.369259208
7593,-0.0561668053,0.979886353
7594,0.147709236,-0.102236882
7595,0.684590638,1.59195006
7596,0.600448906,0.667920053
7597,-2.02089,3.32240081
7598,-0.153514147,0.551723182
7599,2.15124559,0.909214199
7600,0.15566209,-1.64342713
7601,-0.800222397,0.0537517145
7602,-0.775091231,0.793667614
7603,-1.44634771,1.21895242
7604,0.813462317,0.181914732
7605,0.714936912,-0.117304921
7606,0.249066845,-0.819136381
7607,-3.50880384,-2.83706951
7608,0.318464965,2.41348195
7609,-0.228736043,0.200132802
7610,0.418451905,0.0322252847
7611,0.779863715,0.580324769
7612,2.17817163,-1.06581318
7613,0.132760942,-0.524469912
7614,1.18724334,-1.07407796
7615,1.11160541,-2.43563199
7616,0.528418839,0.521669507
7617,-1.41392732,0.0760221928
7618,-0.18365781,1.60043335
7619,0.961998463,0.0509982184
7620,-0.350371629,-0.231212646
7621,-0.738015711,-0.0306323059
7622,-0.682318389,-0.595689714
7623,-0.416113049,0.277819514
7624,-0.705470383,-0.35857138
7625,-1.74868155,0.411236197
7626,-0.342749208,2.60302806
7627,-0.855206668,-0.706715882
7628,-1.9191426,-2.01323032
7629,1.5799855,-0.642306268
7630,0.92880702,-1.93943357
7631,0.573901713,1.52421403
7632,0.487314969,0.208681569
7633,0.182571039,-2.10616779
7634,-0.0249153599,0.229729235
7635,-3.20146108,1.32488811
7636,0.539159536,-0.628609776
7637,0.502277076,0.831042588
7638,0.519593298,-1.63018191
7639,0.257177711,0.108855031
7640,-1.00546014,1.02506113
7641,-0.785989642,-0.537659943
7642,-0.338468701,-0.842125356
7643,-0.364598215,-0.929582775
7644,0.160646245,-1.60726011
7645,0.411932141,0.409974724
7646,0.852519274,0.568227112
7647,-0.041150663,0.52529633
7648,-1.16723633,-1.12440884
7649,0.768588543,-1.84840679
7650,0.23392348,0.321531206
7651,-0.383307636,2.0814507
7652,1.18571067,-0.163694799
7653,2.32954431,0.0526303239
7654,2.7993083,0.826505423
7655,-0.367997646,-0.644320667
7656,0.144886136,0.195046082
7657,0.608113706,0.562046885
7658,-3.464396,-1.60211027
7659,-2.46948767,0.778482258
7660,0.775355518,1.05502892
7661,0.812028944,-0.123420417
7662,0.11909245,0.510588527
7663,1.04421222,-0.560183942
7664,-0.337835133,-0.802564979
7665,-0.388792038,-0.175887808
7666,-1.89445162,0.676252306
7667,-0.709205806,0.234582484
7668,0.246613264,-0.187684551
7669,2.46984959,-1.33267701
7670,0.441346079,3.03341961
7671,-1.84508884,0.134937078
7672,0.665245414,0.355725586
7673,0.969265342,0.231880441
7674,0.0155131109,-0.162229523
7675,-0.0577355288,0.813956201
7676,-0.607175887,-0.42705667
7677,0.0968507901,0.756072283
7678,-0.841608584,1.75061011
7679,-0.373566926,0.181850627
7680,0.225612789,0.181818008
7681,-0.457592219,0.663088679
7682,0.133555874,-0.153483048
7683,2.39138722,0.190590397
7684,1.82325828,-0.458122104
7685,0.815560043,-0.311715156
7686,-1.6423533,0.667279482
7687,-0.517951667,0.290404946
7688,-0.991986752,0.0324217267
7689,1.8083899,-0.382767141
7690,-0.949653089,-0.772030473
7691,-0.315272719,-5.00820875
7692,0.234873518,0.796847701
7693,0.276106268,-2.39258838
7694,-0.220912471,0.936316848
7695,1.0962311,0.350097805
7696,0.0444045328,-1.21313524
7697,1.52809155,-1.76429999
7698,3.5520196,0.565180361
7699,0.156680658,-0.00836542249
7700,0.0984443948,0.5795542
7701,-0.494041502,-0.303935677
7702,-0.622515917,-0.662911952
7703,-1.85272145,2.34575248
7704,-0.189012617,-0.291377336
7705,-1.17767,-0.381075233
7706,-1.52078807,0.297331899
7707,0.249182224,0.294061691
7708,0.347619355,-0.376931489
7709,-0.518460274,-1.19059432
7710,-0.242781058,0.215677202
7711,0.675770044,-0.530944407
7712,-1.50987709,1.5224936
7713,0.331501067,0.845998228
7714,1.49079549,1.05582249
7715,1.66476798,-0.326449335
7716,0.248107463,0.159653023
7717,-1.48166764,-2.75451899
7718,-0.728625417,-1.87251198
7719,0.250227302,-0.0104226572
7720,-0.0979744494,-0.264070928
7721,-0.497849762,0.0251314119
7722,0.220567495,0.790973127
7723,0.0685906559,-0.49163276
7724,-1.23301756,0.0369107313
7725,1.44652212,-1.64057183
7726,-0.219703197,0.602954328
7727,1.4851526,-3.75245762
7728,-0.103985056,-3.40011191
7729,-0.374091327,-0.0443866476
7730,0.676580369,2.15094042
7731,0.314167708,-0.0617094338
7732,-0.421636492,0.018538598
7733,-0.57262212,2.71978879
7734,0.1317081,-1.64702332
7735,-0.407685965,-0.324644417
7736,-0.154492348,1.58722961
7737,-0.162244469,0.62686789
7738,0.723242879,0.0892445073
7739,-0.475113511,1.20434356
7740,0.649297118,0.444068909
7741,-0.00170735037,0.64680928
7742,-0.779997826,-0.824061215
7743,0.037090838,0.129778862
7744,-2.32286048,-0.0604806803
7745,-0.506963432,-0.0647751167
7746,-0.248335734,0.377319396
7747,-0.268561393,-1.78846514
7748,1.90068066,-1.18297791
7749,1.71943748,0.0187418982
7750,2.91637707,4.18985987
7751,-1.85882354,0.326768994
7752,0.585870087,0.417575359
7753,-0.615844786,0.24720782
7754,1.41658616,-0.437870026
7755,-0.0403604284,0.518371165
7756,0.442173481,0.0696096942
7757,-1.82764244,0.118320845
7758,1.15578806,-0.514919758
7759,0.903189778,3.35209346
7760,-1.27028561,-3.10250711
7761,-1.14775634,2.83348894
7762,0.391014397,-0.964516163
7763,2.13012075,1.05517328
7764,2.38697386,-0.353895962
7765,1.77940619,-1.37319648
7766,0.0875618011,-0.930084348
7767,0.208011627,0.761459768
7768,-0.549251795,-0.125115693
7769,-1.47009003,2.13734007
7770,2.89177656,0.491969377
7771,-3.18775678,-0.106376745
7772,-0.512202859,-0.184062913
7773,1.21184468,2.5139122
7774,-0.825512707,0.840551019
7775,-0.00971983653,-0.584950387
7776,-1.83644104,-1.85093296
7777,-0.483309805,2.39815831
7778,-0.688695908,-0.37980631
7779,0.324677676,1.16453195
7780,2.53310251,0.773721933
7781,0.513667345,-0.749235094
7782,-1.48077559,-0.178035378
7783,-0.591688693,-0.385861903
7784,2.15565205,-2.43618059
7785,-0.183703631,0.0883251503
7786,0.329012096,0.355493337
7787,-0.663349926,1.58797157
7788,-2.27110839,-2.16579056
7789,0.0792478845,-0.201665565
7790,-1.58564448,-1.49412
7791,0.593314588,0.329878896
7792,0.0808942765,-0.72708416
7793,0.17025438,1.22232533
7794,-0.43175593,0.365939736
7795,-0.0958083346,-2.24992251
7796,-0.798937857,-1.72126341
7797,0.369389534,-0.204380274
7798,-0.716253996,-0.498550385
7799,1.28042269,1.33831215
7800,-3.25316811,-0.870538712
7801,-0.971850872,2.14833975
7802,0.00704619009,-0.176333845
7803,-2.76227975,-1.55499828
7804,-0.780349374,-0.455539852
7805,-0.802923977,-0.162278727
7806,-0.935157537,0.0605851412
7807,-0.754052758,1.34004438
7808,0.176643923,-0.388835102
7809,0.0190881193,-0.515856504
7810,0.530757189,-0.106716737
7811,1.72733343,0.222986862
7812,0.705650926,-0.0221646987
7813,0.606752276,-0.562335789
7814,0.881689012,1.19713926
7815,0.886629939,-0.284664899
7816,0.0500803217,-0.367400914
7817,0.966226041,1.41720712
7818,0.663780451,-0.175649002
7819,0.901421726,0.935160756
7820,-1.78171182,0.565575182
7821,1.75975871,-0.562595189
7822,-0.223836869,-0.105027027
7823,1.94908631,-0.944968045
7824,0.919921458,-0.485838681
7825,1.88109279,-0.371103197
7826,-0.00788739789,-0.561999261
7827,-1.28001797,-1.0974766
7828,0.702913046,0.644079685
7829,0.344534397,1.15721262
7830,0.049483642,-0.672493577
7831,0.143142909,0.0869273767
7832,-3.2457943,-0.21551834
7833,-0.8422876,2.91124368
7834,1.10109937,1.7889384
7835,2.309551,-0.284340054
7836,0.136175022,-0.168476984
7837,1.25175917,-0.661790371
7838,-0.526009202,-0.392181158
7839,-0.0884223282,-0.129027173
7840,-2.08570218,1.98854697
7841,0.821988821,-1.67217052
7842,0.134187847,-0.511376023
7843,1.03235793,1.68249011
7844,0.504333973,2.37591362
7845,-0.608906329,-0.357258737
7846,0.164941624,-0.10294655
7847,-0.616109729,-1.15727568
7848,1.72770667,-1.34415758
7849,0.524443507,-0.174132153
7850,0.0143741174,-0.336441725
7851,-0.0300627295,0.293510497
7852,-0.15294452,-1.40286839
7853,-0.189152181,0.161578998
7854,-1.53094649,0.734255254
7855,0.7319839,-0.327065408
7856,0.20411779,-0.236617073
7857,2.45354199,1.12874353
7858,-0.327334166,-2.29677081
7859,0.0235290118,0.60185802
7860,-1.25926042,1.47975326
7861,1.80383253,0.891269088
7862,-0.52668941,-1.54614651
7863,-3.58804107,1.49507332
7864,-0.0704851225,0.380158693
7865,-0.690995276,0.181147292
7866,-1.29140818,1.60484028
7867,-0.64548099,1.1023711
7868,1.72579122,0.880165458
7869,-0.626889884,-0.909830034
7870,-0.345958024,1.89139581
7871,0.95526123,-1.30372274
7872,1.13438356,-1.91596735
7873,-1.00553334,1.44470787
7874,-0.842340827,-0.162765056
7875,0.156712949,-0.280998439
7876,-0.668101966,-1.33626521
7877,0.922587216,-0.0384604856
7878,-2.62617254,1.09527397
7879,1.96895993,1.0590992
7880,1.12862158,-0.415121824
7881,0.221240535,0.310808241
7882,0.493703842,0.0569497868
7883,-0.1973667,-1.92820752
7884,0.563618541,-0.140643314
7885,1.95319831,0.283377469
7886,-1.6493839,-1.01306176
7887,-0.123661987,0.660940111
7888,0.9309991,0.523430705
7889,-0.0261991564,-0.325847059
7890,-0.31580919,0.374885142
7891,-0.218318477,0.231619462
7892,-0.332070649,-0.610161066
7893,-0.793835938,-0.107839577
7894,0.383055866,1.18733561
7895,0.193410993,-2.25263405
7896,-1.00579309,-0.099001497
7897,0.646414995,-0.185475543
7898,1.23563433,-2.93692374
7899,1.21600544,1.94501841
7900,0.269163877,-0.755297959
7901,2.56084228,2.24669075
7902,0.444384217,0.153967932
7903,-0.261129439,-0.153482586
7904,0.0874219909,-0.0676138848
7905,-0.690562427,0.366795272
7906,0.432176024,-0.142965883
7907,0.904126167,-0.477577001
7908,-1.23499024,-0.786135614
7909,0.345671952,-1.01797736
7910,-0.468030065,0.750802755
7911,-0.246982366,0.0581628047
7912,0.580133736,0.605986178
7913,-0.304273754,-0.295759857
7914,-0.193751156,0.666131377
7915,1.43962562,1.24431002
7916,1.73798883,-1.27944672
7917,-1.31089401,-0.86039418
7918,1.42355883,-0.450933754
7919,2.32324338,0.196623325
7920,0.00657618651,0.28571254
7921,-0.59116137,-0.845375478
7922,0.338267446,0.719957352
7923,0.179733917,-2.24464464
7924,-0.369375139,-0.712616324
7925,-0.157496825,0.276860178
7926,1.07187724,-0.517458677
7927,-0.454506248,1.83321607
7928,-1.218086,-0.480770707
7929,-0.435182154,-0.171798646
7930,-0.411685467,0.937185526
7931,0.458350867,3.40429139
7932,0.761924386,0.956052125
7933,-2.56877828,1.05311227
7934,-0.819438636,-1.72957098
7935,-0.862798631,1.00277424
7936,-1.67255092,-0.914754808
7937,-1.5296731,0.0607131869
7938,0.281950325,-0.271307677
7939,-1.62971663,-1.77972293
7940,-1.50775862,-0.0982019082
7941,0.717404485,0.191601783
7942,-0.986989975,-0.285763949
7943,-1.73993206,-2.33972263
7944,0.258040041,-1.1057502
7945,0.18772535,0.547723651
7946,-0.337145805,0.929829061
7947,0.384221196,-0.105727315
7948,0.494208217,-1.23794377
7949,-0.52155149,0.552440166
7950,0.765623152,0.254497737
7951,-0.110245086,-0.978789687
7952,-2.15681171,-2.73465395
7953,-0.181970656,0.12222264
7954,-0.284173548,-0.270210415
7955,2.65721226,-1.421875
7956,-1.31235611,-0.142971262
7957,-0.372376651,0.677007794
7958,0.434515476,-1.36979699
7959,-1.35024357,-0.569110155
7960,2.12018228,-0.841970503
7961,-0.577744961,-0.46395874
7962,2.46952534,-1.45914769
7963,-0.168902829,-1.78110898
7964,1.3120631,1.05633056
7965,1.46868789,2.86428285
7966,-0.509248912,-1.59674847
7967,0.945185065,0.0374177173
7968,0.0857284069,-0.982321441
7969,1.75451767,0.936100841
7970,-1.61060941,0.0910839811
7971,-0.58996141,-1.25595367
7972,1.22721326,-1.31329322
7973,0.131760687,-1.86201036
7974,1.41620362,0.978933096
7975,0.172568604,0.0357809924
7976,-0.0606747754,0.19352527
7977,-1.05812156,-0.0966393352
7978,2.80039859,-2.38395262
7979,-0.0854103267,3.04385853
7980,-1.05655611,-0.464102566
7981,-0.273684829,1.42006373
7982,0.000421850156,0.202460214
7983,2.8322463,0.2708956
7984,-0.396379679,1.92762899
7985,-1.91560256,2.04881144
7986,1.66156745,0.0148012014
7987,-1.55246449,-0.800814807
7988,-0.588584006,-2.94389582
7989,1.23900855,-0.145985782
7990,0.803065956,-1.62038743
7991,1.17895782,1.25944006
7992,-0.119737118,0.350106686
7993,2.07828331,0.330918849
7994,-0.359044135,-0.0261432547
7995,-1.03369558,0.0182962492
7996,-0.368445009,0.221051335
7997,0.126457408,0.128125653
7998,-2.08577871,1.04072857
7999,0.503883183,2.3110292
8000,-0.754799008,-1.86574566
8001,0.95645982,2.06661558
8002,-0.611747444,-2.06692743
8003,-1.82229173,0.287380397
8004,-1.12439811,0.93432343
8005,0.586357176,-0.0450625233
8006,-0.570527494,-0.671351254
8007,0.0358908996,-1.68108618
8008,0.171402723,1.96423113
8009,0.566106975,3.35109353
8010,0.781921983,-0.189647466
8011,-1.10646057,0.947304964
8012,0.778791904,0.729398072
8013,1.48272538,-0.529840529
8014,-1.36463451,-0.952029705
8015,-0.948317051,-0.984154999
8016,1.35684538,0.0390543453
8017,-1.3330617,-0.182298899
8018,0.333065599,0.675340295
8019,0.280537218,-1.38858497
8020,0.868779838,-1.0404526
8021,-0.911347389,0.378104806
8022,-0.212564155,-0.808336854
8023,0.522358775,1.21379304
8024,-1.60868108,-1.39073086
8025,-1.03343785,0.341073841
8026,-0.111098982,-0.622796655
8027,-2.38868856,-1.59497976
8028,-0.171401203,2.5468998
8029,0.343099415,-0.0847099721
8030,-0.749932587,-0.173970863
8031,0.575586557,2.30054164
8032,0.556599021,-2.36280513
8033,1.58095562,-0.379518867
8034,-1.34106362,2.02355528
8035,-1.58525229,0.542174637
8036,-1.78492892,1.22264504
8037,0.126235738,0.258085459
8038,0.383509725,-3.22027874
8039,-0.364273161,0.163677767
8040,-2.0488627,-3.74972081
8041,0.0540718287,0.263280243
8042,-2.04626656,0.709438086
8043,0.146834344,-0.077829279
8044,-1.48175597,-1.11764741
8045,1.61960137,2.47407269
8046,-0.259716362,2.95097446
8047,0.192855507,-0.162101343
8048,-0.231166363,-0.0340298899
8049,0.876528144,0.354925334
8050,0.151821524,0.554735601
8051,0.0392769873,-1.31920636
8052,2.89661121,-0.877545834
8053,1.4666208,0.492694288
8054,-0.0347827598,0.610439956
8055,0.660673738,0.375900716
8056,0.0383366868,-2.07359409
8057,0.645683527,-1.41982663
8058,-0.206085205,0.521478295
8059,-2.06496501,-1.75142801
8060,0.5231148,-3.51385164
8061,-1.09196389,-0.140955999
8062,0.176761165,-2.25667429
8063,1.2187407,-0.2157619
8064,0.0169167127,0.528199315
8065,1.73774934,1.28483617
8066,-0.590067327,-1.33612835
8067,1.78500545,-1.40903866
8068,-2.04897857,-0.0500657037
8069,-1.97560871,-2.43981385
8070,0.935128331,2.07497454
8071,0.969722629,-0.118656583
8072,-0.905752599,1.48252714
8073,1.51842213,-0.763328254
8074,0.505130768,-1.40805435
8075,2.6495831,3.83911037
8076,0.131870493,-0.521152675
8077,-0.801509917,-1.27652609
8078,-1.13769579,1.74497294
8079,-0.144618511,-0.281505108
8080,-0.0843399838,-0.561536789
8081,-0.764062226,-0.537725449
8082,-1.84024692,-1.73411071
8083,0.395936668,-0.660040915
8084,0.454689473,0.721236765
8085,-1.52004409,0.159997746
8086,-0.920562565,-0.277250588
8087,0.129310086,1.13561451
8088,1.48837483,-0.613214672
8089,-0.120935462,0.27707845
8090,-0.468210787,1.03141379
8091,-0.568886578,-1.12667477
8092,-1.29985011,-0.362789303
8093,0.295357555,-0.493581563
8094,0.646068811,0.969771266
8095,-1.59946752,-0.902080595
8096,0.023966331,0.140805095
8097,-1.9613359,-1.64910305
8098,0.216908932,2.5179019
8099,0.261560231,0.573820531
8100,0.518927097,0.436698169
8101,-1.62849593,0.62888813
8102,1.52102768,-0.0794624612
8103,-2.40281701,1.33873582
8104,-0.546680868,0.973841012
8105,2.69657969,-0.923348069
8106,-0.545703769,-3.02087092
8107,0.119219206,0.916337848
8108,-1.27650368,-1.94031239
8109,3.33927345,1.14333129
8110,-0.233237222,0.122884318
8111,0.252980649,0.355121404
8112,0.141656846,-0.21645613
8113,-0.575420082,0.282707095
8114,-0.0770076662,-2.30713916
8115,0.975093126,-0.983646214
8116,0.644752502,1.57871306
8117,0.541729867,0.0982021615
8118,0.1132349,0.101092428
8119,0.829498589,-0.422669351
8120,-0.395075023,-1.63388753
8121,-0.979366601,0.639559031
8122,0.974284232,0.439588696
8123,-0.683479548,-1.06310368
8124,-0.489306778,-0.792732537
8125,-0.609369755,-1.29202247
8126,0.0481056795,-0.199461833
8127,0.52495563,0.980208158
8128,0.960807621,-0.62268132
8129,0.338871717,-1.60573947
8130,-1.1250906,-0.703179657
8131,0.611189961,1.55452836
8132,-0.479118079,1.25047922
8133,1.414572,2.20316315
8134,2.16710329,1.48197889
8135,-0.976522624,-0.45356828
8136,0.712162733,1.94766688
8137,-0.740535378,-0.766263068
8138,-0.280777872,-0.863002062
8139,0.0158428866,2.12236285
8140,-0.423247904,0.206448808
8141,-1.84633541,-1.24844825
8142,-4.94328737,1.40088308
8143,-0.896551609,1.62699008
8144,-0.223553613,1.47835445
8145,-1.08246267,0.94483453
8146,-0.824762166,-0.724824488
8147,-0.908007741,-0.579942286
8148,-0.574176073,0.927616894
8149,-0.599673867,-1.11420798
8150,0.227154389,-1.50624359
8151,-2.57856274,-1.50806832
8152,0.239916831,0.569297969
8153,-0.460241705,-0.398448139
8154,0.577841461,0.412620217
8155,0.115180016,-0.134785146
8156,-0.218478978,-1.75036788
8157,0.378460169,-0.555127025
8158,0.207562789,-0.341227859
8159,-1.40551341,-1.81839371
8160,-1.02571332,-1.39959776
8161,-1.79803681,-0.0790004879
8162,-0.647569835,0.900592268
8163,-0.498587221,1.15357196
8164,0.261392474,-0.0221691821
8165,0.303611875,-1.33003283
8166,0.142913356,2.52851677
8167,-2.03381014,1.71641445
8168,0.174531043,1.4621439
8169,0.839372694,-1.00955713
8170,1.44767225,0.847192824
8171,1.05284262,0.0036459656
8172,-0.886824846,0.499833196
8173,0.226344541,1.20838797
8174,0.54204607,-0.373197824
8175,0.0206851531,0.556099296
8176,-1.50817811,2.06302524
8177,-0.447535664,0.664328992
8178,0.475622535,-0.355228424
8179,-0.784549415,0.200096175
8180,-0.583653092,1.47846007
8181,0.896898687,-0.100346118
8182,0.131592825,0.618098974
8183,0.663317919,-0.935443819
8184,-0.609657943,3.34567785
8185,-0.318902016,-0.0867104977
8186,-0.281123042,1.02317286
8187,-0.252254337,-0.718683004
8188,0.618779123,-0.0496851057
8189,0.13716878,-0.366808027
8190,-0.478194088,0.152245969
8191,-1.56003571,-0.385412037
8192,-1.4456749,-0.38173613
8193,-1.24001861,1.89502192
8194,0.441700965,-0.585250556
8195,0.627848625,0.263666242
8196,0.455696166,0.775141239
8197,-0.445935279,-0.459978551
8198,0.129549101,-0.112010315
8199,-0.100010961,-1.36432743
8200,-0.416495889,0.0788173303
8201,0.693872511,1.3122679
8202,-2.59887552,-1.32032371
8203,1.55204618,-0.148696363
8204,-0.391475976,-0.104835726
8205,-0.703953207,1.97094393
8206,0.581801832,2.55294967
8207,-0.138089657,-1.60963809
8208,0.373886347,-1.40400779
8209,1.16283786,-1.07251692
8210,0.256953955,0.0924521089
8211,1.12291479,0.229358077
8212,0.457823396,-0.447451293
8213,-0.964732826,-0.0552385151
8214,-1.50369143,1.41188109
8215,0.111914448,-1.12494445
8216,-0.169570982,0.0999811366
8217,0.116392501,0.506657004
8218,0.228089377,-0.804428637
8219,-1.12197721,-2.68037629
8220,-0.325661838,-0.884769619
8221,1.46816313,2.04049063
8222,0.867365897,-0.727696478
8223,-0.484499693,0.530741572
8224,-1.86066139,2.50821424
8225,-0.390937686,0.359632909
8226,0.405848503,3.14035392
8227,1.05538905,1.06843662
8228,-1.81221056,0.18042028
8229,0.0297815762,-0.0942571461
8230,0.530619979,0.839765668
8231,0.869822025,-0.353442639
8232,1.26770103,-0.531766593
8233,-1.55623674,0.671568155
8234,-0.563050866,-1.03585696
8235,0.222195461,1.67275012
8236,3.3124001,-2.95459032
8237,-1.31724954,1.4436965
8238,0.233692408,-1.3007617
8239,0.588248432,1.0980618
8240,-1.26192415,1.13103461
8241,-0.473703653,-0.356709927
8242,-0.952051342,0.365995586
8243,-0.0815578923,-0.156618372
8244,-0.123034753,-1.48889649
8245,2.12620258,-1.81046009
8246,0.622282803,1.22494698
8247,1.48039198,1.69829762
8248,0.0272378121,-0.0250156466
8249,-0.130238801,0.462432712
8250,-0.331897736,0.209720224
8251,0.683820724,0.0133329239
8252,-0.131268352,-0.0620362274
8253,-0.351933271,-0.140348867
8254,-0.798478901,0.761550486
8255,-0.0136987437,-0.466102242
8256,0.354014099,0.0636429489
8257,-2.31643009,0.695155859
8258,-0.15195623,0.367592037
8259,-0.781526268,-0.240076631
8260,0.528404534,-0.742172956
8261,1.28893399,1.07645226
8262,0.0649375021,0.782140195
8263,0.14336358,-0.455888242
8264,-0.431259394,-0.146243408
8265,2.06068134,-0.885874391
8266,-1.47359884,-2.16911292
8267,1.69360578,-0.096218355
8268,2.74381137,-2.30606556
8269,-1.45297253,-0.320871681
8270,-0.254155755,-0.172376648
8271,-0.163423777,-0.309722871
8272,-0.207101226,-0.943344176
8273,-3.91243815,-0.215854406
8274,0.419072568,0.649637341
8275,-1.02651918,0.0417905748
8276,-1.27906346,-0.530218661
8277,-0.638028145,-1.51764059
8278,-0.118094422,0.605526865
8279,-0.490917563,0.68251121
8280,0.048988007,0.690912902
8281,0.731526315,1.08417404
8282,0.614412963,1.50086141
8283,-0.468256801,-1.41446519
8284,-1.47562015,-0.312077612
8285,2.12994361,-0.17519778
8286,1.42706096,-1.77261889
8287,-0.267640799,-0.220066831
8288,-0.578821719,-1.82340908
8289,-2.88377881,-0.696694016
8290,-1.55284333,0.0457245149
8291,-1.54263926,-0.813262999
8292,0.310676664,-0.0157738123
8293,1.31256187,0.0412835814
8294,1.3036381,-2.19008636
8295,2.0355742,0.112524115
8296,-1.02718103,-1.23038054
8297,-0.0699787438,-0.8177526
8298,0.523117721,0.67822212
8299,0.882514179,0.207985535
8300,-1.47485948,-1.17021203
8301,1.26022458,0.808764875
8302,0.118339814,-1.40747344
8303,-0.117322668,0.696521401
8304,-0.615575016,1.9563185
8305,1.90581608,0.808518231
8306,1.69850314,-1.55666161
8307,0.480355501,0.677159667
8308,-2.39666152,-0.227780417
8309,2.44649673,1.18404472
8310,-0.267170548,-2.59885144
8311,0.0751982406,0.294131011
8312,-0.198328182,2.12106895
8313,0.594758987,-0.0416752845
8314,1.87907672,2.66072083
8315,-0.109003626,0.31380254
8316,-1.31164956,0.539732218
8317,-0.191279054,-0.117702305
8318,-0.0508538,0.301338881
8319,0.426303446,1.69771385
8320,0.0228059404,-1.79950941
8321,1.24660659,2.23001218
8322,3.44443417,2.20083404
8323,-0.882586241,-1.31368899
8324,-1.46153331,-1.55459583
8325,-0.748715103,-2.96415687
8326,0.127631307,0.496628582
8327,-0.471836627,1.07426286
8328,2.6805954,-0.402604818
8329,-0.0362200774,0.0837321803
8330,0.978294551,-0.531694412
8331,-1.69773543,2.05661416
8332,-0.300341696,1.91587424
8333,0.684176087,-0.767448723
8334,0.689380407,-0.591300011
8335,3.53695846,-0.184445694
8336,-0.687829614,0.749282956
8337,-1.40848756,-0.28748098
8338,-2.15087676,-1.34927237
8339,-0.766149759,-0.0267588347
8340,1.13623524,-0.553029776
8341,-0.710286736,0.792051315
8342,-0.979859948,-0.811990976
8343,2.94667053,1.35912967
8344,-0.477412313,-0.517218053
8345,-0.204592317,-2.89940977
8346,0.059825968,-0.876107395
8347,0.666908622,1.22241127
8348,-0.0196460728,-0.457631499
8349,0.130408704,-0.885382533
8350,0.11367549,0.42182669
8351,-0.126720756,-0.868369401
8352,0.649639904,0.355103344
8353,2.59104323,1.68683362
8354,1.33274841,-0.768219948
8355,0.462630242,0.864647388
8356,0.000460196025,-0.037034031
8357,-0.715431273,-1.29976237
8358,0.0478004999,0.441447496
8359,-0.181348532,-0.245565131
8360,-1.29515648,0.509551942
8361,1.72845209,-3.67736936
8362,-0.216605216,-0.193161547
8363,0.183956563,0.802452803
8364,0.715214133,-0.274659574
8365,-1.13690555,0.50950402
8366,-0.858433902,0.0860759318
8367,0.0599838123,-0.181183338
8368,0.41449517,0.184722915
8369,0.718747497,-2.21280026
8370,0.906772494,1.07900941
8371,-0.919677496,0.788500309
8372,-0.716901183,1.75216234
8373,-1.2235781,-0.507073939
8374,0.0177990533,0.364613235
8375,1.83972836,3.58293867
8376,3.3368988,-0.123928733
8377,0.466917753,1.5644244
8378,1.38653183,-1.31145716
8379,-0.151216805,-0.122868814
8380,-1.95462084,-1.09312856
8381,0.325843811,-0.54840529
8382,0.941200256,0.944872439
8383,-1.29086745,1.22010589
8384,0.638922572,-2.31993318
8385,-2.10925531,0.0391192958
8386,-0.297762334,-0.258296132
8387,-0.661134422,-1.21552312
8388,1.95646262,1.20582592
8389,0.434326708,0.523560226
8390,1.64954102,-0.520395935
8391,-0.220454842,0.23878248
8392,-0.142804682,-2.23555803
8393,-0.849243581,0.988541126
8394,-1.16899073,0.561227143
8395,-0.173798218,0.0258628633
8396,-0.565049291,-0.214876324
8397,-1.62188661,-0.635088623
8398,1.120314,0.2084243
8399,-0.830842078,1.44175184
8400,-0.581351399,-1.38108194
8401,-0.166837066,0.367019624
8402,-0.934134901,-0.0458909422
8403,-1.24150634,-0.72937578
8404,-0.0308548454,-1.43012333
8405,-0.760468721,-2.13053989
8406,-0.296181917,-0.22489737
8407,-1.76260042,0.766005278
8408,-3.71500683,0.964394093
8409,0.93047899,0.883778512
8410,-1.9866811,-1.99263752
8411,-1.55873311,-0.706577241
8412,1.09355998,0.471080333
8413,-0.665456653,-0.757744074
8414,1.45800614,-0.45179075
8415,-0.181309715,-0.0632041991
8416,1.13036215,1.11798108
8417,1.01097941,-1.020504
8418,-1.13145947,-2.19381857
8419,-1.14531469,-1.19583631
8420,-0.0584888607,-1.44284785
8421,3.18725944,1.68896198
8422,1.61683309,-0.513617337
8423,-1.99435329,-0.777580082
8424,-0.62894392,0.408507437
8425,1.34984815,0.243953809
8426,0.278090656,0.147524521
8427,-0.083700709,0.249941692
8428,-0.368119121,1.68909633
8429,-0.27521649,0.0390704684
8430,-0.939079881,0.939702988
8431,-1.29442799,-1.12134278
8432,0.186861247,3.45272446
8433,0.737100184,-0.627073288
8434,0.92529434,-0.484317154
8435,1.30260718,-1.56375766
8436,0.224900275,1.08500993
8437,0.350932837,0.850393236
8438,0.678134084,-1.37707806
8439,1.4339515,0.709412694
8440,-0.272798121,-0.127958491
8441,-1.3152169,-0.182879403
8442,-0.179074466,-1.48322141
8443,3.13886404,-1.02603316
8444,0.270177305,-0.83632654
8445,0.260039717,1.70010376
8446,-1.72894073,-2.94144869
8447,-0.876217842,-0.674847543
8448,0.512259424,0.15600881
8449,-2.48589969,-2.30728579
8450,1.28172743,-0.584851563
8451,-1.8576442,-1.04462194
8452,-0.812505782,-0.780486703
8453,-0.822173059,0.824565232
8454,0.919712245,-0.706216991
8455,0.317316294,-1.01395142
8456,-0.219930634,-0.429278493
8457,-1.39246678,0.383981675
8458,-1.2920239,0.207036227
8459,-0.42152068,1.69547558
8460,0.136586025,0.486332834
8461,-1.23332918,0.473147392
8462,0.0707179606,-0.473004878
8463,0.444522649,1.46980786
8464,1.26824617,-0.94087857
8465,-0.838323772,0.938333929
8466,0.00680900086,0.754025757
8467,-2.46097612,-1.19786978
8468,0.118526943,-0.391803354
8469,0.305436522,-2.68873835
8470,0.316322148,-1.17264402
8471,-1.38145649,0.610290229
8472,0.576601267,-0.396705985
8473,0.238231495,1.36476231
8474,-0.124511473,-0.163983196
8475,1.63180625,1.60020888
8476,-1.1287235,0.315680116
8477,2.22269058,-0.866710424
8478,1.10092199,-1.98851907
8479,0.400844485,0.296222836
8480,2.35448194,-1.55521572
8481,-3.67477965,-0.311747789
8482,-0.0174902976,0.311349064
8483,-0.47142151,1.80856919
8484,-1.87112987,2.07344031
8485,0.825157344,1.86223054
8486,-0.0886832401,-0.412478179
8487,0.324031174,-0.572045863
8488,-0.190598965,3.62012243
8489,-2.08029866,-0.68670249
8490,-0.0534830987,0.353844285
8491,-0.836788058,-1.06009758
8492,0.269518107,-0.355354428
8493,1.86674738,1.57283449
8494,1.14392567,-0.468408614
8495,0.618372321,-0.229265615
8496,-0.227010354,-0.419088572
8497,-1.16842711,1.90327418
8498,0.246186003,-0.770095527
8499,-0.444108635,0.225455716
8500,2.07129645,0.165281475
8501,-0.613412082,-0.620463014
8502,-0.791700065,-0.822617173
8503,-0.392289549,-0.919279158
8504,-0.721196413,0.720370054
8505,-0.598780036,1.06201625
8506,1.41279078,-1.8962177
8507,-0.747401059,-0.135132641
8508,0.464137435,-1.26970255
8509,1.50225294,1.46453118
8510,1.61060572,0.0984167382
8511,0.142905056,-0.0761435702
8512,1.77678764,-1.07758176
8513,-0.771229565,-0.624477744
8514,0.0250672307,3.6675303
8515,1.71540344,0.932454646
8516,-0.34868449,-0.0942805037
8517,-0.789771199,-1.47354317
8518,0.067112565,-1.74495685
8519,-0.387348831,0.653779089
8520,-0.0451199822,1.24271595
8521,0.342690766,0.364033371
8522,0.682901382,-1.9064697
8523,-0.265472054,-2.20286942
8524,0.852210879,0.737624049
8525,-0.74319315,-2.22200394
8526,0.759975672,0.4590092
8527,-1.20551682,-0.0260590501
8528,0.332176208,-0.0904806629
8529,-1.35324478,0.13642174
8530,-0.594075501,-0.229458138
8531,-0.33871457,0.815334857
8532,0.0907663926,-0.632975638
8533,-0.508948863,-2.51758027
8534,0.289027184,-1.99154985
8535,-2.56081438,-0.324098676
8536,-0.628397167,2.65865874
8537,-0.322294325,-0.29526943
8538,-0.0990715474,-0.746049881
8539,-1.18340337,0.354333729
8540,-2.20838904,-0.881231368
8541,-0.0145745743,0.0927572697
8542,-1.61838484,-2.89387083
8543,0.149281472,0.149472237
8544,0.184353098,-0.133529022
8545,-0.361670136,0.704935551
8546,0.461732924,0.329319835
8547,-0.0488934703,-0.754882812
8548,0.470979512,-0.0965074748
8549,-1.38259268,-0.537510753
8550,0.537040114,0.344572932
8551,1.45962501,0.729393065
8552,1.59508669,1.22238445
8553,-0.139371723,-1.00794172
8554,-0.986237645,0.314827383
8555,-0.468069136,0.424057424
8556,0.277008444,0.0817453638
8557,-0.657351911,0.333026022
8558,0.848087847,1.78538251
8559,-1.89417028,0.330157161
8560,-0.435257345,-2.90116358
8561,-0.544008076,-0.502057314
8562,-0.255695343,0.690110207
8563,-0.0681159273,-0.151210532
8564,-0.373399287,1.20307636
8565,-0.133245394,0.520872772
8566,-1.95924664,1.00656557
8567,-0.0995063186,0.148026124
8568,-0.109783687,0.0822926685
8569,-2.46237826,-1.08463717
8570,0.8765046,2.52993989
8571,0.349164426,-0.581515849
8572,4.27754593,1.78305864
8573,-3.86576295,-1.40043914
8574,-1.53362513,0.60233295
8575,-1.8243624,-1.57504904
8576,0.403174192,-0.279271007
8577,-0.444057137,-0.855448723
8578,-0.074124217,-0.705393851
8579,-0.889486372,0.229141548
8580,-1.50294268,-2.10197663
8581,-0.424735308,0.415230781
8582,-0.0128029948,-0.274289399
8583,0.455220312,0.174249768
8584,-0.322531313,0.119185008
8585,2.00295854,-0.00946669094
8586,-3.09294915,-0.154041007
8587,-0.31577754,1.6042186
8588,0.319390923,0.553791225
8589,0.289934397,-1.7599299
8590,-0.883994341,1.07974827
8591,-1.30900562,-1.30884469
8592,1.4573468,0.221201852
8593,0.0714243501,0.0726996586
8594,1.644804,0.0802914947
8595,-1.14511085,2.24673939
8596,0.236629203,-0.787086606
8597,0.272718012,-0.0535518602
8598,1.3519783,0.438177437
8599,1.63824654,-1.78317308
8600,1.76672328,-0.270237803
8601,-1.3638922,-0.554448783
8602,-1.10771561,-2.11596465
8603,2.57435131,1.63694549
8604,-1.14162755,-1.62154567
8605,-0.119396023,0.343147725
8606,-2.09764433,1.1576401
8607,-0.229804426,1.51014018
8608,0.42009905,-1.46329713
8609,0.0417094752,0.294907659
8610,-0.297963172,1.46193087
8611,0.0956059918,-0.334863186
8612,-0.6534217,-2.31289816
8613,-0.617167175,-0.634758532
8614,-0.838869095,-2.99880123
8615,-2.11168694,-0.783200681
8616,0.534523606,-0.362146795
8617,-0.189247698,0.00313890702
8618,0.113124803,2.49126458
8619,1.45261168,-0.400191963
8620,-2.1958952,0.870105028
8621,-5.59593058,1.35628915
8622,-0.144311234,0.519804478
8623,0.282815695,-0.749606133
8624,-1.42360222,0.854971766
8625,-0.699984491,-0.0692900792
8626,-0.790461779,0.115222692
8627,0.311110646,0.661134601
8628,-0.182046056,-1.61268139
8629,0.402618706,-0.535164058
8630,-0.939817131,0.143650323
8631,-0.846183777,-0.973937988
8632,-0.607778549,0.326549381
8633,-0.0218961332,-0.702161372
8634,1.52586949,-0.450212866
8635,0.20815067,-0.412218183
8636,0.185907021,0.0105878934
8637,-1.68663931,-1.47909117
8638,-2.39749384,-1.7140671
8639,-0.943579555,1.83563125
8640,-0.0249820352,1.82566714
8641,-0.225801274,0.650449336
8642,0.36787647,-2.04713941
8643,0.143099338,0.416142464
8644,0.736489594,1.37770367
8645,-0.429794341,-0.517613947
8646,-0.807867348,-0.237047538
8647,-0.11889945,-0.116448097
8648,-0.278660566,0.45936805
8649,-0.37313664,0.578305721
8650,-1.29826844,-1.16915309
8651,-0.345960885,0.0882546231
8652,0.186504796,0.625903249
8653,-2.90544796,-0.287359506
8654,1.56608796,-0.344692647
8655,-0.777430117,-0.851690471
8656,-1.06783772,0.187600449
8657,0.504478812,0.551310301
8658,0.44648096,-0.463395536
8659,2.12640524,2.14812994
8660,-0.662642658,0.700787306
8661,-0.0140459863,-0.413946003
8662,-1.16879606,-0.170528337
8663,-0.405422658,0.663335919
8664,0.0799687728,-0.2654441
8665,-0.269464433,0.574404776
8666,-1.98325396,-0.366941154
8667,-1.09361815,-0.54774791
8668,-2.03759646,0.22110334
8669,1.01541913,4.02667141
8670,-0.220259205,0.757899106
8671,0.640980422,0.808129013
8672,-0.170284748,0.378489584
8673,-0.817626953,-0.0748334825
8674,1.42088211,0.828970373
8675,1.6622088,-1.35379577
8676,-0.481108814,0.822270811
8677,-0.196924463,-0.219966546
8678,-1.41405737,0.379565835
8679,-0.834709942,-0.690585256
8680,-1.0934732,-0.0748829767
8681,-1.13481188,-0.437073499
8682,-0.310536683,-1.45210266
8683,-1.39670384,-0.464233011
8684,0.350221127,-0.173733383
8685,0.535131812,0.269293904
8686,0.226945475,-0.101754658
8687,-0.312387556,2.59775829
8688,0.295394003,-0.246999875
8689,1.38178253,-0.544553936
8690,-0.825484216,-0.565871656
8691,-2.15457249,0.961222708
8692,0.236071646,0.130232915
8693,0.252928525,1.0004133
8694,-0.462290138,0.133530855
8695,-0.192786261,0.244465068
8696,0.154488325,-0.603346109
8697,0.126305997,0.113174841
8698,-0.824623346,-0.861798108
8699,-0.0508571453,-0.165068433
8700,-0.0587722287,5.11732006
8701,0.38235721,0.117465094
8702,-0.584799588,0.260720223
8703,-0.678596199,0.553566337
8704,0.169511005,0.930070281
8705,0.10358116,-0.758077383
8706,0.022625342,0.146472111
8707,1.83789444,1.2250694
8708,0.229925156,0.452072948
8709,-0.32278806,-0.355299473
8710,-0.0449889675,0.152986854
8711,0.0419171676,0.177888408
8712,-0.664420784,-0.534828961
8713,0.783344448,0.11984323
8714,-0.221107751,0.57021898
8715,-0.0854540989,0.168725565
8716,1.91055167,-0.0910783038
8717,0.741430104,0.729641914
8718,-0.128708437,0.185186312
8719,0.334602684,0.839553058
8720,1.52152443,-0.989119768
8721,0.282540679,0.422055393
8722,0.519626975,-0.106816813
8723,0.367930919,-1.60475588
8724,0.216835186,-0.173415452
8725,0.88934356,-1.56381369
8726,-1.767573,-0.333355933
8727,2.21637774,-0.892086923
8728,1.29337502,3.24548435
8729,1.29207158,0.430795282
8730,0.116273575,0.574856818
8731,0.341761827,2.52432108
8732,-1.08036482,0.412670225
8733,0.0758097172,-0.366569042
8734,-2.8047514,-0.700894415
8735,0.193336979,-1.3117497
8736,-1.54022992,0.752084613
8737,0.00410216814,0.855392218
8738,0.407301575,-3.03203821
8739,-0.0908081159,-1.32493758
8740,-0.615301192,1.77808177
8741,-0.682329476,-0.0485705994
8742,0.128655672,0.131094098
8743,1.02000546,1.85855699
8744,-0.866693616,-0.2718032
8745,-0.0418293513,1.13617826
8746,2.06622791,-1.79440963
8747,0.349273264,-0.479114711
8748,0.73816967,0.48349905
8749,-0.0973377973,0.462821245
8750,-0.198526204,0.717769861
8751,0.219187498,0.339740038
8752,-0.517562449,1.36606193
8753,0.592767894,-0.0455845036
8754,0.709910274,-1.06638455
8755,-0.439391196,0.186669827
8756,0.960850239,-1.9395417
8757,-3.57303429,0.321462184
8758,-0.476843685,0.222820878
8759,-2.63026905,0.952414095
8760,0.421941012,0.490261853
8761,-0.0044471412,-0.298918843
8762,0.34136042,3.00185347
8763,0.764300227,-0.525596917
8764,-0.112225823,-0.325715005
8765,-0.19039771,-0.115621522
8766,0.605254769,-1.54764938
8767,-0.41700384,-1.80636501
8768,0.587175906,0.717791378
8769,0.612906098,0.262288839
8770,-1.43332458,0.0319817215
8771,1.09201956,-0.616023242
8772,0.0750825033,2.01668215
8773,-0.619771779,0.573837996
8774,0.67135179,-0.225071654
8775,-0.842101932,-0.187692434
8776,0.292579353,-0.03824047
8777,-0.696635723,0.484290659
8778,-1.35909593,-1.31991506
8779,-0.143560961,-0.0918241739
8780,-0.397330999,0.557809651
8781,0.176930636,0.716572762
8782,0.344492227,0.502462924
8783,1.03624713,1.49076319
8784,0.534286082,-0.618724763
8785,-1.77804375,-0.82940501
8786,-1.39781642,0.134378999
8787,1.95131397,2.35368371
8788,-0.0644103959,0.132576689
8789,0.187060326,-0.596359193
8790,0.959743559,0.286143005
8791,0.0491296314,-0.529702663
8792,0.941531956,-0.5624699
8793,1.57751954,-0.687241673
8794,-0.865003645,0.480480522
8795,0.0622403659,0.828264236
8796,0.0572167821,0.134317771
8797,-1.00830472,-0.110344194
8798,-0.499769211,1.79363406
8799,0.0545338355,-0.569003999
8800,-3.60309672,1.92303538
8801,0.40913108,-0.361861795
8802,0.0724189654,-1.04340911
8803,0.473746985,0.807151437
8804,4.22546053,0.197808996
8805,-0.661433756,0.601286411
8806,-1.80573642,-1.30040073
8807,-1.6853925,-1.46348929
8808,0.439198732,-0.137794927
8809,0.255981565,-0.0287125334
8810,1.06752288,1.70358002
8811,-1.77691507,0.587157607
8812,-0.668596268,0.342482448
8813,-0.15236409,-0.192706242
8814,-0.724069238,0.711273074
8815,1.24660993,-0.593415499
8816,-0.854526281,-1.02461445
8817,-0.512429774,0.61364156
8818,0.804930508,-0.68049413
8819,0.669146955,0.196742758
8820,-1.31783807,-3.86314106
8821,-0.413921952,1.34951067
8822,-0.868242502,0.518007815
8823,-0.00157166691,-0.209716514
8824,-2.47619534,-1.6602118
8825,-0.599844456,0.75676173
8826,-1.68455791,-0.954509795
8827,-0.330972463,-0.482082903
8828,-1.14481246,0.155504972
8829,-2.51911902,-1.56831181
8830,-2.90323877,-0.500001967
8831,-2.38480353,0.743345797
8832,1.3930074,-0.119659565
8833,-2.93606448,-1.84068894
8834,-0.648129642,1.0813036
8835,-0.242757082,2.73624086
8836,-0.305971533,-0.193066299
8837,-0.000268945645,0.210264534
8838,-0.941943109,-0.990477741
8839,0.74075067,-0.167247355
8840,1.63453734,-0.167540938
8841,-1.1636616,0.655147135
8842,0.213416547,-0.242485702
8843,-2.37561727,1.99900877
8844,-2.26907539,0.0432899557
8845,1.67917335,-1.30385995
8846,0.486706287,0.0628104955
8847,0.723478973,0.0152888354
8848,0.52454555,0.657208979
8849,-0.361052006,0.427974373
8850,-1.73549891,0.136469975
8851,0.180503309,1.36282086
8852,-0.248126447,-1.19532239
8853,0.341806978,-0.124915473
8854,0.101450123,0.194375694
8855,-1.22291052,-0.903102577
8856,2.11747217,-0.946053863
8857,-0.225715071,0.368915081
8858,-0.746963143,0.331787497
8859,-0.945004582,0.105401725
8860,-0.0530638248,-0.159663111
8861,-2.14904976,2.05659127
8862,-0.0539676398,-0.174651131
8863,-0.946077943,0.156099081
8864,-0.0719157606,0.359029919
8865,1.53910506,-0.873865664
8866,1.14120221,-0.488856971
8867,-0.425799578,-2.1220715
8868,0.925391734,-0.472941965
8869,1.07621157,0.598840833
8870,-0.441056311,0.0534553416
8871,0.233152419,-0.0568036884
8872,1.49462485,-0.527390838
8873,-0.346296638,-0.163616464
8874,-0.697241604,1.5492655
8875,1.87652373,0.640999794
8876,1.14203763,-1.56222451
8877,-1.3217442,-0.43983674
8878,0.366622776,-0.0512311831
8879,0.236182109,0.309267879
8880,0.802840829,0.90781039
8881,0.777278662,1.13717842
8882,0.364554793,0.152712569
8883,-0.930763364,-0.167478621
8884,0.0279166922,-1.29954267
8885,3.03618884,0.26807034
8886,0.274976462,0.581032693
8887,-0.655321896,-0.565377176
8888,0.0653779358,1.22598124
8889,-1.49420321,-2.29714108
8890,-0.244205251,0.897341371
8891,-0.779492974,1.0091871
8892,-0.727523983,0.392079979
8893,-0.652704775,0.525668681
8894,0.0951028019,-0.169836462
8895,-0.850712001,-0.172604635
8896,-0.0689275041,-0.598267198
8897,0.528462112,-0.254305303
8898,0.507128119,-0.659291923
8899,-0.541386306,-1.24805462
8900,0.328988671,2.44371033
8901,-1.30095327,-1.27187657
8902,1.61256933,-1.50584114
8903,3.86577249,-0.64587152
8904,0.275843143,-1.09428632
8905,-0.860389829,0.0301050544
8906,0.919316828,-1.24944556
8907,1.12835348,2.11416292
8908,2.0892067,0.952284813
8909,0.934683144,-0.462545484
8910,0.828795493,-0.480412871
8911,0.629552484,0.370514363
8912,1.03008568,-0.670382082
8913,-1.07144439,1.20155907
8914,0.643880844,0.343547851
8915,2.01278019,-0.356888592
8916,-1.48864591,-0.253867447
8917,-1.3406688,-0.342131674
8918,-1.71432185,0.892381728
8919,-0.192178428,-0.271572262
8920,-0.928450286,-0.638779223
8921,-0.774763465,2.44077659
8922,-0.962180853,-2.28310561
8923,3.20624375,0.745159805
8924,-1.49120176,0.476076961
8925,-0.0561077148,-0.483160764
8926,-1.81868017,-0.931410074
8927,2.25575399,-0.913970113
8928,0.446627915,0.225818187
8929,1.78692865,0.910288393
8930,1.73590434,0.63448149
8931,-2.69023728,-0.467092365
8932,-1.64872909,1.651528
8933,0.41656059,-0.180860773
8934,-0.538063228,-0.109283827
8935,-0.825799763,-1.88207293
8936,-0.537658274,0.494510323
8937,-0.640976131,-3.42691994
8938,2.08964729,0.931356728
8939,1.25937498,-0.996711791
8940,1.29068863,-0.81399858
8941,-0.990597308,0.413920373
8942,1.91066992,-1.03495336
8943,0.180283308,-1.82336211
8944,-0.670551777,0.528621852
8945,-1.85393012,-0.53127861
8946,0.568802714,0.0173511766
8947,-0.722954988,-2.59306431
8948,-0.595588803,-0.425011039
8949,-0.16252102,-0.936216891
8950,2.08546996,0.193855479
8951,2.86279869,-0.501281679
8952,-0.703292727,-0.55937314
8953,0.902095914,0.772450626
8954,-2.93223095,-0.00261424226
8955,-0.664276183,-0.754826784
8956,0.408795506,0.143298179
8957,0.341399908,-0.0281343497
8958,0.748016238,-0.459126443
8959,-0.318528175,-0.382236362
8960,0.37213859,0.0710860267
8961,1.42900002,0.491245419
8962,0.274512023,0.671720445
8963,-0.677828848,0.339281976
8964,0.21060963,-0.0978967771
8965,-0.987888038,-0.145106226
8966,-0.00632184045,-0.251675367
8967,-2.09366226,0.917813778
8968,-1.48218083,-0.614538372
8969,-0.0526206903,0.220575884
8970,-1.30062258,-1.37990272
8971,-1.42971873,0.887406588
8972,-0.191389635,-0.133452356
8973,-1.72845066,0.348320812
8974,-0.753689349,-0.300209045
8975,-2.50560927,0.833100617
8976,0.830944955,-0.331115574
8977,-1.85390687,-0.900900543
8978,1.20738757,-0.678005576
8979,0.63975817,-0.234594658
8980,0.248121426,0.287706524
8981,-1.62603068,0.0418485478
8982,-0.105215304,-0.889640272
8983,0.526402593,-0.549650013
8984,-0.319119155,1.65630436
8985,0.144432127,1.57337785
8986,0.494003832,-0.205121815
8987,0.531707168,-0.946783483
8988,-2.0441308,-2.78215837
8989,-0.341541916,-0.281167418
8990,-0.161943719,-0.481568962
8991,-0.383805186,-2.30993533
8992,1.130319,-1.37018359
8993,-2.39879727,2.08103204
8994,0.230682522,0.268909246
8995,1.36771977,2.30394888
8996,0.612522066,-0.483255625
8997,-1.2398876,-1.56099725
8998,-1.80530512,-0.697582841
8999,0.241656512,-0.28322953
9000,-1.94105887,-1.58098197
9001,1.89913201,0.567280829
9002,0.438730568,0.0366552323
9003,-0.284974724,0.0525261015
9004,0.1558211,-0.170228899
9005,0.400569916,-2.42172408
9006,-1.14682889,0.373443484
9007,1.7773391,-1.70923734
9008,-2.42860579,0.345809042
9009,-0.345355093,0.0924402997
9010,2.69615078,1.18431306
9011,-0.299641788,-2.08402586
9012,0.720216274,-0.401167989
9013,0.261788547,1.21319401
9014,-0.662608027,-1.92504883
9015,-0.144682586,0.320289344
9016,-0.387128562,2.26641512
9017,2.07619309,-0.315418422
9018,0.317596734,0.0374426246
9019,0.303047657,-0.0774374008
9020,-0.285251439,0.15285629
9021,-2.13721442,0.873757124
9022,-0.559051216,0.171904698
9023,1.2691071,2.41228557
9024,0.0362108909,-0.17216748
9025,0.934533656,0.0529250316
9026,0.0283900592,0.861486852
9027,-0.0663917214,0.652778268
9028,-0.787046969,2.93271327
9029,0.363037735,-0.221193835
9030,-0.568434834,1.39482856
9031,-0.506106973,-3.22720671
9032,0.96709621,-1.86727428
9033,1.23104286,-2.42835808
9034,0.12767905,-0.394695163
9035,1.53545153,-0.137434721
9036,0.352788925,0.471614838
9037,0.384219825,0.576419175
9038,0.57560581,0.555326521
9039,-0.720704198,-0.50033474
9040,-0.513897836,0.205808863
9041,0.170609608,0.899411798
9042,-0.753526688,-0.0564662814
9043,0.244971201,0.0528092571
9044,-0.428429246,0.382838368
9045,-0.156865686,-0.126633152
9046,0.595292151,-0.210177898
9047,0.80952543,1.98998988
9048,0.347435862,0.340322763
9049,-0.665757,0.354736447
9050,0.981036007,-0.271560371
9051,0.577130914,1.8315686
9052,0.955237508,-0.849342346
9053,-0.356800288,-1.2077117
9054,0.240619868,1.72229922
9055,2.14196682,-2.68315673
9056,-0.276231229,-0.176431954
9057,-0.596786261,0.237600088
9058,-1.92406535,0.836783886
9059,-0.534767509,-0.490215212
9060,-0.280947268,-0.23681511
9061,0.735488832,2.31782484
9062,-0.518317342,-2.27203488
9063,1.54355621,0.668278873
9064,-1.48443246,-1.7878834
9065,0.51084286,-0.671503127
9066,-1.66017365,-0.700248957
9067,-0.486528635,-0.523020685
9068,0.380245656,-0.0318974853
9069,-0.246872991,0.0270976033
9070,-0.981583774,0.159475371
9071,-2.32412481,1.01292503
9072,0.0761263818,-0.144531757
9073,0.412734002,0.0765145421
9074,-0.0981041566,0.556031466
9075,-0.432830423,-0.703148305
9076,0.214279413,-0.0366233326
9077,0.899954498,-0.35701555
9078,0.235371858,1.24515975
9079,-1.03216517,0.744847
9080,0.366995424,-0.0437625423
9081,0.634920418,-1.37717354
9082,0.342094034,0.354874104
9083,-2.63822818,-2.62184143
9084,-1.46896732,-0.0433153696
9085,-1.48123455,1.30686426
9086,0.0796669424,-0.49897632
9087,-0.271774918,0.111951992
9088,-0.213294879,-0.0645157024
9089,-0.116714977,0.789825559
9090,0.329552591,0.113665916
9091,-0.394097,0.701014161
9092,0.421931446,-1.41559505
9093,0.701780021,1.03191173
9094,-0.721099138,-1.63317621
9095,0.260669649,-0.476088583
9096,1.28762984,1.92655885
9097,1.39414251,0.91032213
9098,0.770545065,0.131746486
9099,-0.348022342,-2.1912787
9100,-0.274902284,0.804168284
9101,-2.12405086,0.0738957748
9102,0.0510728657,-0.205204368
9103,-0.156841606,0.981213391
9104,0.237978861,0.228302255
9105,1.02029121,-1.5039382
9106,-0.241393402,0.196101099
9107,2.26114225,0.779148996
9108,-1.60925245,-1.10385334
9109,-1.0961808,-1.00604486
9110,1.14288008,-0.0828345418
9111,0.960545719,-0.111261435
9112,0.103793822,-0.00796673447
9113,-0.590187609,-0.24684602
9114,-1.11959004,-0.984526932
9115,-0.239510432,0.114957951
9116,2.23537898,1.80117762
9117,-1.64181304,0.200150698
9118,-3.06180334,3.30020499
9119,0.594740689,-1.05668724
9120,-0.297414303,-0.59653151
9121,2.70534468,-0.440260351
9122,-1.50092924,-0.332863688
9123,1.13215303,-3.24361467
9124,-1.26029348,-1.16557431
9125,0.0798868611,1.15286267
9126,-0.572002351,-0.725082576
9127,-0.632094145,0.459456176
9128,0.773996711,0.646484673
9129,0.342466265,0.729457617
9130,1.06383169,-1.26582193
9131,-1.22868526,-1.31650651
9132,-0.640782297,-1.51938832
9133,0.149133027,-0.19476673
9134,-1.99562097,-0.0166140273
9135,0.264076561,-2.30680847
9136,0.278976619,-0.454744995
9137,0.97707504,0.219774708
9138,0.447231501,-0.206684679
9139,1.32376313,1.26604009
9140,-0.157831669,0.0308089461
9141,-0.0849962011,-0.49352482
9142,-0.726890028,0.70523715
9143,0.0029366219,-1.140908
9144,1.60588169,-1.58555675
9145,1.93608844,0.281988889
9146,-0.273702353,-0.804945767
9147,-0.146072969,0.227901399
9148,1.04915905,-0.351960689
9149,1.45654511,-0.319593847
9150,-0.214766949,1.20089424
9151,-0.94402802,0.122873798
9152,0.456136793,1.12366736
9153,1.58705103,-0.174856111
9154,-0.276391983,-0.137432814
9155,1.07815051,-1.29408538
9156,-0.594760776,0.591916263
9157,0.168681577,-2.65891409
9158,-0.424343377,-0.770083129
9159,0.873539269,0.812279046
9160,0.363034904,0.322234064
9161,-0.189066395,-1.49085557
9162,-0.360877901,-2.32025123
9163,-1.83360755,0.381046474
9164,-0.177656457,0.236838579
9165,-1.05779552,1.3857944
9166,-0.587568521,-0.520122468
9167,0.433025718,-0.102960259
9168,0.934692204,-1.0862298
9169,-0.402396709,-0.93518281
9170,1.08882785,2.21592426
9171,0.30985719,-0.151658207
9172,-0.069481127,1.00478184
9173,1.17667305,1.76442277
9174,-0.0124632185,0.275156528
9175,-1.27237189,-3.14701295
9176,0.443985283,-0.167745218
9177,-0.0963966623,0.205221802
9178,2.02299333,0.973354638
9179,-0.00823126454,-0.410541803
9180,-1.58061206,1.35019219
9181,2.68250871,1.78831315
9182,0.416963488,-0.535404623
9183,-1.16967297,-2.31457019
9184,0.960211277,1.33177865
9185,-0.776895821,0.910721123
9186,0.0309242513,-0.386447728
9187,0.284730226,0.0946803764
9188,0.369758159,0.104915023
9189,1.21350849,-0.501948833
9190,0.331314355,-0.617765188
9191,-1.18487084,-2.11146331
9192,0.956778467,-1.00460351
9193,1.56779063,0.278359383
9194,0.681344092,0.409535795
9195,-0.260543317,0.51976794
9196,-0.392670661,-0.382653028
9197,0.0650250986,0.34759438
9198,0.971894324,-0.961246252
9199,0.00977336243,0.165595785
9200,0.0363736637,0.366333336
9201,-1.2111336,-0.730063736
9202,-0.999589622,-0.810141206
9203,2.67531443,1.09465623
9204,-0.0428661443,-1.2806567
9205,1.53075314,-1.18884301
9206,0.863575339,-3.08445287
9207,2.45568371,-0.691778541
9208,-0.251236916,0.520231605
9209,-1.47733736,0.757168233
9210,2.12188196,2.27351928
9211,0.874469459,-0.317606777
9212,1.39244938,1.17694867
9213,0.396551251,1.36453247
9214,0.65008837,0.59784472
9215,0.33366847,0.641199648
9216,0.0185577571,0.878608525
9217,-1.72459185,2.83683276
9218,2.19796228,-1.02487385
9219,-0.349850923,-1.52042556
9220,0.0777856633,-0.756397128
9221,-1.04833686,-1.63694513
9222,1.83869362,1.06279111
9223,-1.65434086,-0.580357552
9224,2.55014563,-0.944015741
9225,-0.0849710107,-2.73206997
9226,-0.56458056,0.0872878581
9227,-1.93889964,0.0273466669
9228,2.29351163,0.760289609
9229,0.259029239,0.311776221
9230,0.0142340017,-0.411298126
9231,1.17965293,0.807508349
9232,-0.218058467,-0.478300542
9233,0.729239762,1.52635109
9234,-0.158870623,-0.407594383
9235,-0.528942704,-2.13812637
9236,0.0774715468,-0.876583874
9237,-0.225635111,0.0167743172
9238,2.06169963,-0.129336402
9239,-0.997278273,0.25226602
9240,0.215677157,-0.158796981
9241,2.37269473,0.0746495873
9242,0.401485533,-1.24061644
9243,1.00702929,-1.38588524
9244,-1.24933565,-0.532307267
9245,-0.15350005,-2.90128446
9246,-0.761130154,-0.396897495
9247,3.59227729,1.35031617
9248,0.163885295,1.15141249
9249,-0.190317661,-1.25639689
9250,-1.70936,3.08887696
9251,-0.274402767,0.188311413
9252,0.111346543,0.185916618
9253,1.4060818,0.850183368
9254,-0.36932075,1.38271868
9255,1.02288306,1.17254651
9256,0.612330854,0.137870327
9257,-0.210346982,-0.00735788327
9258,0.880993724,-0.81708616
9259,2.19582295,0.9452039
9260,2.85548925,1.76726818
9261,0.605114996,-0.66225189
9262,-0.309335887,0.518940985
9263,-0.376836747,0.329110712
9264,0.606140912,0.398421258
9265,0.520747364,-0.0035196105
9266,0.209689006,-1.16049409
9267,-0.143737763,-0.0834676921
9268,0.542587578,2.06250286
9269,0.0328653082,-0.561244786
9270,0.156206027,1.43412185
9271,-0.203809038,-0.255640507
9272,0.671334088,0.748311818
9273,-2.24644303,0.227800861
9274,-0.141622379,-0.622906923
9275,-0.229131997,2.32845902
9276,-1.08520508,-0.279678315
9277,-1.13308012,-0.441903234
9278,-0.0131316241,-0.746042907
9279,-1.4910866,-0.264700681
9280,0.0424283817,-0.144297555
9281,2.45062041,1.65035367
9282,0.466893286,-0.561568379
9283,-0.200633213,-0.0374858081
9284,-1.13578176,-2.73065162
9285,-0.0910371393,0.0724033117
9286,-1.64367747,0.363079071
9287,0.244178638,-0.100666448
9288,0.0907917097,0.0470438823
9289,0.627615929,1.4127872
9290,-0.155557856,0.125540316
9291,0.00717803463,2.22104192
9292,1.17223644,1.04642868
9293,0.650032759,0.354350448
9294,0.83947289,-0.140982345
9295,-0.320655316,0.555147827
9296,0.0257466361,0.216660142
9297,0.511379719,-1.621593
9298,-1.19932282,-0.385953397
9299,-0.0727543905,-0.00662700552
9300,0.00791522022,-1.20567751
9301,0.859065592,0.577882707
9302,0.917441189,1.35550058
9303,0.978275239,0.540184677
9304,1.90494335,0.659193158
9305,0.255652457,-0.130594268
9306,-0.0976078585,2.57166743
9307,-0.986041963,0.607374966
9308,0.49199757,0.441484958
9309,-1.78417921,-2.2759788
9310,0.494668007,-2.26204538
9311,-1.27683604,0.127235964
9312,-0.344008088,-0.275113165
9313,0.499445111,0.220221832
9314,0.790779471,1.42144573
9315,1.21566451,1.21091306
9316,-0.972492397,-6.92981412e-05
9317,0.860242486,0.360324353
9318,0.400861949,0.373653233
9319,0.212503642,2.32197666
9320,0.141002685,-0.0729111657
9321,-0.256264985,0.0850812867
9322,-0.151517957,0.921583056
9323,-0.160069212,0.81757623
9324,5.4852705,1.79730856
9325,-0.2454063,-0.132513762
9326,0.726495862,-1.25203991
9327,0.288577408,-0.256829321
9328,3.22496176,-0.931758225
9329,-0.361775398,0.182036892
9330,2.09454679,0.211890399
9331,0.56975162,0.132301241
9332,-0.329176962,-0.488385737
9333,0.84850359,0.179480866
9334,-3.56246805,-0.0243804697
9335,0.629747868,0.360235363
9336,-0.759157062,-1.9992156
9337,0.32262978,1.16549551
9338,-0.217818961,0.0331003256
9339,2.52659154,-0.953297496
9340,-0.549823463,0.154995799
9341,0.693714619,0.715506077
9342,-1.67310178,-1.38240135
9343,-0.0458483957,-0.324883699
9344,-0.823152959,0.191973105
9345,-0.431762487,0.584675491
9346,0.511841595,0.852984309
9347,-2.03838754,-1.16454947
9348,-1.95706391,0.362766564
9349,0.285897344,-0.266756654
9350,-2.79371262,0.468306094
9351,-0.964697897,-0.652645111
9352,0.948716342,-0.479451865
9353,-0.72843504,-0.21140027
9354,-0.606638372,-2.49680042
9355,-0.175184503,0.0613764077
9356,0.372756809,0.421110451
9357,0.468184978,1.7166363
9358,-0.412062138,-1.46076763
9359,-0.0763030276,1.1832478
9360,-0.641328573,2.66423774
9361,1.37247181,-0.444219291
9362,-2.17089581,0.894625962
9363,0.381553918,-0.06465552
9364,2.11466837,4.83197689
9365,0.0561161786,0.469151855
9366,1.14164329,0.414995462
9367,1.25757289,-0.962889969
9368,1.42707884,-1.09699929
9369,1.8969686,-0.428585887
9370,-1.15085387,-1.43462312
9371,1.27185643,-0.852720082
9372,0.476842612,0.339873075
9373,-1.62487376,0.836306334
9374,0.90860498,1.62037718
9375,-0.704394221,1.11392343
9376,0.325410098,0.435959876
9377,0.392692626,-0.495375097
9378,0.579497516,-1.31592607
9379,-0.90223062,0.50500077
9380,3.56146026,0.133203581
9381,-0.0250528492,0.51712656
9382,-0.514679909,0.498635799
9383,0.193329692,-0.115171753
9384,0.113594428,1.1143446
9385,0.372521281,0.218730554
9386,-1.62877345,-2.10803199
9387,0.492823064,0.596169531
9388,1.35046768,-0.325252354
9389,-0.138759747,0.0910144299
9390,0.273697555,0.670999646
9391,0.0815638527,0.288236916
9392,0.915488303,2.12192106
9393,-0.60397464,0.764242411
9394,0.731811166,-0.166389555
9395,3.00075197,-0.686597764
9396,1.48858142,0.285785973
9397,1.2472291,0.234546199
9398,-0.00960810855,-0.889411569
9399,0.419698209,1.1518501
9400,-0.735549092,0.0386173353
9401,-1.63114822,0.232660592
9402,0.0886878967,-0.561591744
9403,-0.568323016,0.552683055
9404,1.67840445,-0.502632439
9405,-0.267135888,-0.336353093
9406,-1.65684545,3.59183168
9407,-0.717993319,-0.195386037
9408,-0.0874255225,-2.55488181
9409,-0.140231997,0.141982749
9410,-0.851463556,-0.956663132
9411,-0.732660353,0.634699821
9412,1.45070744,0.0276453737
9413,0.181071073,0.314952254
9414,2.06047082,1.29182577
9415,0.492261887,0.570267618
9416,1.42974997,-0.959198415
9417,-1.33298647,4.29433393
9418,-1.15027583,-0.788824677
9419,0.437228441,-0.530247629
9420,1.40972686,2.63680458
9421,-1.86014962,2.55265546
9422,-0.130617261,-0.514888167
9423,-0.139613956,-0.0831127018
9424,-0.22194697,0.288616091
9425,0.760228932,-1.26782584
9426,-1.60082495,-0.137043461
9427,3.23166585,1.26435673
9428,0.643951356,-0.769184053
9429,-0.440319926,0.0890519992
9430,-1.38812661,0.369918168
9431,0.818213105,-0.681737661
9432,0.416138768,0.792129993
9433,-1.90439332,0.627153933
9434,-2.0138278,-0.481136471
9435,0.361530542,-0.517888129
9436,-0.32172659,0.78766489
9437,-0.264235705,-0.942907274
9438,0.194849253,0.0655639619
9439,-0.444152474,0.976198435
9440,-0.802827418,0.101703249
9441,0.234388024,-0.0850858092
9442,0.242951125,0.595169127
9443,0.675510645,-0.102782078
9444,-0.965442002,0.646948099
9445,1.99810863,-0.26789701
9446,0.567623973,0.580955148
9447,-0.485566407,-0.684276283
9448,0.1120065,0.102368273
9449,0.459488899,1.01094997
9450,-0.517691493,-0.500154793
9451,1.32512069,-0.325016171
9452,-0.496252209,0.335684121
9453,1.07107913,-0.0361907817
9454,-0.156952485,-1.41009617
9455,-0.525918603,0.519303977
9456,0.733688712,-0.205040336
9457,-0.186196923,-0.39505437
9458,1.076177,-0.839889288
9459,0.70398891,0.775467157
9460,0.27600944,-0.995024502
9461,0.473403901,2.19896388
9462,1.29287601,1.09530365
9463,-1.14723742,1.86320472
9464,-0.198459178,-0.0083784787
9465,-1.22493804,-3.89613056
9466,0.157784984,-0.0373931713
9467,0.622042894,0.121190026
9468,-0.0280104354,-0.14451319
9469,-2.43451023,-0.920638978
9470,-0.902720213,-0.425244391
9471,-0.698355496,0.977341115
9472,1.05015063,0.0617404096
9473,1.73896658,0.820882261
9474,0.0360061899,-2.04856896
9475,-0.108936973,1.53141773
9476,-1.20463479,-0.254599422
9477,-1.78401744,-0.517476559
9478,2.50675416,2.12931657
9479,0.432867408,-0.108497433
9480,1.64396501,-0.847507894
9481,0.122384593,0.366219133
9482,3.4013629,0.764032483
9483,0.304677844,0.309924364
9484,1.04282916,0.887489378
9485,-0.91414547,-0.377580345
9486,1.1042366,1.10804892
9487,0.0313628465,-0.290575981
9488,0.089566119,0.209548637
9489,0.14078857,-0.536674678
9490,-1.81645298,2.26222706
9491,0.259813577,0.353265643
9492,-1.46296942,2.59855676
9493,1.13107753,-0.193870172
9494,0.808820009,-0.346839875
9495,0.167030573,0.569912076
9496,-1.55969417,1.71104848
9497,2.735569,-0.108018771
9498,0.71292752,-0.984505236
9499,-0.226681113,0.429061502
9500,-0.255152673,0.221053213
9501,1.17924011,1.27291858
9502,-0.00315479562,2.4772923
9503,-0.323324978,-0.77665174
9504,-0.964374542,0.176146969
9505,0.730726182,-0.134676605
9506,0.798050344,1.33190978
9507,1.44481671,-0.748123407
9508,0.323048413,-0.713854969
9509,2.20498729,-0.401297361
9510,-0.51448077,-0.519782901
9511,-1.04043865,-0.882638097
9512,4.31938887,1.47870994
9513,-0.183094442,0.012650854
9514,0.575864434,-0.314237595
9515,0.925885737,-0.237126768
9516,0.683064759,0.23924315
9517,1.51909387,0.0878479853
9518,0.010985407,0.00798867922
9519,-1.20785832,1.57437205
9520,-0.765307307,-0.777921557
9521,1.38570964,0.773501515
9522,-1.00399625,-0.20920372
9523,-0.525602162,0.553795934
9524,0.459629297,-0.249939814
9525,0.0122245001,-1.58479106
9526,-0.818948388,-1.2013135
9527,-0.287209839,-0.67127043
9528,-0.318612158,-0.160397887
9529,0.431828022,0.413154602
9530,-1.18393469,-0.642516196
9531,0.256789446,-0.407786101
9532,-1.11829209,-2.65248728
9533,-1.13051069,1.6123625
9534,0.175800487,-0.0597800016
9535,-0.316049427,0.66452527
9536,-1.79965234,-1.37188482
9537,-1.08690321,0.42507565
9538,-0.627957106,1.04667008
9539,2.46586037,0.425503284
9540,1.60523283,-0.383882374
9541,1.32714164,1.20588517
9542,-2.62416863,2.67833495
9543,-0.562274396,-0.635680377
9544,-0.854388535,-0.898383677
9545,0.260813832,2.62387085
9546,-1.24174166,-1.52442837
9547,0.358061016,0.990223289
9548,-0.839764774,0.485414505
9549,-1.01583111,-1.13593221
9550,0.916851878,2.39872146
9551,-0.518894494,-0.176603466
9552,0.198408544,-0.0415215269
9553,1.57303059,1.31159747
9554,-0.378124744,-0.220895872
9555,0.0059934929,0.823455155
9556,-0.475429773,0.920809984
9557,0.300273627,1.05785847
9558,0.0238507316,-1.06972837
9559,0.206631646,-0.366924524
9560,0.151463181,0.10854575
9561,1.46919668,-0.482317924
9562,1.33158159,0.890858889
9563,-1.87201071,-3.06575751
9564,-1.53595448,0.880603611
9565,-0.105477914,-0.619246602
9566,-2.35652781,0.663294375
9567,2.0632925,-0.485497683
9568,0.174361676,0.137241811
9569,-2.23241186,-1.33068371
9570,2.32867241,-2.41725421
9571,1.49055791,-2.48020625
9572,-1.15396738,-0.0880669951
9573,2.65946364,1.26273322
9574,-1.2070936,-1.04875004
9575,0.17010431,-2.96630788
9576,0.0757153109,-0.458665609
9577,0.31551972,0.548536122
9578,-0.0628235638,-0.290338606
9579,1.33586037,-1.36260128
9580,-0.123877235,-0.0553990677
9581,0.667164505,-0.0477197058
9582,0.146306783,0.46419102
9583,-1.3356874,-0.320448279
9584,-0.616493762,-0.0638308153
9585,0.241951317,0.537944019
9586,0.730261862,0.318246245
9587,3.99135256,-3.08440948
9588,-1.28915226,-0.021323761
9589,0.110497706,-0.264097124
9590,0.255039811,-0.392852843
9591,-0.277932435,0.0885303617
9592,0.439867109,0.646327615
9593,0.226100832,-1.68133593
9594,0.7838763,1.05051327
9595,-0.101297759,-0.57793659
9596,0.39346534,0.148995355
9597,0.740189016,0.497350663
9598,-0.148705274,0.663365185
9599,1.9734267,2.42405081
9600,2.70280075,-0.653876901
9601,1.4547509,-1.20668304
9602,0.23262392,0.433298677
9603,-0.217518792,0.0665440038
9604,0.0474566072,-1.20589006
9605,0.314850986,0.882393956
9606,0.400315017,2.4272635
9607,-0.579372346,0.348288059
9608,0.415125161,0.173446149
9609,1.9987011,0.668983042
9610,-0.0774303824,-0.227564216
9611,1.4021194,0.36112833
9612,-0.608164728,-1.27597058
9613,-1.81311333,0.897790492
9614,0.213028386,-2.05559254
9615,-1.06718314,-0.0906823501
9616,-0.143636137,0.748140335
9617,-0.782053113,-0.00430303905
9618,-0.0981605724,-0.202158913
9619,3.40297484,-0.385462403
9620,0.343156755,0.0682594851
9621,-0.0150941284,-0.244087443
9622,-0.512845814,0.107484281
9623,1.02884805,-2.52702999
9624,0.206438601,2.83121729
9625,-1.37127471,0.828130841
9626,0.380290985,0.838591635
9627,0.939263165,0.438209057
9628,-2.0811379,1.04944956
9629,-0.251310378,-0.415920407
9630,0.0569880567,0.817464411
9631,0.803574383,0.735681832
9632,-1.64704692,-1.66841149
9633,-0.770808697,-2.18884039
9634,0.861663818,-0.636518836
9635,-0.0293564647,1.51092887
9636,0.648629546,-0.656512439
9637,0.23509647,-1.01346946
9638,-0.667835295,0.238957271
9639,0.2150314,-0.839572668
9640,-0.223153636,1.02677882
9641,-0.836559534,0.858246386
9642,-0.182031065,1.1868701
9643,0.526817441,1.58659208
9644,-0.880813479,0.237958282
9645,0.803923309,1.01297724
9646,-0.626866102,-0.199051991
9647,0.175029144,0.198682532
9648,-1.25545168,2.43979526
9649,-0.700216651,0.877631724
9650,-0.137913555,0.113587499
9651,-0.700015604,-2.17924809
9652,-1.7473706,-1.08182013
9653,-0.152461141,0.0493724085
9654,-1.67374301,1.18380678
9655,-1.26107013,-0.411588937
9656,0.541678429,1.2055037
9657,-2.28640628,4.37352705
9658,1.07093251,0.957583785
9659,-0.347027153,-2.48979235
9660,-0.39317435,0.00589693943
9661,-2.81790447,-0.303891271
9662,1.08712649,-1.16642237
9663,-1.18750584,-0.0756379887
9664,-0.863314331,0.33832112
9665,0.316027492,0.858923852
9666,1.14257443,0.567280412
9667,0.501131833,-0.678066969
9668,1.16927302,-1.49132109
9669,0.688023806,1.09677958
9670,-0.993430495,-1.6225853
9671,-0.208685309,0.0278128386
9672,1.1251111,0.119891107
9673,-0.66649884,-0.570843697
9674,0.1051642,-0.796670556
9675,-0.923708737,-0.899173915
9676,-2.05506873,0.778300643
9677,-0.94677341,0.224011317
9678,0.450262487,0.564102411
9679,0.0991048813,-0.119702168
9680,0.293771267,-0.172038555
9681,0.69058615,0.586141646
9682,-1.33119917,2.03761292
9683,0.591394246,-0.378081292
9684,2.85408187,2.08497214
9685,0.473323196,-0.468827128
9686,-0.100031145,-0.546511471
9687,-1.54565167,0.900585651
9688,-0.351949066,-0.447443694
9689,-1.06956422,1.06924736
9690,1.18973231,0.843424022
9691,1.57625473,0.44162789
9692,0.411539793,0.888619602
9693,-2.11181736,0.484921873
9694,-0.193617687,2.7886765
9695,1.22773695,-0.529747128
9696,-0.285815448,0.195352837
9697,0.358107209,-0.831938922
9698,-0.197049186,-0.15401569
9699,-1.18350458,-0.530533016
9700,-0.295146555,1.19952834
9701,-0.749864876,0.166841671
9702,-1.03390348,1.90335262
9703,-0.0885711387,0.0446334369
9704,-1.12218249,0.516522765
9705,0.257038414,0.433520436
9706,1.13855171,0.488013625
9707,0.848028719,-0.237381399
9708,0.141427144,0.846074104
9709,-0.283807606,-0.197519064
9710,-0.200625435,-0.583891094
9711,2.26656771,-3.59114385
9712,2.62875223,2.92580462
9713,1.03347576,-0.729233503
9714,-0.641746819,0.993808329
9715,-1.57338583,-0.141828209
9716,-0.758971512,0.588074505
9717,-0.426768452,0.333695382
9718,0.790499032,0.9619506
9719,0.141089752,1.01086497
9720,2.47975183,-0.898574352
9721,0.186205402,-0.14446418
9722,-0.243205369,0.977793694
9723,-0.135135442,-0.0285343118
9724,0.916141391,-1.03156149
9725,-0.156578898,0.140797585
9726,1.83212769,0.162444189
9727,0.914905846,-0.565758824
9728,0.0501148365,-0.13626495
9729,-0.488298446,-0.223003015
9730,0.107008845,-0.396324784
9731,1.00976861,1.49099481
9732,-1.96002805,1.97526824
9733,-0.0946190134,0.443681419
9734,0.293546945,0.709349036
9735,1.20827436,-1.16125047
9736,-2.0808475,-0.92872411
9737,-2.50305581,-0.62892288
9738,0.803113163,-0.538075328
9739,0.89309442,0.947286785
9740,0.106026068,-1.01107144
9741,-1.04855585,-0.249521077
9742,-0.253626972,-0.690113068
9743,0.0323356502,-2.90944695
9744,1.00946093,-0.424950719
9745,-0.655306518,1.06171691
9746,1.54799306,-2.93131924
9747,-0.429912627,1.7515012
9748,0.23231706,0.402226567
9749,-0.188994586,0.165026262
9750,-0.124119744,1.54651952
9751,-0.668419659,-0.915058911
9752,-0.553845763,-1.9526664
9753,2.63817263,-2.5029645
9754,-1.30353701,-1.1055789
9755,-0.180957913,-0.093685858
9756,0.197245806,0.656364083
9757,-1.14743662,-1.22880507
9758,-0.325805545,-0.831860244
9759,-0.766614676,-0.74597615
9760,-1.38296521,0.944511473
9761,2.31368852,-0.408322453
9762,-1.67488766,0.958550632
9763,-1.57903302,-0.0600941703
9764,-0.236063838,-1.01698101
9765,0.0454289429,-2.24224758
9766,-2.92515278,0.578169286
9767,-0.609431744,-0.623264015
9768,1.07351565,0.141550466
9769,0.428279459,-1.54769826
9770,1.1725837,-2.09758425
9771,-0.339428276,1.34481323
9772,1.55432439,0.557236731
9773,1.79291451,2.11682868
9774,0.884910524,1.11348569
9775,0.00922599249,1.30055141
9776,-0.143020064,-0.622771144
9777,0.749824286,1.34885359
9778,-0.903074384,-1.47620523
9779,-0.336361051,-0.854092419
9780,-1.87615216,-0.267861366
9781,-0.619156003,-0.711316824
9782,1.06368423,1.23956573
9783,0.49254486,-0.23400256
9784,1.91469193,0.528993309
9785,-0.567445576,0.637396216
9786,0.192953497,0.519641697
9787,0.909987211,0.383756191
9788,0.625757337,-0.0955600962
9789,0.00183525402,-0.251583844
9790,0.244921193,-0.578610837
9791,0.289711714,-0.280246526
9792,-0.353989124,-0.574889481
9793,1.17263818,-0.740214407
9794,0.889110506,2.15742135
9795,0.123482026,-1.53639758
9796,-0.701792359,-2.01126695
9797,-0.711479902,0.0263629109
9798,-0.34855029,0.728078306
9799,1.28783417,-2.042624
9800,-0.789348066,1.0772841
9801,0.961872518,-0.96768117
9802,-0.883919656,0.713296056
9803,0.412549317,-0.196340859
9804,-0.253323913,1.5878526
9805,-1.48681128,-2.16011333
9806,0.446268171,-0.728277683
9807,-0.154545084,0.0789348111
9808,-0.891968012,0.198257864
9809,-1.62231922,-0.0961365625
9810,0.235090628,1.06297493
9811,-1.43011022,0.504543304
9812,1.46534884,0.0860597789
9813,1.71439302,1.3260169
9814,0.187336892,0.961600006
9815,3.28035069,1.56770134
9816,1.08216989,1.56151116
9817,0.581082582,0.146296233
9818,1.91794646,1.06539643
9819,0.0920002088,-1.8275013
9820,-1.35360205,0.847518146
9821,-0.30448851,-0.257334679
9822,-1.43882799,0.109467983
9823,-0.980767846,-0.993179798
9824,-0.295713723,-1.99837303
9825,-0.576674223,-2.98904848
9826,3.44067812,-0.272959977
9827,1.15597069,-0.253780752
9828,1.34278262,0.826090515
9829,1.49893034,-0.942179203
9830,0.82639432,-0.361118942
9831,0.195083991,-0.313220739
9832,-0.0717446357,-1.55322635
9833,0.32091105,-0.492212772
9834,-0.156340241,-0.572202384
9835,0.410717994,-0.864614904
9836,-0.285741568,-1.64804316
9837,-0.488207817,0.47295621
9838,0.699754119,0.396063298
9839,0.278114527,-0.854984105
9840,-0.0746754631,-0.0231300853
9841,-0.727160215,-0.548719883
9842,1.48547924,-1.8814199
9843,-1.4539994,2.20761037
9844,-0.816822886,-0.31022802
9845,0.136850148,0.412185073
9846,1.12429655,-1.57192814
9847,0.345395237,0.564524233
9848,-1.28554881,-0.0549642369
9849,-0.303070486,-1.01921952
9850,2.56612468,1.72583556
9851,0.870047629,-0.385037482
9852,-0.193645686,0.442186624
9853,-0.268961132,-0.786397099
9854,-0.832543433,-0.347756475
9855,0.350886017,-0.890502632
9856,-1.87952018,-0.0318380967
9857,-0.63363564,-0.0483044647
9858,-0.567499995,0.801486194
9859,-0.435936451,-2.4622097
9860,0.199741483,-2.15111947
9861,0.710220397,3.73690987
9862,-0.826789856,-3.20053506
9863,-1.65988958,2.2063725
9864,-0.547347009,-1.93471718
9865,0.261604577,0.00169566972
9866,2.09087062,2.18683791
9867,-1.15972638,1.66944122
9868,0.344345957,0.0709509403
9869,0.0530154295,-1.22645199
9870,1.31732202,-0.518422067
9871,0.669108689,0.241372988
9872,-0.162190437,-0.0323757157
9873,-0.0143377455,-0.449579626
9874,1.75405562,0.31244126
9875,1.58920801,0.268442869
9876,0.244979724,0.0781934485
9877,0.807526767,0.395524472
9878,0.752955019,-0.0572466254
9879,-0.165403128,-0.186964765
9880,-0.642928481,2.27431202
9881,-1.71485758,1.76035285
9882,0.402411908,-0.444216937
9883,0.454065055,-1.12987268
9884,0.64824307,-0.127037704
9885,-3.56929994,-2.79769611
9886,0.270039111,0.421440154
9887,-0.576339364,0.509473979
9888,-0.954175949,1.30523467
9889,-0.638243377,0.346194267
9890,-0.857683063,-1.11904681
9891,1.4870106,2.23091483
9892,0.821884334,2.13490915
9893,-0.145476505,0.670524478
9894,-1.03495014,2.45633698
9895,0.747753382,0.713139296
9896,1.3765626,-0.780837536
9897,-1.1624279,-0.440536827
9898,-0.727176368,0.14872025
9899,0.13007997,0.296817243
9900,0.220960021,-1.45449221
9901,0.8268677,0.515388846
9902,-0.328653753,0.455328077
9903,-0.166792214,1.35168397
9904,1.16275001,-0.599872649
9905,-1.49643815,-2.08274055
9906,-0.620238781,0.421833664
9907,-1.57235289,-0.727399945
9908,-1.7761513,-3.12690425
9909,0.272559971,1.05653071
9910,0.261894017,-1.739452
9911,0.218668386,0.454348534
9912,-0.000944449508,-1.45178819
9913,0.018255949,0.342672735
9914,-0.137089208,-1.3561033
9915,0.336501449,0.789804995
9916,1.39720249,0.0266491398
9917,-3.16870761,0.761090755
9918,0.562693894,-1.08365691
9919,0.500030339,-0.54290086
9920,-1.56219029,1.28720105
9921,2.18587041,1.23485124
9922,-0.204369053,-0.0974005982
9923,0.0750334635,-0.320008785
9924,1.52545094,2.16801929
9925,-0.152140021,-0.131092384
9926,-1.03653085,0.80542165
9927,-0.50223577,-0.372506529
9928,-0.211270213,-1.14147675
9929,-0.246207237,0.0861471519
9930,-0.248331353,1.29780495
9931,2.39084744,0.222186133
9932,1.41858447,2.34168983
9933,0.840284288,-0.860433996
9934,0.997884154,-0.587263346
9935,-0.649767995,0.91073972
9936,-0.265515834,-0.42350921
9937,0.513344765,0.131685778
9938,-0.596444547,0.821625233
9939,1.04343641,0.368146479
9940,0.446901202,-0.327908695
9941,-0.22593601,-3.05362344
9942,-0.93161422,-1.09731174
9943,-0.924507499,0.927997649
9944,-0.995175064,2.83646417
9945,-1.00976443,2.43400884
9946,-2.76931024,-1.09265029
9947,2.00432205,2.6861012
9948,-1.89925623,0.647734284
9949,0.189647928,0.313794583
9950,-0.0565432832,0.844464421
9951,0.42605117,0.773620307
9952,-0.460860819,-0.550837219
9953,-1.93114698,0.0491740778
9954,-0.181350961,0.057307113
9955,1.34199846,2.12258697
9956,-0.210616708,-2.97669196
9957,0.0595475957,1.0370059
9958,-1.52310252,-0.214506149
9959,1.56708944,-0.865995884
9960,-0.48612994,-0.465307921
9961,1.37315249,0.581837356
9962,-0.931999862,-0.122158632
9963,0.792374253,-0.535231709
9964,0.683058262,0.995831549
9965,-0.342145145,0.352715105
9966,1.96534419,-0.970440626
9967,-0.864088356,1.54818046
9968,-2.62225008,-1.53662705
9969,-0.890505075,0.309800059
9970,1.05810988,-0.458180547
9971,-0.0137847252,0.0381573439
9972,-1.40434086,1.51263189
9973,-0.847507179,0.332863331
9974,1.34066129,0.684185743
9975,-1.296188,-0.473693579
9976,-0.999194384,-1.65265882
9977,-0.893472075,-0.199151233
9978,0.277559817,-0.74110198
9979,-2.06631494,0.00701770931
9980,0.637622595,0.0497767143
9981,-0.46065712,-0.500771224
9982,-1.84021068,-3.33383179
9983,-0.29765299,-0.641144395
9984,0.697121084,-1.22059643
9985,0.00556322932,1.16854155
9986,0.184433788,-0.163283214
9987,-0.382017404,-0.402941316
9988,-0.387172669,-0.0555756167
9989,0.855006337,-0.968130887
9990,-2.28036332,1.7770375
9991,-3.51950717,-0.61822468
9992,1.34094024,-1.20080531
9993,-0.0573935919,-0.913698196
9994,-0.568059564,-1.01308382
9995,0.0889516249,-0.539966166
9996,1.97278082,-0.618695796
9997,1.82918954,0.576587915
9998,0.11397808,-0.187740326
9999,1.08482575,0.688117325
