index,acc_x,acc_y
0,1.28703427,0.213379845
1,0.496580929,-1.26524472
2,-1.27218521,0.597337246
3,1.94329405,0.1268356
4,1.55251753,-1.23589396
5,-0.10366565,0.444577605
6,-0.79577738,2.22045445
7,1.81509578,2.31068325
8,-1.05513823,0.0199600607
9,0.514691889,-1.20330036
10,-0.0943235978,0.310323209
11,-0.716651618,1.10390294
12,0.750632465,-1.33397889
13,-0.215022162,0.884260118
14,0.224977449,0.644143343
15,0.232600644,0.333068341
16,1.6799264,-0.556025028
17,-1.66380072,-1.71296263
18,-1.2426753,1.0608232
19,-0.130151525,0.186497822
20,-2.77901125,-0.62439394
21,0.343895555,-0.102149978
22,0.52284795,1.24301469
23,-0.737972736,0.0749310106
24,0.620035172,0.330076665
25,-0.0316474661,-0.519585848
26,0.575415194,0.102452427
27,0.441568851,0.838813424
28,-0.844560087,-0.321529537
29,-0.444910824,0.169678524
30,-0.530325472,0.137598678
31,0.937746704,1.82850349
32,2.10465097,1.14536333
33,-0.166015431,0.698787212
34,-0.0361993127,-1.36089313
35,-0.4775078,0.254830778
36,-1.20934224,-0.775122166
37,-2.80191517,0.757332623
38,0.0312881395,-0.153623089
39,0.317405581,-0.12781325
40,1.65771317,0.169702739
41,0.342352241,1.60550761
42,-0.69271332,0.561109602
43,-0.063481234,-1.28244078
44,1.15430641,0.37679404
45,-1.83296931,-1.1037221
46,-0.0166053381,0.222896934
47,0.30996117,0.481639743
48,2.10673976,-1.70255756
49,-2.30902219,2.08410239
50,1.00488031,-0.469952822
51,-1.58533132,1.06087065
52,2.60487366,0.112766899
53,-0.719664395,-0.297580153
54,0.686699748,-0.895182133
55,0.147369325,-0.192829147
56,-0.38348794,1.59052157
57,-1.13388741,-0.546604574
58,-0.130958945,1.77238393
59,1.82152414,0.129661202
60,1.40033782,0.0517365038
61,1.44635069,0.865922987
62,0.800698876,-0.217430383
63,2.1673317,-0.907329679
64,-1.53490698,0.540363312
65,-0.329332769,-0.479522854
66,0.435584426,0.166559905
67,-0.288145959,-0.227740616
68,0.779164791,-0.0628445148
69,0.254670739,0.599744797
70,1.87990355,-1.30057275
71,-0.749705195,1.0435096
72,-0.976513922,1.73792779
73,0.22353518,0.663441539
74,-0.368429124,-2.61132503
75,1.9977926,-1.93845272
76,-1.04666924,-0.949155569
77,-4.38804579,0.213503793
78,1.05109334,0.369178534
79,-1.78353071,-2.09340858
80,-1.27368402,-1.68090665
81,-0.761197269,-0.156591505
82,-0.481465459,-0.781729996
83,0.403437138,-0.0525133573
84,0.157709867,-0.0543448403
85,-1.40468264,-1.05656075
86,-1.24061322,1.60449064
87,2.69336772,-2.62264371
88,0.964596212,-2.28866911
89,-3.55344176,-2.4064858
90,0.541860104,-0.535600483
91,-1.47818589,-2.51342225
92,-0.53965044,0.743467689
93,-0.105776623,0.663386762
94,-1.526474,1.59434211
95,2.72119212,-1.46934187
96,-0.306007892,0.229890123
97,0.95360291,0.987402797
98,1.11712408,0.567025721
99,0.251805782,0.107181661
100,-1.2424686,4.11918354
101,-1.07625854,-0.32463491
102,-1.51730454,0.400771379
103,-0.817559481,2.57500958
104,0.340065479,-0.0612867661
105,-0.0337094329,0.07032419
106,0.326749146,0.235693336
107,-0.268611938,0.70776552
108,0.376589268,1.36829591
109,-0.743875742,-0.332413107
110,1.75490201,-0.0848715529
111,1.49423635,1.93036604
112,-1.64880705,0.477602184
113,2.23928452,1.99881899
114,1.75669384,-1.73570943
115,-0.700556517,-0.47818172
116,-0.110806488,1.88056242
117,-1.46986425,-1.00037277
118,-0.250032067,0.217325166
119,1.24264455,-0.463006884
120,-0.111642011,0.51256454
121,1.5522455,2.43216872
122,-1.25643158,1.67191851
123,-1.90741444,-1.60683227
124,0.602552235,-1.02629864
125,1.3363831,1.71570861
126,-3.61809754,0.62151134
127,-0.216330677,-1.87320197
128,-2.70265913,-1.47911668
129,0.132204026,-1.19486213
130,-0.404615343,-1.44877303
131,0.107445002,1.75336146
132,1.25747478,0.203461036
133,0.526854336,0.24226962
134,0.352672189,0.255749673
135,-0.311828941,0.0466923863
136,-0.644462347,-0.299932599
137,-1.84507465,1.5274961
138,-0.317360461,0.198531538
139,1.09516847,0.377934039
140,-1.26316035,0.904332757
141,-0.871182799,0.239315927
142,-0.164657697,-0.115035243
143,-1.45146525,0.265198708
144,3.56412745,-2.60844111
145,0.104692198,0.433887601
146,-0.676811755,-0.209688723
147,-1.08242905,-1.20504546
148,-1.19998121,-0.272348851
149,0.93408215,-1.3987757
150,-0.10239958,-0.738196313
151,-0.13725467,-0.679273665
152,0.172310591,0.738186717
153,-0.208879933,1.40186965
154,1.02912402,-0.920411348
155,-0.785521507,1.08645463
156,-1.17631602,-0.0430250578
157,-0.744450629,-0.460146576
158,1.64261615,-1.31803524
159,-0.575128436,-1.17843246
160,-0.0468855463,-1.25529885
161,-0.331343442,-0.299097747
162,1.82314479,-0.294371128
163,-0.0809102654,1.37040937
164,-0.279985309,-1.59294319
165,-0.514615059,-0.0876220986
166,2.29095483,-1.19834459
167,0.795238018,1.08355951
168,-1.97076857,1.87862933
169,2.65487957,-0.917888582
170,0.829248011,0.756297767
171,-0.869104028,1.00467074
172,-0.849558711,1.03350711
173,0.686461449,0.753094435
174,-0.837517858,-2.13909245
175,-0.991920173,-1.26953554
176,1.76827204,0.158443257
177,-0.503038228,0.597348869
178,-0.39979443,-0.727742732
179,-2.06503415,-1.60524917
180,2.05879521,0.450013489
181,-1.18319261,-0.834941506
182,-0.332094699,-0.682006121
183,1.18748534,1.23501897
184,1.30091882,0.258974433
185,1.90562117,-0.612893641
186,0.242673203,-0.466272056
187,1.96845794,1.45720112
188,0.661278009,-0.0241208095
189,1.21664035,-0.492614448
190,0.760927737,0.101676151
191,-0.891552866,0.486864865
192,-0.882699192,-0.421890646
193,0.016802201,-1.54382741
194,1.35813284,1.45982146
195,2.31270719,-1.40922177
196,0.695653379,-0.300184995
197,-0.577469647,-0.368593425
198,0.504121304,-0.668180048
199,-2.49051285,-0.723265767
200,1.77028084,-0.0366225317
201,-0.476173043,0.250549793
202,0.364425689,0.287026554
203,0.309702128,-0.974752009
204,0.142381579,-1.44343543
205,0.624285936,-0.278499752
206,1.06351352,-0.00188912335
207,-2.18706226,-1.36256349
208,0.283308744,-0.537332058
209,-1.24289167,-1.51328325
210,-0.511073232,0.741592765
211,0.363494605,-1.02709472
212,-0.253045201,-0.6615417
213,-0.637675107,-0.246412799
214,-0.943397224,0.16533263
215,0.662396848,-0.920581222
216,-2.06009388,-0.131557018
217,1.97258699,-3.79958892
218,-0.251431704,0.0788353756
219,-2.40685749,-0.723585546
220,2.00487041,-1.00210917
221,-0.205502778,0.331306905
222,1.62351,-0.181792438
223,2.67109704,0.488627285
224,-3.93478394,-2.70748115
225,-1.53023422,-1.15824926
226,2.89300299,-0.331620216
227,1.68734074,0.78257972
228,0.191728055,1.20043945
229,-0.860386252,0.962239921
230,-0.119846314,2.15316653
231,0.0091666542,-1.84492028
232,2.26780653,1.67404699
233,-3.09152627,0.377512574
234,1.81089032,-2.02354026
235,1.20741987,2.51936889
236,0.855435491,0.99697274
237,-0.534636199,-3.591223
238,0.793125033,0.371389151
239,1.02247787,0.0422159582
240,-0.768816948,1.36805141
241,-1.47863448,0.144129798
242,0.298766166,-0.581157744
243,-0.548792481,1.38638878
244,-1.19524765,0.728537858
245,-1.40146279,-0.528562486
246,0.0655043721,-0.253594548
247,-0.437976331,0.0185631439
248,-0.720556676,0.611456275
249,1.15891993,0.992907107
250,0.564617395,1.7627759
251,1.15503073,-0.303104579
252,-1.78096163,0.588750064
253,1.43805349,-1.80062616
254,0.133943841,-0.391716331
255,-1.18990672,-1.25920844
256,3.14351964,-0.334663749
257,-5.53088612e-05,-0.101698123
258,-0.546911061,-0.111925416
259,-0.0411129668,0.248335034
260,-2.01024771,2.92895675
261,0.0932196826,-0.138915256
262,-0.113136545,-0.364981592
263,0.867470443,2.1943965
264,1.26315558,0.860165834
265,1.20720649,-0.836279333
266,0.222282201,-0.275862753
267,-0.103106603,0.19047384
268,0.118736938,-0.180415228
269,0.519509435,-2.19451523
270,0.349364787,0.202256739
271,-0.048198726,-0.686116815
272,-0.220014632,-1.75379026
273,2.08953381,2.46675277
274,0.0462239571,0.27503857
275,0.201239765,-0.365021557
276,1.24248827,0.545950294
277,-0.622134149,-1.30844653
278,-4.53317451,-0.217257604
279,-0.557060957,0.146015108
280,0.0134453028,0.271042854
281,-1.86582792,0.983738899
282,0.743900895,-0.324686915
283,-0.659055889,-0.799632668
284,-0.194317117,-0.0450729728
285,0.513764203,0.634571373
286,0.519615829,-1.80673695
287,-0.354706675,0.876495659
288,0.329848588,0.581971824
289,0.0946429148,-0.57721132
290,2.2080431,-1.92395222
291,-0.0445474647,-0.244545862
292,-2.14435005,0.687009633
293,-1.00115204,0.233990625
294,0.673471212,1.54395902
295,0.0270508975,-0.310169905
296,0.556308925,0.00680471119
297,0.335459054,-0.126056999
298,-0.518325865,0.103110746
299,-0.54477644,1.27784169
300,-1.50598478,-2.84729004
301,0.801610053,0.284097821
302,0.040812742,0.176178977
303,1.1895293,-0.448665082
304,-0.235754192,-0.631340921
305,0.150414541,1.27180231
306,0.15188922,0.102658063
307,-0.639720917,1.13976181
308,-0.828373611,-0.949268401
309,0.0957286134,-1.08087695
310,1.37670684,0.982246995
311,0.0208066106,-2.99664402
312,0.828725457,-3.55288601
313,-0.098505497,-0.154690549
314,1.53389513,-1.62488425
315,0.102163807,1.56462085
316,-0.149373069,-0.308749259
317,-0.670280635,0.435809642
318,0.110765807,-0.00394191686
319,2.24618077,1.12874544
320,0.301503479,-0.775541365
321,-0.00951956399,-0.206755877
322,1.35327017,-0.252030253
323,-0.0207119361,-0.969270647
324,1.81636238,-1.14500785
325,0.249009043,0.154114872
326,0.911858201,0.430590093
327,0.337628394,-0.589921236
328,0.7320081,-0.161933288
329,-1.53483975,-1.83378625
330,-1.52847624,-1.07462907
331,0.756043792,0.220826596
332,1.33866513,-3.14432168
333,-1.66771948,1.69181097
334,-2.95082736,4.20094013
335,1.89625192,-2.41866517
336,-1.33244026,0.216877207
337,1.39803803,-0.0976657495
338,1.23354852,0.859285116
339,-0.873085618,-2.15123224
340,0.22684817,-0.363773763
341,-0.0252260622,-1.31941271
342,0.993354738,2.05094028
343,-0.085058786,-1.31292093
344,0.238732263,-0.588873982
345,1.01049185,-0.287292778
346,-1.15201318,1.61735308
347,2.07683921,-0.0246085897
348,-0.111878209,-0.0378064103
349,0.599963546,2.08724117
350,0.0129201934,-1.88041461
351,-0.87584281,-1.55163121
352,-1.54516184,-0.130285546
353,0.598659337,1.03723443
354,1.09799719,-0.300688416
355,1.98040986,1.25260508
356,0.560327947,2.65164423
357,-0.103243604,0.734715044
358,-0.27989316,-0.957225502
359,0.712510824,1.40256274
360,-0.10990487,0.516659319
361,0.668688893,-0.585627198
362,-0.858632445,-1.1170187
363,0.156213269,0.880262911
364,1.02912617,0.210543782
365,-0.82210362,-0.377244204
366,1.21060932,-2.67374945
367,-2.1714294,0.890295088
368,0.710781395,-1.05373526
369,1.8724848,-1.60806739
370,-0.657351911,0.512483835
371,0.224994794,0.11619214
372,0.576361537,0.135829151
373,-0.184084475,0.369255304
374,-0.316319883,-0.136382535
375,1.71403086,-0.360552192
376,0.665022433,2.11463833
377,0.635038316,-0.0502932742
378,0.316498131,0.266958535
379,0.103241622,0.191335186
380,0.855073988,1.35038614
381,-1.38422036,0.969057262
382,-0.0954143703,-0.266913563
383,-0.133311942,-2.38030553
384,1.03192353,-0.180853933
385,0.629679382,-0.664494872
386,0.695343494,1.46662211
387,-0.77034688,-0.746014059
388,-0.366594493,-3.12956214
389,-0.270700544,-0.566775262
390,3.29084444,-2.17621899
391,-0.612777829,-0.520925105
392,2.90186143,-0.283023149
393,0.976004124,-2.46232224
394,0.915731668,0.164550424
395,3.81275916,1.03985357
396,-0.112384737,-3.02333474
397,0.0206555352,-1.55871236
398,-0.119043462,-0.342032373
399,-1.32708478,-0.297518581
400,-0.708190143,-0.770039976
401,-0.713903248,-0.592289567
402,1.5511986,-0.64212358
403,0.0904480964,-0.134038627
404,1.77940416,2.41430283
405,0.394158751,0.609537065
406,0.375285715,1.11878157
407,2.30070662,0.95382911
408,1.08611345,-0.879765391
409,-0.127526507,-2.15983033
410,-0.501248837,-0.653806925
411,0.0448067077,0.848989844
412,1.23318827,-0.595340014
413,-0.634648502,1.84023213
414,-0.240475237,0.877732754
415,3.46262765,-0.68018508
416,-0.108323395,-0.631206334
417,0.523237705,0.217721209
418,1.08796811,-0.498240948
419,0.307748616,3.26019669
420,-0.588027418,3.30448842
421,0.103227168,-0.166733131
422,0.140205592,-0.073405847
423,0.392897576,0.0612354502
424,-1.25850344,-0.799998999
425,-1.4672488,4.47164965
426,-1.29821265,1.08149993
427,0.0136420028,-0.454314649
428,0.601765335,-0.31892857
429,-1.13136697,-0.780810893
430,0.217832729,0.294964641
431,-0.613740563,0.264508665
432,-0.236130998,-0.195078999
433,-1.49520731,-0.810513794
434,0.185713992,-0.183136463
435,-2.81557322,0.463408321
436,-1.4824754,0.479990393
437,1.0213182,1.47522855
438,1.75308061,-1.52564323
439,-1.69632697,-0.233645573
440,1.19713509,-0.205069363
441,-0.0595869012,0.893543422
442,0.0650031343,1.88670695
443,-1.04504228,0.257305324
444,0.633381128,0.208694071
445,3.22385502,0.487820983
446,-0.871657193,-0.363994598
447,1.88235044,-0.597858667
448,-1.59723699,-1.89530146
449,-0.386054695,-0.337608218
450,0.874656975,3.01199961
451,-2.09347248,0.319694608
452,-1.77313554,0.26137352
453,0.583938956,1.50154626
454,-0.828366697,0.142908603
455,-1.44312251,0.420259386
456,0.747073889,-0.338526666
457,-0.359303266,-0.32722792
458,0.641798854,0.00998210721
459,-0.420289993,1.11000884
460,-0.9393785,-0.520303667
461,0.24220489,-0.308513194
462,-1.02105081,-1.30559599
463,-0.44042635,-1.79214001
464,0.332285404,0.617653191
465,1.15099716,1.09520137
466,2.34125376,2.13719034
467,0.370067388,0.994779706
468,2.5130024,-4.43675947
469,0.0451321788,0.557410955
470,-0.267801791,-1.74842691
471,0.135464832,0.112177305
472,1.58276737,-0.842591465
473,0.238955781,0.386898816
474,0.238885328,-0.521305561
475,-0.0595244095,-0.250296861
476,0.0111094005,-2.0731554
477,3.22322273,0.616580367
478,0.698005378,0.13279517
479,-0.939473033,-0.642610788
480,-2.29639387,0.0960394219
481,0.621243358,-0.421117932
482,0.943373501,-0.591955006
483,1.08485746,2.85004425
484,-0.0497913584,-1.41919315
485,-1.01873529,-0.0668476149
486,-0.0843162239,3.23306322
487,1.2435894,0.406471878
488,0.591942191,1.37078822
489,-0.234764263,0.067801021
490,1.35622406,-0.606271446
491,-1.94957316,0.880274177
492,0.289002538,0.0243167188
493,-0.0960324332,0.248094544
494,-0.0282902922,-0.447373778
495,-0.990678072,1.735201
496,1.79059827,0.562621713
497,0.141739339,-0.262447625
498,-0.45893231,1.76774645
499,-0.181409597,0.0863238722
500,-0.711040914,-2.66315579
501,-0.650574684,0.120303094
502,0.474654108,-1.3994602
503,-0.732329011,0.777358949
504,-1.25154662,0.285782367
505,-0.732787967,-1.95388854
506,0.368758589,1.78056192
507,0.334578127,-0.899306715
508,0.275950521,0.178360194
509,-0.803842425,1.99673223
510,-1.35048127,-0.741038978
511,0.509784997,1.55025876
512,0.194845021,0.345155388
513,-0.195036501,-0.48907733
514,0.0864633247,-2.29910684
515,0.0841301084,0.436847389
516,2.55822086,-0.622558892
517,0.0839142203,0.148126245
518,-0.357499689,2.98367214
519,-0.749248445,0.733543932
520,0.753901958,-1.62443197
521,-0.753681481,0.331391811
522,-0.207937911,1.41819072
523,1.24716592,0.262207955
524,2.64878321,-0.245705456
525,-1.01502168,-0.897449076
526,-0.310027748,-0.887715876
527,-1.25030434,-0.410772532
528,-0.718890667,-1.14097869
529,3.32415628,0.622922599
530,0.279226184,-0.598961473
531,0.125899956,-0.144445166
532,2.30995941,-0.693417549
533,0.481295168,-1.04445148
534,2.42998958,-0.894601941
535,0.866229892,-0.509463191
536,-0.201295763,2.43506074
537,2.19085479,-1.26470506
538,1.46449101,0.757687271
539,-0.283155471,0.548197687
540,0.266167492,-1.46323323
541,-0.966296494,1.2435832
542,-0.411664039,0.0492366664
543,3.47746682,0.915513635
544,0.755660534,0.368476629
545,-0.408397019,-0.232494414
546,-1.39822578,0.258252829
547,0.44823873,0.166182056
548,0.71082902,-1.15373802
549,-0.531364083,-0.277011991
550,-1.41840363,-0.946134925
551,0.32944271,1.60910273
552,0.459834397,-1.9425559
553,-0.33755219,-0.00974908099
554,0.941942275,-2.04551125
555,1.60782695,-0.183048129
556,1.08279753,0.44000417
557,-0.361298442,2.42592597
558,0.0670286864,-0.1975943
559,-1.3534224,-1.87160456
560,0.0418354906,-0.153677538
561,0.0454008095,-0.255624175
562,1.54041386,-0.451011121
563,-0.139383376,0.174181446
564,1.00744975,0.632717431
565,1.25721765,-1.32004058
566,2.00474215,-1.02286589
567,-3.01798224,0.947315991
568,0.187392369,2.53257298
569,-0.326641321,-0.0655363053
570,-1.96433473,-0.819493771
571,-2.07718349,1.22157979
572,-1.99948001,-0.383590996
573,1.62305188,0.596348107
574,-1.33780313,0.00151343085
575,0.871956527,0.458106786
576,-0.230733886,-0.831532955
577,-0.646109223,0.444677562
578,0.0916018561,-0.647663713
579,-0.0969866291,-1.67114985
580,-0.910669029,4.1454277
581,0.0943336487,-3.0839994
582,1.7142967,2.04613686
583,-0.130975723,0.891379535
584,-0.431982577,0.11136201
585,0.66210115,1.55930281
586,0.313439161,1.47267175
587,1.2626611,-0.621171892
588,-0.453733802,1.27321255
589,-0.765053272,-1.45168269
590,2.30198622,2.04563236
591,0.0139476396,-0.323947936
592,-0.538252354,0.587367356
593,0.225266308,-0.0118143484
594,-1.73412943,0.363649189
595,2.93172193,-1.51186037
596,-3.64860344,1.0877347
597,1.10293508,1.84557402
598,0.373656332,-1.44295049
599,-2.3948369,0.408490658
600,0.920775771,0.340636224
601,-0.692960262,-0.584807873
602,-1.28440726,-1.68520939
603,-0.459543228,-0.106447347
604,1.28516626,-0.711706996
605,-2.20063472,2.26889157
606,-0.705539644,-3.52814078
607,-0.365410745,0.175124854
608,-0.105659172,-1.06875443
609,-0.981021225,-0.474486411
610,0.107006878,-1.21386111
611,1.47599244,1.641505
612,-2.07010221,0.734957159
613,2.95461035,0.389915526
614,-1.19981349,0.868272841
615,0.42602843,0.9258008
616,-2.48304462,1.49641204
617,0.82760793,0.547874451
618,1.169415,0.150898859
619,0.922932446,0.387306124
620,-0.375122964,1.76115394
621,1.43042505,0.283596486
622,-0.559968829,-0.342893243
623,4.36132526,1.97337556
624,-2.34743214,0.0978331268
625,-0.882245243,0.515976429
626,-1.57358098,2.1383791
627,1.88771427,1.50614595
628,0.976455748,-0.547068119
629,0.979585052,-0.0117540406
630,-0.131723002,-0.120383948
631,-1.13960958,1.00528431
632,-0.616721809,0.519342244
633,-2.58780336,-0.76970011
634,1.09640157,-0.410614669
635,0.618597209,1.1116997
636,0.442261994,-1.12943745
637,0.130810261,0.00222086976
638,-1.21302855,1.03063321
639,0.0671140477,0.148027718
640,0.299280494,-4.31119347
641,0.698535264,-2.16146803
642,-2.44816232,1.00707698
643,1.21096909,1.06658828
644,0.408815056,-0.0123302285
645,0.691860199,0.355379432
646,0.98337239,1.07968056
647,-1.04049718,3.32857656
648,0.883526266,-2.53375387
649,0.613951683,0.561868608
650,0.956111252,1.58852994
651,-0.0202004444,-1.82935834
652,0.0309529416,-0.315396488
653,-0.787704766,-0.538362145
654,0.0599260926,1.9472394
655,-0.532458007,0.382963598
656,1.26468563,1.17466044
657,0.167953312,0.565895617
658,-1.10750198,0.179607257
659,0.352209687,-0.737967134
660,-1.62698138,2.61797547
661,0.43593055,3.74869037
662,-0.190024853,0.0919301063
663,0.972713828,-0.344890386
664,-0.944415152,-0.822102606
665,0.646609902,0.194628
666,-0.145230517,-0.202903986
667,-0.363922983,0.163120389
668,0.0389351808,0.945752263
669,0.175573617,0.116110556
670,0.0899036974,-0.157188803
671,-0.671601832,-0.177772373
672,-0.917913675,1.61219144
673,-0.804796517,1.14954507
674,-0.422308862,-2.3275497
675,-0.123191543,-0.195154741
676,-0.858186901,0.53496623
677,-1.65278327,-2.10197091
678,-1.10908461,-1.10649002
679,-1.64742517,-1.19612622
680,0.998382509,1.62638593
681,0.343339682,-3.22549963
682,0.228975117,0.338608891
683,1.08104384,0.474489272
684,-0.186608776,-0.546757042
685,0.29708752,2.2747283
686,-1.81779873,-0.844397366
687,1.41344631,-0.369862765
688,1.24253893,0.334502071
689,-0.0889097676,0.366347671
690,-0.208322749,0.476528704
691,0.476716369,-0.588264704
692,0.42723608,2.12391305
693,-0.324775428,-1.1556406
694,-1.7881453,-1.89146364
695,-0.381649554,0.852339864
696,2.48571372,2.13236642
697,-1.68113995,0.401986599
698,0.437949598,1.08002222
699,-0.47894901,0.28282553
700,0.162885487,0.460586131
701,-0.577724218,-1.1620481
702,-2.89560676,0.580051064
703,-0.57885915,2.55077386
704,-0.695515454,-0.530566931
705,-1.73824835,1.0036304
706,-0.378032476,1.41079271
707,-2.96957397,0.426696539
708,0.40057984,1.52131677
709,1.57789326,0.96898073
710,-0.460403085,3.11585212
711,0.116178244,0.572553694
712,-0.177792862,-0.18410632
713,2.18485713,-0.197873622
714,1.20660675,-1.22978508
715,-2.54558802,0.778217375
716,0.0642617494,1.71136522
717,-0.0383787379,-0.5484851
718,0.862123847,-0.0826517716
719,-0.41860944,-1.33889055
720,0.682928443,-0.861272573
721,0.659696937,-0.286411583
722,-0.889427662,-1.42254686
723,-0.258576959,-1.13533044
724,-0.302798599,-0.0451736785
725,-1.38131893,0.354256213
726,-0.526836097,-0.905311108
727,0.215997756,-0.370081246
728,-1.70763505,-3.60739684
729,2.2304709,2.3340826
730,1.76417494,-3.28460073
731,0.100154206,0.33355248
732,-1.08012712,1.32600141
733,-0.158655286,0.135111913
734,-1.54447997,0.314602137
735,1.07071686,3.13520551
736,1.26107574,0.0778963938
737,-1.36518538,0.961799204
738,1.31624913,0.697255194
739,1.10168242,0.142494276
740,-0.145171672,0.464698493
741,-2.47763586,0.759078503
742,-0.798741102,-0.274136364
743,1.01799095,-0.0650764257
744,-0.382000625,0.415336341
745,2.71281219,0.154438987
746,0.456210077,-1.09704888
747,0.15498431,0.426727325
748,0.10629601,0.351570845
749,0.91611135,-1.00046384
750,0.846369982,0.800356686
751,2.22391057,0.682509303
752,-2.23916149,-1.76087248
753,0.167871147,0.191888377
754,-0.641873181,0.363410503
755,1.74135983,-0.715820312
756,1.33672917,-0.390538752
757,0.373673916,-0.360667884
758,1.83701813,-1.89262784
759,0.917648435,-0.853484929
760,0.263208449,-0.103786796
761,1.34308124,-0.533178985
762,0.756498277,-1.12044954
763,0.779537201,0.594997048
764,-1.89579403,0.326521486
765,-1.10964155,-0.0317578949
766,2.47922254,2.49337077
767,-0.391380221,0.442276329
768,0.0860969573,0.337937206
769,-1.76102912,-0.249344632
770,0.838760197,0.440674394
771,0.360810012,0.964642942
772,2.71835113,-0.105880804
773,0.344892263,-1.69286132
774,-0.0900549516,-0.312387317
775,1.75682819,0.987919688
776,-0.0675645545,-0.487213254
777,-0.807966292,-1.0195241
778,-1.38887417,0.294768423
779,-0.0780045763,0.6420874
780,-0.435425341,-0.536335289
781,-0.139274746,0.162965968
782,-0.046755597,-0.492804497
783,-1.59154403,0.851206779
784,-0.54511416,0.6651721
785,0.823668361,-0.586410224
786,-0.197602257,0.799430668
787,-1.69792926,-0.669253349
788,0.92927587,0.574542642
789,-0.48859182,1.97555411
790,2.64899826,1.16362619
791,-0.531100631,-0.642832398
792,1.76871824,-0.447889447
793,-1.0167948,2.1828723
794,0.235799,-0.394108087
795,0.557815731,0.874418259
796,0.6253739,-0.122457899
797,-1.26314795,-0.744796932
798,-0.437388867,0.545107424
799,-0.68743962,0.772526741
800,-0.903967977,-0.0379470661
801,-0.137410134,0.237092763
802,0.246382192,-1.00557375
803,0.159491897,-0.0307767075
804,0.351863027,-0.988782108
805,-2.02010345,-2.48209524
806,2.80122185,-1.07869065
807,-0.294088364,-0.500831068
808,-0.267788649,-2.03010392
809,0.519979,0.150383011
810,-0.314753056,1.26627123
811,0.784109116,-0.735847175
812,3.35464668,2.72260332
813,-1.21261549,-1.15078437
814,0.185032755,0.0742037743
815,-2.74901295,1.749493
816,0.416588306,-1.50828755
817,2.45382404,0.642736375
818,-0.784338653,0.715936303
819,-2.22469306,-0.0601342469
820,0.986867309,-0.225786179
821,0.300459743,0.160541996
822,0.192750797,0.305606604
823,0.500086427,-0.250056535
824,-0.559776843,0.97097373
825,-0.388169795,-0.53051132
826,0.0344048105,-0.194614202
827,-0.708019614,-0.983662009
828,-3.0058043,1.1860832
829,0.653202355,-0.557889342
830,0.0346633792,0.513323188
831,1.87082636,0.149611652
832,-0.917186081,-0.291729897
833,0.372961015,0.557825685
834,-0.0686418042,0.344845355
835,-0.426897496,0.710243702
836,-0.253017157,-0.0717588514
837,-0.448527008,-0.68449831
838,-1.22297513,-0.405120075
839,-0.616644323,0.261752903
840,-1.11745787,-0.112098284
841,1.2775532,-0.222517624
842,0.990257442,1.94478643
843,0.358289301,-0.140554175
844,-0.119066909,0.294098467
845,-3.05706859,0.952905893
846,2.00640202,-1.24289966
847,-0.0204025172,0.888600171
848,0.138786376,-0.499476165
849,-0.799488246,-0.0971085876
850,-0.993714452,-1.50495172
851,-0.218823746,0.0612226576
852,0.684846878,2.1198411
853,0.868353367,-1.35082662
854,-0.11682114,-0.114450768
855,0.748578072,2.63153672
856,-0.353285789,0.0719498023
857,1.41928613,-1.19742525
858,-0.878865421,3.33256006
859,0.94346118,-0.587175608
860,-0.0605925843,-2.40197444
861,-0.790335238,2.25442958
862,2.19939947,0.510371983
863,-0.220721036,-0.69161737
864,-2.06813717,0.119281247
865,-1.22114754,1.98745155
866,0.246643215,-1.48371577
867,1.19583511,1.00746787
868,0.231437042,0.20391582
869,-0.611534655,0.879223704
870,-0.0380935483,1.02852499
871,3.01768327,-0.452832609
872,-0.369847387,0.437490523
873,-1.00219309,1.79888725
874,-1.37099361,0.945612907
875,0.679625273,0.324414074
876,1.00109005,-0.840415537
877,0.0968666971,0.342546493
878,0.24352403,-1.15252554
879,0.62898773,-1.85606182
880,1.21652067,0.330063641
881,0.0516764484,-0.640227377
882,-1.59881997,-0.123528652
883,-0.702215314,1.25956178
884,-0.0718963221,0.546830058
885,0.164653599,-1.44424212
886,0.630421102,0.096342437
887,-0.337849289,-1.70304942
888,0.594954669,-0.749975741
889,0.965624869,-1.87071455
890,0.226637423,0.651573002
891,1.21684265,-1.03157043
892,0.870795131,-0.119483121
893,-0.152876064,-0.223615736
894,-0.358142406,-1.2651006
895,-0.203142762,1.62567806
896,0.433566034,-0.793723464
897,2.25453401,1.7832793
898,-2.13787389,-0.545419157
899,0.615591168,-0.153455675
900,-1.54871297,-2.37715244
901,-1.22910833,1.20870149
902,-0.677919328,0.768809795
903,1.90252733,-0.276088357
904,1.43859363,1.21009648
905,-0.238186195,0.00836658292
906,-0.822094917,-0.0774525553
907,0.118603259,0.356195837
908,-0.799124002,-2.77060246
909,0.230361119,0.6789397
910,0.409730107,0.144402698
911,-0.359861404,-1.68736577
912,0.337464243,0.752427399
913,-0.914055049,0.664311826
914,-0.425765365,1.27256107
915,0.702213168,-0.673490822
916,0.391005337,-1.72679973
917,-0.0743446946,-0.216832951
918,0.169150904,0.670473874
919,0.153171659,-0.00831115246
920,1.58368289,0.980838239
921,-1.06618607,0.803461492
922,0.369415402,0.7400226
923,-0.485428154,-0.0020026532
924,-1.27442408,0.433612645
925,0.169970855,-1.4098264
926,0.76121366,0.67135489
927,-1.35727704,-0.752833724
928,0.275223941,0.101466499
929,-2.30659056,1.67705226
930,-0.282645524,0.53807503
931,0.0209575538,1.6652751
932,0.386032343,0.241442844
933,0.422448963,0.0806936994
934,-2.1123364,4.00469398
935,0.0136844851,0.996481836
936,-0.13603586,-0.745707154
937,-0.740153491,-0.316169769
938,3.5488534,-1.33858454
939,-1.37885165,-0.0326323099
940,0.480302304,-0.728864014
941,-0.196815893,-0.169720292
942,0.0070461221,0.726070702
943,0.135580376,1.60924602
944,0.217252836,0.153621569
945,-0.350958556,1.35968113
946,0.79464525,0.435927838
947,-1.24079001,-0.731956422
948,1.73035967,-1.21754909
949,0.0613200553,0.460528135
950,-0.925173521,1.16959906
951,-0.41479826,-0.95514679
952,0.0630237535,1.79857826
953,-1.35583627,-2.79291201
954,-0.294847369,3.08106351
955,0.61386621,-0.704584301
956,0.886575103,-0.311593413
957,-0.825850487,0.767247736
958,1.11756492,0.386912018
959,-0.483875602,-1.71920407
960,-0.926773667,-0.810789824
961,-0.168050706,-1.70926344
962,1.51392138,-1.20123768
963,-1.89654517,-2.1903975
964,-1.05601108,0.153459102
965,0.835252106,2.16903949
966,-2.6056776,0.079406932
967,-0.812812686,0.447512895
968,0.74672401,-0.578966975
969,-0.0604330525,0.485456228
970,1.32972014,1.06563413
971,-0.2909455,0.632039964
972,0.455269963,0.559971035
973,-0.874161482,-1.56120479
974,2.57725477,-1.30686617
975,0.211767301,0.890899658
976,-0.265123129,-0.206089392
977,-2.42986774,-1.12890506
978,0.514172912,4.96478748
979,-0.213294581,-0.417132735
980,-1.45216179,-1.20146477
981,-1.23666489,-0.712092578
982,1.12057483,-0.885512352
983,0.325334609,-0.325493664
984,-0.765403807,0.830728352
985,-1.14291167,0.938894987
986,0.581230044,3.81401873
987,2.14100099,-1.23310864
988,0.108739302,1.29341245
989,-0.146305546,-0.120797217
990,0.146471679,0.0847204328
991,2.46958518,1.40269721
992,-1.1922971,1.26102436
993,-0.22514911,-0.168099433
994,2.15448904,1.1190064
995,-1.2442987,-0.451271117
996,0.223001167,-0.156836227
997,0.541688442,-0.546813011
998,-1.15480065,0.926479459
999,-0.56521076,-0.247316897
1000,-0.562188089,1.02624786
1001,0.546499431,4.66712141
1002,1.20721257,0.548748314
1003,1.31413329,-0.989420772
1004,-2.97452283,-2.39799547
1005,2.20848393,-1.19826877
1006,0.209375352,-3.29843783
1007,-0.0287438072,-0.423694313
1008,-0.455349118,-0.749080718
1009,1.36114407,-0.683858275
1010,0.819766581,0.823816657
1011,0.247197911,1.00685453
1012,1.77517128,-0.600825012
1013,0.0908103287,-0.647698164
1014,-0.720328927,0.299608469
1015,0.435097396,-0.581304908
1016,-1.64499044,-0.80493027
1017,-0.759335279,2.07984829
1018,1.83232296,1.68941498
1019,0.854575932,-1.63148558
1020,-2.1026473,1.81766987
1021,2.47062516,2.00190878
1022,0.544486105,-0.838808239
1023,0.737176776,-0.223335847
1024,-0.00619508373,-0.704821825
1025,0.341041595,-1.21619725
1026,2.68102074,1.56358039
1027,-0.632521629,-0.395797819
1028,-0.188616678,0.88057071
1029,0.924798846,-2.84693742
1030,-0.249227688,-1.61642945
1031,-1.32735562,1.44416726
1032,2.5451436,0.104760312
1033,1.87068844,-1.22465599
1034,-0.803363383,-1.98352969
1035,1.32820463,0.472142905
1036,2.8324542,-1.73294473
1037,1.49400949,0.879234076
1038,0.0742934197,-1.84126902
1039,-0.890086949,-0.309111446
1040,0.160648838,0.114821672
1041,-0.558972418,0.932987213
1042,0.281254381,0.734643459
1043,-0.128674284,0.357865125
1044,-0.33213082,0.428662807
1045,0.72963506,1.96107125
1046,-0.521302223,-0.717808962
1047,0.799865365,0.990784585
1048,-1.88048387,-2.19705224
1049,-0.504599512,-0.38935256
1050,0.473487079,-0.673308492
1051,-1.04556215,-0.402931213
1052,-0.0399564914,0.284724414
1053,0.188582242,0.0274187829
1054,0.0163703654,-1.27036226
1055,-0.640274405,2.30010962
1056,-0.164935887,-0.435072213
1057,-2.31170487,0.173107237
1058,0.466321945,-0.314680755
1059,-0.182919085,0.205349088
1060,-0.304175526,1.20791447
1061,-2.0243175,-0.481385916
1062,0.271052122,0.4735879
1063,-0.0544233583,-0.177797109
1064,-0.571053147,0.786342263
1065,0.404480994,1.5405817
1066,-1.38167965,1.8719238
1067,-0.944617212,-0.299475759
1068,0.59912318,0.538691282
1069,-1.20075154,-1.01872981
1070,-0.37925747,-0.0669205114
1071,-0.996065259,-0.855382502
1072,0.48369351,-2.59021068
1073,0.155972987,1.15502346
1074,-0.91528672,-0.79890132
1075,0.860458136,-1.03261042
1076,-1.18321669,-1.0778811
1077,1.07178879,-0.954635739
1078,-0.57072854,0.379895598
1079,-1.27232981,0.416608185
1080,-0.498358577,0.149377346
1081,1.11132622,0.0833797976
1082,0.650808632,-0.0502288043
1083,-0.0183416493,-0.581057549
1084,-1.38637555,0.689598024
1085,0.342967749,1.17248011
1086,-0.404265404,-0.0805580243
1087,-0.59301585,0.861858785
1088,-1.99944639,-0.016994277
1089,-0.763967812,-0.76721257
1090,-0.489579856,1.57965183
1091,1.04188037,1.73118019
1092,0.164389133,0.0239608418
1093,1.04031324,2.44068241
1094,-0.412231207,-0.848672807
1095,1.66600466,-1.64771593
1096,-0.980797946,0.715815127
1097,-0.637953818,-0.500123382
1098,0.453570396,-0.60230428
1099,2.71171927,-1.65585065
1100,2.95598745,-1.88713002
1101,0.253488302,1.16864526
1102,2.5448842,0.147380695
1103,-1.55357528,-1.47322071
1104,-0.484326869,-0.266991824
1105,0.0199757311,1.38069499
1106,0.694339693,-0.611365616
1107,0.0967349112,1.19399607
1108,0.0371113904,-0.18682088
1109,2.6127429,-1.18924689
1110,0.99089694,1.00323284
1111,-0.0110297203,0.728510559
1112,-0.996465743,0.0107631888
1113,-0.147947595,-4.30393982
1114,-0.597056508,2.68492961
1115,0.24891147,0.765837789
1116,-0.635700405,0.231641129
1117,0.546200037,-2.17727613
1118,0.911014378,-0.914587319
1119,-0.264084518,0.4497509
1120,0.234708428,-1.07582712
1121,2.65290499,-0.691255569
1122,0.0455210879,-1.31144559
1123,-0.159339905,-0.609808207
1124,-0.118659578,-1.05803394
1125,-2.38419938,-1.13146865
1126,-0.0812006369,-0.347717822
1127,-0.357706398,-0.351017416
1128,-1.10986447,0.147095352
1129,-1.42691588,0.273640752
1130,0.541258335,0.64150089
1131,-0.96573627,-1.87566888
1132,0.66035378,1.90270531
1133,-0.400501877,2.57368088
1134,0.343461901,0.0247379094
1135,2.06407309,-1.15354133
1136,-2.27541137,-0.724761367
1137,0.129926845,1.40817904
1138,-0.702179253,1.06591284
1139,0.475013256,-0.989727259
1140,0.16159068,0.830001414
1141,1.3820473,-0.174890369
1142,0.990005612,0.910152793
1143,-2.09833574,1.50034142
1144,2.17491055,0.704658687
1145,0.341374636,0.28033641
1146,0.937891722,-2.73206043
1147,0.979158521,0.525825799
1148,-1.52481759,-0.615066767
1149,0.121083222,-1.46286476
1150,-0.170836449,-0.621547222
1151,-1.30158484,-3.7298007
1152,-0.771452725,-0.742216825
1153,-0.799566031,2.86375999
1154,2.27923489,-1.29789472
1155,-0.236308783,-0.742223144
1156,-0.457440615,0.311450928
1157,1.89889014,1.43343747
1158,0.716745138,-1.10899794
1159,-0.429100543,0.99563849
1160,1.41214478,-0.534389317
1161,0.328567803,-0.846830606
1162,-0.944010437,0.558616579
1163,-0.138487905,-1.26053345
1164,0.1102174,-0.203981042
1165,0.134306505,0.438839436
1166,0.603590012,0.650835097
1167,0.155237436,-1.94753838
1168,-0.551032484,0.552181363
1169,0.399108768,0.0980394632
1170,-1.03851938,1.63858306
1171,0.204018384,-0.768132031
1172,0.633752584,2.08343673
1173,-1.06197965,2.76898956
1174,-1.92636693,0.0166457612
1175,-0.530713201,2.09581709
1176,-0.561023355,2.38519669
1177,-0.108534895,-0.574385524
1178,1.72536182,0.0163373705
1179,-1.24442387,1.09859216
1180,-0.231779486,0.20935142
1181,0.13715224,1.88089132
1182,2.36070895,0.492825806
1183,0.999216497,-0.641380787
1184,-0.26700294,0.284767896
1185,1.09056485,0.148131579
1186,0.14445737,-0.21536994
1187,-0.281922787,0.952926219
1188,0.590884149,1.29826641
1189,0.421439648,-0.615467012
1190,-0.42228508,0.219760418
1191,-0.455603838,-0.737196684
1192,-0.173449248,-0.05573342
1193,-0.355889112,-0.120106019
1194,-1.87075675,-0.46230796
1195,-0.660938144,-0.368821263
1196,-0.127885088,-0.964123011
1197,1.93857753,-1.32578194
1198,-0.577017307,-0.814858496
1199,-1.83324969,0.0125062997
1200,2.10685611,-0.420346826
1201,0.436119616,-0.299861431
1202,-0.0807906538,-0.146225378
1203,0.7538293,1.34918988
1204,0.436202496,-1.32607055
1205,-0.0562189855,1.20798063
1206,0.18863079,0.0495161451
1207,-1.21867287,-1.06202662
1208,0.667305708,-0.912163973
1209,0.987577081,-0.416595399
1210,0.853657663,0.398158401
1211,-3.44773006,1.37612379
1212,-1.45166886,-0.719311953
1213,-0.0346966162,0.182039171
1214,-2.65523815,-1.02138746
1215,-1.18492639,-0.705842137
1216,-0.542410851,0.531965613
1217,-0.595049918,-1.84616792
1218,0.398242265,0.0428363793
1219,0.12069308,0.0889061466
1220,-0.33246997,-0.0631084144
1221,1.63733649,2.21404696
1222,-0.15195255,-1.09369218
1223,-0.147456542,0.657716513
1224,-0.496583521,-0.58284992
1225,-3.50187755,1.58399224
1226,1.13543868,-0.961034715
1227,0.056970302,0.686756492
1228,0.589396894,1.11835277
1229,1.50586319,0.498399287
1230,0.0780416802,0.0275792573
1231,-0.527814448,0.190030769
1232,0.614281774,0.813814938
1233,-1.53059959,-0.166202649
1234,1.22637212,1.01604235
1235,-0.154981002,0.10078904
1236,-0.23660031,-0.177327439
1237,-1.27864635,-0.457952052
1238,-0.477120608,0.393402159
1239,0.00529450597,0.151690215
1240,3.17655373,-0.124206401
1241,1.70282364,0.360595405
1242,-0.0754649341,0.186713904
1243,1.81603777,-0.366753489
1244,1.68542874,0.207642376
1245,-0.730040371,-0.126493096
1246,3.23401546,-0.00912733562
1247,-1.56232738,-0.100657463
1248,0.110921286,0.400994986
1249,-1.32444096,-1.85199165
1250,1.78578639,2.57711458
1251,-1.10799849,1.34528971
1252,-1.58133566,0.575124562
1253,-2.09973264,0.107649677
1254,1.14999449,1.05879724
1255,-3.24230862,0.751142979
1256,0.00517010968,0.277473241
1257,0.555782914,0.945622146
1258,0.579058468,0.508865774
1259,-0.173487589,0.427375823
1260,-0.816641808,1.05237293
1261,-1.81829488,-0.80325073
1262,0.0235737897,-3.68483734
1263,-1.2190789,4.00367498
1264,0.990893781,-0.747937679
1265,0.494239926,0.424254745
1266,-0.483179212,-0.324546278
1267,-1.36706889,-1.6943413
1268,0.720249593,0.150888592
1269,0.401912302,-2.18258166
1270,1.09622073,1.27152431
1271,-0.139669746,0.688969612
1272,-1.0617919,0.290384352
1273,1.49621022,0.229092076
1274,-0.0651810095,-0.295781642
1275,-0.442627072,-3.27109599
1276,0.130202964,-0.21902746
1277,-1.87272131,1.2920711
1278,-0.901727438,-0.234344751
1279,0.251796454,0.173253134
1280,-0.767868578,0.717723489
1281,0.053314928,1.19216239
1282,-0.681820333,0.267339528
1283,1.04922092,1.62672782
1284,-0.0414662398,0.490436077
1285,0.143529594,-0.198448375
1286,-0.375992984,-1.01095486
1287,1.57547331,-2.31903005
1288,0.94401747,-1.52687931
1289,1.47386503,-0.00413663406
1290,-0.675455809,-0.0319399722
1291,0.207266569,0.494762361
1292,-0.989566505,0.379778743
1293,-1.33081758,-0.398182571
1294,-0.510981679,1.12767148
1295,0.365441144,-0.326769531
1296,4.34872103,-1.21402669
1297,0.529991984,-0.112681746
1298,-0.363937587,-1.36745691
1299,-0.334514618,0.233432963
1300,1.58043897,-1.10532653
1301,2.01946735,-1.18856728
1302,0.441714346,0.87597245
1303,0.164219514,0.7246539
1304,0.935306966,-1.78226066
1305,-0.406282634,1.08293939
1306,-1.5537312,-0.385454595
1307,-0.817886889,-0.950204492
1308,1.41333604,-1.66721046
1309,1.0480653,0.977550566
1310,-1.12551796,3.21918726
1311,2.33923435,-1.61344028
1312,0.841621637,-0.580752373
1313,0.510600984,1.65541852
1314,0.395909637,2.03190947
1315,0.90868032,-0.112844117
1316,1.31792533,0.0644833744
1317,0.0120392721,-0.332157969
1318,1.57806897,1.33533096
1319,1.99404681,-1.8128463
1320,-2.28901505,0.0889883786
1321,0.933630228,0.0519898459
1322,0.456496269,-0.989876568
1323,-0.631689489,1.12889874
1324,-0.573440731,0.876719654
1325,0.266357005,-0.193839371
1326,-0.138089284,-1.04406488
1327,-0.502349615,-1.09915698
1328,-0.259746552,0.0974947214
1329,3.31811571,1.6393317
1330,0.0905106589,1.67000568
1331,-0.54582876,0.459709734
1332,1.93937755,-1.87240183
1333,0.32595095,-0.812645197
1334,0.671885729,0.0969233885
1335,2.93239951,2.97102165
1336,-0.854081035,0.826541424
1337,-2.22208095,1.43244421
1338,0.325182259,0.0391898043
1339,-0.0493596978,-0.114066407
1340,0.241230428,0.135921314
1341,-1.64030349,-1.81957424
1342,-0.321081996,-2.11749578
1343,2.21448088,-1.68849516
1344,1.05410898,-0.0638390929
1345,-3.00090456,1.03057957
1346,-1.71155691,0.589236677
1347,-0.673064828,1.00397515
1348,2.46231842,1.42926002
1349,1.1909157,0.201931402
1350,0.346975952,1.16484404
1351,1.10481632,-2.19144845
1352,1.3087182,-0.373604506
1353,0.0207496788,-0.201415747
1354,-3.15869832,1.82892215
1355,-1.33314669,-0.907562733
1356,-0.929503798,-0.408629745
1357,-0.769848645,-1.07641029
1358,1.36169755,-1.05566847
1359,0.0906515047,0.267097175
1360,-0.800412893,0.21954824
1361,1.0359453,-0.00949075725
1362,0.214200452,0.44128865
1363,3.02785468,-0.721873939
1364,-0.467814505,-0.718069792
1365,-0.16778259,-0.386542559
1366,0.727278948,-1.12498617
1367,-1.34303629,-0.167833447
1368,0.795893371,-0.389209151
1369,0.662585318,-0.906348407
1370,1.48286569,1.5669328
1371,-1.43690479,-0.545795858
1372,2.42268276,2.40947723
1373,0.349061251,0.0583189204
1374,-0.427678466,0.01502549
1375,1.0960077,2.38867497
1376,-0.15597491,-0.13869597
1377,-0.123852208,0.029756736
1378,-0.631985068,-0.880179584
1379,-0.1396164,0.62476939
1380,-1.46863949,0.0580166988
1381,0.229255006,-1.46736205
1382,-1.38989997,-0.373385906
1383,-0.260659009,-0.0599539727
1384,0.563965559,0.33393833
1385,1.06873918,0.532187283
1386,0.653039575,-0.737895966
1387,0.711688399,1.18591797
1388,-1.22608244,0.322120279
1389,0.0364732482,0.652781069
1390,-1.02196145,1.15683448
1391,-0.160050824,-0.0951969773
1392,-0.236181557,-2.10554743
1393,1.88560545,0.723386765
1394,-1.05064797,0.713812768
1395,-0.140414223,0.919190764
1396,-0.154268712,0.459779888
1397,0.433313787,-0.357925594
1398,1.06041217,-0.725631595
1399,0.436181217,0.360875875
1400,-0.0231541339,0.456874907
1401,0.979087353,-0.596279621
1402,-0.518208444,-0.0229303539
1403,-0.791338503,3.37356162
1404,-0.0817042664,-0.784910619
1405,0.81708771,0.422554851
1406,1.04382777,-2.70129108
1407,0.0953261703,-0.350514352
1408,-0.347660333,1.48411095
1409,1.65216792,1.79799592
1410,-0.934049308,1.96357751
1411,-1.99242735,-0.329305232
1412,-1.95990837,-0.813327491
1413,-1.35249627,-1.37484479
1414,1.72995317,-1.16147888
1415,0.248645559,0.351816922
1416,-3.39156795,0.716959298
1417,0.902126133,-0.0273642428
1418,-0.175381467,-0.419269621
1419,0.127842709,-2.78977847
1420,0.0840756744,0.785056889
1421,-0.156358853,2.1306088
1422,1.36048329,0.624771893
1423,0.948444664,0.58132273
1424,-0.983349979,2.44157028
1425,3.60024524,-1.83108473
1426,0.412448168,-0.283252478
1427,-0.677317023,0.641097307
1428,-0.12652871,-0.107205458
1429,0.771900535,-2.04373717
1430,-0.835394502,-0.973523974
1431,0.344571888,-0.350701541
1432,-0.523964047,1.33006942
1433,0.64183706,-1.08658195
1434,-0.246231273,-0.91369319
1435,-0.0175253991,0.225430965
1436,1.03325689,-0.980107903
1437,-1.99602187,1.90866137
1438,-0.185601428,0.857633829
1439,-0.553804398,0.166977718
1440,-0.843963265,-1.07391059
1441,-0.662267327,-0.705179691
1442,-2.29151416,-0.165453896
1443,-0.400484443,-0.320659667
1444,1.47141004,-0.366672963
1445,-0.803856254,1.18208587
1446,-0.586116076,-0.989518404
1447,0.689381659,0.569228411
1448,-1.51181209,-0.920547426
1449,-1.90524101,0.0527462363
1450,-0.397594243,-0.0874183774
1451,-3.29718328,0.193839461
1452,-1.7184701,1.27145851
1453,2.82031631,1.64414918
1454,-0.343985796,-2.09842587
1455,1.29465842,-0.0039860392
1456,1.14238322,-0.780854881
1457,0.460399181,-0.541393399
1458,0.368650973,0.122997649
1459,-0.72222662,0.460768282
1460,0.600866675,0.83664906
1461,-1.5453155,-0.296165079
1462,2.0143609,0.150611654
1463,1.2573489,2.51771617
1464,-2.77580833,-0.131844491
1465,-0.945550382,-1.58322263
1466,-0.603054285,0.488783389
1467,-0.124906503,-0.278303683
1468,1.48534799,0.00685965456
1469,0.386407495,0.14397499
1470,0.673978686,-1.12167096
1471,0.297086984,-0.57989186
1472,1.36427963,-0.884910703
1473,-0.226047292,-0.399386674
1474,0.220849991,0.105568863
1475,-0.383539885,0.82075727
1476,1.74180305,-0.942158818
1477,-0.448739111,-1.31213331
1478,0.884523749,0.831500411
1479,0.583514631,-0.743356109
1480,-0.737568378,-1.63441825
1481,0.207351014,0.307758272
1482,0.279433638,-0.024005264
1483,0.969839871,-0.515396655
1484,-0.45181495,-2.90619278
1485,0.356100649,-1.23988819
1486,1.18587196,-1.69482791
1487,-0.0359480903,-0.193559378
1488,-0.259106576,-0.803851187
1489,-0.454139352,-0.591723382
1490,-0.408941925,-0.556854963
1491,0.380978018,-0.135875538
1492,1.07658625,0.53585422
1493,-2.29379845,2.11036944
1494,0.433171958,-1.02274239
1495,-0.339217216,0.588522494
1496,-0.156075224,-0.361397922
1497,-1.90596259,-0.463542551
1498,-0.954083025,0.521286964
1499,-0.0720926225,-0.219324261
1500,-0.0160186365,-0.81292361
1501,1.55500937,-0.665205121
1502,2.73701572,0.701559424
1503,0.26461485,1.85705316
1504,-0.468898326,2.83941531
1505,0.0998535231,1.95074689
1506,-0.195642889,-0.494885266
1507,0.0770959556,0.750891268
1508,0.555766821,-0.0788553283
1509,0.321771175,-0.296579003
1510,-0.146606207,0.0147113577
1511,0.964890838,0.720574617
1512,-0.947307289,-0.533721328
1513,-0.0276256707,-0.743948758
1514,-2.09332204,1.35526419
1515,0.361971974,0.761909187
1516,-1.66214311,-1.36046815
1517,0.0318943188,0.185958326
1518,0.307561755,0.49154228
1519,-1.50849366,0.519334197
1520,-0.558809459,-1.37587416
1521,-0.787908673,0.15857181
1522,0.159068897,0.277033836
1523,0.443100363,-0.259380132
1524,-0.412442535,1.2123239
1525,0.373113781,-0.523026228
1526,1.20432854,-0.386879086
1527,-0.113852262,1.50825465
1528,-0.466399044,-0.426551282
1529,-1.02146268,0.0153171225
1530,-0.905125678,-0.0501194894
1531,0.534592509,-2.07382941
1532,-2.92711139,-0.288716435
1533,-1.85111547,-0.386317044
1534,1.0633868,-0.598851264
1535,0.429079056,1.61525357
1536,1.22664487,-2.71690416
1537,0.514126897,1.91030276
1538,2.3729198,2.31988001
1539,1.19854736,3.36453319
1540,-0.763216436,0.748785079
1541,-0.594563186,-0.623665154
1542,-0.52867645,1.55634999
1543,-0.842601717,-0.188958168
1544,-0.442874312,1.55296731
1545,-1.11088264,-0.53523165
1546,0.492440492,0.456954598
1547,-0.999337196,-0.752046108
1548,0.233767465,-0.232945964
1549,0.560475826,-0.319539636
1550,-3.53117681,0.080414921
1551,0.499078691,1.35679317
1552,1.09190452,1.19382405
1553,-0.714797556,0.0762267262
1554,-0.187906876,1.31185472
1555,-0.567928791,2.45938325
1556,-2.12114739,-0.942754865
1557,1.52692902,0.427155405
1558,0.828205347,-1.07230473
1559,2.62665606,0.596622288
1560,2.75600791,-0.204656005
1561,-2.37459064,-2.15732002
1562,-0.381839484,1.25572622
1563,-0.11035078,1.43119025
1564,2.12044215,-2.43241286
1565,3.06735206,1.99773383
1566,0.348138541,0.608225226
1567,-0.518185675,0.5829705
1568,-0.515134096,-3.09227061
1569,0.630346954,-0.586108565
1570,0.709932029,2.17203403
1571,1.54340029,-2.95161057
1572,-0.185390279,0.523631692
1573,-0.28602618,0.362674028
1574,-1.65742338,-2.32378721
1575,0.153175935,0.471634865
1576,-0.00477223098,-0.921278179
1577,-1.25375819,-0.385693192
1578,-1.51452518,-0.439651489
1579,-0.350426137,0.87233299
1580,-0.0271671247,-1.12283337
1581,1.15471244,0.490729809
1582,-0.98086977,0.877089918
1583,1.18782735,-0.844456315
1584,-0.811701536,-2.20574975
1585,0.44847095,-1.56832814
1586,-1.08890831,1.00699449
1587,-0.318846047,-2.14408684
1588,1.5774262,0.159317806
1589,-0.591820717,-0.198424593
1590,0.484134644,1.05607617
1591,0.598005116,0.544311881
1592,-0.0841346532,-0.151491329
1593,0.280097574,-0.676225543
1594,-0.413663507,1.10046351
1595,2.48555303,1.3059231
1596,0.707056224,0.995951593
1597,-1.03265917,-0.932310224
1598,-0.0720094666,0.848382533
1599,-0.315595716,0.395199686
1600,0.180845797,0.161668748
1601,0.862163544,-0.866320133
1602,-0.802238405,-1.078982
1603,-0.363864154,-0.530755281
1604,-0.796007395,-0.650316954
1605,0.968315959,-0.107347772
1606,1.29740286,2.37701488
1607,-0.642883778,-0.19705084
1608,0.726455867,-0.485193372
1609,-0.146642461,-0.442750245
1610,0.836654842,-0.0476858504
1611,-0.740371406,-1.10820436
1612,-0.49049136,-0.304391772
1613,0.86878866,0.668033838
1614,0.038793046,0.19169195
1615,-0.890248179,-1.79499173
1616,-2.64411545,-0.572284758
1617,1.51168251,-1.38950384
1618,-1.63711941,-0.881167173
1619,-0.698494315,0.696352184
1620,-1.52097523,-0.160020798
1621,-0.222647771,0.333510846
1622,0.920239031,0.284703672
1623,0.143516958,-0.205064341
1624,1.76564097,1.62921464
1625,-0.403950959,0.0470635034
1626,-1.60307741,-1.94910443
1627,1.844522,0.878004193
1628,-2.22850704,-0.628500402
1629,0.114000745,-0.646505892
1630,-1.36735892,-0.494206399
1631,-2.10345769,0.745972335
1632,0.739761889,-0.104846142
1633,-0.17666626,-0.00290057436
1634,-1.3719244,-1.13920069
1635,0.438467294,1.57159662
1636,2.12868881,3.32086325
1637,1.39497185,-0.568567038
1638,0.901587427,3.64608359
1639,-1.13827872,0.127565637
1640,-0.283526629,-3.38122916
1641,0.28646946,0.232463554
1642,-0.258097529,0.58369571
1643,-0.239446372,-0.614478469
1644,-0.350873917,0.524079561
1645,-0.440185517,1.22294998
1646,-1.22121215,1.19729733
1647,1.25603271,-0.0386514403
1648,-1.05383325,0.540124238
1649,1.5695374,-1.16341305
1650,0.762876928,-0.530321538
1651,0.140358925,0.533721268
1652,0.718461931,-0.839185238
1653,-0.773073316,0.593821347
1654,-0.104112722,-0.636947632
1655,0.200321883,-1.54789722
1656,-0.450307667,0.303403765
1657,-0.310495168,-0.07196863
1658,-0.728769541,-0.909619451
1659,0.533628166,1.08482099
1660,3.66148591,0.336198241
1661,1.06277668,-0.314035654
1662,0.934928,-0.0690288469
1663,-0.0710994676,-2.07222319
1664,-0.211571291,-1.34136415
1665,2.1285336,-1.12529409
1666,0.419595987,-0.189581692
1667,-0.00734984269,1.9096117
1668,0.448113203,-0.637491524
1669,-0.773104489,1.22036803
1670,0.191185951,-0.259744495
1671,-0.172966525,-0.0222173464
1672,2.33763313,-1.25993335
1673,-0.398403317,-0.630268395
1674,-0.16687952,-0.381373972
1675,0.855840921,-0.588387847
1676,-0.276144415,-0.117005453
1677,-1.07826018,1.06424809
1678,0.0685404539,0.0243777819
1679,-1.16920888,0.447689801
1680,-0.327677786,-0.837966025
1681,-0.348317176,-0.090311408
1682,1.42541039,1.4330678
1683,-0.399865538,0.404084474
1684,0.207135856,0.454056412
1685,1.09220469,2.08721066
1686,-1.69902301,0.847911835
1687,0.0546775572,-0.162582144
1688,-0.0330571122,-0.618233323
1689,-1.03747296,0.18784
1690,-3.86844683,1.76546764
1691,-0.755257666,-1.00481355
1692,2.65575719,-1.19110143
1693,-0.625351727,-0.497906566
1694,0.0440665707,0.59603852
1695,0.814826906,5.07167387
1696,-1.12174976,-0.839226902
1697,-0.220807984,0.4525038
1698,-2.06771636,0.924262047
1699,0.33126232,-0.175180152
1700,1.02020788,3.08886647
1701,0.419486076,-0.477375746
1702,-0.7529791,-0.919781208
1703,-0.308371007,-0.171327457
1704,0.682871461,-2.57236505
1705,-1.99272072,0.985534191
1706,0.80230695,1.94249392
1707,1.14719296,0.334997326
1708,-0.56087321,-1.59189749
1709,1.73462641,-0.969045222
1710,-0.217152864,-1.49817622
1711,-0.168729216,0.0547872595
1712,0.164650992,-1.29048526
1713,0.471104681,0.338084847
1714,3.29557848,-1.13102663
1715,0.189337835,-0.597594082
1716,-0.124099679,-0.159820646
1717,-0.250066489,-1.69851995
1718,-1.29546106,0.433413923
1719,0.644606769,-1.14498138
1720,-0.604256392,1.37583447
1721,-0.940850198,-0.152424365
1722,1.13764024,0.233039826
1723,0.33411938,-0.289367408
1724,-0.629800677,-1.476511
1725,-0.025758544,-0.564350605
1726,2.06334376,1.30641735
1727,0.351399034,-1.11895764
1728,0.355445027,0.144166917
1729,-0.103823408,-0.112767436
1730,-1.57759321,-1.45926702
1731,0.26190725,0.0647176579
1732,-3.1327672,-2.91767597
1733,1.09735465,-2.25418448
1734,2.0774219,-0.222036451
1735,-0.623551428,1.23815525
1736,1.43047404,0.299065799
1737,-0.712993741,1.16943932
1738,-1.06103373,0.952262819
1739,-0.694282055,1.51334488
1740,-0.0252988469,1.22545528
1741,-1.38075221,-0.602814436
1742,-1.69752705,1.68275642
1743,-0.370014668,-0.5567469
1744,0.654790699,-0.139735311
1745,2.58097148,-2.85707092
1746,-0.179080606,0.173617661
1747,-1.23828208,2.03715897
1748,0.308514386,0.218708336
1749,0.54751265,0.224832073
1750,0.0749448687,-0.420039028
1751,0.586590767,0.101969332
1752,-0.10222888,-0.805006027
1753,0.276945919,-0.773991406
1754,0.091355823,3.30643058
1755,1.07601893,0.451381952
1756,-1.3009876,-1.393713
1757,-0.51212734,2.6051507
1758,-0.240689501,-0.829117179
1759,0.284461975,-0.543015003
1760,-1.49244034,1.77576852
1761,1.17136574,-0.960680366
1762,0.150812089,-0.189954028
1763,1.15555394,-0.649766386
1764,-2.09721589,-0.495434374
1765,-0.367163926,0.353175581
1766,0.0789060965,0.973049879
1767,-1.2220571,0.926857054
1768,3.47614765,-0.371306092
1769,-0.089377299,-0.196614638
1770,-1.38948882,-1.89005208
1771,-2.28843284,2.0666945
1772,1.706954,0.91938591
1773,0.0994453952,-0.127173886
1774,0.606026292,2.2313087
1775,3.6074605,-1.10171092
1776,-0.50937885,0.245430559
1777,0.909163058,-0.894783139
1778,0.784576416,-0.665808916
1779,-0.406265169,-1.06995654
1780,-0.650105655,2.61308455
1781,-0.378208101,-0.412754178
1782,0.162336916,0.376315504
1783,-0.460159689,-1.13388443
1784,-0.737893045,1.04015076
1785,0.804357409,0.638835728
1786,-0.159549624,-3.32408834
1787,1.33594203,-2.19726133
1788,-0.574619591,-1.3350172
1789,1.92567587,-0.697973311
1790,-0.680944085,0.143974826
1791,-0.708004475,-1.22934461
1792,-0.153826207,-0.0347874463
1793,0.112060525,-3.29078054
1794,0.862870455,0.660362065
1795,0.626880467,2.09769607
1796,1.51186204,1.07262945
1797,0.848185122,0.290094614
1798,0.811234772,0.673042655
1799,1.1355741,-0.581190825
1800,-0.66041863,0.32265389
1801,-0.218668774,-0.245386302
1802,-0.568068683,0.0273801629
1803,-1.1314919,1.65861464
1804,-0.436228901,-0.602409184
1805,0.765821576,0.633455992
1806,0.394076377,1.50767016
1807,-0.307442307,-0.40599829
1808,0.0546159744,0.323900014
1809,0.00744331628,0.453133374
1810,0.455677837,-0.925799906
1811,-1.17845571,-1.36338377
1812,-0.07058727,-0.199050367
1813,0.0402975939,-0.175918698
1814,1.40226841,-0.962564409
1815,-0.142675877,-1.06318176
1816,-2.16581917,1.03059709
1817,1.01083887,-1.75402904
1818,-0.30553925,1.02051294
1819,-0.229775727,-0.368055999
1820,-1.08633804,0.805269301
1821,1.15938401,0.249210387
1822,-0.0807230249,0.808320224
1823,1.29837155,1.25221133
1824,-1.18974257,-0.168028444
1825,-0.171176136,0.151716486
1826,1.5360167,1.05282521
1827,-1.84942937,-1.12780321
1828,0.570398569,-1.36250246
1829,0.232576072,0.474661112
1830,2.02575016,0.12796697
1831,0.660859644,1.49413633
1832,1.27453804,-0.939397335
1833,0.375270844,0.515750051
1834,-0.241186783,0.544920266
1835,0.336003989,-0.353281915
1836,-2.15686464,0.771416008
1837,-0.640370667,-1.71613669
1838,-2.1884315,0.460484862
1839,-0.384107351,-0.353187591
1840,-0.196882561,-0.868725598
1841,-0.905608475,0.591904223
1842,-0.800099373,-0.00996568985
1843,-0.913512826,-0.297604769
1844,-0.567219019,-1.1816777
1845,0.453160226,2.27853703
1846,-0.242840424,-0.269482225
1847,-1.0297724,0.408416271
1848,-3.32714677,-1.53076231
1849,1.39716375,0.553755581
1850,-0.124889441,-0.306122899
1851,0.444387585,0.511328936
1852,0.0822374076,0.481196404
1853,-0.482376426,-0.244289652
1854,-0.753415108,-2.80045271
1855,0.364894301,-0.0286275763
1856,-0.912850857,-0.238062203
1857,-1.11908555,-1.79481375
1858,0.244767964,-0.877978384
1859,-2.16319799,2.04193473
1860,0.944019675,0.292026371
1861,0.490739763,-3.17239428
1862,-0.214887813,-1.27743661
1863,1.40771687,-2.52151442
1864,0.2569305,0.548051
1865,-1.45720792,-0.877250254
1866,-1.42068768,-1.82388484
1867,-0.454182923,0.578399956
1868,-0.281173229,-0.0959675387
1869,1.42295897,-1.28313661
1870,1.20623314,-0.415863603
1871,-0.32791844,0.254785895
1872,0.10295783,-1.42832768
1873,0.388778746,-1.50892985
1874,-0.825459659,0.230767772
1875,-0.418113858,3.26756024
1876,-0.29504022,-0.274130136
1877,0.534375072,0.849053741
1878,-1.67745137,0.264631033
1879,0.746529758,0.876476824
1880,-0.246290475,0.105579175
1881,-1.5796293,1.14569032
1882,-0.407180339,-0.367030948
1883,0.117342092,-0.29150027
1884,-1.02084529,0.474411249
1885,0.482858092,0.0230595395
1886,-1.10182571,-0.985719919
1887,-0.932943225,0.239941835
1888,-0.33332628,2.08608913
1889,0.207723469,-0.377260029
1890,-2.59140992,1.44171512
1891,-2.47907352,-0.753186643
1892,0.342403501,-1.66016161
1893,0.670939505,0.467078835
1894,-0.676523328,-0.302062422
1895,1.07936978,-0.947241127
1896,0.415367723,0.439155698
1897,-0.436104327,-0.321558148
1898,-0.559044361,-2.42447901
1899,-0.933633864,0.234660819
1900,-2.50481558,1.48451233
1901,2.43773103,0.333320826
1902,-1.10149324,-1.11797154
1903,-0.674671769,-0.10188175
1904,-2.07719207,-1.02784729
1905,-0.137479827,-0.345369101
1906,1.36662233,-1.02108479
1907,-0.502026737,-0.181362867
1908,1.30507672,-0.158236131
1909,0.924421728,-0.653679013
1910,0.150658101,0.770156324
1911,0.0866266116,0.121045016
1912,0.454825521,-0.0759255216
1913,0.386955708,-0.61258018
1914,-1.7308141,0.259901375
1915,-0.881063402,0.819284737
1916,0.629739046,0.702800572
1917,0.830572188,-0.0353124999
1918,-0.161402613,0.994616866
1919,-0.110690139,0.94719243
1920,1.40713632,-1.12116921
1921,0.338360041,-1.8524977
1922,-1.366382,0.651911139
1923,-0.823007166,-0.115401872
1924,-0.270013183,-0.122374199
1925,0.668222964,0.238984227
1926,2.89200187,0.629329085
1927,-0.223197833,-0.0538613163
1928,0.442275792,1.87343645
1929,0.425450921,0.0355276391
1930,-1.44141936,-0.55434835
1931,-1.10905516,-1.48483145
1932,2.09503722,1.94808626
1933,0.759259582,0.436335087
1934,-0.0890730172,-0.827133596
1935,-1.65616632,2.49814391
1936,-1.21854329,1.43019664
1937,-1.23791039,0.0714185312
1938,1.20745087,0.3421956
1939,-0.694308639,-0.492854387
1940,-0.264356822,0.357338816
1941,0.629542053,-0.99649471
1942,-1.57307673,-0.427420706
1943,1.07335401,1.15419483
1944,-1.13038766,0.18078576
1945,1.56254816,0.922115922
1946,0.547520876,0.500962079
1947,0.476636112,-0.243960574
1948,1.36797535,0.874030292
1949,2.52295423,1.20459962
1950,1.56966388,-1.60479128
1951,-0.101522125,-0.155891344
1952,0.253385663,1.42416
1953,-0.2938115,0.650943518
1954,1.4801873,-1.00988817
1955,-1.83111787,1.47850072
1956,-1.37044454,-0.885137022
1957,0.895038664,1.91264951
1958,-0.422390491,-0.357134551
1959,2.6675961,0.735405982
1960,-0.317957789,0.0835436136
1961,0.0768237188,-1.65748405
1962,0.147316322,-0.908913851
1963,-0.588778675,-0.0475535281
1964,-0.40111655,-0.416575789
1965,0.425620317,1.19086587
1966,0.209350556,-0.216928706
1967,0.977127433,2.14835262
1968,0.396437734,-0.703289628
1969,-1.58833683,-0.401211649
1970,-0.757166147,1.37272418
1971,-0.181371078,0.704261243
1972,0.00209330721,-0.541959047
1973,-0.588614941,-0.966889083
1974,-0.724091947,1.05181742
1975,2.74495268,-0.921328366
1976,-0.126934871,-0.158124715
1977,-0.884633064,-0.507271886
1978,0.0878650546,-2.36071253
1979,-0.126914322,1.41386378
1980,-0.683524489,-0.815915227
1981,-0.631178796,1.17456448
1982,-0.87758863,1.1851871
1983,-0.656411827,0.435279399
1984,-1.26432896,-0.0945983753
1985,0.0674023554,-0.522437572
1986,3.17089581,1.05168855
1987,-2.09584641,1.86959326
1988,-0.0465109758,0.832562387
1989,-0.0695992634,0.317078024
1990,-0.927983999,-0.482642263
1991,0.177486673,0.27301228
1992,0.481246829,0.686496079
1993,0.902609527,-2.50305009
1994,0.0340213813,0.0789002851
1995,-1.08737624,-0.237049103
1996,0.767068982,0.0797645971
1997,0.31254971,0.485456645
1998,0.284357786,0.106586926
1999,-2.56620026,0.99177289
2000,0.662345469,-0.213928849
2001,0.859956801,-0.837126911
2002,-0.919514716,0.41617769
2003,-0.830814183,-1.21930742
2004,0.409046739,0.142153546
2005,0.106431141,-1.42275155
2006,0.121667556,-0.0806603953
2007,0.790403426,-0.671030283
2008,-0.846220553,-0.138823345
2009,0.532369971,-0.808980167
2010,-1.84194171,0.685064971
2011,-1.06388688,0.102956347
2012,-0.122335449,-0.613189459
2013,0.279430568,0.724170923
2014,-1.35718155,2.03316402
2015,2.14929414,-3.02376485
2016,0.326162249,-0.908604026
2017,-2.33832979,-0.24284412
2018,-0.647013068,-0.348477632
2019,0.605910718,1.70292664
2020,1.14630544,-2.43907261
2021,-0.413686842,0.197461382
2022,0.270354331,-0.40042609
2023,0.869152427,-0.320214003
2024,-0.94050175,-1.04202569
2025,2.26313114,2.83573174
2026,0.35321945,0.965382636
2027,-0.0198771171,-0.340303928
2028,-0.631014407,0.282091081
2029,-1.10410666,-0.492553264
2030,-0.0253327936,0.174593046
2031,1.32062602,-1.59571457
2032,0.362450629,-0.166492209
2033,0.230108336,-1.15594435
2034,1.78124487,0.148114026
2035,0.989532769,-2.0623486
2036,0.684412837,-0.690756917
2037,-4.7875576,-1.58707726
2038,-1.01703846,0.152431175
2039,0.414399207,-0.0905470625
2040,-0.134011135,-0.15811497
2041,0.599088371,-2.00007057
2042,-1.04162419,0.0424776562
2043,0.306676894,0.497337431
2044,-0.265788943,0.211064041
2045,0.0990971997,-1.16647983
2046,-0.822666287,-0.180750489
2047,0.102383927,-0.597227335
2048,-0.149446726,0.259707451
2049,-0.205395162,-2.82872033
2050,0.502381861,-0.655468822
2051,0.897003055,-1.1784389
2052,0.137903631,-0.161202088
2053,0.391597033,0.368014306
2054,-0.165290132,0.146510556
2055,0.610656381,5.1464448
2056,0.853163064,1.47538328
2057,0.316756546,0.913414896
2058,-0.0263133608,-1.76507902
2059,-0.83645159,-0.389957547
2060,2.24256802,-1.11055946
2061,-2.08127832,1.29125333
2062,0.39791435,-0.350203872
2063,0.308165073,0.0891018212
2064,-0.454054534,1.29049242
2065,-0.637179196,-1.37884998
2066,-1.58618045,1.42982972
2067,1.76798868,1.19667804
2068,0.198152691,0.247720391
2069,-0.715274334,-1.05865264
2070,-0.586039305,1.15689409
2071,-1.8249805,-0.833535731
2072,0.808342159,0.351546794
2073,-0.861312449,1.63666534
2074,-0.453726172,-2.41040683
2075,0.0121175256,1.09152555
2076,-0.838827848,-0.432130635
2077,-0.986509204,0.691445529
2078,0.0409509763,0.590884686
2079,-0.205308542,0.645335555
2080,1.95277619,1.21758544
2081,-0.22901614,2.2707243
2082,-0.739454806,-0.807563603
2083,0.0931091607,0.191357553
2084,-0.223304257,0.242727235
2085,-0.351918042,0.352116466
2086,-0.919983387,1.6041373
2087,0.274260074,-0.295626402
2088,-0.638967931,-1.69978678
2089,1.38160026,-1.10885119
2090,-2.15727639,-1.0460819
2091,0.0931249708,-0.552581728
2092,-2.85618281,0.381945848
2093,-2.210289,1.05168319
2094,0.679811478,0.931849897
2095,-0.0880646929,0.226316139
2096,-0.115317598,0.925331593
2097,1.49046409,-2.04336262
2098,-0.592866719,-0.437296093
2099,1.91823828,-0.896454394
2100,-0.0231245179,1.60517645
2101,-0.239469975,2.50325823
2102,2.03542662,0.0313539691
2103,-0.672806382,4.79310846
2104,-0.494290799,2.0720787
2105,2.51568508,-0.0925486162
2106,-1.21111166,1.53727138
2107,-0.482765198,1.26763737
2108,-1.35853875,0.59079653
2109,0.550812483,-0.0157197621
2110,0.0759404749,2.60760832
2111,-0.121011786,1.15926182
2112,-0.649784029,-0.104220927
2113,0.511101365,-0.984926641
2114,-0.300665468,1.06781995
2115,0.587438583,-0.742215097
2116,0.606048107,-1.17782354
2117,-0.721151769,-2.29363775
2118,0.0496668406,-2.99404287
2119,-1.43391228,1.02414262
2120,2.11925483,0.132198244
2121,-2.98453736,-0.959979236
2122,-0.209138066,0.569012105
2123,-0.0915710628,3.03227115
2124,-0.635925353,0.383132517
2125,1.00659835,-0.367599428
2126,3.07907867,4.330338
2127,0.00732192071,-1.03796566
2128,1.19475031,-0.645509303
2129,-1.40645742,0.0156297386
2130,1.00870955,-1.34048951
2131,0.918793559,-0.649146914
2132,1.38704896,1.04520559
2133,-0.914459229,0.451432586
2134,-0.784431159,0.231814682
2135,-2.54686904,-1.53154945
2136,1.28736293,-0.899638534
2137,2.6030643,1.79922175
2138,1.68022954,-0.165005937
2139,-0.356263608,-0.127771497
2140,-2.21347022,0.404029608
2141,-0.123626284,-1.07492578
2142,-0.985339284,0.598627985
2143,0.366585344,-0.0331884585
2144,-2.93271804,-0.332419604
2145,-0.871375144,-0.0160583314
2146,0.240026653,-0.118865877
2147,0.440580547,0.635059655
2148,0.128221616,1.97181737
2149,2.36457157,-1.23123658
2150,-0.77297914,-2.46927381
2151,0.0136186406,0.623025
2152,-1.27895939,-0.250759482
2153,-2.66600037,-1.39018607
2154,-0.4575032,-0.756656289
2155,1.59728348,2.23233223
2156,0.831910908,-0.114808403
2157,0.0905912444,-0.655838907
2158,-0.147708967,-0.510824919
2159,0.992465913,-2.00233436
2160,0.30577448,0.660551071
2161,-0.0692658648,1.05041945
2162,0.934507072,0.376520157
2163,2.22873402,1.56634545
2164,-0.0988791659,1.05046272
2165,0.236593843,1.23842657
2166,-0.489592195,1.70495665
2167,-0.707466364,-1.50767565
2168,-0.43614924,0.328829378
2169,-2.46347666,0.0663945526
2170,1.48666644,-2.25016427
2171,-1.57078314,1.35273039
2172,0.625644207,-1.63546538
2173,-0.158854753,0.278340548
2174,-0.604905725,1.60888195
2175,1.16115773,2.92862153
2176,-0.620072603,0.338922054
2177,1.30938578,0.752277315
2178,-1.21436882,0.730628848
2179,-0.0758657083,-1.25911033
2180,0.448104292,-1.18203557
2181,-1.18359101,-0.659188688
2182,-0.510310829,-1.86040843
2183,-0.896250308,-2.31977701
2184,1.38666058,1.75741827
2185,-1.56498361,4.88409328
2186,-0.75233537,0.756662071
2187,-0.500082076,-0.820362508
2188,0.117830865,0.335423052
2189,-0.0751260445,0.236200139
2190,0.807336986,0.695028484
2191,0.431780159,0.37814635
2192,-0.888300598,0.30580613
2193,-3.19042444,-2.46277356
2194,-1.41854644,-0.624655604
2195,-0.0999695212,-0.242852747
2196,0.761958301,0.0250141956
2197,-0.71267724,0.230282411
2198,0.924844742,0.118994504
2199,-1.11779237,-1.90182495
2200,-1.52832687,0.474231899
2201,-1.1260848,-0.422395319
2202,-1.0876987,-0.650866568
2203,0.494318873,-0.0441640131
2204,-2.31286788,0.423077673
2205,-2.30825496,0.440548569
2206,1.18046284,1.44268572
2207,0.886452436,-0.937674522
2208,-0.656083226,-0.0204670131
2209,-1.82741237,0.114524856
2210,-3.10631657,-0.0183397029
2211,-0.527219176,-1.05516171
2212,0.507525861,3.18325853
2213,-0.78641367,0.136907175
2214,0.220470905,-2.09331894
2215,0.912660301,-0.943768919
2216,-0.0815557763,0.728293657
2217,-0.283404112,0.275406361
2218,-0.96862942,-1.95614707
2219,-0.509289622,-1.11193895
2220,-0.822016776,-1.07410181
2221,-0.731628776,-1.81884897
2222,-0.958235919,2.20366049
2223,-0.16696924,1.7804625
2224,1.85916889,-0.129646316
2225,-0.611185312,0.446949482
2226,-0.360580683,-1.22458363
2227,0.451719701,0.145977512
2228,0.0382968709,1.63574839
2229,-1.30668807,-0.541797817
2230,0.291345865,0.00698853703
2231,1.20291531,3.01154494
2232,0.447376996,1.41589546
2233,0.137007192,0.022504447
2234,0.286351621,1.42340088
2235,0.177350521,0.125525221
2236,-0.566321373,1.15452766
2237,1.65673554,1.20130932
2238,-2.2059083,-0.816040158
2239,-0.907290697,1.40735757
2240,0.760018706,0.938574612
2241,0.291896164,0.749495506
2242,0.38946867,-0.021176042
2243,0.533277392,-0.338390201
2244,-0.716771662,0.316301823
2245,-0.382812351,-0.0419184901
2246,-0.913433075,1.33243585
2247,-3.19232631,-1.88426173
2248,2.01496673,-3.92458963
2249,-1.04408598,-1.39540327
2250,2.07895565,-0.694899142
2251,1.71400094,2.29099131
2252,-1.12717378,1.85676622
2253,0.0522124581,0.436127692
2254,0.29947263,0.0176697876
2255,-0.140202895,-1.55641353
2256,0.0798174739,0.97599566
2257,-0.28104201,-0.475660026
2258,0.220277637,2.14903831
2259,1.12404358,0.78552103
2260,1.17785299,0.158255666
2261,0.663157701,1.2859143
2262,2.39805388,-0.055095192
2263,-1.21957457,0.408876777
2264,3.27323318,4.84762669
2265,0.874788225,0.464758217
2266,1.21508241,0.733853221
2267,0.84727788,-0.0513521805
2268,-0.838764787,-1.32458997
2269,-0.222827807,0.459625095
2270,0.779873729,0.203007728
2271,0.423793554,0.337095022
2272,-2.35632992,-1.32551336
2273,-0.259433657,-0.517132699
2274,-0.923935652,-0.262535423
2275,-0.225110725,-0.173140019
2276,0.549830914,0.673846722
2277,1.5270381,0.100233473
2278,1.83069956,-0.355985522
2279,2.68846679,0.614257038
2280,1.15880036,-1.26537657
2281,0.270040989,2.2746861
2282,-0.222926944,0.253793836
2283,-1.02297652,2.07107449
2284,0.826852977,-0.0739056543
2285,3.41707873,-1.0500021
2286,-0.944465697,0.408183992
2287,0.0602055676,-0.144715011
2288,-2.0519979,1.05062675
2289,-0.335017323,1.03886414
2290,-0.390095115,-0.554278731
2291,-0.235561803,0.253545076
2292,0.990525305,-2.79180121
2293,0.816558719,0.541276813
2294,1.73170578,0.0818988159
2295,-1.62785006,-0.399308801
2296,-3.49510527,1.35523593
2297,-0.249751121,0.122702293
2298,1.2877183,-0.768514156
2299,2.18334317,-2.72229433
2300,1.02503371,-0.61449188
2301,-1.73223257,-3.82366681
2302,-0.0575141497,-0.237914756
2303,1.40082443,0.252226859
2304,0.155335575,-0.0348100439
2305,-0.158442944,-0.340886414
2306,2.25786376,1.90583098
2307,0.273448378,-0.0947025567
2308,-0.327920914,-0.00933091529
2309,1.00217986,-3.6703248
2310,-0.935745239,2.32633948
2311,0.531978607,-0.686876178
2312,1.20579779,-0.171213001
2313,-0.871594369,-0.226926446
2314,0.227796286,-2.81113672
2315,0.109691352,-0.224010557
2316,-1.4658078,-0.299656004
2317,-0.235557169,-1.31558311
2318,3.08386564,0.724227786
2319,-1.26045406,-1.14471614
2320,0.467835516,1.22121894
2321,0.884340286,2.46445513
2322,-0.209785789,-0.401909053
2323,0.276721388,1.01456916
2324,-0.474803865,-0.96564281
2325,0.310952038,-0.218389615
2326,-0.220068529,0.0164493509
2327,-1.67506313,-0.876646638
2328,-0.38570112,-0.684548497
2329,0.214387476,0.214508653
2330,-2.59965038,-3.30999923
2331,-0.729288161,0.172294244
2332,-0.600210726,-1.23986125
2333,0.557671487,-0.00269249827
2334,2.25062013,-0.526936471
2335,1.21045697,0.20812346
2336,0.146968037,0.320227414
2337,-0.282415599,0.978528917
2338,0.326322019,0.881675839
2339,-0.147510737,-0.78690666
2340,0.596130133,-0.419210047
2341,-1.38788378,-1.78977382
2342,-0.726737082,1.00350726
2343,-0.990680575,-0.0158395227
2344,0.66400677,-0.726336956
2345,3.11024284,-0.168729454
2346,0.175694242,-0.00577992434
2347,-0.293608665,-0.885112345
2348,0.0236855764,1.38781273
2349,0.388937384,1.62458575
2350,-0.166195363,0.0684524849
2351,0.0240359642,0.198472857
2352,-2.4257915,1.55618
2353,0.349174708,0.108366825
2354,0.351706654,-0.118116669
2355,1.12173295,-0.490608335
2356,-1.27740276,0.249986887
2357,0.00246888376,-0.373706251
2358,-0.876860976,-0.14561592
2359,-0.211716086,-0.0577796511
2360,-1.01129866,-0.764627099
2361,-1.75322068,-1.44308889
2362,-0.691261172,-0.183949068
2363,-2.19185424,-0.212635547
2364,-1.49292076,-0.660566509
2365,1.67859113,0.293846756
2366,-2.52850175,-1.0463779
2367,-0.97031641,-1.25590849
2368,0.0652714297,-0.420931816
2369,-0.585535586,0.067224592
2370,-0.780987263,0.252510458
2371,-1.02383649,1.01459777
2372,0.187309116,-2.70401168
2373,0.301021934,-0.0799318776
2374,0.584326863,0.823488951
2375,-0.0956873894,0.769699574
2376,0.552804828,-0.65413785
2377,1.25662231,-1.55991578
2378,0.39835155,0.602882624
2379,1.28603375,1.15869236
2380,0.956558168,-2.12720609
2381,0.302189529,-0.103228517
2382,-1.37915087,1.33337736
2383,-0.134060755,1.12582898
2384,-0.339972198,-0.686948538
2385,-1.23306143,0.19489105
2386,-0.411256522,-0.554016471
2387,-1.10402298,2.70051742
2388,-0.371751279,-1.45539594
2389,-1.76791775,-0.702134609
2390,0.393019468,0.734522641
2391,0.368323088,0.171531424
2392,1.00669909,1.89145601
2393,2.0976243,1.79974055
2394,1.53690779,-0.785785079
2395,0.376294345,-0.95344305
2396,-0.121885128,1.32974279
2397,0.373724431,-2.06003618
2398,-0.416777164,-0.475375533
2399,-0.291643232,-1.24386334
2400,-1.38263297,-0.560114145
2401,0.0304606222,-0.668403566
2402,-1.18727577,-0.341888428
2403,0.578557491,-2.27614212
2404,-0.861269832,1.14574409
2405,-1.77030849,0.15793702
2406,0.637741208,-0.26305899
2407,-0.00324579584,0.365442336
2408,-0.521238804,-2.29903746
2409,-1.43236578,-1.09926963
2410,1.93255687,1.24255991
2411,-0.138646409,-0.369754672
2412,2.37627459,-1.65970612
2413,-1.43890405,3.70343375
2414,1.13745403,2.42835045
2415,-1.16880631,0.558784187
2416,1.03940558,-2.47869635
2417,0.0980721042,-0.450656801
2418,-0.0573725067,0.349183261
2419,0.776949406,1.1280309
2420,0.92371285,-0.838457763
2421,-1.88676274,1.95000446
2422,-0.349793792,0.877313912
2423,-0.249955267,0.710604131
2424,1.55724704,2.40047598
2425,0.590516329,-2.23681307
2426,-2.81101894,0.401062161
2427,-0.655478418,-1.08194399
2428,-0.0414992645,0.0872178003
2429,0.58239609,-0.0458084643
2430,-0.697762251,-0.164799094
2431,0.113173589,-0.12094146
2432,-0.944475532,0.0963846147
2433,2.20712662,-2.05246425
2434,-2.26051188,-0.592475235
2435,0.0579776056,0.315519422
2436,0.673963308,-1.24425304
2437,1.65585661,-0.271766961
2438,-1.65379643,-1.04303527
2439,-1.74490047,0.813242555
2440,0.920272529,-0.293001264
2441,-0.171043873,1.45097733
2442,0.789671898,-0.383470416
2443,-0.278021723,-0.687441289
2444,-2.3296113,-2.48990536
2445,0.875504017,-0.0172185805
2446,-0.39209643,0.106171302
2447,-1.00373375,0.965777218
2448,0.221631616,0.0563185029
2449,-0.452612311,-0.208909765
2450,1.79185462,-1.13906908
2451,-1.22006369,-0.320107281
2452,0.371440113,-0.760230839
2453,2.36682653,-1.90145504
2454,0.687173665,-0.251908392
2455,0.741327822,0.219027251
2456,0.613510609,-0.294259608
2457,-0.063242659,0.590758622
2458,0.202391848,-0.389138311
2459,0.923714221,-0.214567721
2460,0.632965922,1.07478619
2461,0.542301714,0.656441629
2462,1.19094789,-1.21217382
2463,0.417479873,-0.932558715
2464,0.854026854,-1.35038662
2465,0.844439983,0.398409069
2466,-1.14765382,0.809158325
2467,0.348557234,0.517596602
2468,0.14504005,1.74210453
2469,1.77202451,-4.54555273
2470,0.199579358,-0.878471494
2471,0.0926721767,-0.191155389
2472,0.137164295,-0.149169147
2473,0.164661273,-1.45915365
2474,-1.52689195,0.443949491
2475,1.58007991,-1.58186412
2476,1.33098924,0.459203035
2477,-0.20815441,0.584499359
2478,-1.04122043,-0.706242502
2479,-2.06278419,0.12215887
2480,-0.0898627117,-0.239210069
2481,2.53649807,0.238863587
2482,-0.5198524,-0.0540221147
2483,-4.38166571,2.03247452
2484,-1.83201051,1.89802516
2485,0.85259831,-1.9561547
2486,1.76786256,0.364438206
2487,-0.0381504409,0.832363904
2488,0.169065759,-0.164196938
2489,-0.972168565,1.8691591
2490,0.913066864,-0.575427055
2491,0.241312996,0.253146142
2492,0.0687258318,0.0681267232
2493,0.341385365,-0.0102992691
2494,0.591665208,-0.607510626
2495,1.68142629,1.6892426
2496,-1.05828655,-0.337648869
2497,0.178943589,-0.30326274
2498,1.02026737,1.46286583
2499,1.49456954,-1.05192184
2500,-1.45933747,-0.4712165
2501,2.95327473,-1.11044466
2502,0.234134808,1.03557611
2503,0.751706183,1.45843196
2504,0.931842327,0.188037977
2505,-0.427798927,0.300696224
2506,1.66578567,1.9274317
2507,0.0624280944,0.191575557
2508,0.221887767,-1.06825387
2509,-0.625368416,0.386368603
2510,-0.808759093,0.381162286
2511,2.21893883,0.0438357145
2512,-1.09901345,0.69570744
2513,-1.08870518,0.505580544
2514,1.20264649,-1.32220697
2515,0.0180457924,-0.236951858
2516,-0.669409931,0.103434034
2517,-0.677574158,1.26177323
2518,-1.03796029,-1.1862011
2519,-1.68313825,-0.946511745
2520,1.1092087,1.49691021
2521,2.64913583,1.16977787
2522,3.7452538,-0.0322322175
2523,1.144575,0.935162723
2524,-0.472183198,0.74411869
2525,-0.0334802344,-0.181240961
2526,0.36187464,0.519009471
2527,0.323778242,-1.20758069
2528,-1.24271822,-0.802185476
2529,0.203231812,-0.587678075
2530,2.25007224,-1.48817706
2531,-0.363583297,1.94546437
2532,1.00879109,0.56946677
2533,-2.0685153,0.608121037
2534,-0.570717931,-0.537508249
2535,0.571157932,-0.265030533
2536,-0.592187166,0.50762254
2537,0.574919283,-1.18825448
2538,-0.678263128,-0.793373227
2539,0.985070586,-1.05040264
2540,1.14655614,0.419901907
2541,0.0459530093,-0.230428457
2542,-1.28972125,0.1263448
2543,-0.633397341,0.749123633
2544,-0.331433088,-0.096141398
2545,-0.151146144,1.09737623
2546,0.272526145,0.768085837
2547,0.147889107,-0.506123066
2548,1.26763642,-0.100560352
2549,1.82804704,1.02744079
2550,-1.84171116,-0.152148589
2551,-0.16905956,-0.0734697282
2552,0.809850395,-0.284937739
2553,-0.936083019,2.79352164
2554,1.95743871,-0.608472943
2555,-0.9308272,-0.299284101
2556,0.566080689,-0.722950876
2557,-0.702621639,-0.36549446
2558,1.30002975,0.315118521
2559,-0.323034763,0.568806589
2560,-0.377158672,-0.479183525
2561,-2.25046229,-3.43448925
2562,0.395893544,0.461542845
2563,-0.788735926,-0.146545514
2564,-0.122955099,-1.02020133
2565,0.637947083,-0.17466718
2566,-0.546342015,0.458049953
2567,-1.24928987,-0.795198619
2568,1.6373049,-1.96690464
2569,0.0540096425,0.287660182
2570,-0.125979275,-1.61542404
2571,0.87865454,-1.0510323
2572,1.98395491,0.770991385
2573,-1.34270716,-1.6641134
2574,1.30576897,0.725578666
2575,2.526232,-0.0640311912
2576,-0.564686418,-1.14787185
2577,1.98506832,-0.475588381
2578,-2.88832045,0.419934243
2579,-0.644185662,0.199045956
2580,2.12417984,-0.883582354
2581,-1.22727978,-0.950683594
2582,0.379828125,0.0221389644
2583,-1.55627024,-0.868337214
2584,-0.0548222959,-0.72003448
2585,-0.419746518,0.782398045
2586,-1.417974,1.10526371
2587,-0.442010552,0.752618611
2588,0.140129969,1.52467656
2589,1.25087774,-0.270002842
2590,0.188805789,-0.160993457
2591,-0.298297822,0.614234746
2592,-0.702428758,0.917346358
2593,-0.400976986,2.7083168
2594,0.965745032,1.48840714
2595,0.62931484,2.3301425
2596,0.325965077,-0.53826052
2597,-0.127037048,-0.607964575
2598,0.997469783,0.0492951162
2599,0.301889181,-1.99743497
2600,-0.272471577,0.568847179
2601,2.20124459,-0.291242123
2602,0.481833994,1.8111639
2603,-0.0200357605,-0.798743248
2604,-1.19993377,0.534151435
2605,-0.618350208,-1.21627808
2606,-0.229107156,-0.887276232
2607,3.07297039,-0.33543098
2608,-0.546677768,-0.969590127
2609,2.32052231,-0.292888314
2610,-0.807995081,1.91966045
2611,0.340130955,-0.825900495
2612,0.583613575,-0.130731404
2613,-1.06775999,1.31147206
2614,-0.695582986,3.06146073
2615,1.32257009,1.9019711
2616,-0.850538135,0.429562628
2617,0.147843942,0.0479412153
2618,2.03414774,-0.383481562
2619,0.127737328,-0.508602202
2620,-1.54178524,0.156543061
2621,0.389943898,0.786461473
2622,-0.51121515,0.289159298
2623,-1.45060599,-0.0722165331
2624,0.239619598,-1.93269837
2625,-0.104566559,-0.418597519
2626,-1.0808748,0.627091646
2627,-0.71790278,1.82231009
2628,-0.283057362,1.40314603
2629,0.339029938,-2.7902019
2630,0.989695072,-0.912233949
2631,0.928112507,-2.16856122
2632,-0.272168487,-1.33389378
2633,0.0590936467,0.388487697
2634,1.20483446,-1.48654711
2635,0.349933058,-0.572529852
2636,-0.514505386,1.28651583
2637,2.80720186,1.97923541
2638,-2.96830988,0.56883353
2639,-1.4663223,1.69856286
2640,0.914717019,-1.16223896
2641,-0.809832335,-1.385849
2642,0.921326637,-0.339122057
2643,-1.43544734,2.49226046
2644,-2.38403988,0.0521665402
2645,0.0194739401,1.73009479
2646,-1.96657503,-0.214236751
2647,0.340198338,-0.0931426361
2648,-0.26790902,0.0536283962
2649,0.310432881,1.31441081
2650,-0.0366125405,-1.34995937
2651,0.625994503,-0.642195642
2652,0.563062906,0.846141696
2653,-0.221405149,-0.24720934
2654,0.784628391,-1.42984068
2655,-0.426384568,-1.25959873
2656,-0.31983602,-1.00187504
2657,-0.877369285,-0.289097399
2658,2.15399456,1.20918536
2659,-0.119026244,-0.177765071
2660,-0.472347677,-0.00799460709
2661,0.518154442,-0.14597854
2662,0.489209861,-1.03492296
2663,0.523072243,-0.190253854
2664,2.10082507,1.91212797
2665,0.479067892,-0.528423369
2666,0.617367506,0.891808689
2667,2.05687618,1.07357514
2668,-0.551667571,-0.554625213
2669,-0.107218124,0.204533666
2670,0.66512394,0.11922501
2671,-1.27118564,-0.0172851831
2672,-0.707075,-0.0188155249
2673,-2.3698163,-0.810337782
2674,0.871298671,-0.532016635
2675,-1.19337475,3.45261002
2676,0.793003559,1.12157011
2677,0.121650852,0.207946837
2678,-0.905344665,0.211766481
2679,-0.0862465575,0.133523434
2680,1.41536522,-2.13880086
2681,0.0247270539,-0.369819969
2682,-2.44546652,1.99104404
2683,-1.26209211,-0.373146147
2684,0.537383735,0.777386487
2685,-0.125965863,1.74649358
2686,0.799931049,0.623789787
2687,-0.559072196,-1.44654703
2688,-0.467767,0.318348616
2689,-0.373917013,-0.14901787
2690,0.505699754,0.955916166
2691,0.299582988,-1.08975756
2692,-3.38945627,-3.9105618
2693,-0.529750586,0.434644461
2694,-0.865656912,0.0274240058
2695,0.0890995562,-0.47091794
2696,0.463507265,0.34214735
2697,-0.820481002,-0.0451706536
2698,-0.688498616,-1.58291459
2699,-0.179355398,-0.309283406
2700,0.0316549428,0.358006537
2701,-0.296864122,3.37111545
2702,0.619524658,-0.154362008
2703,-0.838005662,1.31250072
2704,-1.73957491,0.522425532
2705,0.867230654,2.47013235
2706,-0.190751955,-0.0188314561
2707,1.56226456,2.54619789
2708,2.38932538,1.40830696
2709,0.78164953,-2.50522399
2710,-0.575277328,0.0928065032
2711,0.110158466,0.193943247
2712,-0.430187136,0.0305081308
2713,0.121973619,0.488924623
2714,-2.80488276,0.959730506
2715,1.57885563,-0.0441827215
2716,-1.33139801,0.50945121
2717,-0.648899734,-0.0662743151
2718,-0.320958138,0.159509778
2719,-0.313328326,-1.20525444
2720,0.21653305,0.101527512
2721,-0.996715009,1.14727056
2722,3.22756934,-2.21306252
2723,-0.445748568,-1.65469861
2724,-0.129836485,-0.300495684
2725,-0.717700422,-0.930339932
2726,-1.41290534,-0.276013017
2727,-0.251558274,-1.56400371
2728,-2.38881111,1.3535409
2729,1.46534967,0.306106865
2730,-0.0742548555,-0.474498421
2731,0.223799601,-0.0508490168
2732,-2.27446842,-1.67226386
2733,1.99112475,0.0144285932
2734,-1.52840924,-0.547510922
2735,0.391441554,0.270495147
2736,-0.469422221,0.552325845
2737,-0.504042029,0.913336277
2738,-0.396690041,-1.00167811
2739,0.33679682,-1.91947019
2740,0.262932897,0.551437676
2741,1.75577521,1.1161809
2742,0.21649465,1.22735763
2743,0.820335746,1.04498076
2744,-1.69310081,-0.102154605
2745,-0.188609704,-0.00226605893
2746,0.354904979,0.0664192811
2747,-0.040320985,1.60030842
2748,0.099367708,-0.669182122
2749,0.992233932,-1.17709553
2750,-0.966474295,-0.83366251
2751,2.39723468,-1.42197835
2752,-2.4098177,-0.458813429
2753,0.900571167,-2.61460447
2754,-0.525988698,-3.85533142
2755,0.85233283,0.177915558
2756,0.0476270393,-0.60192275
2757,-0.213155597,-0.186078921
2758,-1.64005876,0.388183117
2759,-2.17267871,1.99646068
2760,-2.32865214,-1.62132287
2761,-0.779805899,0.660990298
2762,-0.140116319,-0.139070451
2763,-1.53313231,1.45163453
2764,-1.81346929,0.347910285
2765,0.248215541,0.318936408
2766,1.04117239,-0.306100816
2767,0.483184725,-0.0590064675
2768,-1.13766074,-0.400725216
2769,1.35467207,0.879309595
2770,-1.24239981,0.111167431
2771,-0.125323534,0.684317172
2772,-2.65771747,-2.05686712
2773,-3.67344499,-0.100195326
2774,2.20711255,-1.71598244
2775,-3.83170843,-1.41367364
2776,-1.68723369,0.636897683
2777,0.189516753,0.0311984383
2778,-1.66511202,-0.867629409
2779,0.954779744,0.0743262768
2780,2.40195107,1.23259425
2781,0.64295125,1.02200055
2782,-2.94968462,4.3354125
2783,0.450364321,-1.13950264
2784,-1.74980199,2.05674887
2785,1.41806722,-2.52050471
2786,-2.84096432,0.0681054294
2787,-4.29572058,-1.34381199
2788,-0.622535884,-1.12743831
2789,-1.07598412,1.74697113
2790,-1.79878879,0.060189575
2791,2.14940715,0.366447508
2792,-0.15296863,-1.07444417
2793,0.556566775,0.354872048
2794,-2.58888602,1.3965745
2795,-0.392938107,-1.74884081
2796,-0.338454217,1.23176599
2797,3.95961165,-0.174913079
2798,1.05403566,1.38971913
2799,-0.74531436,-0.83863008
2800,0.605568111,1.21203446
2801,0.239438191,1.5678376
2802,-1.87200248,1.03712714
2803,1.27198994,-1.88687384
2804,-2.21664166,-4.50391245
2805,0.904399693,0.894306779
2806,1.40057862,-0.147258565
2807,-1.75120699,-1.54355741
2808,2.36318803,-2.02758527
2809,-3.21788287,0.436524302
2810,0.178581476,0.348025054
2811,-0.500041485,-0.318215013
2812,-1.62889826,-0.46361497
2813,0.497926354,-0.496311069
2814,0.257344544,-1.29659545
2815,-1.08734894,0.937598467
2816,-0.858882785,1.81775904
2817,-2.50708246,1.02126324
2818,1.19664621,0.492243707
2819,-0.101392329,-0.494720399
2820,-1.18498564,0.102872305
2821,0.59622246,-2.53805399
2822,0.228924274,0.16498974
2823,0.0910621211,-2.0191021
2824,1.25288963,-1.33965671
2825,0.64840287,-0.424690634
2826,-1.40601742,2.16989589
2827,-2.26680493,1.42567992
2828,1.03334022,-0.5243873
2829,-0.0682656318,-0.623838782
2830,-0.328545749,-1.52943516
2831,0.332357854,0.69282645
2832,0.202884033,-1.55982423
2833,-0.403738201,-0.432162523
2834,-0.99125129,-0.0253237449
2835,0.319582969,-0.216674685
2836,-0.844492555,1.21417606
2837,1.48843217,-1.71767855
2838,0.695185006,2.38395596
2839,-1.04924881,1.19658959
2840,-0.232838109,0.387089431
2841,-2.01742458,-0.855363965
2842,0.0628134757,-1.82125986
2843,-0.01793883,0.481721222
2844,0.428272337,0.312710613
2845,0.977739036,0.212258518
2846,-1.04193532,-3.04455924
2847,1.27849567,0.0454302765
2848,-1.49627435,1.31336832
2849,1.19260633,0.0846435651
2850,0.561403036,0.661874115
2851,-0.796136439,-0.0372613519
2852,0.102937721,1.32708836
2853,-1.74507105,-0.966590703
2854,0.0088236602,-1.20630908
2855,-0.326415628,1.6739651
2856,-0.198123664,-0.264306992
2857,0.56240654,-0.835851073
2858,-0.560850143,-2.34474206
2859,-1.51237333,-0.58928299
2860,-0.692073643,-0.471513689
2861,-0.503710091,-0.262179494
2862,0.293754727,0.235475689
2863,-2.22829342,-0.304253608
2864,-0.0124372626,0.987202704
2865,-1.34391427,0.996582806
2866,0.789536834,1.26657569
2867,0.00762869464,1.61700594
2868,-0.909293413,-2.32812381
2869,0.667657197,-1.10108984
2870,-0.711310625,-0.5498119
2871,-1.54605615,-0.127505884
2872,-0.251861215,-0.00895714201
2873,-0.793571293,0.297759205
2874,1.18353212,0.297341883
2875,2.78729343,-0.438177317
2876,1.2726258,0.644023478
2877,-1.15973902,-0.940150619
2878,-1.52380812,-0.659751296
2879,0.375101447,-0.197275028
2880,0.480057478,2.36073828
2881,0.45524466,-0.352197289
2882,1.10340476,-0.172268391
2883,1.57036841,2.18926859
2884,-0.448293895,2.06927371
2885,1.32276118,1.87626898
2886,-1.15497851,0.479898185
2887,1.48293984,-1.18441725
2888,0.0206035301,-1.24829853
2889,0.585537374,0.400323242
2890,-0.936922371,-2.51425958
2891,-0.248099521,-0.325082153
2892,-1.44908297,1.0895381
2893,2.35849118,1.92317593
2894,-0.883650601,0.404770583
2895,-2.55033398,0.367650479
2896,0.720561624,-1.35498118
2897,-0.130120397,0.16015096
2898,-2.91278529,0.298111945
2899,1.68372357,-1.11490667
2900,-0.161013752,0.717564464
2901,1.47729242,1.03420234
2902,-1.9918468,-2.13744307
2903,-2.17302108,1.21687412
2904,-1.30658269,-0.658370554
2905,4.87599277,-0.0160718355
2906,2.37916017,-1.08079314
2907,-0.3195768,-1.26545203
2908,-0.758818567,-0.507891893
2909,0.0259006061,0.577024996
2910,-0.191465333,-0.529028714
2911,0.0887951478,0.0247941967
2912,0.144405037,-0.47369495
2913,-0.82523495,1.29888391
2914,0.84978056,0.310022056
2915,0.51871258,0.180969864
2916,-0.0467402562,-1.1357857
2917,-0.991795301,-0.81082195
2918,0.0363695323,-1.46996474
2919,0.798733294,1.24287772
2920,0.838109612,0.256314516
2921,-0.729785442,0.110739909
2922,-2.06902575,-0.168284401
2923,0.325481504,-0.192026675
2924,0.763276994,-0.396482736
2925,-0.0660743713,-0.519339979
2926,-0.856876493,-2.80375075
2927,0.350733012,0.144686326
2928,-2.33956623,-1.21278775
2929,-0.178399608,1.88254166
2930,0.514842153,-0.0343983136
2931,-0.673355222,0.391233563
2932,1.1680969,-0.0448380411
2933,0.463228434,-0.21432139
2934,1.56769133,-0.876172185
2935,-1.51970065,-1.32869995
2936,0.804996371,0.939814091
2937,-0.126395226,0.247935683
2938,0.34686023,-0.111399569
2939,-0.842522919,0.0868852288
2940,-0.147762954,0.12190377
2941,-0.0398728549,-0.348336667
2942,0.570237935,1.34410179
2943,0.269230902,0.374474734
2944,-2.03246617,0.693944991
2945,0.471853822,-0.676781237
2946,0.0557955801,1.32356465
2947,0.666918814,-2.5604248
2948,1.70298314,-1.75869119
2949,0.544103742,0.388342977
2950,-0.839620173,0.145782143
2951,0.121499777,0.85459131
2952,0.12941061,0.679668069
2953,-0.841451287,3.42890024
2954,1.35897541,2.26454043
2955,0.733848453,-2.42612815
2956,1.56585205,0.0700652152
2957,-0.44579941,0.227775037
2958,0.475803137,-0.601339996
2959,-0.188502505,-0.0233369339
2960,-3.95476103,-0.726693034
2961,-2.04397035,1.13397396
2962,-0.414460272,-0.467386156
2963,-2.37597489,3.05564117
2964,-0.815361261,-0.126361966
2965,-0.938167572,1.21986866
2966,0.681117117,-0.095174402
2967,0.039220918,0.819406569
2968,-0.219628617,1.32862961
2969,2.91917348,-0.865866899
2970,-0.127203301,-2.22346902
2971,-0.224213436,0.750778317
2972,-0.294553965,0.630565763
2973,0.688122749,-0.383907676
2974,-0.56317544,0.767873585
2975,-0.445222795,0.0349320844
2976,0.167471051,-1.23832631
2977,0.233087152,0.312211156
2978,-0.545169652,2.53339624
2979,-0.41316244,1.10776722
2980,-0.349230289,-0.226371169
2981,-0.426023304,-0.708675146
2982,-1.09656608,-0.160614625
2983,1.88133168,0.392394274
2984,-4.40361977,0.762674153
2985,0.0423930027,-0.907772362
2986,-0.610952735,-0.388243943
2987,-0.758946776,1.00033629
2988,-1.68764019,2.37930441
2989,0.787181973,0.142242849
2990,-0.270140767,-1.75233042
2991,0.589457572,0.510826945
2992,0.181893393,-0.377561659
2993,-0.52453059,0.2705625
2994,-3.32603931,1.31907403
2995,-0.942732096,2.06000686
2996,0.0187192112,1.47363043
2997,-0.106360324,-0.415901631
2998,-1.82922971,-0.694148719
2999,-0.714268327,0.279079378
3000,0.271341711,-0.43729192
3001,1.54131782,-1.49939811
3002,-0.0550421737,-1.00957453
3003,-0.121306285,0.582786918
3004,-0.478403896,-1.26447272
3005,-1.63561463,-1.4329282
3006,1.66846657,0.145184338
3007,-1.19942236,-0.311992794
3008,2.52046752,0.125426725
3009,-0.706384897,0.247114778
3010,1.88424826,-1.25461411
3011,1.84102964,0.691981256
3012,-0.19348985,-0.118714288
3013,0.0846278816,-1.36429012
3014,0.050531581,1.64935005
3015,1.37839162,0.775333345
3016,-0.454841346,0.118279696
3017,0.119357087,-0.8832618
3018,-1.61796665,-1.02445054
3019,-0.695577741,-0.765630066
3020,-0.267721057,0.244997069
3021,1.40711641,-1.5785718
3022,1.03789306,0.69117552
3023,-4.06272173,-1.21368515
3024,-0.549695432,-0.346546054
3025,1.12842441,1.41736031
3026,1.08329773,-1.66469288
3027,2.34594584,-1.33947325
3028,4.38949728,-1.96387756
3029,2.21937442,-1.32952392
3030,-0.413680822,-0.207940623
3031,-2.09999728,-0.994150817
3032,0.778891444,-0.757555187
3033,-1.33574808,0.345039994
3034,-0.536209941,1.56718171
3035,1.60715997,-1.25509286
3036,-1.46653438,0.301912397
3037,0.250468642,-0.201596424
3038,-2.76629162,-0.363260865
3039,-0.152531534,-0.166590944
3040,-3.37842155,-1.87024224
3041,-0.726660728,1.21907365
3042,0.995595992,-0.326128423
3043,0.719312072,0.239288792
3044,0.895291567,-2.22762728
3045,-1.95636821,1.26308727
3046,-0.178744316,-0.587147117
3047,-0.0113579575,0.998544157
3048,-0.27234602,-0.854483366
3049,1.49646652,1.43613994
3050,0.302267283,0.810757875
3051,-0.15469864,-0.426637262
3052,1.33599627,-1.56147408
3053,0.0571583435,0.142464086
3054,1.69262862,-2.04680014
3055,0.760266662,0.305571645
3056,-0.373762071,-2.88494802
3057,1.12234938,1.00054193
3058,0.473325014,0.894158781
3059,0.896857798,-0.872580171
3060,-0.931305408,2.91317916
3061,1.22275627,0.800928235
3062,-0.0422947071,0.713291287
3063,0.353318244,0.319208115
3064,1.3098582,2.14732099
3065,0.156414181,0.553861856
3066,1.46643078,1.23098862
3067,-1.09215581,-0.858400226
3068,0.325228691,-0.121897973
3069,-0.516265273,-1.17685103
3070,0.0104654785,-0.108990096
3071,0.317302287,-0.113999277
3072,-1.0689261,-2.41572499
3073,-0.407227993,0.561136603
3074,-0.738958538,-0.268283367
3075,1.73011732,0.0955544561
3076,2.61025929,-0.54258126
3077,0.0892471522,1.87696695
3078,0.090981774,1.31350493
3079,0.157309815,1.14336324
3080,0.403447032,-0.200677916
3081,-3.21230984,-1.63775313
3082,0.966353238,1.78357971
3083,0.101712391,-0.236257061
3084,1.18976521,0.184271514
3085,3.85873842,0.980425775
3086,-0.548270583,-1.38255787
3087,0.585328281,0.67304939
3088,0.0540548451,-0.714527905
3089,-0.239845693,-1.60693097
3090,1.08869267,-0.309351623
3091,-6.11541271,0.861908734
3092,0.110371299,1.38412499
3093,0.736203909,0.722000182
3094,-0.795174897,-0.127964988
3095,0.683097422,1.84622371
3096,-0.520165682,-1.58837426
3097,0.0379320979,-0.157388493
3098,-1.37382841,0.993883848
3099,0.926589131,-0.479291201
3100,-1.05489182,0.448400825
3101,0.391677439,-0.311216384
3102,-0.585377634,-1.23324609
3103,0.845889032,-0.232058272
3104,1.15607154,-0.836922407
3105,0.609340727,0.550734162
3106,1.18156469,-3.43518972
3107,-0.232852101,2.91732979
3108,2.45636082,-0.285086602
3109,0.372134238,0.400268584
3110,-0.214106604,-0.481827438
3111,0.0297691673,-0.147933885
3112,1.20938003,-0.4065063
3113,4.24604511,0.0939467773
3114,1.03103173,1.58425868
3115,2.10151029,1.41488886
3116,-1.22011054,-1.45553756
3117,-2.97080517,-0.414110303
3118,-1.5103792,1.54376733
3119,-0.180203393,0.187778026
3120,1.22157168,-2.24130797
3121,-1.16855299,1.95792294
3122,0.708525836,1.16159201
3123,1.07830596,0.121443786
3124,1.27389991,-0.127856046
3125,-0.796032727,0.634435117
3126,1.60040736,0.29099077
3127,2.35242414,-0.733232021
3128,-1.5227313,0.209040865
3129,0.602234602,0.805367351
3130,-0.269006699,3.20299649
3131,2.49847579,-0.655761421
3132,0.132991582,-0.0926728174
3133,-0.959659278,-0.843633652
3134,0.0374873094,0.538082778
3135,0.592956901,-0.206738666
3136,0.708709955,-0.0951278955
3137,-0.221740901,0.256622165
3138,-0.0575571209,-0.142313987
3139,0.273149133,0.766307592
3140,-1.38674307,-0.154189989
3141,-2.56691837,2.05656981
3142,1.6661979,0.301089972
3143,1.50212967,0.189301908
3144,1.31658208,1.21730387
3145,-0.945738673,0.969087481
3146,0.111590043,-0.278797954
3147,-0.889648676,0.525148749
3148,-0.626636565,-1.27043104
3149,2.45305157,-0.0692737028
3150,2.06393409,0.830409586
3151,1.54350567,2.00650954
3152,1.77704847,0.25513351
3153,-0.62648797,-0.533022702
3154,0.200271025,-0.702083647
3155,0.519104242,-0.351330936
3156,0.241114646,0.153324872
3157,2.56048298,-1.25927353
3158,0.205942973,-0.0886256248
3159,-1.79031336,-2.21541595
3160,-0.360784203,1.18162358
3161,-0.37580651,-0.633155763
3162,0.48414582,-0.16721417
3163,2.4172349,-0.356109977
3164,0.247515246,-1.4887284
3165,-0.495606869,0.74715507
3166,-1.34088957,-0.245170683
3167,0.619182229,-1.0324682
3168,0.362470299,2.02478147
3169,-0.346435308,-0.532795131
3170,0.208731383,0.644289911
3171,-2.00290632,-0.407420695
3172,0.132628143,0.15613398
3173,0.0694524944,0.666023731
3174,0.86954248,-1.3832221
3175,0.124608077,-0.129503965
3176,-1.57629037,-0.914943457
3177,0.96405983,0.745121837
3178,0.977155268,2.14046669
3179,-2.03759694,-0.817084551
3180,1.80588961,-1.32015228
3181,-1.3910954,-0.298243344
3182,1.8848803,-0.18997322
3183,-1.66736472,0.247630939
3184,0.0413054675,0.908649266
3185,0.606717408,1.52655256
3186,0.0198446531,0.426742613
3187,0.786141396,-0.566557765
3188,-0.730186224,1.03260839
3189,0.22540307,0.341260314
3190,-0.899145424,1.60870922
3191,-0.601432085,1.94297135
3192,0.941190779,1.48876488
3193,0.067445606,-0.307578832
3194,1.73874474,-2.70929313
3195,-0.978012323,1.7776674
3196,-1.21997225,-1.64664531
3197,0.495896906,-0.495390594
3198,-0.0653832108,0.164184287
3199,0.267517328,-1.01808667
3200,-0.068201609,-0.512368083
3201,-0.0633678287,-2.44013238
3202,-0.873243868,-1.35541511
3203,-2.57649565,-1.44465089
3204,2.22578287,1.67137551
3205,1.1795665,0.523046911
3206,-1.60346687,2.31407833
3207,-0.053355027,-0.527752042
3208,1.18299699,1.06431425
3209,1.03555202,0.428433597
3210,1.24207282,0.406827748
3211,-0.666273952,-1.08983767
3212,1.01669967,0.0563871302
3213,-1.32406306,0.305157125
3214,0.75178349,0.81783849
3215,0.964356422,-0.213295475
3216,-1.10348928,3.14875484
3217,-1.17246318,-1.08767176
3218,-0.948737741,-1.55918586
3219,-0.0396029055,-0.159390971
3220,0.564992368,0.43016687
3221,-1.34593356,1.59951127
3222,-0.3210859,-0.591722012
3223,0.0293834303,0.879982352
3224,0.964908779,0.644395947
3225,0.0569412448,0.382452816
3226,1.67913091,0.0798700228
3227,-0.315438926,-0.849275172
3228,-1.091977,0.31663245
3229,1.30858791,-0.853162169
3230,-0.77182138,0.746870756
3231,2.31886292,2.05815864
3232,-0.78427273,-1.20483291
3233,2.81026602,-0.896042585
3234,0.1732568,0.0922283679
3235,-0.317237735,-1.08144045
3236,-1.88883555,1.76598871
3237,3.80913925,1.07035136
3238,-1.56849694,-1.29444277
3239,-0.182254285,-1.09735072
3240,0.420677006,0.710268319
3241,3.19547868,-0.396396756
3242,-0.776507258,-0.730246305
3243,0.900846362,-0.0684455931
3244,0.792824626,2.56102443
3245,0.241223142,-0.0705327541
3246,-1.25317001,2.52230692
3247,-0.896349192,0.0767225549
3248,-0.111146659,0.560964763
3249,-0.977221668,1.7371701
3250,1.61453795,-2.52313781
3251,-1.00844729,0.458043933
3252,0.194312572,1.0080018
3253,0.142754167,2.92498088
3254,-0.822233021,-1.29601693
3255,0.0528399944,-0.190612853
3256,-0.53595072,-0.75391525
3257,1.64976656,0.607961237
3258,2.417624,0.335311592
3259,-5.31977606,-1.79749131
3260,0.125407964,-0.118939981
3261,1.47985172,0.771398723
3262,1.10768998,-0.344283879
3263,1.84414351,0.413761348
3264,-1.59820926,-0.334758669
3265,2.03159308,0.45138818
3266,-1.54660642,1.68715525
3267,0.206262857,-2.44475412
3268,1.10457623,1.22762871
3269,-1.93615139,0.673632681
3270,-0.233963013,-0.25497371
3271,-0.941569984,0.245246679
3272,-1.59255862,0.300111532
3273,-0.0499885678,-0.458090067
3274,0.0619080104,0.255714953
3275,-3.94072795,2.70799351
3276,-1.48124969,0.389558971
3277,-0.941114187,0.317839503
3278,0.603180766,0.719678104
3279,-0.320970625,0.148778707
3280,1.26159978,-0.573270321
3281,-2.09469962,-1.56016016
3282,0.0937600508,0.643862963
3283,1.71877956,2.1923461
3284,-1.35951126,1.085338
3285,0.563206077,-2.14617205
3286,0.831134737,0.171505839
3287,-1.61654878,1.81845844
3288,1.03846395,0.93267864
3289,-1.47606218,-3.47944283
3290,-1.0764432,4.35438204
3291,-0.575638711,0.100930229
3292,0.450461686,-0.475110829
3293,2.22523117,-0.0443933532
3294,-0.20251599,0.0755959451
3295,-0.352371722,0.0348796211
3296,-1.05045283,0.544000149
3297,0.476573586,-0.122831039
3298,-1.18308425,0.738198042
3299,0.851635218,-2.27027965
3300,-3.57618594,-2.39051461
3301,-0.0670196414,0.578065574
3302,1.59979784,-1.3572495
3303,0.226627633,-0.178046018
3304,-0.903391719,0.492950439
3305,1.65441585,-0.518728495
3306,-1.01607859,0.428686947
3307,-2.38226509,1.47314012
3308,0.860556066,0.513029277
3309,-0.349278837,0.0109928846
3310,-0.113874935,2.13291383
3311,0.116554797,0.626596391
3312,-2.26553297,-0.632128179
3313,0.108144015,1.1984421
3314,0.401668489,-1.57598269
3315,0.659737647,-1.24597514
3316,2.87309051,-2.18340802
3317,-0.62523067,-0.537814975
3318,-0.732056737,-0.0432047993
3319,0.67413944,1.13257265
3320,-2.59102201,1.13875258
3321,-1.33955681,0.401513517
3322,-0.685205698,-0.362201452
3323,1.14312935,1.91527951
3324,-1.17712402,0.310223192
3325,-0.205385029,-1.04476249
3326,0.402939141,-2.84601331
3327,0.757591724,-0.344641924
3328,-0.874671638,-0.622892499
3329,-1.18752885,1.28165662
3330,-0.115900762,0.0577036217
3331,3.12874794,-1.4010967
3332,1.52141118,0.370411694
3333,-1.46624184,-1.08024025
3334,-0.715308011,-0.209824473
3335,-0.184353918,0.472808927
3336,0.394221812,0.428140491
3337,-0.891272724,0.0386096761
3338,-0.404046834,0.0417778827
3339,0.11362841,0.0969592705
3340,-3.05714226,-1.22512829
3341,0.366606206,2.26972342
3342,-1.05545282,-0.807111144
3343,-0.772762418,0.525277436
3344,0.616116405,0.900256753
3345,2.5097332,0.500745475
3346,1.2288965,-1.05823529
3347,2.25549626,-0.708011985
3348,-0.840908349,-0.0217962135
3349,1.80532122,1.65174186
3350,1.08472979,-1.12918699
3351,1.07239652,-0.60422194
3352,0.405737102,0.741385043
3353,2.30275822,3.16853023
3354,0.160384834,-0.464390129
3355,-0.563234031,0.662764072
3356,0.627119362,-0.597319722
3357,-0.386683553,0.202193171
3358,0.548898458,0.359554052
3359,-0.814598203,-1.46222913
3360,-1.15502191,0.338387609
3361,-0.385239214,0.0982285067
3362,1.12090063,1.61437881
3363,1.99009454,-0.644870579
3364,0.608632207,-0.0475997888
3365,0.880713463,-0.213490888
3366,0.0194092449,0.678625941
3367,0.742798626,-0.481545866
3368,-1.23011363,-1.17072535
3369,-0.523820102,0.545166314
3370,0.546185374,0.38422972
3371,0.88096875,-2.06978965
3372,0.150674924,-1.30136096
3373,0.289263815,0.274305522
3374,-0.484541088,0.509162068
3375,0.103694402,-1.1662097
3376,-0.771609604,0.0168350786
3377,-1.58996892,-2.56196141
3378,0.871515512,1.12915432
3379,0.631910205,-0.53669107
3380,0.816624403,0.0629006699
3381,0.450347245,-1.58773923
3382,-0.160467952,0.0545383357
3383,-1.20651519,0.52910322
3384,0.37200892,3.7574873
3385,-2.63583207,0.125917211
3386,0.293835759,-0.0606921129
3387,-2.13598943,-1.64296663
3388,-0.533091605,2.33825493
3389,-0.777231812,0.339345932
3390,-1.10289586,0.647091448
3391,-0.463935107,1.61522174
3392,0.2935265,1.40761387
3393,0.858906925,-0.748085618
3394,1.67451668,-0.597744226
3395,0.297880739,0.728000879
3396,-0.740134418,1.54024684
3397,1.75591993,-1.50537825
3398,-0.399133474,-0.115164429
3399,0.490757436,0.960728943
3400,0.0597206689,0.89626193
3401,1.42943525,-1.67302227
3402,-0.141009226,-0.570041835
3403,-3.37919378,-2.10488915
3404,-1.02781296,0.283188939
3405,-0.190573946,0.0997573137
3406,0.377507895,-0.148714289
3407,1.20157576,-0.541842341
3408,0.203956842,-1.06692779
3409,-2.53787756,-0.864141643
3410,-0.152708769,-2.62565947
3411,0.274942994,0.788672686
3412,-0.511606455,1.60450995
3413,0.788352132,0.137309194
3414,-1.04814386,-0.741437852
3415,-1.19136322,0.803416193
3416,0.709840357,-0.707918286
3417,0.00728404243,-0.123464406
3418,0.990823686,-0.600161135
3419,-0.766839445,4.0527463
3420,0.111552402,0.380326331
3421,-1.97201061,-0.720065951
3422,0.30090481,0.0493021682
3423,0.432877928,-0.318384081
3424,-0.0998953283,-0.0695130676
3425,1.09902442,1.11523104
3426,0.822975457,0.0980269834
3427,0.838636637,-0.222438768
3428,2.00042772,-1.56526661
3429,-0.36668697,-0.524030924
3430,-0.414963841,2.13748598
3431,-0.515927613,0.618424535
3432,-1.81318474,1.82116389
3433,2.52831817,0.127019674
3434,-0.397271603,0.876056731
3435,0.262694925,1.77694786
3436,1.40066528,1.38976407
3437,1.30476189,-0.522803485
3438,-0.223150522,1.03705776
3439,0.175151125,-0.472184807
3440,2.36189604,0.348322719
3441,0.285326928,-0.0988988876
3442,0.87818557,1.32474744
3443,0.78232646,-0.000903013744
3444,-0.437203437,-0.735423684
3445,-0.387208968,0.95617485
3446,-0.313338608,-0.382066339
3447,0.121269971,0.0772046298
3448,-0.34211877,0.22710304
3449,1.46524751,1.83617067
3450,-0.619095325,-0.344466656
3451,-1.42253292,-0.32122305
3452,-1.33946133,0.84751302
3453,-0.147093475,2.36100531
3454,0.478656977,0.136158347
3455,-2.55457044,-0.290685236
3456,-1.3258369,-0.534198999
3457,-0.708288014,0.325009018
3458,-0.161963463,0.0442360789
3459,-1.27021813,-2.46836615
3460,1.2390815,0.927634418
3461,4.2416954,-0.753770173
3462,1.08994329,0.972122669
3463,1.72371078,0.316814482
3464,-4.0099864,0.601340473
3465,-0.257318765,1.30511034
3466,-0.350550801,-1.25104344
3467,1.18948424,0.325485975
3468,1.42598534,0.563665569
3469,0.82167089,0.044219479
3470,-0.393233687,-0.612504423
3471,-0.252249837,-0.592314601
3472,-0.525968254,1.71796358
3473,0.556620359,0.816621602
3474,0.373238832,-2.77816224
3475,-0.327095926,-2.08259225
3476,-0.36642471,-0.374906957
3477,-0.317177206,-0.0891817883
3478,-0.658005238,0.61728549
3479,-0.928808928,-0.483561367
3480,0.426486075,0.512641907
3481,-0.44573772,0.135933131
3482,0.253906935,2.53085566
3483,1.09735715,0.0272541847
3484,-0.110496417,0.194717258
3485,0.725017667,-1.01611507
3486,1.3290509,0.154119119
3487,0.323143989,-0.254206449
3488,0.427300721,1.51776671
3489,-0.151786685,-0.622443795
3490,-1.2716434,-0.481581062
3491,1.3123703,0.730168879
3492,-1.2317245,-0.0176028591
3493,-0.81782645,0.00799703319
3494,-0.63797009,1.63812912
3495,-1.22530186,-0.685762763
3496,-0.732392192,-3.79929352
3497,0.027939342,-1.17874122
3498,-0.512515724,-0.390708357
3499,-0.153240085,0.0215465222
3500,-1.88530982,0.809920251
3501,0.854712605,0.223774254
3502,1.16854358,0.461031646
3503,-1.3741616,-1.75186074
3504,1.35606802,0.159586757
3505,0.52648133,2.13298488
3506,-1.65994406,2.63733172
3507,0.585151374,0.265342295
3508,-0.0780940056,-3.85374856
3509,-2.37978911,-2.0495677
3510,1.09732127,-0.629187524
3511,0.154033974,1.08663809
3512,1.48965836,-0.515687108
3513,-0.605486095,-0.0191378724
3514,-1.03267229,0.849122584
3515,0.454286397,-1.9033581
3516,-0.302057028,-0.0479019396
3517,1.27895725,0.136069104
3518,-0.782942414,0.496276498
3519,0.15499036,1.29992425
3520,-0.751197457,0.245618731
3521,-4.80290604,1.49531686
3522,0.051300019,-0.793476641
3523,0.142229944,-0.335600853
3524,-0.763278008,-1.27607358
3525,-1.13759422,1.05083239
3526,-0.185779244,-0.406056017
3527,-0.122443326,-0.318436861
3528,2.47305703,-1.58797944
3529,-1.30633092,1.07243788
3530,-1.92228615,0.176831946
3531,-0.352105796,1.2472229
3532,1.15270305,2.65217757
3533,1.92772293,0.289579183
3534,-0.578055918,-0.209311157
3535,-1.35595679,-0.441458851
3536,-1.07792401,-2.03957677
3537,0.227715105,-0.501159728
3538,1.33060575,-0.397074759
3539,-0.148258984,0.310842484
3540,0.266779125,0.0449056514
3541,-0.270115644,0.100250036
3542,-0.722530067,-0.480762988
3543,-1.81079698,1.54911125
3544,2.61823821,-3.20738745
3545,-1.00057518,-0.215043336
3546,-1.06671143,0.330762446
3547,0.0182484556,1.91697013
3548,1.25882375,-0.760146797
3549,2.48707175,-0.859467387
3550,-0.694771111,-1.03415096
3551,-2.30410218,-0.545077384
3552,-0.138840884,-0.319763958
3553,-1.25738227,-0.554537773
3554,-0.372993022,2.24613214
3555,-0.830690622,0.298226297
3556,0.512244999,-0.149565876
3557,-2.03256011,3.64644337
3558,1.20468307,0.0395851769
3559,1.37596428,-0.686635792
3560,4.94033337,-0.399831623
3561,0.960952938,-0.868096888
3562,-0.423269123,-0.395531267
3563,0.141787529,-0.0988843739
3564,-0.296496242,-0.342173874
3565,0.666042149,1.18151557
3566,1.34245265,-0.871245861
3567,0.483393401,1.0992614
3568,-1.81318057,-0.86819464
3569,0.414604455,0.0417133607
3570,0.0627875403,0.304270983
3571,-0.607118785,0.16315861
3572,-0.0967593044,-0.121006705
3573,0.666145265,0.14796631
3574,-0.0213310365,1.83564734
3575,0.39226979,0.331990182
3576,-2.15965772,0.972472906
3577,0.241536573,-0.820365906
3578,0.661166072,0.692162395
3579,-0.108519241,0.205542192
3580,0.358638227,0.709924698
3581,2.59315944,-1.17818069
3582,-1.55881286,3.19367313
3583,1.41863596,-2.03926039
3584,0.674955547,-0.179634675
3585,1.31158912,0.682563543
3586,-1.18295944,-2.94480252
3587,-0.208063468,-0.408031553
3588,-0.0935639292,-0.683875442
3589,-1.44664061,-2.52417564
3590,-0.0995688215,-0.157938197
3591,2.07615352,0.39752996
3592,0.837457299,-0.15764977
3593,-0.862199843,-0.306535959
3594,-0.274653196,0.873437107
3595,1.40967083,-0.288978606
3596,0.537064075,-0.370042533
3597,0.717660129,-0.638296306
3598,0.519446373,1.2850374
3599,0.98591888,0.692783058
3600,0.269917786,0.672609448
3601,-0.371595263,-0.0653110668
3602,1.35631824,0.303179562
3603,1.88810885,-0.136574
3604,-1.1412288,-0.647642314
3605,-1.90644526,0.560641766
3606,-1.79647446,2.56202555
3607,2.40008354,2.38604212
3608,2.10712051,-0.14896135
3609,-1.35569012,1.04642391
3610,-0.221599907,0.463023633
3611,0.61715281,0.958041191
3612,0.332414538,-0.303750843
3613,-0.558818519,2.4487586
3614,0.456000745,-0.0464294553
3615,-0.803405702,-0.586694777
3616,-0.371582121,0.151987806
3617,-1.48054743,-2.35135436
3618,-0.384627074,0.258203238
3619,-1.60268652,1.42506623
3620,0.0777171329,0.781987429
3621,1.35417628,1.39807725
3622,-0.588489532,0.356178463
3623,-1.48719192,0.442214102
3624,-0.688192129,-1.1020236
3625,0.148196995,2.07981896
3626,1.09893167,0.762059629
3627,-0.470818341,0.102253363
3628,0.416407824,-0.0768631697
3629,-1.33813143,-0.875960708
3630,0.846816301,0.015214093
3631,-0.36175549,-1.37263703
3632,-0.635739028,2.01750445
3633,-1.16302454,2.77878976
3634,0.749906182,0.227315605
3635,0.974648356,0.415190309
3636,-0.0100978687,0.176415905
3637,1.91896617,3.69406295
3638,-1.22524393,1.45788324
3639,-2.50782418,1.22197831
3640,2.61670303,-1.0677253
3641,-2.81674433,0.00599296577
3642,-1.02339864,-0.0383152701
3643,1.47946322,0.88677299
3644,2.61175489,-2.67043757
3645,0.461844683,-0.119333521
3646,0.46931392,0.467591941
3647,-0.727216005,-1.70399737
3648,-0.372282237,-0.185969412
3649,0.3150796,-0.350593328
3650,-0.523122728,-3.34131193
3651,0.327470779,-0.534665525
3652,-3.27366614,0.477879465
3653,-0.639502406,-0.622586012
3654,-0.175872132,0.816683114
3655,-0.0945293978,0.698567271
3656,-1.4637351,-1.8474313
3657,0.0994134322,1.32478786
3658,0.17796357,0.116648689
3659,-0.826031506,0.482555896
3660,0.691453755,0.787122726
3661,0.45760721,0.382132649
3662,2.84363127,-0.0460940972
3663,-0.552630126,-0.11711251
3664,0.0461367145,-0.221585289
3665,0.492425978,0.192484066
3666,-0.246892348,-0.159538046
3667,0.699786305,-1.01756287
3668,-0.483217925,-0.666724324
3669,0.829941809,1.38616371
3670,1.3661052,-0.651470006
3671,0.994277537,0.459589601
3672,-0.576701999,-1.13074005
3673,0.653517902,0.378956825
3674,-0.00122862426,1.372702
3675,-1.56585133,1.89013588
3676,-1.68788493,-0.4065063
3677,0.787796974,-0.896584988
3678,1.246732,-0.654234946
3679,-0.84114933,-1.03035271
3680,-0.495005429,-1.77699304
3681,-0.928548038,0.926836848
3682,0.551503003,-0.105642095
3683,0.207706943,0.441695184
3684,-1.12345481,-0.460315853
3685,-1.83415771,-1.69914234
3686,-2.23661137,-0.51981765
3687,1.61623538,-0.90553242
3688,0.790738285,-0.171941072
3689,0.11181698,-1.00073147
3690,-0.0549897403,0.299242258
3691,0.562924981,-0.156669229
3692,-0.3281914,0.365658522
3693,-0.190878496,0.0338854976
3694,-2.29679918,-0.0382733233
3695,-0.722788572,2.40765285
3696,0.128890857,-0.899993598
3697,-1.35801017,0.503764987
3698,-0.144648582,-0.139718905
3699,0.299695194,-0.0328673609
3700,-2.59365273,-1.02336979
3701,-0.106804289,1.6584996
3702,1.19056797,-0.676086843
3703,-2.34985733,2.4819479
3704,3.02482891,-3.56211042
3705,1.39983892,2.18316007
3706,-0.465660244,0.557427347
3707,-0.469139218,-0.579461277
3708,1.08685994,-0.527604043
3709,-1.17167997,-1.70606732
3710,-1.45857143,-0.928851724
3711,1.07201576,-0.391337216
3712,0.844534934,-1.19112527
3713,-0.178477839,-1.2232064
3714,1.21907985,-0.681072235
3715,1.17455912,1.45133996
3716,0.782984853,0.0236087088
3717,0.773266315,-1.15489447
3718,-2.64189911,0.94428432
3719,1.64922428,-0.0508353598
3720,0.229287043,-0.45155108
3721,2.05162573,1.0205102
3722,-0.527846754,0.314220816
3723,-0.913108885,-0.423720777
3724,1.17134488,0.728226304
3725,0.168126345,-0.0425469764
3726,0.201098904,-1.49431181
3727,-0.438952625,-0.43038106
3728,-0.65235424,0.203985244
3729,-2.40699196,1.78687024
3730,0.132729903,0.590073347
3731,-0.399157375,-0.718823731
3732,-0.758392155,0.89045465
3733,1.74435616,-1.34819615
3734,-0.579896212,-1.25592124
3735,-0.735980332,0.648236513
3736,0.335318267,-0.94551146
3737,-3.3041265,-0.912228286
3738,-0.593719065,-0.00914657395
3739,-0.662149549,1.7495898
3740,1.20447123,0.263039082
3741,-0.240219221,-2.06416059
3742,0.157194868,-0.0215642452
3743,-0.351021796,0.748200655
3744,-0.434486449,-2.49720812
3745,1.01372707,-1.32287383
3746,-1.91503751,-2.7749784
3747,1.1143471,-0.617235959
3748,-0.769834042,0.135786787
3749,-3.37593532,0.77753526
3750,0.72201395,5.00010443
3751,0.489602268,-2.42314363
3752,0.132630035,0.231870666
3753,2.36579514,-2.10449886
3754,-0.700897515,0.309712619
3755,-0.124229126,0.115513146
3756,-0.0172252674,0.304237366
3757,1.26762307,0.687982142
3758,-0.903135896,1.40301919
3759,-0.777867198,-3.12444854
3760,-1.35269094,-2.12102509
3761,0.665429235,0.762381375
3762,1.13591862,0.619802773
3763,-0.0462150387,0.596668899
3764,1.17258823,1.03756273
3765,1.34361076,0.0277888179
3766,-0.123871937,0.971109092
3767,-0.360898703,0.121988617
3768,0.86158675,-2.41608119
3769,0.85781914,1.29207647
3770,-0.210278496,0.52487886
3771,-0.465255558,-1.8956269
3772,-0.452420831,0.774293542
3773,0.616325498,-1.43893361
3774,2.29338813,-0.320369482
3775,0.0092267599,-1.67464375
3776,-1.75649905,0.945861101
3777,-2.25495982,0.0970403478
3778,0.222993866,0.0107655497
3779,0.653667808,-1.86863196
3780,0.0559047535,2.92826223
3781,1.34183156,0.798338771
3782,0.539339006,-0.754526556
3783,-0.414454669,1.04248464
3784,-0.597676396,-3.02139282
3785,0.0582388416,-0.269890189
3786,0.279427171,0.868199706
3787,1.14080977,-0.591062725
3788,-0.983387411,1.03290808
3789,-2.16703486,-0.517171443
3790,-0.0974975824,-1.90233397
3791,-0.190695494,-0.430198252
3792,-3.69735909,1.26972377
3793,-0.0160079822,-1.16846097
3794,1.79001629,1.89696443
3795,-0.267492473,1.24789786
3796,0.0298218001,-0.269206583
3797,-0.224634707,-0.136615962
3798,-1.06936336,0.538299382
3799,-0.90190351,0.595508575
3800,0.669215322,-2.00078607
3801,1.31660688,-0.420242935
3802,1.34227538,1.03054333
3803,1.78805017,-0.913071752
3804,-1.46794701,0.594278514
3805,-2.18598247,1.01742589
3806,1.53806531,-0.382095486
3807,0.196291551,0.686171114
3808,1.48991716,1.20962906
3809,-2.14720464,-2.7872529
3810,-1.95127332,0.248745129
3811,0.587092519,-0.34987697
3812,0.850055754,-0.408069611
3813,-0.853745222,0.218345687
3814,-0.36125797,-1.69503546
3815,0.643934548,0.0546835363
3816,-0.665199876,-1.21672559
3817,1.5852176,0.205821469
3818,0.336039037,-0.313383043
3819,0.0202974826,1.48529267
3820,-0.721378386,-0.293442965
3821,0.159342587,-0.512461007
3822,-1.12261844,-2.18891788
3823,0.345372498,-0.814257801
3824,1.13677227,0.0361377634
3825,-0.0328363106,1.30205417
3826,-0.17154859,0.256209642
3827,-0.914859891,0.31904003
3828,0.558443367,-0.749963522
3829,-1.26524854,0.0173131302
3830,0.83470875,1.73555708
3831,-3.19766402,1.70391166
3832,-1.05437136,-0.356705636
3833,-0.166537791,-0.396201521
3834,-0.146226615,-0.0418574847
3835,0.0668042898,-0.326179445
3836,-0.235938996,0.36226809
3837,0.353078097,0.105077133
3838,0.37986958,0.132850736
3839,0.0859192833,0.550119936
3840,0.118438751,0.259807467
3841,2.07885647,1.86072779
3842,-2.80284214,-1.77037013
3843,1.37801111,-1.16666222
3844,-0.058067929,0.702146113
3845,1.04972625,-1.49161756
3846,0.629497647,-0.21497035
3847,0.424287498,0.870440423
3848,0.221681729,1.5685966
3849,0.571720481,0.0454364084
3850,-0.603568017,-1.18611443
3851,0.708277404,-0.660128951
3852,-1.39902568,0.204878062
3853,0.621938825,-0.805278778
3854,-0.481324941,2.24110126
3855,-0.987231374,0.522394836
3856,0.445332557,0.224476576
3857,1.38770652,1.27378941
3858,0.64818877,-0.941731513
3859,-2.05707502,0.049791526
3860,0.697019398,-0.197673261
3861,2.6467948,2.90084434
3862,1.46615553,2.06898499
3863,-0.0166398063,-1.57684696
3864,1.37210655,-1.37968934
3865,-0.340229392,1.45053172
3866,-0.114944994,-0.0981763378
3867,-0.176523939,-0.180186301
3868,-0.894607961,0.971101046
3869,1.00012076,0.392356992
3870,1.38309145,0.226275459
3871,-0.116161421,2.18226504
3872,-2.23287463,0.839176178
3873,-0.557262421,-1.19028091
3874,2.79080462,-1.48288333
3875,-1.3205502,0.384319872
3876,-0.17140989,0.0138980867
3877,-0.446185976,0.174210966
3878,2.05162811,0.242132053
3879,-2.6061852,-0.213607088
3880,-0.907588959,1.34086609
3881,0.136993125,0.49341473
3882,0.510417342,-1.04196656
3883,1.60086155,-2.24382806
3884,0.501783431,-1.82797658
3885,-0.138660997,0.0343259461
3886,-1.7633642,-0.132664427
3887,1.18060827,-0.354083866
3888,0.916709363,1.51423836
3889,-0.605100989,0.658410728
3890,-0.59577328,1.88355124
3891,0.75518477,0.927766621
3892,-1.44096005,-2.10877275
3893,-0.835505664,-1.65963984
3894,-2.16658616,0.555062771
3895,-0.324907124,-0.185081989
3896,-1.40127659,-0.353983253
3897,-0.396184444,1.30400586
3898,-0.580564857,-0.918657243
3899,1.46649992,0.671038508
3900,-1.79782629,-1.21042061
3901,0.562115371,1.58388352
3902,-1.42597151,4.16864681
3903,1.01997924,-1.37486708
3904,-0.503641367,0.165533811
3905,0.462154716,-1.94271326
3906,-0.222432837,-0.0931809247
3907,0.0831519961,1.27752233
3908,0.306251377,1.15273499
3909,-0.901217997,-0.00217222795
3910,-0.967347264,-0.736707866
3911,-0.650461018,-1.61303055
3912,-0.824307442,0.0624483861
3913,0.823585212,0.465058297
3914,0.0249454156,-0.419410884
3915,1.1946013,0.625777781
3916,1.80741346,-1.79362345
3917,0.0418454744,-0.437802911
3918,2.58874774,1.76858747
3919,-0.192266583,-0.800851107
3920,1.14134765,1.99222493
3921,-1.47659814,-3.09992838
3922,1.5535537,1.67632771
3923,-1.1282649,0.0199353136
3924,0.851522803,0.599899054
3925,0.146657467,-0.534132183
3926,0.0115706092,0.469300747
3927,0.346512973,1.15117776
3928,-0.519370377,0.081542246
3929,0.636496305,1.66165638
3930,-0.701925516,-1.295017
3931,1.22589183,-0.502534747
3932,-2.14256835,0.750976562
3933,-1.74796605,0.953436732
3934,-1.02106619,-0.761319995
3935,0.204512581,-0.633444667
3936,-0.251414597,0.882370949
3937,0.532565475,-0.23018299
3938,-1.65347862,-1.35299385
3939,-0.167501703,-0.071361348
3940,-0.692949355,-0.798709035
3941,1.67620301,-0.122862354
3942,1.12859857,1.40383506
3943,0.841081202,-2.35132909
3944,0.666513383,0.0446187109
3945,0.120632805,1.03268802
3946,0.802693903,-1.09875786
3947,1.29610288,1.00350189
3948,-1.31702912,2.67565656
3949,-1.4018265,-0.0421075337
3950,-0.558440089,1.22681153
3951,-0.405409098,-0.134572029
3952,0.978133619,0.940972328
3953,-0.303485751,0.931728423
3954,-0.298306912,0.582570434
3955,2.35475135,-2.47713637
3956,0.240664959,0.051251404
3957,-1.16706657,-2.46518683
3958,-0.673231721,1.34926045
3959,-0.857578754,0.0412341654
3960,-0.573900163,-1.10637677
3961,-0.519517124,-0.287464857
3962,-0.71008724,-0.788976431
3963,-1.85179758,0.609209299
3964,0.460113168,-0.928512275
3965,1.41061699,-0.293459296
3966,1.04842579,-2.14233994
3967,0.0739501715,2.18362355
3968,0.593953431,1.32069767
3969,-0.934327304,2.50943542
3970,-0.0399921052,1.76518142
3971,-0.258759588,-0.503314197
3972,-0.291924208,-1.40769398
3973,0.872241437,-0.0216485653
3974,-0.227680251,1.39723861
3975,-0.430328608,0.241725951
3976,-1.32018888,-1.95262408
3977,0.273374945,0.46412009
3978,-0.83203274,0.41849044
3979,0.886173487,-1.75800276
3980,-0.245092884,-0.178350806
3981,-0.198425546,-0.51428026
3982,-1.52762234,-0.690548122
3983,-0.189401254,-2.75824738
3984,1.77598679,0.0824063867
3985,-0.193373635,0.240888938
3986,-0.158681706,0.864747763
3987,1.45070446,-1.19914567
3988,0.022574706,-0.217693657
3989,0.206351161,-0.175061926
3990,0.732482076,-1.57380772
3991,0.315051079,-0.495006889
3992,-0.109280333,0.310916454
3993,-0.110059969,0.600438654
3994,-1.07602274,-1.50736976
3995,0.271676242,0.246233836
3996,0.164879739,-0.0243621003
3997,-1.97344184,-0.384574145
3998,-2.15224099,-0.000634343654
3999,-0.619019568,-2.19437504
4000,-3.05158734,-3.81294942
4001,0.536044061,0.764878392
4002,-0.0440112054,1.97292137
4003,-2.3008213,-0.652870834
4004,-0.476700068,0.462675065
4005,0.870691478,2.04799581
4006,-0.0116202841,0.0652109683
4007,-1.00830221,0.517739832
4008,-1.99629164,0.817902803
4009,-1.94842327,0.470035881
4010,-1.0836519,0.418973953
4011,1.14567733,-0.148460016
4012,-0.0750993714,1.03249264
4013,1.34810269,-0.742547393
4014,-0.0683491603,-0.577193856
4015,0.851267099,0.622900367
4016,0.509000123,0.0666925833
4017,-0.466477424,0.174603775
4018,1.07130325,-0.73699528
4019,1.51758635,0.626288235
4020,1.43939054,-1.39377451
4021,-0.969309866,-0.113107733
4022,1.1043961,0.0739392415
4023,-0.100563191,-2.93237233
4024,0.539869845,-1.10515368
4025,-1.0790329,0.875369132
4026,-0.0487905145,0.806396604
4027,-0.830634415,1.05665195
4028,-1.49517751,-0.0119724758
4029,1.0282464,-1.82666481
4030,-1.37246823,2.55386472
4031,0.373665452,0.243107781
4032,0.368858278,0.078748934
4033,-0.768411458,-0.0630125627
4034,1.1775974,1.70992565
4035,0.541770458,2.14111233
4036,-0.369908988,-2.12670255
4037,0.155155092,0.644344866
4038,-0.864536524,-0.0746064261
4039,0.380743444,-0.311124742
4040,0.295954973,0.952684939
4041,1.51945174,1.30152845
4042,3.11047149,-1.15788424
4043,0.204238325,-0.677165508
4044,-1.5375706,-0.741347909
4045,2.07155132,0.245252952
4046,0.210274607,0.553277016
4047,0.644224346,-0.575787902
4048,0.801701486,0.185479268
4049,0.126182392,-0.0990575701
4050,2.13062954,1.53982329
4051,-0.702404201,2.50499368
4052,-2.14731836,1.07490933
4053,0.674403727,1.50389338
4054,-1.81409502,-0.241302207
4055,0.79899174,0.470174819
4056,0.68552953,-0.976511359
4057,-0.0615766272,0.821567714
4058,0.510856211,-2.09757996
4059,2.06535602,1.08977652
4060,0.719442129,0.0930523947
4061,0.562547088,-0.0875895098
4062,-0.448075354,0.29667598
4063,-0.535850465,0.627090514
4064,1.64696908,0.0907522589
4065,0.443922758,-0.342664361
4066,0.0180950556,-1.56931591
4067,-0.112104297,0.710243106
4068,-1.10363376,0.379034847
4069,0.199433878,1.19164324
4070,1.72483468,-0.216743007
4071,0.321005493,0.585992634
4072,-0.297030061,-0.574164033
4073,-0.208838433,0.556294799
4074,-0.117814727,-1.15064454
4075,1.26507103,-0.456368029
4076,-0.284899175,0.0949354842
4077,-1.95266831,-0.257534772
4078,0.751256287,0.940315068
4079,-0.593928933,-0.780391455
4080,-1.26711273,-0.51429081
4081,-0.394750744,-1.03343797
4082,-1.6118052,-1.14730775
4083,-0.705118775,-1.07352376
4084,0.330033392,-0.0418107882
4085,0.306493461,-1.47128415
4086,0.215788767,0.130438581
4087,-0.436539531,1.73255587
4088,-0.0192672033,-0.348124295
4089,-0.388496816,0.192320764
4090,-1.18569946,0.748544991
4091,-0.89450562,-1.58564091
4092,1.55448115,-0.273067087
4093,-0.0298421755,-0.171311945
4094,-0.522846222,0.0438449569
4095,-0.161607042,-0.130553454
4096,2.42841649,-0.899967194
4097,0.927244067,-1.36218071
4098,-0.626600087,1.09410119
4099,1.45454669,0.977949977
4100,2.74271059,-1.4841466
4101,-1.0708226,-0.626533806
4102,-0.830966532,-0.492185295
4103,-1.33769441,-0.857973874
4104,2.80572629,1.28064072
4105,-0.465279639,-1.27894187
4106,-0.591318011,-0.359811187
4107,-0.419138759,0.196775436
4108,0.401175082,-0.247863814
4109,-1.26040435,1.11185825
4110,0.239938334,-0.16558136
4111,-0.486725867,-0.207914516
4112,-1.84221363,2.32088137
4113,-0.989166856,-0.975242674
4114,1.71948659,1.24663389
4115,1.70440781,2.03763771
4116,-0.112685092,-0.148628533
4117,-1.19305944,-0.631310046
4118,0.243810996,2.5743432
4119,0.627648354,0.449690074
4120,0.144461319,-0.178391695
4121,0.858771145,1.46089137
4122,3.25222969,-0.822271764
4123,-0.341543019,2.96609116
4124,1.3294816,-0.269854844
4125,-1.38345492,1.70236039
4126,-0.133612975,-0.842944205
4127,1.697649,0.612497926
4128,0.522435486,1.57662141
4129,0.281868815,1.05199838
4130,2.16201663,-1.58223665
4131,1.11630368,-2.27003789
4132,1.02422571,-0.0146053303
4133,-1.01232612,-1.03806794
4134,0.952671587,1.1847018
4135,-0.732159197,-0.327910155
4136,-1.66459572,-0.00137734914
4137,0.995433807,2.20033908
4138,0.0842118561,0.204969645
4139,-1.83421516,-1.68923473
4140,-0.353768319,3.32653522
4141,-0.603837788,-0.562179506
4142,1.19898522,-0.136697188
4143,0.515093803,-1.22598839
4144,0.182460055,-1.30934274
4145,0.0912430659,-0.0814357549
4146,-1.47487664,1.16986215
4147,-0.688978851,-0.721752763
4148,0.236247212,-0.626183033
4149,1.68424201,1.00940824
4150,2.04067111,0.12900573
4151,1.62218082,-1.40022612
4152,0.962899029,0.601630747
4153,0.135673225,0.351491362
4154,2.07295084,-1.15339172
4155,-0.842070758,1.37700546
4156,1.1909703,0.026439812
4157,0.00526780216,-0.240860105
4158,0.463417977,1.46012568
4159,-0.394922078,0.248250753
4160,1.50064123,1.04599559
4161,-0.726283252,-1.12504733
4162,-0.725509942,-0.173343912
4163,0.183729008,-1.43001962
4164,-2.115381,3.39969873
4165,0.497848272,-0.204710886
4166,1.12021172,-0.0904273912
4167,-0.525961399,-1.75909948
4168,1.31200922,2.13817596
4169,0.294106185,-1.07009363
4170,1.08173561,1.12471378
4171,-0.808132827,-0.319161654
4172,0.633950174,-0.737445116
4173,0.405997515,0.715210438
4174,0.172065541,-2.13912272
4175,1.66613674,-0.77802819
4176,0.176104218,1.04503858
4177,1.81067312,-2.57171893
4178,-0.35662809,-0.673648953
4179,-0.143486902,0.168152824
4180,0.689321995,-1.34184694
4181,1.46810663,-1.8639425
4182,-2.80243444,-1.41940928
4183,0.658884346,0.738200068
4184,0.251867324,0.471823484
4185,-0.115920842,-0.00730089331
4186,-0.395984769,-1.21668494
4187,-0.101829849,2.72689295
4188,2.2315743,1.26600099
4189,-2.03726959,-2.89113593
4190,0.160293281,-0.030611027
4191,-1.04085171,-1.23021114
4192,0.538257599,0.681547463
4193,-2.40740991,1.33564675
4194,-1.28503454,-0.217741251
4195,-3.1981163,-0.830782712
4196,-0.891803443,-0.797793031
4197,0.967302918,1.23353016
4198,-2.00331903,-0.946641207
4199,-1.92628253,0.0667597428
4200,-0.926874995,0.129210025
4201,0.409628212,-0.812991023
4202,1.42664397,2.13097692
4203,-0.373002768,1.45576787
4204,0.310268402,-3.56365681
4205,-0.729422688,-0.134129375
4206,1.1764617,-1.25738156
4207,-0.0567210019,1.15349054
4208,-0.563156903,1.16403484
4209,-0.483988613,-0.58661145
4210,0.881439149,0.374352574
4211,-0.173892274,0.811352313
4212,2.00666928,-2.2257514
4213,-2.55259228,1.54402661
4214,-0.0370146483,-0.246689498
4215,0.920995176,-0.99018085
4216,0.270287931,0.938099325
4217,-0.880055189,0.554522455
4218,3.56872725,0.419298798
4219,-1.06408489,1.40391648
4220,0.751068234,4.90802288
4221,-0.137868717,0.703171551
4222,-0.871668696,0.354165286
4223,-1.01135278,-0.381970674
4224,-0.98507005,0.626263082
4225,0.370350301,-1.31162739
4226,-1.13123286,1.12010324
4227,0.427875549,-0.101104431
4228,1.83924043,0.888515115
4229,0.162413687,0.0102101546
4230,0.143700555,0.169980824
4231,2.39730072,-0.217486918
4232,-0.0504687242,0.119520374
4233,-0.561493635,-0.64762944
4234,-1.47432077,1.55669844
4235,1.15106225,-1.33636439
4236,-0.170740306,0.190095469
4237,-0.903259933,-0.458497077
4238,-0.302726984,2.02767515
4239,-0.163992882,-0.352442354
4240,1.71135545,-0.700809777
4241,0.194573402,2.07729721
4242,0.225862235,-1.38069379
4243,-1.09747779,-1.301494
4244,0.622159481,-0.241701975
4245,-1.0881511,0.162942499
4246,1.36654747,-0.106556043
4247,0.647905946,-1.38490713
4248,1.96167898,2.00409245
4249,-1.67793369,-1.79618835
4250,-0.171814099,-0.11754103
4251,-1.47825027,0.756263852
4252,0.224946603,0.0988516435
4253,0.284280926,-0.109635666
4254,0.453985423,-1.12681329
4255,0.153842375,1.683568
4256,1.24901843,0.487906843
4257,-2.90052128,1.86847317
4258,-1.29767501,-0.952878654
4259,0.839495778,1.08363307
4260,1.10936689,0.507460535
4261,0.111555979,-0.220250607
4262,-0.578696132,0.130759418
4263,-0.826240599,0.140430227
4264,-0.848276198,1.05850613
4265,-0.751327276,1.23268044
4266,-0.53535521,-1.60877502
4267,-2.7426188,-0.0706794262
4268,2.58458686,1.63255358
4269,2.04329491,-0.737242937
4270,-0.55286175,-2.10323524
4271,-0.166333482,-0.170537233
4272,2.08398533,0.0493147746
4273,-0.649138868,0.684440196
4274,0.30702129,0.495333254
4275,3.04126024,3.28582191
4276,1.06843865,0.982486606
4277,-0.648322463,0.366214603
4278,-0.469511002,0.844982028
4279,-0.391263545,-0.342353314
4280,0.329802454,-0.909526348
4281,1.32487369,1.11335444
4282,0.349816084,0.104807064
4283,0.359535158,0.252491415
4284,0.539389908,-1.5143311
4285,-0.566601276,-1.51576388
4286,1.70967925,-0.826747179
4287,0.978110552,0.225631967
4288,0.448314846,-0.0507327616
4289,0.15795435,-0.0662289485
4290,1.75156546,1.74106383
4291,-2.17326903,0.662018359
4292,1.0683471,-0.837644041
4293,-0.150471568,0.146769747
4294,-1.89638305,-1.18670297
4295,2.60897899,-2.47619843
4296,1.50443113,-0.155913293
4297,0.842535615,2.28981471
4298,-1.66202378,0.897486389
4299,0.245010406,0.874107659
4300,-1.22597516,-0.721361041
4301,-0.258981675,-0.945273817
4302,-0.0641952455,0.123914756
4303,0.538708985,1.4368304
4304,0.387544662,2.0859108
4305,-0.70074743,1.87414277
4306,1.72367477,0.59259522
4307,-0.656646609,0.104636699
4308,-0.0264722761,-0.287910193
4309,-1.56766331,0.169581205
4310,0.786561251,1.15423846
4311,-0.279881686,0.682445884
4312,-1.65089297,0.634084284
4313,0.931313813,-0.826205909
4314,0.332882911,1.82494617
4315,0.892181277,-0.961336732
4316,3.19508839,-1.99407983
4317,0.36726433,-0.194873706
4318,1.93580711,-0.350120783
4319,0.431034923,-1.14109433
4320,-0.786354005,-1.30977452
4321,-0.783558965,-0.6328578
4322,0.274964571,0.480511993
4323,0.155505955,-0.206993178
4324,-1.78306842,0.451115757
4325,0.0797014832,0.181530863
4326,1.65810573,-1.19062543
4327,-0.251535505,1.33438587
4328,0.0211738329,2.74219346
4329,-0.407122225,1.70093322
4330,1.67206693,0.00402669981
4331,0.85069555,0.249487713
4332,-0.904681265,0.322647214
4333,-0.921416819,-0.19696413
4334,-1.23593879,0.790483713
4335,0.326422989,-0.228436098
4336,2.48721504,0.0359283723
4337,-0.969114065,-2.13844132
4338,0.170984998,-0.143664926
4339,0.0510574766,0.579007685
4340,0.983202279,0.743002415
4341,1.43619978,-1.79262412
4342,-0.908952177,-0.122565567
4343,-0.158184156,-0.323000222
4344,0.0317696184,-0.510994375
4345,0.0454429016,0.639356136
4346,-1.24989092,-1.28280532
4347,-0.743622541,-0.0225505382
4348,-0.281526655,0.225507542
4349,-1.85000575,-0.0562577173
4350,-0.623739839,-1.08127606
4351,1.25400829,-0.151711851
4352,1.30623817,-1.32758451
4353,0.283524215,0.908904612
4354,1.82194781,0.326391518
4355,-0.0632278472,-0.173662499
4356,-1.97753441,0.512247503
4357,0.122129761,2.19886684
4358,-0.720954001,-0.26025328
4359,0.154073551,0.0711563528
4360,-2.49442863,-1.73253071
4361,-0.972470045,2.8961978
4362,0.0683722198,-0.143673614
4363,0.369787604,0.213470384
4364,1.15921652,-0.594062328
4365,-0.480715483,0.496171504
4366,0.00204661861,-1.97938526
4367,-0.730782568,1.09199905
4368,0.468177944,0.63354063
4369,-1.12342608,-1.27021348
4370,1.9229064,-0.562015474
4371,0.327809244,-0.430237919
4372,-2.08135223,-1.85413957
4373,-1.32961142,0.0414874591
4374,2.96781445,-1.11418283
4375,-0.3630521,1.25398481
4376,0.182723552,0.321955711
4377,0.186463028,0.77690047
4378,-0.45760107,0.901390851
4379,-0.313370198,-0.792336702
4380,-0.105605751,-2.4138186
4381,-1.4577167,1.44217086
4382,0.918149471,0.98224467
4383,2.37994981,3.13499641
4384,-0.395722181,-0.168077528
4385,-0.562835336,0.453159869
4386,-0.107609481,-0.640008986
4387,0.220201343,-0.806876898
4388,-0.485588878,0.291246682
4389,1.36367309,-0.231935084
4390,1.01182151,3.37354589
4391,0.399195433,-0.141812801
4392,0.157080621,0.911282301
4393,0.597021937,0.786276102
4394,1.67722726,-1.82163775
4395,0.0885550603,0.26817593
4396,0.56453985,-0.550785303
4397,-0.0934385806,-0.285278976
4398,-0.422309101,0.43918249
4399,0.649266481,0.968732595
4400,0.403359175,0.410163999
4401,0.117750809,2.02586102
4402,-2.10818052,0.0932845771
4403,0.304699719,3.50664186
4404,-0.623063028,0.475185066
4405,0.0741070807,-1.06690681
4406,-0.850865483,-0.92226994
4407,-1.0416131,-2.51809049
4408,-3.1558876,-2.60339069
4409,-0.254863501,0.570901215
4410,-0.162435174,-0.862432361
4411,1.54253066,-1.05659461
4412,0.266944349,0.803020597
4413,0.0292364955,-0.360811144
4414,-2.50050521,-0.335320234
4415,0.202875197,-0.0684873536
4416,-1.76064026,1.9760958
4417,1.33874047,2.86750746
4418,-0.0888157338,1.29079759
4419,0.910025895,0.129681259
4420,-0.294382215,-1.40557873
4421,0.484764606,-0.809681654
4422,0.847878516,-0.562933564
4423,-2.28909206,-0.992220759
4424,-0.171916097,-0.421619445
4425,-1.02344918,-0.034709271
4426,-1.4205941,0.385730147
4427,-2.50275016,0.371079266
4428,-0.565339804,-0.823815644
4429,-0.969973624,0.416354418
4430,0.242928013,-0.224830598
4431,0.794666409,0.199872836
4432,-0.578533411,1.70397818
4433,0.0845314637,-1.6484493
4434,0.43511942,-2.47277355
4435,-0.705624163,0.964716315
4436,-0.383657604,-0.196342006
4437,0.194320709,0.0726063475
4438,0.492747605,0.706244171
4439,-1.07769966,0.532472372
4440,0.515728354,0.940498352
4441,-0.488756567,-0.978313148
4442,-2.57570148,1.52329361
4443,-0.41438064,-0.439208001
4444,-1.24028909,-0.587064803
4445,0.257843435,-0.177944303
4446,-0.511914194,0.155235052
4447,-0.26549089,-0.00841078907
4448,1.23578036,-1.50515151
4449,-1.73329926,0.880497098
4450,2.63272452,0.750889361
4451,0.565271795,-0.645266712
4452,1.73972511,1.63694167
4453,0.212962657,-0.391385585
4454,0.185607687,0.360578924
4455,1.12067008,0.295416057
4456,-0.378979653,2.13697481
4457,-0.228716239,-1.93506813
4458,0.0855479985,-1.13106787
4459,0.423622906,1.56876445
4460,-0.132733718,-1.78297234
4461,-1.45057642,-0.960402727
4462,-0.15572454,2.2632339
4463,2.03037333,0.00706771621
4464,-0.537448347,-1.64452624
4465,-1.15247571,0.350359052
4466,0.198835775,0.0210911296
4467,0.0905874968,1.28009558
4468,-0.0527444296,0.0318858773
4469,0.698259294,-1.24875081
4470,-0.202414095,0.0521054752
4471,2.49692488,0.462681383
4472,-0.347880781,0.942432821
4473,-0.0603632852,0.17083554
4474,0.151610762,-0.0893617272
4475,-0.589848936,0.715037644
4476,-0.0224598423,0.236818939
4477,0.798112631,-0.732778966
4478,-1.16933095,0.730893552
4479,-0.789026499,-1.43247461
4480,0.675424755,0.393240362
4481,-0.842116416,-0.635533869
4482,-0.17787683,0.392256409
4483,0.0759980679,1.64500713
4484,0.00890409108,-0.166151434
4485,0.565420926,1.29722321
4486,0.0945204794,-1.62958944
4487,0.362834811,2.42846751
4488,-1.07418394,0.198833019
4489,0.170857683,-0.417330205
4490,0.672900438,0.942436457
4491,0.971090615,0.453200787
4492,1.05025947,-0.236294121
4493,2.72340178,-0.53073591
4494,0.720245063,-1.50251818
4495,0.096523799,-1.34185648
4496,0.491737783,0.562618196
4497,0.257702351,-1.19544351
4498,0.254578739,-0.840058684
4499,-2.59269452,2.47642803
4500,0.47067982,-0.72360605
4501,-1.18839991,2.01059604
4502,0.170673519,-2.01437306
4503,-0.367105126,-0.191730753
4504,0.568872392,1.56599319
4505,-1.70460355,0.196538121
4506,0.0275261886,-0.935835421
4507,-0.857737839,-0.0320393294
4508,0.574910104,-0.393178284
4509,0.892308772,0.0357830264
4510,-0.559840262,-1.03640139
4511,0.648883283,0.508415103
4512,1.14216304,-1.06799817
4513,-0.114281729,-0.246161863
4514,2.12196755,-1.17263329
4515,-3.34128642,-1.26787484
4516,-0.144842848,0.125434473
4517,0.847833037,0.233915925
4518,-0.196951717,0.106980197
4519,-0.188327,0.0428426564
4520,1.90416193,0.040881969
4521,-0.278060138,-0.704188287
4522,-0.0295074433,-0.186119482
4523,0.186455607,0.0445301905
4524,2.08908725,1.79567921
4525,-0.465361118,-0.500272632
4526,-0.565208733,-1.94935369
4527,-2.14319897,2.13337541
4528,-1.56876266,-0.360224456
4529,-0.628829122,0.120293222
4530,-1.91758537,1.27915788
4531,-0.361464143,0.209787607
4532,0.393530905,-1.22958982
4533,-0.609024823,1.40639973
4534,-0.160178959,-1.17799163
4535,-0.604008436,0.814038515
4536,-1.12037957,0.380559117
4537,0.0599012822,0.461460412
4538,-0.777818739,-0.695268691
4539,0.0834746137,-1.37302887
4540,0.717667878,-1.2192291
4541,0.193962172,-0.183472022
4542,0.707816362,-0.396138608
4543,-0.301351994,-1.7711587
4544,-0.832578242,1.37536633
4545,-0.240590781,0.201018393
4546,-1.68545318,2.10470152
4547,1.765064,1.7110045
4548,0.381304622,0.246263787
4549,-0.0378986411,1.274773
4550,-3.41250539,-0.674435318
4551,0.444552034,1.51823485
4552,0.148929805,-0.766988993
4553,-3.66821504,-0.861847401
4554,0.947719038,0.103106037
4555,-0.961898923,0.540336251
4556,-2.43118358,1.55810642
4557,2.78352189,-1.32241821
4558,1.09155416,-0.244927555
4559,0.492607206,0.193829209
4560,0.786027431,0.406411618
4561,-0.839311242,0.595441818
4562,0.699770033,0.003152102
4563,-0.147580624,1.0142715
4564,-0.532883883,1.62620556
4565,-1.01806414,2.42853069
4566,-0.58414042,-1.39772534
4567,-0.168736741,-0.189161345
4568,2.98399615,-0.721603632
4569,-1.90184951,-1.51192415
4570,-1.72242928,-0.240207255
4571,-0.340240598,-0.362565696
4572,1.17483628,-0.557258308
4573,-0.609348774,0.284795582
4574,1.1474669,-0.894237638
4575,0.229214966,0.055949904
4576,2.56759119,-0.272917807
4577,-0.232197642,-2.03896856
4578,-2.21792412,0.832503796
4579,0.682330906,-1.11739969
4580,-0.283106804,-0.299492419
4581,0.551625371,1.3089608
4582,-0.0395676307,0.168772414
4583,-0.0253314991,-0.33263582
4584,-0.301600397,1.08330703
4585,0.660030246,1.10318422
4586,-1.20921707,2.34746623
4587,-1.49741578,-0.172979623
4588,-1.75147629,0.342547089
4589,0.132857651,0.0684872642
4590,0.965109646,0.619782209
4591,1.02181685,0.489417791
4592,4.17562628,0.365683287
4593,0.12589711,-0.830034673
4594,0.84450382,0.0628518015
4595,0.0571137145,0.776875377
4596,-0.122162499,-0.592196047
4597,0.298214823,1.62310302
4598,-0.887695312,-0.168189242
4599,-0.816957355,0.815856159
4600,0.760686159,-0.699405551
4601,-0.1372706,-0.0732352063
4602,1.75468624,1.61147642
4603,0.711750686,0.362825394
4604,-0.181227654,0.487924457
4605,-0.70560509,-2.91332078
4606,-0.653719544,0.907182395
4607,0.596475303,-1.87315381
4608,0.381723911,-0.743527532
4609,0.222472966,-0.638440013
4610,-1.07706571,-0.492548913
4611,1.26101017,-0.522221088
4612,0.592224061,1.06904328
4613,1.82810068,3.7230854
4614,-0.218561247,0.531076372
4615,0.970380366,1.11884785
4616,-0.119776867,-0.171322078
4617,-2.00333238,-0.515694559
4618,0.799648523,0.660375535
4619,1.58900285,-0.107769571
4620,-0.153882906,0.231970757
4621,1.56671739,-1.76061845
4622,1.24996197,0.790077507
4623,1.60299337,-2.72550511
4624,0.304558128,0.211326912
4625,1.63226902,0.343158722
4626,0.00806433428,-0.296704769
4627,0.933819175,-0.548863351
4628,-0.0706089586,0.0652748793
4629,-1.5716542,0.113719687
4630,-2.46959519,-2.08301258
4631,0.745368123,0.0516103916
4632,0.633570433,0.085732691
4633,-0.130018145,0.841654956
4634,-1.45388007,-0.0505429767
4635,2.61235738,-0.201848984
4636,0.704863667,-0.411697507
4637,-3.98160863,-0.5755229
4638,-0.108838186,2.12157822
4639,-2.97758842,3.93657422
4640,0.305006713,-1.27511215
4641,-0.341153622,-1.36781013
4642,-0.311293572,-0.0722054392
4643,0.0210634302,-0.245799452
4644,1.53939068,0.81518054
4645,0.250364274,0.696562827
4646,-0.473684013,-0.084935002
4647,0.796075165,-0.947872639
4648,-1.24622536,-0.0743386149
4649,1.75678778,-0.963355243
4650,-2.01873231,1.25753629
4651,-1.83316088,-0.0717722178
4652,1.85080278,-0.436386526
4653,-0.273669571,1.65011275
4654,0.0701421499,-0.0444516093
4655,0.883723378,3.12496901
4656,0.467377514,-1.18992448
4657,1.47173178,-1.62522948
4658,1.22543657,-1.91813874
4659,1.54034972,-1.79536736
4660,-1.2812897,-0.871921003
4661,0.622853637,-1.07869601
4662,0.30163601,-0.380823463
4663,5.24889088,-2.24997759
4664,1.41449714,1.22673011
4665,1.12591183,-2.12813473
4666,-0.121904202,0.600816309
4667,-0.233940631,-0.423677772
4668,-0.220043004,-0.213191658
4669,0.11954616,0.179132104
4670,-1.13402271,0.0192884207
4671,-0.415890187,-0.138819486
4672,0.383676499,-0.056063436
4673,1.20064247,-2.7785759
4674,-0.44161129,-0.431528687
4675,-0.796909332,-0.238514647
4676,-0.328607947,-0.503197014
4677,-0.513680279,0.398653209
4678,1.61447704,-1.64798903
4679,-1.12624681,-1.24677896
4680,0.587741435,-0.4814668
4681,0.299367517,-0.00105606613
4682,1.01848304,1.12217438
4683,-0.627703428,1.38886356
4684,1.89920568,2.98658252
4685,0.00593511155,0.223124757
4686,-0.860355556,0.622477055
4687,-0.0272677056,-0.225927502
4688,0.00649599405,-0.0561962463
4689,0.00997117814,0.387767732
4690,-3.23918271,-0.108173296
4691,0.806564689,0.798382819
4692,-0.499902427,1.70855367
4693,3.31321192,-0.3324278
4694,1.96750438,-1.07968092
4695,0.0773706138,-0.710258543
4696,-2.30038285,0.724191666
4697,-1.12173808,-2.45163774
4698,0.26095742,0.0464797467
4699,2.45864916,-1.38287401
4700,1.45312202,-1.11034548
4701,0.706501663,-0.518004417
4702,0.815508068,1.56795216
4703,-0.550510526,0.957028329
4704,2.28038812,-3.91500998
4705,0.438103676,-0.0444123372
4706,-1.16746521,-1.28187573
4707,0.167445436,-0.224613935
4708,0.624932766,0.0918601453
4709,-0.461204946,-0.211159945
4710,-0.600199759,-1.05750728
4711,1.35637128,0.339286059
4712,0.368881911,-2.78611279
4713,-0.188696623,0.126560166
4714,1.50247216,-0.171464309
4715,0.822060227,0.0735442489
4716,-1.20747852,-0.589467049
4717,-0.159934908,-0.287985265
4718,0.00366508588,0.296231836
4719,-0.555593073,2.00491166
4720,0.561962306,-0.709582388
4721,-0.430500388,-0.383548677
4722,-0.828671455,1.67456174
4723,-2.04207945,3.85394382
4724,0.493459255,-1.04215145
4725,-0.266195863,0.186978623
4726,1.1093061,-1.02466297
4727,0.918396771,0.426061243
4728,1.51338196,-0.460646957
4729,-1.60507727,-0.813092768
4730,-1.00277817,0.161731273
4731,1.37558222,-0.291630119
4732,-1.12143028,1.08407342
4733,-0.827041924,1.44719267
4734,-0.480113417,2.8783927
4735,0.218953833,-0.544437826
4736,0.298791587,0.813987732
4737,-0.45995447,-1.51396835
4738,-0.153959155,0.329334199
4739,0.0682399347,0.816263855
4740,0.812487483,-0.298198789
4741,-0.567551792,1.12287903
4742,0.770497322,-1.45954919
4743,-0.576998055,-0.900129139
4744,-1.14828396,-0.422460705
4745,0.144556537,-0.388640076
4746,2.83516121,0.180770278
4747,2.68714952,0.175960511
4748,-1.64363241,-0.193570033
4749,-0.746262312,3.12492228
4750,-0.0574166067,0.478751659
4751,-0.744654715,-0.679179132
4752,-2.37886,0.707082033
4753,-2.87278795,-1.3477397
4754,0.245583326,0.180297807
4755,1.6680814,-0.0727734193
4756,-0.510389268,-0.264723718
4757,-2.39527535,1.12020695
4758,1.67572093,-2.92661333
4759,0.157741308,-0.701755822
4760,0.778188288,0.675058365
4761,0.828036427,-1.30759323
4762,-2.81839466,1.95585358
4763,-0.172904074,-0.73716265
4764,0.154465944,0.220264226
4765,0.00862094481,0.198974267
4766,0.425600111,0.457327574
4767,0.139298648,-1.46537185
4768,0.0613762364,0.320290267
4769,0.384130567,-1.13537872
4770,-1.00589812,1.14723241
4771,-0.0280145649,-2.32972217
4772,1.06486356,0.0376557671
4773,-0.159734607,-0.6008178
4774,-0.631606758,-0.726919353
4775,2.09289432,-0.37827456
4776,-1.76299441,2.73446965
4777,-0.556980789,0.711260796
4778,0.740213931,-0.994292259
4779,1.61738706,0.0623398572
4780,3.24536943,-0.425548941
4781,0.250742644,-1.3751893
4782,2.08428526,-0.272988945
4783,0.640723348,-0.479718328
4784,-1.96889412,1.02434719
4785,0.757822692,0.16744636
4786,1.0862782,-0.0612272732
4787,0.604039013,0.875915349
4788,-0.885917902,-0.274241716
4789,1.02028906,0.692495406
4790,-0.702630877,-0.8841272
4791,0.225349173,-0.499687254
4792,-1.09182525,1.11844194
4793,0.493560493,-0.6662485
4794,-1.3271637,1.22282577
4795,0.149757653,-1.90780246
4796,-0.264131337,-1.30946422
4797,1.17507625,0.760877907
4798,1.67045212,-0.357825458
4799,0.585225105,-0.055421453
4800,1.38255644,-1.15139556
4801,-1.5638864,1.95094359
4802,-0.157337099,0.161005676
4803,1.08883905,0.101518601
4804,1.45147026,-0.322577
4805,0.325174451,-0.0189524144
4806,-1.1326735,-0.99287045
4807,1.49692297,0.645237029
4808,-1.54366696,-1.22901547
4809,-0.195715398,-0.049826853
4810,1.29969049,-1.49018741
4811,0.310613424,-0.394129604
4812,-0.00939212833,-1.81559098
4813,-1.35291314,-0.392452657
4814,-2.11360884,-0.369830281
4815,-0.0611284934,0.236002818
4816,-1.03547859,0.97406888
4817,-1.29029167,-1.09714711
4818,0.60060823,0.976967156
4819,-1.09942627,-3.48622966
4820,-0.579651713,-0.0693760216
4821,-1.44885325,0.692486405
4822,0.595488369,-1.51275563
4823,-1.52207744,2.23563361
4824,0.36203298,1.03311861
4825,-0.0212584194,-0.162500128
4826,0.571941733,-0.405154675
4827,-1.26155865,-2.1970129
4828,-1.08894551,-1.19979358
4829,-1.70294929,-0.542776883
4830,1.28945947,2.04456067
4831,-0.300297588,1.7671535
4832,-0.588938117,-1.68747354
4833,-0.620369732,-0.868779421
4834,0.696313322,0.792299569
4835,-0.0904724672,0.377686918
4836,-0.759925663,1.23738945
4837,-0.976413608,0.955855727
4838,0.233745977,-2.00366569
4839,-1.24687243,0.735504448
4840,-0.483948857,1.40167964
4841,0.258712113,-0.185508519
4842,1.62198365,-1.52778959
4843,-0.58193326,-1.64079213
4844,-1.43786919,0.142334193
4845,1.55544269,0.455855817
4846,0.711236835,-0.266661376
4847,-0.760532141,-5.06761312
4848,0.0248989407,0.276189357
4849,0.834107697,-1.30941403
4850,-1.38329399,-0.10175655
4851,-0.935926735,0.0967127755
4852,-0.424968988,-0.25871405
4853,-1.21337986,-4.22544718
4854,0.568795741,0.580450952
4855,0.121578969,-0.556447327
4856,-0.828827262,-1.02063966
4857,-0.323720962,0.882636368
4858,-0.386588544,-0.562406898
4859,-0.993790805,0.284522533
4860,1.69512904,0.672387302
4861,0.0137007777,-0.785135686
4862,0.254752368,-0.0625388771
4863,0.00682413299,-0.418645978
4864,3.22680211,-0.850802541
4865,-0.103948049,0.745777071
4866,-1.35586441,0.190790921
4867,0.929784954,1.72439122
4868,1.20683956,0.859816611
4869,0.182911575,1.98583043
4870,-0.699543655,-0.89776212
4871,0.173962876,-0.0904558524
4872,0.499939024,0.229527369
4873,-0.530293643,-0.11155498
4874,0.903314888,0.545343757
4875,-0.72729212,-2.04429698
4876,1.03995919,-1.85055208
4877,-0.178142801,-0.826749861
4878,-0.306635827,-0.101719387
4879,-1.06982446,1.5108161
4880,-0.467800796,2.24049377
4881,0.590588152,0.443139374
4882,-1.63368857,-0.312357217
4883,-1.46881557,1.66804647
4884,-1.27548492,-0.332574189
4885,-2.10544109,0.374528676
4886,0.222487062,-1.83994055
4887,-0.0932834595,-0.115294747
4888,0.393382728,-0.111228749
4889,1.2936728,-1.91682589
4890,-0.202957734,-0.865894079
4891,0.436149299,1.34704614
4892,0.814370751,1.43206942
4893,1.05761659,-0.844111443
4894,0.483008265,-1.45757532
4895,0.88801688,-0.879168928
4896,0.0205108449,-0.26936385
4897,1.00088906,-0.189776167
4898,2.77871227,-0.687558591
4899,0.0609717742,0.176486433
4900,1.86602259,2.5646379
4901,-0.114820689,0.147254959
4902,-0.507349193,0.234238237
4903,-0.602451444,-0.542525709
4904,1.09570408,-0.252084553
4905,1.30409956,0.00937895384
4906,0.304715723,-0.0468758009
4907,0.0425864495,0.382532388
4908,1.6194104,-0.403373569
4909,0.430777699,0.441191524
4910,-1.10658383,-0.160426021
4911,0.555265427,1.15882659
4912,0.269101501,0.570060015
4913,0.179956213,-3.07773542
4914,0.559433818,2.76410699
4915,-0.0244815815,-2.42267776
4916,-2.24941063,-1.0487982
4917,-2.02265358,1.26416028
4918,0.190904111,-0.189774007
4919,-1.09392655,0.187835604
4920,-2.00474167,0.667784274
4921,-0.0358217359,-0.162616074
4922,0.560413599,-0.7351107
4923,-2.38095474,-2.28330016
4924,-4.37071466,-1.73934531
4925,0.806806445,-0.223123133
4926,0.243299216,0.0276426859
4927,-3.83321571,0.872995198
4928,-3.06061864,-4.40085506
4929,0.317499638,-0.213253811
4930,0.707916915,-0.178138152
4931,-0.968520045,0.869981825
4932,-0.481358379,-0.530284524
4933,0.390609086,-1.66560507
4934,-0.766429842,-0.193877786
4935,0.341860682,0.0710028261
4936,0.592926025,-0.846006453
4937,-2.41564584,-0.793605149
4938,1.01956272,0.826430798
4939,-0.672880232,-0.702705026
4940,-0.265005022,0.118166953
4941,3.43617678,0.67907232
4942,-0.787639916,0.482855916
4943,-0.369357795,-0.43178466
4944,1.51208448,1.34653163
4945,-1.15639091,0.0345442817
4946,0.272293776,-0.355704844
4947,1.16993392,0.00830307323
4948,0.0821155235,0.0455183908
4949,2.24934793,-0.856484056
4950,0.957864523,0.103804573
4951,2.47701406,-0.308547139
4952,1.92375171,1.73325145
4953,0.154941231,-0.80567944
4954,3.36102366,0.191631034
4955,-0.098261252,0.171575084
4956,0.772311449,2.35400152
4957,-2.32341385,-2.36568046
4958,-1.28560853,0.203431219
4959,-0.126275539,-0.28201732
4960,-0.385040611,0.575792074
4961,-1.13668633,1.09549189
4962,0.246176824,0.554451644
4963,1.19916523,-1.20827246
4964,-0.757683098,-0.165298104
4965,0.150840685,0.122782171
4966,0.391658157,1.34243381
4967,1.58247805,0.663536966
4968,-0.305042952,-0.779952943
4969,-1.08354104,-0.876278281
4970,0.83149761,-1.08954668
4971,-0.043023482,0.795894742
4972,1.3014679,-0.122248381
4973,-1.83346081,-1.38715529
4974,1.1759485,-0.940820098
4975,0.943716764,-0.0474222489
4976,0.0614660643,-1.76084006
4977,-0.0501119085,-0.169271216
4978,-0.444705397,-0.625032067
4979,0.824078619,-3.50337005
4980,1.46014977,-1.49887586
4981,0.375016302,2.40583587
4982,0.040203765,2.16671944
4983,-0.646085203,0.113792665
4984,0.866936266,-0.18510443
4985,0.478209704,3.18198538
4986,0.784941018,0.660319746
4987,-0.028843483,-1.3808887
4988,0.640616238,-0.43452251
4989,1.25524628,-0.53966254
4990,0.483621627,-2.68869448
4991,-2.77561021,-0.843765855
4992,-1.46047819,-0.77139467
4993,-1.20971918,-0.750753522
4994,-0.312816083,0.582564771
4995,0.820496917,-1.70438111
4996,-0.887578964,-2.09537339
4997,-1.47670996,0.894264936
4998,2.59693456,-1.14721584
4999,-2.34243298,2.09294748
5000,0.143566743,0.159304097
5001,-0.755201161,1.28192866
5002,0.389491826,-0.279180825
5003,-0.83106941,0.557344615
5004,0.493883699,0.0630632415
5005,3.60510159,2.03306055
5006,0.0437689424,-0.153389663
5007,-0.00758895557,-1.08608687
5008,2.51765513,0.0106796762
5009,-2.740798,-1.57802665
5010,0.0115757938,0.775610864
5011,0.144346654,0.0130878892
5012,-0.251730472,-0.234481573
5013,-1.72055805,-1.09809148
5014,0.28995949,-0.0821851566
5015,-0.872430146,1.10616553
5016,-0.0250050332,2.2745955
5017,-1.02657306,-0.37397933
5018,-0.234303445,-0.104906499
5019,1.84070766,0.307981551
5020,-1.03022861,0.567570865
5021,0.0894144475,1.20364344
5022,-1.17901075,-0.0260744821
5023,-0.58366853,0.073291257
5024,1.03277004,0.0343624242
5025,1.52116549,-5.14899349
5026,1.33381236,-0.202238038
5027,0.429386973,0.403681189
5028,-1.83416259,0.538091004
5029,0.713848174,-1.74997997
5030,-1.05486512,-0.14536722
5031,1.20946813,-0.068094857
5032,-0.0839901343,0.0657036677
5033,-0.47346133,1.88994563
5034,0.352119327,-0.158346534
5035,0.0627305135,1.13337398
5036,-0.791547,-0.833198369
5037,-1.45113146,-1.73193097
5038,-0.699358642,-1.18167758
5039,-0.353215665,0.720034778
5040,-1.3444072,-0.161478043
5041,-2.16964269,-0.804061115
5042,0.0590448603,-0.159582883
5043,-0.403931171,0.900815427
5044,0.610292912,-1.33241677
5045,1.00788832,1.49079025
5046,-1.33996415,0.280062586
5047,0.194112718,0.169448346
5048,0.352157682,-0.263820112
5049,-0.316394895,0.0649402142
5050,-0.187746748,1.16841638
5051,0.170169041,0.618054986
5052,0.238899201,0.0550939403
5053,0.00700013526,-1.39144206
5054,-0.185250401,0.146214381
5055,0.222614646,-2.14520001
5056,1.59509754,0.25121361
5057,0.720507205,0.885135174
5058,-0.183092371,2.02943516
5059,-0.763805151,2.72129583
5060,-0.960597634,-0.263396144
5061,-0.0346024111,-0.800434709
5062,-1.21166098,-0.853213489
5063,-0.0593884103,0.461574346
5064,0.0594997853,-0.505881667
5065,-1.71101058,1.46163893
5066,-2.09826899,2.24932957
5067,-0.764421701,-0.628990471
5068,-0.752845883,0.52199316
5069,-0.736097336,0.39229998
5070,-0.599239707,1.18957043
5071,-0.734775901,0.121386908
5072,-0.621077776,-0.0394889936
5073,-0.153754488,0.781681895
5074,0.826178014,0.100506738
5075,-0.219505146,0.0849716216
5076,0.556061029,0.244927943
5077,-0.794319749,-0.902356446
5078,0.264564574,2.85349202
5079,0.242923871,1.03293014
5080,1.13763559,-0.174286559
5081,0.760916948,-0.218283579
5082,-0.458872795,-2.72910643
5083,2.37170148,-0.545987189
5084,-0.0879150406,-0.464387268
5085,2.30654287,0.194842964
5086,0.110202871,-0.303993791
5087,0.103771731,-0.205980346
5088,0.539647996,-1.1842581
5089,1.77948964,-0.766307831
5090,-0.0298472866,0.256414145
5091,-0.514061451,-0.15390636
5092,0.6704669,-0.92864567
5093,2.02574706,0.737412393
5094,0.0944964215,-0.828368127
5095,0.905584872,-1.66099024
5096,0.786105931,0.199484855
5097,0.455424964,0.247701928
5098,-0.471237779,-0.744787514
5099,-0.199314281,2.57260346
5100,-0.370145351,-0.0501860455
5101,-2.06455088,-1.23708832
5102,-0.787509739,2.79349899
5103,-1.0063715,-2.08334112
5104,0.00705885561,0.971730411
5105,0.428216457,-0.834645808
5106,1.41644812,-1.37482715
5107,0.521211326,1.05566037
5108,1.61005998,-1.22236633
5109,1.00065136,0.648860157
5110,0.428702205,-2.10404754
5111,0.210032105,1.36506987
5112,0.224465951,0.625654995
5113,0.546210289,-0.184481114
5114,0.376238793,0.096827969
5115,-0.262664169,-0.892715752
5116,0.0916212946,-0.208456799
5117,0.312406093,0.192481235
5118,0.864004612,-0.0978652388
5119,0.747710109,0.82608217
5120,0.198594704,-0.586655617
5121,-0.958756626,-1.9616574
5122,0.358561516,1.80370522
5123,-0.388676494,0.300348043
5124,0.394289792,0.610179007
5125,1.47062516,0.145805791
5126,0.437864661,0.297073513
5127,1.55951095,-2.04073834
5128,0.796423852,-0.214036182
5129,-0.078919135,0.197716653
5130,-0.260383129,-0.135725737
5131,3.45400333,-0.66801548
5132,1.85757565,1.81022274
5133,0.32995978,0.468366355
5134,0.121123202,1.04606891
5135,1.54740608,-3.35220647
5136,0.368977904,4.01010561
5137,0.500667334,-0.204188392
5138,0.989480853,-0.320023656
5139,1.65034187,0.534247518
5140,2.19334793,1.22461736
5141,0.207660809,-0.318460673
5142,0.393605322,-1.8800751
5143,-1.59028208,0.283850074
5144,-2.44023037,2.62506723
5145,0.459990621,1.691172
5146,1.38372588,2.08411622
5147,0.552527726,-0.537248194
5148,-1.18822813,-1.87777817
5149,-0.627627611,-0.279430956
5150,-1.5392468,0.773022413
5151,-0.285399705,1.44649863
5152,0.232852593,0.833520055
5153,-3.17022347,0.508885622
5154,1.5955317,0.120872729
5155,0.40663296,-0.314576387
5156,-2.39172626,-1.26224566
5157,0.808189809,-0.821187556
5158,0.422583401,1.84946942
5159,-1.55382657,0.20632793
5160,-0.186426133,0.428064048
5161,-2.19341373,0.772616327
5162,0.240063339,-2.14361525
5163,-1.35219228,1.53292906
5164,0.588133872,-0.957218289
5165,0.139846891,-0.461388022
5166,1.17283976,-0.325863868
5167,0.175198451,0.0644626617
5168,-0.0804274231,-1.85781908
5169,0.496479452,0.438548774
5170,-0.182047144,-0.245899618
5171,-2.49348783,-0.412167668
5172,-0.0952914953,-2.16776109
5173,-0.870008945,1.43753052
5174,-0.357135147,-0.152847186
5175,-1.09411538,0.597978234
5176,-0.796934962,2.25482559
5177,-0.781227469,-0.885769904
5178,-0.209188059,-0.186399013
5179,0.254612088,-0.199986547
5180,2.19802213,0.884233713
5181,0.128399789,-0.226968676
5182,0.296834677,0.266416132
5183,-1.02623451,-0.516159177
5184,0.314203292,-0.104017816
5185,0.324404746,0.223976627
5186,-0.22149092,1.04673636
5187,-1.15564489,2.47371769
5188,-0.239484578,-0.254978865
5189,-0.970295012,-0.663863242
5190,0.449941695,-0.385266185
5191,-0.183428243,1.74731565
5192,0.230638891,-0.167164996
5193,0.226465523,-0.391609013
5194,0.970757127,-2.0988512
5195,-2.98604536,-0.884452343
5196,-0.978636861,-0.611356437
5197,0.957657158,0.180267498
5198,0.626062274,0.046141576
5199,0.409168601,0.130462408
5200,0.313630611,-0.384906888
5201,0.789640248,-0.468153983
5202,-0.0265274495,-1.4755801
5203,0.221175671,0.173170969
5204,-0.21442464,0.114604987
5205,0.35524255,0.0613891631
5206,0.185065791,-0.0866279453
5207,-0.780035734,-1.53945744
5208,1.8999238,-2.22834873
5209,-0.607687235,-1.39371598
5210,1.45288551,0.647518456
5211,-3.07470632,0.728362858
5212,0.887475729,-2.87403464
5213,-1.84399164,0.0131784081
5214,-1.34005904,0.615406096
5215,0.576396763,0.316796839
5216,0.981488168,-2.16778684
5217,-0.081651181,-0.146706894
5218,1.76745582,0.34659484
5219,-0.0851520076,-0.460404992
5220,0.206797421,-0.1632099
5221,2.15140724,2.12922144
5222,1.4558115,-0.103160821
5223,-0.0317128226,1.21257508
5224,-0.213717952,0.216411784
5225,-1.9111048,0.974862218
5226,-0.286658525,2.00875545
5227,-3.26060033,-0.197124019
5228,2.10702753,-0.0689280778
5229,-2.37857246,2.63568425
5230,-1.65097785,1.95814264
5231,0.729260087,1.54088783
5232,1.19288409,1.62505996
5233,1.4063549,0.383485466
5234,0.791806698,-1.31284082
5235,-0.816991329,-1.08519733
5236,-1.70826316,-0.675222397
5237,-1.11063373,-0.742058694
5238,-1.53513205,-2.22126675
5239,-2.02809763,-0.0224025231
5240,-1.14122248,-0.118515365
5241,0.162165895,0.95327431
5242,-1.37921095,-0.296399176
5243,-0.157625437,-0.757188499
5244,0.122924261,-0.237311542
5245,0.507526755,-0.423993081
5246,0.118438236,0.327000737
5247,0.41327399,-0.160437018
5248,-0.877404571,0.160761341
5249,0.042659536,-0.87853545
5250,0.183209226,-1.68608236
5251,0.761585891,0.954761088
5252,0.539429307,-1.02220404
5253,-0.338446081,-0.723456502
5254,-2.162323,-1.22482359
5255,-0.986294508,0.683366835
5256,-0.530564666,1.11758101
5257,-0.767985702,0.836708844
5258,-3.3849709,0.55926311
5259,1.27332926,-2.38192582
5260,-0.0229464248,0.552864313
5261,-0.899998486,-1.84948325
5262,-3.67145801,-0.94438839
5263,-0.227162659,0.00951370131
5264,-0.573783636,0.378097177
5265,-0.257344425,0.173417032
5266,-0.31221655,0.741096735
5267,-2.20188761,-0.101239428
5268,0.151477471,-0.212470055
5269,-0.56073457,-0.120588258
5270,-0.992338955,0.434841722
5271,1.35644138,-0.889991939
5272,2.67482996,-1.64362872
5273,-0.0627105013,0.187390685
5274,-0.625103533,0.988734901
5275,-1.17034554,-1.73652375
5276,1.10448253,0.310781896
5277,0.821173668,1.82872462
5278,1.65088367,-2.86245203
5279,-0.0344030932,-0.202830613
5280,0.0687746182,1.31195021
5281,-1.13470924,-0.645954847
5282,0.232018068,0.325530559
5283,-0.0463648811,-0.581298769
5284,-0.617882788,-0.205950171
5285,0.107843742,0.381600291
5286,-0.751515269,-0.755422056
5287,0.455294997,-0.81103617
5288,0.377061188,1.00206411
5289,-0.695991516,-1.85254824
5290,-1.6645112,-1.47038388
5291,-0.128559336,0.113361768
5292,0.534350395,0.471953064
5293,-0.0420713499,1.19149673
5294,1.17484891,-3.18779135
5295,-1.81413364,1.73366535
5296,0.462356448,1.02712572
5297,0.236982539,0.755540907
5298,-1.8125006,0.894269645
5299,1.42468584,-1.35123789
5300,0.725424707,-0.165196866
5301,-0.1294256,-0.183056295
5302,-1.5142076,4.1624732
5303,-0.110638067,-0.160868049
5304,1.4442327,1.48011613
5305,-0.690209448,-1.17413986
5306,-0.876897275,1.08269966
5307,-4.20317936,-1.21951079
5308,-2.33835936,0.589418471
5309,-0.889079511,-0.627776623
5310,0.0032710908,-0.899621606
5311,2.65652704,2.69322681
5312,0.513526559,-1.03122914
5313,-0.507508397,0.652570963
5314,0.182761401,-0.246350005
5315,-1.58359468,-1.3112793
5316,0.969561219,1.70247674
5317,1.21929777,0.511277556
5318,-0.871814489,-0.968660057
5319,-1.93928313,1.58855808
5320,-0.645353258,-0.329977423
5321,-1.99104571,-2.9867394
5322,0.519539177,-0.128853366
5323,-0.599811018,2.12862778
5324,0.869180262,-0.75597167
5325,-0.905426681,1.85601747
5326,-0.394778877,0.0967896655
5327,-1.69973075,-0.257895321
5328,-2.84120417,-0.729970753
5329,-1.34766614,2.76369953
5330,-1.70543933,0.053395085
5331,-1.45945072,0.193709269
5332,-1.96991372,1.3262105
5333,0.958178937,-1.71019077
5334,0.579348624,-0.440625489
5335,0.0435890928,0.409197778
5336,-0.363655418,-1.29386866
5337,-0.525614858,0.266649693
5338,0.5459916,0.0626848638
5339,0.532683372,-0.0123472745
5340,0.59107697,0.878528953
5341,-0.87765801,1.79593587
5342,1.76532316,-1.10657012
5343,-0.511961699,-0.759259224
5344,-0.733304441,-0.959528148
5345,-1.07184219,-2.75024438
5346,0.923618078,0.73171705
5347,-0.772030354,-0.701984167
5348,0.576346397,1.26374519
5349,-0.502968192,-0.978898764
5350,-1.55530906,0.632153451
5351,0.745158613,-1.48250198
5352,-0.100326501,-0.190164655
5353,-0.0334273316,0.430602819
5354,0.249970838,0.169225231
5355,0.972511113,0.6962412
5356,0.306462497,0.0473974124
5357,-1.89128923,0.592757881
5358,-0.761423886,-0.887451172
5359,-0.289116412,-0.462603599
5360,-0.0552030727,0.329734296
5361,0.80102849,-1.36577737
5362,-1.25771177,1.30079961
5363,-0.916966081,1.83114219
5364,-1.04480982,-0.57966882
5365,0.593104184,0.570444942
5366,0.94061929,2.42116809
5367,1.13773239,-0.448781967
5368,-0.628108382,-0.580501795
5369,1.07119048,-1.28097534
5370,0.432268947,-0.35614565
5371,1.13393307,-0.753996909
5372,0.245401382,0.765330493
5373,2.83566308,3.39569592
5374,0.482881248,0.1996364
5375,-0.257982701,0.214417994
5376,-2.01075459,-0.292179793
5377,1.01423514,-1.78428066
5378,-0.384562105,-0.360961556
5379,2.68775868,2.32138395
5380,2.10681033,2.28865457
5381,-0.687132537,-0.460390776
5382,0.677224696,-0.989449203
5383,0.365984708,0.0312578902
5384,-0.689111173,-0.83903718
5385,-0.269293338,-0.166287228
5386,0.213084623,-0.155684918
5387,-0.218082324,-0.139287427
5388,0.872579455,-2.30355453
5389,1.77265751,0.143678784
5390,-0.410755217,-2.21220684
5391,-0.0864568129,0.557749867
5392,-0.128514513,-1.72338867
5393,-2.08502412,-1.38963163
5394,-0.500519574,-1.02574849
5395,0.421102196,-0.0135300783
5396,-0.721004307,-1.81453145
5397,0.49750942,-0.27417168
5398,0.827505708,-1.45436728
5399,1.65872836,1.4814893
5400,1.27937067,-1.01130497
5401,-0.571417928,0.36340484
5402,0.29899773,0.403160453
5403,-0.712803125,0.617168307
5404,0.956374705,-0.182422712
5405,0.275586814,0.067931965
5406,0.0177935604,-0.492090493
5407,-0.201709807,-0.27992332
5408,0.456591278,0.559794784
5409,-0.512123048,-0.996783972
5410,1.92421567,-0.144019902
5411,2.02718377,-0.182098582
5412,1.09862506,-2.0022676
5413,0.673369408,-0.734724283
5414,0.400547147,0.936819017
5415,1.63276172,-1.16938436
5416,0.872110903,0.694635808
5417,0.799581409,-0.524974704
5418,-1.14050102,0.12408907
5419,-0.774714231,0.0835409835
5420,-1.14369941,-0.914088726
5421,-1.03048289,-0.414022326
5422,0.262693763,0.314493358
5423,0.0676452294,0.166068763
5424,-0.0750566721,0.472361982
5425,0.232970312,-3.61837673
5426,-0.164019868,-1.02077353
5427,-0.08699736,-0.689599156
5428,-0.635466576,-1.88315678
5429,-0.608715892,-1.44420862
5430,-1.35028899,-0.566396594
5431,1.21122777,-0.749522746
5432,0.236710966,0.345207214
5433,1.06775057,-0.123262689
5434,2.68609476,0.989736438
5435,-0.571583092,-2.0681138
5436,0.684133828,1.87831891
5437,-0.93938458,1.58818376
5438,-1.33155191,1.75621212
5439,-1.15082026,0.0306693353
5440,0.680412233,-1.01146805
5441,-1.08090818,0.446163714
5442,1.19162285,0.424580574
5443,0.290063202,1.88662207
5444,-1.8933171,-0.252506077
5445,0.454669356,0.757251263
5446,1.59989166,-1.80725646
5447,0.342052311,-0.41815871
5448,0.948335171,0.456641346
5449,1.76454949,-0.895361722
5450,-0.879770577,1.89922845
5451,0.546453834,-1.41869998
5452,1.06540596,0.894827962
5453,0.628937483,0.0972927585
5454,-0.576327443,-0.166572139
5455,-0.162026629,-1.02186608
5456,-0.673267782,0.20502755
5457,-0.509257138,0.214773491
5458,-1.05433512,-2.23695755
5459,0.0939869583,0.129816756
5460,-0.498179913,-1.62068713
5461,0.0480727702,-0.179332465
5462,-2.30287957,1.5996573
5463,-2.13333726,2.48681617
5464,-0.0219365247,1.10122013
5465,0.155049294,-1.52382362
5466,1.54684281,0.440305024
5467,0.267681867,0.314190149
5468,0.104004584,0.873863816
5469,-0.711874366,0.973611474
5470,1.3096149,-1.91418517
5471,-2.15824318,1.22254777
5472,-1.86910355,-1.82436872
5473,0.966953874,-1.35928524
5474,1.90070653,0.378356904
5475,2.63870502,0.0742099434
5476,-0.726573527,1.6205641
5477,-0.821492016,-0.461227834
5478,0.675528109,0.161263078
5479,-1.5901202,0.684255362
5480,-0.969537795,0.666009784
5481,-0.297078371,-0.877329409
5482,-0.334501594,1.95418298
5483,0.665573657,-2.27530169
5484,2.09543562,1.04343557
5485,0.381928712,0.728983939
5486,1.04634142,0.807221413
5487,1.7101047,-0.964178145
5488,-2.25802708,0.875996709
5489,0.207600906,0.105927832
5490,-0.488269836,0.650639057
5491,-0.00556696579,-0.189559177
5492,-1.18186593,-2.29923534
5493,0.122039706,-0.239739388
5494,0.482052356,0.243191257
5495,-0.518746793,0.162599415
5496,0.140637398,-1.04837489
5497,-0.00310376938,0.945586562
5498,-0.122281589,-0.1505384
5499,2.45701337,-2.33627868
5500,-1.10118353,0.676531971
5501,0.340980321,0.944266438
5502,-0.535837293,0.33920908
5503,0.488325834,1.85866809
5504,-1.04545772,0.146408573
5505,-0.058049731,0.770308554
5506,-0.336534828,-0.756468296
5507,-1.13546288,-0.344056368
5508,-1.41154361,-1.79196799
5509,-0.023475362,-0.00716899196
5510,-0.836516619,-0.427136689
5511,0.550914884,0.711025536
5512,1.01651585,-0.18565464
5513,1.33329225,-2.06354308
5514,0.241187692,0.222402021
5515,1.06467628,0.411870122
5516,0.75275743,-1.00862217
5517,-0.652350664,0.89933908
5518,-0.241891041,0.0353411138
5519,-3.68949008,-0.234607771
5520,1.36268067,-0.856457055
5521,-1.18651736,-2.17263222
5522,-0.112259053,0.238703221
5523,-0.720527232,0.652307093
5524,0.288739771,0.0720365494
5525,0.181186363,-0.118322134
5526,-0.909930646,0.370136529
5527,-0.77554363,1.14845717
5528,1.12760699,1.32088292
5529,0.0775658488,-1.07934904
5530,0.326776832,1.46275949
5531,-0.266706884,-0.329608768
5532,-0.518923879,2.35897112
5533,1.32629216,0.0272727422
5534,-1.26149583,-0.496147186
5535,-2.31981063,-0.633433342
5536,2.34582973,0.448130786
5537,0.411866277,0.747368813
5538,-0.123388849,0.535784006
5539,3.01406932,-0.736933172
5540,-0.748405874,1.49291062
5541,0.0145798177,-0.408871979
5542,0.0729284808,-2.2318368
5543,-1.98717964,-0.431832045
5544,0.066595301,0.549455702
5545,0.65504241,-0.529551625
5546,-2.06827998,-0.0379798524
5547,0.207739264,-0.159537703
5548,0.241721228,0.426312
5549,-0.327656716,0.19239299
5550,0.267219335,0.068387188
5551,-1.89936268,0.703215361
5552,2.20759678,-1.54867053
5553,5.08754015,0.592060566
5554,0.647241116,3.0232594
5555,-1.34900737,0.623293817
5556,-0.885642767,1.08633661
5557,-2.62960649,0.0138881244
5558,-0.464785546,0.754812598
5559,0.05523289,0.332744688
5560,1.1291604,-0.847424507
5561,0.0621673241,-0.399895847
5562,0.305316418,2.56284308
5563,1.32851684,0.71501261
5564,-0.253320754,1.43165195
5565,-2.06032658,-0.754767299
5566,-0.44968152,-0.0494047068
5567,0.262776643,0.459475875
5568,-0.105588049,0.429199338
5569,-0.1513872,0.0238668807
5570,0.447654963,0.388105929
5571,-0.36432299,0.582682788
5572,0.322764635,-0.420251936
5573,0.167756349,0.493795127
5574,1.51267421,1.14528811
5575,-1.24347222,-0.551514924
5576,-0.355408669,1.33492744
5577,0.327917397,0.118716918
5578,-1.04349959,-1.67315888
5579,0.0897025019,-1.59002769
5580,0.17569375,1.07444
5581,0.0427888483,0.202552468
5582,-2.03434873,0.988992274
5583,-0.66449523,0.32406652
5584,1.64121938,-0.890386581
5585,0.481881768,0.431826234
5586,1.53685224,-0.990613222
5587,-1.5002389,0.0194538403
5588,0.348405451,-0.723333716
5589,-0.730021894,-2.62864447
5590,-2.86878347,-0.549126565
5591,0.0504694991,-0.412290007
5592,-1.35092652,1.4648149
5593,0.740686476,1.94443667
5594,-1.44667459,0.16097647
5595,-0.113952816,0.856894732
5596,-0.632618427,1.51994812
5597,-0.548757613,1.23068595
5598,-0.188986108,2.38088727
5599,0.515521944,1.11779559
5600,0.218233243,0.149467319
5601,-2.27687168,0.80992949
5602,0.823777556,-1.90377831
5603,0.232514188,-0.357735544
5604,-0.996589601,-0.446995884
5605,1.25948918,0.0170638189
5606,-1.66604006,0.950056314
5607,0.604848504,0.180887267
5608,-0.134842262,-0.159915715
5609,-0.882712722,-1.12830019
5610,2.97063947,-1.35083938
5611,-0.377699584,1.77560604
5612,-0.328394532,-0.630446374
5613,-0.0125164948,0.341547132
5614,-0.435216844,0.219497636
5615,0.0632118881,-0.631356359
5616,-0.279076844,0.604127228
5617,-0.51218456,0.100956216
5618,-1.24858475,-0.206058517
5619,1.58591747,-3.06460333
5620,-0.125382647,-1.28443587
5621,-0.725170374,0.0259857532
5622,0.168639824,1.10045922
5623,-0.309015691,-0.560988069
5624,0.318185896,0.25318718
5625,1.49743187,-1.00927234
5626,2.89509082,4.04486704
5627,-0.275096029,-1.51798069
5628,0.00518295774,-0.431484699
5629,2.18465328,-0.364346087
5630,1.23449898,-0.864783704
5631,-0.468370229,-1.80746508
5632,0.361481935,-2.50201392
5633,-2.56680202,0.833997011
5634,0.478356272,2.1582818
5635,-0.0893397629,1.10847199
5636,1.05630922,-0.349682748
5637,0.233247519,-0.387804419
5638,1.45591712,-1.07922554
5639,2.22558212,0.746667683
5640,1.02641332,1.03874254
5641,0.20712319,-1.01170003
5642,-0.161810324,0.800833225
5643,2.02858472,1.36747801
5644,0.0450349264,-0.148411497
5645,-0.980038583,-2.03220654
5646,1.22402787,-1.53747296
5647,-0.116529718,0.615757406
5648,-0.954140246,0.052296821
5649,0.130423993,0.0135177998
5650,-0.158131585,-1.36144412
5651,-0.593914747,0.972310483
5652,0.250817031,-0.0559603646
5653,0.676104009,-0.0551077165
5654,1.02281928,0.562964976
5655,-1.3549403,-1.0315572
5656,-1.01782167,-0.72801733
5657,-0.286443621,0.516369462
5658,-1.05719805,-0.264926255
5659,-0.650995016,-1.90713716
5660,0.294513673,0.977212369
5661,-0.968510747,1.24644589
5662,-0.151765391,0.156083897
5663,-0.66493535,-0.613806427
5664,1.14017403,-0.33487007
5665,2.51423216,-0.249656722
5666,-0.00979179144,-0.322634339
5667,-2.0373466,0.86362803
5668,-0.387598604,0.49499926
5669,-0.637260795,-0.640080094
5670,-0.391321152,0.317486227
5671,0.171020761,-0.0581260994
5672,-0.526163399,1.01363993
5673,0.596771538,-0.307967693
5674,-1.45888448,-0.405312091
5675,-1.52954531,-1.13320649
5676,-0.533545196,0.656631529
5677,-0.204701662,1.6440891
5678,0.169045731,0.130688146
5679,0.359140903,0.439294845
5680,0.353116632,0.470489591
5681,-0.492034346,2.16737056
5682,1.58316135,-1.98304439
5683,0.292670518,2.26222515
5684,0.0158181433,-0.760386527
5685,-0.979592502,0.224798545
5686,-1.77939498,-2.19097662
5687,0.953438818,2.10468793
5688,0.27171734,-0.929735124
5689,-0.117749199,1.13080871
5690,0.017967334,-1.18554425
5691,-2.66641951,-0.428519785
5692,-0.295640618,0.855758667
5693,-1.92770255,-1.86446512
5694,1.01051044,0.880926728
5695,0.258669794,0.833385289
5696,-0.902286053,-2.9706614
5697,-0.36931172,-0.841382802
5698,1.7557801,1.1299814
5699,-0.257257998,-0.265155882
5700,0.492150843,0.396121234
5701,-0.114207633,-1.73942292
5702,-0.645569086,-0.0976620317
5703,0.670197308,-0.758024693
5704,-0.808931768,-0.435939819
5705,3.13876295,-0.453972906
5706,-1.57870007,-0.347543716
5707,0.271800935,-0.337347239
5708,-0.430616468,1.21067595
5709,0.296360254,-0.0977404267
5710,1.8144089,-1.33893085
5711,-0.112088874,1.78821993
5712,1.02911448,-0.479758412
5713,-0.743282497,-0.341529369
5714,0.159234494,0.242895499
5715,0.125768423,0.350216478
5716,-0.674996138,0.522653401
5717,-0.77729094,0.372021437
5718,-1.33141112,1.51841927
5719,-1.14721024,1.25972474
5720,0.331566036,-0.113389537
5721,0.78850174,-1.43539345
5722,0.459369153,-0.0566437356
5723,0.907832742,-0.809599519
5724,-0.710818589,-0.00788528472
5725,-1.00626183,2.62272143
5726,-1.26468074,-0.140209019
5727,-0.0890798122,0.345954865
5728,-0.115391485,0.0907992944
5729,1.99038887,-0.207631499
5730,0.504577041,0.0184477903
5731,3.9327693,1.15841389
5732,-0.733405471,0.050703045
5733,1.06234396,0.379790038
5734,-0.0663705841,0.388801187
5735,-0.7346825,0.330248773
5736,-0.618321121,1.05836141
5737,-1.21929777,-0.572363257
5738,0.0385751761,0.335365683
5739,1.68365109,0.189577267
5740,0.270075321,0.337754041
5741,0.798717797,-1.72940314
5742,0.360965639,-0.0916745439
5743,0.538600147,0.0779740363
5744,0.782635093,-0.573412061
5745,0.00127221947,0.274698049
5746,-2.90822911,1.41574764
5747,0.917268872,0.448251605
5748,0.0349678211,0.793326497
5749,-0.0310980771,-1.22471619
5750,1.98764884,-0.0945559293
5751,0.178936884,-0.0103308605
5752,-1.26372266,1.88657057
5753,0.981080592,1.13514864
5754,0.565448284,2.77610207
5755,-2.45428848,1.39068854
5756,1.29470408,-0.340278596
5757,-0.668850541,-1.08452964
5758,-1.14339447,-1.29330671
5759,0.738286078,0.762766898
5760,2.35362792,-0.365700155
5761,-0.556989133,-1.61074018
5762,-1.44291151,-0.865388751
5763,0.80856663,-0.678430736
5764,-0.0238963328,-1.45107043
5765,-0.219372362,1.46444786
5766,-1.51302648,0.54414624
5767,0.173017651,0.112003133
5768,2.14352727,0.0968249142
5769,0.471625626,1.04342163
5770,-3.2979908,0.22309579
5771,0.443996578,-0.0722844452
5772,-0.37568444,-0.485275686
5773,-1.95331585,0.218670413
5774,-0.461388826,1.69228196
5775,-1.19552946,2.42160773
5776,-1.51561427,-1.07475591
5777,2.73146272,1.69419289
5778,-2.86446071,0.931296706
5779,2.90802073,0.624913156
5780,-0.38163808,-0.0651907101
5781,-1.9325906,0.868918955
5782,0.633386314,0.0136361886
5783,1.41644931,0.0131061738
5784,-3.04914117,3.56135798
5785,-1.14363158,1.71349287
5786,-0.889964163,4.09764957
5787,1.89032328,1.49155533
5788,-1.38923907,-3.466887
5789,0.318395168,0.24473612
5790,0.0820783377,0.754861176
5791,-0.627296805,-0.518724442
5792,0.408114821,0.265566319
5793,1.57175994,-0.313061774
5794,0.516405523,-0.266602159
5795,-0.663956821,0.429816782
5796,0.670363784,0.580030203
5797,-0.188981265,-2.7777698
5798,3.26511621,-0.859466732
5799,0.214669824,0.456651807
5800,-3.24779272,-0.512569785
5801,-1.20139718,1.08149552
5802,0.237991646,-1.18746781
5803,0.0775005445,0.683526158
5804,0.0803635269,-0.793114007
5805,0.692811966,-1.88274026
5806,-1.34910035,-0.715572357
5807,-0.610865653,-0.997369826
5808,1.49736619,0.0340721644
5809,0.63974762,0.807529032
5810,-0.834455967,-2.2539556
5811,0.831218123,1.93990993
5812,-0.406020522,1.10857809
5813,0.0702873319,0.382127583
5814,-1.36235225,-1.72115684
5815,-0.986874163,0.577452719
5816,-0.00365714869,2.1164124
5817,-1.72794628,-0.692240417
5818,1.91277623,0.265557051
5819,-3.70816231,-0.409059107
5820,2.25951338,0.103371762
5821,1.74774063,0.674343824
5822,2.14316916,1.18307161
5823,0.305116594,0.0576093346
5824,0.0570693761,-3.11715269
5825,0.916736186,-0.469432354
5826,1.09496725,0.0199165009
5827,0.490529656,1.0559876
5828,-0.160529196,-1.09091318
5829,-1.06159401,-0.623999119
5830,0.00342905801,-0.340441287
5831,1.46317697,0.970869362
5832,-1.06375217,-0.171593994
5833,-2.49969602,0.298869312
5834,0.461384147,0.389968514
5835,-1.33380699,-1.33813429
5836,-0.380393028,-3.70945549
5837,-1.64948332,-0.36052829
5838,1.60606873,-1.06261051
5839,0.598483205,-2.05623817
5840,-0.564770579,0.383618534
5841,2.678689,-1.99537945
5842,-0.189084843,-0.12050464
5843,-1.29972684,-0.720233262
5844,-0.0162806939,-1.29173148
5845,-1.58570325,1.31868446
5846,-0.0882053599,1.29136884
5847,1.12313485,-0.326483846
5848,2.03197145,-0.992019594
5849,-0.113151744,-1.51466513
5850,-1.41710949,-0.819678962
5851,0.267182469,0.0607033148
5852,-2.44593596,-2.69079494
5853,1.10692537,-0.355899692
5854,-0.152023479,1.57730925
5855,-0.307704747,0.0983121544
5856,0.27632466,-0.309930861
5857,0.914117873,0.27109912
5858,0.107793704,-0.409430414
5859,-1.52589595,-0.754994154
5860,0.314399451,-0.0907071084
5861,1.47671854,0.649454772
5862,-0.107968874,0.328145981
5863,-0.146171167,-0.187668815
5864,-2.44828892,-1.09339631
5865,0.0761196762,-1.4211278
5866,0.15364556,1.13068998
5867,-0.390395284,-0.925386012
5868,0.546778679,-1.57958817
5869,0.307567626,-0.389796317
5870,2.81717038,2.03518724
5871,-0.374456018,0.209489256
5872,0.682349741,1.24065506
5873,-2.35763383,1.07381308
5874,-0.964275956,1.12344408
5875,-0.36073935,-0.462887883
5876,0.291691124,0.311302602
5877,1.97119856,0.685946524
5878,-1.18748939,0.865234613
5879,-0.414738983,0.456838667
5880,2.30810356,-0.447138458
5881,0.0493889451,1.50232649
5882,0.626943052,-0.0311296638
5883,-0.196723029,-2.45631933
5884,-2.50391865,1.09267998
5885,-0.553451002,-0.106876962
5886,0.63549751,-1.21202302
5887,0.129614234,2.27939439
5888,0.0255210642,0.0497657508
5889,0.0662392676,0.379470855
5890,-0.0698829815,1.29984474
5891,0.553861797,-0.669059098
5892,-0.384320557,0.135707602
5893,-1.62646627,-1.31407619
5894,-1.40708578,-1.19867682
5895,-0.426742882,2.55785728
5896,-0.0175472144,-1.15804946
5897,-1.02281749,-0.0989026353
5898,0.0917549506,0.0588236749
5899,1.52075303,-0.160623521
5900,0.737599671,0.245183721
5901,1.52673507,0.568497837
5902,0.270623565,-0.468079448
5903,0.170978442,0.09446273
5904,0.344980925,-0.752557576
5905,0.815240324,0.187213719
5906,-2.00708294,-0.215194777
5907,0.546407521,-1.85137987
5908,-0.40341872,3.06070447
5909,-0.129450306,1.13610542
5910,-0.135696575,0.348237962
5911,-1.34339511,-2.0754571
5912,-0.157225296,-0.0864462927
5913,0.595095396,0.646674275
5914,-0.978936136,-0.535299718
5915,-0.214743927,1.09440947
5916,-0.700263202,-0.367559642
5917,-1.04099238,1.71946251
5918,-1.92530799,0.997666955
5919,0.738100886,0.439997822
5920,-1.89877856,1.12546349
5921,0.0279320814,-0.343271464
5922,-1.14400423,-1.61717045
5923,0.0939449146,-0.284364492
5924,0.503136396,-0.633435071
5925,-0.433577776,2.9274435
5926,-0.0232276358,0.921428919
5927,-0.641467035,1.73910809
5928,0.501341224,0.084372893
5929,1.25082755,-1.63587618
5930,0.16472055,-0.680139959
5931,0.313761771,0.338981688
5932,-0.97733146,-0.694247782
5933,0.597437441,3.88975739
5934,1.68705702,0.403210819
5935,0.619951487,-1.05084789
5936,1.69802475,1.20509279
5937,0.62689811,0.0238286424
5938,-0.670601189,-1.41596055
5939,-0.406197041,1.2734859
5940,0.530873954,0.668678641
5941,0.255984783,-0.41397053
5942,1.16827548,0.342628837
5943,0.983324587,2.02032995
5944,-1.46381497,-2.09105897
5945,0.539996624,1.09264851
5946,1.26695967,-0.0308299381
5947,1.94902384,-0.183754861
5948,0.667116821,-0.514090776
5949,0.00872528553,-1.51821804
5950,1.84842896,-1.42344534
5951,0.528855026,-1.27370071
5952,-0.467414975,-0.427835405
5953,-0.150133878,0.282777876
5954,-0.282924801,-0.282778472
5955,-0.142397091,0.78833729
5956,-2.58748412,2.07481599
5957,1.94344819,-1.76985598
5958,0.0238465983,-0.297313482
5959,-3.0603013,-3.34381151
5960,0.119993307,-0.11877083
5961,0.279079497,-1.58784652
5962,-0.375850707,0.801616013
5963,0.574167669,-1.34760332
5964,-0.437871665,-1.13220024
5965,0.231403798,-2.55421901
5966,-0.369883358,-0.0144951278
5967,0.438875467,-1.02214348
5968,-0.303722918,2.42650604
5969,-0.00232374761,-0.214845583
5970,0.234191537,-1.39649534
5971,-4.0244956,-1.87796414
5972,-0.282353848,0.0582647547
5973,-2.01782966,0.635998666
5974,1.150877,1.78371954
5975,2.94255829,-0.546457648
5976,0.680030584,0.218181908
5977,0.107903644,0.75066793
5978,-0.707731187,-0.0426355451
5979,0.0516583323,-0.365085661
5980,-0.349660635,-0.206152931
5981,0.555396378,-0.224292293
5982,-0.0541508831,1.15269971
5983,0.26355949,0.169340387
5984,-0.383554101,-0.0737676769
5985,-1.80007398,1.20012379
5986,-0.328908205,0.326693356
5987,0.0237565115,1.088009
5988,1.53367329,-1.71359718
5989,0.491109729,-1.66855001
5990,-0.138142139,-1.16720521
5991,-0.251319468,-2.40672708
5992,2.6138916,2.03501081
5993,0.734713495,-3.16535115
5994,0.01093126,-3.42586255
5995,0.886931002,0.625447154
5996,0.899328947,-0.130563959
5997,0.748774648,-1.06848013
5998,-0.362515837,0.27829808
5999,0.0445054844,-0.238823503
6000,-0.679374933,-1.38537753
6001,-0.11029245,1.27126741
6002,-0.699535072,0.463802218
6003,-1.47420025,0.988914013
6004,-0.115990214,-0.225687265
6005,-0.123729341,-0.114522785
6006,0.161780074,1.9310323
6007,-0.160014018,0.19398351
6008,-0.277570873,1.61357009
6009,-0.0480816923,0.235344231
6010,0.130036905,0.00484951073
6011,0.206403077,-0.488010287
6012,0.285849214,0.00331001589
6013,2.33328605,3.05153751
6014,0.504814386,2.56286621
6015,0.494762242,-0.663026869
6016,-0.170867234,1.04918182
6017,-0.0301905908,-1.11891663
6018,-0.722175002,0.438054889
6019,-0.298643053,0.137538671
6020,-0.876915872,0.73666209
6021,1.80814159,2.42312121
6022,-1.70268905,3.41193795
6023,1.99452794,-0.345511615
6024,-0.0982847065,-2.57393098
6025,-1.38568437,0.918222189
6026,-0.268698305,-0.0106281238
6027,-0.552201569,0.546399832
6028,-0.716653824,-0.354958177
6029,-1.93138433,-1.85359919
6030,-0.136996225,1.67525399
6031,0.0522441342,-0.590727389
6032,0.277785629,-2.39445257
6033,-1.60769093,-1.16302025
6034,0.101786777,-0.344565004
6035,-0.969814301,0.578932941
6036,-0.437880784,0.00399341248
6037,0.825631738,-0.729775429
6038,0.966490328,0.129281268
6039,0.134025663,0.507166684
6040,0.896689773,-0.322945565
6041,0.127042145,0.761289537
6042,-0.471645743,-0.132958665
6043,1.75055122,1.921242
6044,0.0952432528,2.24857044
6045,1.59496629,-0.0662674159
6046,-2.43153882,-0.686730027
6047,0.877501607,1.0837599
6048,-0.601261199,0.112753369
6049,-0.207630768,0.106735148
6050,-1.97688699,-0.590445936
6051,0.477077305,-0.701144576
6052,0.174213469,4.4163785
6053,-0.169672489,-1.16692162
6054,0.451760441,-0.248915792
6055,0.0780285299,0.936805487
6056,1.02246404,-0.94004488
6057,-0.117065035,-1.90939486
6058,1.11237252,-1.03698456
6059,-0.338463008,0.160238475
6060,-0.335132241,1.27412331
6061,0.096990943,0.237773031
6062,1.16146934,-2.5414784
6063,-1.47811866,1.30343854
6064,-2.45966721,-2.28274345
6065,-0.267151415,0.00140648033
6066,2.77271843,-0.288169622
6067,0.941120625,-1.50552249
6068,0.252195805,1.93271828
6069,1.81393659,1.44456959
6070,-0.13971822,0.419522464
6071,1.40760136,0.629185677
6072,0.391251236,-1.85310268
6073,2.05325532,0.00252835429
6074,2.19431591,0.448964953
6075,1.26615739,-0.521831453
6076,-0.847889066,0.671529353
6077,0.136417136,-0.210992828
6078,2.10671568,1.39710629
6079,2.11067653,0.210869893
6080,1.79195261,-1.91063023
6081,0.576121867,0.0379267298
6082,0.641954184,1.71203971
6083,-0.235235676,-0.594310343
6084,-0.0437912159,0.36037901
6085,0.191387117,-0.117650196
6086,-0.736222684,0.481487453
6087,-0.738673925,-1.87663794
6088,-1.29590559,0.14807786
6089,0.72926265,1.0305053
6090,1.60549951,0.507451236
6091,1.12418067,0.376084715
6092,-0.579721034,1.03206503
6093,0.377415448,0.99342221
6094,1.52849209,1.39924538
6095,1.60155487,0.290241033
6096,-0.931587815,1.35682368
6097,-0.0296024457,-0.489578247
6098,0.483860165,-0.490753204
6099,-1.22278059,-2.0545876
6100,1.42220557,1.22394013
6101,-0.122150153,-0.24585788
6102,0.116994672,0.156789377
6103,-0.268109441,-0.082401976
6104,0.43033424,0.707321703
6105,1.57324314,0.269882649
6106,2.2459507,-2.60454702
6107,2.33944297,-0.263880789
6108,0.213461816,1.49245632
6109,0.244662896,-1.72072864
6110,-0.795913219,-0.495910227
6111,-1.89986777,0.329248369
6112,-0.430040181,-0.73583281
6113,1.17575037,1.82053185
6114,0.0847555175,0.264903724
6115,1.31277025,2.40261126
6116,-0.7838431,0.456295907
6117,-0.990098,-2.98216653
6118,0.450375378,0.385465294
6119,-0.312683374,-2.54839635
6120,1.22765934,2.93302894
6121,-1.82056046,0.0269110296
6122,0.238741115,0.34585008
6123,-1.54069984,0.137049824
6124,-0.536181629,0.617074192
6125,-0.548116446,1.23515558
6126,-0.0147743635,0.463207155
6127,-1.64864063,2.85188031
6128,-2.92955637,-1.95090997
6129,-1.33607006,-1.14660847
6130,-0.59776932,2.64216638
6131,2.17677784,-0.488900661
6132,0.662647545,-1.25393665
6133,1.53909242,-0.293662071
6134,-2.38727117,-1.62877643
6135,3.43153763,3.20342278
6136,-0.570754468,0.229956225
6137,2.32854581,-1.64034247
6138,-0.224000528,-0.633734226
6139,-0.839881241,-0.285083652
6140,0.350738436,-0.341332823
6141,-0.0301600993,-0.1847509
6142,-0.51393795,1.8571496
6143,-0.0326503962,0.364250273
6144,-0.568217874,1.23936629
6145,1.91080546,-0.00987733062
6146,-1.19073927,2.47809505
6147,-1.74984705,0.458414882
6148,0.807185948,2.06014395
6149,0.569744825,0.725261033
6150,0.853311777,0.0277737267
6151,1.70834565,-1.47369623
6152,0.361982375,-1.28087258
6153,1.73742819,0.39599371
6154,-1.70572007,0.284611464
6155,-0.377578437,-0.981163442
6156,0.338121593,-0.542190611
6157,0.944456458,-0.692127883
6158,0.993942022,0.0141358776
6159,-0.160442621,0.923564553
6160,-0.108882949,-1.08792627
6161,-0.79447031,0.998879969
6162,-2.51540828,0.3896088
6163,-0.0498134978,-2.75496888
6164,0.413302183,0.363223284
6165,-1.64738154,0.389835596
6166,-0.139737606,-1.7173605
6167,-2.23561692,-2.48582649
6168,-0.944220543,-0.65723139
6169,-4.38153648,-0.17295669
6170,-0.810196579,0.956119359
6171,0.339872509,-0.328195751
6172,-1.12964082,-0.818984032
6173,-1.95317674,-0.956089199
6174,-2.67784309,1.99673498
6175,0.4948138,0.916740477
6176,-0.0780369267,-0.226676971
6177,2.36897135,-0.417377025
6178,0.732669294,0.242955104
6179,1.58798897,0.00476228073
6180,2.38656664,-0.406617045
6181,-1.30243587,3.25835109
6182,0.652367711,2.65536571
6183,1.10377014,-0.523138285
6184,-0.0547903143,0.22868219
6185,-1.21358478,0.531484902
6186,0.958312511,0.519135296
6187,0.050856106,0.752421379
6188,0.541250765,-0.661245883
6189,0.230545133,-0.0212314632
6190,-0.0948382244,0.212837249
6191,-0.212924197,0.0835300982
6192,-1.24582732,-1.48476386
6193,0.435477018,-0.755905151
6194,0.635554433,0.855078757
6195,1.33050752,0.0290181283
6196,-0.856051683,0.114428245
6197,-0.609274149,0.283008099
6198,-0.318507224,-0.11232011
6199,1.54398537,-0.777081192
6200,2.55219865,-0.448163182
6201,-0.0385252982,0.635371983
6202,-0.0338240154,0.552881658
6203,-1.73599887,-1.33798027
6204,-1.7464205,-1.15840614
6205,3.14626575,-0.0346714407
6206,1.35830474,-0.295067102
6207,1.13744247,-0.150437459
6208,0.19017835,-0.270173192
6209,0.516342223,1.07326889
6210,0.107672997,1.89139307
6211,-1.4621129,0.399579912
6212,1.65102911,-1.80934823
6213,0.534246206,2.41068172
6214,-3.36427045,0.221678287
6215,2.00194979,-1.00603688
6216,-0.704872429,-0.685122728
6217,-0.0570802279,-0.122194409
6218,-1.83525336,1.35779154
6219,0.275304615,-0.287826061
6220,0.446479917,-2.45343328
6221,-0.0837201029,-0.35484308
6222,-0.0541680753,-0.795041561
6223,-0.254165232,0.577896297
6224,2.16858435,-1.53104079
6225,0.293342143,-3.26102066
6226,0.104002193,-1.558074
6227,0.614107132,0.931560457
6228,4.35925865,-1.28020453
6229,-0.572884798,1.30500174
6230,0.202532455,3.69309473
6231,-1.12213933,-2.92601609
6232,-0.387331307,0.291733563
6233,-2.29987264,-0.978599012
6234,0.674613118,1.01279652
6235,0.308544815,0.351960182
6236,0.628464878,-3.3150003
6237,-0.49763748,2.29603577
6238,0.816969097,0.42794928
6239,-0.160147145,-0.240830451
6240,0.829810202,-0.536409497
6241,0.259114951,-0.0857096836
6242,-1.39010012,-0.0480593853
6243,0.299110144,-0.788372755
6244,0.540325105,-0.296414405
6245,2.5842104,-0.487342864
6246,-1.06792676,-0.132006437
6247,-0.357369721,0.971003294
6248,3.18448877,0.964442372
6249,1.09985566,1.07565093
6250,0.331940442,0.617747843
6251,0.736460924,1.45760679
6252,-0.210489914,0.556561649
6253,-1.11430335,-0.335852504
6254,1.80509734,1.66914546
6255,0.346463501,0.484419793
6256,-0.625415325,-0.621537328
6257,-0.245790407,-1.13650858
6258,-0.172899961,3.09550261
6259,0.313616514,0.49925229
6260,-0.359553993,1.18433952
6261,0.0442205146,-0.237365782
6262,-0.0426566899,-0.872532189
6263,-0.60322988,-0.299795032
6264,0.270546526,0.182449237
6265,-0.660881341,0.845552385
6266,-1.24099088,-0.114204839
6267,-2.97119975,-0.437467426
6268,3.71781468,1.32404768
6269,-0.634100199,-0.911900818
6270,0.873858035,-0.450570136
6271,0.250979155,-0.0621557236
6272,-0.616668463,0.235299334
6273,0.0106174657,-0.814592123
6274,-0.837299705,-0.457265466
6275,2.13287187,-1.71878314
6276,-0.150123492,2.41963339
6277,-0.104952648,0.952167571
6278,-0.893451512,2.05933785
6279,1.16287982,0.677140594
6280,-0.167531431,-8.11183709e-05
6281,-0.159940958,-0.154637486
6282,-1.13801396,-2.78355455
6283,-0.908095777,-0.913949251
6284,0.368305176,0.122290611
6285,-0.442526102,0.167351618
6286,-1.26276517,0.418414801
6287,-0.768420696,0.19103682
6288,-0.0273451172,-1.54293334
6289,-2.14383221,-1.42327905
6290,1.06746066,0.0978780612
6291,-0.0499352887,1.64555132
6292,-0.912854254,-0.923321962
6293,-0.353550643,-0.565468132
6294,-1.56861687,1.46142685
6295,-0.133296654,1.70370746
6296,-0.690964222,-1.15157425
6297,-0.612258136,0.328082442
6298,-0.79636538,0.0711904913
6299,-2.05464149,0.484863311
6300,2.1783843,-0.699611187
6301,-0.534462512,-1.33715796
6302,2.03722215,-0.936065018
6303,-0.740908504,0.136485949
6304,0.0681059137,-0.156940788
6305,0.242409989,-0.318320215
6306,-0.0261215009,-1.00892568
6307,1.17589438,-1.25423789
6308,-1.41963828,0.102313928
6309,1.45488334,-0.562497556
6310,0.504765451,0.300626576
6311,-0.650139213,3.35157585
6312,-0.0898398906,0.359478891
6313,0.320573837,0.0506933853
6314,-0.523500621,-0.468385577
6315,0.993068457,-3.58488131
6316,0.0270576272,-2.00966644
6317,-1.07665789,0.124759622
6318,-1.05698895,-0.742213428
6319,1.45328939,0.862313569
6320,0.813115954,-0.25879243
6321,-1.304649,0.81426096
6322,-0.807459831,-1.22800887
6323,0.082766138,1.67309487
6324,0.766947567,1.08680677
6325,0.179295689,-0.801096559
6326,0.242247894,-0.668211997
6327,2.9144423,1.14112377
6328,-0.167920128,0.262144566
6329,-1.07777512,0.158516273
6330,-1.38605416,0.146729052
6331,-0.151336774,0.147268936
6332,0.0640819445,0.187942579
6333,-1.26893926,0.692224801
6334,-1.17299652,1.63150072
6335,0.400803536,-0.765793085
6336,-1.51478136,0.070273146
6337,1.45779526,0.320435345
6338,0.806786358,0.119701914
6339,1.05435455,-1.32899618
6340,-1.63864684,0.336083531
6341,2.7295754,-1.98348582
6342,0.523465872,0.218888134
6343,-1.72024822,0.439585686
6344,0.881300271,0.613761127
6345,-0.444725871,1.5079124
6346,-3.29798079,-1.59020603
6347,0.829879642,-0.543415844
6348,0.424465507,0.35843423
6349,-0.902438939,-0.528221309
6350,0.102396891,-0.753290296
6351,0.951151669,-0.553450644
6352,1.05240464,-1.38246322
6353,1.90449572,0.75366801
6354,-0.660744011,0.0791909322
6355,-0.196875691,-0.489757508
6356,0.269025117,-0.242309213
6357,-1.90073097,-2.00186896
6358,-0.128904983,-0.242349982
6359,-0.0629639626,-0.0585708544
6360,1.1458534,-0.193844602
6361,0.615772843,1.95052934
6362,1.40684581,1.00961852
6363,-1.18128014,2.15038371
6364,-0.051719062,1.31399465
6365,-1.78561771,0.898928821
6366,-1.31542408,1.01409924
6367,-0.0812918916,0.953569233
6368,-1.2467618,0.658502877
6369,-0.751884282,-1.1780839
6370,-0.217169702,-0.546235383
6371,1.14625621,0.811105728
6372,0.145216092,0.618201017
6373,-0.731819928,-1.39880717
6374,-0.0799799412,-0.730520487
6375,-0.894750714,1.1128031
6376,0.91075182,-1.53788912
6377,0.651082873,0.0267908871
6378,0.863440573,0.217323348
6379,-0.320966333,0.599936008
6380,1.49328518,-1.51884031
6381,-0.355246872,-0.725659788
6382,0.381723672,-3.34146237
6383,-0.557057142,1.50023961
6384,-0.538424492,-0.551496565
6385,-0.597633719,3.23651004
6386,1.87874413,2.2071805
6387,0.368687868,-1.623999
6388,-0.083624728,0.193635911
6389,2.49191833,-1.38872051
6390,-1.37614596,-1.47846437
6391,-0.669039369,-0.629938543
6392,0.233838439,-1.65599942
6393,0.30338037,-0.297406167
6394,-0.135143921,0.174359173
6395,-0.372725129,-1.11883891
6396,0.700411618,1.42439139
6397,-0.0998273343,-0.860536516
6398,0.559231877,1.21021271
6399,0.583251059,-1.15612102
6400,-2.44735456,-1.70376372
6401,-0.00563522847,-1.52096546
6402,0.998857081,1.5063386
6403,-0.183708861,0.0957479849
6404,-0.595076442,-1.44373643
6405,-0.563306212,-0.00917060766
6406,-0.341694087,-1.41163981
6407,0.800810874,-1.30741918
6408,0.902052164,-3.46610522
6409,-0.307277292,-0.097376287
6410,-1.45429122,-1.55473733
6411,-0.820627153,1.56816041
6412,0.228370711,0.392418742
6413,2.63145494,-0.0259115621
6414,-0.372537166,0.325669527
6415,-0.350629479,-0.173934266
6416,1.20247746,-0.885331988
6417,1.67094624,-2.1720562
6418,-2.20577264,2.25081992
6419,-0.999704123,2.87004423
6420,1.08615553,-2.4483397
6421,-1.35818851,-0.129273251
6422,-0.124358915,0.101484574
6423,-1.61276829,1.0381856
6424,-0.168033481,-0.410589159
6425,-0.409486353,-2.52504086
6426,1.62993014,-1.50663817
6427,-0.891561806,1.69659531
6428,1.08288455,-1.79040611
6429,4.90832472,0.368932456
6430,0.166956604,0.127080977
6431,-0.718751967,-1.70543122
6432,1.05948508,-2.39046025
6433,2.26617026,-2.54829216
6434,1.11679542,-1.39843464
6435,-3.67521262,2.98343492
6436,-0.605918109,-1.63372076
6437,1.28591633,-1.35140789
6438,0.436497211,0.267785698
6439,0.786697507,0.183345422
6440,0.147879913,0.205114841
6441,-0.672081709,-2.0836966
6442,-3.3671248,-2.22352695
6443,0.535738468,-0.261604548
6444,-0.783627987,-0.387120128
6445,0.633425772,-0.787654996
6446,0.0415305495,-2.02273798
6447,0.377138257,0.033765085
6448,0.347946346,-0.0602607802
6449,0.118562534,-1.06614542
6450,0.139573097,-1.87717068
6451,0.213841796,1.53218627
6452,-1.38464558,0.154966757
6453,-4.13172674,-0.622985482
6454,-0.913948894,0.0161779542
6455,0.0699322745,0.169308752
6456,-0.0792410821,-1.5329175
6457,-0.947465837,0.15388155
6458,1.22773433,-0.60598135
6459,2.4447546,-0.535001159
6460,-2.1049242,0.252414048
6461,-0.222095788,-0.718134344
6462,-1.14878476,1.08193541
6463,-0.215418532,0.87514317
6464,1.00000417,1.07867897
6465,1.33319402,-1.23203349
6466,-0.135719746,-0.0347315781
6467,-0.101344764,0.416541815
6468,-1.91568506,-0.332814217
6469,3.01709151,-1.96396554
6470,-0.410683155,0.359128892
6471,-0.315766305,-0.0872105882
6472,0.894718945,1.47365451
6473,-0.491819233,-1.39129138
6474,0.134620264,-1.82593215
6475,1.16142607,1.81525517
6476,1.57060981,0.0779584125
6477,1.34638274,1.54782581
6478,1.44155252,-0.0245723668
6479,-0.324555129,0.793137968
6480,-1.13842678,-1.83495998
6481,2.02515793,-0.388396621
6482,-1.27272797,-2.72534251
6483,-0.523630023,-1.88150704
6484,2.41516685,0.706497371
6485,0.98153615,-0.477393687
6486,-1.37455463,1.54928911
6487,0.316429555,-0.0956006944
6488,2.40609884,-0.201721534
6489,-2.06988859,1.41277277
6490,0.797168016,-0.94471705
6491,-2.98324943,2.61252236
6492,0.456146151,0.572585523
6493,-0.399279356,0.0333438106
6494,-0.440706283,-0.466201842
6495,-1.1501807,0.509222865
6496,-4.69205999,1.95319378
6497,-0.384492934,0.272143334
6498,0.27055648,-0.366218805
6499,1.23774135,0.00618441822
6500,1.95334709,-0.15377064
6501,0.215953112,-0.142663166
6502,-4.75354242,0.322335333
6503,0.840311229,-0.435809821
6504,2.32023931,-0.7277686
6505,0.112656176,0.410975009
6506,-1.18112206,-1.06464374
6507,0.932848036,-1.22750485
6508,-0.674591482,0.776269734
6509,-1.32567298,-0.47131148
6510,-1.09743178,-1.15896833
6511,0.0852797851,0.512679935
6512,1.01871455,0.131624699
6513,-0.375377536,0.983002007
6514,0.868473113,1.07864821
6515,1.12902105,-0.275885552
6516,-0.0742112473,-1.64172697
6517,0.291282505,0.806180656
6518,-0.0132327303,-0.598071337
6519,-0.706517696,-0.0900472403
6520,-1.34523761,-0.286013216
6521,0.0549348481,0.656672776
6522,-1.65317094,-0.120229959
6523,0.793656886,0.0178259816
6524,0.226572543,0.521667242
6525,2.23693633,0.62037015
6526,0.00258576451,2.64238477
6527,-1.55829084,2.78678536
6528,-1.15879369,-0.844904125
6529,0.507976413,-1.5987643
6530,0.15508534,0.0589762963
6531,-0.368528455,-0.217249915
6532,-0.81091547,0.736127257
6533,-0.527488589,0.407375365
6534,0.764086604,-0.596556842
6535,1.21291018,-0.498179615
6536,-0.484228522,-0.67574048
6537,0.210924938,0.542000651
6538,-1.81722343,0.121280476
6539,0.0249009356,1.26609659
6540,0.491405576,-1.36686575
6541,0.648658574,2.02869153
6542,1.40071929,-0.239640251
6543,0.45315221,-1.23703516
6544,-1.65721834,-0.0354020856
6545,2.3254571,0.791086435
6546,-1.43337035,0.792890131
6547,-0.603940487,-0.0231524818
6548,-1.15385187,-0.0528486855
6549,-0.845050693,-1.01406825
6550,1.01679122,-0.113097101
6551,0.198419347,-0.44955039
6552,-0.168989867,-2.06771541
6553,-1.83755863,1.31180954
6554,-0.402955979,0.589874685
6555,3.5977807,1.34928262
6556,-2.08167315,0.536252081
6557,-0.0321736336,0.16692017
6558,0.95432806,1.385741
6559,-0.745582402,0.287655801
6560,-1.40644014,0.264484584
6561,0.0881839842,0.169727951
6562,0.126302779,0.591615975
6563,0.00203931215,-1.19071078
6564,0.222776949,0.822459877
6565,-0.32341817,-0.796507478
6566,-1.8693558,-0.0755123049
6567,-0.270829231,-0.359730661
6568,-0.396571457,-0.63197118
6569,-0.494579643,1.33503389
6570,-0.395350635,-1.42855942
6571,1.47126114,-2.945894
6572,2.26196337,-2.54889941
6573,0.844261527,0.731723547
6574,-1.60980296,-0.439241767
6575,-1.14594436,3.07303047
6576,-1.16735208,-0.503740072
6577,-0.828053474,1.47027338
6578,-0.977065504,-1.1623534
6579,-0.180117354,1.00367475
6580,0.426170379,-0.894442201
6581,2.01921463,-0.586976886
6582,1.59608316,-0.449244916
6583,-0.218831748,0.124224886
6584,-0.425572604,0.901998639
6585,-1.93587637,-1.67523873
6586,1.11521161,1.31049275
6587,0.0419934355,-1.39878106
6588,-0.113819107,0.712925911
6589,-2.03347611,0.0854444951
6590,-1.41015148,-2.5007894
6591,-0.311404109,-1.00088573
6592,0.0502700247,-1.27136195
6593,0.916840076,0.326108485
6594,0.921256483,0.314373463
6595,-0.30865702,-1.57796204
6596,1.00441754,-1.19487095
6597,0.0793574825,1.74808359
6598,-0.250005633,-0.308381766
6599,-1.38828444,-1.21144187
6600,0.0629864857,0.13378711
6601,0.833416462,0.0189508684
6602,-1.34938586,-0.0706763789
6603,-0.0805547833,-0.0940392464
6604,0.125587672,1.93267739
6605,-0.940391541,1.44391549
6606,1.30331814,0.332068145
6607,0.20463936,0.331483275
6608,0.0570019856,-0.352932036
6609,0.873555422,0.90602231
6610,0.550584853,0.0176117029
6611,-0.442216992,-0.0566462278
6612,0.0470762067,-0.508262217
6613,0.694724321,0.400231391
6614,1.16053843,-1.41066527
6615,-0.681187391,-0.841628969
6616,0.470886946,-0.274399698
6617,0.25297758,1.69732583
6618,0.48383975,-1.16681445
6619,-1.13095355,-0.895597816
6620,-0.516042471,0.376693398
6621,-0.0595767647,2.98556137
6622,2.09589243,-0.750122666
6623,2.28540397,3.0459094
6624,0.356518626,0.696450353
6625,0.691406012,-0.845329285
6626,-0.536677301,-1.12697315
6627,0.104369707,-2.82058096
6628,3.00917506,-2.14542508
6629,-0.546925962,-1.05718625
6630,-0.163716018,-0.0821939558
6631,0.469063252,0.44807899
6632,-0.0323649086,-0.354584664
6633,0.11346595,-2.90131974
6634,-0.559425414,0.0390949063
6635,2.56153822,1.00283408
6636,1.38439298,0.620461464
6637,0.240093291,0.0671880245
6638,-0.899919927,-0.0382961705
6639,0.7951985,-0.731438816
6640,1.11507964,0.909217954
6641,0.948651254,0.713879883
6642,1.24905741,-0.234565616
6643,0.295387566,-0.0334229656
6644,1.38414514,0.323102772
6645,-0.53337276,-0.728362679
6646,-2.27156806,-0.163911745
6647,0.983034611,2.9271276
6648,-0.564736247,-1.46215236
6649,-0.300045162,0.688278854
6650,1.25916648,1.23454249
6651,0.362540007,-1.43835819
6652,0.374133587,0.841441631
6653,0.820884645,-0.497145832
6654,0.341183424,-0.60054487
6655,3.58836555,0.741807461
6656,-0.590234876,-0.744119883
6657,0.513939202,0.367617399
6658,-0.0740138069,-0.40569967
6659,-0.597878456,1.79868615
6660,-0.385467112,-1.05094826
6661,0.45844841,-0.78549093
6662,-0.100739226,0.344899029
6663,-0.443463624,0.698701799
6664,-0.101509765,1.6314106
6665,-0.14794752,-0.345407516
6666,-0.794182897,0.468600005
6667,2.43445683,-1.91306484
6668,0.596083403,-0.0607332326
6669,-0.206499696,0.0742318407
6670,0.404057413,-0.31645593
6671,0.332293928,-0.169980973
6672,0.322723597,0.0280972961
6673,-0.470073223,2.84118843
6674,0.0137841357,-1.96075189
6675,-0.389458865,1.34525776
6676,0.354152262,-0.330286711
6677,-1.56460297,-0.552926958
6678,2.33415461,0.0982422903
6679,0.755734861,-0.155465186
6680,-0.028524559,0.229120329
6681,0.250686467,-0.210045591
6682,1.65322196,-2.96883225
6683,-1.35378766,-1.23697674
6684,-0.736289203,1.71107876
6685,-0.597243249,0.562516868
6686,-2.45004773,-1.16006398
6687,0.970949709,-0.256614685
6688,-0.402371883,-0.4670389
6689,0.782089829,1.02624059
6690,1.62976825,-0.238355711
6691,0.3533732,0.458443642
6692,0.0797670931,0.947088122
6693,0.284408361,-0.131679043
6694,0.121597849,0.219195247
6695,-0.805682778,1.83678484
6696,1.24280715,-1.59621847
6697,-0.229950726,2.97490215
6698,1.00334358,-0.0266439933
6699,1.13388968,-0.895120323
6700,0.395805836,-1.48345482
6701,-0.424143225,1.31790864
6702,1.992239,-1.5782218
6703,0.428045243,0.442514658
6704,-1.37664497,-0.771754324
6705,-0.0653624684,-0.575865805
6706,1.96574974,-0.109835587
6707,-0.0661739632,-0.746126294
6708,-1.29450035,-0.359244078
6709,-0.978881717,-0.0495124049
6710,0.464856714,-0.887961149
6711,-0.123230711,-1.23270082
6712,-0.00540864328,1.19555259
6713,-1.05468357,-1.32947958
6714,0.550688922,0.264406651
6715,0.186940745,-1.07811117
6716,0.361311466,0.175132677
6717,0.252775341,1.40137517
6718,-0.56256789,-0.162479579
6719,-0.39751628,0.649152458
6720,-0.126416579,0.0844087601
6721,0.671003044,1.48755431
6722,-3.21722078,2.30540061
6723,-0.640408993,0.632032096
6724,0.0923170373,-0.168863326
6725,-0.82339251,-1.2275337
6726,-1.10925138,-1.15491462
6727,0.0340248011,0.233341157
6728,3.84864664,1.79912961
6729,-1.5379616,-0.0276446976
6730,0.230285078,-0.179682389
6731,-1.98892951,-0.368916661
6732,0.944350839,0.851094544
6733,1.39986873,-0.124031961
6734,-0.860915899,0.30262813
6735,0.358092219,-0.567672014
6736,0.0891705975,1.85011292
6737,0.333828241,0.96074003
6738,1.67303729,1.75044751
6739,1.40220344,-1.3419385
6740,0.181337714,0.401826024
6741,0.55369401,1.46950316
6742,-0.172365353,-0.560291827
6743,0.121047661,1.26807034
6744,1.79027343,0.68785882
6745,0.275359422,-1.82345545
6746,1.7604785,1.23656142
6747,-1.39094925,0.0392651483
6748,-0.0608879663,0.498237848
6749,-0.374539882,-1.06262195
6750,-0.138372689,-0.146682367
6751,0.174584642,-0.289287418
6752,-1.21807766,-0.342438042
6753,0.231074274,-0.35398832
6754,-0.0979065672,0.130784824
6755,-0.723293483,1.23214805
6756,-0.722601235,-1.33112741
6757,-1.59130943,-2.22504187
6758,0.199276462,-0.77460587
6759,-2.85995126,-1.81392765
6760,-0.0256902464,-0.302142322
6761,0.555685461,0.384681135
6762,0.0243488289,0.21927321
6763,-0.506346941,-0.0210773274
6764,1.10437572,-0.268401831
6765,-0.0984422565,-1.04935849
6766,0.20648542,-0.937842131
6767,-2.0626955,-1.05138803
6768,1.87890816,1.91541839
6769,-2.87550926,0.544550955
6770,-1.49025857,0.591537833
6771,1.13395393,-2.34181881
6772,-0.862759411,-0.125953764
6773,0.257064164,0.699697256
6774,1.84543526,0.82961148
6775,-4.90332317,-2.18466687
6776,0.714146495,0.287937164
6777,1.23839533,0.261209726
6778,-0.279474318,-1.30258882
6779,-2.40421414,0.201572955
6780,0.902056396,-0.497020632
6781,-1.63229764,0.144535571
6782,-1.81201029,0.499425918
6783,0.385761201,-0.194509953
6784,0.981659651,-1.30634892
6785,-0.134821698,1.66549957
6786,0.475716501,0.32099697
6787,0.173254907,-1.41629934
6788,0.903449893,-1.74962759
6789,0.642761886,0.430787861
6790,0.515002131,0.647195995
6791,0.0560968779,-0.174392968
6792,0.592494547,-0.0782199278
6793,1.37807107,-0.746445358
6794,0.158765152,-0.0722526088
6795,0.373804718,2.85261154
6796,2.21593785,1.04945111
6797,-0.281244546,-0.889539659
6798,-0.435053229,-1.79552162
6799,-1.75178742,0.662172437
6800,-1.0215224,-0.43567127
6801,0.419424862,0.641638994
6802,-1.69839585,-0.746979296
6803,0.248344108,-0.184641197
6804,-1.46641445,-0.772450209
6805,0.154595092,0.136701763
6806,-2.81187344,0.754776955
6807,-0.000522148388,1.0807848
6808,-0.622984767,-1.20897663
6809,0.245707318,-0.101039425
6810,-0.600730121,-0.562288821
6811,1.24250436,0.365686208
6812,0.347862244,-0.431906968
6813,0.543985784,0.516093493
6814,-1.47134709,1.12246633
6815,-0.902150571,-0.473937035
6816,-0.971394956,-0.904969633
6817,0.145443738,-0.106829591
6818,0.625570118,0.522082806
6819,2.84995294,1.12898052
6820,1.2126708,-0.336436719
6821,0.106940664,0.0885670036
6822,-0.601446569,-0.968878865
6823,1.50225723,-0.767734706
6824,-0.514506042,-1.70823991
6825,0.143432379,-0.219182432
6826,-0.419499427,-0.308205128
6827,-2.39509058,0.634460509
6828,-0.301032513,0.5965451
6829,1.00964355,-0.204219893
6830,0.274748474,-0.438969284
6831,3.92777658,-3.85661006
6832,0.0778494403,-3.64944029
6833,-0.58141607,1.49257815
6834,-0.902941167,0.531357229
6835,-0.835911095,0.00159856363
6836,0.679186881,2.25241733
6837,-0.447533309,0.456681311
6838,-0.248670161,1.3958683
6839,0.909551263,0.0562294982
6840,0.243521735,0.548999906
6841,0.546563864,2.63374996
6842,-0.82071656,-1.89569688
6843,0.955631793,0.51045543
6844,-0.697083652,-1.20234144
6845,-0.282401592,0.10697414
6846,-0.325306594,0.104712203
6847,-1.83268249,-1.13806236
6848,1.11195898,0.387688071
6849,0.194418877,-0.403106868
6850,0.940039039,-1.59379959
6851,-0.0573518537,-0.130069435
6852,2.23882842,0.104230836
6853,-0.932361126,2.58218336
6854,0.373370081,-0.80263114
6855,0.100365683,-0.567440391
6856,-0.356413692,-0.459299743
6857,0.0376827978,-1.07478654
6858,3.72777867,-1.73172677
6859,0.936974525,1.34368789
6860,-0.424213469,0.891609848
6861,-0.700878918,1.35469007
6862,-2.6741116,-0.540703356
6863,0.312862366,1.25451124
6864,0.664798439,0.543625474
6865,0.130288556,-0.78307569
6866,0.259570271,-1.47014594
6867,0.610125899,1.05047059
6868,-0.423633575,-0.199154243
6869,1.68588567,0.766649961
6870,-0.417454094,1.30264175
6871,0.28274563,1.30449498
6872,-1.01513088,-0.558617413
6873,-0.755666494,-0.344673276
6874,1.06565726,-0.267521888
6875,-0.422491193,0.43114996
6876,0.769177735,0.792396784
6877,0.638032675,-1.97105122
6878,-0.581635475,0.857077897
6879,-0.0880486891,1.90059161
6880,1.84677625,-0.35341239
6881,0.400388598,-2.02913713
6882,-1.19007146,-1.90485024
6883,1.2609297,0.691206098
6884,-0.0770429671,-0.153171822
6885,-1.41314518,1.02618599
6886,-2.25591326,-1.29486263
6887,0.219955206,-2.06461525
6888,-2.120013,1.62456143
6889,-0.0914786309,-0.190269455
6890,-0.675762057,-0.281825662
6891,0.290691197,-1.84745884
6892,-0.726842523,0.234126166
6893,2.85285449,2.69492102
6894,0.881646693,-0.158562943
6895,-0.881515384,-0.341990888
6896,0.498797715,0.804545999
6897,-0.0465584286,1.03922498
6898,0.0914411843,0.136810556
6899,0.355328143,-0.589425623
6900,0.719341636,-1.07242513
6901,-0.0600543134,0.540423393
6902,1.09604907,-1.14338291
6903,1.08347213,-1.01869297
6904,-0.0262671988,0.914877415
6905,1.21079838,-1.27029276
6906,-1.32027876,0.580421865
6907,-0.885035276,1.01402009
6908,-0.392861128,2.82836747
6909,-0.0325760581,1.75878143
6910,-0.825459719,0.430630088
6911,0.828053296,1.34818542
6912,-1.19660175,2.68584633
6913,-0.243240103,-1.75708258
6914,0.788349211,0.93215847
6915,-0.593350291,1.335742
6916,-0.780637443,0.546439707
6917,0.361212373,0.401629239
6918,-0.610153496,-0.371274233
6919,1.05150819,1.08436811
6920,0.333713263,-0.484855741
6921,0.135824695,-0.938960552
6922,-0.348578811,-0.0196581334
6923,-0.0422948301,0.246886164
6924,-1.67338693,-1.72303319
6925,-0.0255708545,-0.177636549
6926,0.516260445,-0.36741969
6927,-2.03540659,1.12716615
6928,0.94849509,0.604192674
6929,0.825196087,2.37860441
6930,-0.433268636,-1.81426084
6931,0.314623266,0.292705089
6932,0.365358502,0.0849585533
6933,-0.332150996,0.035054177
6934,0.110809952,1.21106482
6935,0.855488896,0.861976326
6936,0.947904348,-0.681440473
6937,-0.237608463,-2.08867979
6938,-0.425901294,1.322528
6939,1.54826438,-0.000235432293
6940,0.101039834,2.02265334
6941,-0.365374297,-0.207985789
6942,2.39349627,2.83616138
6943,-2.83534241,-2.32258558
6944,-0.978307545,-0.682805598
6945,2.20853543,2.1301887
6946,-0.825985789,1.51764297
6947,-1.86674356,-0.379166961
6948,0.223907232,-0.849389076
6949,0.466598302,-0.223718971
6950,-0.209029108,-1.26733375
6951,0.063775681,3.42627311
6952,0.756877124,0.634430468
6953,2.60063648,-0.722341418
6954,1.38520336,1.47511649
6955,0.344965369,-0.308373064
6956,0.824313819,-0.861907721
6957,2.2713418,1.03189468
6958,-0.15425913,0.0849855766
6959,1.89336431,-0.604519129
6960,0.754122734,0.585493088
6961,1.04029477,-0.200682223
6962,-1.00029564,0.00717639923
6963,-0.68736577,-1.65635788
6964,0.3078731,-0.100864515
6965,0.12254516,-0.967367828
6966,-0.549866676,0.570808768
6967,2.37302947,1.67106748
6968,-1.12102616,0.373144776
6969,1.22107971,-0.396315604
6970,0.350381315,-1.44334972
6971,0.437884927,0.276332378
6972,0.241036952,-1.6314255
6973,0.177602708,-0.207659677
6974,1.27352273,-0.831589758
6975,0.0181374308,0.837067008
6976,0.409057379,-0.509465218
6977,-0.0306645762,-0.670968235
6978,-1.34021091,0.103757821
6979,-0.0794074982,0.153941825
6980,2.22041225,0.546836317
6981,1.3722409,0.854434133
6982,0.149451673,0.102641799
6983,-2.9117682,0.916202247
6984,2.60614061,-0.033550404
6985,0.00143036642,-0.123990595
6986,0.707701623,1.57646012
6987,1.19737971,-0.412820429
6988,-0.519326448,-0.202642068
6989,1.12045288,-0.193664506
6990,0.938239515,0.402468741
6991,-1.14406526,-0.418212086
6992,0.777986288,-0.154525846
6993,-0.295992345,0.0760233179
6994,0.0439200215,0.920261919
6995,0.808639288,0.39793694
6996,0.100575715,-0.29510811
6997,0.790024579,0.678911805
6998,0.198269486,1.17077017
6999,-0.774878681,-0.835344255
7000,0.0521453246,-0.489476115
7001,-1.17826867,1.89019418
7002,-3.50953341,0.208003536
7003,-0.206208274,-0.492914945
7004,-0.0332794338,0.355573177
7005,-1.06672502,1.04200172
7006,-1.52093458,0.841753423
7007,-1.50498486,-0.824978352
7008,-0.311999738,-1.30618203
7009,0.96004492,1.44387305
7010,0.883283913,0.55541116
7011,0.0315812007,-0.221769482
7012,1.81424224,1.72114801
7013,0.12881811,0.561388314
7014,-0.512783051,-0.871744871
7015,-0.350964487,0.721205354
7016,-2.09937358,-0.308415949
7017,-0.510334015,1.67397237
7018,0.868255734,-0.031442102
7019,-0.669030011,0.989808321
7020,-0.220144391,-0.931228697
7021,-0.616127431,-0.678367853
7022,-0.82272774,-1.05520082
7023,-0.905145824,-0.434079021
7024,1.01288903,-3.5165441
7025,-2.81035066,0.501227796
7026,1.06190372,-0.29062283
7027,-1.74251783,-0.857927263
7028,3.75648618,-1.73340809
7029,0.199704468,0.130734012
7030,-2.5310576,-1.63452065
7031,0.559530079,-0.278624237
7032,0.0137112178,0.161505654
7033,0.650712192,0.549033046
7034,-0.553655267,0.85177362
7035,0.792308092,-1.02400804
7036,0.104889326,-1.75590158
7037,-1.2130903,0.954015434
7038,-2.04523778,0.413240343
7039,-0.3948856,0.627752125
7040,0.511369288,1.12175083
7041,0.104360297,1.12028062
7042,0.427870929,0.795587301
7043,0.397568613,-0.569429636
7044,1.54180288,0.557810605
7045,-0.79425776,-0.889367402
7046,0.682173491,0.229450375
7047,0.0905706361,0.918567538
7048,0.514119804,-0.443024158
7049,0.371580958,-0.533170223
7050,1.55424249,-0.816767812
7051,0.269298583,-0.907743335
7052,2.60863662,-2.64553857
7053,-0.811838686,3.4685123
7054,0.063128002,-0.197152033
7055,-0.154667646,-0.270385176
7056,1.21986163,0.518728793
7057,1.32501161,2.36747456
7058,1.20813811,0.14949882
7059,2.46004224,-0.618428528
7060,0.123932905,0.462701172
7061,-0.562179565,0.222900137
7062,0.661747813,0.48409304
7063,1.73307812,4.1084857
7064,1.35236502,-0.148613244
7065,0.19854933,0.175556988
7066,0.142337978,-0.166424319
7067,0.572203338,1.29940057
7068,-0.373045444,-0.166424736
7069,-1.25010395,-0.140463889
7070,-2.17707801,-0.292175472
7071,-1.10317028,-0.956282079
7072,-1.18563366,-1.59418786
7073,-0.186231866,0.0956468508
7074,-2.43465209,-0.99502182
7075,1.89278138,-0.192727908
7076,-0.475705504,0.271590859
7077,0.985158801,-1.61158144
7078,-0.898997009,0.68077004
7079,-0.936186314,4.07478857
7080,0.710951746,-0.0621946417
7081,1.27554011,-0.754056215
7082,-0.909209192,-1.81917799
7083,-0.428315729,0.0273100697
7084,-1.75927281,-1.92386413
7085,-1.96006,-0.105880186
7086,-0.674475789,-0.037270654
7087,-0.552572608,-2.14492249
7088,-0.436769247,-0.103752412
7089,-0.257167757,0.180516899
7090,-1.51223195,-1.24030471
7091,1.46961927,-0.891140163
7092,2.24291468,0.316735893
7093,0.148475379,1.75223887
7094,2.08437872,-1.0455097
7095,-0.312594444,0.104986697
7096,0.360666364,-0.866229117
7097,-0.362717986,1.6341325
7098,-0.814285219,0.120584704
7099,-0.183607981,0.166138485
7100,-0.127646238,0.867647827
7101,-0.650777996,0.535884976
7102,-0.643435895,0.692564189
7103,-1.61463475,-2.4838984
7104,0.385562301,-0.969329059
7105,-0.592448831,-0.332277834
7106,-1.03713644,-1.73391867
7107,-1.46257854,-1.81968808
7108,-0.584723473,-1.68014991
7109,-0.100465752,0.343535841
7110,-0.776486635,0.733199239
7111,0.282152265,0.498245448
7112,0.115633123,-0.898302138
7113,1.22466338,0.943027794
7114,-2.02931881,-0.471505374
7115,0.529108047,2.07489467
7116,0.180599809,-0.0179916415
7117,0.671071887,-1.65117323
7118,-0.339452922,0.757492304
7119,-0.107357979,-0.367715687
7120,-0.244452298,-0.0015216514
7121,-0.456643522,0.723408818
7122,0.410756588,1.3620137
7123,0.189961389,-1.13559663
7124,-2.71499562,-1.23110783
7125,0.609857321,-1.32023442
7126,-0.250507772,0.0125294747
7127,1.10858524,0.825671554
7128,0.746681929,0.620520771
7129,1.36734688,-0.126679987
7130,-0.969103873,2.48865652
7131,0.576960742,0.0251589529
7132,3.12736011,0.165305063
7133,-0.544895649,1.00676918
7134,-1.23322463,-0.095228143
7135,-0.619612932,-0.0290549695
7136,-0.0841418654,-0.186575204
7137,-2.54635,0.451669604
7138,3.26031184,3.09548688
7139,0.482136637,0.403607279
7140,-0.911587894,0.152410045
7141,-1.45438409,0.541668296
7142,1.17670751,-1.84361887
7143,0.69661361,-0.916822672
7144,-2.09522653,1.32735014
7145,0.740355313,1.15109909
7146,-0.787968516,-0.768014073
7147,1.05908048,-0.800171316
7148,0.0507198088,-0.211957946
7149,1.30430734,-0.904366374
7150,0.726167619,1.47910023
7151,0.842555642,0.433015585
7152,0.923543811,1.78495312
7153,0.190172806,0.392802328
7154,0.236465394,0.076775074
7155,-1.28709352,1.6374681
7156,0.88767314,0.267754853
7157,-0.686865091,4.59948158
7158,1.88050795,1.22561252
7159,-2.05166221,0.0413674042
7160,4.54788589,3.13765883
7161,-1.17379379,-1.002918
7162,0.480529994,-0.768445075
7163,-0.608141482,0.23237887
7164,-0.281707764,0.775684834
7165,-1.12463081,-0.346325785
7166,-0.00725552812,0.166314408
7167,-0.349280119,-0.255505532
7168,-0.782021105,-0.103888012
7169,0.212970927,2.08726478
7170,-0.0671001002,-0.292380959
7171,-1.14450216,-1.70495212
7172,0.126551792,-1.16847348
7173,-0.297465235,-0.117197275
7174,-1.67317545,0.901517272
7175,1.13852549,0.920280933
7176,-0.96641618,-0.494330913
7177,0.190358773,-0.598508
7178,-1.73617113,0.0823577493
7179,-0.0861330256,-0.386245549
7180,1.33267307,0.712167799
7181,-0.413447827,-0.523290217
7182,3.130615,0.632259071
7183,-0.336824417,-0.273925364
7184,-0.420558482,0.00166788744
7185,0.21739243,-0.554903626
7186,-1.70870352,2.13163805
7187,-1.55368066,-1.5076648
7188,-0.182954296,-0.0150162196
7189,-0.98471421,0.395090401
7190,-0.566582501,1.14731514
7191,-0.302176982,0.359513998
7192,-0.078433767,-0.759141743
7193,-0.0423248932,0.177072316
7194,-0.375549734,0.338911176
7195,0.968474627,1.07668507
7196,0.846836209,-1.65046108
7197,0.41129455,0.261166781
7198,-1.52795684,-0.472957343
7199,0.0967857093,-0.27357778
7200,-0.0698435754,0.165922984
7201,-0.334660441,-1.45186436
7202,-1.00663805,1.11494482
7203,-0.123909093,-0.0377996266
7204,-0.260487527,0.0289045479
7205,-1.51903892,0.31271711
7206,0.863281369,0.121395074
7207,2.34661007,1.43549418
7208,1.65457988,0.639934242
7209,0.379730612,0.704047084
7210,0.00497372635,-0.190964639
7211,0.397845536,1.25156689
7212,0.483133465,0.591793299
7213,1.28482258,0.125244543
7214,-0.511925757,2.28357625
7215,3.20464897,1.74739611
7216,-0.109814748,-1.25554144
7217,1.16079581,-0.342397332
7218,-2.90054417,0.279995412
7219,0.169305682,0.131764576
7220,0.674945533,0.539550722
7221,0.623366594,-0.345124364
7222,3.54060173,-0.863058865
7223,-0.639392495,-0.885152459
7224,-0.725214124,0.152544856
7225,-1.35178483,1.10769939
7226,-1.28493989,0.573278606
7227,0.703575969,0.718909383
7228,-1.00577021,-0.959928274
7229,0.193569586,0.44102335
7230,-0.578447521,0.585160971
7231,-0.328295976,-0.252528369
7232,-1.70804358,0.520272791
7233,1.06939113,1.96524417
7234,0.702923,0.146450981
7235,0.15627104,-1.57198918
7236,-0.173607767,0.0134403687
7237,0.521046579,-0.154308274
7238,0.739639044,2.01141572
7239,-0.178808331,0.202459633
7240,-0.0801366344,2.20990992
7241,1.08841026,-2.27848792
7242,1.88214254,0.0995049402
7243,-1.25652838,1.02417004
7244,-1.29365647,1.30751085
7245,-0.0104732206,-0.233098716
7246,-2.12911797,1.54882431
7247,0.94419688,-0.269442081
7248,0.324472666,0.104574345
7249,-0.894178689,0.329870701
7250,-0.0143113313,0.47199446
7251,0.635514319,-2.33739424
7252,1.49908042,-1.13782287
7253,0.234834805,-1.67819118
7254,2.20530963,-2.52367187
7255,-0.162684843,-0.34338665
7256,-2.03557897,2.3248136
7257,-1.29196501,0.483956188
7258,-0.194400996,-0.070398815
7259,-0.476085484,0.306533337
7260,-0.0468315855,0.609886289
7261,-1.02561033,-0.236904874
7262,-1.39710581,-1.18517423
7263,2.95022655,-0.673247695
7264,0.315987498,-0.164049089
7265,0.30422309,0.364900917
7266,1.34280121,-1.47950447
7267,1.28503156,-1.89093614
7268,0.53727746,0.0662029088
7269,-0.0940399915,-1.69263279
7270,1.21399713,2.43675184
7271,0.327875346,-2.53087878
7272,0.164150462,-2.2803762
7273,0.159979507,0.507728636
7274,-1.06062627,-0.51547879
7275,0.706011474,-0.686940312
7276,-0.354738832,0.314938575
7277,-0.317304879,-0.812397301
7278,0.613712609,-0.861203969
7279,0.0720894486,-0.941782594
7280,-0.981916249,-0.0663200468
7281,-0.614151061,-0.734678566
7282,-0.755301476,0.0889047533
7283,-1.92151833,0.533996403
7284,0.565816939,0.847381294
7285,-0.0428900458,1.45971203
7286,-0.493700624,0.411337644
7287,0.913747728,-0.401537687
7288,1.23660135,-1.7904557
7289,-0.527054191,-0.184391379
7290,0.281883985,-3.39954829
7291,-1.84473574,1.07642794
7292,-1.71099091,0.49781242
7293,-0.398204207,-0.672666848
7294,0.925433815,1.2922684
7295,-0.831969976,-2.01562452
7296,-0.883442402,-1.70049977
7297,-0.208561674,-0.562797964
7298,0.190985352,-0.0259445738
7299,0.552531123,0.865426719
7300,-0.5781793,1.20976436
7301,-0.697337747,-1.31607556
7302,0.293613225,0.719869018
7303,0.207068488,-0.508802712
7304,1.09970343,1.25942421
7305,0.210252523,0.773809493
7306,-0.0895369425,0.225017801
7307,-4.5187459,-2.32570004
7308,1.17479324,3.1966908
7309,0.686453581,-1.05861652
7310,-0.115128636,0.496921599
7311,-1.92324555,-0.446970999
7312,-1.79368711,0.845574021
7313,-0.016891608,1.35078657
7314,-1.10120344,-0.474161059
7315,-1.45618832,1.40922773
7316,-1.57025802,0.962137163
7317,-0.678854108,-0.0705686584
7318,0.466536373,-1.00252473
7319,0.660027862,-0.649378598
7320,1.24523139,0.467151672
7321,0.223829821,0.389523387
7322,0.331121415,0.504033566
7323,-0.530866206,-2.10215497
7324,-0.355823755,1.00265324
7325,-1.55455136,-1.33509219
7326,0.517926455,0.038039051
7327,1.76063287,2.94224501
7328,0.568209231,-0.634533823
7329,1.1721853,-1.25949013
7330,0.0490784422,-0.493871927
7331,2.94715476,-0.573597312
7332,1.275846,2.79062152
7333,0.385006398,-0.782771289
7334,0.604064584,1.31450582
7335,1.20182407,-0.152307421
7336,-1.92164862,-0.495312601
7337,0.416136473,1.96725881
7338,-1.65313077,-0.341067225
7339,1.31509948,-0.412563056
7340,-0.393504918,-1.90967655
7341,-0.626830697,-0.581289411
7342,2.32234955,-1.0919888
7343,-1.42634392,0.730735242
7344,-1.39372563,-0.789835215
7345,-0.169204652,-1.48997843
7346,0.575000942,0.358656377
7347,-0.78887254,-0.249811575
7348,0.557091355,-0.569826305
7349,0.844997823,2.82218695
7350,0.0776319727,0.137941271
7351,-1.6442759,2.62355375
7352,0.513839245,1.55379593
7353,-0.224918529,-0.145792767
7354,-0.338156253,3.24992847
7355,0.492112696,-0.259444743
7356,-0.0471900515,-0.851869285
7357,-1.54522884,0.821099102
7358,0.0741668046,-0.138884947
7359,0.26903677,0.681170344
7360,-0.545972705,-1.58338714
7361,-1.99966097,-0.120780081
7362,-0.124750569,-1.12824976
7363,0.035176903,-0.0519860536
7364,0.204163522,-0.307794094
7365,1.94587815,1.08667755
7366,1.64726198,1.90472591
7367,0.074591808,-0.336531997
7368,0.102336735,-0.438548476
7369,0.722915471,1.18129086
7370,1.05732715,0.608283699
7371,0.13515991,1.40831292
7372,-0.217300281,-0.665909469
7373,0.469432592,0.628195167
7374,-3.12340522,0.764256239
7375,-0.00469498057,0.360535979
7376,-0.379727155,-1.12669921
7377,0.540352225,-0.052229397
7378,-0.546904147,-0.548897862
7379,-0.323462963,-1.38812542
7380,-1.32721329,-1.00695372
7381,0.403745234,-0.222105414
7382,-1.36144447,-1.17302573
7383,0.693905234,-0.684600413
7384,-0.603549063,-0.346609026
7385,-0.179986,0.128293276
7386,0.314091474,0.174663186
7387,-1.07215679,-3.57643461
7388,1.48867643,-2.14093232
7389,0.528803408,-0.61797899
7390,-0.166313231,-0.805904448
7391,0.155361563,-0.549930453
7392,-2.64486265,2.7527566
7393,-2.50143647,-0.982149959
7394,0.75088501,0.857892096
7395,-1.609815,-0.88764894
7396,-0.270178139,0.120502084
7397,0.145709172,-0.135002896
7398,-0.577412426,1.72816193
7399,-0.988587737,1.08086598
7400,2.7740922,-0.0339916795
7401,-0.541329682,-0.751524568
7402,0.0420223586,-0.3104074
7403,0.00457909191,-0.162932247
7404,0.405026287,-0.0665966123
7405,0.275942445,0.621545196
7406,-0.306669861,0.108521186
7407,0.807146311,-0.454033732
7408,-0.352055341,-0.0031675871
7409,0.765864313,0.267292291
7410,1.42905819,0.776327908
7411,-1.21803868,-0.898835182
7412,-0.788495123,-3.47022414
7413,0.366450042,-0.127432346
7414,-0.262931466,-1.65984142
7415,0.968254387,0.290536433
7416,0.0227460638,1.2356391
7417,1.11391675,0.0767808929
7418,0.22130619,0.589019537
7419,0.545743465,0.999262214
7420,0.595708311,0.5160864
7421,1.13263798,-2.5222497
7422,-1.13145721,1.77171636
7423,0.247964144,-1.03842044
7424,0.317026347,-0.165076733
7425,0.671596229,-0.280604631
7426,-1.15027034,0.201958954
7427,-0.648631632,0.318343788
7428,-0.210254639,-0.52782172
7429,1.79932189,0.294907242
7430,1.24740112,-1.07656717
7431,1.22982955,-2.03062868
7432,-0.00547413388,0.615352452
7433,-1.81691206,-1.66958439
7434,-1.4333955,1.51216292
7435,-0.171382204,0.0833932534
7436,1.03375566,2.15001011
7437,-0.899430156,1.113837
7438,-0.0800951719,-0.936533749
7439,1.46646333,1.34140289
7440,-0.041820921,-0.553417325
7441,-0.572165847,0.952744663
7442,-0.42075187,-0.171613634
7443,0.0973101407,-1.40850747
7444,-1.49146843,-1.01003802
7445,-0.831724048,0.16862464
7446,1.19637311,-0.329126656
7447,-0.208599031,0.164159119
7448,-0.53585428,-1.56341362
7449,1.83741486,0.360916466
7450,-1.72213995,0.01712217
7451,-0.383152217,0.113987334
7452,0.953858554,1.58377481
7453,-0.84101665,-1.93136108
7454,0.341856986,-0.556278527
7455,-1.97324228,-2.39281011
7456,1.56962073,-0.152665809
7457,0.893511057,-1.0313096
7458,-1.11833441,-0.86614722
7459,-2.638484,-2.94457769
7460,-0.0980233178,0.805247903
7461,0.855138779,-0.647302151
7462,-0.400073051,-0.326902449
7463,0.526289403,-1.46258974
7464,2.3726387,-0.379378349
7465,0.190769345,0.040381033
7466,-0.124434732,-0.139648825
7467,-0.445462227,1.11530471
7468,1.31059515,-0.194311842
7469,-0.614661098,-0.583383441
7470,1.53855431,-0.22398752
7471,-0.200133249,2.98743272
7472,-2.20410204,0.0535349436
7473,0.670061648,0.251745164
7474,-2.09922409,0.00533103198
7475,0.0688036531,-0.19548142
7476,0.0836908296,-0.4938896
7477,-1.7104882,1.02763712
7478,0.251469344,-0.189176857
7479,-0.125851989,-0.417543113
7480,-0.786877573,0.1513253
7481,1.08733284,-2.0305984
7482,-1.91046286,0.458169997
7483,-0.710956991,-1.53941131
7484,-0.574661553,-0.528136253
7485,0.444516838,0.0989006087
7486,-0.173581287,-0.0948676243
7487,-0.626844466,0.828628302
7488,1.06452882,1.81118643
7489,3.06338024,1.26298201
7490,1.46698678,0.0853831172
7491,0.36354813,-0.41787824
7492,0.598235726,0.534634411
7493,-1.37495649,-1.32164943
7494,0.29074046,-0.240911007
7495,-1.1707443,0.431780159
7496,0.863180518,-1.00784719
7497,0.0333223529,-0.685219109
7498,0.973830283,1.54593182
7499,-0.630448401,-1.09170592
7500,1.06284201,-2.22624636
7501,-0.868244052,0.436858803
7502,0.299423248,1.62434602
7503,2.67711854,2.01405478
7504,-0.336725384,-0.619636774
7505,-1.039572,2.25545192
7506,-0.88461417,0.871495247
7507,-0.74934572,-0.0959847942
7508,0.408368587,1.8911413
7509,-0.0976109579,0.433022618
7510,0.668058276,-0.14194496
7511,-0.203474283,0.603133202
7512,-0.0386507548,-1.03650951
7513,0.64591819,1.61572909
7514,-1.09408891,0.193108574
7515,2.68117881,-1.78731179
7516,-2.28810501,-1.87237775
7517,1.60187554,-1.37231922
7518,0.381158382,-0.917356193
7519,0.166372344,-1.3463521
7520,-1.58410013,1.1206373
7521,-0.0851077363,0.196461633
7522,-0.0449933,0.16357705
7523,-3.57802939,-0.403133571
7524,0.0965733454,1.54468071
7525,-0.0470833927,0.848953307
7526,-0.000479406997,0.240860447
7527,-0.668847919,-0.883590043
7528,-1.12740469,-0.713993907
7529,0.184177443,-1.15994465
7530,0.139087811,0.449313164
7531,0.0329385586,0.670095503
7532,-1.86987484,0.914687693
7533,0.172820583,1.45835292
7534,0.965714812,0.507760823
7535,-0.585005939,-0.340324521
7536,0.749418259,0.560972691
7537,0.377682418,-0.53497535
7538,-1.15245175,0.0958535671
7539,-0.0885214806,-1.28023469
7540,0.445961118,-0.333868593
7541,-0.208128735,0.380114585
7542,0.368252784,-0.0371968038
7543,-0.666630268,2.55205536
7544,-1.93512189,-1.04346919
7545,2.8237114,0.864562213
7546,0.678661525,-4.50740337
7547,-1.64093912,-0.306759298
7548,-0.947043836,0.897414207
7549,-0.690951765,-0.180267215
7550,0.883606195,-0.424791723
7551,1.5065614,1.70316494
7552,-0.0369138457,-1.44862247
7553,-1.08370328,-1.00892079
7554,0.261110872,-0.953926682
7555,1.23575139,1.05138242
7556,-1.60229206,1.80106485
7557,0.568128586,-2.43102098
7558,-2.8041544,-0.550431192
7559,-0.127956554,-0.630126357
7560,-0.479323626,-0.588884413
7561,0.669794619,-0.599147797
7562,0.782444477,-0.229985222
7563,-2.25963736,-4.25281
7564,-0.917900622,0.128557295
7565,-0.0845042244,-0.467364758
7566,-0.520444751,1.91391611
7567,2.13167763,0.792234778
7568,1.25981784,0.809491038
7569,0.234530225,-0.874752879
7570,0.795025826,1.65242183
7571,0.329419166,1.61451101
7572,1.36561096,-1.37892294
7573,-1.55787897,2.29049134
7574,-2.23121834,-0.510724306
7575,1.00094569,0.512430847
7576,-0.458619267,0.826514125
7577,-2.26874876,-4.19264841
7578,-1.38713539,-0.802836478
7579,0.16191265,0.287674457
7580,-0.0572762638,0.266612262
7581,-1.3686403,2.17858338
7582,1.77388954,0.568076372
7583,-0.934432268,0.616234064
7584,1.54276502,-1.14516234
7585,-0.381325185,-0.888224244
7586,0.127149805,-2.43907285
7587,-1.31040168,-0.606032312
7588,1.01393259,0.8244012
7589,0.843363881,1.33737898
7590,-1.31667912,-1.4920038
7591,-0.205943882,-0.312483698
7592,-1.41861176,-0.459180474
7593,-0.0202567652,0.97524941
7594,0.153144076,-0.10332384
7595,0.705143332,1.61405492
7596,0.721212447,0.592344105
7597,-2.22791767,3.45686078
7598,0.0622859187,0.636657715
7599,1.98476672,1.17565584
7600,0.14736858,-1.69301474
7601,-0.825557172,-0.000904768065
7602,-0.884538352,0.841949165
7603,-1.46329534,1.31303239
7604,0.834863842,0.176741287
7605,0.909319043,-0.0437446386
7606,0.274170667,-0.895443439
7607,-3.61068559,-2.94779301
7608,0.297436923,2.48910213
7609,-0.23963432,0.207647115
7610,0.435737044,0.0332254805
7611,0.733163118,0.640518665
7612,2.10485077,-1.04129672
7613,0.292234153,-0.545118928
7614,1.26997411,-1.09045506
7615,1.136935,-2.49536777
7616,0.30243814,0.505119383
7617,-1.35718858,0.342807382
7618,-0.251765281,1.71386456
7619,1.04316783,0.149690464
7620,-0.365334988,-0.2424106
7621,-0.799769759,-0.0288155787
7622,-0.814128041,-0.675890625
7623,-0.437883317,0.290494561
7624,-0.874101758,0.0171486549
7625,-1.58001423,0.330261499
7626,-0.319804251,2.69192266
7627,-0.860682368,-0.709928155
7628,-1.9880054,-2.16247225
7629,1.64194715,-0.636187792
7630,1.03858006,-1.94926655
7631,0.614436984,1.5168016
7632,0.519722581,0.250081152
7633,0.234538138,-2.14358115
7634,-0.0442644097,0.288834214
7635,-3.41180634,1.18405485
7636,0.569231391,-0.646072388
7637,0.586504638,0.858919978
7638,0.363207519,-1.81489027
7639,0.343610972,0.00759565597
7640,-1.05134535,1.01940167
7641,-0.833687484,-0.62921226
7642,-0.420449466,-0.816348612
7643,-0.378114581,-0.936720192
7644,0.208787248,-1.81598151
7645,0.433528155,0.536573827
7646,0.903177202,0.629817069
7647,-0.00695893075,0.597965658
7648,-1.35610878,-1.11321986
7649,0.719779372,-1.97300625
7650,-0.0491739586,0.342393845
7651,-0.171502635,2.24759197
7652,1.18579268,-0.0806925818
7653,2.51679158,0.0795647129
7654,2.86708093,0.83158493
7655,-0.372874886,-0.674648702
7656,0.152284056,0.20636858
7657,0.675406456,0.586233616
7658,-3.52019119,-1.6730026
7659,-2.71592116,0.943391621
7660,0.894483149,1.1410743
7661,0.861610651,-0.149150044
7662,0.211265489,0.575452507
7663,1.0754478,-0.654735625
7664,-0.231352836,-1.05781257
7665,-0.398737013,-0.183384866
7666,-2.07469201,0.795687854
7667,-0.738890231,0.273634195
7668,0.253631711,-0.204399586
7669,2.64751649,-1.27914774
7670,0.36191377,3.05615282
7671,-1.93220568,0.149205849
7672,0.617518961,0.255895555
7673,1.06678379,0.291014463
7674,0.0170597117,-0.169453651
7675,-0.0656319559,0.91698736
7676,-0.647921145,-0.457347214
7677,0.0664402843,0.885098696
7678,-0.878074884,1.77715051
7679,-0.386326581,0.180776134
7680,0.243584901,0.187096342
7681,-0.483952045,0.657827079
7682,0.143523812,-0.179347664
7683,2.56699347,0.107009508
7684,1.81617951,-0.554582477
7685,0.888945758,-0.341282308
7686,-1.62761366,0.762940466
7687,-0.528975368,0.301372468
7688,-0.98520422,0.0727632716
7689,1.88939548,-0.382413417
7690,-0.988966644,-0.819033146
7691,-0.325535357,-5.05756903
7692,0.257523537,0.837751389
7693,0.295919716,-2.56199598
7694,-0.268218726,0.971613884
7695,1.09365702,0.469127387
7696,0.0018316115,-1.27685118
7697,1.47846389,-1.807639
7698,3.59114718,0.48216328
7699,0.161311746,-0.0095261801
7700,0.111290753,0.547980964
7701,-0.528141558,-0.318840861
7702,-0.717192769,-0.616671264
7703,-2.06682467,2.3430624
7704,-0.197551236,-0.301609486
7705,-1.27858329,-0.445218176
7706,-1.64684606,0.19954221
7707,0.261222959,0.30812332
7708,0.359691024,-0.390474528
7709,-0.472671121,-1.17351818
7710,-0.244256794,0.236204952
7711,0.723343015,-0.579960823
7712,-1.45438302,1.72885311
7713,0.368179262,0.899837971
7714,1.19871461,0.919432104
7715,1.71547234,-0.381822616
7716,0.278805941,0.186481819
7717,-1.4914403,-2.67044067
7718,-0.737834275,-2.00182033
7719,0.276164293,-0.0130458008
7720,-0.0787563175,-0.276391566
7721,-0.55522728,0.0241709277
7722,0.484954149,0.898858011
7723,0.0782102719,-0.508404434
7724,-1.25555038,0.0243887324
7725,1.5241251,-1.73198259
7726,-0.228899032,0.514364302
7727,1.47941589,-3.85159039
7728,0.0229081754,-3.45916271
7729,-0.392475247,-0.0314449184
7730,0.731907785,2.11122203
7731,0.306373835,-0.035859894
7732,-0.439397305,0.0101204067
7733,-0.493597031,2.96261168
7734,0.00626827963,-1.84912956
7735,-0.393001974,-0.362783134
7736,-0.117087118,1.57503688
7737,-0.173741549,0.665214539
7738,0.791202843,0.0626505315
7739,-0.341667295,1.46201408
7740,0.694018304,0.502865911
7741,-0.0567794964,0.652540684
7742,-0.759094596,-0.898469985
7743,0.0394608155,0.139451578
7744,-2.40479469,-0.0705499426
7745,-0.344894677,-0.145113736
7746,-0.347064137,0.487806082
7747,-0.193378329,-2.00640059
7748,1.9930253,-1.23138249
7749,1.69521046,0.0304358676
7750,2.94934154,4.2358942
7751,-1.63123238,0.120698541
7752,0.631826758,0.294420063
7753,-0.820973277,0.309701025
7754,1.48856843,-0.451597184
7755,-0.0907115787,0.577564895
7756,0.459129572,0.0728930309
7757,-1.87092757,0.248807058
7758,1.26146054,-0.719661832
7759,0.934359312,3.51204729
7760,-1.379089,-3.05430341
7761,-1.20146918,2.87111759
7762,0.398754537,-1.00332212
7763,2.29744768,1.31066477
7764,2.38589621,-0.321460962
7765,1.86541784,-1.34822512
7766,0.177775145,-0.939254642
7767,0.224992231,0.816667259
7768,-0.5682953,-0.134842366
7769,-1.47770023,2.22664404
7770,2.92246366,0.388597935
7771,-3.34503675,-0.23548609
7772,-0.535238802,-0.157289281
7773,1.51775885,3.03075409
7774,-0.922989428,1.18376541
7775,-0.249085471,-0.624681652
7776,-1.85842085,-1.85465086
7777,-0.550255775,2.48926997
7778,-0.720695496,-0.411291748
7779,0.532799602,1.13345885
7780,2.63546801,0.839958072
7781,0.489089549,-0.825913846
7782,-1.40366888,-0.150135979
7783,-0.656671643,-0.438601673
7784,2.26199841,-2.32112789
7785,-0.20232068,0.108733594
7786,0.367103815,0.602483451
7787,-0.653775096,1.66854107
7788,-2.41060877,-2.05215931
7789,0.00630690763,-0.0639508069
7790,-1.6091181,-1.45223451
7791,0.629255295,0.346792728
7792,0.113432109,-0.83881253
7793,0.269375175,1.31576765
7794,-0.231349528,0.149731487
7795,-0.0736111626,-2.20843387
7796,-0.800287247,-1.86088431
7797,0.385888964,-0.214257419
7798,-0.77928412,-0.504468858
7799,1.17677987,1.30369794
7800,-3.18861485,-0.747198045
7801,-0.888952553,2.25821209
7802,0.00356580177,-0.18741028
7803,-2.78834772,-1.5952791
7804,-0.818045735,-0.481238693
7805,-0.869902194,-0.141502544
7806,-1.01292932,0.0845638588
7807,-0.810379207,1.42912996
7808,0.18395938,-0.400465488
7809,0.0217849314,-0.542956412
7810,0.458524555,-0.109308235
7811,1.84309053,0.333702534
7812,0.824142277,-0.00863536913
7813,0.608798385,-0.582033873
7814,0.928558648,1.21038747
7815,0.949829161,-0.26884076
7816,0.0642326847,-0.389430523
7817,0.753348887,1.26999772
7818,0.712581456,-0.179822966
7819,0.981265783,0.96917063
7820,-1.74727249,0.638069451
7821,1.85154867,-0.549663067
7822,-0.23597163,-0.109179482
7823,2.02733874,-1.04859614
7824,1.03798974,-0.529111683
7825,2.02541471,-0.499604464
7826,-0.0243432466,-0.492794931
7827,-1.33553815,-1.11574721
7828,0.734746277,0.696676791
7829,0.367429018,1.21143055
7830,0.0354710147,-0.690873265
7831,0.149560153,0.0906126872
7832,-3.46692824,-0.33787021
7833,-0.927119434,2.98192644
7834,1.18187273,1.74430954
7835,2.37156057,-0.258763403
7836,0.141272113,-0.182241574
7837,1.38459837,-0.721976161
7838,-0.56813401,-0.396875769
7839,-0.0986227691,-0.136707067
7840,-2.27121472,2.10166812
7841,0.79842478,-1.80731905
7842,0.134207532,-0.541397274
7843,0.951031387,1.71132994
7844,0.444027126,2.36238861
7845,-0.659742236,-0.394813508
7846,0.17905584,-0.12039122
7847,-0.675722122,-1.13803256
7848,1.75335062,-1.41949117
7849,0.550335884,-0.188977793
7850,0.0108100837,-0.352499753
7851,-0.0321406759,0.317169249
7852,-0.0134102283,-1.392331
7853,-0.421138972,0.11157053
7854,-1.58264828,0.750899732
7855,0.754943788,-0.308963835
7856,0.208185628,-0.425382704
7857,2.52791238,1.1422385
7858,-0.191560209,-2.47514081
7859,0.0189574342,0.611041903
7860,-1.33468151,1.52887511
7861,1.78288138,0.756411672
7862,-0.611997247,-1.5298301
7863,-3.44659638,1.30565107
7864,-0.084950313,0.400424153
7865,-0.742996335,0.176284373
7866,-1.45817184,1.55198944
7867,-0.629099488,1.23234367
7868,1.8269335,0.979509652
7869,-0.668716371,-1.0035423
7870,-0.355930895,1.93472791
7871,0.991078973,-1.35327685
7872,1.32139063,-1.95996594
7873,-0.850783825,1.43223667
7874,-0.943499029,-0.186945111
7875,0.163779944,-0.285844296
7876,-0.804948747,-1.3945421
7877,0.982977152,-0.0843914524
7878,-2.7325592,1.24844217
7879,2.09571791,1.00391638
7880,1.17594016,-0.383704573
7881,0.237223014,0.328139484
7882,0.511983156,0.0805991217
7883,-0.0380777195,-2.1244123
7884,0.619423091,-0.158731222
7885,2.05283499,0.216390297
7886,-1.75866878,-0.986799002
7887,-0.170426682,0.585092604
7888,0.973421216,0.528915524
7889,-0.0251418669,-0.350445956
7890,-0.334766239,0.400873184
7891,-0.225992054,0.239531994
7892,-0.399127394,-0.628069878
7893,-0.858912945,-0.0859094337
7894,0.403925627,1.23352039
7895,0.0689198896,-2.22092199
7896,-1.02406907,-0.09840931
7897,0.695469975,-0.212633178
7898,1.23861563,-2.8775382
7899,1.24423134,1.96429467
7900,0.276266783,-0.807401359
7901,2.76215768,2.14878058
7902,0.497584373,0.154517367
7903,-0.263507068,-0.165566072
7904,0.0641184002,-0.0736692101
7905,-0.754331887,0.414145857
7906,0.48449561,-0.250935346
7907,0.972999096,-0.410553753
7908,-1.2909894,-0.834648311
7909,0.494628221,-1.02065122
7910,-0.54282099,0.751132846
7911,-0.255397379,0.0563500524
7912,0.585359693,0.64196074
7913,-0.323204011,-0.310208112
7914,-0.292898357,0.65475738
7915,1.49888802,1.30209589
7916,1.82207298,-1.15840256
7917,-1.32763553,-0.909732401
7918,1.4569068,-0.454824269
7919,2.44723725,0.195676312
7920,0.00768799009,0.299987316
7921,-0.517795324,-0.822146893
7922,0.413440645,0.813341618
7923,0.299932182,-2.40286112
7924,-0.333071828,-0.723167598
7925,-0.163904935,0.280671537
7926,1.02774239,-0.572335958
7927,-0.481025785,1.9864428
7928,-1.23629546,-0.477084756
7929,-0.444099516,-0.192622602
7930,-0.402475893,0.978762567
7931,0.244098902,3.59086418
7932,0.781552315,0.976895869
7933,-2.61383581,1.04756296
7934,-1.01597893,-1.95072484
7935,-0.864394367,1.04739654
7936,-1.83266222,-0.970958948
7937,-1.81906843,-0.0753013492
7938,0.300057411,-0.28243053
7939,-1.70369887,-1.7926923
7940,-1.49607313,-0.0692907497
7941,0.967968225,0.0638898462
7942,-1.02344322,-0.277826071
7943,-1.73665786,-2.47551918
7944,0.305674374,-1.19419312
7945,0.164657623,0.588440955
7946,-0.356416136,0.953768969
7947,0.397320449,-0.107040502
7948,0.508091271,-1.32435763
7949,-0.530047357,0.591244221
7950,0.830828071,0.27787444
7951,-0.0279712509,-1.05204558
7952,-2.13863635,-2.66586828
7953,-0.229643449,-0.158280119
7954,-0.297542453,-0.28153348
7955,2.72973752,-1.45804989
7956,-1.39729679,-0.0996065736
7957,-0.391186088,0.735273778
7958,0.428372383,-1.49879551
7959,-1.41742301,-0.562955439
7960,2.22844338,-0.906029642
7961,-0.573952317,-0.482473314
7962,2.5525763,-1.43663466
7963,-0.276403606,-1.80316043
7964,1.41996896,1.12647796
7965,1.38662279,3.13863873
7966,-0.487758487,-1.70192659
7967,1.04797745,0.0641172752
7968,0.160130948,-1.06263006
7969,1.78529,1.25515079
7970,-1.60072827,0.040119078
7971,-0.611339986,-1.30670929
7972,1.29072022,-1.33762586
7973,-0.00235819072,-1.87994051
7974,1.13093436,0.702709794
7975,0.181068331,0.0323363505
7976,-0.0641874075,0.203131571
7977,-1.12793612,-0.0813205913
7978,2.98266077,-2.23350549
7979,-0.0754066557,3.0611155
7980,-1.14901865,-0.481241226
7981,-0.327987403,1.40719604
7982,-0.0161335375,0.215658456
7983,2.8048501,0.260994673
7984,-0.403761297,2.00950933
7985,-2.0303669,2.13326216
7986,1.82653761,0.0578188673
7987,-1.64449155,-0.79339993
7988,-0.732414067,-2.97575998
7989,1.27763212,-0.133108333
7990,0.920495391,-1.80421984
7991,1.37319779,1.48288882
7992,-0.121093661,0.363796741
7993,2.16632485,0.452522874
7994,-0.386738449,-0.0260239933
7995,-1.11603987,-0.0563778244
7996,-0.378739953,0.230965465
7997,0.133908927,0.134606615
7998,-2.1779511,1.03387856
7999,0.437474132,2.35197449
8000,-0.763145328,-2.04333305
8001,1.03759825,2.13783717
8002,-0.625326633,-2.16175532
8003,-1.8566339,0.384718418
8004,-1.22025335,0.892497838
8005,0.60949868,-0.0341598466
8006,-0.612596869,-0.74840802
8007,0.058670003,-1.80120182
8008,0.120720752,2.00002098
8009,0.582086623,3.43396688
8010,0.821199119,-0.198404193
8011,-1.1460613,0.939950407
8012,0.785666287,0.796171844
8013,1.5242511,-0.641401052
8014,-1.43088305,-1.08545375
8015,-0.975749016,-1.10742593
8016,1.47228587,0.109294385
8017,-1.38609147,-0.308006078
8018,0.31431371,0.784718275
8019,0.305234879,-1.58878481
8020,0.964469016,-1.12862742
8021,-0.975952923,0.395265132
8022,-0.234692782,-0.866824627
8023,0.544829011,1.15459299
8024,-1.66050196,-1.54137146
8025,-1.12369347,0.379118562
8026,-0.170508102,-0.659858167
8027,-2.55308318,-1.31425273
8028,-0.215350896,2.61551452
8029,0.35992223,-0.136636332
8030,-0.8130216,-0.233890057
8031,0.626207113,2.26518798
8032,0.582553029,-2.40936279
8033,1.62758148,-0.284950435
8034,-1.34341478,2.11743784
8035,-1.66974938,0.542463481
8036,-1.67689168,1.50550675
8037,0.13392809,0.272779733
8038,0.296657771,-3.03217864
8039,-0.379445016,0.184958041
8040,-2.10722947,-3.73458958
8041,0.058005631,0.278086722
8042,-2.05582476,0.642065287
8043,0.1542366,-0.0807944611
8044,-1.58427405,-1.10562611
8045,1.69013047,2.54559112
8046,-0.223585859,3.02752948
8047,0.239405483,-0.189949334
8048,-0.244572118,-0.0361148529
8049,0.941471457,0.349666119
8050,0.142580882,0.647101343
8051,0.00832131971,-1.36279857
8052,3.17477798,-0.90043658
8053,1.4580909,0.494532228
8054,0.104111627,0.576111853
8055,0.710039079,0.388048738
8056,-0.0356976204,-2.03542161
8057,0.626514137,-1.5378381
8058,-0.212156132,0.567343056
8059,-2.14683247,-1.880983
8060,0.429378062,-3.68731689
8061,-1.18568182,-0.188210681
8062,0.158733949,-2.29431033
8063,1.35270584,-0.237286061
8064,-0.000729487278,0.516576648
8065,1.74026871,1.4558841
8066,-0.634401023,-1.40337861
8067,1.92851567,-1.38329995
8068,-2.18235493,-0.0394557342
8069,-2.49342155,-2.55558109
8070,0.926155031,1.9864974
8071,0.987510204,-0.155170947
8072,-0.811888278,1.42634022
8073,1.49787009,-0.937682569
8074,0.422348917,-1.4164623
8075,2.59359837,3.96903467
8076,0.149811178,-0.546390176
8077,-0.819802582,-1.32617891
8078,-1.10075963,1.72171569
8079,-0.158772722,-0.300439328
8080,-0.0955472738,-0.596922398
8081,-0.773978651,-0.492466211
8082,-1.99398339,-1.75808835
8083,0.388779342,-0.810514867
8084,0.450850457,0.771133244
8085,-1.49591267,0.130262166
8086,-0.97667557,-0.299613237
8087,0.0253717396,1.17148948
8088,1.72380948,-0.637055635
8089,-0.126907215,0.299099118
8090,-0.570746422,1.15764785
8091,-0.653327584,-1.26490152
8092,-1.35192192,-0.409139246
8093,0.322961271,-0.546165705
8094,0.718701661,1.0196588
8095,-1.63068271,-0.949520528
8096,0.0245026518,0.145461187
8097,-2.06265378,-1.70015454
8098,0.587475598,2.65371752
8099,0.414525151,0.46019873
8100,0.554348528,0.459902525
8101,-1.75060153,0.599503517
8102,1.58065987,-0.11940635
8103,-2.51299715,1.40809131
8104,-0.570373297,1.01828122
8105,2.97796512,-0.988136768
8106,-0.527689576,-3.18583202
8107,0.225829482,0.922523677
8108,-1.2483058,-1.93869483
8109,3.51216531,1.33555913
8110,-0.253935665,0.126041025
8111,0.272145599,0.39670971
8112,0.14964202,-0.239901826
8113,-0.518717766,0.205620319
8114,-0.0779660642,-2.41923881
8115,1.06777084,-1.00413954
8116,0.593723834,2.03683043
8117,0.616312742,0.124205321
8118,0.119512938,0.104552217
8119,0.889493763,-0.450319499
8120,-0.699029446,-1.85533965
8121,-1.10416782,0.477777004
8122,1.00574076,0.465900004
8123,-0.906209886,-0.975661337
8124,-0.551855147,-0.892719626
8125,-0.64390111,-1.32175124
8126,0.0395990722,-0.209421724
8127,0.534210563,1.01895678
8128,1.05704558,-0.648373842
8129,0.318601906,-1.7204566
8130,-1.14106858,-0.740894079
8131,0.560120642,1.65741873
8132,-0.532734275,1.35412228
8133,1.37234986,2.32763553
8134,2.39966083,1.41469204
8135,-0.990123451,-0.442454815
8136,0.69888556,2.08525157
8137,-0.908513665,-0.780675888
8138,-0.29967171,-0.902328789
8139,0.046399571,2.19970822
8140,-0.434806764,0.218298554
8141,-1.82913518,-1.32010806
8142,-5.05694532,1.74653494
8143,-0.739478052,1.68311512
8144,-0.209859505,1.50184608
8145,-1.05810058,1.06471241
8146,-0.762562811,-0.688922405
8147,-0.999485672,-0.618822813
8148,-0.618306935,0.990749598
8149,-0.509564638,-1.22674763
8150,0.265922695,-1.64537024
8151,-2.84612226,-1.51999629
8152,0.44793421,0.684730053
8153,-0.469065249,-0.416665196
8154,0.610218167,0.423655957
8155,0.120686613,-0.141460076
8156,-0.143615618,-1.82859731
8157,0.37712872,-0.564961076
8158,0.195353806,-0.372143596
8159,-1.42403901,-1.93080294
8160,-1.07402837,-1.20212734
8161,-1.86767304,-0.0976613015
8162,-0.745142102,0.899732113
8163,-0.543608546,1.23655558
8164,0.279563993,-0.0258874465
8165,0.319064528,-1.36730468
8166,0.371891677,2.39309931
8167,-2.16259432,1.73821104
8168,0.35041514,1.5574168
8169,0.903555214,-1.09946299
8170,1.42191315,0.771464407
8171,1.05646932,0.0209257826
8172,-0.964059412,0.423988074
8173,0.237663627,1.24097502
8174,0.572134674,-0.345047683
8175,0.0125066228,0.620980918
8176,-1.34278345,1.9786514
8177,-0.493855685,0.677274466
8178,0.475605696,-0.186240122
8179,-0.874853134,0.204937041
8180,-0.624215543,1.51255095
8181,1.1366502,0.271379977
8182,0.164933637,0.570973694
8183,0.735955,-0.990194857
8184,-0.548445821,3.53052831
8185,-0.333275855,-0.102404326
8186,-0.26967594,1.06009412
8187,-0.283546656,-0.793283522
8188,0.625787437,-0.0362740867
8189,0.144307077,-0.381358236
8190,-0.523477018,0.171240404
8191,-1.62662745,-0.450982302
8192,-1.43231606,-0.655746162
8193,-1.21925628,2.10448289
8194,0.465421945,-0.628198802
8195,0.731595993,0.170807347
8196,0.502595663,0.799962103
8197,-0.321686357,-0.525852799
8198,0.13437514,-0.116559111
8199,-0.104716443,-1.47045326
8200,-0.647487104,-0.078776665
8201,0.752646327,1.30364323
8202,-2.74232054,-1.36935163
8203,1.57935476,-0.0993367136
8204,-0.413441241,-0.111901417
8205,-0.848742187,2.08538914
8206,0.447194993,2.57821369
8207,-0.168876797,-1.59089911
8208,0.394374818,-1.45714343
8209,1.23144054,-1.1470592
8210,0.280769855,0.0995578542
8211,1.20918047,0.226249039
8212,0.485067636,-0.474411041
8213,-1.02420115,-0.000218764195
8214,-1.5657475,1.59021235
8215,0.13478151,-1.22091389
8216,-0.188864902,0.110107161
8217,0.108218357,0.624991715
8218,0.248999059,-0.861138225
8219,-1.07002223,-2.82522202
8220,-0.398207337,-0.92285949
8221,1.48955166,2.03670049
8222,0.961709499,-0.837472081
8223,-0.491823107,0.574287534
8224,-1.90911126,2.30638623
8225,-0.318204641,0.41493544
8226,0.524635434,3.43257499
8227,1.13063061,1.10607719
8228,-1.84619975,0.264286995
8229,-0.0216309316,0.109270826
8230,0.556639254,0.892046034
8231,0.893853486,-0.370455742
8232,1.35773253,-0.497925609
8233,-1.63262022,0.812257648
8234,-0.670037448,-1.13869393
8235,0.289598852,1.76617622
8236,3.36194634,-3.11257029
8237,-1.52815342,1.689183
8238,0.188865975,-1.26054585
8239,0.673804164,1.25498009
8240,-1.30653965,1.12452579
8241,-0.481986046,-0.469712079
8242,-1.10363913,0.338622302
8243,-0.0845387131,-0.164800078
8244,-0.136769786,-1.57041943
8245,2.15058947,-1.69365823
8246,0.678201616,1.34560931
8247,1.57306063,1.69743061
8248,0.162472546,-0.0333761126
8249,-0.134999067,0.483814597
8250,-0.316868544,0.24112311
8251,0.711578906,0.00227495586
8252,-0.137052163,-0.064513281
8253,-0.264057189,-0.0768880993
8254,-0.865501046,0.834762812
8255,0.0166849084,-0.496189952
8256,0.342891484,0.0691766366
8257,-2.55730891,0.653447807
8258,-0.113108508,0.392898053
8259,-0.657922745,-0.317817211
8260,0.583325982,-0.797476709
8261,1.34141755,1.17678249
8262,0.0506053455,0.833681524
8263,0.0950414464,-0.483533531
8264,-0.50731945,-0.147679299
8265,2.35115671,-1.02710283
8266,-1.45761728,-2.28260303
8267,1.74263561,-0.160964251
8268,2.76554227,-2.2568748
8269,-1.55589664,-0.353440195
8270,-0.241442308,-0.152077809
8271,-0.171355933,-0.321234882
8272,-0.235304981,-1.01509774
8273,-3.88448071,-0.167739689
8274,0.447348088,0.675646484
8275,-1.1072526,0.0531748533
8276,-1.30671287,-0.569192886
8277,-0.601885378,-1.27386832
8278,-0.13279365,0.650753617
8279,-0.526254714,0.737103462
8280,-0.035291478,0.701922178
8281,0.880652666,0.977514029
8282,0.697073162,1.626333
8283,-0.454591006,-1.45593965
8284,-1.59224772,-0.300511748
8285,2.31183434,-0.152645454
8286,1.35712683,-1.94107735
8287,-0.268768042,-0.233327866
8288,-0.654743195,-1.76530623
8289,-2.9566679,-0.711124897
8290,-1.7869724,0.143333092
8291,-1.41516101,-0.83210063
8292,0.35471499,-0.0561443008
8293,1.41238916,0.0516314395
8294,1.56199801,-2.24018979
8295,2.13252187,0.119507253
8296,-1.04770088,-1.25355315
8297,-0.0788078904,-0.9400087
8298,0.612355828,0.759763181
8299,0.922099531,0.360942632
8300,-1.46990716,-1.24436891
8301,1.40463996,0.83273828
8302,0.0835948959,-1.46077681
8303,-0.127648503,0.735869408
8304,-0.731902421,2.14343882
8305,1.94551909,0.765085697
8306,1.79997993,-1.75594378
8307,0.534650326,0.742631674
8308,-2.64954829,-0.264754266
8309,2.53884983,1.30247056
8310,-0.170302376,-2.74470496
8311,0.0807424784,0.332062006
8312,-0.136575043,2.1315701
8313,0.624405861,-0.0551176406
8314,1.95199025,2.796489
8315,-0.120688938,0.323770404
8316,-1.37773812,0.637821138
8317,-0.176589608,0.0301068332
8318,-0.0556528047,0.318746597
8319,0.348901838,1.66308546
8320,0.013052538,-1.88379514
8321,1.29739141,2.36928153
8322,3.66365433,2.21068597
8323,-1.01008546,-1.41127515
8324,-1.41988313,-1.70239866
8325,-0.866015017,-3.0304718
8326,0.132441938,0.51958257
8327,-0.669601977,0.962229133
8328,2.70586085,-0.314704627
8329,-0.0192435868,0.379459202
8330,0.996859789,-0.565187514
8331,-1.75936794,2.02872992
8332,-0.219801962,2.03364706
8333,0.632435441,-0.859585702
8334,0.714199126,-0.576398373
8335,3.74038959,-0.303657025
8336,-0.752492666,0.822056532
8337,-1.47158349,-0.278620154
8338,-2.26263046,-1.40060997
8339,-0.925507128,0.0473312065
8340,1.20413327,-0.580974996
8341,-0.717911363,0.89333272
8342,-1.06396794,-0.994536877
8343,2.99632549,1.39664519
8344,-0.2429322,-0.451565564
8345,-0.245729282,-2.93359184
8346,0.0667818338,-0.961775064
8347,0.88353008,1.2138834
8348,-0.0623646602,-0.385151237
8349,0.141763732,-0.923188031
8350,0.0636607185,0.401633173
8351,-0.0724240839,-0.94241786
8352,0.508738518,0.417608261
8353,2.6300621,1.89399552
8354,1.37706792,-0.832347751
8355,0.496065199,0.912173271
8356,-0.015718447,-0.0512087755
8357,-0.674270332,-1.3393513
8358,-0.101673655,0.153730273
8359,-0.185276136,-0.257239789
8360,-1.32997346,0.533700228
8361,1.67647195,-3.82017612
8362,-0.220953181,-0.202256814
8363,0.20673646,0.840004861
8364,0.677646399,-0.332359165
8365,-1.16597438,0.530375302
8366,-0.821470141,0.106955767
8367,0.0621074811,-0.189897612
8368,0.448086739,0.177060381
8369,0.455189496,-2.17273903
8370,0.725972235,1.24732006
8371,-0.886946082,1.09497118
8372,-0.653643489,1.84664595
8373,-1.38589633,-0.429248124
8374,0.0158874393,0.38465336
8375,1.93265259,3.61230874
8376,3.33761501,-0.185604557
8377,0.432275176,1.60858512
8378,1.34954977,-1.36538839
8379,-0.161432087,-0.129269257
8380,-2.00073171,-1.37413776
8381,0.353504598,-0.598971844
8382,1.10579562,0.932349265
8383,-1.38859987,1.46345961
8384,0.582929969,-2.39716601
8385,-2.18073416,0.0468329787
8386,-0.383726597,-0.178254917
8387,-0.695464671,-1.17176569
8388,2.04636288,1.22382247
8389,0.478301644,0.572680593
8390,1.77746689,-0.521673918
8391,-0.238304928,0.244560227
8392,-0.197199658,-2.33267045
8393,-0.876153767,1.07698393
8394,-1.36986053,0.690610349
8395,-0.179450929,0.0266800113
8396,-0.600945592,-0.295534313
8397,-1.68072021,-0.634457588
8398,1.19093752,0.176211923
8399,-0.888020515,1.47705376
8400,-0.604638457,-1.45700097
8401,-0.154075399,0.386292517
8402,-0.98022449,0.0330856368
8403,-1.27491844,-0.786055505
8404,-0.0935374275,-1.4361515
8405,-0.881068647,-2.14095759
8406,-0.309794992,-0.242276639
8407,-1.77975965,0.829806387
8408,-3.84226561,1.03535092
8409,0.964685857,0.877957761
8410,-2.13136935,-2.03469634
8411,-1.65451479,-0.732060313
8412,1.10677671,0.516351521
8413,-0.739178777,-0.762629151
8414,1.43124282,-0.420707464
8415,-0.191736162,-0.0666790828
8416,1.21840727,1.22501671
8417,1.03513229,-1.0365814
8418,-1.19399488,-2.1920321
8419,-1.41602337,-1.16751099
8420,-0.0905619487,-1.50088203
8421,3.361691,1.65260291
8422,1.61916006,-0.634065568
8423,-2.07625842,-0.931423008
8424,-0.645055652,0.437283456
8425,1.35975027,0.252702028
8426,0.285388917,0.15781121
8427,-0.0852324516,0.25712961
8428,-0.367333382,1.74510872
8429,-0.294299424,0.0486778133
8430,-0.858388543,0.970165133
8431,-1.35775125,-1.23222113
8432,0.0720274821,3.5613575
8433,0.766753614,-0.670345664
8434,0.940661311,-0.454121441
8435,1.39496636,-1.49059355
8436,0.225013211,1.12134564
8437,0.367789298,0.865694702
8438,0.547730386,-1.52511132
8439,1.50529921,0.727405667
8440,-0.295095265,-0.134624809
8441,-1.39348114,-0.25810197
8442,-0.416801631,-1.59940124
8443,3.0564394,-1.00324619
8444,0.102623492,-0.893341362
8445,0.249396458,1.71266091
8446,-1.83875227,-3.0753243
8447,-0.863136411,-0.818464637
8448,0.545073152,0.167883754
8449,-2.44962978,-2.28082991
8450,1.33574522,-0.645827711
8451,-1.90564871,-1.00226331
8452,-1.0911094,-1.02233684
8453,-0.78834486,0.714031994
8454,0.93758601,-0.753076077
8455,0.207369387,-1.17161095
8456,-0.215483531,-0.444042534
8457,-1.44560802,0.299408257
8458,-1.23067582,0.0747539476
8459,-0.506157696,1.69335842
8460,0.147065073,0.508319914
8461,-1.35596168,0.527207077
8462,-0.00906655937,-0.48532936
8463,0.378989339,1.57089663
8464,1.03715611,-1.10557473
8465,-0.898818672,0.995429814
8466,-0.0428259373,0.779524744
8467,-2.57122827,-1.22555161
8468,0.156516463,-0.432850778
8469,0.239835143,-2.73944902
8470,0.358136237,-1.33508039
8471,-1.45666265,0.670611262
8472,0.636982799,-0.466637939
8473,0.169456571,1.39256084
8474,-0.142210454,-0.169257164
8475,1.65836239,1.59321511
8476,-1.21741998,0.188521534
8477,2.33697891,-0.53448534
8478,1.27410626,-2.07676315
8479,0.413226694,0.301034063
8480,2.37475181,-1.56171751
8481,-3.82474327,-0.253480554
8482,-0.0237559956,0.336834192
8483,-0.495356381,1.74893069
8484,-1.85959649,2.19847083
8485,0.868632138,2.03444052
8486,-0.0966356397,-0.406652004
8487,0.348692358,-0.675640345
8488,-0.132270917,3.74241972
8489,-2.03225636,-0.347026765
8490,-0.0636507049,0.374929309
8491,-0.938744783,-1.09713423
8492,0.293261319,-0.39569369
8493,2.18425584,1.7886641
8494,1.1745373,-0.650019705
8495,0.646664858,-0.345544219
8496,-0.23329547,-0.443510681
8497,-0.832841098,1.72519588
8498,0.245224103,-0.833981276
8499,-0.481874883,0.234601989
8500,2.19691563,0.0860498771
8501,-0.661410272,-0.649417996
8502,-0.881182909,-0.794092476
8503,-0.351350069,-0.995069981
8504,-0.766103268,0.737826109
8505,-0.610973537,1.10108173
8506,1.17004526,-2.1451261
8507,-0.769725382,-0.13484773
8508,0.51629138,-1.32134593
8509,1.54829419,1.56021297
8510,1.72601378,0.204767391
8511,0.146948934,-0.0892311633
8512,1.97450519,-1.13542318
8513,-0.847425401,-0.615757406
8514,0.595017731,4.08747911
8515,1.44007528,1.14436483
8516,-0.353096157,-0.10612838
8517,-0.839173675,-1.60017776
8518,0.0578458421,-1.86196804
8519,-0.638405204,0.610100865
8520,-0.0935609192,1.24598384
8521,0.354866534,0.377257645
8522,0.563914835,-1.91101706
8523,-0.253960848,-2.33651423
8524,0.810477555,0.826847136
8525,-0.784545124,-2.31110501
8526,0.789515674,0.506427884
8527,-1.18655705,-0.0159918237
8528,0.345153689,-0.0936286151
8529,-1.403512,0.178201884
8530,-0.612333894,-0.23353748
8531,-0.345794827,0.820833087
8532,0.0949700251,-0.655240774
8533,-0.613167584,-2.60739374
8534,0.293168515,-2.04836702
8535,-2.70125103,-0.238588035
8536,-0.749474823,2.81046653
8537,-0.35311994,-0.324525923
8538,-0.115416564,-0.832868755
8539,-1.21972179,0.369409561
8540,-2.29250145,-0.74349916
8541,-0.0189526081,0.0861996859
8542,-1.67029953,-2.97956967
8543,0.148223951,0.197297499
8544,0.191903621,-0.13748388
8545,-0.405012876,0.756287396
8546,0.46597591,0.330987424
8547,-0.0430894867,-0.807935596
8548,0.491836518,-0.0996864587
8549,-1.54173613,-0.334984988
8550,0.610857487,0.403193831
8551,1.528193,0.750776768
8552,1.78271747,1.31763172
8553,-0.0811923593,-1.15128195
8554,-1.05726659,0.420705914
8555,-0.469718188,0.468100846
8556,0.292380899,0.0881675705
8557,-0.692471325,0.355350465
8558,0.876177669,1.90905499
8559,-1.99326384,0.265602529
8560,-0.442010462,-2.93161035
8561,-0.605179906,-0.565064132
8562,-0.267722487,0.719863951
8563,-0.0726153553,-0.157874197
8564,-0.194214359,1.45145631
8565,-0.189257771,0.470884413
8566,-1.96673906,1.05384648
8567,-0.106320262,0.154965833
8568,-0.121124536,0.0890934765
8569,-2.49355221,-1.08702016
8570,1.02727878,2.62165809
8571,0.388962686,-0.665316045
8572,4.42352915,1.72088873
8573,-3.84048367,-1.5466162
8574,-1.66185462,0.56257391
8575,-1.86471343,-1.7022239
8576,0.439897805,-0.288100213
8577,-0.455251604,-0.921296895
8578,0.0338625796,-0.766914368
8579,-0.916316628,0.232430249
8580,-1.59559238,-2.06107211
8581,-0.456662357,0.426234394
8582,0.00598714221,-0.522809207
8583,0.495833457,0.158459574
8584,-0.334947646,0.128438845
8585,2.08868027,-0.00918704737
8586,-3.25605273,-0.162799329
8587,-0.326762438,1.73887956
8588,0.341084301,0.605598569
8589,0.292347461,-1.80446362
8590,-0.845629454,1.11584401
8591,-1.43861401,-1.42326903
8592,1.64558423,0.129852697
8593,0.132944897,0.0612063967
8594,1.65405965,0.10406702
8595,-1.24082041,2.28619099
8596,0.23847425,-0.778065026
8597,0.286182255,-0.0669100732
8598,1.34969223,0.618666887
8599,1.619977,-1.85614395
8600,1.87545359,-0.27748087
8601,-1.45153487,-0.552359462
8602,-1.26443005,-2.27355862
8603,2.75875258,1.73426819
8604,-1.03568578,-1.41152442
8605,-0.0171797387,0.44138214
8606,-2.09100366,1.33640158
8607,-0.208062559,1.53804433
8608,0.456420183,-1.52619445
8609,0.0691416115,0.297663331
8610,-0.305556804,1.52970469
8611,0.103468142,-0.35278666
8612,-0.839092672,-2.32330036
8613,-0.706275165,-0.634820282
8614,-0.854866266,-2.91325808
8615,-2.14222145,-0.844834685
8616,0.570878923,-0.372254997
8617,-0.198186129,0.00255337846
8618,0.240671322,2.6353786
8619,1.53529692,-0.397320867
8620,-2.340482,0.878782392
8621,-5.73445654,1.33466125
8622,-0.130810827,0.548018515
8623,0.313374251,-0.837958038
8624,-1.49781048,0.882161915
8625,-0.770423293,-0.0537176877
8626,-0.829212546,0.170160234
8627,0.258959949,0.855411232
8628,-0.200930536,-1.73134446
8629,0.517820239,-0.632220209
8630,-1.00010455,0.199749351
8631,-0.951321542,-0.967488587
8632,-0.688219905,0.371471375
8633,-0.0242805518,-0.804484904
8634,1.6816591,-0.39209643
8635,0.22524862,-0.431458652
8636,0.312312841,0.030782843
8637,-1.90660357,-1.68835008
8638,-2.48724675,-1.7785784
8639,-0.989562869,1.94084787
8640,0.0304447338,1.98134053
8641,-0.24845612,0.690866768
8642,0.352192581,-2.17272592
8643,0.145091727,0.453766853
8644,0.706167877,1.44400609
8645,-0.491654485,-0.380786747
8646,-1.09047639,-0.171716988
8647,-0.123484261,-0.122157693
8648,-0.291752696,0.520570576
8649,-0.560904682,0.529133499
8650,-1.44252157,-1.35997009
8651,-0.350747705,0.0957367346
8652,0.193694174,0.655809999
8653,-3.11199236,-0.30210495
8654,1.67103767,-0.480759293
8655,-0.760555863,-0.88897109
8656,-1.15061951,0.350871146
8657,0.500597596,0.578863859
8658,0.472318321,-0.511248469
8659,2.27402663,2.20216179
8660,-0.637609899,0.903489113
8661,0.00989623647,-0.197058797
8662,-1.22054911,-0.149290115
8663,-0.401536554,0.627246797
8664,0.082709752,-0.27767995
8665,-0.274491459,0.630703866
8666,-2.28192496,-0.45815888
8667,-1.24246478,-0.660974562
8668,-1.89278412,0.0687995404
8669,1.01419401,4.14372492
8670,-0.211719438,0.848460317
8671,0.677717507,1.01783764
8672,-0.284890801,0.37574622
8673,-0.932240367,-0.17582728
8674,1.6167382,1.0581646
8675,1.74916506,-1.44127071
8676,-0.589813769,0.806579411
8677,-0.201199025,-0.229044423
8678,-1.49482334,0.380617768
8679,-0.787924886,-0.628736019
8680,-1.32857049,-0.142850831
8681,-1.04403806,-0.330443591
8682,-0.214745939,-1.30782759
8683,-1.53903627,-0.558230579
8684,0.358545661,-0.176797688
8685,0.577493608,0.304061383
8686,0.229754895,-0.112884194
8687,-0.203850687,2.68962717
8688,0.326082408,-0.242403701
8689,1.4812597,-0.55393523
8690,-0.893826425,-0.604937017
8691,-2.29347944,0.994118094
8692,0.258769751,0.127097741
8693,0.26381281,1.05513656
8694,-0.478077948,0.121766649
8695,-0.209154636,0.259841502
8696,0.159553751,-0.621944964
8697,0.141420886,0.125581995
8698,-0.928424478,-0.89428246
8699,-0.0566442423,-0.170487091
8700,-0.0249874368,5.12284517
8701,0.394300997,0.138902038
8702,-0.625882089,0.287565172
8703,-0.756536722,0.582441151
8704,0.0994249955,0.970495999
8705,0.0978139564,-0.778637767
8706,0.0236590654,0.15300104
8707,2.11586094,1.17111588
8708,0.0799476206,0.402463377
8709,-0.336571783,-0.281328887
8710,-0.0457107797,0.166246369
8711,0.0447084121,0.186536282
8712,-0.679374635,-0.592743218
8713,0.8437621,0.132467017
8714,-0.242858738,0.60236448
8715,-0.0913479999,0.18138282
8716,2.21284008,-0.0789841339
8717,0.95036447,0.81921047
8718,-0.129027173,0.191649646
8719,0.350863129,0.836577713
8720,1.6102103,-0.905006349
8721,0.304419816,0.456035107
8722,0.537107527,-0.108925544
8723,0.431481719,-1.65536368
8724,0.223420009,-0.180302233
8725,0.892197073,-1.58027041
8726,-1.57958114,-0.215650514
8727,2.20443869,-0.893428683
8728,1.31172335,3.36066365
8729,1.37825096,0.483550102
8730,0.12709257,0.600482404
8731,0.0741152465,2.47813654
8732,-1.1277982,0.392374218
8733,0.0874400437,-0.389855385
8734,-2.91111517,-0.83946842
8735,0.0871019885,-1.35873842
8736,-1.72863841,0.816015005
8737,0.0859735906,0.909761548
8738,0.5744524,-3.08995056
8739,0.0960587934,-1.12992096
8740,-0.586834967,1.84132874
8741,-0.704013467,-0.0540486127
8742,-0.0369442143,0.0706679299
8743,1.05791306,1.9316262
8744,-0.88052547,-0.138774738
8745,-0.0517100766,1.19267714
8746,2.1322999,-1.77867496
8747,0.4151254,-0.487537771
8748,0.745039046,0.589755237
8749,-0.177367702,0.379007816
8750,-0.223269165,0.782078981
8751,0.233079165,0.349001825
8752,-0.51291436,1.42558038
8753,0.885852456,-0.0477236062
8754,0.772716224,-1.14497113
8755,-0.474681139,0.166528121
8756,1.01005757,-2.14173222
8757,-3.70027876,0.267395169
8758,-0.489885658,0.234091714
8759,-2.7387557,0.958854079
8760,0.421177983,0.537866473
8761,0.000961146143,-0.321811795
8762,0.369380713,3.11570048
8763,0.905360162,-0.539637923
8764,-0.116895251,-0.346002728
8765,-0.220043242,-0.13873294
8766,0.645667255,-1.58979106
8767,-0.483145922,-1.88930643
8768,0.578606248,0.753070116
8769,0.59940809,0.319903761
8770,-1.51504016,0.0316745117
8771,1.09993601,-0.598029852
8772,-0.0236735158,2.19954824
8773,-0.613492548,0.589437783
8774,0.722557425,-0.24450928
8775,-0.894605994,-0.192102924
8776,0.31450814,-0.0419913791
8777,-0.721416593,0.51787132
8778,-1.51306534,-1.38098836
8779,-0.150149703,-0.0961746275
8780,-0.42174983,0.611606777
8781,0.179565579,0.746747613
8782,0.367707342,0.515962541
8783,1.17132783,1.55146909
8784,0.593115807,-0.709084868
8785,-1.97195029,-1.0120095
8786,-1.45853949,0.170508087
8787,2.1072216,2.33860326
8788,-0.0671038032,0.138899207
8789,0.201279566,-0.613796413
8790,1.03241396,0.287479103
8791,0.0562195629,-0.552085817
8792,0.960561991,-0.864380181
8793,1.62483537,-0.753891349
8794,-0.977593601,0.361531258
8795,0.0806671903,0.891485751
8796,0.0632579848,0.141674787
8797,-1.04052758,0.0508104339
8798,-0.56489712,1.79570699
8799,0.0693104342,-0.609992504
8800,-3.42791843,1.93131471
8801,0.435583711,-0.392112464
8802,0.114176497,-1.13472915
8803,0.402635306,0.657527387
8804,4.30774832,0.260968655
8805,-0.662135959,0.753742814
8806,-1.83291566,-1.21543193
8807,-1.70291269,-1.46417129
8808,0.327808708,-0.127821356
8809,0.271459788,-0.0266523436
8810,1.28004348,1.78663206
8811,-1.90975642,0.822328746
8812,-0.667066276,0.244235188
8813,-0.173807323,-0.207428351
8814,-0.819236398,0.643310547
8815,1.28754175,-0.602553308
8816,-0.917483926,-1.0745666
8817,-0.585165381,0.655815959
8818,0.806883037,-0.735336661
8819,0.69138819,0.240864828
8820,-1.42560554,-3.61844516
8821,-0.428994179,1.40297449
8822,-0.899881065,0.532922208
8823,0.00201802235,-0.222669423
8824,-2.5493784,-1.7550211
8825,-0.613005877,0.837826967
8826,-1.73444307,-1.01199961
8827,-0.243498012,-0.442694008
8828,-1.17393696,0.21330224
8829,-2.4942646,-1.66952908
8830,-2.92061925,-0.634254217
8831,-2.41245055,0.764824629
8832,1.44508553,-0.126970351
8833,-3.05334735,-1.87966049
8834,-0.90295887,1.01054776
8835,-0.283209413,2.79775643
8836,-0.316430122,-0.199913383
8837,0.0135229966,0.220130712
8838,-0.987496972,-0.985518813
8839,0.766515076,-0.162368804
8840,1.67470872,-0.179963514
8841,-1.18292809,0.717859626
8842,0.224099919,-0.251067072
8843,-2.4558444,2.08061266
8844,-2.37634158,-0.0251931529
8845,1.82734883,-1.24453664
8846,0.522113562,0.0774115697
8847,0.780016899,0.0110122766
8848,0.641955793,0.720553637
8849,-0.377496034,0.468594283
8850,-1.88850832,0.0363563187
8851,0.171096697,1.50588465
8852,-0.297831684,-1.28803563
8853,0.359441727,-0.129252627
8854,0.106667325,0.207182705
8855,-1.27646685,-0.898710608
8856,2.15598488,-0.933160484
8857,-0.249209121,0.389244586
8858,-0.989110827,0.667125702
8859,-0.993398488,0.141063288
8860,0.0812984705,-0.282081455
8861,-2.19979215,2.19514132
8862,-0.0618661046,-0.184842616
8863,-0.991225719,0.203182966
8864,-0.0780186504,0.38263005
8865,1.57216787,-0.850115478
8866,1.10640919,-0.447780252
8867,-0.373759151,-2.11074448
8868,1.03579748,-0.536154509
8869,1.37059116,0.58503288
8870,-0.521779954,0.0978818983
8871,0.249253094,-0.050333783
8872,1.5398227,-0.285007238
8873,-0.373090535,-0.160732716
8874,-0.723379791,1.62752962
8875,1.88313329,0.793706894
8876,1.25793993,-1.60955167
8877,-1.35068715,-0.495852232
8878,0.336016268,-0.159378827
8879,0.255318403,0.322482228
8880,0.853878856,1.0056113
8881,0.573350728,1.30420363
8882,0.463003635,0.210888565
8883,-1.09915555,-0.174767539
8884,0.0320046358,-1.32942295
8885,3.17141628,0.32583499
8886,0.327332526,0.629931986
8887,-0.682352185,-0.551169574
8888,0.142581418,1.42137766
8889,-1.63883102,-2.22929597
8890,-0.272224933,0.909658492
8891,-0.775365055,1.03920877
8892,-0.750851393,0.455833405
8893,-0.72413218,0.54844898
8894,0.0998245478,-0.179698229
8895,-0.816186845,-0.0837496817
8896,-0.105023474,-0.604006708
8897,0.572557867,-0.141388491
8898,0.513761938,-0.781565785
8899,-0.590304673,-1.33393657
8900,0.410783201,2.43608594
8901,-1.45244992,-1.33784974
8902,1.71132839,-1.65738189
8903,3.9183917,-0.761824369
8904,0.279532462,-1.1739682
8905,-0.868031502,0.0123153646
8906,1.0002414,-1.27294362
8907,1.103984,2.27675414
8908,2.15803623,1.05991781
8909,0.956433654,-0.451283872
8910,0.848939359,-0.54655093
8911,0.665611327,0.411968112
8912,1.41415405,-0.420091867
8913,-1.06545806,1.23064756
8914,0.678896606,0.381251752
8915,2.08383226,-0.173769325
8916,-1.57139909,-0.212629974
8917,-1.37935841,-0.327996612
8918,-1.84911335,0.844011962
8919,-0.239920869,-0.239061296
8920,-0.87638402,-0.724374592
8921,-1.04926705,2.46869135
8922,-0.986897826,-2.33851123
8923,3.41296577,0.911055684
8924,-1.39433491,0.578424573
8925,-0.058098793,-0.731073558
8926,-1.86503828,-0.970463514
8927,2.1849668,-0.90791285
8928,0.65271771,0.127157912
8929,1.98474574,0.825730145
8930,1.808339,0.596105993
8931,-2.62429619,-0.622879803
8932,-1.71583331,1.70326364
8933,0.370336771,-0.292411655
8934,-0.550124526,-0.109625429
8935,-0.851451039,-1.9612627
8936,-0.600259304,0.527198553
8937,-0.537970901,-3.39467692
8938,2.11866021,0.974695504
8939,1.30563712,-1.03361285
8940,1.38590086,-0.962290525
8941,-1.09155166,0.457400173
8942,2.16739058,-1.02153671
8943,0.158524483,-1.94137597
8944,-0.772252142,0.506124318
8945,-1.77137947,-0.644037008
8946,0.52113533,-0.0345626101
8947,-0.714184582,-2.61120939
8948,-0.623840213,-0.445517838
8949,-0.256073177,-1.07538581
8950,1.98480451,-0.0720943063
8951,2.91675544,-0.587549746
8952,-0.842530251,-0.635283351
8953,1.01560485,0.82282269
8954,-2.82694221,-0.0861158147
8955,-0.820595264,-1.18294656
8956,0.376860142,0.198577777
8957,0.464167148,-0.204316691
8958,0.742310345,-0.466747969
8959,-0.356954157,-0.425956339
8960,0.41626212,0.0881939754
8961,1.4952209,0.528648317
8962,0.301228732,0.709145546
8963,-0.729330838,0.351711631
8964,0.228064939,-0.100213915
8965,-1.04178762,-0.155882686
8966,-0.0489265658,-0.22499074
8967,-2.09978986,0.951134384
8968,-1.75677037,-0.696743846
8969,-0.0526072085,0.232897073
8970,-1.37067962,-1.37879407
8971,-1.43126237,0.799402297
8972,-0.203013152,-0.143290132
8973,-1.78533232,0.289090872
8974,-0.827438474,-0.320478171
8975,-2.54886532,0.926573932
8976,0.958445132,-0.63320893
8977,-1.98736012,-0.929877996
8978,1.27624416,-0.670766771
8979,0.68880868,-0.250397146
8980,0.167892382,0.267239779
8981,-1.63762975,0.0627494007
8982,-0.0693558306,-0.936096966
8983,0.627111077,-0.57557708
8984,-0.329085916,1.80669677
8985,0.225982159,1.81940544
8986,0.526944995,-0.215786025
8987,0.624499738,-0.987372756
8988,-2.12998033,-2.65602326
8989,-0.419808745,-0.377435893
8990,-0.181342274,-0.532725334
8991,-0.413143963,-2.43792009
8992,1.19166243,-1.49243271
8993,-2.45032477,2.16591406
8994,0.243440434,0.287084162
8995,1.38955581,2.37060595
8996,0.631080031,-0.529484332
8997,-1.29924893,-1.70963824
8998,-1.98942697,-0.626693368
8999,0.248803854,-0.288114578
9000,-2.04670167,-1.63857055
9001,1.98602176,0.5821594
9002,0.511426926,0.0684128702
9003,-0.297005743,0.0595591925
9004,0.161162928,-0.18234089
9005,0.458488673,-2.49784398
9006,-1.13535309,0.448734969
9007,1.83083093,-1.73202682
9008,-2.55230546,0.181897134
9009,-0.404386193,0.0911575258
9010,2.74581814,1.23071861
9011,-0.487520546,-2.30589199
9012,0.77449888,-0.413442731
9013,0.235042095,1.4711405
9014,-0.654988229,-1.86073375
9015,-0.14955537,0.337447107
9016,-0.159166485,2.0116179
9017,1.98510969,-0.130386323
9018,0.334556162,0.0368572436
9019,0.316567808,-0.0848859102
9020,-0.411017209,-0.145364434
9021,-2.33665705,0.886667252
9022,-0.614626169,0.177922651
9023,1.31705999,2.27305007
9024,0.03679372,-0.180671573
9025,0.948730588,-0.15020135
9026,0.0702185556,0.944317043
9027,-0.0498394556,0.677556276
9028,-1.11904764,2.67472363
9029,0.387352884,-0.229937226
9030,-0.623248875,1.41546917
9031,-0.542036533,-3.36139178
9032,0.993545115,-2.11063123
9033,1.28119302,-2.49972677
9034,0.116300985,-0.417919606
9035,1.74411058,-0.113028154
9036,0.389474064,0.542496085
9037,0.401494265,0.588407278
9038,0.617527425,0.562203407
9039,-0.821374297,-0.359554946
9040,-0.561648905,0.223232597
9041,0.170309424,0.943147302
9042,-0.820637345,-0.0988080353
9043,0.258918673,0.0548860505
9044,-0.484433264,0.458560973
9045,-0.163446292,-0.128819257
9046,0.837897301,-0.260825783
9047,0.686132193,1.97554934
9048,0.374666214,0.329868585
9049,-0.721817791,0.366671771
9050,1.0359956,-0.353718072
9051,0.583485425,1.88547397
9052,1.06098008,-0.833915234
9053,-0.394278854,-1.29513299
9054,0.280666083,1.91056859
9055,2.33595204,-2.5603025
9056,-0.306379646,-0.184509665
9057,-0.662998557,0.276942432
9058,-2.06248379,0.851119816
9059,-0.578699231,-0.394499391
9060,-0.293536127,-0.254509449
9061,0.890708745,2.280972
9062,-0.610449612,-2.36781335
9063,1.50252199,0.801916718
9064,-1.38150775,-1.80671716
9065,0.565749049,-0.788152575
9066,-1.59187245,-0.873828411
9067,-0.420616299,-0.340010732
9068,0.40139848,-0.0392348729
9069,-0.254586279,0.0383867547
9070,-1.07544923,0.185027018
9071,-2.29959226,0.924524248
9072,0.0792832151,-0.15092051
9073,0.43260783,0.0750445276
9074,-0.107011952,0.569502115
9075,-0.438005954,-0.760574996
9076,0.224068508,-0.0375386402
9077,0.871288538,-0.419970691
9078,0.385498643,1.22606647
9079,-1.12695169,0.789817929
9080,0.36698398,-0.0496118739
9081,0.680687964,-1.35953391
9082,0.353880465,0.349173725
9083,-2.69145131,-2.61602736
9084,-1.37664878,-0.0565056764
9085,-1.61519551,1.44238555
9086,0.0960714296,-0.524342537
9087,-0.299814075,0.116883948
9088,-0.22826831,-0.069424361
9089,-0.182705656,0.881329298
9090,0.386780471,0.17238529
9091,-0.399208099,0.742006898
9092,0.625373423,-1.58518219
9093,0.891934276,1.06851482
9094,-0.726901531,-1.68220806
9095,0.271592766,-0.486052454
9096,1.35635602,1.87258041
9097,1.43292224,0.956409395
9098,0.827342808,0.137829125
9099,-0.46847412,-2.18643475
9100,-0.246810019,0.822728634
9101,-2.21556354,0.12541315
9102,0.0519646257,-0.215085432
9103,-0.0728259832,1.06508398
9104,0.243986025,0.235001326
9105,1.11393404,-1.57008481
9106,-0.254926533,0.210720897
9107,2.3568809,0.922267199
9108,-1.47725236,-1.41666365
9109,-1.18809903,-1.10259008
9110,1.19729388,-0.061237514
9111,0.953511894,0.0252658166
9112,0.108719915,-0.00903743785
9113,-0.557247221,-0.249998882
9114,-1.23571408,-1.069664
9115,-0.249989927,0.11746303
9116,2.27152634,1.81104302
9117,-1.69906282,-0.00640496705
9118,-3.08109593,3.22127604
9119,0.608958483,-1.08156133
9120,-0.304792732,-0.633582652
9121,2.6936965,-0.336096346
9122,-1.53192079,-0.428713053
9123,1.23405874,-3.13101006
9124,-1.27428794,-1.3141588
9125,0.128187552,1.17281294
9126,-0.610859811,-0.762416244
9127,-0.667505205,0.495007843
9128,0.908233345,0.537343144
9129,0.388263673,0.865792751
9130,1.08750212,-1.31043577
9131,-1.33625817,-1.49830711
9132,-0.584342659,-1.64558768
9133,0.158309147,-0.213580012
9134,-2.17723536,0.340348989
9135,0.19689849,-2.5343008
9136,0.288385183,-0.474806547
9137,1.06715572,0.242958009
9138,0.382512718,-0.219777629
9139,1.36035383,1.29477763
9140,-0.167589858,0.0404638015
9141,-0.0948927626,-0.423621297
9142,-0.752543509,0.755512416
9143,-0.0771912783,-1.13191724
9144,1.66941905,-1.81002164
9145,2.00831056,0.0722671747
9146,-0.280803591,-0.854883134
9147,-0.153452039,0.235476181
9148,1.13504231,-0.342212319
9149,1.5147357,-0.292881846
9150,-0.241694346,1.21463573
9151,-1.09154165,-0.100044303
9152,0.560216367,1.10583031
9153,1.78330326,-0.205595121
9154,-0.326136917,-0.102257155
9155,1.0519942,-1.40681386
9156,-0.707184911,0.623803377
9157,0.206497788,-2.66268563
9158,-0.310579598,-0.743062139
9159,0.870573759,0.836206198
9160,0.378487647,0.345719397
9161,-0.211925939,-1.55544901
9162,-0.24849616,-2.36369252
9163,-1.92423308,0.393250525
9164,-0.202140287,0.197145805
9165,-1.14036739,1.39021957
9166,-0.650709212,-0.55545485
9167,0.447906822,-0.104920834
9168,1.00490308,-1.13975382
9169,-0.383464783,-0.975892723
9170,1.00655997,2.42544317
9171,0.350004345,-0.189817742
9172,-0.0384994932,1.03925955
9173,1.24675822,1.78045833
9174,-0.0125092976,0.293484181
9175,-1.3239795,-3.09874701
9176,0.80858922,-0.00313695823
9177,-0.0998334214,0.215981692
9178,2.12982583,1.02984858
9179,0.171188831,-0.338570803
9180,-1.44840801,1.4355433
9181,2.73857856,1.96426988
9182,0.465528429,-0.536544442
9183,-1.37341726,-2.51500607
9184,1.14779639,1.30963957
9185,-0.742998481,0.816212177
9186,0.0334673151,-0.400828689
9187,0.302798092,0.0986356288
9188,0.336151451,0.0700074881
9189,1.09116864,-0.521031678
9190,0.345689058,-0.635246873
9191,-1.15015185,-2.31894183
9192,0.968446851,-0.970530927
9193,1.63657713,0.523110986
9194,1.04430771,0.520669937
9195,-0.311687142,0.575219393
9196,-0.413700461,-0.413151383
9197,0.0715562925,0.376254141
9198,0.996661603,-1.02633631
9199,0.0131916152,0.171664387
9200,0.0426480398,0.385597169
9201,-1.31125534,-0.763215125
9202,-1.17369103,-1.10499227
9203,2.98756623,0.879373848
9204,-0.0569938645,-1.28130364
9205,1.58453906,-1.1931771
9206,0.916359425,-3.22712755
9207,2.65752316,-0.635477483
9208,-0.271273404,0.562631845
9209,-1.56556642,0.892211914
9210,2.08910871,2.25386167
9211,0.9192186,-0.352099121
9212,1.55419731,1.1494205
9213,0.431491345,1.41354942
9214,0.637905777,0.618630052
9215,0.314458221,0.712517142
9216,-0.0634469017,0.952190578
9217,-1.8348093,3.09303355
9218,2.27057409,-1.27400589
9219,-0.360557735,-1.61424553
9220,0.0829518884,-0.858601093
9221,-1.15288031,-1.68605757
9222,1.90738857,1.09398472
9223,-1.74838638,-0.493712723
9224,2.50212979,-1.20897484
9225,0.0567971095,-2.83855414
9226,-0.547299981,0.0240541603
9227,-2.13039637,-0.0825724602
9228,2.42652774,0.709150076
9229,0.321656644,0.495677352
9230,0.0158316735,-0.428913414
9231,1.25440991,0.836901128
9232,-0.230447635,-0.502644062
9233,0.823237777,1.6208632
9234,-0.175503731,-0.430239618
9235,-0.566179097,-2.21513677
9236,0.0465480983,-0.961171746
9237,-0.23718144,0.0179614034
9238,2.11088014,-0.101828583
9239,-0.971757829,0.0563781969
9240,0.233809963,-0.166917592
9241,2.46689439,-0.0304707903
9242,0.348800838,-1.31261539
9243,1.0107193,-1.39657724
9244,-1.30220819,-0.599738419
9245,-0.250725955,-2.98489714
9246,-0.790233791,-0.423811167
9247,3.62769651,1.16572499
9248,0.142054826,1.22852564
9249,-0.198232785,-1.33316648
9250,-1.67655194,3.21094704
9251,-0.275117666,0.281840652
9252,0.124964356,0.205176011
9253,1.45922267,0.838463783
9254,-0.393095016,1.5348711
9255,1.05602193,1.23954952
9256,0.662446737,0.12736845
9257,-0.226989985,-0.0042108437
9258,0.946426749,-0.877461374
9259,2.23357201,0.954490662
9260,2.8820219,1.73227787
9261,0.732961357,-0.801508427
9262,-0.326702416,0.535854995
9263,-0.399014235,0.334534734
9264,0.683969557,0.403896213
9265,0.395642519,-0.102624305
9266,0.223216325,-1.23979104
9267,-0.159368902,-0.0850244612
9268,0.578997493,2.0513742
9269,0.0335143395,-0.587863326
9270,0.126150846,1.601138
9271,-0.214204416,-0.272338957
9272,0.583632886,0.780004144
9273,-2.21581006,0.0235326327
9274,-0.243685395,-0.663415372
9275,-0.223012015,2.42032051
9276,-1.00514841,-0.339745909
9277,-1.04217601,-0.396440715
9278,-0.047922615,-0.806669056
9279,-1.6389935,-0.273015738
9280,0.141922414,-0.109192431
9281,2.51971102,1.64183903
9282,0.508343041,-0.608578265
9283,-0.212461337,-0.040374767
9284,-1.13536894,-2.79638433
9285,-0.0970123857,0.0890319422
9286,-1.63939905,0.35136348
9287,0.259049833,-0.105005547
9288,0.200555474,-0.147186488
9289,0.735013306,1.46549487
9290,-0.168183655,0.130307212
9291,-0.0951021984,2.31074905
9292,1.04395318,1.2425369
9293,0.655958295,0.381959707
9294,0.89291209,-0.143177718
9295,-0.320847511,0.615686238
9296,0.0310272146,0.242359981
9297,0.531816244,-1.69528556
9298,-1.28830492,-0.33446461
9299,-0.0115563367,-0.184219256
9300,-0.0254205894,-1.26743555
9301,0.879359782,0.548314691
9302,0.928684473,1.40160394
9303,1.08375943,0.423485786
9304,1.90149391,0.55678165
9305,0.254106075,-0.0441500209
9306,-0.242342263,2.86462355
9307,-1.06387544,0.623296559
9308,0.565752923,0.468851984
9309,-1.77897608,-2.50292373
9310,0.586130619,-2.32404733
9311,-1.24301231,0.0949751511
9312,-0.359080851,-0.264504761
9313,0.519583642,0.231956691
9314,0.777021587,1.54343212
9315,1.44271219,1.23901451
9316,-1.080778,0.0106103979
9317,1.00657523,0.36841765
9318,0.396259457,0.465405852
9319,0.124256447,2.35257411
9320,0.146098688,-0.073471643
9321,-0.322949558,0.068071112
9322,-0.150513843,0.962239742
9323,-0.15564841,0.882406056
9324,5.39098072,1.70224595
9325,-0.264432073,-0.143066555
9326,0.807585239,-1.31879377
9327,0.308589309,-0.268963277
9328,3.29883218,-1.03634572
9329,-0.437240601,0.168497294
9330,2.09812641,0.260165691
9331,0.587662518,0.139095426
9332,-0.334097922,-0.501254737
9333,1.01160884,0.237226188
9334,-3.7671001,0.126220167
9335,0.691285729,0.399627477
9336,-0.931331933,-2.01559639
9337,0.30255571,1.2105062
9338,-0.22835274,0.0355048552
9339,2.56156969,-1.06805933
9340,-0.579525054,0.165467009
9341,0.727969587,0.731139481
9342,-1.89860201,-1.3949796
9343,-0.226835787,-0.279147476
9344,-0.769604027,0.134419516
9345,-0.582861185,0.609884381
9346,0.536901295,0.899090528
9347,-1.97091138,-0.979884744
9348,-2.02900982,0.351651818
9349,0.301102847,-0.281362385
9350,-2.84455276,0.492956191
9351,-1.02699149,-0.618367016
9352,1.03745306,-0.548984289
9353,-0.774425924,-0.201802403
9354,-0.61789906,-2.49271226
9355,-0.178580329,0.0663949624
9356,0.399375647,0.455701143
9357,0.511706233,1.87113309
9358,-0.541833401,-1.37564957
9359,-0.11550156,1.20507276
9360,-0.577382565,2.74996948
9361,1.4395895,-0.513186932
9362,-2.26139235,0.924335539
9363,0.399390757,-0.0675994903
9364,2.2786696,4.83372068
9365,-0.0201514941,0.72354871
9366,0.901822627,0.413799942
9367,1.29394758,-1.01365817
9368,1.47184026,-1.13935983
9369,1.99792087,-0.552347779
9370,-1.22362626,-1.47720265
9371,1.35178828,-0.91316855
9372,0.503905177,0.371654093
9373,-1.73417413,0.830834925
9374,0.840362251,1.77051306
9375,-0.708956242,1.27404046
9376,0.338539243,0.355577111
9377,0.383549154,-0.550243378
9378,0.651268899,-1.47677493
9379,-0.940937459,0.550073147
9380,3.59341741,0.101736687
9381,-0.028631879,0.573473096
9382,-0.543504953,0.39666754
9383,0.210005835,-0.123392381
9384,0.0524227135,1.1182611
9385,0.411741704,0.262753338
9386,-1.70692575,-2.08004403
9387,0.513047278,0.653252184
9388,1.3676821,-0.25859198
9389,-0.158563927,0.100936897
9390,0.286081553,0.704129875
9391,0.0862997919,0.299348831
9392,0.909472406,2.3467505
9393,-0.607942224,0.84097904
9394,0.81831795,-0.162611812
9395,3.28811193,-0.724257827
9396,1.40511167,0.220448479
9397,1.19859469,0.349171549
9398,-0.000148030289,-0.930497468
9399,0.431271255,1.24139762
9400,-0.626314402,0.197102949
9401,-1.78415561,0.235225007
9402,0.200475231,-0.385522336
9403,-0.607925773,0.579491377
9404,1.85161424,-0.510520339
9405,-0.33301726,-0.297209233
9406,-1.58820343,3.77987647
9407,-0.760343492,-0.218288958
9408,-0.0478949472,-2.65616012
9409,-0.159153849,0.151732534
9410,-0.938729405,-1.0079689
9411,-0.715829968,0.707419217
9412,1.42637146,-0.116943009
9413,0.207511976,0.26544416
9414,2.11656761,1.30429626
9415,0.502730489,0.612399876
9416,1.54941952,-0.89768362
9417,-1.51849496,4.49261093
9418,-1.17910957,-1.00263309
9419,0.459942728,-0.609693289
9420,1.48924947,2.67845273
9421,-1.99407136,2.54873729
9422,-0.0838885307,-0.576016605
9423,-0.144898742,-0.0825321227
9424,-0.242331371,0.305716634
9425,0.855707824,-1.24134243
9426,-1.62656915,-0.093049936
9427,3.17751861,1.33924103
9428,0.682058871,-0.801988304
9429,-0.45816499,0.0882799774
9430,-1.31733954,0.577528179
9431,0.813755095,-0.671452999
9432,0.584444761,1.36612952
9433,-1.9539988,0.632453263
9434,-2.08014917,-0.515434802
9435,0.402065754,-0.530213773
9436,-0.240583465,0.764180005
9437,-0.298461229,-1.0126127
9438,0.187627971,0.185310945
9439,-0.392658889,1.04092085
9440,-0.972879887,0.0627669469
9441,0.246313632,-0.0898080692
9442,0.252006948,0.614192724
9443,0.68606019,-0.097058557
9444,-1.0550859,0.592876315
9445,2.12148666,-0.207126155
9446,0.609951675,0.559332728
9447,-0.552601755,-0.668833911
9448,0.117445424,0.106310569
9449,0.449157387,0.854684651
9450,-0.556414068,-0.48952201
9451,1.30305588,-0.459389746
9452,-0.525945604,0.343880981
9453,1.1092087,0.0631881207
9454,-0.114399269,-1.55386531
9455,-0.56861347,0.58416158
9456,0.774179876,-0.21231389
9457,-0.192893609,-0.406607777
9458,1.08334768,-0.873382151
9459,0.709236562,0.736912549
9460,0.206592247,-1.08436096
9461,0.534170866,2.27841663
9462,1.43124211,1.14318955
9463,-1.12262952,1.88458908
9464,-0.204735458,-0.00887896959
9465,-1.24855268,-3.87570453
9466,0.169083863,-0.0397121087
9467,0.695546687,0.119068101
9468,-0.0291353222,-0.151084572
9469,-2.44419312,-0.888749182
9470,-0.991125882,-0.28823638
9471,-0.748190999,1.15277779
9472,1.09857309,0.02691691
9473,1.86796033,1.01420796
9474,0.0526412092,-2.18367147
9475,-0.0296087433,1.56724048
9476,-1.1970017,-0.234757334
9477,-1.86319697,-0.571576715
9478,2.58579302,2.20062685
9479,0.453615487,-0.100752294
9480,1.61645484,-0.893075824
9481,0.131503463,0.383844525
9482,3.32455993,0.819941878
9483,0.316220701,0.327892244
9484,1.12247658,0.874228358
9485,-0.926038086,-0.481821299
9486,1.14730608,1.11886907
9487,0.0497816801,-0.322526962
9488,0.0937515497,0.224764377
9489,0.142020062,-0.573500812
9490,-1.75729704,2.51716423
9491,0.266346782,0.357893527
9492,-1.62695289,2.59658289
9493,1.22733903,-0.208540261
9494,0.823040485,-0.409142584
9495,0.20421803,0.597875476
9496,-1.58820605,1.8075999
9497,2.94907212,-0.099126935
9498,0.659677327,-1.13717854
9499,-0.273223132,0.354576051
9500,-0.011863241,0.355898708
9501,1.30059946,1.31919038
9502,0.112036653,2.751647
9503,-0.434002936,-0.838775754
9504,-1.00623667,-0.00793640409
9505,0.738593102,-0.184844047
9506,0.92573154,1.3835113
9507,1.58942461,-0.809446216
9508,0.4046624,-0.753663719
9509,2.3040204,-0.586439908
9510,-0.535732806,-0.608991742
9511,-1.12687194,-0.930559158
9512,4.302876,1.43749535
9513,-0.193092048,0.0110861557
9514,0.591696918,-0.253782004
9515,0.973706722,-0.248788521
9516,0.563830435,0.355064332
9517,1.62678134,0.089372091
9518,0.0193324201,0.00425078953
9519,-1.168414,1.60991085
9520,-0.797550559,-0.807552576
9521,1.36468053,0.688376427
9522,-1.20324898,-0.191847399
9523,-0.58404845,0.595470905
9524,0.477554262,-0.264195412
9525,0.195059821,-1.89111578
9526,-0.836942911,-1.22975016
9527,-0.345399529,-0.634506822
9528,-0.231343925,-0.148583695
9529,0.408213049,0.510515034
9530,-1.34865952,-0.78439045
9531,0.27865234,-0.44236806
9532,-1.13543367,-2.94096041
9533,-1.15477788,1.76722932
9534,0.181669757,-0.0615652092
9535,-0.332980096,0.754695117
9536,-1.83307624,-1.21892893
9537,-1.04020727,0.419615775
9538,-0.636781454,1.11595845
9539,2.63748503,0.432418197
9540,1.65431845,-0.35259071
9541,1.32360268,1.25403428
9542,-2.66425848,2.68895173
9543,-0.630847514,-0.650272787
9544,-0.924038112,-1.06993771
9545,0.405377328,2.75555301
9546,-1.2559427,-1.48848665
9547,0.331232429,1.04976833
9548,-0.847789586,0.633325517
9549,-1.13748193,-1.12469482
9550,0.828219712,2.45022249
9551,-0.547068536,-0.170691997
9552,0.207939446,-0.0454090238
9553,1.69160748,1.29643548
9554,-0.389878869,-0.22706911
9555,-0.0244507883,0.881631255
9556,-0.503841281,0.981931567
9557,0.327111065,1.08755898
9558,-0.00189552712,-1.12322891
9559,0.240236729,-0.399801135
9560,0.161845535,0.111597076
9561,1.51438284,-0.455568433
9562,1.37075436,0.977340758
9563,-1.95458233,-3.11425328
9564,-1.5264504,0.951738775
9565,-0.0969458818,-0.532347918
9566,-2.41498685,0.57641232
9567,2.16191888,-0.48526141
9568,0.190404251,0.156717181
9569,-2.42089629,-1.39607322
9570,2.38950443,-2.40253687
9571,1.74081421,-2.59388018
9572,-1.27255058,-0.0595555641
9573,2.68389106,1.46286821
9574,-1.31943738,-1.10213661
9575,0.0717757121,-2.95605159
9576,0.0872957185,-0.478516281
9577,0.326719522,0.582860947
9578,-0.0701920465,-0.308375716
9579,1.35726511,-1.41201425
9580,-0.131431788,-0.0612723902
9581,0.754906714,-0.108703025
9582,0.147476837,0.500785708
9583,-1.43296266,-0.355924129
9584,-0.649252355,-0.147892118
9585,0.242532611,0.589844584
9586,0.792513549,0.163464352
9587,4.05785275,-3.17172694
9588,-1.31352103,0.0232850369
9589,0.128562719,-0.277811617
9590,0.243998289,-0.495909452
9591,-0.294519037,0.0905970633
9592,0.450818598,0.67547369
9593,0.156556368,-1.70427799
9594,0.589903653,1.10778105
9595,-0.110780239,-0.608906686
9596,0.423125267,0.139530391
9597,0.747487426,0.561273634
9598,-0.308410585,0.719854355
9599,1.94062459,2.50513434
9600,2.72379136,-0.72160393
9601,1.46613514,-1.2429378
9602,0.256185919,0.441394717
9603,-0.232292533,0.0711502805
9604,0.161913916,-1.26711082
9605,0.24791719,0.895332098
9606,0.487510711,2.62001967
9607,-0.682879388,0.422075778
9608,0.439671606,0.181480393
9609,2.09301543,0.672933936
9610,-0.0802327767,-0.240035102
9611,1.5883671,0.407764077
9612,-0.69008708,-1.26513267
9613,-1.84443784,0.948663592
9614,0.216468796,-2.12126899
9615,-1.1096915,-0.0915767178
9616,-0.255431563,0.834005594
9617,-0.808462977,-0.0279867146
9618,-0.102531768,-0.21243909
9619,3.46980977,-0.0637270138
9620,0.294001877,0.102592498
9621,-0.0206792038,-0.253119916
9622,-0.500490248,0.0839410424
9623,1.12551379,-2.59286046
9624,0.208724126,2.94485593
9625,-1.47597933,0.89628005
9626,0.396714687,0.903415501
9627,1.01701164,0.453038454
9628,-2.04249597,1.11400306
9629,-0.256737709,-0.443358153
9630,0.0169787053,0.947071493
9631,0.901044071,0.802819788
9632,-1.74749541,-1.49711096
9633,-0.813945413,-2.30024958
9634,0.93957895,-0.71000874
9635,-0.017392436,1.75476372
9636,0.715292811,-0.510141373
9637,0.304073542,-1.25409877
9638,-0.752115846,0.276315182
9639,0.289194465,-0.895319939
9640,-0.206913933,1.06185746
9641,-0.859009624,0.976250529
9642,-0.290413469,1.18638766
9643,0.713312745,1.91851199
9644,-0.868907392,0.257463634
9645,0.800475657,1.05952966
9646,-0.672818363,-0.202880308
9647,0.182381019,0.212852687
9648,-1.21581137,2.56866026
9649,-0.721475661,0.905838192
9650,-0.143921152,0.118603095
9651,-0.780448914,-2.23795533
9652,-1.95281112,-1.11315453
9653,-0.0144389765,0.0832389668
9654,-1.72208464,1.19869733
9655,-1.29726744,-0.429823756
9656,0.637878478,1.24282956
9657,-2.00724339,4.35570812
9658,1.21298432,0.990042567
9659,-0.407857239,-2.46366906
9660,-0.46934846,0.00715816906
9661,-2.74110508,-0.0505724549
9662,1.18036842,-1.25695288
9663,-1.41286588,-0.15671134
9664,-0.898165584,0.344260335
9665,0.351982266,0.936822236
9666,1.23474181,0.576364517
9667,0.779987812,-0.820193589
9668,1.23317695,-1.62469089
9669,0.702983499,1.16895366
9670,-1.1012398,-1.74812174
9671,-0.21722284,0.0290942658
9672,1.22768652,0.113689691
9673,-0.776469111,-0.580547869
9674,0.0681591555,-0.628331959
9675,-1.06823313,-1.06150305
9676,-2.0451057,0.813739419
9677,-0.94487524,0.322817534
9678,0.50636816,0.655709445
9679,0.103296109,-0.124701552
9680,0.310823202,-0.178415313
9681,0.740779281,0.535999
9682,-1.51835883,2.13485241
9683,0.652117014,-0.382511824
9684,2.84038591,2.03804159
9685,0.523502767,-0.514413536
9686,-0.122168653,-0.589978158
9687,-1.63615882,0.854193509
9688,-0.364345014,-0.524559498
9689,-1.09099233,1.08932352
9690,1.17021167,0.801724553
9691,1.64340687,0.362237006
9692,0.51188612,0.929316103
9693,-2.15096784,0.561382353
9694,-0.107636549,2.87716913
9695,1.27231884,-0.499944299
9696,-0.288586974,0.179019153
9697,0.399246424,-0.885636747
9698,-0.216614231,-0.160480514
9699,-1.25142145,-0.537999988
9700,-0.35507673,1.31310308
9701,-0.785784304,0.152861759
9702,-1.00899673,1.95581305
9703,-0.101674728,0.0471892357
9704,-1.36407506,0.476125747
9705,0.269730866,0.448591322
9706,1.20174229,0.522049546
9707,0.883609533,-0.268907994
9708,0.0847913548,0.859175563
9709,-0.291871786,-0.210537389
9710,-0.161258802,-0.776037872
9711,2.36939621,-3.68293595
9712,2.69088125,3.00184393
9713,1.24330294,-0.771289945
9714,-0.901451826,1.13809836
9715,-1.79863977,-0.196229443
9716,-0.86324805,0.586530447
9717,-0.482110888,0.388301998
9718,0.719780087,0.943314314
9719,0.0854614004,1.06396687
9720,2.41013074,-0.996996105
9721,0.191786498,-0.161760598
9722,-0.213709071,0.999183476
9723,-0.109399788,-0.0291935243
9724,0.650987685,-0.817161024
9725,-0.289432168,0.0817541555
9726,1.92406285,0.199463874
9727,0.932314873,-0.54884088
9728,0.0565373339,-0.150687158
9729,-0.433393747,-0.323283434
9730,0.111089163,-0.414236218
9731,1.0248121,1.52594244
9732,-2.04604173,2.07538867
9733,-0.111040428,0.433499038
9734,0.298418105,0.749338865
9735,1.27043414,-1.15657997
9736,-2.1858716,-1.03309417
9737,-2.51838279,-0.807752013
9738,0.816099465,-0.541255713
9739,0.890458345,0.950398028
9740,0.105049193,-1.01827157
9741,-1.09374857,-0.265791923
9742,-0.138237551,-0.653175771
9743,0.219743252,-2.88392401
9744,1.0517689,-0.421649784
9745,-0.647759199,1.19472456
9746,1.66372192,-3.01177263
9747,-0.573647499,1.72881341
9748,0.234700546,0.431880951
9749,-0.195377097,0.170831576
9750,-0.207948714,1.59827793
9751,-0.696030736,-0.994169354
9752,-0.62309742,-2.0322516
9753,2.63968301,-2.56563187
9754,-1.17544377,-1.30666387
9755,-0.190649256,-0.0953055322
9756,0.219230607,0.716965437
9757,-0.584325075,-1.02797055
9758,-0.247771204,-0.956045032
9759,-0.824258149,-0.779949427
9760,-1.41158116,0.982921898
9761,2.41666937,-0.565013289
9762,-1.55882978,1.20210814
9763,-1.70107305,-0.0151649797
9764,-0.253771096,-1.0924015
9765,-0.107911162,-2.51098967
9766,-2.98846054,0.885043502
9767,-0.652394354,-0.678330541
9768,1.18636692,0.120972991
9769,0.331526905,-1.69703019
9770,1.31393409,-2.11982369
9771,-0.378504306,1.46555698
9772,1.72926664,0.570779443
9773,2.03196216,1.952425
9774,1.02309299,1.26643085
9775,-0.00931631867,1.34983706
9776,-0.122908026,-0.690030158
9777,0.678937495,1.4276042
9778,-1.01368439,-1.5622263
9779,-0.349229813,-0.876615942
9780,-2.06356263,-0.305233419
9781,-0.734292626,-0.697444737
9782,1.10578239,1.59564042
9783,0.514192641,-0.260726154
9784,2.03630066,0.534775555
9785,-0.472355783,0.58491832
9786,0.211969629,0.531927109
9787,0.984464705,0.418603092
9788,0.66759479,-0.106189258
9789,0.00254139886,-0.262314498
9790,0.334466547,-0.62468189
9791,0.305609345,-0.293835133
9792,-0.178147301,-0.634079814
9793,1.29447901,-0.730508685
9794,0.835110307,2.22417808
9795,0.175808147,-1.69226336
9796,-0.656185925,-1.91677284
9797,-0.843509257,0.042840194
9798,-0.370431691,0.775518417
9799,1.31217813,-2.12170291
9800,-0.973813355,1.19287598
9801,1.18738651,-1.00388932
9802,-0.96935147,0.713815272
9803,0.420576572,-0.199935138
9804,-0.327291131,1.61823809
9805,-1.48191297,-2.19497204
9806,0.385295987,-0.74110359
9807,-0.159515694,0.0812376961
9808,-0.976131439,0.251209766
9809,-1.73430479,-0.0918221325
9810,0.225913882,1.12961936
9811,-1.49260175,0.543843806
9812,1.48614478,0.10211724
9813,1.81474113,1.3856467
9814,0.211322993,1.07371569
9815,3.50768399,1.64130509
9816,1.2060411,1.65299416
9817,0.626084685,0.155176327
9818,2.04077053,1.01502717
9819,0.113581397,-2.00822735
9820,-1.33141243,0.936901093
9821,-0.30872497,-0.274721652
9822,-1.59811676,0.111178622
9823,-0.935924709,-1.00192845
9824,-0.223402351,-2.12536073
9825,-0.488154382,-3.20831537
9826,3.32940626,-0.21954599
9827,1.22312963,-0.241113439
9828,1.32481384,0.991071403
9829,1.6444571,-0.906103253
9830,0.777508616,-0.168976709
9831,0.157500297,-0.339146763
9832,-0.16201821,-1.63875902
9833,0.3386437,-0.503402352
9834,-0.193161502,-0.606384575
9835,0.278520435,-0.90376085
9836,-0.265813679,-1.7277137
9837,-0.511508524,0.529079258
9838,0.778048337,0.406060666
9839,0.283823699,-0.916021466
9840,-0.182260871,-0.0226402637
9841,-0.747918069,-0.589836836
9842,1.51802814,-1.90137517
9843,-1.46516097,2.25514817
9844,-0.825775027,-0.321232349
9845,0.148541898,0.428198069
9846,1.19859338,-1.57054055
9847,0.35699445,0.622552514
9848,-1.21845424,0.108906373
9849,-0.286791682,-1.08894241
9850,2.51624298,1.77201605
9851,0.922457218,-0.393979102
9852,-0.203245297,0.481494725
9853,-0.1375833,-0.888188541
9854,-0.865484536,-0.417300731
9855,0.308338583,-0.842525899
9856,-1.82579744,0.0868225545
9857,-0.6750772,-0.0554994717
9858,-0.646508813,0.842327952
9859,-0.380258799,-2.65643311
9860,0.188037872,-2.20454407
9861,0.719987035,3.42909217
9862,-0.801844358,-3.25678325
9863,-1.74371457,2.22043276
9864,-0.656480551,-2.09875607
9865,0.279576004,-0.0938676
9866,2.04769301,2.08340693
9867,-1.27705169,1.72636437
9868,0.365260571,0.137826264
9869,0.0448635034,-1.23874223
9870,1.45317125,-0.611516535
9871,0.757863462,0.222165927
9872,-0.168711931,-0.0335029662
9873,-0.0122599881,-0.477120847
9874,1.9227103,0.18693383
9875,1.70627487,0.197677061
9876,0.25861159,0.0874022469
9877,0.857543468,0.439789116
9878,0.781480789,-0.0529157855
9879,-0.175907284,-0.201686084
9880,-0.573189199,2.46959567
9881,-1.79118466,1.84127879
9882,0.467719853,-0.447278678
9883,0.529705405,-1.14844358
9884,0.666841269,-0.126623735
9885,-3.52674198,-2.53631639
9886,0.356290013,0.464870274
9887,-0.623866558,0.550805271
9888,-0.976824045,1.20766747
9889,-0.734341383,0.3842915
9890,-0.937549353,-1.17421317
9891,1.41655684,2.36798596
9892,0.853657782,2.28853273
9893,-0.130174518,0.672748744
9894,-1.12900519,2.4865787
9895,0.745208323,0.676913559
9896,1.46894383,-0.8261078
9897,-1.22754753,-0.495881826
9898,-0.764629841,0.14954786
9899,0.134203002,0.269879937
9900,0.503535509,-1.59978759
9901,0.928179562,0.529970527
9902,-0.376401901,0.46673885
9903,-0.033767689,1.43839276
9904,1.23524153,-0.637603343
9905,-1.47931731,-2.15834904
9906,-0.657920241,0.469920665
9907,-1.61154079,-0.85163033
9908,-1.77521515,-3.178895
9909,0.225141674,1.12155533
9910,0.169781744,-1.953022
9911,0.219086587,0.45782119
9912,0.194793731,-1.52394009
9913,0.0239984766,0.366389215
9914,-0.100853182,-1.2369535
9915,0.294742376,1.00107193
9916,1.20129085,-0.0633805543
9917,-3.37193179,0.833800972
9918,0.676467776,-1.02337778
9919,0.540848196,-0.611165822
9920,-1.63268387,1.31687379
9921,2.23026705,1.1573447
9922,-0.219915807,-0.101959623
9923,0.0788712129,-0.336954415
9924,1.33281684,2.16154003
9925,-0.163786843,-0.14839831
9926,-1.16229653,0.751865208
9927,-0.550969064,-0.461265802
9928,-0.247731924,-1.17039526
9929,-0.255010813,0.0858443081
9930,-0.342968434,1.34433866
9931,2.50829864,0.392436743
9932,1.35140133,2.55124521
9933,0.913838446,-0.913876832
9934,1.06009805,-0.610578775
9935,-0.820072055,0.963378429
9936,-0.285408258,-0.44132638
9937,0.545810699,0.138835728
9938,-0.494079381,0.758817971
9939,1.06548369,0.430573404
9940,0.468805045,-0.323815525
9941,-0.289045572,-3.21503711
9942,-0.791371584,-1.1786809
9943,-0.95149833,0.957925022
9944,-1.11090672,2.89706993
9945,-1.05893898,2.50693107
9946,-2.88062716,-1.16156864
9947,1.98577249,2.89391446
9948,-1.92387581,0.611666441
9949,0.210963264,0.327256858
9950,-0.0969097093,0.891947389
9951,0.480901331,0.793745041
9952,-0.522321939,-0.568944216
9953,-2.01129293,0.00527160242
9954,-0.188401699,0.0583723448
9955,1.25246811,2.21378326
9956,-0.166722849,-3.10308361
9957,0.0780370012,1.08557296
9958,-1.55618572,-0.144717574
9959,1.65509379,-0.791217268
9960,-0.519017577,-0.529345334
9961,1.50765741,0.553847373
9962,-0.889843941,-0.0122903856
9963,0.843968272,-0.567200422
9964,0.715954423,1.05826688
9965,-0.365834355,0.378395885
9966,2.21338153,-0.95645225
9967,-0.771866202,1.61236215
9968,-2.66594005,-1.5832392
9969,-1.01528966,0.413276166
9970,1.02348721,-0.472280085
9971,-0.00160343247,0.0673415288
9972,-1.39333296,1.53518772
9973,-0.890252292,0.357239902
9974,1.30034065,0.662968516
9975,-1.30204093,-0.601814449
9976,-1.01109958,-1.65492105
9977,-0.934078932,-0.222138584
9978,0.193032354,-0.813789725
9979,-2.52137089,0.035777647
9980,0.67364651,0.0489186272
9981,-0.517676294,-0.532826245
9982,-1.72998178,-3.45745444
9983,-0.446706712,-0.538078249
9984,0.751720846,-1.24564755
9985,-0.0240002405,1.24491692
9986,0.197591364,-0.176547244
9987,-0.43042779,-0.364370286
9988,-0.408142358,-0.0525145866
9989,0.871370792,-1.06849873
9990,-2.37657857,1.84369922
9991,-3.28484821,-0.594078183
9992,1.3681792,-1.23131227
9993,0.0242973343,-0.921317458
9994,-0.593462527,-1.01662135
9995,0.0881250128,-0.593925536
9996,2.02429104,-0.561443031
9997,1.97600269,0.56288445
9998,0.118110366,-0.198461011
9999,1.14061332,0.683727086
