index,acc_x,acc_y
0,1.26988184,0.194475785
1,0.472646177,-1.23669958
2,-1.26090145,0.60491395
3,1.93070722,0.127700016
4,1.53788984,-1.22620535
5,-0.0834057406,0.430333495
6,-0.775541604,2.21209908
7,1.8029778,2.32309866
8,-1.03712344,0.00978435669
9,0.490200728,-1.20400977
10,-0.093303144,0.305524826
11,-0.713992715,1.09614193
12,0.741064787,-1.32472479
13,-0.213454008,0.873357117
14,0.213574484,0.629799783
15,0.230804473,0.330106944
16,1.67056227,-0.547687829
17,-1.6671809,-1.70669174
18,-1.22380126,1.05683351
19,-0.129470974,0.185173854
20,-2.75888252,-0.6216501
21,0.341295838,-0.1010805
22,0.517429173,1.22339404
23,-0.729112804,0.0771846473
24,0.615251899,0.324536592
25,-0.0270321146,-0.508989036
26,0.551737309,0.106948361
27,0.436834902,0.827688694
28,-0.839467227,-0.331357092
29,-0.441813231,0.170475885
30,-0.524614275,0.135815367
31,0.935064256,1.82086313
32,2.09110117,1.13408375
33,-0.161825731,0.691666722
34,-0.0401799083,-1.35156524
35,-0.474324226,0.254696995
36,-1.20683479,-0.793212056
37,-2.78695679,0.760100663
38,0.0311671719,-0.152252868
39,0.31462869,-0.12748377
40,1.63524759,0.175219804
41,0.340859741,1.61551285
42,-0.688195527,0.557560265
43,-0.0617079139,-1.26465201
44,1.14470911,0.379434019
45,-1.82853365,-1.09411883
46,-0.0162213184,0.220669478
47,0.308900088,0.478533
48,2.10041261,-1.68556964
49,-2.33207512,2.07831073
50,0.990003884,-0.45979166
51,-1.56420004,1.04932463
52,2.58428597,0.113444038
53,-0.711917162,-0.292452037
54,0.678924024,-0.884944379
55,0.145689681,-0.191052049
56,-0.370754778,1.58423352
57,-1.12428606,-0.534607053
58,-0.122670047,1.76638889
59,1.81570435,0.129406407
60,1.37337959,0.0746138617
61,1.4295342,0.862378299
62,0.793689728,-0.217357323
63,2.14753056,-0.880967319
64,-1.50802636,0.53497839
65,-0.32636705,-0.476026922
66,0.42661193,0.162121162
67,-0.286089122,-0.216804579
68,0.774061799,-0.0653453916
69,0.239583701,0.590249479
70,1.84677184,-1.30812442
71,-0.770302236,1.0214771
72,-0.975204766,1.72939634
73,0.220787629,0.65869838
74,-0.366149724,-2.6029377
75,1.99167514,-1.92185366
76,-1.04572284,-0.932718933
77,-4.36119699,0.214666009
78,1.04333603,0.368822426
79,-1.76734912,-2.08827901
80,-1.30424011,-1.70491683
81,-0.757758439,-0.143109933
82,-0.502953589,-0.776881516
83,0.399741679,-0.0517209098
84,0.156680822,-0.0540610515
85,-1.40131569,-1.04732275
86,-1.23396003,1.61528373
87,2.69492364,-2.62056661
88,0.951897442,-2.25930882
89,-3.520432,-2.4015255
90,0.537939191,-0.53119117
91,-1.45058882,-2.50831819
92,-0.534690797,0.736988246
93,-0.106149755,0.656760991
94,-1.52069962,1.57969713
95,2.71229315,-1.46197236
96,-0.302501649,0.227251157
97,0.95491749,0.973749816
98,1.11403978,0.561038852
99,0.249091789,0.106626198
100,-1.2352668,4.11602736
101,-1.06700218,-0.324357003
102,-1.51581705,0.394956708
103,-0.8371889,2.54773068
104,0.333443791,-0.052877441
105,-0.0317034908,0.0689005852
106,0.326583296,0.2330679
107,-0.265188724,0.69051981
108,0.373337805,1.35860777
109,-0.735624373,-0.327460378
110,1.74035311,-0.102891661
111,1.49653661,1.93120563
112,-1.64324641,0.481173396
113,2.22751069,1.99934614
114,1.74424374,-1.73067117
115,-0.694095254,-0.46203512
116,-0.11463666,1.86561453
117,-1.46478093,-0.993623018
118,-0.24265413,0.214576289
119,1.22864306,-0.463094622
120,-0.116945229,0.500944793
121,1.54942095,2.41951132
122,-1.26392782,1.66280723
123,-1.89568019,-1.59632504
124,0.595802188,-1.01757419
125,1.33519173,1.69773996
126,-3.60052609,0.632605076
127,-0.209679186,-1.86390412
128,-2.69179296,-1.47197533
129,0.130458474,-1.1877557
130,-0.361375779,-1.46426141
131,0.0992978811,1.73483205
132,1.25153041,0.196268469
133,0.523905635,0.24352926
134,0.348958731,0.25308454
135,-0.308418602,0.0469411016
136,-0.636704326,-0.300370246
137,-1.88465989,1.51747036
138,-0.322445422,0.20014143
139,1.08841527,0.369146287
140,-1.26117826,0.89903903
141,-0.862241209,0.240484893
142,-0.163231447,-0.113715947
143,-1.45382094,0.227760509
144,3.55139923,-2.59622335
145,0.103377782,0.427791327
146,-0.670656145,-0.209133103
147,-1.07712269,-1.21345186
148,-1.1904062,-0.291608065
149,0.924054086,-1.3872565
150,-0.094950065,-0.720336497
151,-0.128221974,-0.663773596
152,0.19758746,0.740741372
153,-0.213352039,1.3918668
154,1.02232742,-0.911023498
155,-0.781321883,1.0810287
156,-1.16819489,-0.0431836136
157,-0.738736212,-0.459010571
158,1.63281453,-1.30240965
159,-0.587479889,-1.159706
160,-0.0422639437,-1.24159896
161,-0.353847116,-0.31228745
162,1.81010604,-0.296810001
163,-0.0791843235,1.35481548
164,-0.26329875,-1.59376371
165,-0.511936009,-0.0877093673
166,2.28205395,-1.17892838
167,0.794061303,1.07552052
168,-1.96330702,1.85452616
169,2.66001225,-0.948846042
170,0.826443255,0.751387894
171,-0.869798183,0.995932996
172,-0.853391767,1.0273695
173,0.683092475,0.748480439
174,-0.836623013,-2.13413405
175,-0.990070581,-1.25891638
176,1.75926971,0.158930689
177,-0.49854213,0.590252519
178,-0.413270533,-0.727467358
179,-2.05058289,-1.59717619
180,2.05052471,0.44351092
181,-1.17445266,-0.833300412
182,-0.34432289,-0.675368071
183,1.18648267,1.2260412
184,1.30117607,0.268967837
185,1.89254284,-0.623015642
186,0.240911916,-0.460784942
187,1.973719,1.43638289
188,0.655788362,-0.0220794231
189,1.2095232,-0.486106247
190,0.752289772,0.0997930393
191,-0.88767767,0.473588794
192,-0.877866864,-0.419436365
193,0.015530752,-1.5279609
194,1.34414709,1.45854938
195,2.30846977,-1.38815403
196,0.689165115,-0.293480754
197,-0.57187295,-0.364577949
198,0.499257326,-0.664910078
199,-2.49357653,-0.727031529
200,1.75727868,-0.0365439989
201,-0.471713275,0.248198465
202,0.362173945,0.28424868
203,0.316827893,-0.963135839
204,0.141464055,-1.42836475
205,0.618933558,-0.252390325
206,1.03572154,-0.0289467685
207,-2.1841073,-1.34570575
208,0.279454887,-0.533938766
209,-1.23321128,-1.50725985
210,-0.508655846,0.734042704
211,0.361883968,-1.01771235
212,-0.251168758,-0.655122757
213,-0.63225013,-0.244357795
214,-0.925253034,0.161767736
215,0.655733526,-0.916776657
216,-2.03860903,-0.124803729
217,1.96288252,-3.8046174
218,-0.249198213,0.0778374448
219,-2.40588546,-0.71284759
220,1.99011278,-0.995704591
221,-0.205453187,0.323055774
222,1.64761496,-0.217035338
223,2.6599195,0.473164976
224,-3.91864347,-2.69728684
225,-1.51473498,-1.15809357
226,2.87650657,-0.326108247
227,1.66544402,0.760085464
228,0.174383432,1.18044662
229,-0.853109717,0.95085609
230,-0.119733833,2.14664316
231,-0.00882880017,-1.85453129
232,2.26404023,1.67380035
233,-3.0674448,0.367265344
234,1.80046487,-2.02288651
235,1.20030713,2.50547719
236,0.849753976,0.979014277
237,-0.54387331,-3.55888247
238,0.783155441,0.368132085
239,1.01263177,0.0463483445
240,-0.773972988,1.35199904
241,-1.47034824,0.138833597
242,0.291033387,-0.589860976
243,-0.547356486,1.3826189
244,-1.18449104,0.734925091
245,-1.3856914,-0.529543757
246,0.0649201274,-0.251139998
247,-0.416615725,0.0212232564
248,-0.721829653,0.592371821
249,1.16212666,0.983353674
250,0.565950453,1.74122405
251,1.13966274,-0.295553476
252,-1.76635301,0.596548975
253,1.4188447,-1.79636157
254,0.132617131,-0.388109118
255,-1.17898214,-1.24555027
256,3.12221169,-0.337479025
257,-0.002648175,-0.0994036421
258,-0.542241812,-0.109282196
259,-0.0403287448,0.245959818
260,-2.00934649,2.92107868
261,0.092334561,-0.137648374
262,-0.10985098,-0.363692582
263,0.851116002,2.17418122
264,1.25755262,0.842977345
265,1.19853759,-0.841483176
266,0.220672235,-0.274676859
267,-0.0989618152,0.188330233
268,0.117660291,-0.178595409
269,0.516976118,-2.16781902
270,0.346301496,0.200862452
271,-0.0451695807,-0.679076731
272,-0.216327623,-1.72667325
273,2.07277966,2.45261931
274,0.045817513,0.273320764
275,0.200998336,-0.359956235
276,1.23255324,0.539621353
277,-0.605567276,-1.30021882
278,-4.52607441,-0.215059459
279,-0.542478561,0.144582137
280,0.0134381121,0.268100411
281,-1.86032128,0.9815678
282,0.735186934,-0.317526847
283,-0.656161129,-0.792917073
284,-0.192736059,-0.0446690433
285,0.507530332,0.629194498
286,0.511714637,-1.82788599
287,-0.350177228,0.871598899
288,0.323424757,0.574304938
289,0.0925253406,-0.571173072
290,2.19183326,-1.93076622
291,-0.0397431999,-0.238729611
292,-2.16077232,0.685849369
293,-0.988085628,0.235525489
294,0.666515946,1.52905715
295,0.0272039995,-0.308920026
296,0.552261829,0.00718792062
297,0.331924438,-0.12565279
298,-0.51559782,0.102445036
299,-0.545220256,1.26801765
300,-1.50411904,-2.81829476
301,0.795339525,0.282254457
302,0.0470901802,0.172523141
303,1.18094122,-0.444175124
304,-0.229867041,-0.627987385
305,0.140976116,1.2650553
306,0.132793248,0.103572607
307,-0.634262204,1.12610269
308,-0.828128278,-0.933477521
309,0.100707546,-1.07165074
310,1.38065028,0.96826905
311,0.00847902615,-2.97792196
312,0.818097115,-3.54047537
313,-0.0978036895,-0.153709352
314,1.5148952,-1.61298931
315,0.12041939,1.55144978
316,-0.144851968,-0.307971686
317,-0.662160873,0.430497795
318,0.0836962909,-0.00446305331
319,2.22562361,1.11536717
320,0.299712777,-0.768273413
321,-0.00158366759,-0.205785364
322,1.35823643,-0.251214892
323,-0.0285562985,-0.960121334
324,1.79995584,-1.14006197
325,0.246712789,0.152696535
326,0.895715296,0.410262078
327,0.336034715,-0.589055598
328,0.724157274,-0.169085726
329,-1.51643145,-1.8049314
330,-1.53032196,-1.06919622
331,0.745291352,0.219416365
332,1.32283711,-3.13907695
333,-1.66440141,1.68234277
334,-2.94409752,4.22367334
335,1.88195193,-2.41856241
336,-1.31868041,0.226157725
337,1.39069188,-0.0992356539
338,1.21248424,0.856955349
339,-0.876177907,-2.13358641
340,0.213439867,-0.389265656
341,-0.0372848399,-1.31577289
342,1.01185942,2.03635049
343,-0.0969222337,-1.29445469
344,0.237065122,-0.582458973
345,1.0038774,-0.290055454
346,-1.14938593,1.63088465
347,2.05793166,-0.0244653672
348,-0.119911574,-0.0419946983
349,0.596562982,2.08744287
350,0.0185049158,-1.86966002
351,-0.886542022,-1.56530261
352,-1.53809822,-0.134440139
353,0.587599218,1.00435483
354,1.08862114,-0.297036856
355,1.95898998,1.23096371
356,0.550673068,2.65929341
357,-0.103100002,0.72973901
358,-0.292115867,-0.955508769
359,0.710164547,1.38903844
360,-0.10657426,0.503071666
361,0.660392523,-0.581063271
362,-0.873667002,-1.10123861
363,0.150810733,0.870791674
364,1.03909945,0.226136178
365,-0.814772904,-0.382933617
366,1.18366301,-2.65843081
367,-2.141155,0.863661289
368,0.686054826,-1.03930843
369,1.85377765,-1.59040523
370,-0.670925558,0.513011515
371,0.197538346,0.124536313
372,0.569983184,0.133495018
373,-0.176612899,0.371249855
374,-0.310588807,-0.136333674
375,1.70424771,-0.358982921
376,0.662768841,2.10488629
377,0.62853235,-0.0506833717
378,0.318176538,0.265733957
379,0.10165555,0.188328385
380,0.848714292,1.33432877
381,-1.37361836,0.968972504
382,-0.0976809636,-0.264045686
383,-0.143831596,-2.38473177
384,1.02117717,-0.180523396
385,0.624451995,-0.653198302
386,0.691267669,1.45493793
387,-0.749581575,-0.745381773
388,-0.360853523,-3.11132312
389,-0.270987183,-0.560116053
390,3.2756803,-2.1681509
391,-0.610574841,-0.514256299
392,2.88060308,-0.286579728
393,0.96643436,-2.4548409
394,0.904064953,0.156340167
395,3.80875945,1.02410388
396,-0.106317423,-3.00669599
397,0.00381490821,-1.55063951
398,-0.119334146,-0.33916679
399,-1.31724262,-0.289781719
400,-0.707933366,-0.758565366
401,-0.706870556,-0.586856604
402,1.5404048,-0.639148295
403,0.0896934941,-0.132906511
404,1.77324927,2.39528394
405,0.394738466,0.596655667
406,0.376984805,1.10975814
407,2.27917743,0.93548888
408,1.08424544,-0.871073425
409,-0.114060089,-2.15499568
410,-0.49509564,-0.646651864
411,0.0526004583,0.838141799
412,1.22929132,-0.584793389
413,-0.631222308,1.82404649
414,-0.23764202,0.867746532
415,3.44303226,-0.659208894
416,-0.103918746,-0.623431444
417,0.518665671,0.216206923
418,1.08161414,-0.493597597
419,0.325177699,3.23230267
420,-0.606129348,3.28562427
421,0.102456212,-0.165364504
422,0.138984844,-0.0728671402
423,0.390425652,0.0611931309
424,-1.2535249,-0.794791639
425,-1.45333934,4.45069551
426,-1.28346395,1.07593417
427,0.0118417768,-0.447005212
428,0.594652176,-0.326040447
429,-1.1220026,-0.772993505
430,0.216405243,0.29222244
431,-0.604054749,0.258447796
432,-0.233363628,-0.19237271
433,-1.48275506,-0.809165835
434,0.181508392,-0.181384832
435,-2.81220388,0.466760516
436,-1.48485279,0.469958454
437,1.0056361,1.46583807
438,1.74198902,-1.52494252
439,-1.69613421,-0.226869121
440,1.19520617,-0.198066667
441,-0.0610126741,0.894625485
442,0.0697709769,1.87054873
443,-1.04874384,0.243474245
444,0.62663722,0.208026409
445,3.21426916,0.498768002
446,-0.864590526,-0.358307749
447,1.86761439,-0.594425797
448,-1.58575475,-1.88001978
449,-0.382894188,-0.334247261
450,0.857175827,3.01237535
451,-2.0817275,0.315128297
452,-1.76286793,0.254507214
453,0.578278124,1.49894083
454,-0.794454873,0.143362135
455,-1.43542564,0.419195741
456,0.735906959,-0.313278258
457,-0.355922461,-0.323796302
458,0.643074155,-0.00114135526
459,-0.410315484,1.10286546
460,-0.921545684,-0.548854649
461,0.239989936,-0.303604245
462,-1.02701473,-1.29045856
463,-0.4324269,-1.77780724
464,0.333812267,0.609216094
465,1.16010463,1.07501602
466,2.32210994,2.13228893
467,0.348480076,0.991609752
468,2.5336206,-4.42901611
469,0.0457982495,0.55494535
470,-0.286379606,-1.72702229
471,0.134342268,0.111424424
472,1.57698202,-0.838169098
473,0.235718742,0.383388579
474,0.236314729,-0.51621139
475,-0.059404403,-0.248451442
476,-0.0148809487,-2.08647156
477,3.20710683,0.6212551
478,0.693890393,0.132411212
479,-0.928089082,-0.629192531
480,-2.27781916,0.0806819946
481,0.614233792,-0.416372687
482,0.936374962,-0.585061908
483,1.08711004,2.86300683
484,-0.0660714358,-1.41359353
485,-1.00893319,-0.0802775398
486,-0.0653819963,3.21201992
487,1.22103131,0.40938133
488,0.574974537,1.37385476
489,-0.23255451,0.0637134984
490,1.34598815,-0.603645325
491,-1.92623544,0.859817088
492,0.285835534,0.0249247588
493,-0.0948652625,0.245288596
494,-0.0280152615,-0.444391936
495,-0.973745465,1.71385634
496,1.78200626,0.568975329
497,0.139254019,-0.259411275
498,-0.455287606,1.75135756
499,-0.179613471,0.0853890404
500,-0.729687929,-2.63911414
501,-0.648777366,0.111818381
502,0.45968163,-1.40553308
503,-0.722664714,0.769839883
504,-1.24173319,0.287076265
505,-0.740517616,-1.93942416
506,0.355811834,1.77826416
507,0.325562745,-0.899223983
508,0.27366069,0.176942378
509,-0.801593482,1.97526741
510,-1.33649909,-0.740437984
511,0.505482078,1.53957152
512,0.198638871,0.340411067
513,-0.192807958,-0.484412491
514,0.0741659775,-2.28437114
515,0.084170185,0.430960983
516,2.54548526,-0.64912957
517,0.0813516453,0.145063788
518,-0.35245806,2.96745586
519,-0.74543041,0.723112404
520,0.749319971,-1.61655343
521,-0.745079041,0.328091085
522,-0.206250504,1.41226077
523,1.23296022,0.258049667
524,2.63998342,-0.247108236
525,-1.00254643,-0.889276206
526,-0.312300801,-0.874042392
527,-1.23681152,-0.403716475
528,-0.715665102,-1.13509941
529,3.31992364,0.637509108
530,0.277393579,-0.590903997
531,0.124028184,-0.142803282
532,2.29499388,-0.681651533
533,0.479908317,-1.03719723
534,2.43404198,-0.872319102
535,0.854590237,-0.503771245
536,-0.205118507,2.41377354
537,2.18367767,-1.25202405
538,1.44786167,0.764558136
539,-0.264797091,0.54668653
540,0.263348341,-1.44853592
541,-0.959913194,1.24596286
542,-0.405770928,0.0505272038
543,3.47051501,0.911202312
544,0.749321461,0.368705362
545,-0.422726244,-0.224635705
546,-1.38548875,0.258907318
547,0.444361687,0.16612117
548,0.717418969,-1.13370693
549,-0.526902914,-0.273206919
550,-1.40572119,-0.9361642
551,0.327639103,1.59550178
552,0.447149396,-1.95180702
553,-0.334714204,-0.00945601705
554,0.936464727,-2.02755499
555,1.60063922,-0.1988471
556,1.07836795,0.427757144
557,-0.360782653,2.41734123
558,0.0666434169,-0.195625663
559,-1.33532476,-1.86064374
560,0.0403446369,-0.150501564
561,0.0447016656,-0.252700865
562,1.51711249,-0.457009256
563,-0.140513256,0.170956001
564,0.997844815,0.627904713
565,1.24731231,-1.30521774
566,1.98688138,-1.02022541
567,-2.96182847,0.946832776
568,0.19506295,2.52990603
569,-0.321861506,-0.0644563138
570,-1.97061527,-0.810611427
571,-2.07871461,1.20008552
572,-1.99362648,-0.384501845
573,1.61079276,0.602321923
574,-1.33992493,-0.00661979616
575,0.85661149,0.451630324
576,-0.226550132,-0.823250949
577,-0.641439915,0.438435882
578,0.0913070217,-0.640406251
579,-0.0971709266,-1.65741181
580,-0.897258997,4.15900755
581,0.0983406752,-3.06635427
582,1.70506847,2.04070902
583,-0.128723368,0.881800473
584,-0.425036073,0.107663937
585,0.649058104,1.55231619
586,0.313837945,1.46223581
587,1.26078987,-0.600073814
588,-0.454744518,1.25882673
589,-0.760887206,-1.44177699
590,2.28835154,2.04044271
591,0.0144950664,-0.320002019
592,-0.53774941,0.576728165
593,0.223384961,-0.0117154056
594,-1.72671247,0.350085586
595,2.92613602,-1.4962492
596,-3.66734076,1.06855011
597,1.07079518,1.81653464
598,0.379765511,-1.43553257
599,-2.38476515,0.401299119
600,0.910467446,0.338006765
601,-0.687154949,-0.569260895
602,-1.2689389,-1.68056214
603,-0.457406223,-0.105621599
604,1.27952647,-0.709621429
605,-2.19868612,2.27031827
606,-0.683366835,-3.5278933
607,-0.350146711,0.162607148
608,-0.108744413,-1.0603267
609,-0.99612242,-0.451542884
610,0.105725959,-1.19210184
611,1.46628845,1.63452685
612,-2.06305385,0.725367486
613,2.93778658,0.382980525
614,-1.19883931,0.857956111
615,0.440091938,0.931700349
616,-2.46103764,1.49989092
617,0.84266299,0.558929145
618,1.16114259,0.149967358
619,0.913035512,0.389839321
620,-0.389309853,1.72233093
621,1.42632544,0.287505478
622,-0.559267581,-0.349715501
623,4.34780502,1.96326292
624,-2.34057856,0.0984555483
625,-0.875296414,0.509658754
626,-1.58068717,2.13706994
627,1.89143097,1.4975121
628,0.968847752,-0.539355278
629,0.952157199,-0.00974605232
630,-0.130111888,-0.119021229
631,-1.13680506,0.992048144
632,-0.614238441,0.53861481
633,-2.57001686,-0.767152369
634,1.09203029,-0.411575288
635,0.610340297,1.1040163
636,0.423968941,-1.10506773
637,0.129136145,0.00348391407
638,-1.19749665,1.02168393
639,0.0662340522,0.147002459
640,0.288527817,-4.3001914
641,0.685397983,-2.1547513
642,-2.44449496,1.00237024
643,1.21348929,1.04994869
644,0.396920145,-0.0313722752
645,0.676288605,0.357376695
646,0.975241721,1.06974363
647,-1.02690506,3.32429409
648,0.871596038,-2.51955724
649,0.599370182,0.562133849
650,0.945195138,1.58383143
651,0.014934455,-1.82186902
652,0.0304737538,-0.311933964
653,-0.771762669,-0.556002617
654,0.0668644458,1.93305874
655,-0.512699962,0.375119865
656,1.25132227,1.16685009
657,0.172557965,0.557537556
658,-1.10168874,0.178206936
659,0.326609492,-0.722071767
660,-1.6232971,2.60651398
661,0.444978595,3.73535109
662,-0.18778488,0.0915059745
663,0.982114434,-0.337041914
664,-0.929032683,-0.836030781
665,0.636225283,0.192466915
666,-0.141076565,-0.201962665
667,-0.354860157,0.138208792
668,0.0476498045,0.936003745
669,0.173904598,0.115119107
670,0.0887102783,-0.15552859
671,-0.665005445,-0.177506343
672,-0.916658759,1.58246219
673,-0.795260668,1.14199066
674,-0.411110789,-2.3225174
675,-0.121641763,-0.193198144
676,-0.847537935,0.531452954
677,-1.64559007,-2.08519077
678,-1.07800627,-1.09350824
679,-1.60797,-1.15213251
680,0.991052926,1.61214757
681,0.332194746,-3.21667886
682,0.226763621,0.335102737
683,1.09856594,0.487137198
684,-0.185147107,-0.538923621
685,0.289139867,2.26850629
686,-1.80856979,-0.841888666
687,1.3960526,-0.361329138
688,1.24700546,0.331043333
689,-0.0882027149,0.362047553
690,-0.205080703,0.473345488
691,0.471036583,-0.582368493
692,0.421853781,2.11115026
693,-0.327618688,-1.14333749
694,-1.77919877,-1.87953365
695,-0.378071457,0.845987082
696,2.47453809,2.12874722
697,-1.66832137,0.397711217
698,0.42806223,1.07741392
699,-0.477229267,0.278363049
700,0.161259994,0.45414409
701,-0.564569056,-1.16473091
702,-2.87022996,0.577279329
703,-0.57832408,2.54277325
704,-0.690314531,-0.530211985
705,-1.71877706,1.00067258
706,-0.373341888,1.40067697
707,-2.96501803,0.426163137
708,0.396459281,1.51401138
709,1.56636429,0.954882324
710,-0.476171046,3.11508465
711,0.11412321,0.566218674
712,-0.175535843,-0.182116076
713,2.17119312,-0.202905089
714,1.19763732,-1.20190763
715,-2.52943659,0.784886062
716,0.059574917,1.70509481
717,-0.0382920168,-0.536815703
718,0.843943775,-0.115376942
719,-0.409822792,-1.32371557
720,0.676336944,-0.853569686
721,0.654674113,-0.281543493
722,-0.881140351,-1.40899396
723,-0.259389281,-1.12450254
724,-0.299126744,-0.0457706004
725,-1.36542475,0.363367975
726,-0.510294795,-0.896256089
727,0.213647276,-0.365446001
728,-1.68449497,-3.61431766
729,2.24346638,2.33080506
730,1.77398312,-3.26382256
731,0.0992868543,0.331099987
732,-1.08938742,1.31478107
733,-0.15760766,0.134024799
734,-1.53377914,0.311156243
735,1.07972169,3.13463569
736,1.24760735,0.0819861293
737,-1.35077477,0.949401319
738,1.30576134,0.706367373
739,1.09066665,0.144677714
740,-0.14536874,0.459793091
741,-2.46033978,0.760288119
742,-0.789432883,-0.259854943
743,1.03474116,-0.068770729
744,-0.372791857,0.432144523
745,2.68599653,0.158432662
746,0.44801718,-1.08012497
747,0.144307598,0.427455902
748,0.105673365,0.347962648
749,0.911906481,-0.98904556
750,0.838712215,0.794311821
751,2.21850395,0.682412446
752,-2.22995448,-1.75181341
753,0.165992588,0.187564239
754,-0.637257397,0.355270773
755,1.73164999,-0.719900429
756,1.33065379,-0.401726961
757,0.375626802,-0.373377264
758,1.8244549,-1.88391781
759,0.905279636,-0.854221761
760,0.245372623,-0.0984834135
761,1.33867979,-0.548879445
762,0.74178648,-1.115646
763,0.772190332,0.588580132
764,-1.87677407,0.332350403
765,-1.0971247,-0.0295149479
766,2.474334,2.4926486
767,-0.390087605,0.433658332
768,0.0855252892,0.334938467
769,-1.73658681,-0.245688617
770,0.825590134,0.436972737
771,0.358427793,0.953752518
772,2.71826673,-0.0763509572
773,0.319229901,-1.70232213
774,-0.0891352594,-0.309636086
775,1.75194979,0.995154858
776,-0.0657535046,-0.480934083
777,-0.791785419,-1.01648557
778,-1.36436427,0.298686713
779,-0.0756079108,0.664347231
780,-0.433331221,-0.533887863
781,-0.138071224,0.162042841
782,-0.0457156338,-0.486849219
783,-1.56299388,0.8460868
784,-0.535832763,0.661564112
785,0.799684525,-0.585757732
786,-0.190495357,0.790673792
787,-1.70588946,-0.67208606
788,0.9367823,0.565885961
789,-0.492067784,1.955194
790,2.62267518,1.15857732
791,-0.526322484,-0.628915966
792,1.76181448,-0.437610328
793,-1.01448607,2.17134547
794,0.234897941,-0.388757348
795,0.556441665,0.867542326
796,0.615904272,-0.118898153
797,-1.24733829,-0.745830238
798,-0.439440995,0.535863817
799,-0.684878588,0.761668921
800,-0.894105911,-0.0323771946
801,-0.152817175,0.244472578
802,0.240950748,-0.987605631
803,0.158274546,-0.0305080935
804,0.351050526,-0.981344879
805,-1.99219525,-2.48421526
806,2.78969359,-1.08590937
807,-0.291466862,-0.481533974
808,-0.269795299,-2.01212406
809,0.51605016,0.148119867
810,-0.316002041,1.26245677
811,0.784017444,-0.721733689
812,3.35089636,2.73210359
813,-1.1886344,-1.13664258
814,0.183015063,0.0734565929
815,-2.73280144,1.74063611
816,0.414385527,-1.49748325
817,2.43907571,0.641367793
818,-0.77722913,0.716122746
819,-2.22454858,-0.0576010533
820,0.977187037,-0.223025024
821,0.297667593,0.159059286
822,0.190744415,0.30238533
823,0.496348977,-0.248217389
824,-0.564067185,0.964145482
825,-0.405652463,-0.509332359
826,0.0337412097,-0.192000836
827,-0.694472253,-0.971141338
828,-3.00497818,1.17154336
829,0.647433162,-0.552230656
830,0.0256436877,0.506246328
831,1.8566848,0.157744363
832,-0.906844378,-0.296643794
833,0.374579012,0.564100504
834,-0.0675612316,0.341630697
835,-0.418878436,0.701378524
836,-0.251212388,-0.0705809668
837,-0.447315186,-0.674500465
838,-1.21569932,-0.404081017
839,-0.610068917,0.258148342
840,-1.11066997,-0.0985389277
841,1.26328087,-0.222273916
842,0.979471922,1.92500901
843,0.354842842,-0.139222607
844,-0.0959514901,0.277526259
845,-3.04049945,0.947574019
846,1.98877323,-1.2385416
847,-0.0144982142,0.876642168
848,0.136261478,-0.48845914
849,-0.789805889,-0.0910955071
850,-0.977629721,-1.48319292
851,-0.215705022,0.0607822873
852,0.675673008,2.1026876
853,0.856696546,-1.34581625
854,-0.115917981,-0.113358803
855,0.764790475,2.64020991
856,-0.349767834,0.0717763752
857,1.40276802,-1.19239759
858,-0.865549147,3.31265378
859,0.935712755,-0.585316777
860,-0.0581323877,-2.38251472
861,-0.783614576,2.22833776
862,2.18478179,0.495226771
863,-0.219092652,-0.683448911
864,-2.05889487,0.114003047
865,-1.22519302,1.97893643
866,0.250930756,-1.46580291
867,1.1946609,0.968095005
868,0.229891911,0.199496582
869,-0.60083735,0.871995866
870,-0.0376551487,1.01629877
871,3.00257325,-0.447500408
872,-0.374317288,0.437940449
873,-0.976146519,1.795681
874,-1.3553189,0.938960612
875,0.700945437,0.336606443
876,1.00020278,-0.834670722
877,0.101018645,0.339318067
878,0.233501405,-1.13599145
879,0.626843274,-1.85082006
880,1.20252347,0.335107684
881,0.0469371304,-0.638544798
882,-1.59096408,-0.12191923
883,-0.69313693,1.2554549
884,-0.0714375153,0.541621387
885,0.169858247,-1.42999446
886,0.618728638,0.0867431536
887,-0.335684329,-1.69770968
888,0.588268876,-0.744472921
889,0.950890064,-1.85311568
890,0.221636906,0.634862006
891,1.20069933,-1.02564371
892,0.863658071,-0.122771546
893,-0.151564687,-0.22192286
894,-0.351448268,-1.24325049
895,-0.194857463,1.60109472
896,0.426227361,-0.78699702
897,2.24200463,1.77347028
898,-2.11657643,-0.557776093
899,0.621150911,-0.16206941
900,-1.55205822,-2.35517311
901,-1.21953261,1.22501636
902,-0.669382393,0.760556638
903,1.89707637,-0.255992144
904,1.4324615,1.20802033
905,-0.234357148,0.0076272008
906,-0.818066835,-0.0740012825
907,0.117066287,0.352948487
908,-0.796898007,-2.75334239
909,0.215243801,0.668301702
910,0.407051712,0.141284436
911,-0.355707765,-1.67256379
912,0.338589519,0.745064676
913,-0.9121961,0.6478163
914,-0.420814991,1.26026511
915,0.68659699,-0.668810546
916,0.364207894,-1.72669411
917,-0.0732554644,-0.215034097
918,0.172004312,0.662467062
919,0.151915133,-0.00820196513
920,1.55567122,0.983245075
921,-1.06819439,0.792214036
922,0.365701795,0.733727157
923,-0.479678184,-0.00269595091
924,-1.26042199,0.435608715
925,0.17106837,-1.39738941
926,0.756553113,0.662556529
927,-1.34008968,-0.761473775
928,0.273278058,0.0994348899
929,-2.29951453,1.67402828
930,-0.278488278,0.532867551
931,0.0407815725,1.65290332
932,0.395656019,0.234071255
933,0.418828845,0.0803390965
934,-2.1154511,4.00086021
935,0.0117513901,0.991631627
936,-0.134398103,-0.740832329
937,-0.730799973,-0.312168121
938,3.54178715,-1.34449184
939,-1.35985601,-0.0268931109
940,0.471976429,-0.722151697
941,-0.194862768,-0.167924717
942,0.00464595854,0.717098594
943,0.147028789,1.60699642
944,0.215422049,0.152140349
945,-0.352713645,1.35123348
946,0.783180535,0.434251845
947,-1.23661399,-0.72278738
948,1.7224673,-1.20278907
949,0.0620662756,0.456578255
950,-0.929185867,1.16920638
951,-0.410011798,-0.943808675
952,0.0408742689,1.82254648
953,-1.355703,-2.7889986
954,-0.296748847,3.06501746
955,0.608811021,-0.698380291
956,0.879950047,-0.307828337
957,-0.818392992,0.752279997
958,1.08961391,0.388986081
959,-0.477726638,-1.73603117
960,-0.923158169,-0.797572434
961,-0.157825515,-1.69271874
962,1.51084018,-1.19048119
963,-1.88169444,-2.18219543
964,-1.05352724,0.151830226
965,0.827706456,2.15710068
966,-2.595788,0.0804518461
967,-0.807312608,0.44528994
968,0.744505882,-0.570895791
969,-0.0609041527,0.491143376
970,1.30194199,1.05517364
971,-0.282111645,0.614073932
972,0.451999128,0.554534137
973,-0.884380698,-1.54646993
974,2.55159736,-1.30310392
975,0.188724741,0.870426536
976,-0.261722744,-0.204949111
977,-2.40564656,-1.12325943
978,0.523361385,4.92555094
979,-0.213129565,-0.414011955
980,-1.42496789,-1.19760871
981,-1.22487926,-0.698833942
982,1.11408651,-0.876918077
983,0.32185024,-0.32310605
984,-0.756078005,0.822843611
985,-1.14681983,0.941454291
986,0.55397898,3.80278158
987,2.12465668,-1.22495699
988,0.103095025,1.28455126
989,-0.145839214,-0.119440742
990,0.145324662,0.0841973275
991,2.45823431,1.40264785
992,-1.18488431,1.26759589
993,-0.222590774,-0.162437707
994,2.14868855,1.12278748
995,-1.2371155,-0.43809858
996,0.218896419,-0.156106159
997,0.534053087,-0.539332032
998,-1.16272545,0.909389496
999,-0.557964802,-0.245957136
1000,-0.558038771,1.01925623
1001,0.567381442,4.65214872
1002,1.20198512,0.533960521
1003,1.30732334,-0.977496386
1004,-2.95464754,-2.38261485
1005,2.19650245,-1.18204999
1006,0.240470886,-3.2881484
1007,-0.0308966059,-0.409236312
1008,-0.453430802,-0.738299906
1009,1.33988416,-0.644213915
1010,0.820433676,0.819711566
1011,0.243876383,0.999268472
1012,1.76466525,-0.58591187
1013,0.0881468728,-0.640669823
1014,-0.710721612,0.293991268
1015,0.43164438,-0.576846659
1016,-1.6377511,-0.801123977
1017,-0.753742278,2.05761433
1018,1.80808353,1.69121981
1019,0.850420713,-1.62604284
1020,-2.08322692,1.81655025
1021,2.45370317,2.00085211
1022,0.521608829,-0.841390669
1023,0.729962766,-0.2165948
1024,-0.00442210259,-0.693856418
1025,0.33644703,-1.2091279
1026,2.66776156,1.55767536
1027,-0.6255669,-0.390576154
1028,-0.19862099,0.874154329
1029,0.920575678,-2.84853387
1030,-0.246132493,-1.59611154
1031,-1.33416533,1.41523492
1032,2.53120351,0.0927085727
1033,1.86277306,-1.20568264
1034,-0.7946316,-1.96568203
1035,1.31838179,0.462576002
1036,2.83630633,-1.69621873
1037,1.4734813,0.840468407
1038,0.0643447712,-1.8070749
1039,-0.888201594,-0.29906562
1040,0.159932315,0.113791436
1041,-0.550760627,0.923801601
1042,0.277704626,0.725179672
1043,-0.127494439,0.35461092
1044,-0.330567569,0.42517361
1045,0.721511722,1.94683373
1046,-0.517465353,-0.708144784
1047,0.790568054,0.983911633
1048,-1.87336278,-2.19525623
1049,-0.49791041,-0.385090649
1050,0.444930255,-0.675929368
1051,-1.02983832,-0.399795562
1052,-0.0398073085,0.281462699
1053,0.187246591,0.0272432379
1054,0.0159246512,-1.26149011
1055,-0.653845668,2.29795885
1056,-0.163603723,-0.429907531
1057,-2.30018187,0.170514613
1058,0.462213546,-0.3136971
1059,-0.180079058,0.201420546
1060,-0.297525465,1.19338334
1061,-2.02907562,-0.474964768
1062,0.267406046,0.471998811
1063,-0.0539240018,-0.176479414
1064,-0.560646653,0.777861893
1065,0.397346586,1.53385472
1066,-1.37296391,1.86014652
1067,-0.938502967,-0.299032539
1068,0.599487424,0.531475425
1069,-1.19470477,-1.0038656
1070,-0.38669762,-0.0625389591
1071,-0.997573018,-0.833627284
1072,0.476771086,-2.57526374
1073,0.152693599,1.14448738
1074,-0.898096681,-0.792096257
1075,0.851271629,-1.03068376
1076,-1.1995554,-1.07081199
1077,1.01399374,-0.960612953
1078,-0.563670635,0.371902913
1079,-1.27343881,0.427502602
1080,-0.493843079,0.146134421
1081,1.0979526,0.0845245868
1082,0.646283925,-0.0502976067
1083,-0.0171778891,-0.575774193
1084,-1.37084901,0.677777052
1085,0.357345164,1.15359342
1086,-0.407381564,-0.0844245255
1087,-0.585338056,0.856105268
1088,-1.98358881,-0.0254979655
1089,-0.754670501,-0.77599138
1090,-0.497983605,1.56156147
1091,1.027722,1.71105087
1092,0.163153529,0.0237341877
1093,1.04488826,2.41987157
1094,-0.40932852,-0.841391504
1095,1.65686727,-1.63269365
1096,-0.960065484,0.721582532
1097,-0.628785014,-0.491576552
1098,0.451160342,-0.598707855
1099,2.68549204,-1.64759564
1100,2.94707346,-1.88263094
1101,0.25351876,1.16006815
1102,2.51805162,0.161505893
1103,-1.542099,-1.47074413
1104,-0.478112042,-0.262093425
1105,0.00909220614,1.36054361
1106,0.705588102,-0.626156807
1107,0.103865236,1.17059052
1108,0.0356459096,-0.185448602
1109,2.58469439,-1.17712748
1110,0.98013109,0.997563124
1111,-0.0111027015,0.720823824
1112,-0.992794693,0.00480308384
1113,-0.168224454,-4.27469778
1114,-0.583453655,2.69023418
1115,0.256188154,0.761797309
1116,-0.629465222,0.227733016
1117,0.528282225,-2.13569379
1118,0.903397679,-0.904660642
1119,-0.261089832,0.430668056
1120,0.237813354,-1.06493592
1121,2.63986111,-0.679520786
1122,0.0376885571,-1.28166533
1123,-0.156029761,-0.604023099
1124,-0.108635329,-1.04738569
1125,-2.36099267,-1.12571335
1126,-0.0807323158,-0.345262498
1127,-0.353945553,-0.346718937
1128,-1.10746431,0.138676107
1129,-1.41832483,0.270236433
1130,0.552619636,0.641694427
1131,-0.960523009,-1.86257184
1132,0.65816009,1.88924098
1133,-0.401787132,2.56329751
1134,0.339915633,0.0245248601
1135,2.0448842,-1.1473248
1136,-2.2526598,-0.724637032
1137,0.123905435,1.39121521
1138,-0.702278793,1.05603218
1139,0.46208781,-0.972612202
1140,0.182214394,0.825100243
1141,1.37713635,-0.165768012
1142,0.982538164,0.904727757
1143,-2.08456945,1.48460603
1144,2.1515379,0.694921315
1145,0.33752054,0.277820647
1146,0.940563202,-2.71479416
1147,0.962266028,0.519443989
1148,-1.51231384,-0.61591047
1149,0.117134169,-1.44970083
1150,-0.170177445,-0.614016771
1151,-1.30189753,-3.71983171
1152,-0.7605111,-0.733809829
1153,-0.784616113,2.85298157
1154,2.27354193,-1.2796967
1155,-0.243024483,-0.740611076
1156,-0.449517995,0.307520509
1157,1.89468527,1.42336071
1158,0.722021222,-1.09705651
1159,-0.425500005,0.990035892
1160,1.41244805,-0.515920877
1161,0.32545203,-0.853445411
1162,-0.935176611,0.545200646
1163,-0.136819646,-1.25000775
1164,0.109577268,-0.20058088
1165,0.116893403,0.448277533
1166,0.60006088,0.643988729
1167,0.145844832,-1.92366743
1168,-0.529570878,0.552455544
1169,0.371968299,0.0836431757
1170,-1.03358901,1.61997974
1171,0.189033538,-0.776288331
1172,0.62538141,2.07161212
1173,-1.04760909,2.74960756
1174,-1.91267371,0.0236278791
1175,-0.532531559,2.0802207
1176,-0.561518669,2.35983491
1177,-0.101340547,-0.552231312
1178,1.70659947,0.0177473817
1179,-1.25475538,1.10719204
1180,-0.22021623,0.20707944
1181,0.117508203,1.87150311
1182,2.34175777,0.468924731
1183,0.981289685,-0.643323362
1184,-0.265617192,0.281886637
1185,1.08187318,0.145293713
1186,0.142681524,-0.210859925
1187,-0.275953382,0.946377456
1188,0.601748884,1.32622421
1189,0.417761266,-0.607858717
1190,-0.417784661,0.217616931
1191,-0.452680826,-0.729636788
1192,-0.172142625,-0.0553551205
1193,-0.352348685,-0.130959004
1194,-1.86270559,-0.457717627
1195,-0.657312751,-0.362919182
1196,-0.125249505,-0.951889098
1197,1.93066537,-1.33291781
1198,-0.568848729,-0.804873586
1199,-1.79694104,0.0139681473
1200,2.10164928,-0.412130624
1201,0.418951064,-0.266576916
1202,-0.0774998814,-0.140009284
1203,0.759382069,1.33957338
1204,0.41249004,-1.31819594
1205,-0.0617332943,1.19045341
1206,0.193249568,0.038990099
1207,-1.21478713,-1.03204668
1208,0.662629843,-0.900207877
1209,0.981839478,-0.404950112
1210,0.845561683,0.394996226
1211,-3.43111682,1.37730885
1212,-1.44232357,-0.705991864
1213,-0.0343274437,0.180430576
1214,-2.64002705,-1.00591433
1215,-1.18998003,-0.698697269
1216,-0.54096061,0.529384315
1217,-0.578908503,-1.84320247
1218,0.391159147,0.0392837711
1219,0.119386114,0.0881023481
1220,-0.329448849,-0.0622896068
1221,1.60735989,2.1955092
1222,-0.148970082,-1.07753325
1223,-0.138372898,0.631136715
1224,-0.491244137,-0.577327013
1225,-3.47701192,1.59342813
1226,1.14309812,-0.958343625
1227,0.0516357869,0.672403812
1228,0.607010901,1.10519743
1229,1.49561787,0.50490737
1230,0.0762534589,0.0298420284
1231,-0.525125802,0.181879088
1232,0.614106953,0.805719912
1233,-1.51320219,-0.171772718
1234,1.21407354,1.01331711
1235,-0.153821096,0.10006804
1236,-0.233802676,-0.174918264
1237,-1.26784658,-0.459334075
1238,-0.467754632,0.384212852
1239,0.00526677212,0.150613636
1240,3.16950798,-0.13241069
1241,1.70690548,0.351146638
1242,-0.0748110637,0.185162112
1243,1.80740011,-0.353576034
1244,1.67192817,0.179651737
1245,-0.728893042,-0.127448574
1246,3.23687649,-0.00344537687
1247,-1.55831158,-0.0951938182
1248,0.109412052,0.398529232
1249,-1.31649947,-1.83212042
1250,1.77453113,2.56815028
1251,-1.08750832,1.32593763
1252,-1.56664431,0.56370908
1253,-2.10333395,0.101045325
1254,1.14019513,1.05392647
1255,-3.20688605,0.735334039
1256,0.005260434,0.275395304
1257,0.538340032,0.926320076
1258,0.576288044,0.487497002
1259,-0.171476945,0.42147103
1260,-0.818486392,1.03966641
1261,-1.8000561,-0.788693368
1262,0.0342477337,-3.68026519
1263,-1.21745789,4.00372076
1264,1.00050473,-0.759480178
1265,0.487404495,0.417999774
1266,-0.477524132,-0.319601953
1267,-1.36288452,-1.68142986
1268,0.713279665,0.160375774
1269,0.413343638,-2.1824863
1270,1.09597111,1.27990282
1271,-0.135660887,0.684788823
1272,-1.05697346,0.278391331
1273,1.48077667,0.227835223
1274,-0.0627939254,-0.295595884
1275,-0.455016524,-3.25424743
1276,0.128783613,-0.215806678
1277,-1.86123753,1.27602065
1278,-0.889050722,-0.23124741
1279,0.246276066,0.17125766
1280,-0.768132925,0.700178921
1281,0.0521370023,1.18656492
1282,-0.678206265,0.260119945
1283,1.04760277,1.63630474
1284,-0.0466685779,0.469476759
1285,0.142243788,-0.196907312
1286,-0.392803252,-1.01328611
1287,1.5545578,-2.3166604
1288,0.942645431,-1.51740968
1289,1.45178509,0.0143485041
1290,-0.673083544,-0.0316651873
1291,0.205326095,0.490907341
1292,-0.977346897,0.379223108
1293,-1.34373951,-0.385034621
1294,-0.518040478,1.12510443
1295,0.36251533,-0.322785795
1296,4.32684469,-1.21234202
1297,0.523963869,-0.111864999
1298,-0.342796028,-1.35838854
1299,-0.331597209,0.231002569
1300,1.55494583,-1.09538746
1301,2.02820134,-1.1893152
1302,0.431625068,0.87158823
1303,0.163663775,0.720158279
1304,0.933808208,-1.75779736
1305,-0.406986266,1.07919514
1306,-1.55688643,-0.377053887
1307,-0.813186407,-0.945354104
1308,1.39275289,-1.6475246
1309,1.03465366,0.975448549
1310,-1.13309777,3.20622444
1311,2.35375309,-1.64824569
1312,0.834254265,-0.575630367
1313,0.503963351,1.63813651
1314,0.392223775,2.02756953
1315,0.902375579,-0.141399473
1316,1.3280412,0.0745087042
1317,0.0116643179,-0.329302609
1318,1.56889641,1.33461714
1319,1.98316181,-1.80721867
1320,-2.27602053,0.0707930177
1321,0.926737189,0.0564406291
1322,0.463947862,-0.96718204
1323,-0.632595122,1.13084757
1324,-0.575183809,0.862600386
1325,0.264579117,-0.198766142
1326,-0.137322679,-1.03647614
1327,-0.477819502,-1.10771513
1328,-0.25763911,0.0965073332
1329,3.29897475,1.64909172
1330,0.0904655978,1.6581974
1331,-0.538197041,0.458944678
1332,1.92167449,-1.84739685
1333,0.322270781,-0.805164933
1334,0.663288355,0.0954331011
1335,2.90166211,2.96128917
1336,-0.841293871,0.816310585
1337,-2.2084527,1.43085682
1338,0.319058269,0.0354530737
1339,-0.0484807827,-0.112806574
1340,0.238377661,0.132630512
1341,-1.61747062,-1.80747569
1342,-0.318558812,-2.10203958
1343,2.20653629,-1.67574263
1344,1.04102409,-0.062847212
1345,-2.99064827,1.01807117
1346,-1.68664873,0.580284536
1347,-0.669685304,0.99927181
1348,2.44947553,1.42538226
1349,1.179088,0.197022095
1350,0.346390933,1.14800084
1351,1.10500383,-2.18212414
1352,1.30072451,-0.373824328
1353,0.00408689771,-0.213162541
1354,-3.16281772,1.80487537
1355,-1.32195497,-0.89846617
1356,-0.922593772,-0.402901292
1357,-0.760944664,-1.05685079
1358,1.35074496,-1.04582679
1359,0.0897245482,0.264041454
1360,-0.791749299,0.214623392
1361,1.03567028,0.0110500678
1362,0.211421922,0.438444704
1363,3.00486398,-0.715516746
1364,-0.482008696,-0.713241398
1365,-0.165632695,-0.383092523
1366,0.72187537,-1.11061633
1367,-1.35969853,-0.144256622
1368,0.789608657,-0.384857208
1369,0.646667302,-0.896120787
1370,1.4522481,1.55086184
1371,-1.42499053,-0.545212924
1372,2.40966296,2.39412427
1373,0.339691669,0.0433510095
1374,-0.422976047,0.0137419552
1375,1.10115707,2.3661046
1376,-0.146617517,-0.146378472
1377,-0.122103319,0.029148411
1378,-0.624949396,-0.876669705
1379,-0.137705147,0.617009163
1380,-1.45986402,0.0538287796
1381,0.228238463,-1.45276046
1382,-1.37718594,-0.381471366
1383,-0.258807451,-0.0596275702
1384,0.55698055,0.32900694
1385,1.05973208,0.534650803
1386,0.649043024,-0.73344928
1387,0.701929986,1.16047978
1388,-1.21070361,0.330720663
1389,0.0354111493,0.644076943
1390,-1.00895238,1.16094577
1391,-0.158274367,-0.0945030078
1392,-0.247738615,-2.08372998
1393,1.86586881,0.707524538
1394,-1.04875135,0.704347193
1395,-0.141565904,0.911682963
1396,-0.151759341,0.456045568
1397,0.430088311,-0.352348953
1398,1.04733157,-0.720865309
1399,0.423220694,0.364206105
1400,-0.0225991048,0.452719241
1401,0.97313875,-0.596629381
1402,-0.509077728,-0.0281049982
1403,-0.777481973,3.36660457
1404,-0.087838158,-0.785858929
1405,0.803112328,0.413384587
1406,1.03956521,-2.69617963
1407,0.0942596719,-0.347192615
1408,-0.345773309,1.47419083
1409,1.62181985,1.78824079
1410,-0.914268792,1.95933127
1411,-1.97662771,-0.348067373
1412,-1.9355948,-0.804697573
1413,-1.34643006,-1.36104524
1414,1.71499693,-1.14887393
1415,0.246268138,0.34859845
1416,-3.3784647,0.719395578
1417,0.895159781,-0.0285256337
1418,-0.174033463,-0.415917099
1419,0.125648215,-2.77615047
1420,0.0935049206,0.768248856
1421,-0.172115013,2.13058639
1422,1.34844315,0.617670655
1423,0.931236207,0.574694753
1424,-0.989286304,2.41991162
1425,3.60055757,-1.82844365
1426,0.409904152,-0.280188054
1427,-0.670073509,0.638804913
1428,-0.125352383,-0.106117673
1429,0.778490901,-2.03305626
1430,-0.840650201,-0.96519357
1431,0.331381679,-0.35192138
1432,-0.520111263,1.32296813
1433,0.665444553,-1.10511374
1434,-0.242816716,-0.906987309
1435,-0.0169590469,0.22316134
1436,1.02135205,-0.968709886
1437,-1.98149872,1.90448642
1438,-0.188521937,0.827402711
1439,-0.538134038,0.16684033
1440,-0.839861929,-1.05861044
1441,-0.655165315,-0.695456266
1442,-2.28192806,-0.152000904
1443,-0.388918996,-0.317181945
1444,1.46472824,-0.37058413
1445,-0.801219344,1.16900468
1446,-0.569733322,-0.982405186
1447,0.664669871,0.569867074
1448,-1.51891112,-0.903599739
1449,-1.89473104,0.045937404
1450,-0.389824212,-0.0863658339
1451,-3.29065704,0.186513647
1452,-1.70309627,1.24361002
1453,2.82534504,1.64121866
1454,-0.337367833,-2.08433151
1455,1.29399085,-0.0233577248
1456,1.11869264,-0.764044404
1457,0.454152077,-0.536470592
1458,0.365177095,0.121432699
1459,-0.765874207,0.445846379
1460,0.600542963,0.832935929
1461,-1.53071618,-0.305141985
1462,2.02814412,0.148980573
1463,1.24874341,2.5036068
1464,-2.75180674,-0.128683075
1465,-0.944554031,-1.56927073
1466,-0.617195666,0.488350064
1467,-0.122912504,-0.275306642
1468,1.47676373,-0.0013443114
1469,0.383439362,0.14244768
1470,0.671044588,-1.11528969
1471,0.276624858,-0.577979863
1472,1.37404239,-0.869036853
1473,-0.223323494,-0.39779982
1474,0.219260424,0.103048645
1475,-0.387329966,0.820630133
1476,1.71665382,-0.933678329
1477,-0.453132182,-1.30732453
1478,0.874217451,0.829595864
1479,0.567713976,-0.732913315
1480,-0.703127086,-1.63294518
1481,0.227028117,0.306997865
1482,0.276393414,-0.0235458426
1483,0.958175004,-0.511017978
1484,-0.45172441,-2.88649559
1485,0.35121277,-1.2309649
1486,1.16878808,-1.68581021
1487,-0.0356801078,-0.191721305
1488,-0.24647373,-0.797997117
1489,-0.449724495,-0.586262047
1490,-0.404322207,-0.551137567
1491,0.370088011,-0.130946726
1492,1.0653758,0.53345257
1493,-2.26857638,2.11572218
1494,0.428912818,-1.01505923
1495,-0.343552411,0.612866223
1496,-0.157077283,-0.388142943
1497,-1.87660372,-0.44985804
1498,-0.949712038,0.508411944
1499,-0.0711459517,-0.217868462
1500,-0.0180894174,-0.806011617
1501,1.53101134,-0.653076649
1502,2.72758913,0.688974142
1503,0.254635125,1.84026575
1504,-0.450286299,2.83209896
1505,0.105481781,1.94114101
1506,-0.192670345,-0.484554172
1507,0.0762779564,0.745228469
1508,0.549484849,-0.0756109729
1509,0.318288684,-0.293363392
1510,-0.157275364,0.016162971
1511,0.954924166,0.716679811
1512,-0.936827242,-0.525729239
1513,-0.0445082858,-0.742050171
1514,-2.10034466,1.35480511
1515,0.357596815,0.754119456
1516,-1.62833965,-1.36225688
1517,0.0306565296,0.183980435
1518,0.319714844,0.48955518
1519,-1.486274,0.502386451
1520,-0.561752319,-1.36151409
1521,-0.779079795,0.161097318
1522,0.156698033,0.276231021
1523,0.436885506,-0.251600474
1524,-0.415293336,1.19887447
1525,0.370952368,-0.518189728
1526,1.18917263,-0.382094502
1527,-0.104848184,1.49960279
1528,-0.464301258,-0.421159655
1529,-1.0019865,0.0332819149
1530,-0.906899989,-0.040979661
1531,0.540607691,-2.05474353
1532,-2.90329576,-0.278522462
1533,-1.84041893,-0.371908158
1534,1.04893291,-0.60821563
1535,0.434010059,1.59404099
1536,1.23771417,-2.69086218
1537,0.48451364,1.90487981
1538,2.35647821,2.32204533
1539,1.19098473,3.35520625
1540,-0.755227029,0.743739188
1541,-0.588413596,-0.618171215
1542,-0.52839607,1.53862643
1543,-0.818018138,-0.176632807
1544,-0.445083737,1.53416884
1545,-1.10495377,-0.521057963
1546,0.481601566,0.45161441
1547,-0.987289906,-0.746108711
1548,0.229883462,-0.230178431
1549,0.553976893,-0.321127623
1550,-3.508358,0.0681599304
1551,0.498065889,1.34799993
1552,1.07766783,1.18023038
1553,-0.700236857,0.0733182728
1554,-0.180037633,1.2985456
1555,-0.575044155,2.4524343
1556,-2.10763717,-0.938497007
1557,1.51702678,0.415218532
1558,0.820207953,-1.06399763
1559,2.6369338,0.598315001
1560,2.74014211,-0.204721391
1561,-2.36573076,-2.10927224
1562,-0.380610526,1.25116026
1563,-0.119858518,1.42059195
1564,2.10460663,-2.44175982
1565,3.02691197,1.9855715
1566,0.337474793,0.609211743
1567,-0.514347494,0.578948677
1568,-0.5164814,-3.07722545
1569,0.623089492,-0.580833972
1570,0.685651422,2.16572595
1571,1.5349915,-2.92937827
1572,-0.176725954,0.51753521
1573,-0.282682359,0.358679235
1574,-1.63200331,-2.32117677
1575,0.15148367,0.467425048
1576,-0.00518899364,-0.904309034
1577,-1.24281156,-0.372743368
1578,-1.5070256,-0.437021196
1579,-0.345911115,0.86907053
1580,-0.0259593427,-1.11778224
1581,1.14503729,0.489573359
1582,-0.978047371,0.857059896
1583,1.17731357,-0.843902409
1584,-0.802434385,-2.19693232
1585,0.43859604,-1.55427146
1586,-1.10686827,0.98279953
1587,-0.323872417,-2.1315403
1588,1.56581938,0.149584442
1589,-0.586294174,-0.196510062
1590,0.494698763,1.05300796
1591,0.604928911,0.533175468
1592,-0.0834820047,-0.150387973
1593,0.275547415,-0.672020972
1594,-0.41185233,1.09077775
1595,2.48001695,1.29873002
1596,0.710025251,0.997076869
1597,-1.05859423,-0.911779284
1598,-0.0774542838,0.838525891
1599,-0.307667285,0.410576671
1600,0.178845972,0.15970847
1601,0.858800471,-0.858154178
1602,-0.796598732,-1.07077086
1603,-0.359556258,-0.526230276
1604,-0.803068817,-0.638861299
1605,0.965123475,-0.114279926
1606,1.27180398,2.36557031
1607,-0.637148023,-0.193747878
1608,0.745830059,-0.483560741
1609,-0.144416183,-0.437637001
1610,0.824007571,-0.0517329238
1611,-0.734309316,-1.09624958
1612,-0.483301669,-0.301101118
1613,0.861520112,0.664729238
1614,0.0383182392,0.189948872
1615,-0.862260163,-1.77885234
1616,-2.63200426,-0.56609261
1617,1.4909426,-1.37212706
1618,-1.63512754,-0.888781846
1619,-0.685852766,0.684402645
1620,-1.50589991,-0.156103581
1621,-0.221238986,0.331662148
1622,0.914322317,0.28092736
1623,0.142019704,-0.202618077
1624,1.77966058,1.64321756
1625,-0.400969595,0.0472365357
1626,-1.60488141,-1.94032013
1627,1.84299564,0.859021366
1628,-2.19643211,-0.622264683
1629,0.127412677,-0.639237225
1630,-1.35582852,-0.488475055
1631,-2.10498571,0.755997658
1632,0.734955668,-0.105548576
1633,-0.161414474,0.00734545616
1634,-1.35979855,-1.12689769
1635,0.440613091,1.56020522
1636,2.11198473,3.31147981
1637,1.38536906,-0.566429853
1638,0.898164153,3.63123584
1639,-1.12822568,0.128880262
1640,-0.279519409,-3.36460304
1641,0.283646703,0.229939863
1642,-0.244415849,0.58919543
1643,-0.258362472,-0.618312597
1644,-0.334384233,0.510150015
1645,-0.437691748,1.2162832
1646,-1.20544779,1.18475866
1647,1.24177289,-0.0381473303
1648,-1.03434145,0.508566022
1649,1.56730628,-1.15587711
1650,0.74672097,-0.526775002
1651,0.145135,0.540734708
1652,0.706394374,-0.83339709
1653,-0.769357562,0.583282888
1654,-0.106174268,-0.632483959
1655,0.203954861,-1.53045058
1656,-0.445936531,0.301102221
1657,-0.30795756,-0.0712113306
1658,-0.725061357,-0.90090555
1659,0.532470167,1.0736382
1660,3.65237021,0.335095823
1661,1.04882312,-0.313226044
1662,0.930598855,-0.0645883158
1663,-0.0708427653,-2.05987287
1664,-0.210331216,-1.32682478
1665,2.18096972,-1.1299814
1666,0.414804846,-0.188245356
1667,-0.0042220694,1.89597142
1668,0.441161096,-0.625811219
1669,-0.769154012,1.21163344
1670,0.188432842,-0.257354438
1671,-0.171611518,-0.0221428815
1672,2.32673264,-1.25429535
1673,-0.391852349,-0.627928019
1674,-0.165766686,-0.378058046
1675,0.84612447,-0.580192089
1676,-0.273769557,-0.116088398
1677,-1.07380044,1.05064535
1678,0.063225612,0.0240048319
1679,-1.16471148,0.4410218
1680,-0.312571019,-0.832305491
1681,-0.345874429,-0.089917399
1682,1.42462122,1.4171803
1683,-0.399518132,0.399045438
1684,0.204689279,0.44946757
1685,1.08945191,2.08221412
1686,-1.70418942,0.834579766
1687,0.0539592542,-0.161162615
1688,-0.0311813951,-0.609116435
1689,-1.02441812,0.181809947
1690,-3.85655999,1.76343417
1691,-0.744474351,-0.978089094
1692,2.63715577,-1.17883039
1693,-0.620861292,-0.491907746
1694,0.0476448163,0.577584326
1695,0.812075198,5.05230331
1696,-1.10774446,-0.834811687
1697,-0.218845263,0.451189756
1698,-2.05679536,0.923362195
1699,0.329046756,-0.173131898
1700,1.02400279,3.07445717
1701,0.431226015,-0.480280966
1702,-0.75044024,-0.905613422
1703,-0.270798683,-0.159312531
1704,0.681440234,-2.55526662
1705,-1.97424042,0.972048223
1706,0.781133533,1.93381464
1707,1.13467097,0.330383271
1708,-0.555894077,-1.58185637
1709,1.72585082,-0.970060587
1710,-0.21478048,-1.48582768
1711,-0.167415872,0.0542383417
1712,0.186984301,-1.24045777
1713,0.46644038,0.333148748
1714,3.28531361,-1.12088573
1715,0.198402375,-0.597297013
1716,-0.123150736,-0.158225805
1717,-0.243138492,-1.68687963
1718,-1.27891767,0.45026508
1719,0.635784209,-1.12739563
1720,-0.59484452,1.36691725
1721,-0.929138839,-0.149668545
1722,1.1311506,0.231572956
1723,0.331402749,-0.28577438
1724,-0.627283514,-1.46546137
1725,-0.0257389974,-0.557849407
1726,2.05257821,1.32045519
1727,0.384083241,-1.12717867
1728,0.34500137,0.139288843
1729,-0.100123256,-0.11225564
1730,-1.5581702,-1.46043134
1731,0.258639604,0.0633748323
1732,-3.11645484,-2.90088725
1733,1.09241378,-2.24718451
1734,2.06411576,-0.21755214
1735,-0.626192689,1.2233125
1736,1.41716254,0.294405878
1737,-0.728643,1.15724719
1738,-1.053388,0.961072445
1739,-0.693208277,1.49595761
1740,-0.0284809116,1.21299887
1741,-1.40503156,-0.601605713
1742,-1.70498574,1.68828034
1743,-0.376859963,-0.552319884
1744,0.647946358,-0.139220059
1745,2.56764722,-2.82707715
1746,-0.176799119,0.171373829
1747,-1.25161588,2.02772641
1748,0.306321055,0.214764014
1749,0.541340828,0.223288208
1750,0.0768646374,-0.411275268
1751,0.580546916,0.107171714
1752,-0.103583641,-0.795239329
1753,0.280363828,-0.762034297
1754,0.0943922698,3.29085994
1755,1.06724072,0.449131697
1756,-1.29180431,-1.3830235
1757,-0.508433521,2.59506035
1758,-0.234631985,-0.818754256
1759,0.280983388,-0.579065979
1760,-1.48053277,1.76477122
1761,1.16043389,-0.952890515
1762,0.149238363,-0.187826276
1763,1.15155292,-0.655288994
1764,-2.09206057,-0.501726747
1765,-0.363160372,0.350949347
1766,0.07747145,0.964454889
1767,-1.20465195,0.92323333
1768,3.46892142,-0.380561084
1769,-0.088650167,-0.194876924
1770,-1.38098359,-1.87508464
1771,-2.27043104,2.05548263
1772,1.70003307,0.908595622
1773,0.0984760672,-0.125908002
1774,0.605463386,2.21403718
1775,3.60496259,-1.10507381
1776,-0.504761636,0.246192768
1777,0.900614262,-0.874655128
1778,0.790598989,-0.670629919
1779,-0.404167503,-1.06054854
1780,-0.641725183,2.60118651
1781,-0.370449066,-0.413590372
1782,0.188155562,0.378562063
1783,-0.457851082,-1.12070704
1784,-0.728888154,1.03539026
1785,0.790443778,0.637970686
1786,-0.173422143,-3.3016994
1787,1.31488431,-2.19921565
1788,-0.574559689,-1.31916165
1789,1.91957843,-0.727373004
1790,-0.673775673,0.141993776
1791,-0.727590084,-1.23717105
1792,-0.147767827,-0.0353862755
1793,0.11386992,-3.27711296
1794,0.833131015,0.640719712
1795,0.623247862,2.08962107
1796,1.50076473,1.07899225
1797,0.846785069,0.286144942
1798,0.799622178,0.667737544
1799,1.12542486,-0.568721235
1800,-0.651206613,0.31619224
1801,-0.215728417,-0.244377047
1802,-0.563787282,0.0250719823
1803,-1.12272716,1.62934911
1804,-0.433455467,-0.599074483
1805,0.766982734,0.625444651
1806,0.399133444,1.49324906
1807,-0.310621023,-0.390488774
1808,0.0537889861,0.320830613
1809,0.00702172425,0.447287142
1810,0.454558849,-0.914926052
1811,-1.16460955,-1.35395181
1812,-0.0701235905,-0.197823271
1813,0.0390718915,-0.172319427
1814,1.3931905,-0.949401677
1815,-0.144637272,-1.05655885
1816,-2.1870203,1.01458049
1817,1.00144279,-1.72884429
1818,-0.315696418,1.02088821
1819,-0.224124119,-0.362478375
1820,-1.07624936,0.80405426
1821,1.15182292,0.263743877
1822,-0.0768642724,0.795393229
1823,1.28657401,1.24207616
1824,-1.18546951,-0.157511443
1825,-0.169370234,0.150185779
1826,1.52471578,1.04403985
1827,-1.85368919,-1.11868536
1828,0.556601465,-1.34266531
1829,0.229620799,0.469404697
1830,2.00775075,0.112422451
1831,0.650099158,1.48623884
1832,1.26269519,-0.946484447
1833,0.373000771,0.511069179
1834,-0.240440354,0.541028738
1835,0.33215785,-0.353469819
1836,-2.14183831,0.769293487
1837,-0.631755948,-1.67080653
1838,-2.17215991,0.456522495
1839,-0.359294951,-0.350176752
1840,-0.213188007,-0.875962913
1841,-0.898977816,0.589524329
1842,-0.78916055,-0.00260731159
1843,-0.901584864,-0.309530348
1844,-0.571515679,-1.19442904
1845,0.429934978,2.25880504
1846,-0.232883021,-0.267690092
1847,-1.02024496,0.401499063
1848,-3.30451798,-1.52026308
1849,1.38946235,0.54981786
1850,-0.118554704,-0.300747097
1851,0.441708386,0.508579791
1852,0.0800478533,0.47337684
1853,-0.47085008,-0.258294612
1854,-0.753791213,-2.78833604
1855,0.36078459,-0.027725596
1856,-0.905237198,-0.236948177
1857,-1.1277355,-1.77418184
1858,0.255996287,-0.857444048
1859,-2.142488,2.036654
1860,0.938187838,0.289248526
1861,0.488243639,-3.16332817
1862,-0.214188904,-1.26041603
1863,1.39899671,-2.50481677
1864,0.255070388,0.542865336
1865,-1.45275629,-0.863948524
1866,-1.41494381,-1.81983089
1867,-0.449792922,0.573161185
1868,-0.27845645,-0.0947605595
1869,1.40978765,-1.2732414
1870,1.19618618,-0.405053467
1871,-0.324465275,0.251302093
1872,0.0787933022,-1.44047439
1873,0.395137966,-1.48811924
1874,-0.793679059,0.229200542
1875,-0.395211339,3.25715923
1876,-0.293520153,-0.271126986
1877,0.531249225,0.843988001
1878,-1.67195225,0.251911223
1879,0.747413754,0.869722545
1880,-0.243729413,0.103890754
1881,-1.56926072,1.13353777
1882,-0.395536572,-0.365856051
1883,0.116627976,-0.285297126
1884,-1.00995362,0.469297022
1885,0.498123556,0.0559601672
1886,-1.08859026,-0.977917671
1887,-0.923402488,0.23271881
1888,-0.345525116,2.06063771
1889,0.204459861,-0.372977078
1890,-2.5664382,1.4431963
1891,-2.45880413,-0.736553669
1892,0.347970217,-1.65180671
1893,0.659207761,0.46082449
1894,-0.667780876,-0.29665792
1895,1.06446171,-0.95193249
1896,0.408908784,0.433874935
1897,-0.429320425,-0.316680938
1898,-0.553869843,-2.40515208
1899,-0.913367271,0.241895273
1900,-2.49289536,1.46823382
1901,2.43268442,0.337912261
1902,-1.08846033,-1.13142002
1903,-0.668740571,-0.101147987
1904,-2.08706117,-1.02724075
1905,-0.136370018,-0.340381652
1906,1.36145413,-1.01003182
1907,-0.495948017,-0.178378671
1908,1.29045343,-0.150483742
1909,0.914791703,-0.643651664
1910,0.150578573,0.763607264
1911,0.0856904015,0.119938694
1912,0.451196581,-0.0761004165
1913,0.384702891,-0.609321594
1914,-1.72195554,0.256600946
1915,-0.877861798,0.815621793
1916,0.652201295,0.700110257
1917,0.825648189,-0.0349668786
1918,-0.16155754,0.98268497
1919,-0.109503463,0.933082223
1920,1.40312529,-1.1038599
1921,0.331277162,-1.83715165
1922,-1.3468231,0.6391083
1923,-0.832311928,-0.109289236
1924,-0.264994413,-0.118346378
1925,0.686281681,0.243946135
1926,2.88030934,0.624923527
1927,-0.221536621,-0.0532799996
1928,0.443029791,1.87734544
1929,0.421293944,0.0359000266
1930,-1.42646909,-0.560363591
1931,-1.07091594,-1.48601401
1932,2.08203101,1.93944204
1933,0.753879666,0.434935629
1934,-0.104697436,-0.827443898
1935,-1.64121938,2.48944879
1936,-1.1927954,1.43981254
1937,-1.22053528,0.0755895525
1938,1.18655884,0.340848386
1939,-0.678647339,-0.484719992
1940,-0.260469079,0.352911025
1941,0.622567058,-0.989607394
1942,-1.5729934,-0.411615759
1943,1.06899571,1.14591253
1944,-1.11850202,0.184836701
1945,1.5515883,0.920846879
1946,0.543661296,0.494882047
1947,0.474405587,-0.241201892
1948,1.3751961,0.867102325
1949,2.51209593,1.19830167
1950,1.58532357,-1.57254088
1951,-0.100723483,-0.153744966
1952,0.248558193,1.41396296
1953,-0.29143405,0.646113515
1954,1.46190417,-1.01987302
1955,-1.85033405,1.4582274
1956,-1.3517338,-0.874691188
1957,0.876223385,1.89659715
1958,-0.420080572,-0.35577473
1959,2.65026569,0.726489782
1960,-0.314117849,0.0832991377
1961,0.0893967003,-1.65711093
1962,0.131459266,-0.912403941
1963,-0.581781447,-0.0478634834
1964,-0.392261058,-0.405493885
1965,0.418380737,1.18679798
1966,0.20751521,-0.214749306
1967,0.989763141,2.14297915
1968,0.377990991,-0.711486876
1969,-1.57124543,-0.396787733
1970,-0.742994606,1.363585
1971,-0.179977864,0.69742775
1972,-0.00807086285,-0.522299767
1973,-0.586606085,-0.967149854
1974,-0.730872869,1.03002751
1975,2.7259047,-0.900279522
1976,-0.125418782,-0.156796381
1977,-0.889495492,-0.488105536
1978,0.0896896422,-2.34693789
1979,-0.144981101,1.43120766
1980,-0.670623958,-0.821376801
1981,-0.62308687,1.16699278
1982,-0.87898612,1.17450345
1983,-0.649008334,0.432799935
1984,-1.25829256,-0.0951643959
1985,0.0670175478,-0.517252207
1986,3.15415478,1.04788828
1987,-2.08942294,1.86158586
1988,-0.0594476722,0.83166796
1989,-0.0688331872,0.313729227
1990,-0.926676035,-0.486958265
1991,0.176450312,0.269600421
1992,0.480127603,0.676307201
1993,0.88963753,-2.49894691
1994,0.0207720865,0.0671706945
1995,-1.07604325,-0.236593321
1996,0.761741877,0.0787461996
1997,0.308591187,0.484375447
1998,0.281853437,0.105486952
1999,-2.55159378,0.990289807
2000,0.663251996,-0.209479302
2001,0.868676424,-0.825255513
2002,-0.913521528,0.415209144
2003,-0.821323156,-1.22942686
2004,0.403713346,0.119513422
2005,0.109986223,-1.40894532
2006,0.112476289,-0.0682811365
2007,0.778003335,-0.662373006
2008,-0.836194336,-0.135645375
2009,0.524625957,-0.784893095
2010,-1.82624948,0.691681504
2011,-1.05611753,0.10239803
2012,-0.121616669,-0.607567132
2013,0.278384924,0.71362865
2014,-1.35223174,2.0232718
2015,2.13440299,-3.01391053
2016,0.3185471,-0.895901144
2017,-2.32743788,-0.247998089
2018,-0.639983356,-0.352810919
2019,0.60811013,1.68667758
2020,1.14671791,-2.45036221
2021,-0.408768088,0.195008233
2022,0.267769963,-0.39657104
2023,0.857478321,-0.319991112
2024,-0.932275891,-1.03910112
2025,2.26719403,2.80149841
2026,0.349406123,0.960825145
2027,-0.0211266614,-0.336492211
2028,-0.620207608,0.279923528
2029,-1.10188198,-0.474135697
2030,-0.0250596311,0.173164532
2031,1.32343912,-1.58488357
2032,0.358838558,-0.164897338
2033,0.242059693,-1.1395787
2034,1.76053643,0.134643748
2035,0.973852277,-2.05668545
2036,0.676729798,-0.684295595
2037,-4.75443935,-1.55564821
2038,-1.00858831,0.151267812
2039,0.408979833,-0.085889414
2040,-0.11720863,-0.157068148
2041,0.586836457,-1.98174477
2042,-1.02363849,0.0346869864
2043,0.301885456,0.491191208
2044,-0.264361203,0.210793376
2045,0.0883716717,-1.17747998
2046,-0.815028548,-0.181681052
2047,0.100421034,-0.591317356
2048,-0.147795305,0.257006258
2049,-0.215218276,-2.81130815
2050,0.521510839,-0.641166329
2051,0.887481987,-1.20332181
2052,0.136844382,-0.159772694
2053,0.386187762,0.363655895
2054,-0.163722277,0.145417124
2055,0.592401505,5.13603544
2056,0.848527968,1.46679115
2057,0.312599093,0.9000386
2058,-0.0239392333,-1.74598444
2059,-0.828372478,-0.373739123
2060,2.22814274,-1.10264516
2061,-2.06808543,1.2826612
2062,0.395089269,-0.346129805
2063,0.304631501,0.0892693549
2064,-0.462857634,1.279935
2065,-0.649467468,-1.35245621
2066,-1.57344234,1.40780318
2067,1.74221742,1.20097148
2068,0.207719356,0.25741896
2069,-0.717879474,-1.04552937
2070,-0.586882889,1.13939166
2071,-1.82127082,-0.824827492
2072,0.800719857,0.352173597
2073,-0.879780471,1.63666523
2074,-0.454038531,-2.38978815
2075,0.0131519604,1.08586514
2076,-0.83156544,-0.429764092
2077,-0.982483447,0.686914146
2078,0.0391264893,0.584890127
2079,-0.205679089,0.639833272
2080,1.93665373,1.23134589
2081,-0.218435451,2.24522281
2082,-0.73486203,-0.802200139
2083,0.0925887972,0.190035537
2084,-0.222712845,0.239927396
2085,-0.34718293,0.347586185
2086,-0.941604733,1.58642006
2087,0.255493253,-0.291409492
2088,-0.633053601,-1.68229771
2089,1.37345409,-1.09541297
2090,-2.13666821,-1.03981447
2091,0.0663561523,-0.559142888
2092,-2.83486271,0.371937096
2093,-2.19536638,1.04153919
2094,0.675459266,0.921237707
2095,-0.0874113142,0.22491993
2096,-0.121520944,0.913268328
2097,1.47629642,-2.02688718
2098,-0.579996705,-0.434218764
2099,1.89373469,-0.885860801
2100,-0.0227416866,1.59470308
2101,-0.206671178,2.50132847
2102,2.02398109,0.0355864204
2103,-0.665180922,4.77998829
2104,-0.490913332,2.05041242
2105,2.50078845,-0.0975791812
2106,-1.19447327,1.53014278
2107,-0.506086409,1.27373242
2108,-1.36445379,0.572838843
2109,0.547176778,-0.0164960194
2110,0.063813746,2.59870076
2111,-0.111358225,1.14913416
2112,-0.64634645,-0.0974235907
2113,0.492820382,-0.963828921
2114,-0.306872755,1.03353024
2115,0.588246763,-0.740119219
2116,0.604219735,-1.1772331
2117,-0.712699056,-2.27848458
2118,0.0362027772,-2.96945977
2119,-1.45403695,1.01520669
2120,2.10308456,0.130984664
2121,-2.97175956,-0.964266777
2122,-0.213259876,0.568016529
2123,-0.0927686617,3.01909184
2124,-0.627255738,0.383022636
2125,1.02412081,-0.369865656
2126,3.06908226,4.31008673
2127,0.0130938133,-1.03337622
2128,1.19045925,-0.645020187
2129,-1.39788306,0.0177054275
2130,0.999928534,-1.32476199
2131,0.907284915,-0.639255285
2132,1.4078331,1.04394209
2133,-0.90700531,0.442701727
2134,-0.774739981,0.231099606
2135,-2.53567672,-1.51816308
2136,1.28130472,-0.894174159
2137,2.59529853,1.77676105
2138,1.6636883,-0.162643969
2139,-0.350659788,-0.127365828
2140,-2.18653941,0.393463135
2141,-0.129356191,-1.06578481
2142,-0.965691388,0.592704713
2143,0.361622393,-0.0351011939
2144,-2.93011212,-0.34253794
2145,-0.862403631,-0.0213081483
2146,0.237485722,-0.117823504
2147,0.427164525,0.620238483
2148,0.125434861,1.95570052
2149,2.34939861,-1.24162316
2150,-0.770053089,-2.47782445
2151,0.0147207249,0.615505278
2152,-1.26494968,-0.24899745
2153,-2.6486845,-1.39133871
2154,-0.454862446,-0.74847281
2155,1.59260142,2.21930027
2156,0.821275771,-0.121650547
2157,0.0905421525,-0.640598416
2158,-0.14942719,-0.501591444
2159,0.983906388,-1.98613095
2160,0.309089065,0.653262079
2161,-0.070466958,1.04329026
2162,0.937133729,0.361864239
2163,2.2239542,1.55564725
2164,-0.0965636447,1.04351866
2165,0.233028576,1.22603321
2166,-0.489593983,1.68972135
2167,-0.713680387,-1.48725617
2168,-0.432814151,0.327415079
2169,-2.46018648,0.0763558373
2170,1.47300792,-2.23359871
2171,-1.55485201,1.3387562
2172,0.617015958,-1.62747014
2173,-0.157096952,0.274946868
2174,-0.616051257,1.59291375
2175,1.15951514,2.90551662
2176,-0.614270985,0.33422038
2177,1.28641939,0.756186724
2178,-1.20661867,0.726188242
2179,-0.0776538476,-1.24977291
2180,0.446459144,-1.1624651
2181,-1.17387176,-0.652858019
2182,-0.518326342,-1.83943963
2183,-0.903208137,-2.30862665
2184,1.39227533,1.7580086
2185,-1.56973803,4.87764311
2186,-0.747137129,0.745229244
2187,-0.499780208,-0.808610797
2188,0.118263058,0.33153674
2189,-0.0811604261,0.240042374
2190,0.801935554,0.69062978
2191,0.431305587,0.385078996
2192,-0.883821487,0.303221136
2193,-3.16380525,-2.447685
2194,-1.41466224,-0.617359459
2195,-0.100625351,-0.239474401
2196,0.753599346,0.016722329
2197,-0.703780949,0.230223864
2198,0.918146133,0.11391452
2199,-1.10179925,-1.89440036
2200,-1.51841533,0.477743149
2201,-1.12249231,-0.418364137
2202,-1.08165884,-0.64793694
2203,0.486989141,-0.0435364246
2204,-2.29864979,0.409685314
2205,-2.29179144,0.436910391
2206,1.1691916,1.40847468
2207,0.876215875,-0.934136212
2208,-0.645458758,-0.0193950832
2209,-1.8094281,0.114526048
2210,-3.08823252,-0.0118989106
2211,-0.521762431,-1.05736995
2212,0.533096194,3.16289759
2213,-0.778083444,0.138153538
2214,0.209108993,-2.08452201
2215,0.904517353,-0.932194948
2216,-0.069280006,0.720047355
2217,-0.280280441,0.27294901
2218,-0.962042689,-1.93809021
2219,-0.525258064,-1.12222397
2220,-0.806271076,-1.06141448
2221,-0.722250342,-1.80197608
2222,-0.949098468,2.19552493
2223,-0.187293589,1.7975446
2224,1.85003996,-0.0963124707
2225,-0.5970608,0.448607057
2226,-0.358245373,-1.21686041
2227,0.4481695,0.142531648
2228,0.0316945985,1.61762571
2229,-1.30077159,-0.539367199
2230,0.285966843,0.0185600892
2231,1.20515478,2.98914719
2232,0.456435114,1.40718567
2233,0.134145007,0.0235605687
2234,0.272497296,1.4011898
2235,0.171456218,0.119926125
2236,-0.574373126,1.15238512
2237,1.64457071,1.20055079
2238,-2.19983578,-0.818917572
2239,-0.898605525,1.39837801
2240,0.753399074,0.918210268
2241,0.289985746,0.741044283
2242,0.382046878,-0.0231878087
2243,0.538141847,-0.327579975
2244,-0.715957642,0.31841293
2245,-0.379835516,-0.0415035635
2246,-0.896255851,1.34442115
2247,-3.18873,-1.8714118
2248,2.03819823,-3.9157331
2249,-1.03616905,-1.38558352
2250,2.06258011,-0.684180319
2251,1.71019828,2.29103732
2252,-1.12716269,1.85543776
2253,0.0526207946,0.431942642
2254,0.29639107,0.0178079382
2255,-0.127786741,-1.54283726
2256,0.0754164457,0.958788633
2257,-0.279244512,-0.470063835
2258,0.202835977,2.15086985
2259,1.12501764,0.765178084
2260,1.16319263,0.161619082
2261,0.671746373,1.30649662
2262,2.36234546,-0.0648324415
2263,-1.2110436,0.405588806
2264,3.27160931,4.85144091
2265,0.868783176,0.46144557
2266,1.22015238,0.721003175
2267,0.833522141,-0.061242938
2268,-0.83430934,-1.28564489
2269,-0.220165849,0.460406065
2270,0.775492609,0.201115623
2271,0.418603122,0.333643615
2272,-2.33602405,-1.3122611
2273,-0.235207856,-0.50933224
2274,-0.920850754,-0.270058572
2275,-0.222931013,-0.171384662
2276,0.541953802,0.670046926
2277,1.51849806,0.0985954553
2278,1.80926919,-0.347780973
2279,2.67417693,0.599250615
2280,1.14058399,-1.25886929
2281,0.27206251,2.25212622
2282,-0.230989695,0.256168813
2283,-1.01306105,2.0617764
2284,0.821332335,-0.0734398365
2285,3.40510011,-1.03302526
2286,-0.925375879,0.416782051
2287,0.0595879704,-0.143533826
2288,-2.05098367,1.04852283
2289,-0.330883056,1.03100371
2290,-0.385614425,-0.548285961
2291,-0.230933458,0.248413056
2292,0.991973519,-2.76385522
2293,0.812085927,0.537185252
2294,1.6993655,0.0690427199
2295,-1.59824502,-0.401944757
2296,-3.50815082,1.36007631
2297,-0.247377738,0.121538043
2298,1.27042782,-0.765752792
2299,2.1687181,-2.69303966
2300,1.01768303,-0.608387768
2301,-1.713377,-3.81347895
2302,-0.0568680875,-0.235578269
2303,1.38897777,0.245569348
2304,0.153896511,-0.034496516
2305,-0.157091692,-0.334256619
2306,2.23291302,1.90320778
2307,0.2702443,-0.0939885154
2308,-0.324664354,-0.00855065044
2309,1.01575077,-3.65886927
2310,-0.922115207,2.30655098
2311,0.524941802,-0.681785643
2312,1.18817651,-0.163994506
2313,-0.864626586,-0.224045753
2314,0.255160749,-2.82726169
2315,0.109235801,-0.221204892
2316,-1.44651234,-0.325111687
2317,-0.241189584,-1.31996965
2318,3.08669281,0.707632184
2319,-1.24514365,-1.13957644
2320,0.457547724,1.21079493
2321,0.899018049,2.45168948
2322,-0.207979739,-0.397816509
2323,0.27669546,1.00717282
2324,-0.475370586,-0.954365849
2325,0.308314383,-0.217276126
2326,-0.217057139,0.0155445794
2327,-1.65591431,-0.875654161
2328,-0.385879278,-0.675435662
2329,0.212350801,0.212606013
2330,-2.57688332,-3.29330182
2331,-0.720018387,0.168950334
2332,-0.595997155,-1.22780013
2333,0.553519905,-0.00660028076
2334,2.24742365,-0.527950764
2335,1.18458343,0.200531036
2336,0.149469092,0.314196885
2337,-0.283156902,0.966988266
2338,0.327007741,0.869899452
2339,-0.143752232,-0.779472291
2340,0.588144302,-0.418860167
2341,-1.37648201,-1.7826997
2342,-0.728450239,0.987103879
2343,-0.984262347,-0.0124613205
2344,0.653675437,-0.712199211
2345,3.09238076,-0.162380993
2346,0.174571276,-0.00573121337
2347,-0.289982706,-0.879030287
2348,0.0263028834,1.37719047
2349,0.38659662,1.60614312
2350,-0.165045604,0.0679392368
2351,0.0239279699,0.19692421
2352,-2.42220807,1.55697417
2353,0.353982419,0.0970640257
2354,0.344340533,-0.122583218
2355,1.11137581,-0.480381578
2356,-1.26715362,0.245171651
2357,0.00360962143,-0.374005377
2358,-0.868251145,-0.144302309
2359,-0.209677964,-0.0571072102
2360,-1.00285721,-0.757895708
2361,-1.7459929,-1.43376148
2362,-0.679979622,-0.183538958
2363,-2.18024683,-0.206267074
2364,-1.47516012,-0.661897957
2365,1.6618706,0.266591311
2366,-2.51652813,-1.0626421
2367,-0.964723647,-1.26232338
2368,0.0458568558,-0.416774154
2369,-0.578610837,0.0667788386
2370,-0.773672402,0.252817333
2371,-1.02125204,1.01342726
2372,0.192551538,-2.68380117
2373,0.297245681,-0.0791794956
2374,0.585737765,0.815185487
2375,-0.0957780331,0.763983846
2376,0.546429574,-0.647171438
2377,1.2561698,-1.54426324
2378,0.395897567,0.59818691
2379,1.27389944,1.15448594
2380,0.971048236,-2.15527225
2381,0.298820496,-0.0995130166
2382,-1.34722602,1.31809819
2383,-0.139900804,1.14989805
2384,-0.337985098,-0.681206226
2385,-1.20459521,0.240727812
2386,-0.409119219,-0.549294829
2387,-1.08736885,2.68002367
2388,-0.368992984,-1.44582665
2389,-1.74948013,-0.699884236
2390,0.392932981,0.72619009
2391,0.365556091,0.169704035
2392,1.01305604,1.87207294
2393,2.08663511,1.80272341
2394,1.53096557,-0.788675249
2395,0.369531751,-0.945887268
2396,-0.11943388,1.32043147
2397,0.373034716,-2.02629447
2398,-0.413473099,-0.471128583
2399,-0.28824234,-1.24306035
2400,-1.36818051,-0.556418836
2401,0.013375246,-0.669750154
2402,-1.17731428,-0.330112576
2403,0.571896791,-2.27019286
2404,-0.856303632,1.1408093
2405,-1.7725457,0.168482363
2406,0.617709875,-0.268159866
2407,-0.00453228224,0.380888522
2408,-0.503844321,-2.27695894
2409,-1.4430933,-1.11525381
2410,1.91378939,1.23790312
2411,-0.139798954,-0.350675941
2412,2.36820984,-1.66356254
2413,-1.41975141,3.70460486
2414,1.13273907,2.41207433
2415,-1.16012359,0.569433033
2416,1.03488636,-2.47902918
2417,0.0974322781,-0.443725049
2418,-0.0561130382,0.345333755
2419,0.774766624,1.10732114
2420,0.923175693,-0.829607427
2421,-1.88814545,1.93505251
2422,-0.353125572,0.866272628
2423,-0.244661659,0.701686144
2424,1.54230499,2.37160683
2425,0.57632947,-2.22254252
2426,-2.79761982,0.399042755
2427,-0.66671586,-1.07165468
2428,-0.0410536379,0.0779760703
2429,0.589276612,-0.0281363372
2430,-0.697399795,-0.17009525
2431,0.112144478,-0.119908005
2432,-0.933082104,0.0983902141
2433,2.19978023,-2.03337765
2434,-2.23620915,-0.582590759
2435,0.0565661751,0.312601149
2436,0.65890944,-1.24058568
2437,1.64829683,-0.268850476
2438,-1.63805258,-1.03788161
2439,-1.73826492,0.807518184
2440,0.908475041,-0.288909644
2441,-0.167111635,1.43571377
2442,0.781300724,-0.380107224
2443,-0.275221139,-0.679084361
2444,-2.34695077,-2.48081875
2445,0.867632389,-0.0179405455
2446,-0.388092101,0.104998112
2447,-0.979145169,0.95386678
2448,0.219441578,0.0558877476
2449,-0.449126184,-0.20831269
2450,1.77921379,-1.13805306
2451,-1.20189822,-0.320406646
2452,0.368589073,-0.768064678
2453,2.36299324,-1.89293051
2454,0.699645519,-0.257423341
2455,0.75601095,0.201201379
2456,0.609025717,-0.292375594
2457,-0.0679136515,0.607285261
2458,0.197272778,-0.380862415
2459,0.928135395,-0.210684642
2460,0.622661054,1.06431651
2461,0.538809299,0.649588406
2462,1.18468273,-1.20426881
2463,0.401207507,-0.927895725
2464,0.833089828,-1.3554008
2465,0.840006411,0.393001407
2466,-1.1408664,0.790856898
2467,0.346616864,0.512884796
2468,0.145499527,1.72502053
2469,1.78835857,-4.53926802
2470,0.193084747,-0.867841542
2471,0.0916576833,-0.189341217
2472,0.136009246,-0.147737414
2473,0.161298364,-1.4494592
2474,-1.52080762,0.428100675
2475,1.58789921,-1.58909965
2476,1.3100673,0.437994391
2477,-0.206356376,0.578138053
2478,-1.05018115,-0.680954576
2479,-2.07618999,0.127705932
2480,-0.0887957811,-0.236550048
2481,2.54489994,0.22228767
2482,-0.515304506,-0.0544830076
2483,-4.35787964,2.02456832
2484,-1.82446504,1.89465392
2485,0.827612281,-1.94795895
2486,1.75354064,0.368048966
2487,-0.0354569666,0.821699381
2488,0.17194815,-0.161575571
2489,-0.984101713,1.85489595
2490,0.906207621,-0.5729087
2491,0.253569365,0.257908583
2492,0.0750343874,0.0830075368
2493,0.338023692,-0.00973635446
2494,0.577641606,-0.592086017
2495,1.6902566,1.6651417
2496,-1.04190326,-0.329753757
2497,0.177345648,-0.299942255
2498,1.00821412,1.44684041
2499,1.48324406,-1.04198611
2500,-1.44441092,-0.463992119
2501,2.9336257,-1.09874356
2502,0.225871667,1.02283347
2503,0.771108568,1.42884743
2504,0.912693202,0.187751204
2505,-0.424355805,0.297809154
2506,1.64269471,1.90697193
2507,0.0606619306,0.189664409
2508,0.218394041,-1.0592649
2509,-0.619342029,0.381527007
2510,-0.800301194,0.377823055
2511,2.20989132,0.0378814004
2512,-1.10065556,0.699375629
2513,-1.07624269,0.502769351
2514,1.19383097,-1.31321156
2515,0.0176326297,-0.234628916
2516,-0.682650864,0.0983302742
2517,-0.667333663,1.25442195
2518,-1.02865195,-1.17384028
2519,-1.66011167,-0.924517214
2520,1.09497654,1.47708535
2521,2.62647414,1.16723347
2522,3.70649838,-0.0135772806
2523,1.13613594,0.944245696
2524,-0.466921687,0.729366601
2525,-0.0218866672,-0.190572992
2526,0.360111326,0.515098751
2527,0.321615219,-1.19531
2528,-1.23170674,-0.799218774
2529,0.200101689,-0.586942971
2530,2.24579501,-1.49496686
2531,-0.365798384,1.93122339
2532,0.996918559,0.559611917
2533,-2.07141137,0.590897679
2534,-0.563490033,-0.533715785
2535,0.569883287,-0.254007697
2536,-0.582441568,0.502630591
2537,0.56024164,-1.18387079
2538,-0.670926332,-0.786697686
2539,0.978038311,-1.04160166
2540,1.16426241,0.435243368
2541,0.0461926423,-0.228070557
2542,-1.28080034,0.1373588
2543,-0.627056181,0.738013029
2544,-0.329143643,-0.0944035202
2545,-0.15716292,1.09111297
2546,0.277703732,0.762383282
2547,0.147610694,-0.501036823
2548,1.26331687,-0.120299697
2549,1.81209922,1.03227639
2550,-1.82347429,-0.148671657
2551,-0.167833418,-0.0725653395
2552,0.802383363,-0.280008554
2553,-0.947874725,2.79861403
2554,1.95555735,-0.602881134
2555,-0.94392699,-0.287229121
2556,0.559633374,-0.700064659
2557,-0.696964204,-0.372715414
2558,1.28855622,0.304407924
2559,-0.325273693,0.554330945
2560,-0.365405023,-0.477493852
2561,-2.24514127,-3.43560886
2562,0.378712058,0.454430997
2563,-0.778245449,-0.144274756
2564,-0.124580562,-1.01063192
2565,0.631443739,-0.174519569
2566,-0.572408676,0.452947736
2567,-1.23686826,-0.782846212
2568,1.62405002,-1.96726751
2569,0.0534363873,0.284169436
2570,-0.1232531,-1.6057446
2571,0.884794295,-1.04816282
2572,1.96885705,0.762224913
2573,-1.32731962,-1.65468168
2574,1.29870045,0.738747478
2575,2.49913979,-0.068037875
2576,-0.560135186,-1.13537979
2577,1.98462319,-0.481943488
2578,-2.86987114,0.425572902
2579,-0.640867352,0.19375433
2580,2.10106039,-0.864327312
2581,-1.21905112,-0.944328129
2582,0.372360379,0.0323840566
2583,-1.54542971,-0.879531085
2584,-0.0454219505,-0.711143136
2585,-0.41013214,0.741684675
2586,-1.40861976,1.10205996
2587,-0.437718779,0.739147604
2588,0.148220032,1.50777876
2589,1.23439813,-0.268809587
2590,0.187159374,-0.15958266
2591,-0.295593917,0.606503308
2592,-0.69597882,0.909949064
2593,-0.387891233,2.68770075
2594,0.959987581,1.48627877
2595,0.637892127,2.30988073
2596,0.323199719,-0.533697665
2597,-0.124672867,-0.602224946
2598,0.990741193,0.0435313694
2599,0.287391812,-2.0022769
2600,-0.271875292,0.563061714
2601,2.19199276,-0.276872784
2602,0.473369896,1.79739666
2603,-0.0129702026,-0.797079861
2604,-1.18999934,0.536308885
2605,-0.623720765,-1.19872868
2606,-0.234628901,-0.878248453
2607,3.05285645,-0.331943244
2608,-0.544528782,-0.951518118
2609,2.30094647,-0.299974024
2610,-0.805737436,1.90782368
2611,0.342668056,-0.81131196
2612,0.57780838,-0.128640473
2613,-1.06008065,1.30097258
2614,-0.689119279,3.05691338
2615,1.29602671,1.89175224
2616,-0.832657695,0.452002347
2617,0.146639094,0.0476474948
2618,2.02747774,-0.380287498
2619,0.123741262,-0.50418359
2620,-1.5315969,0.16076085
2621,0.381642729,0.780915916
2622,-0.505451739,0.285451472
2623,-1.41752648,-0.0810763314
2624,0.255080849,-1.92284667
2625,-0.103576548,-0.413316786
2626,-1.06965649,0.627678335
2627,-0.718395472,1.804914
2628,-0.284690976,1.39322352
2629,0.333452135,-2.77004385
2630,0.978246331,-0.902240992
2631,0.939306438,-2.1757555
2632,-0.27654314,-1.32253039
2633,0.0612255782,0.381935924
2634,1.18683362,-1.50044727
2635,0.344638824,-0.567305386
2636,-0.511123717,1.2874558
2637,2.80298138,1.95366287
2638,-2.95644879,0.572864771
2639,-1.45268357,1.700436
2640,0.928889871,-1.15854371
2641,-0.805999219,-1.37933743
2642,0.914980054,-0.328377187
2643,-1.42775965,2.49316931
2644,-2.37114143,0.0551402383
2645,0.00189158821,1.73319995
2646,-1.94708478,-0.214150324
2647,0.33800897,-0.0889599025
2648,-0.265752971,0.0539676584
2649,0.303889632,1.30636859
2650,-0.036060784,-1.33485758
2651,0.610897064,-0.636905372
2652,0.557534456,0.838037848
2653,-0.218499795,-0.274163991
2654,0.787746727,-1.41581464
2655,-0.420952052,-1.24547386
2656,-0.317611486,-1.00434959
2657,-0.862665117,-0.280711561
2658,2.13041544,1.20972633
2659,-0.122955233,-0.175479233
2660,-0.465544105,-0.00861084089
2661,0.512447357,-0.144359425
2662,0.485700458,-1.01370776
2663,0.518052161,-0.188507587
2664,2.11519575,1.89257443
2665,0.475857317,-0.523843408
2666,0.609903932,0.885552824
2667,2.04271054,1.07741213
2668,-0.551429749,-0.54825753
2669,-0.105878159,0.201611921
2670,0.663743019,0.113683961
2671,-1.26629543,-0.01891011
2672,-0.699607849,-0.0202659853
2673,-2.37411904,-0.844474256
2674,0.891845167,-0.54312402
2675,-1.26330972,3.47743797
2676,0.791298509,1.11017275
2677,0.118171468,0.208244473
2678,-0.893095434,0.211005613
2679,-0.0855381042,0.132359385
2680,1.41435611,-2.12079263
2681,0.0241455324,-0.36687243
2682,-2.44834924,1.989766
2683,-1.24855256,-0.374167353
2684,0.532149017,0.770352185
2685,-0.125327617,1.74536288
2686,0.778229117,0.624021888
2687,-0.548430026,-1.4352591
2688,-0.484703153,0.308049858
2689,-0.37767145,-0.15267846
2690,0.504587591,0.948726952
2691,0.29701975,-1.08205855
2692,-3.3763907,-3.91576004
2693,-0.526698947,0.430579484
2694,-0.8664186,0.0226292443
2695,0.0870208144,-0.465636909
2696,0.464667529,0.341176093
2697,-0.812316835,-0.0457448848
2698,-0.685617805,-1.56625855
2699,-0.17796582,-0.307158798
2700,0.031464994,0.355678529
2701,-0.291503847,3.33791232
2702,0.613835037,-0.155760467
2703,-0.829850018,1.29976439
2704,-1.71340597,0.522163689
2705,0.868221462,2.4510293
2706,-0.189207017,-0.0186879337
2707,1.54516101,2.53569436
2708,2.37790704,1.40160966
2709,0.777879715,-2.48823714
2710,-0.570094049,0.0916512087
2711,0.108115867,0.191501945
2712,-0.428658724,0.031384334
2713,0.119944416,0.48214981
2714,-2.78156042,0.951761425
2715,1.56727004,-0.036457967
2716,-1.3161248,0.503147721
2717,-0.64156419,-0.0655739903
2718,-0.321626425,0.171449214
2719,-0.307560325,-1.19761157
2720,0.213974476,0.100323655
2721,-0.991057754,1.13655543
2722,3.20841813,-2.18294239
2723,-0.42854479,-1.64901197
2724,-0.131568253,-0.30654183
2725,-0.712682486,-0.921630561
2726,-1.41495323,-0.272942096
2727,-0.250879526,-1.54086721
2728,-2.36851692,1.37333393
2729,1.44989634,0.304413199
2730,-0.10838864,-0.45388481
2731,0.222152859,-0.0501395129
2732,-2.26762056,-1.65464461
2733,1.96694219,0.00338638318
2734,-1.50671101,-0.539584041
2735,0.395743906,0.264845639
2736,-0.465066999,0.546168506
2737,-0.502146721,0.903811514
2738,-0.39425543,-0.989050329
2739,0.328178704,-1.89307904
2740,0.260845393,0.546991348
2741,1.74701166,1.10672367
2742,0.216492534,1.2032367
2743,0.809309781,1.0304817
2744,-1.67910838,-0.105314367
2745,-0.186278611,-0.00325127388
2746,0.35174188,0.06628225
2747,-0.0108269686,1.5841279
2748,0.10112682,-0.671217561
2749,0.985235929,-1.16686928
2750,-0.957445145,-0.833694398
2751,2.3881464,-1.41559005
2752,-2.40005016,-0.449468642
2753,0.888643026,-2.59320354
2754,-0.507147014,-3.84021544
2755,0.836299121,0.178129554
2756,0.0411406048,-0.59800154
2757,-0.209594697,-0.196086392
2758,-1.61917663,0.3868002
2759,-2.16483021,1.9914248
2760,-2.30837178,-1.60436654
2761,-0.785032094,0.641312599
2762,-0.13910076,-0.137881115
2763,-1.53137779,1.43336415
2764,-1.80277324,0.347954273
2765,0.246355549,0.31694147
2766,1.03385496,-0.316636264
2767,0.466357559,-0.0542818271
2768,-1.1189667,-0.388337582
2769,1.34428823,0.872615278
2770,-1.23522079,0.11392507
2771,-0.120152354,0.678371668
2772,-2.65410066,-2.04107523
2773,-3.64982891,-0.0929467604
2774,2.2032361,-1.70114911
2775,-3.79461122,-1.41002643
2776,-1.66294515,0.626156271
2777,0.18818368,0.0310301986
2778,-1.63995683,-0.864387214
2779,0.945860028,0.0794856399
2780,2.3870914,1.22978795
2781,0.64271307,1.01243496
2782,-2.92834473,4.3337369
2783,0.446903169,-1.12353766
2784,-1.72802627,2.04390311
2785,1.41051626,-2.4887383
2786,-2.8415029,0.0718165562
2787,-4.29007483,-1.34370792
2788,-0.619781852,-1.11925101
2789,-1.07707167,1.72978342
2790,-1.77409911,0.0491673946
2791,2.13444877,0.359072596
2792,-0.142362803,-1.06580341
2793,0.554950833,0.36595273
2794,-2.57986379,1.39592218
2795,-0.39766705,-1.72311652
2796,-0.339416116,1.22144532
2797,3.95060039,-0.178735301
2798,1.04882538,1.39310062
2799,-0.735516787,-0.835170686
2800,0.606847763,1.18886149
2801,0.231441706,1.57834601
2802,-1.83797836,1.02896082
2803,1.24158669,-1.88042951
2804,-2.2036047,-4.50698996
2805,0.906318367,0.905821919
2806,1.38771236,-0.149333522
2807,-1.73780954,-1.55974448
2808,2.34031963,-2.0288384
2809,-3.20724535,0.415876329
2810,0.176539123,0.344521523
2811,-0.493418336,-0.313741982
2812,-1.59531832,-0.467782527
2813,0.492255002,-0.48723495
2814,0.250387758,-1.28189397
2815,-1.06688583,0.960281432
2816,-0.853508055,1.8031764
2817,-2.52197337,1.02102315
2818,1.1850369,0.486847699
2819,-0.101436518,-0.487016827
2820,-1.19860435,0.105210654
2821,0.572338343,-2.51941466
2822,0.2256497,0.162607417
2823,0.0895299464,-1.99604189
2824,1.24599338,-1.32783628
2825,0.667195082,-0.435819983
2826,-1.39362073,2.16484046
2827,-2.25898266,1.42088151
2828,1.02784824,-0.517978609
2829,-0.062287461,-0.62179029
2830,-0.345836014,-1.52938688
2831,0.32509771,0.68598181
2832,0.20656611,-1.54384875
2833,-0.389571548,-0.430448562
2834,-0.984979987,-0.0234357323
2835,0.315925062,-0.215399131
2836,-0.841240346,1.2030158
2837,1.47752774,-1.70784354
2838,0.680095434,2.36530399
2839,-1.04481971,1.20377421
2840,-0.231697813,0.383220434
2841,-2.00362539,-0.842761815
2842,0.0526863113,-1.80241859
2843,-0.0280816201,0.475817204
2844,0.423802614,0.311413765
2845,0.987809837,0.22314772
2846,-1.02444589,-3.034688
2847,1.26699638,0.0389757566
2848,-1.47374785,1.29019344
2849,1.18298554,0.0803556293
2850,0.564974785,0.649301291
2851,-0.792105019,-0.0393763296
2852,0.106688693,1.31939304
2853,-1.73131764,-0.970958352
2854,0.00875275955,-1.19949663
2855,-0.327346504,1.66166472
2856,-0.195361212,-0.261405796
2857,0.585699439,-0.824747741
2858,-0.56326741,-2.334656
2859,-1.52134871,-0.59666878
2860,-0.686714828,-0.468508989
2861,-0.50110054,-0.259860098
2862,0.289817452,0.233313605
2863,-2.20993352,-0.302151203
2864,-0.0086721871,0.978475928
2865,-1.33190465,0.976885438
2866,0.785154998,1.2524848
2867,0.0151083767,1.61217415
2868,-0.895840347,-2.31780505
2869,0.669973314,-1.08461583
2870,-0.705743492,-0.544589758
2871,-1.53350198,-0.116918772
2872,-0.249355778,-0.00877569616
2873,-0.785921276,0.296013594
2874,1.17103791,0.29851076
2875,2.78004742,-0.452893287
2876,1.26870883,0.634933054
2877,-1.15320957,-0.941669106
2878,-1.51948547,-0.646471858
2879,0.370796174,-0.196069211
2880,0.493718833,2.34278083
2881,0.456712931,-0.344326705
2882,1.09539258,-0.175859183
2883,1.55349278,2.18906116
2884,-0.459678382,2.04744363
2885,1.31830108,1.88463473
2886,-1.13010943,0.466282427
2887,1.46818388,-1.17220056
2888,0.0238783956,-1.23893774
2889,0.59319061,0.392490119
2890,-0.953166068,-2.509588
2891,-0.246309653,-0.32206735
2892,-1.43453908,1.07210636
2893,2.33379459,1.90794301
2894,-0.876847327,0.383840591
2895,-2.52877045,0.375288755
2896,0.709264159,-1.32748938
2897,-0.129188657,0.158256605
2898,-2.90241981,0.306766629
2899,1.67461228,-1.10228968
2900,-0.159422904,0.710919499
2901,1.44945824,1.02028048
2902,-1.98431361,-2.14354634
2903,-2.17051172,1.21520388
2904,-1.29898345,-0.658923745
2905,4.89004326,-0.0156007763
2906,2.39159465,-1.08232713
2907,-0.319648445,-1.24942827
2908,-0.776736975,-0.492115766
2909,0.023445908,0.569199145
2910,-0.184253559,-0.510751128
2911,0.0858148113,0.0197679643
2912,0.142404601,-0.466419101
2913,-0.817636669,1.28324866
2914,0.869924664,0.310204357
2915,0.517695844,0.180704981
2916,-0.0312540308,-1.11525393
2917,-0.990798652,-0.806330025
2918,0.0398539342,-1.45743608
2919,0.787366688,1.21283031
2920,0.823429108,0.244398385
2921,-0.719221711,0.106398463
2922,-2.05903578,-0.167512953
2923,0.322954059,-0.188848495
2924,0.776474237,-0.397376716
2925,-0.0658889785,-0.514704406
2926,-0.873609662,-2.78664565
2927,0.347905517,0.143332765
2928,-2.32187366,-1.21431315
2929,-0.164014444,1.85734594
2930,0.508782387,-0.0339302532
2931,-0.666193008,0.392726004
2932,1.17575955,-0.0493075922
2933,0.459070176,-0.212536335
2934,1.55716741,-0.877089322
2935,-1.53483677,-1.31772077
2936,0.795608878,0.929596961
2937,-0.125640303,0.24359259
2938,0.343146861,-0.113108508
2939,-0.8374632,0.0738098621
2940,-0.140348956,0.11458534
2941,-0.0391571075,-0.345154494
2942,0.563393712,1.33595955
2943,0.267712504,0.370617509
2944,-2.01495171,0.688398421
2945,0.482607245,-0.649732709
2946,0.0514409021,1.32219636
2947,0.635914505,-2.51693845
2948,1.70095289,-1.74953008
2949,0.526006341,0.392065644
2950,-0.83627665,0.146894559
2951,0.121022403,0.84909606
2952,0.116742991,0.683174253
2953,-0.832142591,3.4062252
2954,1.36216366,2.24502611
2955,0.726421118,-2.4013896
2956,1.56602561,0.0658594891
2957,-0.441243112,0.226531029
2958,0.462853491,-0.598476231
2959,-0.187087834,-0.0231143385
2960,-3.95788336,-0.704384804
2961,-2.02840686,1.12060547
2962,-0.416461438,-0.453194141
2963,-2.37406993,3.04812837
2964,-0.80863744,-0.124786548
2965,-0.957704246,1.22217572
2966,0.659441411,-0.0914319977
2967,0.0386663415,0.812084913
2968,-0.229601622,1.31196654
2969,2.91622758,-0.861047745
2970,-0.142855942,-2.21068239
2971,-0.22105296,0.745701432
2972,-0.293256193,0.629289746
2973,0.681470871,-0.380117953
2974,-0.559491158,0.760122418
2975,-0.433331877,0.0290839002
2976,0.14874956,-1.23230183
2977,0.231375739,0.310385555
2978,-0.546696782,2.51682448
2979,-0.40196991,1.11436796
2980,-0.345534652,-0.223530754
2981,-0.424707592,-0.711196721
2982,-1.08513641,-0.158802122
2983,1.8651464,0.396797866
2984,-4.39486694,0.748578072
2985,0.0381025076,-0.894504547
2986,-0.608467877,-0.386964023
2987,-0.752538264,0.991136789
2988,-1.68921876,2.35059714
2989,0.778601348,0.14067626
2990,-0.267084181,-1.74639869
2991,0.582671106,0.505390108
2992,0.180819541,-0.373943865
2993,-0.520056367,0.267283171
2994,-3.31814933,1.31502771
2995,-0.922240853,2.05303574
2996,-0.0205103625,1.45974267
2997,-0.105815366,-0.411848664
2998,-1.82390702,-0.696970046
2999,-0.724773586,0.281002611
3000,0.268336564,-0.432503849
3001,1.53798854,-1.49169266
3002,-0.0484847389,-1.00073731
3003,-0.112976193,0.576662004
3004,-0.48619923,-1.25730288
3005,-1.62001157,-1.42350113
3006,1.65328312,0.161047757
3007,-1.19154477,-0.313564688
3008,2.50962973,0.119857758
3009,-0.697406411,0.24789685
3010,1.87917399,-1.24643958
3011,1.83204389,0.679249048
3012,-0.191400662,-0.120080538
3013,0.090494737,-1.35889018
3014,0.0489814207,1.64291155
3015,1.36857235,0.768048286
3016,-0.436178267,0.111859679
3017,0.123136036,-0.866299331
3018,-1.59671688,-1.02069914
3019,-0.685119808,-0.758262873
3020,-0.264761508,0.241888314
3021,1.39547312,-1.57792592
3022,1.032511,0.689265907
3023,-4.06106567,-1.2056706
3024,-0.544062138,-0.344269246
3025,1.13866282,1.39338613
3026,1.08110106,-1.65183628
3027,2.33335233,-1.32989883
3028,4.36469412,-1.96189404
3029,2.20103812,-1.31146586
3030,-0.409527302,-0.206302315
3031,-2.11153769,-0.992877543
3032,0.760243773,-0.753919601
3033,-1.32830322,0.336188525
3034,-0.527875066,1.55479074
3035,1.59454429,-1.2395407
3036,-1.46360743,0.29702431
3037,0.248292774,-0.199583635
3038,-2.75705385,-0.370932609
3039,-0.128175035,-0.155512363
3040,-3.3725903,-1.87654197
3041,-0.713421583,1.18942297
3042,0.98815918,-0.31885159
3043,0.710466087,0.23923862
3044,0.887515962,-2.21787238
3045,-1.94456649,1.24069595
3046,-0.152266487,-0.59992069
3047,-0.00707689067,0.993809402
3048,-0.269932389,-0.843237698
3049,1.50690293,1.41963685
3050,0.297873527,0.806396067
3051,-0.153604522,-0.422679067
3052,1.33038914,-1.53085613
3053,0.0566068701,0.141023576
3054,1.70078421,-2.00283051
3055,0.755883038,0.303773582
3056,-0.373827696,-2.8786273
3057,1.11612177,0.994899869
3058,0.474479586,0.885954797
3059,0.893609047,-0.861811519
3060,-0.920307398,2.89701581
3061,1.21344006,0.785127282
3062,-0.0319939926,0.699742079
3063,0.349627018,0.316228539
3064,1.3121531,2.12978029
3065,0.153820932,0.549502313
3066,1.46668994,1.21816111
3067,-1.08037281,-0.858350694
3068,0.322116226,-0.120869681
3069,-0.508668005,-1.16841781
3070,0.0106401611,-0.107467137
3071,0.316825062,-0.12479753
3072,-1.04420125,-2.41108179
3073,-0.405358642,0.55719614
3074,-0.727459848,-0.269803166
3075,1.70540547,0.0819576904
3076,2.6047256,-0.540148675
3077,0.09550827,1.86441195
3078,0.0900972486,1.30119336
3079,0.158972055,1.14908624
3080,0.399791926,-0.198994994
3081,-3.19039869,-1.63379395
3082,0.963106513,1.77633059
3083,0.100942701,-0.234192878
3084,1.18212628,0.181818858
3085,3.83876824,0.979469895
3086,-0.549944818,-1.37513888
3087,0.575927854,0.668468237
3088,0.0586446896,-0.697342396
3089,-0.228746831,-1.61148667
3090,1.07509172,-0.313632339
3091,-6.10701466,0.854518771
3092,0.112717167,1.36485481
3093,0.74648279,0.688055933
3094,-0.788268864,-0.127473906
3095,0.684758842,1.84438634
3096,-0.517600656,-1.57057083
3097,0.0376258157,-0.155813187
3098,-1.36523533,0.983784616
3099,0.920118153,-0.470751464
3100,-1.0449053,0.459698528
3101,0.388232678,-0.312510401
3102,-0.563289881,-1.2363205
3103,0.835782528,-0.226862445
3104,1.14546371,-0.832715333
3105,0.591374516,0.551360071
3106,1.16792679,-3.42866182
3107,-0.236989185,2.90433741
3108,2.44527888,-0.279422671
3109,0.366845131,0.39807713
3110,-0.213029519,-0.477294028
3111,0.0296968836,-0.146455228
3112,1.20295572,-0.413901836
3113,4.2355752,0.0904315487
3114,1.03105402,1.56313729
3115,2.0906539,1.42328966
3116,-1.24143255,-1.45900214
3117,-2.97755718,-0.413178861
3118,-1.49794829,1.5324012
3119,-0.180592328,0.168400198
3120,1.23161364,-2.23913836
3121,-1.16124284,1.94890893
3122,0.709398746,1.16662681
3123,1.07735872,0.116466843
3124,1.27387059,-0.138929799
3125,-0.78815347,0.614983201
3126,1.59135962,0.291032791
3127,2.33405495,-0.722270668
3128,-1.5134809,0.199743822
3129,0.588092983,0.81123811
3130,-0.268685549,3.17472839
3131,2.48998022,-0.662586749
3132,0.131692767,-0.0920229182
3133,-0.967804492,-0.833395422
3134,0.0355561934,0.533464611
3135,0.58862704,-0.203996658
3136,0.702449024,-0.094609715
3137,-0.221181363,0.254995435
3138,-0.0571190603,-0.141214043
3139,0.271427333,0.753167272
3140,-1.3737644,-0.158197969
3141,-2.57250381,2.04251003
3142,1.64957285,0.309411705
3143,1.50616598,0.2042602
3144,1.31125593,1.2079128
3145,-0.935452402,0.964842498
3146,0.109458849,-0.27436015
3147,-0.880093515,0.519477963
3148,-0.624117374,-1.25908995
3149,2.44498324,-0.0760481954
3150,2.04609394,0.832234919
3151,1.54093933,1.98847282
3152,1.7616266,0.257262141
3153,-0.621113956,-0.524902284
3154,0.212046921,-0.695604086
3155,0.513482988,-0.341579258
3156,0.238822013,0.154476672
3157,2.54115129,-1.25417304
3158,0.203865081,-0.0878324062
3159,-1.77067018,-2.21067762
3160,-0.361775309,1.16790807
3161,-0.408428013,-0.608017325
3162,0.48131305,-0.166388735
3163,2.39438033,-0.361815006
3164,0.250399709,-1.47868049
3165,-0.490763187,0.74112606
3166,-1.329404,-0.24296011
3167,0.616989017,-1.03023922
3168,0.362175107,2.01319194
3169,-0.338665068,-0.527925432
3170,0.208411545,0.639833987
3171,-1.99646187,-0.405624151
3172,0.126584709,0.154137954
3173,0.0736536458,0.658070683
3174,0.866609514,-1.37719369
3175,0.135404423,-0.129296035
3176,-1.56705439,-0.898574352
3177,0.95786339,0.733664274
3178,0.961141646,2.13329506
3179,-2.03781986,-0.807133496
3180,1.78959167,-1.30171287
3181,-1.38359475,-0.2983661
3182,1.88024771,-0.17731671
3183,-1.65403819,0.2485466
3184,0.0456194691,0.898327649
3185,0.616425276,1.51594961
3186,0.0158378929,0.421240985
3187,0.78024286,-0.561086357
3188,-0.7240358,1.02135324
3189,0.223220259,0.337859005
3190,-0.889298797,1.59800601
3191,-0.594493628,1.94031298
3192,0.931191921,1.47122025
3193,0.0665057153,-0.304458439
3194,1.7178967,-2.70056915
3195,-0.978078902,1.7669214
3196,-1.21287918,-1.62609076
3197,0.479325861,-0.493412346
3198,-0.0650710538,0.163131773
3199,0.261978477,-1.00801826
3200,-0.0704075694,-0.506344855
3201,-0.0447084233,-2.44168139
3202,-0.894426763,-1.33784807
3203,-2.56190372,-1.43962324
3204,2.22276425,1.66094768
3205,1.16610825,0.544314384
3206,-1.62035811,2.32735872
3207,-0.0549670719,-0.524582028
3208,1.16888368,1.07252121
3209,1.02728093,0.425002009
3210,1.25211763,0.402607381
3211,-0.665411294,-1.07271528
3212,1.0098182,0.0530725457
3213,-1.31047881,0.304301143
3214,0.745372236,0.810534
3215,0.953046799,-0.213751853
3216,-1.09398043,3.1369586
3217,-1.17235553,-1.07629812
3218,-0.96320051,-1.54180861
3219,-0.0393211059,-0.158108026
3220,0.558858931,0.425457031
3221,-1.33188164,1.65007591
3222,-0.315488875,-0.584951818
3223,0.0305244625,0.872681141
3224,0.965286255,0.648143351
3225,0.0580267571,0.378973424
3226,1.70081079,0.0686796829
3227,-0.307273269,-0.836150348
3228,-1.08384883,0.320084304
3229,1.2867856,-0.849637508
3230,-0.748397827,0.72935158
3231,2.31544065,2.03607154
3232,-0.775565743,-1.19862211
3233,2.78571773,-0.86483705
3234,0.171604827,0.0915850475
3235,-0.312747508,-1.06326151
3236,-1.91178501,1.75494015
3237,3.79055476,1.06979203
3238,-1.54507637,-1.28761232
3239,-0.17546466,-1.08503807
3240,0.411977261,0.71461761
3241,3.18557596,-0.389541715
3242,-0.764176726,-0.723149836
3243,0.893342137,-0.0722244307
3244,0.781468987,2.55759025
3245,0.222933501,-0.070845902
3246,-1.2226007,2.51838708
3247,-0.887747049,0.0775752813
3248,-0.104449265,0.538131237
3249,-0.989188492,1.7271024
3250,1.59656584,-2.51007819
3251,-0.998593867,0.457478404
3252,0.15719004,0.998103797
3253,0.144973472,2.94081187
3254,-0.822917223,-1.28396022
3255,0.0536343046,-0.188904554
3256,-0.50597167,-0.748872519
3257,1.63764739,0.603335559
3258,2.40218687,0.320091426
3259,-5.32396698,-1.79257894
3260,0.124369726,-0.117941707
3261,1.4813596,0.773120463
3262,1.0927496,-0.336071163
3263,1.85448623,0.424679339
3264,-1.58671916,-0.329372346
3265,2.00551748,0.438356608
3266,-1.52061629,1.68539047
3267,0.198541209,-2.4288404
3268,1.10749483,1.21055698
3269,-1.93962741,0.652157187
3270,-0.231248543,-0.252667993
3271,-0.930642724,0.248535901
3272,-1.59064555,0.300581157
3273,-0.0503518507,-0.453685105
3274,0.0615964159,0.253492653
3275,-3.95601463,2.69167805
3276,-1.46237993,0.385674775
3277,-0.931863129,0.309403121
3278,0.597580492,0.717279792
3279,-0.318041891,0.147426024
3280,1.2499485,-0.563285887
3281,-2.10243464,-1.5667609
3282,0.0867500678,0.639410317
3283,1.70622778,2.16959143
3284,-1.35448384,1.08692932
3285,0.535070062,-2.11885333
3286,0.855876446,0.181937516
3287,-1.60195529,1.81713474
3288,1.02828109,0.91906786
3289,-1.47968566,-3.4677217
3290,-1.07872725,4.35074282
3291,-0.569665432,0.0955960527
3292,0.443439215,-0.476064265
3293,2.21561122,-0.0493547618
3294,-0.200696036,0.075353466
3295,-0.350029528,0.0346485563
3296,-1.03741491,0.541156352
3297,0.460922271,-0.12983124
3298,-1.17436445,0.733341753
3299,0.846948504,-2.2520678
3300,-3.52393007,-2.36731267
3301,-0.0657132939,0.572190166
3302,1.5989337,-1.34294868
3303,0.219547674,-0.180155411
3304,-0.905351818,0.484124362
3305,1.64084601,-0.512954533
3306,-1.00478721,0.426498562
3307,-2.36305976,1.46919894
3308,0.870364308,0.531259179
3309,-0.344961762,0.0114036035
3310,-0.113117076,2.1198113
3311,0.112739764,0.621294081
3312,-2.24275327,-0.628553808
3313,0.104819782,1.19047403
3314,0.409140438,-1.56375945
3315,0.656765878,-1.23663056
3316,2.87368631,-2.17445421
3317,-0.609540761,-0.521187901
3318,-0.721400678,-0.0391834565
3319,0.632168055,1.13643026
3320,-2.56549168,1.13694358
3321,-1.34286797,0.418599069
3322,-0.672909737,-0.353195339
3323,1.12644744,1.89830029
3324,-1.17128527,0.306209743
3325,-0.207113981,-1.03668225
3326,0.390067399,-2.82341361
3327,0.763733387,-0.343217403
3328,-0.866699755,-0.629283905
3329,-1.18054998,1.27578104
3330,-0.11476776,0.0577056296
3331,3.1054821,-1.41766596
3332,1.51185668,0.375849783
3333,-1.47476864,-1.0717274
3334,-0.718286633,-0.21119529
3335,-0.178599879,0.468430489
3336,0.388723999,0.410805345
3337,-0.883805037,0.0400186032
3338,-0.395777732,0.0354836658
3339,0.112698056,0.0959331244
3340,-3.04240227,-1.21157384
3341,0.371772051,2.26755476
3342,-1.04299128,-0.800782681
3343,-0.779305398,0.522632003
3344,0.615302145,0.914234042
3345,2.500808,0.470839322
3346,1.24045467,-1.03823233
3347,2.25054479,-0.700292468
3348,-0.832731664,-0.0191237088
3349,1.80516624,1.63710177
3350,1.09898722,-1.12450314
3351,1.06413543,-0.599807858
3352,0.403474241,0.73464644
3353,2.29078007,3.15639448
3354,0.15776293,-0.458883494
3355,-0.544082582,0.651706219
3356,0.615524113,-0.584929645
3357,-0.380083233,0.196564272
3358,0.562348247,0.358254135
3359,-0.805834472,-1.45149517
3360,-1.16565275,0.330230027
3361,-0.381711006,0.0965633616
3362,1.11356711,1.60175455
3363,1.99022424,-0.651720107
3364,0.603006244,-0.0472136103
3365,0.869957089,-0.21094279
3366,0.0198874678,0.67212981
3367,0.736715913,-0.478403956
3368,-1.21056271,-1.15461946
3369,-0.517184794,0.536599815
3370,0.544297814,0.399866581
3371,0.873832524,-2.06947541
3372,0.148824349,-1.28629398
3373,0.282832384,0.281252027
3374,-0.482243866,0.495993823
3375,0.120990932,-1.14990878
3376,-0.762046218,0.0168332849
3377,-1.57094407,-2.51308942
3378,0.86200881,1.12859297
3379,0.624691486,-0.530450106
3380,0.809194565,0.0604903139
3381,0.450058579,-1.56821311
3382,-0.159112707,0.054213535
3383,-1.20182812,0.522063315
3384,0.355276376,3.76439786
3385,-2.61998129,0.122449443
3386,0.290874481,-0.0599813089
3387,-2.12131524,-1.62913513
3388,-0.542143285,2.32812595
3389,-0.756719708,0.342447132
3390,-1.08780479,0.637884974
3391,-0.452666968,1.59433472
3392,0.284544468,1.39998126
3393,0.851946235,-0.733265936
3394,1.66092384,-0.607321382
3395,0.297602385,0.719946384
3396,-0.732456565,1.53358078
3397,1.75901616,-1.49177527
3398,-0.396271706,-0.114858568
3399,0.466388553,0.932505131
3400,0.0555620603,0.887292683
3401,1.42230237,-1.65903926
3402,-0.134885535,-0.544346809
3403,-3.35491252,-2.11015773
3404,-1.01758814,0.280551344
3405,-0.189609334,0.103442855
3406,0.373639166,-0.146800295
3407,1.18750596,-0.537832141
3408,0.200271249,-1.05937648
3409,-2.53496742,-0.863612115
3410,-0.149008259,-2.61604404
3411,0.274229109,0.78371191
3412,-0.509513617,1.59397435
3413,0.780454755,0.138471037
3414,-1.03979886,-0.739323318
3415,-1.18129313,0.812593937
3416,0.696388364,-0.691081524
3417,-0.00977603532,-0.115922876
3418,0.982084632,-0.594350278
3419,-0.752684534,4.04855585
3420,0.110652998,0.376974344
3421,-1.95907128,-0.708445907
3422,0.297532797,0.0490693934
3423,0.427749783,-0.313806862
3424,-0.106702603,-0.0690954328
3425,1.08696795,1.09233224
3426,0.810362041,0.102754816
3427,0.834905922,-0.224198163
3428,1.98617017,-1.56807196
3429,-0.362596303,-0.519155025
3430,-0.406109065,2.12898684
3431,-0.511978686,0.61107558
3432,-1.79434812,1.81073654
3433,2.48157167,0.110903449
3434,-0.384792715,0.865588725
3435,0.261983454,1.76513064
3436,1.38542449,1.38236558
3437,1.28649187,-0.520672798
3438,-0.219734341,1.03440702
3439,0.171891138,-0.466879547
3440,2.34312534,0.331045389
3441,0.271626532,-0.0986918882
3442,0.860538721,1.31941652
3443,0.761087298,0.00311964424
3444,-0.432562172,-0.739254773
3445,-0.382662266,0.949845791
3446,-0.309165686,-0.378109962
3447,0.119978577,0.0764208138
3448,-0.337751359,0.225041419
3449,1.46214545,1.82610106
3450,-0.614695668,-0.343567669
3451,-1.42094517,-0.327939361
3452,-1.32605934,0.832802415
3453,-0.168513656,2.3592701
3454,0.473313183,0.134053826
3455,-2.53270674,-0.288651019
3456,-1.31822181,-0.515414059
3457,-0.702269495,0.32424289
3458,-0.160780415,0.0437200591
3459,-1.26690865,-2.45101643
3460,1.23534667,0.954779148
3461,4.2184,-0.7549209
3462,1.08340001,0.96447444
3463,1.71076763,0.318099737
3464,-3.98214364,0.602792323
3465,-0.252314389,1.30272853
3466,-0.375377804,-1.25089002
3467,1.18253207,0.323576748
3468,1.41321909,0.56676513
3469,0.813950181,0.0425743833
3470,-0.390539736,-0.610670507
3471,-0.25056085,-0.585806787
3472,-0.502597868,1.69471657
3473,0.557838798,0.815484822
3474,0.370497108,-2.75384688
3475,-0.326652318,-2.0669291
3476,-0.369417638,-0.368075132
3477,-0.314845979,-0.0877991542
3478,-0.649663806,0.611220658
3479,-0.931042969,-0.476979613
3480,0.411606461,0.507424414
3481,-0.440008193,0.136823177
3482,0.254458338,2.51065493
3483,1.08843613,0.0349059999
3484,-0.0920362771,0.19674392
3485,0.71911335,-1.00671625
3486,1.31878269,0.153634235
3487,0.324859232,-0.256759822
3488,0.423588812,1.50892198
3489,-0.148102432,-0.616574705
3490,-1.2736702,-0.462392181
3491,1.31726336,0.720367789
3492,-1.21077168,9.09286464e-05
3493,-0.811554492,0.00777947437
3494,-0.632186472,1.62535918
3495,-1.20268559,-0.687224925
3496,-0.726450503,-3.78445554
3497,0.0399729349,-1.15552783
3498,-0.513911605,-0.395473748
3499,-0.151755705,0.0214939676
3500,-1.88192594,0.817110479
3501,0.839669526,0.221277669
3502,1.17918122,0.458683878
3503,-1.37114298,-1.73318708
3504,1.35686612,0.177248806
3505,0.531753063,2.11066103
3506,-1.65693867,2.62976599
3507,0.578399062,0.264096379
3508,-0.0930182412,-3.83443546
3509,-2.36540771,-2.03673887
3510,1.09167552,-0.629876792
3511,0.169276401,1.0652138
3512,1.4792999,-0.504324973
3513,-0.609519064,-0.0180488508
3514,-1.01997411,0.853644431
3515,0.460401595,-1.90329874
3516,-0.283100337,-0.0602830574
3517,1.27044749,0.130777791
3518,-0.778723538,0.491748929
3519,0.159591347,1.36452913
3520,-0.736167908,0.23207362
3521,-4.7698288,1.5008291
3522,0.0601510368,-0.785649538
3523,0.144460067,-0.325244397
3524,-0.74811697,-1.27721417
3525,-1.12472355,1.03998995
3526,-0.162960455,-0.414198726
3527,-0.121363096,-0.315874487
3528,2.46610093,-1.57863808
3529,-1.28587615,1.06791973
3530,-1.89843464,0.186783701
3531,-0.352500707,1.23079705
3532,1.14606214,2.64688492
3533,1.91559589,0.265878469
3534,-0.583153546,-0.23180376
3535,-1.34816086,-0.431437343
3536,-1.07499743,-2.02579021
3537,0.226949602,-0.495323628
3538,1.32422042,-0.371671349
3539,-0.145849928,0.311065078
3540,0.263749003,0.0442063324
3541,-0.268059999,0.097073026
3542,-0.711320519,-0.487292647
3543,-1.81590033,1.55629933
3544,2.59309077,-3.20772362
3545,-0.988456726,-0.198123753
3546,-1.05323005,0.315273285
3547,0.0171802435,1.89970422
3548,1.24640608,-0.750507712
3549,2.48392558,-0.867226362
3550,-0.695116162,-1.02165079
3551,-2.29534125,-0.527205348
3552,-0.135305539,-0.327492386
3553,-1.24559295,-0.554515064
3554,-0.367703736,2.2345686
3555,-0.823482931,0.291465431
3556,0.507630825,-0.146858722
3557,-2.03014255,3.64058089
3558,1.19901717,0.0432420671
3559,1.36075675,-0.681443155
3560,4.93085575,-0.4093436
3561,0.959724545,-0.858762503
3562,-0.418610662,-0.39075014
3563,0.142418027,-0.0909964517
3564,-0.292671651,-0.339297384
3565,0.667235792,1.17155647
3566,1.32645941,-0.850990951
3567,0.479107857,1.08673692
3568,-1.80224955,-0.857169509
3569,0.411008328,0.0415005833
3570,0.0625043362,0.301378101
3571,-0.615374029,0.158776715
3572,-0.0958788395,-0.119757019
3573,0.650673866,0.155347422
3574,-0.00922839064,1.82067263
3575,0.390611142,0.332785487
3576,-2.14859414,0.977625072
3577,0.240964636,-0.812419653
3578,0.662102759,0.686344266
3579,-0.10775739,0.203463927
3580,0.364510655,0.703053713
3581,2.58215404,-1.15800798
3582,-1.54346991,3.17296457
3583,1.4057436,-2.02984619
3584,0.663542747,-0.177900597
3585,1.29461789,0.677873075
3586,-1.19498789,-2.95401001
3587,-0.204122141,-0.400697559
3588,-0.0913872048,-0.677232981
3589,-1.45638251,-2.48620939
3590,-0.098711893,-0.156769276
3591,2.07733774,0.387700409
3592,0.826029837,-0.160020486
3593,-0.853688598,-0.302378416
3594,-0.254694402,0.877218723
3595,1.39849925,-0.286821276
3596,0.531214595,-0.3674694
3597,0.729252815,-0.644887924
3598,0.525842607,1.27145898
3599,0.999198794,0.687927425
3600,0.266293079,0.666229725
3601,-0.36947757,-0.0643374249
3602,1.33875895,0.302679598
3603,1.86619186,-0.131992698
3604,-1.14254713,-0.633979321
3605,-1.89845848,0.554886937
3606,-1.81927061,2.55507708
3607,2.37140226,2.35609007
3608,2.08733392,-0.161422938
3609,-1.34711027,1.05674815
3610,-0.232452169,0.468614101
3611,0.612771988,0.942919195
3612,0.328400642,-0.301065624
3613,-0.550192356,2.43388844
3614,0.45288381,-0.0464063846
3615,-0.789523542,-0.578528762
3616,-0.367987931,0.150299489
3617,-1.45699489,-2.37016463
3618,-0.381358951,0.255561173
3619,-1.59499526,1.43021238
3620,0.07155516,0.761853874
3621,1.3520335,1.38480377
3622,-0.593127549,0.347579986
3623,-1.47044957,0.438620776
3624,-0.701288044,-1.0981878
3625,0.145578682,2.07406783
3626,1.10881019,0.742147565
3627,-0.466585159,0.103901908
3628,0.407337993,-0.0836390331
3629,-1.34903121,-0.870261431
3630,0.839334607,0.00807639211
3631,-0.355013698,-1.36637115
3632,-0.624874711,1.99530125
3633,-1.181113,2.76295424
3634,0.743182898,0.227158934
3635,0.965745568,0.414472163
3636,-0.00998613611,0.174943939
3637,1.89153779,3.6940496
3638,-1.22251177,1.45825756
3639,-2.49896479,1.21324897
3640,2.59740973,-1.0763371
3641,-2.80761576,0.00621727528
3642,-1.01180267,-0.0390881822
3643,1.47327054,0.901915669
3644,2.59189296,-2.67364168
3645,0.457167894,-0.11775782
3646,0.462203622,0.462928504
3647,-0.697572649,-1.693542
3648,-0.371477187,-0.179389134
3649,0.312346935,-0.346304804
3650,-0.532626748,-3.3246057
3651,0.332231849,-0.528242409
3652,-3.26365685,0.473721027
3653,-0.611890495,-0.61727649
3654,-0.173408538,0.806930542
3655,-0.094934769,0.692821443
3656,-1.45977795,-1.82953012
3657,0.112820603,1.30546558
3658,0.176246583,0.115402199
3659,-0.810682774,0.500716209
3660,0.689488769,0.782132447
3661,0.454152614,0.379126787
3662,2.82450461,-0.0566093326
3663,-0.548138857,-0.112798668
3664,0.0476611182,-0.220687389
3665,0.490184039,0.19007422
3666,-0.243592232,-0.157731473
3667,0.689960897,-1.01613402
3668,-0.501067758,-0.633728564
3669,0.821742594,1.37970972
3670,1.3577894,-0.646950603
3671,0.98413223,0.458704948
3672,-0.578076124,-1.11670542
3673,0.646115601,0.374373257
3674,-0.0205363482,1.3718189
3675,-1.55098951,1.88296759
3676,-1.68027496,-0.404233068
3677,0.781994343,-0.888827085
3678,1.24047601,-0.643196106
3679,-0.838776171,-1.01594949
3680,-0.48610124,-1.77531254
3681,-0.915558875,0.914504349
3682,0.552819192,-0.102797307
3683,0.206154332,0.439002514
3684,-1.12656271,-0.462230653
3685,-1.82676983,-1.69320083
3686,-2.23496342,-0.519691944
3687,1.59500277,-0.899794996
3688,0.78215611,-0.17397587
3689,0.11800582,-0.997259498
3690,-0.0543132573,0.295956999
3691,0.559389293,-0.157605067
3692,-0.325089544,0.361988693
3693,-0.189844742,0.0338869356
3694,-2.30557466,-0.0345426425
3695,-0.721329749,2.38555455
3696,0.127587378,-0.917520463
3697,-1.34787154,0.496209592
3698,-0.143730953,-0.136832014
3699,0.296125054,-0.0320836529
3700,-2.61358237,-1.00009608
3701,-0.108731724,1.64598274
3702,1.1724565,-0.67283982
3703,-2.31906581,2.46333694
3704,3.01901841,-3.54475498
3705,1.38891757,2.17043781
3706,-0.458893985,0.553899527
3707,-0.464402258,-0.573021472
3708,1.0752759,-0.524223208
3709,-1.16807461,-1.69154656
3710,-1.44543624,-0.917310297
3711,1.06570971,-0.38443166
3712,0.83151263,-1.17664075
3713,-0.150615618,-1.20924211
3714,1.21497726,-0.674584031
3715,1.16420388,1.44893456
3716,0.772271156,0.0210640822
3717,0.764862418,-1.13763392
3718,-2.6186142,0.947402656
3719,1.63705885,-0.046433609
3720,0.209271953,-0.455803484
3721,2.03386426,1.00650418
3722,-0.521944046,0.310353726
3723,-0.917738914,-0.411275178
3724,1.13936734,0.709088445
3725,0.179970473,-0.0345022939
3726,0.19425346,-1.49898851
3727,-0.434086114,-0.422427714
3728,-0.641629577,0.189539373
3729,-2.38145518,1.78972948
3730,0.127590671,0.587822616
3731,-0.387207597,-0.723336041
3732,-0.750906289,0.87611419
3733,1.72376192,-1.34984207
3734,-0.575416148,-1.24310184
3735,-0.731091678,0.647747636
3736,0.327649176,-0.93304044
3737,-3.27477312,-0.902333319
3738,-0.588263273,-0.00999152102
3739,-0.652232111,1.73873913
3740,1.20047355,0.253431946
3741,-0.232738391,-2.05318928
3742,0.156069934,-0.0214942247
3743,-0.346598029,0.752822697
3744,-0.438897461,-2.4758141
3745,0.99617666,-1.31361353
3746,-1.9128828,-2.73518777
3747,1.10447085,-0.608841896
3748,-0.761427104,0.124823593
3749,-3.36229634,0.769620121
3750,0.748253644,4.97969198
3751,0.4908005,-2.4103725
3752,0.130591854,0.229469016
3753,2.36325884,-2.07559156
3754,-0.695530832,0.305561095
3755,-0.121552214,0.115564525
3756,-0.0174466278,0.301577836
3757,1.25809979,0.671022236
3758,-0.888251662,1.40238488
3759,-0.777555704,-3.11303115
3760,-1.35065758,-2.12162256
3761,0.64820379,0.759535134
3762,1.11984491,0.605828106
3763,-0.0457376391,0.591344833
3764,1.16203046,1.03568363
3765,1.35572839,0.0551721491
3766,-0.125305921,0.957596362
3767,-0.36678043,0.121357769
3768,0.849604368,-2.41936326
3769,0.852063,1.28152883
3770,-0.207888842,0.52045387
3771,-0.46036163,-1.89653325
3772,-0.447787106,0.767054141
3773,0.589896381,-1.44211793
3774,2.27725077,-0.318832099
3775,0.0182923898,-1.65734708
3776,-1.75042069,0.94234848
3777,-2.22325349,0.0833504349
3778,0.220874056,0.010497028
3779,0.663057148,-1.85735321
3780,0.0609086938,2.91593838
3781,1.3349247,0.793511689
3782,0.555310309,-0.741361737
3783,-0.408630431,1.03735471
3784,-0.580699325,-3.02004862
3785,0.0540947244,-0.263890773
3786,0.270001829,0.862870991
3787,1.12290394,-0.583165646
3788,-0.986154735,1.02688468
3789,-2.1558063,-0.517885745
3790,-0.090889737,-1.88312066
3791,-0.188403174,-0.426019162
3792,-3.68359971,1.26340413
3793,-0.0141270356,-1.15391564
3794,1.76414669,1.87426746
3795,-0.261896014,1.23702717
3796,0.0345028155,-0.27008146
3797,-0.222611442,-0.135485753
3798,-1.06223834,0.531339109
3799,-0.889107406,0.575530469
3800,0.662981093,-1.99190581
3801,1.29728377,-0.418351173
3802,1.33268368,1.03786051
3803,1.78328502,-0.880611598
3804,-1.45512688,0.57716763
3805,-2.17520452,1.01816571
3806,1.53845644,-0.381450206
3807,0.184263483,0.682480693
3808,1.56123102,1.22305048
3809,-2.13421392,-2.77649832
3810,-1.93750477,0.255425125
3811,0.583883882,-0.348679304
3812,0.842994332,-0.402050734
3813,-0.842362463,0.198454797
3814,-0.358089864,-1.68629706
3815,0.637297809,0.0539448671
3816,-0.678420305,-1.20277047
3817,1.57756209,0.203252226
3818,0.334621608,-0.309861213
3819,0.0403140672,1.47111464
3820,-0.716516554,-0.290622294
3821,0.157604799,-0.507513702
3822,-1.09994686,-2.1910255
3823,0.344219416,-0.802186191
3824,1.12311244,0.0284560099
3825,-0.00536053488,1.29632401
3826,-0.172595173,0.250932246
3827,-0.906150281,0.314624071
3828,0.533526957,-0.744543612
3829,-1.26480806,0.00895470195
3830,0.832524955,1.67968333
3831,-3.18989515,1.6971662
3832,-1.03950465,-0.356646419
3833,-0.180155873,-0.417421997
3834,-0.144829154,-0.0416654497
3835,0.0655119568,-0.323141694
3836,-0.232658714,0.359287798
3837,0.340640306,0.0972743705
3838,0.376761764,0.13133423
3839,0.0830515027,0.545044422
3840,0.117050573,0.257207513
3841,2.09617639,1.87129283
3842,-2.7903657,-1.76644313
3843,1.38341725,-1.15817845
3844,-0.0607126914,0.686294794
3845,1.03992438,-1.49113953
3846,0.625165343,-0.21290192
3847,0.433150679,0.863872051
3848,0.212899148,1.55277836
3849,0.566015184,0.042900119
3850,-0.589978278,-1.18349242
3851,0.706549287,-0.664642215
3852,-1.39086354,0.206008136
3853,0.619043708,-0.818521261
3854,-0.501371026,2.23121834
3855,-0.979276538,0.520113945
3856,0.440973818,0.222962871
3857,1.40145624,1.24185443
3858,0.644093871,-0.932921171
3859,-2.0534606,0.0625286251
3860,0.691441655,-0.195267648
3861,2.64564824,2.88200474
3862,1.46856809,2.06021953
3863,-0.0183225702,-1.55143833
3864,1.38575232,-1.37621105
3865,-0.326197863,1.43561351
3866,-0.113779485,-0.0970337316
3867,-0.173501149,-0.179126859
3868,-0.883619606,0.962868154
3869,0.987964153,0.385064185
3870,1.36370611,0.220387086
3871,-0.107881799,2.15916824
3872,-2.22240663,0.839927018
3873,-0.539138317,-1.18184888
3874,2.77756333,-1.4920274
3875,-1.32036591,0.365084171
3876,-0.170033649,0.013780226
3877,-0.435855091,0.169567212
3878,2.04408789,0.265238434
3879,-2.60467696,-0.217765674
3880,-0.896986723,1.33727574
3881,0.148060977,0.493966371
3882,0.504014075,-1.03292978
3883,1.57059324,-2.23897004
3884,0.496260285,-1.81272852
3885,-0.137391195,0.0339927934
3886,-1.76691628,-0.15372768
3887,1.18751109,-0.340172529
3888,0.911609232,1.48947895
3889,-0.601998448,0.652931392
3890,-0.571792841,1.87497723
3891,0.75072211,0.920627058
3892,-1.44027686,-2.09152436
3893,-0.855507612,-1.63975453
3894,-2.15280771,0.560006261
3895,-0.321413636,-0.183419347
3896,-1.38692486,-0.358035743
3897,-0.40666008,1.27040577
3898,-0.577617645,-0.906645
3899,1.4535315,0.669879258
3900,-1.78000116,-1.20949101
3901,0.569139421,1.58565569
3902,-1.40696108,4.16540003
3903,1.00802922,-1.36256909
3904,-0.498472422,0.163164571
3905,0.457265198,-1.93715596
3906,-0.220443264,-0.0929092988
3907,0.0912700295,1.2693131
3908,0.299911082,1.15433085
3909,-0.894827366,-5.54989274e-05
3910,-0.968887925,-0.724559665
3911,-0.634517372,-1.60903382
3912,-0.816232741,0.0622329824
3913,0.814844728,0.458776236
3914,0.0268235821,-0.416910261
3915,1.17619371,0.617042601
3916,1.79618716,-1.77452374
3917,0.0426818058,-0.434249103
3918,2.58013463,1.74516475
3919,-0.188727766,-0.793216348
3920,1.13536203,1.98730767
3921,-1.47580528,-3.0838306
3922,1.53315592,1.65832281
3923,-1.14134562,0.0135104461
3924,0.841953576,0.592636645
3925,0.145159677,-0.53058064
3926,0.0105060274,0.465586454
3927,0.342713594,1.14800072
3928,-0.510692775,0.0813581645
3929,0.630146801,1.65326178
3930,-0.697596967,-1.2833519
3931,1.210935,-0.49029097
3932,-2.14799714,0.7494331
3933,-1.75127542,0.94159025
3934,-1.01885188,-0.755488932
3935,0.204140544,-0.628635526
3936,-0.251003742,0.8681826
3937,0.536808491,-0.239868566
3938,-1.6355617,-1.33737004
3939,-0.166254669,-0.0709025562
3940,-0.67308712,-0.803569615
3941,1.67686534,-0.133817106
3942,1.12791538,1.38891089
3943,0.844472349,-2.33829522
3944,0.663235962,0.0387489684
3945,0.121418007,1.01937556
3946,0.803481638,-1.08905351
3947,1.27898133,0.988819182
3948,-1.31914079,2.67510843
3949,-1.38805866,-0.0345974714
3950,-0.57142669,1.21343744
3951,-0.397255361,-0.133185491
3952,0.977250874,0.937542319
3953,-0.265914828,0.933060169
3954,-0.297846407,0.577866673
3955,2.37711334,-2.46369243
3956,0.237848222,0.0503835119
3957,-1.1787405,-2.45715928
3958,-0.654546618,1.35448933
3959,-0.838903487,0.0370337293
3960,-0.569769442,-1.09759772
3961,-0.515723944,-0.28570056
3962,-0.708035469,-0.776868343
3963,-1.8383379,0.608638585
3964,0.453633815,-0.918311954
3965,1.41638684,-0.293557346
3966,1.05498672,-2.10589671
3967,0.0665186271,2.17103744
3968,0.579743922,1.30589819
3969,-0.94015348,2.49035358
3970,-0.0710197687,1.78856814
3971,-0.255494833,-0.499958485
3972,-0.30453068,-1.40551257
3973,0.862762332,-0.0196818169
3974,-0.237472549,1.38633525
3975,-0.426062405,0.240121573
3976,-1.30361676,-1.96088946
3977,0.270891309,0.459525883
3978,-0.821652591,0.416347057
3979,0.900215507,-1.7477628
3980,-0.24360466,-0.177302659
3981,-0.195682138,-0.507163048
3982,-1.51573157,-0.675520599
3983,-0.195407271,-2.75136471
3984,1.76800406,0.095400773
3985,-0.203989536,0.223899916
3986,-0.155130744,0.858236372
3987,1.45530891,-1.21335554
3988,0.022989314,-0.215900108
3989,0.191604748,-0.151925266
3990,0.726536989,-1.55923223
3991,0.309951603,-0.490332097
3992,-0.108147025,0.307709217
3993,-0.109234519,0.587724268
3994,-1.1030407,-1.50259423
3995,0.267546684,0.253327757
3996,0.161628664,-0.0233199392
3997,-1.95877481,-0.375187159
3998,-2.14248204,-0.00126603979
3999,-0.603982508,-2.18218136
4000,-3.04485106,-3.82037234
4001,0.522911191,0.74824065
4002,-0.0312856324,1.96320248
4003,-2.27993321,-0.671256065
4004,-0.461445719,0.452846318
4005,0.861252367,2.03358316
4006,-0.0378456563,0.0638394505
4007,-0.997599661,0.517483413
4008,-1.99091315,0.803582013
4009,-1.93035424,0.465440273
4010,-1.0788945,0.417611629
4011,1.13314378,-0.146802932
4012,-0.0677826554,1.01893353
4013,1.34314954,-0.755398333
4014,-0.0656885058,-0.571148276
4015,0.83498168,0.60507226
4016,0.50524956,0.0663991496
4017,-0.461028695,0.170428485
4018,1.05330431,-0.733980119
4019,1.50092125,0.620376527
4020,1.42511892,-1.39093673
4021,-0.951018095,-0.113237709
4022,1.09628379,0.0730229616
4023,-0.084842369,-2.92415833
4024,0.5314821,-1.08810663
4025,-1.08674538,0.862571955
4026,-0.0497578159,0.797631264
4027,-0.81290257,1.03523707
4028,-1.47919834,0.00469035562
4029,1.02434802,-1.80306947
4030,-1.37277615,2.55559802
4031,0.383903772,0.247011915
4032,0.371983618,0.0640876219
4033,-0.767786562,-0.069018811
4034,1.19664109,1.72894621
4035,0.541816115,2.10981989
4036,-0.381708294,-2.12783003
4037,0.146184772,0.647075653
4038,-0.857136548,-0.0652806535
4039,0.376099259,-0.307708353
4040,0.286958843,0.943045676
4041,1.50577891,1.30018556
4042,3.09780145,-1.16133845
4043,0.219756082,-0.691456378
4044,-1.52924478,-0.735032916
4045,2.05997992,0.232363582
4046,0.207778081,0.547870576
4047,0.637974918,-0.568264186
4048,0.794950545,0.185374022
4049,0.124830462,-0.0982265174
4050,2.1494782,1.52424502
4051,-0.691045105,2.47749758
4052,-2.14200449,1.06676328
4053,0.66377902,1.49161601
4054,-1.80604112,-0.239280254
4055,0.791272104,0.465797812
4056,0.668446481,-0.96845752
4057,-0.0635469183,0.816557348
4058,0.495909482,-2.07342553
4059,2.05784225,1.07175112
4060,0.693553925,0.0928934738
4061,0.551969647,-0.0832169056
4062,-0.44515422,0.295640647
4063,-0.527179122,0.620890975
4064,1.63981926,0.105276272
4065,0.456512898,-0.363960654
4066,0.0130785415,-1.55056906
4067,-0.108744964,0.700053871
4068,-1.09511912,0.378778279
4069,0.201491207,1.17078352
4070,1.70788717,-0.215425774
4071,0.326016903,0.577400684
4072,-0.294699758,-0.569364727
4073,-0.209915623,0.55253458
4074,-0.117546156,-1.13616431
4075,1.24869752,-0.437218964
4076,-0.282824248,0.0938023254
4077,-1.94695592,-0.243257448
4078,0.745274544,0.951487184
4079,-0.580272675,-0.776473343
4080,-1.25567591,-0.505467176
4081,-0.385272682,-1.02603877
4082,-1.59067869,-1.15228105
4083,-0.698794246,-1.06509769
4084,0.32728681,-0.040392831
4085,0.298290014,-1.46294796
4086,0.240391791,0.146055639
4087,-0.429074883,1.71959543
4088,-0.0188492462,-0.362276942
4089,-0.384790152,0.1808092
4090,-1.17237937,0.740344524
4091,-0.891002297,-1.5669663
4092,1.54988408,-0.266852289
4093,-0.0292721018,-0.17008543
4094,-0.518813789,0.0452162512
4095,-0.16007863,-0.129477978
4096,2.42994022,-0.910984635
4097,0.940265656,-1.35258496
4098,-0.628464401,1.07881224
4099,1.45339561,0.961870134
4100,2.72334886,-1.48193264
4101,-1.0598917,-0.61842829
4102,-0.820357025,-0.490325958
4103,-1.33409691,-0.846389353
4104,2.80313873,1.26307535
4105,-0.472344369,-1.27594531
4106,-0.581933856,-0.358380944
4107,-0.401559204,0.192357749
4108,0.393890172,-0.248616174
4109,-1.25672269,1.11671269
4110,0.237602711,-0.163651317
4111,-0.480676144,-0.207994029
4112,-1.86076772,2.31306696
4113,-0.976303577,-0.968850434
4114,1.70591486,1.2298342
4115,1.68545389,2.02732205
4116,-0.111934483,-0.147536844
4117,-1.18383801,-0.63178277
4118,0.25106433,2.55765104
4119,0.621533513,0.447469771
4120,0.143173888,-0.176641613
4121,0.844499409,1.45262647
4122,3.22924209,-0.833833873
4123,-0.345946699,2.96073198
4124,1.3222599,-0.279686958
4125,-1.35897124,1.68203306
4126,-0.131239489,-0.836752474
4127,1.67884147,0.627303123
4128,0.494879991,1.59106874
4129,0.27825141,1.04823208
4130,2.15026975,-1.58019412
4131,1.11308146,-2.25630474
4132,0.991050363,-0.0267947
4133,-1.01759517,-1.0336777
4134,0.946639776,1.18362629
4135,-0.721126497,-0.32488367
4136,-1.65609813,0.00129544816
4137,1.01178515,2.18845773
4138,0.0833493546,0.202869847
4139,-1.82164526,-1.68792236
4140,-0.364715874,3.32607388
4141,-0.593260765,-0.560556293
4142,1.19002438,-0.144200444
4143,0.505223453,-1.20971441
4144,0.177726239,-1.30188155
4145,0.0920108259,-0.083041437
4146,-1.44901288,1.1500479
4147,-0.682106733,-0.718135297
4148,0.23359704,-0.621806324
4149,1.68637502,1.00944042
4150,2.02210593,0.118056811
4151,1.61064959,-1.3999306
4152,0.957238019,0.597796559
4153,0.138248146,0.345258802
4154,2.05795145,-1.134817
4155,-0.838491023,1.36943293
4156,1.1815418,0.0268206019
4157,0.00507938908,-0.238648281
4158,0.471834213,1.44968343
4159,-0.391521394,0.249277428
4160,1.49506235,1.04281509
4161,-0.717138231,-1.11537862
4162,-0.722008944,-0.181144431
4163,0.188603938,-1.4152267
4164,-2.12261653,3.40861535
4165,0.494116783,-0.202959239
4166,1.11421263,-0.0923150331
4167,-0.52374959,-1.74646568
4168,1.3071264,2.13959575
4169,0.296022385,-1.06196928
4170,1.06743479,1.13137436
4171,-0.799412072,-0.312054574
4172,0.629923463,-0.731465757
4173,0.399002045,0.708088875
4174,0.14961192,-2.12189102
4175,1.65419221,-0.77519691
4176,0.174589276,1.03677607
4177,1.83351135,-2.57214522
4178,-0.36108005,-0.675107837
4179,-0.141921476,0.166555911
4180,0.692794859,-1.32513905
4181,1.43551552,-1.8527807
4182,-2.8127749,-1.36917555
4183,0.647886515,0.725143671
4184,0.227292433,0.478653133
4185,-0.115089878,-0.00897866953
4186,-0.4053348,-1.1789211
4187,-0.137425646,2.73401475
4188,2.22194695,1.26706922
4189,-2.0047214,-2.87394714
4190,0.159069493,-0.0302573331
4191,-1.02917278,-1.22195327
4192,0.532845438,0.675228536
4193,-2.39663696,1.3202045
4194,-1.27150786,-0.219584882
4195,-3.19743752,-0.836076617
4196,-0.906644106,-0.785247624
4197,0.959752381,1.22231162
4198,-1.99355578,-0.944083333
4199,-1.91009951,0.0850492045
4200,-0.91791594,0.129478782
4201,0.407378882,-0.803345323
4202,1.41834426,2.13824153
4203,-0.351522863,1.4536134
4204,0.311271936,-3.55748749
4205,-0.724548638,-0.133252487
4206,1.16568494,-1.24429321
4207,-0.0459417924,1.14978313
4208,-0.569908082,1.15157855
4209,-0.478938878,-0.58109802
4210,0.868656337,0.372207373
4211,-0.159384236,0.799274325
4212,2.03284335,-2.23019242
4213,-2.52984691,1.52972984
4214,-0.036243435,-0.244541839
4215,0.915859461,-0.982007027
4216,0.265175551,0.929592788
4217,-0.870498359,0.544655204
4218,3.54908228,0.420369834
4219,-1.05553806,1.39518929
4220,0.736321628,4.87663746
4221,-0.136507407,0.697003186
4222,-0.863324642,0.351124167
4223,-0.999567449,-0.364379078
4224,-0.976029217,0.620595098
4225,0.388366431,-1.30520248
4226,-1.12223232,1.1065712
4227,0.424478024,-0.0990255103
4228,1.83267808,0.880089521
4229,0.161071166,0.0102130035
4230,0.142487019,0.168737605
4231,2.38781881,-0.228401333
4232,-0.0454216599,0.103650719
4233,-0.552904904,-0.649276495
4234,-1.4729358,1.54932535
4235,1.15273619,-1.30784547
4236,-0.170925543,0.187450737
4237,-0.881127357,-0.457190663
4238,-0.32107076,2.01259708
4239,-0.162139386,-0.349612176
4240,1.7093153,-0.697789788
4241,0.184224933,2.0460813
4242,0.230585679,-1.36421084
4243,-1.08177555,-1.28778648
4244,0.616609037,-0.239756346
4245,-1.06899858,0.176105887
4246,1.35906541,-0.105784118
4247,0.640582919,-1.36820221
4248,1.96403146,1.97376931
4249,-1.66990328,-1.7886976
4250,-0.170213953,-0.116474345
4251,-1.47888923,0.7584939
4252,0.210286707,0.102341339
4253,0.280939102,-0.106293038
4254,0.440643102,-1.08767724
4255,0.141486958,1.65396357
4256,1.23316574,0.493593723
4257,-2.90672541,1.86670423
4258,-1.2892642,-0.94378525
4259,0.830501795,1.0757972
4260,1.10359669,0.505429029
4261,0.11052715,-0.21829319
4262,-0.573974192,0.129545331
4263,-0.814432085,0.138715625
4264,-0.840081692,1.04724967
4265,-0.757655621,1.19738412
4266,-0.527585447,-1.602911
4267,-2.73591852,-0.0764254555
4268,2.56593204,1.63108516
4269,2.01846457,-0.732562661
4270,-0.552567661,-2.08987236
4271,-0.160585612,-0.169906318
4272,2.08804107,0.0442965813
4273,-0.650773287,0.66969955
4274,0.302693635,0.447072417
4275,3.03262234,3.25437665
4276,1.06000066,0.976901948
4277,-0.643644333,0.36436829
4278,-0.453883111,0.844573677
4279,-0.38846159,-0.337947994
4280,0.349759519,-0.933074951
4281,1.31453574,1.10886753
4282,0.346203417,0.104781352
4283,0.356019348,0.250858575
4284,0.530694604,-1.50335205
4285,-0.557951212,-1.50382936
4286,1.68465793,-0.830771327
4287,0.957823992,0.220023051
4288,0.446786463,-0.052670598
4289,0.156521514,-0.0656079352
4290,1.73937583,1.75129843
4291,-2.15180731,0.652198374
4292,1.06335652,-0.8459723
4293,-0.14893344,0.145494699
4294,-1.88753378,-1.167557
4295,2.59082961,-2.42898512
4296,1.47979355,-0.158849478
4297,0.848260164,2.27439475
4298,-1.63744986,0.887063801
4299,0.257863134,0.864789248
4300,-1.21558213,-0.7060287
4301,-0.255783916,-0.938260496
4302,-0.0619823933,0.126291037
4303,0.543316066,1.42845356
4304,0.378236622,2.07893443
4305,-0.687583327,1.87643468
4306,1.70355511,0.577075124
4307,-0.68623358,0.124271445
4308,-0.025540702,-0.285009921
4309,-1.55592513,0.167304009
4310,0.777433515,1.15397477
4311,-0.306758195,0.677966058
4312,-1.64402843,0.627267063
4313,0.918230116,-0.812865794
4314,0.331032664,1.81703448
4315,0.884855866,-0.953612149
4316,3.19577742,-1.9840095
4317,0.385396272,-0.208852887
4318,1.92583156,-0.360277861
4319,0.427663416,-1.12943232
4320,-0.772491395,-1.2999177
4321,-0.776535809,-0.637084126
4322,0.27235353,0.474474877
4323,0.150970489,-0.208511755
4324,-1.77401102,0.442506731
4325,0.0789787248,0.179785773
4326,1.64071953,-1.19163704
4327,-0.251392663,1.32546473
4328,0.0202643275,2.73286343
4329,-0.411577225,1.68140149
4330,1.65943038,0.000713740068
4331,0.823474824,0.231642351
4332,-0.895327091,0.324652791
4333,-0.925240219,-0.190468147
4334,-1.23481083,0.784573138
4335,0.323217571,-0.226249978
4336,2.47132182,0.039341744
4337,-0.962970197,-2.11492777
4338,0.169287801,-0.142657682
4339,0.0478529073,0.571122408
4340,0.973069906,0.732218683
4341,1.43474841,-1.77903652
4342,-0.90121299,-0.120998383
4343,-0.155215189,-0.3181988
4344,0.0291266162,-0.507279217
4345,0.0391861573,0.635831833
4346,-1.22737968,-1.27149928
4347,-0.739099264,-0.0302212145
4348,-0.277943045,0.221875176
4349,-1.84641576,-0.0447761677
4350,-0.615022302,-1.07469869
4351,1.23878503,-0.148145467
4352,1.295591,-1.32107747
4353,0.281412095,0.895224988
4354,1.80993629,0.327721447
4355,-0.0629728362,-0.170748636
4356,-1.93094158,0.510926604
4357,0.117897309,2.19689512
4358,-0.705800831,-0.253721386
4359,0.152929559,0.0707156137
4360,-2.51200652,-1.72908151
4361,-0.976525903,2.86639166
4362,0.0677057207,-0.142412484
4363,0.359948665,0.211821333
4364,1.15534019,-0.594508767
4365,-0.475874513,0.48987937
4366,0.00609285431,-1.96703482
4367,-0.715151489,1.08877957
4368,0.461871058,0.610472202
4369,-1.14115918,-1.26707101
4370,1.94762468,-0.570169449
4371,0.325586557,-0.42907837
4372,-2.06368899,-1.85487962
4373,-1.31509221,0.0431822091
4374,2.95388007,-1.11428475
4375,-0.360243171,1.24480999
4376,0.179878548,0.320022792
4377,0.185920477,0.768604338
4378,-0.461474448,0.911248922
4379,-0.291652501,-0.791499436
4380,-0.105492719,-2.39823318
4381,-1.43721449,1.43289328
4382,0.926329851,0.97687608
4383,2.37410092,3.12289119
4384,-0.391684055,-0.177155331
4385,-0.530721307,0.464037508
4386,-0.100676693,-0.633517802
4387,0.215296209,-0.792117536
4388,-0.478153437,0.285213739
4389,1.34695101,-0.233900681
4390,1.03877389,3.38271618
4391,0.395963222,-0.141552851
4392,0.156237319,0.903526664
4393,0.592743397,0.770638645
4394,1.67904866,-1.84558928
4395,0.083373785,0.264047444
4396,0.55645901,-0.550285816
4397,-0.0927537754,-0.282850176
4398,-0.41870153,0.433654487
4399,0.64980191,0.956914425
4400,0.39935112,0.409342706
4401,0.120370395,2.02741337
4402,-2.08795595,0.0926034376
4403,0.293199718,3.48556447
4404,-0.61335057,0.469609916
4405,0.0734560937,-1.05814624
4406,-0.854987562,-0.916142702
4407,-1.03848398,-2.50484061
4408,-3.14433026,-2.59099483
4409,-0.251811743,0.56548059
4410,-0.156666026,-0.850812137
4411,1.52708578,-1.04770017
4412,0.264215618,0.796564519
4413,0.0280607305,-0.355989218
4414,-2.48329425,-0.325658351
4415,0.20081012,-0.0682019517
4416,-1.74550533,1.97121596
4417,1.32227373,2.86762094
4418,-0.0856183171,1.28108239
4419,0.901967049,0.130416945
4420,-0.296763301,-1.38793242
4421,0.485772967,-0.800328434
4422,0.823729336,-0.577596009
4423,-2.27347445,-0.991440475
4424,-0.193826675,-0.421499491
4425,-1.01201355,-0.035056632
4426,-1.41103709,0.386904955
4427,-2.48907185,0.374953955
4428,-0.571113944,-0.814254224
4429,-0.956766427,0.400464535
4430,0.239835352,-0.221396059
4431,0.781806111,0.193968475
4432,-0.573741078,1.69403207
4433,0.0599403791,-1.63706505
4434,0.432156384,-2.45126081
4435,-0.70482558,0.946457148
4436,-0.395047814,-0.200373456
4437,0.192741081,0.0720907971
4438,0.483515024,0.704649031
4439,-1.07358205,0.527237296
4440,0.511569381,0.935180783
4441,-0.495054215,-0.977973878
4442,-2.56823158,1.5105567
4443,-0.400691301,-0.438430727
4444,-1.23284864,-0.566391051
4445,0.235354319,-0.179774314
4446,-0.492650121,0.138023704
4447,-0.261882156,-0.00697890529
4448,1.21224308,-1.49726796
4449,-1.74391842,0.878368914
4450,2.6155405,0.755451739
4451,0.560306132,-0.640683532
4452,1.7544589,1.63901114
4453,0.211533174,-0.387815267
4454,0.183595896,0.357467026
4455,1.11559987,0.292598099
4456,-0.374031663,2.12233663
4457,-0.222659096,-1.90615988
4458,0.0988074392,-1.12578177
4459,0.43372196,1.56372678
4460,-0.131779373,-1.7657721
4461,-1.46077538,-0.941793025
4462,-0.156220093,2.25583577
4463,2.01361537,0.0174028911
4464,-0.518733203,-1.64961314
4465,-1.15924358,0.353322625
4466,0.197242349,0.0209132005
4467,0.107064635,1.26552606
4468,-0.0538881086,-0.00109689182
4469,0.696517169,-1.23546839
4470,-0.200683162,0.0507858023
4471,2.48116589,0.462059736
4472,-0.349837959,0.930942237
4473,-0.0600172356,0.169586226
4474,0.150236771,-0.0887246802
4475,-0.582055628,0.707437217
4476,-0.0930307433,0.218794122
4477,0.790939331,-0.728640974
4478,-1.18460906,0.726656258
4479,-0.777405798,-1.42371726
4480,0.659345865,0.389891714
4481,-0.827479601,-0.626263916
4482,-0.177345753,0.385952353
4483,0.0734201148,1.63882434
4484,0.00894349441,-0.16479966
4485,0.56228745,1.28871238
4486,0.0871974006,-1.61470914
4487,0.356477916,2.38368702
4488,-1.0905813,0.180372164
4489,0.171988726,-0.399062037
4490,0.671319723,0.934289157
4491,0.963617384,0.447529346
4492,1.04994678,-0.212296769
4493,2.73017025,-0.518921852
4494,0.722981572,-1.50215077
4495,0.108611017,-1.34575689
4496,0.468905717,0.559515059
4497,0.247531965,-1.18725836
4498,0.24094145,-0.822044194
4499,-2.57752395,2.47734761
4500,0.468777806,-0.717823148
4501,-1.1639899,1.98845458
4502,0.179804116,-2.00623918
4503,-0.360306621,-0.192051679
4504,0.561952293,1.55898952
4505,-1.69359493,0.193572208
4506,0.0251105949,-0.930439949
4507,-0.845797598,-0.0350364074
4508,0.574733257,-0.386342704
4509,0.887748718,0.0371954516
4510,-0.555115879,-1.03016722
4511,0.651052475,0.506631613
4512,1.13811839,-1.0606432
4513,-0.113208726,-0.243957654
4514,2.08879161,-1.16521049
4515,-3.34070921,-1.25060093
4516,-0.141555101,0.126744658
4517,0.83568573,0.234115928
4518,-0.195359945,0.105833054
4519,-0.186645001,0.0425502285
4520,1.89663601,0.0500701815
4521,-0.28301087,-0.690339506
4522,-0.0291434415,-0.184830382
4523,0.184875742,0.0440394841
4524,2.08392334,1.79215753
4525,-0.468725443,-0.492606133
4526,-0.58054626,-1.93263519
4527,-2.12627268,2.12541819
4528,-1.55857992,-0.36396277
4529,-0.625372469,0.11552465
4530,-1.9063133,1.277722
4531,-0.358253211,0.206910297
4532,0.388711065,-1.21801436
4533,-0.602002442,1.39928794
4534,-0.168670565,-1.15831494
4535,-0.599989235,0.80635047
4536,-1.11521828,0.373811632
4537,0.0570094809,0.458981365
4538,-0.767573059,-0.685668528
4539,0.086796619,-1.36326993
4540,0.707343817,-1.21487486
4541,0.192331403,-0.181651101
4542,0.691429555,-0.389868945
4543,-0.296240091,-1.76425934
4544,-0.819561303,1.37801754
4545,-0.23425281,0.187875077
4546,-1.68418503,2.09003735
4547,1.7648989,1.70280576
4548,0.377028942,0.24282217
4549,-0.0386488289,1.26004291
4550,-3.40559888,-0.684827447
4551,0.410124421,1.49309707
4552,0.150606573,-0.759601533
4553,-3.66037822,-0.845325768
4554,0.946260571,0.117070228
4555,-0.950432479,0.541238427
4556,-2.41147208,1.55373287
4557,2.76730371,-1.3153435
4558,1.07781541,-0.245571837
4559,0.487180114,0.198662698
4560,0.778331459,0.397225678
4561,-0.824623466,0.586041451
4562,0.698809206,0.000272476987
4563,-0.146707043,1.00299466
4564,-0.532556176,1.60113049
4565,-1.01281714,2.41825199
4566,-0.571804523,-1.39401591
4567,-0.166332573,-0.185819179
4568,2.96746635,-0.714285254
4569,-1.88718259,-1.50225449
4570,-1.71052206,-0.246621862
4571,-0.336708277,-0.353968054
4572,1.16997862,-0.547688603
4573,-0.603200495,0.284561664
4574,1.13644624,-0.885910451
4575,0.226939127,0.0551912487
4576,2.55397081,-0.293349236
4577,-0.239585459,-2.02098703
4578,-2.20999575,0.831941724
4579,0.677124918,-1.11118102
4580,-0.280716717,-0.297181696
4581,0.543500483,1.29514849
4582,-0.0387847237,0.167766303
4583,-0.0248763636,-0.329943985
4584,-0.293487549,1.08861506
4585,0.660416186,1.0968709
4586,-1.21574342,2.32830524
4587,-1.48973536,-0.172785833
4588,-1.73485649,0.343433589
4589,0.131514117,0.0679337531
4590,0.95462811,0.612715542
4591,1.0200386,0.481155396
4592,4.16522121,0.380796492
4593,0.123567939,-0.827840567
4594,0.835193813,0.0632723048
4595,0.052931577,0.771056592
4596,-0.123249434,-0.586806655
4597,0.299802363,1.61518276
4598,-0.87639761,-0.172231913
4599,-0.809073567,0.812713921
4600,0.729070485,-0.695547223
4601,-0.136208117,-0.0724320859
4602,1.76096463,1.60260642
4603,0.704894185,0.358684748
4604,-0.179464579,0.485845834
4605,-0.691016376,-2.90232134
4606,-0.657829404,0.906314313
4607,0.591483712,-1.86227202
4608,0.379871279,-0.736048996
4609,0.221592724,-0.630610287
4610,-1.06920409,-0.48972854
4611,1.23283219,-0.530844271
4612,0.589045703,1.05080569
4613,1.84536707,3.70531178
4614,-0.21592088,0.528676212
4615,0.962146342,1.10351169
4616,-0.118786827,-0.169829652
4617,-1.99441361,-0.513444602
4618,0.795764744,0.655264318
4619,1.58283734,-0.120805115
4620,-0.151974425,0.229002476
4621,1.56093717,-1.76578987
4622,1.22971952,0.791691303
4623,1.59343493,-2.71727109
4624,0.29791078,0.219989389
4625,1.6301558,0.333053589
4626,0.00821112655,-0.293091327
4627,0.922084689,-0.530638397
4628,-0.0961225852,0.0612619743
4629,-1.55528533,0.0983510241
4630,-2.45554852,-2.07293034
4631,0.745753646,0.0503295325
4632,0.625648975,0.0884490088
4633,-0.118862204,0.834062397
4634,-1.43840075,-0.0487441644
4635,2.5902257,-0.211218834
4636,0.692008972,-0.391672492
4637,-3.95692801,-0.575427055
4638,-0.107828692,2.10702515
4639,-2.97152925,3.92607665
4640,0.28748256,-1.27714717
4641,-0.337999225,-1.35955787
4642,-0.307715714,-0.0717453584
4643,0.020930104,-0.24260956
4644,1.54134798,0.787836909
4645,0.24492237,0.68705529
4646,-0.476774335,-0.0861165747
4647,0.788562298,-0.938592017
4648,-1.2268182,-0.0912149921
4649,1.74631429,-0.95363611
4650,-2.01311827,1.25068986
4651,-1.8218919,-0.074058041
4652,1.84104407,-0.435226291
4653,-0.259581029,1.65024316
4654,0.0704868138,-0.0414999239
4655,0.873260081,3.11506915
4656,0.461938888,-1.17530751
4657,1.46387291,-1.62954164
4658,1.22293019,-1.91999102
4659,1.52095652,-1.78046894
4660,-1.26615727,-0.866691053
4661,0.615815938,-1.07282507
4662,0.297906607,-0.37774992
4663,5.23325014,-2.22616482
4664,1.39570248,1.21724987
4665,1.12623155,-2.1186378
4666,-0.119863875,0.600047886
4667,-0.233601138,-0.420834154
4668,-0.218164712,-0.211063251
4669,0.118267991,0.177780807
4670,-1.13613951,0.0157356542
4671,-0.409698367,-0.135689721
4672,0.3794581,-0.0547692925
4673,1.19130743,-2.76208425
4674,-0.43522495,-0.42473805
4675,-0.790335894,-0.230314299
4676,-0.33104381,-0.51007092
4677,-0.50698334,0.396249533
4678,1.60389578,-1.63604951
4679,-1.10926521,-1.23975194
4680,0.604466558,-0.481381148
4681,0.294253707,-0.000637736521
4682,1.00171626,1.11462641
4683,-0.621631801,1.38151205
4684,1.89243984,2.97156668
4685,0.00447130436,0.220767766
4686,-0.853673697,0.616294861
4687,-0.0270851199,-0.224564329
4688,0.0109001175,-0.0432210378
4689,0.0172938183,0.382159531
4690,-3.23121166,-0.105846778
4691,0.799276888,0.791942
4692,-0.498036891,1.69650006
4693,3.29631853,-0.330602616
4694,1.95995426,-1.08494878
4695,0.0767181516,-0.699912488
4696,-2.30946541,0.720910966
4697,-1.11262965,-2.44108939
4698,0.258177072,0.0458968207
4699,2.4373703,-1.36736512
4700,1.4375515,-1.10698652
4701,0.692933738,-0.515695274
4702,0.811336517,1.57248247
4703,-0.534383893,0.950931251
4704,2.27331662,-3.90863609
4705,0.434430748,-0.043463774
4706,-1.16784489,-1.25947392
4707,0.165655255,-0.222832486
4708,0.617907882,0.0930721685
4709,-0.48002547,-0.230849802
4710,-0.597705841,-1.03455317
4711,1.32778013,0.354226381
4712,0.37579453,-2.7665627
4713,-0.187264457,0.125230819
4714,1.49295259,-0.165299281
4715,0.818482816,0.0691597089
4716,-1.1944437,-0.587253451
4717,-0.158216044,-0.285824627
4718,0.00263380446,0.293497831
4719,-0.557550251,1.98373973
4720,0.592695236,-0.70710218
4721,-0.424726576,-0.375278533
4722,-0.823056936,1.66316342
4723,-2.05141163,3.83271956
4724,0.487788767,-1.02938497
4725,-0.262510568,0.175017163
4726,1.09617436,-1.03176224
4727,0.920381606,0.434600085
4728,1.50014877,-0.455332279
4729,-1.59412503,-0.828906417
4730,-1.00610757,0.178455889
4731,1.37540388,-0.291948795
4732,-1.12178898,1.06761622
4733,-0.817183137,1.44680989
4734,-0.475952923,2.86341858
4735,0.217760086,-0.539469004
4736,0.297486454,0.807435036
4737,-0.460635453,-1.50099659
4738,-0.152462348,0.324592769
4739,0.0765442178,0.811841011
4740,0.808183312,-0.287694067
4741,-0.569663107,1.09142137
4742,0.764904201,-1.45601523
4743,-0.576535285,-0.884757996
4744,-1.13895679,-0.416506618
4745,0.142941698,-0.38375774
4746,2.82337666,0.160939351
4747,2.65579009,0.174726471
4748,-1.63571477,-0.189732224
4749,-0.743292511,3.13377905
4750,-0.0567485318,0.474833399
4751,-0.739261508,-0.672302902
4752,-2.36145759,0.710103393
4753,-2.85427761,-1.3340795
4754,0.242693901,0.178912789
4755,1.66710711,-0.0585763268
4756,-0.508462846,-0.262264311
4757,-2.37762642,1.12898219
4758,1.67800212,-2.90764904
4759,0.158003196,-0.692806661
4760,0.771356821,0.665026724
4761,0.815399647,-1.30162859
4762,-2.81635118,1.94160903
4763,-0.170547262,-0.732188523
4764,0.153116047,0.218221575
4765,0.00840521511,0.197429195
4766,0.41514799,0.455732524
4767,0.14325355,-1.45923388
4768,0.061280556,0.314445466
4769,0.382600814,-1.12151635
4770,-1.00085092,1.14319718
4771,-0.0243043769,-2.32948112
4772,1.05364621,0.0397142582
4773,-0.153301403,-0.605512023
4774,-0.62101078,-0.722908735
4775,2.07206321,-0.383826971
4776,-1.74426377,2.68297553
4777,-0.553331852,0.701567948
4778,0.727916837,-0.985076308
4779,1.60008264,0.0800054073
4780,3.23328352,-0.424999267
4781,0.244594619,-1.36933053
4782,2.06704712,-0.270478666
4783,0.637124956,-0.474839777
4784,-1.95310295,1.0277983
4785,0.751070082,0.164728284
4786,1.07559133,-0.0562291406
4787,0.60102874,0.867540359
4788,-0.877574801,-0.271244228
4789,1.02068794,0.698956788
4790,-0.698524952,-0.872412384
4791,0.223747179,-0.494547635
4792,-1.07538462,1.12368131
4793,0.491032451,-0.658069313
4794,-1.31889498,1.21306562
4795,0.139022127,-1.90096128
4796,-0.262267768,-1.30101478
4797,1.1597259,0.767174363
4798,1.6765058,-0.358486861
4799,0.574827671,-0.0547939278
4800,1.39428103,-1.18029165
4801,-1.55025792,1.94672358
4802,-0.156096369,0.159972981
4803,1.10455441,0.0935869887
4804,1.44566321,-0.320522696
4805,0.322941035,-0.0193992462
4806,-1.10967672,-0.985132575
4807,1.48199642,0.642516851
4808,-1.52507186,-1.21552444
4809,-0.194132224,-0.0495093837
4810,1.28750706,-1.47266042
4811,0.307684422,-0.391014785
4812,-0.00735458871,-1.80093169
4813,-1.34390378,-0.413007408
4814,-2.11603236,-0.347167492
4815,-0.0566135459,0.224799767
4816,-1.02660692,0.974672318
4817,-1.28123987,-1.0953151
4818,0.597075164,0.954356253
4819,-1.10533345,-3.48415875
4820,-0.573795974,-0.0683182329
4821,-1.43468773,0.705177724
4822,0.604927897,-1.51997674
4823,-1.50132334,2.22961235
4824,0.354602247,1.02597487
4825,-0.0210159142,-0.161356211
4826,0.570568323,-0.408860624
4827,-1.25500071,-2.17833161
4828,-1.06689024,-1.18201876
4829,-1.69247007,-0.542559206
4830,1.2699194,2.05950856
4831,-0.282075614,1.77246475
4832,-0.601393282,-1.68346226
4833,-0.617449164,-0.86104387
4834,0.692027867,0.784738421
4835,-0.0900398344,0.373449117
4836,-0.752395153,1.22557056
4837,-0.950367689,0.942970753
4838,0.237545431,-1.98541689
4839,-1.23343301,0.731429517
4840,-0.464060545,1.40041292
4841,0.26322183,-0.171540886
4842,1.61741209,-1.55410457
4843,-0.575215757,-1.62889731
4844,-1.42127585,0.147229433
4845,1.5523026,0.454430401
4846,0.704525828,-0.264018476
4847,-0.767512679,-5.04364681
4848,0.0247924738,0.272540569
4849,0.813791394,-1.29378116
4850,-1.36848807,-0.124055237
4851,-0.91206646,0.0945648476
4852,-0.420386165,-0.25483346
4853,-1.21686518,-4.20695972
4854,0.562214255,0.574770808
4855,0.13059555,-0.551291823
4856,-0.843996108,-1.03419793
4857,-0.3194502,0.877442002
4858,-0.383977354,-0.558459699
4859,-0.981622338,0.280995309
4860,1.67478192,0.683028936
4861,0.0193058085,-0.77484256
4862,0.251817584,-0.0617681667
4863,-0.00879336894,-0.395480901
4864,3.22242618,-0.852030754
4865,-0.0998816192,0.734582841
4866,-1.34649599,0.188571304
4867,0.929955304,1.72535717
4868,1.19429028,0.846017659
4869,0.154746369,1.98311031
4870,-0.693099439,-0.889635086
4871,0.171942562,-0.0888091922
4872,0.494864851,0.22687237
4873,-0.527475655,-0.109870568
4874,0.896571815,0.540139079
4875,-0.726671815,-2.0303514
4876,1.04003334,-1.86032689
4877,-0.18247126,-0.78666544
4878,-0.303457797,-0.0992490128
4879,-1.05618334,1.48575771
4880,-0.440525472,2.22317028
4881,0.583779097,0.434930712
4882,-1.62837434,-0.314609349
4883,-1.45302558,1.65165448
4884,-1.26764905,-0.319143057
4885,-2.08715177,0.365656376
4886,0.225053683,-1.83355319
4887,-0.0903346017,-0.116471246
4888,0.391529948,-0.120029084
4889,1.28823781,-1.90861213
4890,-0.205412537,-0.864161015
4891,0.424689889,1.35616744
4892,0.804615021,1.42230237
4893,1.04771936,-0.839865804
4894,0.474826813,-1.46192312
4895,0.881867945,-0.871160209
4896,0.0205983613,-0.267522484
4897,1.01195955,-0.190132797
4898,2.77314854,-0.677967668
4899,0.0613345169,0.173435837
4900,1.84402192,2.55338955
4901,-0.113796987,0.145762801
4902,-0.509842813,0.231281355
4903,-0.597847641,-0.538192749
4904,1.09946847,-0.244658425
4905,1.28865695,0.0212895311
4906,0.301911533,-0.0462813824
4907,0.0428707153,0.376993924
4908,1.61162496,-0.392934531
4909,0.428162485,0.438509911
4910,-1.09035754,-0.173069313
4911,0.552850902,1.16516006
4912,0.267290056,0.560593128
4913,0.17581287,-3.05806899
4914,0.555038929,2.75073791
4915,0.00498351408,-2.40990448
4916,-2.22407341,-1.04726422
4917,-2.01390672,1.27932143
4918,0.175709412,-0.178184256
4919,-1.08872485,0.205174401
4920,-1.98346198,0.66184175
4921,-0.0354879983,-0.161235198
4922,0.55578512,-0.719842136
4923,-2.37993169,-2.28734112
4924,-4.35819244,-1.70982373
4925,0.798036098,-0.220387861
4926,0.241202101,0.0270845257
4927,-3.82861447,0.879453897
4928,-3.05853009,-4.38081408
4929,0.312715709,-0.21197632
4930,0.71822542,-0.173996046
4931,-0.955345869,0.865860641
4932,-0.476813436,-0.52424401
4933,0.389325708,-1.65251684
4934,-0.751704097,-0.188635349
4935,0.338755965,0.0692868456
4936,0.592492402,-0.831329167
4937,-2.40183759,-0.798049986
4938,1.00529349,0.821806073
4939,-0.666529,-0.69624716
4940,-0.262398243,0.11921782
4941,3.4090395,0.688229263
4942,-0.778518379,0.476840049
4943,-0.36314702,-0.429003924
4944,1.50803769,1.34012508
4945,-1.14508319,0.0287625547
4946,0.269089788,-0.352944583
4947,1.15774953,0.00530198356
4948,0.0927400067,0.0486593805
4949,2.2351222,-0.841142952
4950,0.949127197,0.0933500677
4951,2.43670154,-0.29735741
4952,1.90911186,1.74303412
4953,0.174544573,-0.820241094
4954,3.34579635,0.200795591
4955,-0.0964256302,0.169462919
4956,0.77160573,2.36054611
4957,-2.30058694,-2.35365486
4958,-1.27771842,0.195035234
4959,-0.124992758,-0.279473901
4960,-0.384140611,0.569013298
4961,-1.12850332,1.10299158
4962,0.234547451,0.542690396
4963,1.18945003,-1.19775081
4964,-0.750687897,-0.163857833
4965,0.14993374,0.121698886
4966,0.385485142,1.33582461
4967,1.56893075,0.666591585
4968,-0.310415387,-0.771355569
4969,-1.08694673,-0.85344398
4970,0.828252256,-1.0836097
4971,-0.0404500104,0.785062134
4972,1.30319047,-0.114382394
4973,-1.81428123,-1.38253593
4974,1.1650511,-0.939988077
4975,0.941558242,-0.038449198
4976,0.0810982585,-1.75569201
4977,-0.0527977049,-0.183124378
4978,-0.439119041,-0.619241953
4979,0.794121504,-3.50456858
4980,1.44176698,-1.49804878
4981,0.3837457,2.38676119
4982,0.0447457843,2.16832614
4983,-0.641960979,0.108284086
4984,0.863193393,-0.16543375
4985,0.496668994,3.18389249
4986,0.772285402,0.660404325
4987,-0.0235258155,-1.37144542
4988,0.632427812,-0.430483997
4989,1.25370026,-0.546240926
4990,0.478039652,-2.68395042
4991,-2.75934982,-0.829782665
4992,-1.46064985,-0.764724255
4993,-1.19714904,-0.752894461
4994,-0.308569789,0.5779742
4995,0.815652072,-1.69239461
4996,-0.888809443,-2.08257961
4997,-1.46829581,0.886902094
4998,2.58429861,-1.1464572
4999,-2.32022977,2.07841969
5000,0.142318383,0.157954872
5001,-0.75128305,1.27068734
5002,0.385006398,-0.275392205
5003,-0.821904123,0.56048429
5004,0.489121288,0.062991187
5005,3.57040405,2.01668787
5006,0.0431354903,-0.152005538
5007,0.0127881421,-1.08444607
5008,2.51450372,0.0220991466
5009,-2.77047634,-1.58256626
5010,0.013585262,0.774041176
5011,0.143351033,0.0130987233
5012,-0.248756662,-0.232026577
5013,-1.69094062,-1.10428047
5014,0.286908567,-0.0816302598
5015,-0.858665586,1.10448396
5016,-0.0190509204,2.25016069
5017,-1.01950955,-0.371243119
5018,-0.233298168,-0.103610888
5019,1.82944977,0.33767873
5020,-1.0238533,0.573852837
5021,0.099610582,1.19468832
5022,-1.16533208,-0.0152793499
5023,-0.576464415,0.0796878636
5024,1.02919483,0.0301237144
5025,1.50896871,-5.15059423
5026,1.32874119,-0.196054608
5027,0.424340576,0.399959803
5028,-1.81532729,0.52151227
5029,0.687197626,-1.76093829
5030,-1.04631412,-0.123473041
5031,1.20170009,-0.0869713947
5032,-0.0937587768,0.0508913286
5033,-0.496048778,1.89471579
5034,0.348136365,-0.156407818
5035,0.0579201356,1.12269878
5036,-0.786631584,-0.828307509
5037,-1.4477247,-1.72278118
5038,-0.695352674,-1.17519689
5039,-0.348783225,0.714284301
5040,-1.3226583,-0.155802876
5041,-2.15290713,-0.800991058
5042,0.0583588406,-0.158267364
5043,-0.393480062,0.882748723
5044,0.590580583,-1.31636131
5045,0.999944031,1.4718771
5046,-1.348948,0.30298844
5047,0.191507682,0.168257996
5048,0.348494649,-0.261283278
5049,-0.312289506,0.06450966
5050,-0.187827155,1.16098404
5051,0.169390187,0.612832189
5052,0.236924574,0.0546821095
5053,0.0368131697,-1.38172483
5054,-0.179685608,0.134991735
5055,0.216053903,-2.13388848
5056,1.60713434,0.26610285
5057,0.707631171,0.856310606
5058,-0.194935888,2.02018237
5059,-0.758893132,2.70276213
5060,-0.95124644,-0.25435105
5061,-0.0317218378,-0.782208681
5062,-1.21607172,-0.854268968
5063,-0.0606159344,0.455295384
5064,0.0551025718,-0.502279341
5065,-1.70914841,1.44724298
5066,-2.09147024,2.23551846
5067,-0.756839037,-0.626924574
5068,-0.745051205,0.516148329
5069,-0.727388084,0.385304898
5070,-0.598742545,1.17728698
5071,-0.723546088,0.120256506
5072,-0.613945901,-0.0402202047
5073,-0.146348611,0.775275171
5074,0.820510864,0.100112259
5075,-0.21722497,0.0816209838
5076,0.565503716,0.216218039
5077,-0.784031868,-0.889784694
5078,0.266886145,2.84209824
5079,0.252172232,1.01971126
5080,1.13143003,-0.163270816
5081,0.750469685,-0.213295177
5082,-0.444807172,-2.72562814
5083,2.36103058,-0.555826306
5084,-0.0881220326,-0.458700597
5085,2.28718185,0.188165158
5086,0.118906654,-0.315251082
5087,0.102555878,-0.204161152
5088,0.520696044,-1.17847919
5089,1.76477516,-0.771180153
5090,-0.0296684671,0.253643453
5091,-0.505603552,-0.153117716
5092,0.664461613,-0.919733703
5093,2.00670218,0.749023497
5094,0.0871335566,-0.853350163
5095,0.904903471,-1.67119837
5096,0.779534161,0.193986997
5097,0.438683182,0.241168752
5098,-0.467696369,-0.739043832
5099,-0.208573624,2.57067537
5100,-0.364109725,-0.0518616922
5101,-2.05350542,-1.22016871
5102,-0.784731507,2.77694392
5103,-1.01684058,-2.11486816
5104,0.0257601459,0.965591192
5105,0.422876447,-0.818492591
5106,1.40766788,-1.36133671
5107,0.519252241,1.04629767
5108,1.61216056,-1.23997605
5109,0.983343482,0.648771226
5110,0.438524157,-2.10066819
5111,0.201179534,1.34525275
5112,0.224005148,0.611431837
5113,0.539737582,-0.184156328
5114,0.373029321,0.0978920534
5115,-0.264682919,-0.87212038
5116,0.0907494426,-0.206250727
5117,0.309401244,0.190803185
5118,0.84606576,-0.0700183809
5119,0.738920391,0.81288147
5120,0.189847872,-0.576152503
5121,-0.965679169,-1.9404577
5122,0.355118841,1.79594696
5123,-0.383551866,0.300455451
5124,0.386060447,0.594454348
5125,1.46088994,0.151700735
5126,0.433896899,0.294449031
5127,1.5551517,-2.02848434
5128,0.787126899,-0.209416777
5129,-0.0775133818,0.195188791
5130,-0.258048147,-0.133225992
5131,3.43036366,-0.671787262
5132,1.85129488,1.79094458
5133,0.359049708,0.465248972
5134,0.111660406,1.04847479
5135,1.54534876,-3.35289979
5136,0.358642787,4.01245117
5137,0.484495729,-0.210774422
5138,0.981773317,-0.315206498
5139,1.64321542,0.526471794
5140,2.20423603,1.19652355
5141,0.206187487,-0.315943003
5142,0.383386821,-1.85601735
5143,-1.58513629,0.278241932
5144,-2.43539691,2.60954952
5145,0.481223017,1.70077193
5146,1.37001407,2.06883955
5147,0.546160638,-0.530665815
5148,-1.19887793,-1.88453746
5149,-0.654811382,-0.260791838
5150,-1.51334906,0.746300161
5151,-0.27524361,1.43092716
5152,0.229467019,0.82444483
5153,-3.18039036,0.49794659
5154,1.57882321,0.108852953
5155,0.40268144,-0.312051505
5156,-2.38414049,-1.25934458
5157,0.80215627,-0.813793242
5158,0.423273861,1.8289746
5159,-1.52967656,0.218625993
5160,-0.172653213,0.434526831
5161,-2.17575169,0.782654941
5162,0.244961962,-2.12392068
5163,-1.35310435,1.52108276
5164,0.582618296,-0.933241844
5165,0.136892438,-0.460171402
5166,1.17039263,-0.32821396
5167,0.173881769,0.0640186071
5168,-0.0881376043,-1.84413874
5169,0.48998487,0.437295943
5170,-0.180093259,-0.243343323
5171,-2.47775626,-0.415148437
5172,-0.0857280716,-2.14762402
5173,-0.852771282,1.42047262
5174,-0.354586154,-0.15210177
5175,-1.08796716,0.597979486
5176,-0.792326331,2.26368856
5177,-0.784376264,-0.877768576
5178,-0.207828864,-0.184249237
5179,0.248125076,-0.195146009
5180,2.19698167,0.877146542
5181,0.100991659,-0.234632343
5182,0.28660503,0.270811528
5183,-1.01550519,-0.514234126
5184,0.311003268,-0.103244483
5185,0.318929911,0.221636802
5186,-0.221893087,1.03726757
5187,-1.1510812,2.46384645
5188,-0.234561026,-0.276068091
5189,-0.959505022,-0.651340008
5190,0.44151637,-0.391288489
5191,-0.182014689,1.731264
5192,0.228003502,-0.159188405
5193,0.22408326,-0.386789352
5194,0.967179239,-2.09747076
5195,-2.98083305,-0.902444959
5196,-0.950484157,-0.574806809
5197,0.951352775,0.180382743
5198,0.617403388,0.0448935963
5199,0.403398037,0.138309047
5200,0.311173826,-0.382417202
5201,0.78689456,-0.462850958
5202,-0.0416124128,-1.47815788
5203,0.219438091,0.172059387
5204,-0.212890163,0.113506667
5205,0.355044961,0.0462179296
5206,0.18405734,-0.0862827227
5207,-0.769790709,-1.53563499
5208,1.89301908,-2.20403957
5209,-0.603792608,-1.37878323
5210,1.44578791,0.641516685
5211,-3.05611229,0.730133951
5212,0.897619903,-2.85982752
5213,-1.84078503,0.0221000258
5214,-1.35224295,0.57633841
5215,0.568854988,0.317711711
5216,0.971989155,-2.15687943
5217,-0.0811819956,-0.145845681
5218,1.7506789,0.349958181
5219,-0.0836629048,-0.456207365
5220,0.204479486,-0.161301479
5221,2.15295863,2.12667012
5222,1.43931818,-0.101243809
5223,-0.0387764238,1.18986535
5224,-0.212281227,0.214110479
5225,-1.88551831,0.97524935
5226,-0.283533692,1.99205422
5227,-3.24431014,-0.188814729
5228,2.0953908,-0.0695405975
5229,-2.36836982,2.63216567
5230,-1.62728655,1.94155741
5231,0.710005045,1.53395402
5232,1.21889853,1.60525489
5233,1.38448048,0.389519483
5234,0.777270734,-1.30802703
5235,-0.806321859,-1.0951308
5236,-1.69456708,-0.685050726
5237,-1.09840024,-0.749774516
5238,-1.53326344,-2.20445704
5239,-2.01387858,-0.0154658528
5240,-1.13988996,-0.138705552
5241,0.160685465,0.946142018
5242,-1.36965168,-0.291037828
5243,-0.155489698,-0.750691175
5244,0.122006394,-0.234874964
5245,0.502831876,-0.421024799
5246,0.134394944,0.3022798
5247,0.401582867,-0.173944384
5248,-0.862461567,0.156022877
5249,0.0428120829,-0.870819628
5250,0.183565572,-1.67278755
5251,0.758157015,0.939288437
5252,0.530928731,-1.01766253
5253,-0.35247007,-0.726002336
5254,-2.15691471,-1.21564269
5255,-0.977005243,0.687018752
5256,-0.527435422,1.11838138
5257,-0.759298861,0.831567287
5258,-3.36789465,0.546234071
5259,1.27692068,-2.3690064
5260,-0.0215540417,0.548578084
5261,-0.890853584,-1.83616292
5262,-3.64387512,-0.948448896
5263,-0.223968953,0.010000933
5264,-0.579706848,0.373999476
5265,-0.254587442,0.171305731
5266,-0.311866313,0.733331501
5267,-2.18424869,-0.0937472656
5268,0.149729818,-0.211520419
5269,-0.541286707,-0.126095742
5270,-0.987318575,0.429648906
5271,1.36039066,-0.882641017
5272,2.66104174,-1.64525807
5273,-0.0619816594,0.18485494
5274,-0.620015681,0.975592971
5275,-1.16816044,-1.72959411
5276,1.0886786,0.310583949
5277,0.796209812,1.79922247
5278,1.627033,-2.85212445
5279,-0.0323454738,-0.200076133
5280,0.0618391596,1.30903542
5281,-1.13979363,-0.636406541
5282,0.221134394,0.305646479
5283,-0.0465288348,-0.577442527
5284,-0.609404027,-0.208716527
5285,0.106107116,0.376075804
5286,-0.739151657,-0.748689711
5287,0.462419361,-0.814108551
5288,0.375451356,0.993947685
5289,-0.704118252,-1.84895349
5290,-1.64353943,-1.45544004
5291,-0.126747578,0.11209289
5292,0.531208575,0.465172738
5293,-0.0273190532,1.13134611
5294,1.17706048,-3.15943813
5295,-1.81274736,1.72888029
5296,0.47266838,1.00629652
5297,0.234839767,0.747362137
5298,-1.79166627,0.884516835
5299,1.40794921,-1.34876084
5300,0.722219586,-0.14679271
5301,-0.129296124,-0.181249529
5302,-1.48902273,4.13469172
5303,-0.113466673,-0.13002874
5304,1.42169976,1.47040451
5305,-0.697528839,-1.1622076
5306,-0.851453602,1.06982589
5307,-4.19163322,-1.21607983
5308,-2.32488322,0.580338657
5309,-0.881082892,-0.627304554
5310,0.0189480335,-0.896048784
5311,2.64521766,2.70243144
5312,0.506546855,-1.02543533
5313,-0.498422384,0.644635499
5314,0.174727038,-0.245222926
5315,-1.59582496,-1.31160569
5316,0.970274806,1.68954706
5317,1.20717466,0.508793712
5318,-0.852845848,-0.970799267
5319,-1.93791473,1.56971645
5320,-0.640334368,-0.323530287
5321,-1.98801851,-2.97850418
5322,0.514040112,-0.125140548
5323,-0.599428117,2.12387252
5324,0.881786168,-0.743639171
5325,-0.892168581,1.8382256
5326,-0.391345173,0.0959730223
5327,-1.6874361,-0.255221963
5328,-2.83661675,-0.710805595
5329,-1.33279026,2.75948215
5330,-1.69082654,0.0500838161
5331,-1.46798301,0.195849076
5332,-1.99134874,1.31478405
5333,0.947462142,-1.71318638
5334,0.569041312,-0.433670014
5335,0.0457171984,0.403885335
5336,-0.362230092,-1.27237642
5337,-0.519586921,0.263562471
5338,0.539592981,0.0619938336
5339,0.527511954,-0.0117630512
5340,0.581145048,0.881703556
5341,-0.830023944,1.77417886
5342,1.74474609,-1.10089278
5343,-0.509860396,-0.746664643
5344,-0.730781376,-0.94566071
5345,-1.06879318,-2.72683334
5346,0.907715678,0.730537713
5347,-0.762400448,-0.700110674
5348,0.568726599,1.25634658
5349,-0.497340143,-0.971016943
5350,-1.54191387,0.624502003
5351,0.747084498,-1.46696782
5352,-0.0978804007,-0.190725744
5353,-0.0321171656,0.425317079
5354,0.244472787,0.163202032
5355,0.954070508,0.696173668
5356,0.303544879,0.0462412424
5357,-1.88348162,0.593548357
5358,-0.758646846,-0.855666459
5359,-0.285050839,-0.459599853
5360,-0.0546523184,0.32614395
5361,0.789141297,-1.36149919
5362,-1.25551009,1.29250968
5363,-0.889448583,1.83214819
5364,-1.03446949,-0.566721618
5365,0.582648873,0.567301869
5366,0.937098026,2.42220116
5367,1.15684652,-0.451072723
5368,-0.606493711,-0.57901746
5369,1.06300724,-1.30867195
5370,0.461304277,-0.367872804
5371,1.12321079,-0.740581214
5372,0.243093178,0.757587016
5373,2.82076311,3.37638092
5374,0.476020813,0.197469518
5375,-0.255150557,0.212565273
5376,-1.99589348,-0.280110687
5377,1.01073694,-1.77464628
5378,-0.393136322,-0.370389521
5379,2.67557907,2.3127861
5380,2.07922888,2.28239131
5381,-0.681921601,-0.454438657
5382,0.66855377,-0.968793154
5383,0.370158643,0.0465767346
5384,-0.702826917,-0.836677849
5385,-0.266334862,-0.156804532
5386,0.211186275,-0.154130265
5387,-0.22163257,-0.134559602
5388,0.852789998,-2.27763963
5389,1.76171362,0.150883868
5390,-0.409160763,-2.19451356
5391,-0.0848258957,0.551636934
5392,-0.128178105,-1.71537888
5393,-2.06686854,-1.37518656
5394,-0.484663725,-1.0087148
5395,0.432783574,-0.0147970431
5396,-0.707601249,-1.79542828
5397,0.483025461,-0.272161275
5398,0.81081605,-1.42821515
5399,1.6415062,1.47547293
5400,1.2677772,-1.00827456
5401,-0.539636075,0.347078055
5402,0.297620147,0.397241712
5403,-0.711859345,0.611352861
5404,0.939377367,-0.186246142
5405,0.272582531,0.0672245026
5406,0.0234117378,-0.474188268
5407,-0.199859798,-0.277311325
5408,0.451755732,0.554554224
5409,-0.508100748,-0.98293227
5410,1.94828236,-0.146637261
5411,2.01285458,-0.179571122
5412,1.08573151,-1.99837971
5413,0.665973604,-0.726345658
5414,0.399083018,0.926950991
5415,1.61581826,-1.1626997
5416,0.863262773,0.694202662
5417,0.789230883,-0.521731794
5418,-1.14198506,0.105767734
5419,-0.765526652,0.0623641796
5420,-1.13685644,-0.927896261
5421,-1.03751433,-0.425870597
5422,0.259915441,0.308244169
5423,0.0679850355,0.164825007
5424,-0.0734910816,0.467838377
5425,0.224959046,-3.6087532
5426,-0.162708119,-1.01744854
5427,-0.0931756049,-0.672364354
5428,-0.640245199,-1.86642933
5429,-0.59614563,-1.43658292
5430,-1.33827972,-0.566046298
5431,1.17106891,-0.778873861
5432,0.23340039,0.342003375
5433,1.06058133,-0.122508712
5434,2.67121863,0.988905787
5435,-0.561839342,-2.04591942
5436,0.67421329,1.87198484
5437,-0.939857364,1.56507385
5438,-1.32045865,1.7648679
5439,-1.14402151,0.03211933
5440,0.67200774,-0.990692556
5441,-1.06456971,0.438748956
5442,1.17758882,0.424712569
5443,0.275669634,1.87745774
5444,-1.88922215,-0.244347885
5445,0.449263662,0.749098599
5446,1.59682393,-1.82070804
5447,0.335165083,-0.415401608
5448,0.940592468,0.451572061
5449,1.75609303,-0.883451462
5450,-0.871863484,1.88913906
5451,0.549084663,-1.40825045
5452,1.05142033,0.887469769
5453,0.625218987,0.0952401906
5454,-0.572292089,-0.166316241
5455,-0.164875433,-1.01754701
5456,-0.683093011,0.204304799
5457,-0.504700124,0.212747961
5458,-1.07658803,-2.21502018
5459,0.0932259038,0.128646776
5460,-0.489245325,-1.60879838
5461,0.0469639599,-0.172151744
5462,-2.28668976,1.60622776
5463,-2.12339735,2.47108889
5464,-0.0316552594,1.10025668
5465,0.150508702,-1.50675786
5466,1.51716423,0.442737788
5467,0.264184326,0.310729504
5468,0.0867900699,0.857287169
5469,-0.708449781,0.983192146
5470,1.30008352,-1.90717769
5471,-2.14009261,1.23728025
5472,-1.85360801,-1.8203522
5473,0.956464887,-1.35743511
5474,1.89988005,0.366662771
5475,2.62248516,0.0870985836
5476,-0.712471306,1.60999691
5477,-0.808912098,-0.462539136
5478,0.668737411,0.159657225
5479,-1.58570147,0.68092227
5480,-0.959287882,0.659710109
5481,-0.293834507,-0.876031518
5482,-0.330343962,1.93775201
5483,0.656909287,-2.2668097
5484,2.07356453,1.0348258
5485,0.379475683,0.722817957
5486,1.04887474,0.802706361
5487,1.7044729,-0.972067952
5488,-2.24603581,0.871406794
5489,0.205471784,0.105097979
5490,-0.486140877,0.656111419
5491,-0.00509765744,-0.188253641
5492,-1.14837778,-2.29299498
5493,0.12223921,-0.236792505
5494,0.476709872,0.239525259
5495,-0.51293081,0.161339566
5496,0.12999852,-1.02205312
5497,-0.00474461913,0.940947115
5498,-0.121405818,-0.149422377
5499,2.42970204,-2.35265565
5500,-1.09923828,0.685409606
5501,0.33958891,0.93651706
5502,-0.520493507,0.354643136
5503,0.479777217,1.85096741
5504,-1.03366327,0.140000403
5505,-0.0662160218,0.751011372
5506,-0.335116476,-0.745985627
5507,-1.14178431,-0.321543038
5508,-1.39946878,-1.78156126
5509,-0.023320416,-0.00589497108
5510,-0.830871344,-0.422106475
5511,0.543605089,0.704680264
5512,1.00937474,-0.193477064
5513,1.32199979,-2.05260253
5514,0.237933233,0.220127866
5515,1.05571139,0.409331352
5516,0.749267757,-1.01279926
5517,-0.653837323,0.891720891
5518,-0.239196464,0.0353187919
5519,-3.67162251,-0.236379147
5520,1.34583187,-0.845906317
5521,-1.1919893,-2.16972971
5522,-0.111114606,0.236403883
5523,-0.713322043,0.6481058
5524,0.285810441,0.0713484734
5525,0.179258168,-0.117026329
5526,-0.893417656,0.373504758
5527,-0.771215796,1.13549006
5528,1.10368168,1.34047318
5529,0.0746476203,-1.07278705
5530,0.319984883,1.44785261
5531,-0.274712771,-0.335049599
5532,-0.512069106,2.34272838
5533,1.32222116,0.0210365653
5534,-1.24805188,-0.492038727
5535,-2.30687761,-0.628499568
5536,2.33050656,0.45056361
5537,0.416529447,0.74067831
5538,-0.122196235,0.52995199
5539,3.00799465,-0.749521136
5540,-0.741062105,1.48437846
5541,0.0127984304,-0.405665368
5542,0.0672160238,-2.1959312
5543,-1.95580065,-0.437258482
5544,0.0668980777,0.541057765
5545,0.649663985,-0.525333405
5546,-2.0532515,-0.0359653197
5547,0.204670325,-0.158454657
5548,0.234596401,0.420554489
5549,-0.321223617,0.187452227
5550,0.264517814,0.0683883205
5551,-1.88531041,0.703020573
5552,2.19948745,-1.53206491
5553,5.07416105,0.595306635
5554,0.665207863,2.99053717
5555,-1.34630811,0.622561932
5556,-0.878171921,1.09091079
5557,-2.6097436,0.00923865288
5558,-0.467555672,0.746813357
5559,0.0441161096,0.326172262
5560,1.1237545,-0.834686518
5561,0.0616387017,-0.396892905
5562,0.311570376,2.52881241
5563,1.32632101,0.684793949
5564,-0.260339618,1.41935492
5565,-2.04487681,-0.755741894
5566,-0.444702268,-0.0521728732
5567,0.260374516,0.454567969
5568,-0.10841658,0.423489004
5569,-0.149984479,0.0236032344
5570,0.443169832,0.385480285
5571,-0.359789759,0.570933878
5572,0.31701684,-0.414809644
5573,0.165628508,0.488533646
5574,1.50156772,1.14647508
5575,-1.2347101,-0.54894942
5576,-0.35237205,1.31688678
5577,0.324830294,0.117135964
5578,-1.04698491,-1.68061018
5579,0.0856923461,-1.58236587
5580,0.181046277,1.07130921
5581,0.0424254574,0.200550869
5582,-2.02873802,0.973944247
5583,-0.660812259,0.325026333
5584,1.6408596,-0.88402164
5585,0.478245258,0.42845434
5586,1.53006232,-0.975969374
5587,-1.48455119,0.0223135892
5588,0.346683651,-0.717077911
5589,-0.706146002,-2.5847373
5590,-2.86374927,-0.546402156
5591,0.0500199683,-0.408930957
5592,-1.34157431,1.45146859
5593,0.739378035,1.93427742
5594,-1.43841588,0.161846384
5595,-0.111987405,0.853333533
5596,-0.633026123,1.50280678
5597,-0.541019082,1.21392727
5598,-0.198802769,2.3522625
5599,0.516771138,1.11124444
5600,0.215933293,0.148298979
5601,-2.26188111,0.803468883
5602,0.843101919,-1.89459777
5603,0.224503502,-0.351282656
5604,-0.989391208,-0.440767765
5605,1.24362755,0.0218629297
5606,-1.65042222,0.962941945
5607,0.597308338,0.180619314
5608,-0.133628801,-0.157955408
5609,-0.875177145,-1.13598526
5610,2.96629047,-1.35129321
5611,-0.365779012,1.77122319
5612,-0.323597789,-0.624729633
5613,-0.0102436077,0.337401778
5614,-0.42965889,0.218277812
5615,0.0543992929,-0.630255699
5616,-0.275477678,0.598167837
5617,-0.507435918,0.0995223075
5618,-1.23377216,-0.204348564
5619,1.56498861,-3.06509995
5620,-0.126360089,-1.27321517
5621,-0.729492009,0.0380556285
5622,0.16141285,1.08449376
5623,-0.30794549,-0.555330396
5624,0.294090092,0.248365983
5625,1.49826753,-0.999136209
5626,2.89585209,4.01997471
5627,-0.264790863,-1.50011837
5628,0.00515564019,-0.427597314
5629,2.15319443,-0.397071064
5630,1.22056317,-0.85741657
5631,-0.479225606,-1.79302764
5632,0.354142308,-2.47876453
5633,-2.54886484,0.828768075
5634,0.493638277,2.13905883
5635,-0.0814410523,1.09293342
5636,1.04508781,-0.344017267
5637,0.231134757,-0.385576814
5638,1.43921411,-1.06522226
5639,2.22066736,0.735230267
5640,1.02007389,1.02362144
5641,0.201713696,-0.999502897
5642,-0.161334619,0.793245971
5643,2.01254845,1.34639287
5644,0.0468389913,-0.135123864
5645,-0.976008356,-2.01537561
5646,1.23026299,-1.53345799
5647,-0.115639396,0.609587908
5648,-0.943875313,0.0497828051
5649,0.132811889,0.0148926312
5650,-0.149597019,-1.36641431
5651,-0.595968366,0.963151515
5652,0.248439297,-0.0555743761
5653,0.669342756,-0.0539821051
5654,1.01355124,0.556896687
5655,-1.32595539,-1.0272541
5656,-1.01387286,-0.709116161
5657,-0.27442506,0.509746194
5658,-1.04017556,-0.261454344
5659,-0.660527229,-1.89390981
5660,0.289484859,0.972031534
5661,-0.965117395,1.22693157
5662,-0.150237605,0.154157087
5663,-0.660041571,-0.610302329
5664,1.1275115,-0.319418043
5665,2.50881672,-0.234873772
5666,-0.0096839685,-0.319965631
5667,-2.00578833,0.865108967
5668,-0.38606894,0.488898754
5669,-0.636190116,-0.63390851
5670,-0.38813141,0.314757228
5671,0.16937618,-0.0577590764
5672,-0.499667823,1.01207972
5673,0.5922755,-0.304472744
5674,-1.44827461,-0.397426784
5675,-1.5194186,-1.12393975
5676,-0.521793902,0.650754511
5677,-0.214926943,1.64333844
5678,0.167703748,0.12936829
5679,0.351439744,0.438581973
5680,0.340673834,0.472623259
5681,-0.488574266,2.15219975
5682,1.55778432,-1.96660089
5683,0.294224709,2.25587511
5684,0.0188008007,-0.746052742
5685,-0.971500397,0.221552581
5686,-1.7733022,-2.16849494
5687,0.955339372,2.08649683
5688,0.271191418,-0.915177584
5689,-0.118236527,1.11768413
5690,0.0128338262,-1.18417895
5691,-2.65376258,-0.431012571
5692,-0.285606951,0.846073389
5693,-1.91787434,-1.85761535
5694,0.992064416,0.875480473
5695,0.257864833,0.828770876
5696,-0.901015699,-2.95963001
5697,-0.364073187,-0.832788885
5698,1.73393261,1.10873306
5699,-0.255350202,-0.263465524
5700,0.477197945,0.393227488
5701,-0.112470374,-1.72634542
5702,-0.62857312,-0.103370652
5703,0.65998894,-0.759537935
5704,-0.80448401,-0.434547126
5705,3.15770197,-0.447178572
5706,-1.57239163,-0.34523201
5707,0.268968344,-0.333959103
5708,-0.425701171,1.20174789
5709,0.293024868,-0.0973005369
5710,1.80520761,-1.33271492
5711,-0.107081242,1.77792418
5712,1.00394893,-0.46029231
5713,-0.73852402,-0.337627083
5714,0.174712181,0.230262011
5715,0.124622755,0.347124696
5716,-0.65741235,0.527321398
5717,-0.769262195,0.367878884
5718,-1.31547892,1.5166769
5719,-1.1353184,1.25342572
5720,0.328550369,-0.112602428
5721,0.786523402,-1.41753936
5722,0.453382343,-0.055901859
5723,0.903931439,-0.804216146
5724,-0.703767598,-0.00789140165
5725,-0.996046245,2.60779238
5726,-1.25535488,-0.141115725
5727,-0.0889381692,0.343083262
5728,-0.112547331,0.0881666392
5729,1.9813993,-0.197508037
5730,0.49853161,0.0192567036
5731,3.91710353,1.14343727
5732,-0.725641549,0.0475423411
5733,1.03570271,0.362309098
5734,-0.065789558,0.384779483
5735,-0.728646398,0.327913344
5736,-0.614404082,1.06995058
5737,-1.1964606,-0.563064337
5738,0.0398185104,0.33160463
5739,1.66940582,0.196952194
5740,0.267101556,0.334861577
5741,0.79331398,-1.71662045
5742,0.358285546,-0.0918437243
5743,0.541247189,0.0813959911
5744,0.775150657,-0.565602243
5745,0.0158286467,0.270425975
5746,-2.88741279,1.41937089
5747,0.908011079,0.443384767
5748,0.0406142212,0.78581506
5749,-0.0613570437,-1.23861372
5750,1.98215246,-0.0973979905
5751,0.177477002,-0.00989074446
5752,-1.25584221,1.866611
5753,0.964209437,1.13706386
5754,0.545124054,2.75932765
5755,-2.43508863,1.39662302
5756,1.27745247,-0.330210298
5757,-0.669004202,-1.07468748
5758,-1.11869991,-1.29666555
5759,0.71625942,0.772330821
5760,2.34316111,-0.363965511
5761,-0.586930454,-1.60386252
5762,-1.45905566,-0.837329507
5763,0.80166477,-0.683100879
5764,-0.0178011134,-1.44615459
5765,-0.254384607,1.45757151
5766,-1.48632503,0.534574091
5767,0.187522009,0.135517195
5768,2.12698531,0.105867192
5769,0.47312957,1.04087198
5770,-3.28612733,0.189458296
5771,0.440396994,-0.0715754777
5772,-0.353731006,-0.473513365
5773,-1.93731844,0.209297806
5774,-0.464855909,1.69017076
5775,-1.19432974,2.41080189
5776,-1.50035918,-1.07239103
5777,2.71929145,1.68122065
5778,-2.85640478,0.931163251
5779,2.89462376,0.629170656
5780,-0.377936512,-0.0644792244
5781,-1.92229354,0.86487335
5782,0.623636127,0.0231462922
5783,1.39530134,-0.0179425348
5784,-3.03642273,3.55620074
5785,-1.13474429,1.71535575
5786,-0.886351526,4.09519815
5787,1.88924026,1.4901917
5788,-1.36772215,-3.46047568
5789,0.314778239,0.242592037
5790,0.0868772864,0.747803271
5791,-0.621342182,-0.505815208
5792,0.404666573,0.2624951
5793,1.5639255,-0.328819543
5794,0.513715327,-0.265562683
5795,-0.651494682,0.425617516
5796,0.665993512,0.574689031
5797,-0.200356483,-2.76464415
5798,3.24370813,-0.859002352
5799,0.212622151,0.426610559
5800,-3.24736571,-0.504652023
5801,-1.19155347,1.07544625
5802,0.236532807,-1.17260444
5803,0.0771336481,0.680662155
5804,0.0847224742,-0.786233544
5805,0.707280934,-1.87220514
5806,-1.33394682,-0.711632133
5807,-0.605245531,-0.990239382
5808,1.48320758,0.018055547
5809,0.635732412,0.799644411
5810,-0.821886301,-2.2444694
5811,0.833810031,1.92780387
5812,-0.406723946,1.10093117
5813,0.0686824992,0.379471511
5814,-1.38181174,-1.68519759
5815,-0.950297773,0.585972607
5816,0.00143396785,2.10496616
5817,-1.69369864,-0.698502958
5818,1.91170585,0.281580359
5819,-3.69920659,-0.39197731
5820,2.24472189,0.104964845
5821,1.73357499,0.684114993
5822,2.14235353,1.15618563
5823,0.301748097,0.0570627823
5824,0.0331059545,-3.09902167
5825,0.894287884,-0.466335803
5826,1.09260905,0.0365862697
5827,0.480226666,1.05271935
5828,-0.149410695,-1.0859623
5829,-1.04410458,-0.643086672
5830,0.00368811772,-0.337355524
5831,1.42838478,0.94913274
5832,-1.05376935,-0.167538777
5833,-2.48818541,0.296622753
5834,0.45647788,0.38791728
5835,-1.31991005,-1.33202267
5836,-0.366996408,-3.70495915
5837,-1.62843192,-0.358977646
5838,1.59104407,-1.05367196
5839,0.599136353,-2.03791332
5840,-0.55871731,0.378768086
5841,2.70230508,-1.98473084
5842,-0.187244684,-0.118986242
5843,-1.29079103,-0.702286601
5844,-0.0138172973,-1.28121102
5845,-1.57762361,1.29889798
5846,-0.0915984958,1.28398204
5847,1.10493755,-0.313974351
5848,2.02854276,-0.983178854
5849,-0.109853044,-1.50361764
5850,-1.41336548,-0.797684371
5851,0.264368981,0.0604697913
5852,-2.43839216,-2.67782617
5853,1.09701133,-0.352493346
5854,-0.163471907,1.57825673
5855,-0.303803891,0.0963776559
5856,0.273624986,-0.306874096
5857,0.908035874,0.263860822
5858,0.106503181,-0.404384732
5859,-1.51611876,-0.746903956
5860,0.311130196,-0.0898295939
5861,1.480582,0.648269653
5862,-0.0993396491,0.32867983
5863,-0.145242244,-0.186371475
5864,-2.42457318,-1.09056234
5865,0.0622005239,-1.4211334
5866,0.155717984,1.12163258
5867,-0.385979682,-0.914800107
5868,0.530338645,-1.56869018
5869,0.304859817,-0.385506004
5870,2.82075739,2.01006079
5871,-0.369384855,0.207158208
5872,0.658998072,1.23699057
5873,-2.33613944,1.07083571
5874,-0.958774388,1.10949004
5875,-0.358225971,-0.458244294
5876,0.290565401,0.305132568
5877,1.95359123,0.690488935
5878,-1.17708635,0.874068618
5879,-0.412266403,0.449844927
5880,2.29640794,-0.446522117
5881,0.0709100515,1.49091351
5882,0.630411327,-0.0272403751
5883,-0.190144092,-2.4558301
5884,-2.49156809,1.08778942
5885,-0.550885797,-0.101071492
5886,0.642814159,-1.19620299
5887,0.120611995,2.25368214
5888,0.021219559,0.0474619009
5889,0.0654557422,0.373401344
5890,-0.0678386688,1.2892338
5891,0.543455422,-0.665060639
5892,-0.380242705,0.133485079
5893,-1.61523461,-1.33636785
5894,-1.41857731,-1.19609165
5895,-0.438628048,2.54662395
5896,-0.0223469865,-1.14941692
5897,-1.01280916,-0.0971493721
5898,0.0874116495,0.0406209826
5899,1.50194728,-0.163541853
5900,0.726473987,0.245898291
5901,1.52018666,0.568156481
5902,0.279432684,-0.465781003
5903,0.169053286,0.0935081616
5904,0.349755228,-0.748770237
5905,0.808295429,0.186609998
5906,-1.99865556,-0.212478027
5907,0.549646914,-1.8368144
5908,-0.386974573,3.05100346
5909,-0.12101873,1.13499594
5910,-0.134539276,0.344693571
5911,-1.35392296,-2.05843711
5912,-0.155965716,-0.0859045908
5913,0.586187005,0.638108492
5914,-0.978691578,-0.530876994
5915,-0.204549685,1.09028137
5916,-0.690570474,-0.365647316
5917,-1.03987682,1.71247876
5918,-1.90936399,1.01352465
5919,0.731321871,0.438288063
5920,-1.87696648,1.12336636
5921,0.0276813824,-0.339097887
5922,-1.13682103,-1.58465052
5923,0.0923334509,-0.281075567
5924,0.496235073,-0.628452003
5925,-0.40206033,2.91505575
5926,-0.0252553262,0.91335094
5927,-0.633772552,1.71665823
5928,0.51134783,0.0825006217
5929,1.25626683,-1.63369405
5930,0.168527126,-0.669370413
5931,0.318156689,0.332272917
5932,-0.972006142,-0.688413262
5933,0.593791962,3.8875649
5934,1.66966188,0.412441224
5935,0.604163051,-1.03641117
5936,1.70482326,1.20576811
5937,0.628358781,0.019835202
5938,-0.657166541,-1.40320826
5939,-0.385315239,1.25899911
5940,0.521681905,0.662630916
5941,0.256554425,-0.406718701
5942,1.15669918,0.339101642
5943,0.96659106,2.01101851
5944,-1.45688796,-2.0846355
5945,0.538928688,1.08145082
5946,1.23875046,-0.000981614692
5947,1.92339683,-0.173497602
5948,0.65678668,-0.511992633
5949,0.0129268374,-1.50623679
5950,1.84092534,-1.42156684
5951,0.518313468,-1.2471453
5952,-0.455588758,-0.429998189
5953,-0.147696793,0.279851735
5954,-0.276236326,-0.283506155
5955,-0.13667959,0.777540982
5956,-2.56937766,2.06516409
5957,1.93945551,-1.76381016
5958,0.022494657,-0.293808013
5959,-3.04839468,-3.32516766
5960,0.118888199,-0.117668435
5961,0.252952337,-1.58044052
5962,-0.369030744,0.791270912
5963,0.565337062,-1.33603394
5964,-0.454111189,-1.11760104
5965,0.265185058,-2.55194783
5966,-0.365929246,-0.0147936763
5967,0.433183759,-1.00867331
5968,-0.27216801,2.44857764
5969,0.000252414204,-0.197968394
5970,0.249311164,-1.40785038
5971,-4.00852156,-1.8734026
5972,-0.278953016,0.058514934
5973,-2.01318097,0.644743145
5974,1.14334249,1.77364123
5975,2.92252374,-0.540049791
5976,0.667200148,0.216786519
5977,0.109927855,0.7444157
5978,-0.701429546,-0.0418162383
5979,0.0512611344,-0.361418217
5980,-0.347323835,-0.205072686
5981,0.551527381,-0.233390465
5982,-0.0665271431,1.14829648
5983,0.259349406,0.165060729
5984,-0.38127169,-0.0728143603
5985,-1.79954326,1.18982303
5986,-0.326628596,0.326115102
5987,0.0369409472,1.0859164
5988,1.53082383,-1.70866776
5989,0.478319794,-1.65754282
5990,-0.137637392,-1.1543225
5991,-0.268776745,-2.38788056
5992,2.59923053,2.02930498
5993,0.738650918,-3.15300989
5994,0.0128049646,-3.41194725
5995,0.891232491,0.618355632
5996,0.88160789,-0.126803711
5997,0.745948911,-1.05924022
5998,-0.358984798,0.276357621
5999,0.0433667973,-0.236404121
6000,-0.668987513,-1.33061206
6001,-0.107449353,1.25518656
6002,-0.698486567,0.460264713
6003,-1.48570442,0.965271413
6004,-0.115163326,-0.223704934
6005,-0.122724377,-0.113709763
6006,0.164585248,1.92024469
6007,-0.15749231,0.191814438
6008,-0.274849296,1.58644807
6009,-0.0477476977,0.232773408
6010,0.123878159,0.00415526517
6011,0.204722986,-0.480289489
6012,0.282995492,0.00340565573
6013,2.34056258,3.03128886
6014,0.502635241,2.5554378
6015,0.491618812,-0.651078105
6016,-0.169561788,1.03465247
6017,-0.0249518193,-1.11299181
6018,-0.716606021,0.432674587
6019,-0.29544884,0.135479212
6020,-0.870452106,0.722237587
6021,1.7953788,2.39735603
6022,-1.69514132,3.38886285
6023,1.97815251,-0.34705928
6024,-0.0908026695,-2.56209064
6025,-1.37223828,0.919856489
6026,-0.266216636,-0.00946973357
6027,-0.547191441,0.541733086
6028,-0.708085775,-0.35308677
6029,-1.9316479,-1.83622324
6030,-0.130908757,1.66048706
6031,0.0487247445,-0.584465265
6032,0.276355267,-2.37740803
6033,-1.59533191,-1.17456865
6034,0.107179545,-0.338018358
6035,-0.963127315,0.57377106
6036,-0.433776528,0.00368248601
6037,0.816525757,-0.72195214
6038,0.956349611,0.134248763
6039,0.132005379,0.502341628
6040,0.879496515,-0.316863179
6041,0.128281027,0.744477332
6042,-0.475181043,-0.126506358
6043,1.74246705,1.93424284
6044,0.10736338,2.23869562
6045,1.57471836,-0.0680051893
6046,-2.43000388,-0.684290648
6047,0.869823277,1.08469462
6048,-0.594851196,0.112379909
6049,-0.205544725,0.105975077
6050,-1.94952643,-0.595359504
6051,0.468697578,-0.692837656
6052,0.172538519,4.39578867
6053,-0.168763727,-1.15974391
6054,0.450221121,-0.245547801
6055,0.0786064938,0.927011132
6056,1.01205087,-0.927379727
6057,-0.107609734,-1.90760612
6058,1.10344577,-1.03918946
6059,-0.276242673,0.151359752
6060,-0.32320115,1.26451778
6061,0.096235171,0.235356465
6062,1.15886521,-2.52440763
6063,-1.4542743,1.28383756
6064,-2.45502472,-2.26401281
6065,-0.264396638,0.00178832421
6066,2.76970959,-0.293510824
6067,0.929046094,-1.51137984
6068,0.253436208,1.9214263
6069,1.81170487,1.42135227
6070,-0.126706451,0.409719706
6071,1.38880372,0.616697967
6072,0.372389048,-1.85206997
6073,2.03244328,0.00543531682
6074,2.18135262,0.435349017
6075,1.26795745,-0.513709843
6076,-0.85430479,0.651337147
6077,0.135488808,-0.208722845
6078,2.10923743,1.40859866
6079,2.08718491,0.211595923
6080,1.7684927,-1.90393412
6081,0.578563213,0.0525504015
6082,0.617208719,1.69275486
6083,-0.239293769,-0.584446728
6084,-0.0432041474,0.355668098
6085,0.187482357,-0.115975335
6086,-0.746591806,0.474675804
6087,-0.732355833,-1.86457646
6088,-1.28217578,0.13778758
6089,0.717012525,1.02285731
6090,1.59619474,0.502357304
6091,1.08030891,0.396897674
6092,-0.572794557,1.02078521
6093,0.372537225,0.989735544
6094,1.51510632,1.4051528
6095,1.59456408,0.271860629
6096,-0.916081607,1.35778809
6097,-0.0303091072,-0.484975755
6098,0.486932695,-0.484579235
6099,-1.21169341,-2.02835917
6100,1.39681125,1.21158838
6101,-0.120910451,-0.244243264
6102,0.11562591,0.155410886
6103,-0.262834013,-0.0863868594
6104,0.46729812,0.714491487
6105,1.56080651,0.272785038
6106,2.21470642,-2.59342623
6107,2.3298595,-0.245823517
6108,0.212085709,1.47421122
6109,0.237167075,-1.70925546
6110,-0.806642413,-0.480195433
6111,-1.88549447,0.321988106
6112,-0.416539252,-0.724174798
6113,1.16865289,1.80045271
6114,0.0865493268,0.258137941
6115,1.29331481,2.3993392
6116,-0.780403972,0.452487141
6117,-0.968049169,-2.94337773
6118,0.447466731,0.382263273
6119,-0.288715035,-2.54931831
6120,1.20720875,2.91819501
6121,-1.8245647,0.0364053883
6122,0.23671104,0.343046784
6123,-1.53047943,0.137262538
6124,-0.527351558,0.610453606
6125,-0.537057161,1.22898054
6126,0.00313477614,0.457148194
6127,-1.63375294,2.84337211
6128,-2.93563938,-1.93081415
6129,-1.32060397,-1.13456082
6130,-0.592600465,2.63321042
6131,2.15843868,-0.484523743
6132,0.654821157,-1.23187828
6133,1.53944576,-0.292092711
6134,-2.38177466,-1.62741947
6135,3.4081161,3.20220566
6136,-0.564621985,0.228282943
6137,2.31759858,-1.63396454
6138,-0.212133065,-0.62726748
6139,-0.829796553,-0.278230757
6140,0.347074747,-0.337625116
6141,-0.0299263857,-0.183415145
6142,-0.520404398,1.85822678
6143,-0.0329606347,0.360823601
6144,-0.563156605,1.22599053
6145,1.89256465,-0.00168323342
6146,-1.19779444,2.46053076
6147,-1.73590517,0.442005485
6148,0.794634223,2.04778314
6149,0.561985791,0.718903661
6150,0.847866178,0.0260480326
6151,1.70429194,-1.46616757
6152,0.360487282,-1.27496552
6153,1.72966576,0.394506127
6154,-1.69549656,0.2874946
6155,-0.360904366,-1.02339041
6156,0.333841085,-0.539406002
6157,0.930570722,-0.686408162
6158,0.979669988,0.00516937673
6159,-0.169035792,0.906875968
6160,-0.105858199,-1.07826114
6161,-0.787416518,0.988663852
6162,-2.51359534,0.392289191
6163,-0.0544651933,-2.74404502
6164,0.408831805,0.359264076
6165,-1.63330269,0.392652065
6166,-0.143226713,-1.70689619
6167,-2.2182982,-2.47154522
6168,-0.935480177,-0.654449761
6169,-4.3630023,-0.174937055
6170,-0.804181933,0.962100029
6171,0.330974668,-0.325375497
6172,-1.11947739,-0.815220296
6173,-1.94502974,-0.957903147
6174,-2.67573833,1.98021281
6175,0.486613542,0.910632491
6176,-0.0827714503,-0.209513813
6177,2.35784888,-0.409236133
6178,0.729452252,0.243128747
6179,1.56723166,-0.00525395898
6180,2.37000704,-0.396065682
6181,-1.30325198,3.23105645
6182,0.648612559,2.65580559
6183,1.09944534,-0.53044939
6184,-0.054365281,0.22661902
6185,-1.20929325,0.530637205
6186,0.945205092,0.505255461
6187,0.032210011,0.736454844
6188,0.537831426,-0.653076291
6189,0.228482485,-0.0208288655
6190,-0.0937742218,0.210301295
6191,-0.210829303,0.0821316913
6192,-1.23233676,-1.47998691
6193,0.456427366,-0.74668777
6194,0.635555804,0.841562688
6195,1.31351423,0.035221789
6196,-0.863328218,0.125832602
6197,-0.605633378,0.27802375
6198,-0.310823619,-0.0950263441
6199,1.53460824,-0.771111727
6200,2.53619075,-0.44783178
6201,-0.039551653,0.629837036
6202,-0.0327733867,0.546872675
6203,-1.73019361,-1.32146406
6204,-1.73894477,-1.15624785
6205,3.15294337,-0.0341102593
6206,1.36575782,-0.295446873
6207,1.11230087,-0.13013868
6208,0.188733533,-0.236192271
6209,0.509387374,1.05615628
6210,0.117132112,1.86921978
6211,-1.4418,0.402583331
6212,1.64566684,-1.80121827
6213,0.543844283,2.39239192
6214,-3.36212134,0.220720142
6215,1.98747075,-1.01412666
6216,-0.699560702,-0.678515136
6217,-0.0753241777,-0.100209773
6218,-1.82041717,1.35330689
6219,0.272067606,-0.2855964
6220,0.449043065,-2.43663788
6221,-0.0822767168,-0.351112992
6222,-0.0531597771,-0.783702552
6223,-0.242062077,0.586378455
6224,2.15863299,-1.52728486
6225,0.298931211,-3.25124574
6226,0.0927280709,-1.53652966
6227,0.603553116,0.92420876
6228,4.33556271,-1.28201604
6229,-0.571638465,1.2826544
6230,0.205048919,3.67719674
6231,-1.10237563,-2.91645074
6232,-0.378820509,0.302197725
6233,-2.27844214,-0.966507375
6234,0.659290016,1.00643218
6235,0.304034024,0.349545687
6236,0.623117387,-3.28379631
6237,-0.509500921,2.29407477
6238,0.81185919,0.426762044
6239,-0.157807112,-0.239934042
6240,0.823337495,-0.531006634
6241,0.256542385,-0.0848364234
6242,-1.36856246,-0.0452135131
6243,0.296981275,-0.775566041
6244,0.533568799,-0.296848029
6245,2.58432961,-0.481303513
6246,-1.06122351,-0.1277643
6247,-0.353978395,0.975621045
6248,3.17810297,0.955733657
6249,1.08173418,1.06799078
6250,0.330198944,0.613743663
6251,0.726072192,1.44521272
6252,-0.208458915,0.553402185
6253,-1.09136307,-0.347830117
6254,1.78724074,1.66711593
6255,0.338097155,0.479634404
6256,-0.621032834,-0.616832256
6257,-0.239704058,-1.13149559
6258,-0.183696166,3.08453226
6259,0.309347749,0.491319954
6260,-0.358363956,1.16837788
6261,0.0434608795,-0.233529314
6262,-0.0335679278,-0.863739312
6263,-0.598207593,-0.297348738
6264,0.267999262,0.180973798
6265,-0.643511772,0.837473214
6266,-1.23034978,-0.112056226
6267,-2.94954896,-0.445583582
6268,3.71604824,1.31846035
6269,-0.624510825,-0.911107421
6270,0.866155446,-0.427133888
6271,0.231168374,-0.0568558834
6272,-0.608182907,0.22916621
6273,0.0245499481,-0.812836111
6274,-0.829951108,-0.449914128
6275,2.10941172,-1.73449564
6276,-0.150698498,2.40863848
6277,-0.0988702998,0.939587831
6278,-0.909390211,2.04300165
6279,1.15588999,0.670893848
6280,-0.166111857,3.50620066e-05
6281,-0.158560887,-0.153363034
6282,-1.13815069,-2.76928496
6283,-0.89862293,-0.902602911
6284,0.362711221,0.111707732
6285,-0.42672953,0.17267926
6286,-1.23680699,0.411452472
6287,-0.7649616,0.185169548
6288,-0.0402658358,-1.52738798
6289,-2.12946796,-1.41078866
6290,1.05913186,0.0887786448
6291,-0.0608667135,1.63587976
6292,-0.908951879,-0.903707623
6293,-0.348614842,-0.559794843
6294,-1.58305192,1.43434453
6295,-0.137549311,1.69274867
6296,-0.692061007,-1.13824856
6297,-0.60956347,0.322095901
6298,-0.79032284,0.0710483044
6299,-2.03025675,0.476747394
6300,2.1650269,-0.690239429
6301,-0.526062906,-1.33553743
6302,2.03611994,-0.925164104
6303,-0.730345905,0.133389741
6304,0.067350179,-0.155460477
6305,0.238806278,-0.316752702
6306,-0.008331066,-0.994777143
6307,1.16631567,-1.2322973
6308,-1.41043031,0.107070692
6309,1.44543815,-0.554234982
6310,0.498024672,0.297480136
6311,-0.646642387,3.34373927
6312,-0.0890333056,0.356081486
6313,0.317476749,0.0504536442
6314,-0.520737767,-0.453658462
6315,0.979942501,-3.56356597
6316,0.0220880639,-1.99268568
6317,-1.06411421,0.120947771
6318,-1.04613578,-0.730178773
6319,1.4431988,0.866473198
6320,0.803238511,-0.254654557
6321,-1.29886127,0.803514063
6322,-0.780797303,-1.2376945
6323,0.0883268714,1.65718269
6324,0.761195183,1.07919359
6325,0.176301479,-0.796269059
6326,0.238874659,-0.660471499
6327,2.90111017,1.14105988
6328,-0.166285485,0.260206223
6329,-1.06713355,0.16053547
6330,-1.351282,0.14797397
6331,-0.149209917,0.145460412
6332,0.0634534284,0.18618919
6333,-1.25421548,0.689386606
6334,-1.1690892,1.62788296
6335,0.396579921,-0.75819993
6336,-1.49148071,0.0624976493
6337,1.43631685,0.304992676
6338,0.793040216,0.118963987
6339,1.0450989,-1.31842422
6340,-1.61488235,0.34686172
6341,2.71929169,-1.96755338
6342,0.519051611,0.217085689
6343,-1.7238766,0.416746318
6344,0.876612782,0.602458119
6345,-0.449151874,1.49154282
6346,-3.28683758,-1.58616495
6347,0.819106042,-0.54233849
6348,0.419382215,0.35537833
6349,-0.890801251,-0.525425375
6350,0.0995318294,-0.740975797
6351,0.935774922,-0.547252357
6352,1.04281664,-1.37488377
6353,1.87440586,0.74118191
6354,-0.653679907,0.0788441375
6355,-0.194339335,-0.48444593
6356,0.266415209,-0.24088186
6357,-1.90489376,-1.99563551
6358,-0.127896041,-0.239875138
6359,-0.0701942444,-0.0458490327
6360,1.13497555,-0.196635425
6361,0.580566347,1.95005012
6362,1.3895576,0.996146619
6363,-1.1830225,2.13468504
6364,-0.038081035,1.29817867
6365,-1.76559341,0.90297246
6366,-1.31001329,1.0014714
6367,-0.0791966245,0.956643343
6368,-1.23196745,0.653407335
6369,-0.745402575,-1.17380047
6370,-0.211973473,-0.526420712
6371,1.14234996,0.806837857
6372,0.145076513,0.61176306
6373,-0.723283887,-1.389884
6374,-0.0787390396,-0.714173436
6375,-0.880441189,1.11076188
6376,0.901995182,-1.52520001
6377,0.648296177,0.0222038142
6378,0.85220331,0.212457657
6379,-0.335498899,0.605298042
6380,1.46759117,-1.5183568
6381,-0.349195898,-0.719585061
6382,0.367619574,-3.31985211
6383,-0.554748535,1.49638593
6384,-0.522095919,-0.540225208
6385,-0.602272451,3.22084975
6386,1.88489723,2.19194579
6387,0.353540719,-1.6154933
6388,-0.0826545507,0.191673666
6389,2.479249,-1.37559545
6390,-1.36260641,-1.47311807
6391,-0.661712289,-0.622174501
6392,0.230183452,-1.63925207
6393,0.297351301,-0.276148915
6394,-0.113709591,0.173788264
6395,-0.380976021,-1.10510588
6396,0.680992186,1.42784548
6397,-0.0992222205,-0.852611363
6398,0.564077377,1.19303834
6399,0.587976694,-1.14235795
6400,-2.42889619,-1.69806314
6401,-0.0032711348,-1.5085243
6402,1.00183368,1.48120618
6403,-0.182375297,0.0948550329
6404,-0.624302208,-1.41749382
6405,-0.582696259,0.00172057073
6406,-0.340581834,-1.40578401
6407,0.81565994,-1.29215372
6408,0.901278138,-3.45703673
6409,-0.297525555,-0.0945287794
6410,-1.43321276,-1.53668046
6411,-0.813007712,1.5681994
6412,0.231421173,0.404161364
6413,2.60986662,-0.0378774479
6414,-0.370092511,0.322131932
6415,-0.347508878,-0.172556415
6416,1.19158041,-0.878265023
6417,1.65921199,-2.15190125
6418,-2.20386338,2.23120689
6419,-0.996226311,2.89349484
6420,1.08049202,-2.43750668
6421,-1.34774125,-0.116980501
6422,-0.124009565,0.10025084
6423,-1.6184566,1.03740513
6424,-0.16623728,-0.406363159
6425,-0.393892199,-2.52101231
6426,1.61332738,-1.49447095
6427,-0.868226588,1.68887317
6428,1.06697857,-1.78500104
6429,4.89550972,0.342039496
6430,0.176438823,0.140538916
6431,-0.710287809,-1.70057428
6432,1.04175031,-2.38106632
6433,2.25070047,-2.54309773
6434,1.10906696,-1.39461458
6435,-3.65864372,2.9737246
6436,-0.610322058,-1.63887382
6437,1.26296449,-1.32736397
6438,0.432309091,0.266179204
6439,0.780304849,0.180743083
6440,0.146132082,0.202871919
6441,-0.666800797,-2.06337118
6442,-3.36703801,-2.20619607
6443,0.52932626,-0.259852916
6444,-0.773111224,-0.386313826
6445,0.62666446,-0.777538955
6446,0.0479013249,-2.0166142
6447,0.373546064,0.0337367542
6448,0.344857424,-0.0595903583
6449,0.119879596,-1.0594759
6450,0.129270315,-1.87668586
6451,0.223434031,1.49763036
6452,-1.37686753,0.150005087
6453,-4.11750221,-0.624232888
6454,-0.9079355,0.0336941741
6455,0.0632862076,0.163580924
6456,-0.0771121457,-1.51652777
6457,-0.940953672,0.161512688
6458,1.22895145,-0.592193186
6459,2.43407273,-0.512860477
6460,-2.0899632,0.262285799
6461,-0.221202865,-0.712309599
6462,-1.13057256,1.06853259
6463,-0.204793513,0.859152794
6464,0.987013042,1.07572734
6465,1.33393705,-1.21782398
6466,-0.114925981,-0.032439325
6467,-0.100094385,0.413798481
6468,-1.91226244,-0.325752586
6469,3.01980233,-1.97947264
6470,-0.407703966,0.354933381
6471,-0.312822551,-0.0865851939
6472,0.882587969,1.44082808
6473,-0.489746362,-1.37013566
6474,0.13052699,-1.8182317
6475,1.14713097,1.80066061
6476,1.53316259,0.0941464379
6477,1.33804953,1.53529847
6478,1.4237864,-0.0142360423
6479,-0.315608591,0.788993359
6480,-1.13816059,-1.82776642
6481,2.01577926,-0.379038453
6482,-1.28506005,-2.73454022
6483,-0.518938959,-1.86783504
6484,2.39833808,0.705176532
6485,0.988081753,-0.455141783
6486,-1.36846828,1.53617835
6487,0.319686234,-0.106481224
6488,2.40945888,-0.210447073
6489,-2.05903959,1.39478266
6490,0.789243102,-0.933984041
6491,-2.99019885,2.63112092
6492,0.459266543,0.565965891
6493,-0.395567477,0.0322555602
6494,-0.432969511,-0.463797122
6495,-1.14606822,0.497014761
6496,-4.67879152,1.94032574
6497,-0.379535168,0.267012298
6498,0.268358856,-0.363334477
6499,1.21124446,0.0117240855
6500,1.94262171,-0.153828949
6501,0.214365497,-0.142181769
6502,-4.7357769,0.325114071
6503,0.834337175,-0.435959667
6504,2.30510545,-0.720595896
6505,0.120342165,0.415701628
6506,-1.17324328,-1.05217171
6507,0.930811822,-1.21098399
6508,-0.666845024,0.762004495
6509,-1.31108105,-0.486321688
6510,-1.07820404,-1.15133607
6511,0.0727716088,0.53103286
6512,1.01103747,0.130846962
6513,-0.377383381,0.978725612
6514,0.861210763,1.07220948
6515,1.12117696,-0.276008397
6516,-0.077073954,-1.63389051
6517,0.287073374,0.797474623
6518,0.000812103681,-0.613360941
6519,-0.697134435,-0.0824501887
6520,-1.3287338,-0.283129394
6521,0.0698068291,0.650147498
6522,-1.6067158,-0.107393876
6523,0.783083558,0.0206968617
6524,0.236026406,0.522042871
6525,2.22661233,0.632028639
6526,0.00254588202,2.6264689
6527,-1.50844753,2.77577925
6528,-1.15152252,-0.837122083
6529,0.491999537,-1.58349228
6530,0.153804094,0.0587103292
6531,-0.365516633,-0.214408666
6532,-0.79840982,0.730793715
6533,-0.520559967,0.402860135
6534,0.756906509,-0.590925872
6535,1.19656515,-0.501018822
6536,-0.477309316,-0.664830267
6537,0.207070231,0.531367183
6538,-1.8074199,0.110037744
6539,0.0299950615,1.26927614
6540,0.482514143,-1.35035145
6541,0.604426503,2.00164223
6542,1.38713944,-0.234053195
6543,0.433661282,-1.21728969
6544,-1.64806783,-0.0341449305
6545,2.32990646,0.786770105
6546,-1.43347299,0.78778863
6547,-0.60228312,-0.024361657
6548,-1.13525641,-0.0551068485
6549,-0.841034234,-1.01036406
6550,0.99900943,-0.112261944
6551,0.197266355,-0.441955656
6552,-0.153408483,-2.06095624
6553,-1.83008707,1.30694294
6554,-0.402043909,0.584669709
6555,3.56054044,1.3403182
6556,-2.07676172,0.533434033
6557,-0.0320087001,0.165909261
6558,0.943510652,1.37459648
6559,-0.73723042,0.281802088
6560,-1.3812654,0.274199903
6561,0.0872582272,0.167885691
6562,0.12033575,0.586199105
6563,0.00888917502,-1.18036091
6564,0.222457126,0.805107832
6565,-0.328541577,-0.791003108
6566,-1.84780192,-0.0827491134
6567,-0.266546279,-0.358561009
6568,-0.393784672,-0.622981191
6569,-0.48997426,1.32378018
6570,-0.390506387,-1.42134023
6571,1.50108218,-2.94759846
6572,2.24179077,-2.54713893
6573,0.842017293,0.726477802
6574,-1.59580922,-0.431462675
6575,-1.13230133,3.06281805
6576,-1.16100085,-0.500706911
6577,-0.815626502,1.45344412
6578,-0.958458185,-1.15761471
6579,-0.190795258,0.99423945
6580,0.422804892,-0.888089776
6581,2.01366019,-0.588209808
6582,1.58918846,-0.444991231
6583,-0.216575071,0.123034202
6584,-0.421721905,0.895045698
6585,-1.93436933,-1.67332065
6586,1.10278177,1.30063212
6587,0.0463619679,-1.38557363
6588,-0.113858737,0.705273092
6589,-2.03058767,0.077513814
6590,-1.40635645,-2.48484659
6591,-0.300832748,-0.987873256
6592,0.0357520543,-1.25036919
6593,0.90893501,0.321540356
6594,0.915459633,0.312918067
6595,-0.311782956,-1.55208278
6596,1.00350225,-1.1652534
6597,0.0907969996,1.7452898
6598,-0.247698262,-0.306112677
6599,-1.3858037,-1.20416784
6600,0.0623966902,0.132422969
6601,0.822515309,0.0196448192
6602,-1.34188581,-0.0653339177
6603,-0.0803628564,-0.0920555964
6604,0.126554161,1.9161557
6605,-0.936020017,1.4377532
6606,1.30866683,0.355684608
6607,0.174799725,0.333838016
6608,0.0592377074,-0.350336432
6609,0.860467732,0.876751542
6610,0.546758235,0.0172209553
6611,-0.436789066,-0.0682696104
6612,0.046412304,-0.49778682
6613,0.700387061,0.402813435
6614,1.15186799,-1.39085829
6615,-0.664680064,-0.836557329
6616,0.465284616,-0.271593779
6617,0.250718743,1.68630826
6618,0.477839202,-1.14883912
6619,-1.12915242,-0.883628368
6620,-0.505680978,0.368917078
6621,-0.0539550148,2.9616456
6622,2.08972025,-0.738102555
6623,2.26752639,3.0474236
6624,0.353774399,0.69175452
6625,0.682579339,-0.842888117
6626,-0.537830055,-1.11207438
6627,0.0811684951,-2.81902385
6628,3.01243472,-2.13778567
6629,-0.53685981,-1.06061959
6630,-0.156195298,-0.101616502
6631,0.43856141,0.452461541
6632,-0.0342449844,-0.350726128
6633,0.101657428,-2.88225746
6634,-0.555460632,0.0392871574
6635,2.53874278,0.989586413
6636,1.38240361,0.607815146
6637,0.23768948,0.0665577427
6638,-0.893115938,-0.038941212
6639,0.783273637,-0.74633503
6640,1.10699356,0.906437278
6641,0.936952293,0.708773494
6642,1.24737966,-0.25385201
6643,0.292543739,-0.0326527692
6644,1.38413763,0.315294147
6645,-0.548035681,-0.713563621
6646,-2.25563073,-0.181421593
6647,0.962215066,2.91659212
6648,-0.551945448,-1.46873641
6649,-0.316202611,0.709812224
6650,1.24945807,1.22921872
6651,0.359193593,-1.41956425
6652,0.370071173,0.835079193
6653,0.813699007,-0.492739826
6654,0.338959455,-0.594564438
6655,3.58327341,0.758071363
6656,-0.583819389,-0.73439461
6657,0.506033123,0.364134133
6658,-0.0761096328,-0.399663448
6659,-0.587794304,1.78816116
6660,-0.376287431,-1.05044365
6661,0.461669892,-0.775009394
6662,-0.0982576907,0.342497528
6663,-0.443410218,0.695594609
6664,-0.109740034,1.62630939
6665,-0.146231875,-0.342303693
6666,-0.785063744,0.463986158
6667,2.45225978,-1.89230072
6668,0.591087282,-0.0708948076
6669,-0.203873754,0.0730149299
6670,0.399710804,-0.313432634
6671,0.328239202,-0.168691531
6672,0.318979025,0.0277421176
6673,-0.485411525,2.83118987
6674,0.0354879647,-1.95249224
6675,-0.392453611,1.34285116
6676,0.351737946,-0.327115059
6677,-1.56051278,-0.536768317
6678,2.32070541,0.106453635
6679,0.74701643,-0.155108392
6680,-0.0289765764,0.225561798
6681,0.247313231,-0.208285525
6682,1.67545331,-2.97058153
6683,-1.33878195,-1.24597871
6684,-0.726171672,1.69458187
6685,-0.594094157,0.556660473
6686,-2.45142841,-1.14295971
6687,0.960696161,-0.258461833
6688,-0.39405179,-0.46456176
6689,0.764992654,1.03836513
6690,1.61650038,-0.22413823
6691,0.347414434,0.452742994
6692,0.0691282079,0.936319649
6693,0.28370294,-0.112315789
6694,0.114775322,0.215454176
6695,-0.794067502,1.82193232
6696,1.23820651,-1.57981145
6697,-0.235107884,2.95180178
6698,0.993584096,-0.0273161698
6699,1.13408852,-0.88622421
6700,0.364928365,-1.45127845
6701,-0.396744549,1.31682777
6702,1.9956634,-1.55679297
6703,0.423570722,0.437488586
6704,-1.36862159,-0.76806432
6705,-0.0681762397,-0.569215775
6706,1.96275985,-0.0916412547
6707,-0.0663853213,-0.739996314
6708,-1.28590989,-0.348736912
6709,-0.971004605,-0.0471898951
6710,0.458269238,-0.88063395
6711,-0.121934317,-1.21582115
6712,-0.000140623873,1.18800247
6713,-1.04415703,-1.31815267
6714,0.536119401,0.259296507
6715,0.188105121,-1.06056225
6716,0.358015299,0.172946244
6717,0.239635855,1.39695299
6718,-0.557854891,-0.161479414
6719,-0.384315163,0.640420914
6720,-0.125300527,0.0836936682
6721,0.664598405,1.47374558
6722,-3.20892143,2.29355597
6723,-0.63462019,0.637645066
6724,0.0916195139,-0.167587325
6725,-0.809421837,-1.22189534
6726,-1.12374568,-1.12399232
6727,0.0332879499,0.230789796
6728,3.83527446,1.79494858
6729,-1.5227704,-0.0343614034
6730,0.23038362,-0.177798808
6731,-1.97879708,-0.354796052
6732,0.927155018,0.855271339
6733,1.38458347,-0.123527363
6734,-0.851452768,0.293135524
6735,0.35486421,-0.562827051
6736,0.0965348482,1.83763039
6737,0.3355048,0.96224463
6738,1.65591371,1.76744747
6739,1.38972688,-1.33076096
6740,0.177575618,0.395700425
6741,0.551888943,1.46017706
6742,-0.16969128,-0.556779206
6743,0.124157116,1.25283575
6744,1.78117943,0.683218777
6745,0.262083113,-1.80449224
6746,1.74155223,1.22323704
6747,-1.37608027,0.0411858857
6748,-0.0599733442,0.491874456
6749,-0.372413993,-1.05519474
6750,-0.13745366,-0.144933179
6751,0.172915772,-0.288446784
6752,-1.20975614,-0.349446863
6753,0.221864,-0.342641503
6754,-0.0971600711,0.1297279
6755,-0.719419301,1.22077501
6756,-0.716081321,-1.32961249
6757,-1.56067705,-2.22442436
6758,0.200109854,-0.765102327
6759,-2.85087442,-1.80777013
6760,-0.0251120012,-0.299024552
6761,0.555810571,0.380102038
6762,0.0240308065,0.216128066
6763,-0.495455354,-0.0271581057
6764,1.10541332,-0.267595679
6765,-0.103384249,-1.03955102
6766,0.202051699,-0.925637543
6767,-2.05455208,-1.03231585
6768,1.88455439,1.90731001
6769,-2.85555077,0.544409335
6770,-1.47356415,0.582686663
6771,1.11783051,-2.34318542
6772,-0.853475928,-0.124604419
6773,0.254974365,0.694331408
6774,1.84070492,0.827740252
6775,-4.88863993,-2.18800211
6776,0.696589768,0.283786178
6777,1.22514558,0.261102557
6778,-0.279614925,-1.29617894
6779,-2.38825107,0.19987607
6780,0.896293879,-0.496960372
6781,-1.61784756,0.134453133
6782,-1.80365312,0.486051977
6783,0.378965527,-0.197708622
6784,0.965840161,-1.30058849
6785,-0.135976017,1.65433824
6786,0.472304523,0.317000955
6787,0.16950196,-1.4043864
6788,0.885617495,-1.73673105
6789,0.638676047,0.422728658
6790,0.508460641,0.641755462
6791,0.0527105443,-0.168168187
6792,0.587782741,-0.0767536983
6793,1.37677193,-0.7368716
6794,0.157639906,-0.071798861
6795,0.37932989,2.82586145
6796,2.19981003,1.03812075
6797,-0.292616338,-0.879263639
6798,-0.425247461,-1.78241646
6799,-1.75136387,0.668857217
6800,-1.0107559,-0.414582908
6801,0.427508056,0.622532725
6802,-1.68537641,-0.752611816
6803,0.24600254,-0.183512047
6804,-1.45510054,-0.769965708
6805,0.153523222,0.135540903
6806,-2.79345822,0.757315218
6807,0.00465168757,1.06671417
6808,-0.627874434,-1.20465636
6809,0.243005753,-0.100562073
6810,-0.604989827,-0.544252872
6811,1.24711931,0.371153265
6812,0.344018459,-0.427214414
6813,0.536880136,0.514499903
6814,-1.47467446,1.13956869
6815,-0.894686043,-0.470870256
6816,-0.946558297,-0.895338297
6817,0.14076592,-0.118396223
6818,0.621333957,0.516884029
6819,2.8282814,1.12204862
6820,1.20657229,-0.342932045
6821,0.106007688,0.0874982774
6822,-0.59032619,-0.96485728
6823,1.48430014,-0.756781399
6824,-0.512310684,-1.69545913
6825,0.14203079,-0.217726707
6826,-0.425285786,-0.305153906
6827,-2.37872863,0.623656392
6828,-0.298372209,0.595836818
6829,1.00684011,-0.204602197
6830,0.271747619,-0.434665203
6831,3.93746424,-3.85145068
6832,0.0831068829,-3.63011646
6833,-0.577094078,1.47677231
6834,-0.897505283,0.525774658
6835,-0.850021362,-0.00116661354
6836,0.66382575,2.23315978
6837,-0.443531066,0.452013254
6838,-0.246599838,1.41091442
6839,0.904890001,0.054931283
6840,0.25018397,0.542830765
6841,0.564550102,2.65069175
6842,-0.817370117,-1.88144922
6843,0.936638117,0.514584005
6844,-0.695749462,-1.18866575
6845,-0.279781997,0.105844967
6846,-0.322093695,0.104357257
6847,-1.81421626,-1.14502668
6848,1.11763251,0.393048853
6849,0.191811845,-0.400329173
6850,0.922983527,-1.58514297
6851,-0.0568103865,-0.128651753
6852,2.22757602,0.0970969945
6853,-0.937397301,2.57349277
6854,0.372877181,-0.793474555
6855,0.0976151824,-0.565464556
6856,-0.354080737,-0.455733389
6857,0.0369332097,-1.06206024
6858,3.71138978,-1.71724737
6859,0.930404067,1.32734752
6860,-0.425891697,0.900353432
6861,-0.702550769,1.33633149
6862,-2.66254044,-0.526478946
6863,0.306335896,1.2365483
6864,0.64265883,0.540389836
6865,0.131878868,-0.778984189
6866,0.275954396,-1.45871961
6867,0.616329551,1.046983
6868,-0.420545578,-0.197561309
6869,1.70010197,0.775350809
6870,-0.41084221,1.29236519
6871,0.280981213,1.28921187
6872,-1.00500751,-0.541341245
6873,-0.748232543,-0.354860634
6874,1.0555352,-0.252226174
6875,-0.417981386,0.426865608
6876,0.761084914,0.790358365
6877,0.619757354,-1.96133411
6878,-0.579967022,0.854525864
6879,-0.087332733,1.88424218
6880,1.8272897,-0.361126125
6881,0.387185574,-2.02358603
6882,-1.19076419,-1.88403296
6883,1.24448407,0.690927923
6884,-0.0629193634,-0.16025579
6885,-1.40547276,0.991639018
6886,-2.24397564,-1.27559268
6887,0.21651724,-2.04416919
6888,-2.10294819,1.61611497
6889,-0.090336509,-0.188300282
6890,-0.664238751,-0.280193448
6891,0.279053479,-1.83542192
6892,-0.717214823,0.231328711
6893,2.84585142,2.69327092
6894,0.890686154,-0.162467882
6895,-0.878430307,-0.344670206
6896,0.499828488,0.828530788
6897,-0.0473590754,1.03294432
6898,0.0915980116,0.135717988
6899,0.351361662,-0.584195971
6900,0.715657711,-1.05797195
6901,-0.0602305867,0.529691339
6902,1.09043145,-1.13871682
6903,1.09213197,-0.996699512
6904,-0.0208113678,0.908536851
6905,1.18367052,-1.26843143
6906,-1.31453347,0.572129667
6907,-0.880809426,1.00174797
6908,-0.390283197,2.81736112
6909,-0.0337057672,1.74776435
6910,-0.812793314,0.417709321
6911,0.835577905,1.35923517
6912,-1.20034599,2.66600132
6913,-0.240965128,-1.75313175
6914,0.78551811,0.926970243
6915,-0.589074314,1.32275295
6916,-0.774508059,0.540467501
6917,0.359022319,0.398176849
6918,-0.603913367,-0.367130995
6919,1.03076243,1.05451262
6920,0.331329435,-0.48103568
6921,0.129575893,-0.935135603
6922,-0.345727861,-0.0193241313
6923,-0.0475394279,0.242765412
6924,-1.63951731,-1.72154999
6925,-0.0249355789,-0.17615892
6926,0.509484231,-0.37016353
6927,-2.022053,1.11931109
6928,0.941417098,0.598852456
6929,0.826964259,2.37215757
6930,-0.440367132,-1.80304921
6931,0.310351253,0.289892316
6932,0.361225307,0.0840089917
6933,-0.330810785,0.0346598625
6934,0.100784034,1.19914865
6935,0.860337198,0.841757715
6936,0.935440421,-0.687807918
6937,-0.223290473,-2.06917095
6938,-0.425806493,1.31575966
6939,1.5410316,0.0131152896
6940,0.105120495,2.01326203
6941,-0.361996502,-0.205301732
6942,2.39063883,2.83764625
6943,-2.80470419,-2.31760716
6944,-0.96881789,-0.670937955
6945,2.20026326,2.1051116
6946,-0.814425647,1.50095344
6947,-1.849967,-0.362376124
6948,0.223484889,-0.833061337
6949,0.4601717,-0.221102327
6950,-0.202382028,-1.26269472
6951,0.0519397594,3.42955017
6952,0.749467909,0.626951754
6953,2.60161114,-0.72460568
6954,1.35771263,1.4580406
6955,0.341592789,-0.304996401
6956,0.814851761,-0.850963295
6957,2.25557542,1.00803566
6958,-0.151236475,0.0840653554
6959,1.87869573,-0.601630032
6960,0.748124659,0.590174317
6961,1.03224957,-0.19828409
6962,-0.990077496,0.00601158757
6963,-0.668306828,-1.6566503
6964,0.305281073,-0.110354453
6965,0.117433026,-0.959795117
6966,-0.543851018,0.566737473
6967,2.36208797,1.67220438
6968,-1.10935974,0.365688175
6969,1.20287108,-0.399108768
6970,0.349534839,-1.4255234
6971,0.433459967,0.270955592
6972,0.241650417,-1.61004674
6973,0.175681382,-0.206081733
6974,1.26408446,-0.824337304
6975,0.0158793293,0.828804195
6976,0.406111985,-0.500477195
6977,-0.0293161087,-0.664003074
6978,-1.31662655,0.116795547
6979,-0.078892611,0.152608871
6980,2.2078495,0.547053576
6981,1.36772251,0.84892416
6982,0.148081124,0.101666793
6983,-2.90912247,0.919701695
6984,2.58824706,-0.0229628142
6985,0.000454929715,-0.14252086
6986,0.704497218,1.56676376
6987,1.1788249,-0.415812731
6988,-0.514354408,-0.200485319
6989,1.11348391,-0.180879995
6990,0.927728355,0.397148401
6991,-1.12672067,-0.41897887
6992,0.768215477,-0.154066652
6993,-0.295214206,0.0743441731
6994,0.0425645635,0.895065427
6995,0.798862934,0.395423412
6996,0.0991284326,-0.291519284
6997,0.77964741,0.678527057
6998,0.206963941,1.16075361
6999,-0.785461545,-0.807908833
7000,0.0520915277,-0.485111892
7001,-1.16917217,1.88239396
7002,-3.49563837,0.20758453
7003,-0.203243226,-0.487724036
7004,-0.0236771759,0.355349928
7005,-1.06173205,1.03908372
7006,-1.51430309,0.828097403
7007,-1.4936775,-0.828141034
7008,-0.306779385,-1.29808187
7009,0.952012002,1.4345783
7010,0.882122457,0.550058663
7011,0.0315038264,-0.219952255
7012,1.79799998,1.74931324
7013,0.11530862,0.567050159
7014,-0.506709456,-0.867475331
7015,-0.34971264,0.71663785
7016,-2.08444762,-0.302276641
7017,-0.502741575,1.6594311
7018,0.86340189,-0.0256828107
7019,-0.663383365,0.975120902
7020,-0.222394258,-0.920251012
7021,-0.609809637,-0.671511769
7022,-0.826727033,-1.03371477
7023,-0.897470355,-0.43112725
7024,1.01984048,-3.49961567
7025,-2.80854321,0.480476797
7026,1.05805123,-0.288318604
7027,-1.73421121,-0.856674492
7028,3.74237251,-1.7292558
7029,0.167646751,0.124267235
7030,-2.51126814,-1.63296318
7031,0.536539853,-0.268111289
7032,0.0135945836,0.160068616
7033,0.654495656,0.547545731
7034,-0.544326305,0.842118382
7035,0.782753229,-1.02181351
7036,0.114629045,-1.73339128
7037,-1.19823205,0.93870002
7038,-2.02926612,0.420228362
7039,-0.389303356,0.61875695
7040,0.504274487,1.11704051
7041,0.100692622,1.10915494
7042,0.440940559,0.796067417
7043,0.391472548,-0.563946843
7044,1.53498781,0.552427411
7045,-0.782501936,-0.894103885
7046,0.677488208,0.225251794
7047,0.0880806521,0.912113726
7048,0.510663927,-0.441021353
7049,0.364229798,-0.526551068
7050,1.58623183,-0.809657037
7051,0.265395939,-0.902873039
7052,2.60040879,-2.64361191
7053,-0.816544533,3.45605779
7054,0.0531944372,-0.195407465
7055,-0.153473645,-0.2673136
7056,1.20941663,0.513795793
7057,1.33302104,2.35635853
7058,1.20000446,0.173681691
7059,2.4510715,-0.626901865
7060,0.122794762,0.459272534
7061,-0.557228208,0.221560434
7062,0.653521001,0.475778729
7063,1.7207067,4.09640503
7064,1.34902048,-0.15291591
7065,0.196896434,0.17347838
7066,0.140987366,-0.164488479
7067,0.559616625,1.27458191
7068,-0.36744982,-0.166891068
7069,-1.23538506,-0.140733257
7070,-2.16682744,-0.285463214
7071,-1.0845356,-0.932435453
7072,-1.17861843,-1.57818282
7073,-0.184213459,0.0949024409
7074,-2.42239046,-0.990488589
7075,1.86362529,-0.216875419
7076,-0.469492942,0.267101854
7077,0.971851707,-1.59767032
7078,-0.91035825,0.670572281
7079,-0.92311126,4.07073498
7080,0.696586311,-0.0568867773
7081,1.26848531,-0.745869279
7082,-0.906926751,-1.80778837
7083,-0.424864292,0.0272957273
7084,-1.75266922,-1.91130841
7085,-1.95795691,-0.104312994
7086,-0.666241944,-0.024865957
7087,-0.55120331,-2.13096189
7088,-0.432055682,-0.102239594
7089,-0.25428462,0.177863449
7090,-1.50970495,-1.22929692
7091,1.465132,-0.876838326
7092,2.22914219,0.315133393
7093,0.130787939,1.74299741
7094,2.05975175,-1.04389024
7095,-0.309721529,0.105056964
7096,0.357416779,-0.853891671
7097,-0.35646829,1.62005913
7098,-0.814243019,0.114703253
7099,-0.181420669,0.163946494
7100,-0.108392321,0.856971383
7101,-0.647221148,0.52984798
7102,-0.636778295,0.667951703
7103,-1.59962237,-2.4728837
7104,0.383111507,-0.978851259
7105,-0.589054525,-0.326393485
7106,-1.02979577,-1.71857619
7107,-1.48555183,-1.81831491
7108,-0.576757252,-1.68313885
7109,-0.0992136598,0.339448422
7110,-0.76256144,0.724247634
7111,0.275524735,0.485447288
7112,0.11045865,-0.905538559
7113,1.21822774,0.938373923
7114,-2.01687098,-0.464372396
7115,0.528895319,2.05581474
7116,0.179288879,-0.0183402114
7117,0.669946373,-1.63477683
7118,-0.328967899,0.758356392
7119,-0.112418748,-0.356592059
7120,-0.242216796,-0.00135223323
7121,-0.452661097,0.713979661
7122,0.398918986,1.34284592
7123,0.185035855,-1.11956048
7124,-2.68582416,-1.24849784
7125,0.628366947,-1.32626474
7126,-0.250143766,0.0160535984
7127,1.10789001,0.820922136
7128,0.740234613,0.614565849
7129,1.35305274,-0.112704426
7130,-0.973090351,2.47079325
7131,0.554377913,0.022522578
7132,3.11607099,0.147341371
7133,-0.5474841,0.995638609
7134,-1.22162724,-0.0977581888
7135,-0.614422739,-0.0295677949
7136,-0.0827462971,-0.183887601
7137,-2.53340697,0.453778744
7138,3.26984787,3.05601382
7139,0.476388723,0.401165247
7140,-0.898895264,0.151540473
7141,-1.44117737,0.537560403
7142,1.16289318,-1.82571042
7143,0.690816343,-0.913611889
7144,-2.0873394,1.31562543
7145,0.733825982,1.14396465
7146,-0.78307265,-0.769313395
7147,1.07395637,-0.783696532
7148,0.0507848971,-0.208951265
7149,1.28500581,-0.891803503
7150,0.71717304,1.46976447
7151,0.834529221,0.427507937
7152,0.933351099,1.7667129
7153,0.188034147,0.387450814
7154,0.226715565,0.0608869791
7155,-1.2668947,1.6294359
7156,0.883697391,0.258863509
7157,-0.680325985,4.58011198
7158,1.84437883,1.22908676
7159,-2.03233433,0.0439069197
7160,4.52943182,3.14523387
7161,-1.17342687,-0.985917032
7162,0.478518456,-0.762820423
7163,-0.590932131,0.244502664
7164,-0.280776858,0.768691421
7165,-1.11258125,-0.34372884
7166,-0.00726880506,0.16491197
7167,-0.345564604,-0.253151238
7168,-0.775343835,-0.102782257
7169,0.189622238,2.06856561
7170,-0.0660185441,-0.289557338
7171,-1.13324714,-1.70783961
7172,0.100718886,-1.18400991
7173,-0.294994891,-0.115216278
7174,-1.65669107,0.906255484
7175,1.1211859,0.904060781
7176,-0.950206101,-0.49119857
7177,0.187978595,-0.594882786
7178,-1.72600138,0.0805128813
7179,-0.0849288851,-0.380506366
7180,1.32705355,0.712068379
7181,-0.414553195,-0.524703562
7182,3.14151716,0.614382744
7183,-0.332969636,-0.269763917
7184,-0.417936593,0.0027867842
7185,0.224850312,-0.551882923
7186,-1.72471189,2.13465333
7187,-1.54356444,-1.49323046
7188,-0.170065254,-0.0163319837
7189,-0.977964818,0.394873708
7190,-0.564751923,1.14534879
7191,-0.299340785,0.356394857
7192,-0.043960169,-0.750576615
7193,-0.0422172248,0.174803808
7194,-0.371511787,0.336792916
7195,0.979553938,1.06961501
7196,0.833373129,-1.64793265
7197,0.428469718,0.283140928
7198,-1.51128495,-0.457653433
7199,0.0964024141,-0.271459252
7200,-0.0694067851,0.164600477
7201,-0.342056692,-1.44123602
7202,-0.997082889,1.10730922
7203,-0.115500182,-0.0438323133
7204,-0.266168416,0.0352203883
7205,-1.51094675,0.311007351
7206,0.854097903,0.111838497
7207,2.35870433,1.42059243
7208,1.64749634,0.628395557
7209,0.3752096,0.688793063
7210,0.00499432674,-0.189517468
7211,0.376438558,1.23859787
7212,0.47500664,0.591643631
7213,1.27407455,0.121436492
7214,-0.501136541,2.27061415
7215,3.18064022,1.73021889
7216,-0.111728385,-1.24208868
7217,1.14327407,-0.335048467
7218,-2.88448143,0.279810905
7219,0.167389005,0.129329607
7220,0.666971862,0.533903062
7221,0.617249191,-0.341613859
7222,3.52425599,-0.861292124
7223,-0.627565801,-0.876617908
7224,-0.721552491,0.152845725
7225,-1.32407749,1.10082924
7226,-1.2766248,0.569757164
7227,0.691301525,0.719417751
7228,-1.00011802,-0.951410949
7229,0.191702664,0.436205864
7230,-0.579936922,0.581163645
7231,-0.342417449,-0.222379878
7232,-1.67950892,0.514872015
7233,1.05859518,1.95949411
7234,0.693899512,0.146099612
7235,0.136179671,-1.55209994
7236,-0.168544084,0.0155093865
7237,0.527298331,-0.149187103
7238,0.734666586,2.03355312
7239,-0.177379802,0.200486109
7240,-0.091080904,2.1985209
7241,1.07161999,-2.26986504
7242,1.87143874,0.0958136842
7243,-1.2502625,1.02789581
7244,-1.28469145,1.28223002
7245,-0.0103003439,-0.23049219
7246,-2.11099529,1.54135466
7247,0.897964716,-0.27020365
7248,0.321350783,0.103192441
7249,-0.886517823,0.322633326
7250,-0.015627725,0.466999829
7251,0.624228537,-2.31790662
7252,1.48410535,-1.13002563
7253,0.224261239,-1.65893531
7254,2.18328452,-2.52500987
7255,-0.161326006,-0.340472043
7256,-2.03313971,2.32412457
7257,-1.27279592,0.48210007
7258,-0.192751423,-0.0697788447
7259,-0.471491426,0.303679109
7260,-0.0482462682,0.605625749
7261,-1.01284277,-0.22958523
7262,-1.38508928,-1.16345632
7263,2.93494225,-0.673298597
7264,0.312704325,-0.163271546
7265,0.299278349,0.362484515
7266,1.32446647,-1.44737983
7267,1.27501488,-1.88538086
7268,0.5311445,0.0710400119
7269,-0.086012736,-1.69010031
7270,1.17523313,2.42756104
7271,0.31025514,-2.51533747
7272,0.173071414,-2.25908732
7273,0.158014283,0.502939761
7274,-1.04768765,-0.511591792
7275,0.700457335,-0.682539284
7276,-0.352039933,0.312636256
7277,-0.316919118,-0.805119574
7278,0.606051445,-0.854896724
7279,0.0791506022,-0.957133114
7280,-0.970642149,-0.0540072098
7281,-0.610333562,-0.728436947
7282,-0.743795812,0.076770559
7283,-1.92283654,0.55442369
7284,0.563114166,0.830733955
7285,-0.0176957622,1.45936918
7286,-0.494965374,0.416397363
7287,0.906116486,-0.397549689
7288,1.22503197,-1.77507174
7289,-0.522884965,-0.183852538
7290,0.289589673,-3.40479255
7291,-1.83569789,1.0557822
7292,-1.68925464,0.476914167
7293,-0.396917224,-0.667068958
7294,0.902636409,1.28000402
7295,-0.828548014,-2.00449395
7296,-0.883805871,-1.69377732
7297,-0.205948323,-0.557738543
7298,0.189445555,-0.0255159289
7299,0.547388494,0.858112574
7300,-0.58581537,1.19266689
7301,-0.685846686,-1.29738426
7302,0.29159984,0.713252485
7303,0.2066717,-0.504456878
7304,1.08488047,1.23870838
7305,0.205295205,0.768734932
7306,-0.0846403316,0.220818371
7307,-4.4999361,-2.32205558
7308,1.18621087,3.17293286
7309,0.677578926,-1.05741048
7310,-0.124074914,0.482829154
7311,-1.92363131,-0.440554112
7312,-1.7845068,0.852949798
7313,-0.0125888921,1.34449732
7314,-1.09205914,-0.474535197
7315,-1.43975163,1.40065908
7316,-1.56593382,0.954852521
7317,-0.669804633,-0.0686750263
7318,0.46583131,-0.978967309
7319,0.653212249,-0.644726396
7320,1.23010659,0.447581202
7321,0.222706437,0.385072023
7322,0.32808277,0.500298798
7323,-0.532693982,-2.08968616
7324,-0.355848253,0.993799746
7325,-1.5601958,-1.3293916
7326,0.512714624,0.0376612581
7327,1.72593355,2.9354949
7328,0.56144321,-0.629772127
7329,1.16387975,-1.25137687
7330,0.0479828194,-0.489177763
7331,2.93510675,-0.584675491
7332,1.2484535,2.7870543
7333,0.382583946,-0.776330352
7334,0.617630541,1.3177768
7335,1.19284594,-0.147342607
7336,-1.90798998,-0.504570067
7337,0.410788417,1.96012533
7338,-1.64480138,-0.338732243
7339,1.30444872,-0.408932626
7340,-0.381365687,-1.90517092
7341,-0.617870212,-0.570854545
7342,2.32501078,-1.08733797
7343,-1.40028512,0.731314182
7344,-1.38633156,-0.779137194
7345,-0.152293086,-1.49188018
7346,0.570974946,0.3562181
7347,-0.771673977,-0.246281832
7348,0.54839313,-0.575459599
7349,0.823734224,2.80850863
7350,0.0758057609,0.138928801
7351,-1.6193161,2.60304689
7352,0.515860677,1.57640266
7353,-0.223103806,-0.144560471
7354,-0.326020777,3.24245071
7355,0.489484757,-0.249944866
7356,-0.0494404472,-0.843951225
7357,-1.52668476,0.801578104
7358,0.0734106004,-0.137585834
7359,0.264474928,0.674412072
7360,-0.552300394,-1.5560075
7361,-1.99395072,-0.125585765
7362,-0.125862762,-1.11757779
7363,0.0428432971,-0.0625591204
7364,0.202619597,-0.30417493
7365,1.94797587,1.06876552
7366,1.65458977,1.91584086
7367,0.0733260065,-0.333353549
7368,0.101360291,-0.431325436
7369,0.720319927,1.16878378
7370,1.04184604,0.604246199
7371,0.148583204,1.39442706
7372,-0.210623965,-0.687931359
7373,0.464229465,0.622353494
7374,-3.12266684,0.781865776
7375,-0.00420889491,0.352263957
7376,-0.374678552,-1.1191864
7377,0.534665227,-0.0523190163
7378,-0.542949438,-0.543981016
7379,-0.317243695,-1.39938807
7380,-1.31835437,-1.01347506
7381,0.39994213,-0.220253676
7382,-1.35802901,-1.17502248
7383,0.683976889,-0.700742424
7384,-0.598027349,-0.337936014
7385,-0.178656042,0.127123997
7386,0.310976237,0.166219518
7387,-1.07248032,-3.541816
7388,1.49012899,-2.12246966
7389,0.522091866,-0.611195803
7390,-0.161579669,-0.7969836
7391,0.154144272,-0.543801606
7392,-2.62920713,2.75523877
7393,-2.51164794,-0.97779417
7394,0.761309028,0.839914024
7395,-1.59382308,-0.885507464
7396,-0.266668111,0.11988195
7397,0.143820778,-0.13369301
7398,-0.590923488,1.70535278
7399,-0.97468102,1.08076787
7400,2.75555873,-0.0424233451
7401,-0.547002196,-0.733373761
7402,0.0375016257,-0.312807411
7403,0.00453745434,-0.16156435
7404,0.406778991,-0.0531417318
7405,0.273829818,0.615917206
7406,-0.303514004,0.106429882
7407,0.797062814,-0.451647788
7408,-0.347671509,-0.00146821328
7409,0.758480966,0.263407528
7410,1.42778504,0.749056578
7411,-1.2054348,-0.884123862
7412,-0.778813958,-3.46603608
7413,0.362920463,-0.126240239
7414,-0.266265959,-1.64633548
7415,0.956670225,0.298605442
7416,0.0294315629,1.2551527
7417,1.10823607,0.065913856
7418,0.217957452,0.580725431
7419,0.553211093,0.994654298
7420,0.590902567,0.508003414
7421,1.13115418,-2.53152108
7422,-1.13079393,1.75605547
7423,0.249397457,-1.03223503
7424,0.314661294,-0.163435802
7425,0.672660112,-0.277114719
7426,-1.13807845,0.199020207
7427,-0.644513428,0.315644532
7428,-0.210411832,-0.52234745
7429,1.78658223,0.295667946
7430,1.24773026,-1.06181276
7431,1.23018038,-2.01721406
7432,-0.00691998657,0.608177304
7433,-1.8008436,-1.67177725
7434,-1.42012799,1.49155295
7435,-0.170624092,0.0824562684
7436,1.01729071,2.14369535
7437,-0.893068075,1.12425101
7438,-0.087713562,-0.936171293
7439,1.45894706,1.31707072
7440,-0.0425058417,-0.5498932
7441,-0.565773904,0.943495631
7442,-0.41239062,-0.166775405
7443,0.0992100984,-1.40235543
7444,-1.48127329,-1.00006819
7445,-0.825947702,0.166431248
7446,1.19145381,-0.322618365
7447,-0.207877561,0.162624508
7448,-0.528348148,-1.54689753
7449,1.85358918,0.363611162
7450,-1.71365488,0.00884425454
7451,-0.376346201,0.113765001
7452,0.921153188,1.59360337
7453,-0.836952388,-1.92026484
7454,0.338049471,-0.554433048
7455,-1.95252895,-2.3760705
7456,1.56087863,-0.165598288
7457,0.896471798,-1.02061093
7458,-1.13519716,-0.839876294
7459,-2.65069318,-2.94983625
7460,-0.10464599,0.800225079
7461,0.850335538,-0.641538262
7462,-0.397267014,-0.324414998
7463,0.517013729,-1.4555347
7464,2.35813308,-0.374713063
7465,0.188963205,0.039760571
7466,-0.123574965,-0.139085889
7467,-0.432767659,1.09862673
7468,1.30244911,-0.197555646
7469,-0.607482612,-0.57875514
7470,1.50721145,-0.232399389
7471,-0.215837345,2.96457267
7472,-2.18855333,0.0469794609
7473,0.657975495,0.243047103
7474,-2.07536721,0.0137638571
7475,0.0679868981,-0.194079101
7476,0.0823334828,-0.487436622
7477,-1.70556772,1.02806652
7478,0.248659328,-0.187024921
7479,-0.124762118,-0.413149804
7480,-0.783419669,0.145404488
7481,1.08242893,-2.01317453
7482,-1.88869417,0.443622053
7483,-0.701476872,-1.52770865
7484,-0.55353713,-0.523374557
7485,0.417707533,0.105962127
7486,-0.171977103,-0.0941172317
7487,-0.616428256,0.820757329
7488,1.05972123,1.79803646
7489,3.0464313,1.28338075
7490,1.45433414,0.0977660269
7491,0.35978806,-0.414272726
7492,0.594296753,0.533105373
7493,-1.34756911,-1.32716739
7494,0.287171245,-0.238902956
7495,-1.16538227,0.421871305
7496,0.84653312,-1.00782597
7497,0.027405994,-0.682703197
7498,0.970465302,1.53364277
7499,-0.633591175,-1.0820111
7500,1.06495118,-2.22587824
7501,-0.862071276,0.431168824
7502,0.3205356,1.60585427
7503,2.67863774,1.9987278
7504,-0.328673542,-0.617037237
7505,-1.02451146,2.23501205
7506,-0.885332406,0.864861846
7507,-0.735073984,-0.0931010097
7508,0.406643987,1.87577844
7509,-0.0952402502,0.427656591
7510,0.650051594,-0.144065663
7511,-0.185383379,0.595233679
7512,-0.0568864867,-1.03743184
7513,0.642998099,1.61835289
7514,-1.08924425,0.205043286
7515,2.66531038,-1.78428102
7516,-2.28785753,-1.85689187
7517,1.59261405,-1.35439444
7518,0.377775252,-0.908065796
7519,0.167882144,-1.33101296
7520,-1.5917443,1.12102151
7521,-0.0841637924,0.194212168
7522,-0.0453521423,0.160449833
7523,-3.56543159,-0.425036132
7524,0.088027522,1.52487183
7525,-0.042110648,0.838561594
7526,0.000819053501,0.235826284
7527,-0.655825436,-0.876345158
7528,-1.11347306,-0.702658594
7529,0.17169708,-1.15208554
7530,0.136933908,0.444297969
7531,0.0307105593,0.661729157
7532,-1.87613463,0.892787874
7533,0.156566262,1.43957114
7534,0.955670953,0.500320613
7535,-0.577531934,-0.334550142
7536,0.73732698,0.553303599
7537,0.373535603,-0.525674045
7538,-1.12305546,0.0872948393
7539,-0.0861740336,-1.26514578
7540,0.441251427,-0.327904463
7541,-0.207296059,0.376513034
7542,0.364494175,-0.0368198454
7543,-0.662499666,2.54250693
7544,-1.91774118,-1.04156196
7545,2.8138504,0.87136817
7546,0.688387811,-4.49679232
7547,-1.61313891,-0.315724492
7548,-0.940140784,0.88904953
7549,-0.68990469,-0.186668977
7550,0.86407578,-0.424094021
7551,1.50396836,1.69693673
7552,-0.030002242,-1.44790375
7553,-1.07243288,-0.998089075
7554,0.264276206,-0.941912115
7555,1.21930408,1.04637551
7556,-1.59742141,1.78967106
7557,0.577313066,-2.42967701
7558,-2.77829146,-0.546022177
7559,-0.125927672,-0.624773085
7560,-0.479773134,-0.590530396
7561,0.66208607,-0.591693521
7562,0.785913885,-0.218858764
7563,-2.23444533,-4.2394886
7564,-0.909512103,0.128261283
7565,-0.0829580426,-0.462544918
7566,-0.516984165,1.89460421
7567,2.12763309,0.814570606
7568,1.239856,0.807940841
7569,0.231143788,-0.867265224
7570,0.788942993,1.66846061
7571,0.327393025,1.58754182
7572,1.3594197,-1.37403572
7573,-1.54324841,2.2913022
7574,-2.21852493,-0.495622337
7575,0.995429695,0.507554352
7576,-0.444421321,0.809542477
7577,-2.26403451,-4.18163395
7578,-1.38097644,-0.804831445
7579,0.160931289,0.285259515
7580,-0.0566073619,0.262939781
7581,-1.36013794,2.14984679
7582,1.76011181,0.584658444
7583,-0.948809862,0.611453891
7584,1.53465557,-1.1335535
7585,-0.393686682,-0.907264113
7586,0.105735652,-2.4231081
7587,-1.2994734,-0.604552805
7588,1.00615489,0.821143448
7589,0.833868623,1.33991289
7590,-1.31970775,-1.47651386
7591,-0.205983758,-0.3093099
7592,-1.39955151,-0.450434446
7593,-0.0243116803,0.968675137
7594,0.151371017,-0.102800794
7595,0.71886766,1.63100791
7596,0.71064198,0.593570173
7597,-2.21977115,3.45791173
7598,0.0575483218,0.62771827
7599,1.98115885,1.16891921
7600,0.149016127,-1.68012369
7601,-0.820446551,0.00516155921
7602,-0.87071228,0.833491147
7603,-1.45397341,1.30405045
7604,0.825012445,0.174748987
7605,0.900535524,-0.0534521751
7606,0.273744613,-0.881698489
7607,-3.60887909,-2.94332623
7608,0.303480059,2.47597003
7609,-0.23715803,0.206109464
7610,0.432441831,0.0321475044
7611,0.728368819,0.636424184
7612,2.08992815,-1.02509034
7613,0.285128921,-0.525910795
7614,1.26037061,-1.08177006
7615,1.13508916,-2.47133255
7616,0.312355131,0.507136643
7617,-1.35737073,0.335021108
7618,-0.239612654,1.69642246
7619,1.03093135,0.139757305
7620,-0.359452724,-0.240429401
7621,-0.791397512,-0.028432915
7622,-0.808906972,-0.662976682
7623,-0.434021235,0.288657755
7624,-0.884041429,0.00737614557
7625,-1.57146621,0.328770757
7626,-0.322129041,2.68297243
7627,-0.85051918,-0.698819935
7628,-1.98414052,-2.1652298
7629,1.63906288,-0.644789994
7630,1.03436077,-1.96247351
7631,0.607302308,1.51714098
7632,0.512123764,0.24247326
7633,0.221956894,-2.13006592
7634,-0.0383544862,0.277223229
7635,-3.40216422,1.18068087
7636,0.56276536,-0.641272962
7637,0.5803653,0.854864776
7638,0.371439457,-1.79670751
7639,0.342612058,0.0215349253
7640,-1.041556,1.02670002
7641,-0.834831655,-0.600440562
7642,-0.409785897,-0.817434192
7643,-0.369226545,-0.923120081
7644,0.210180938,-1.79435003
7645,0.432937413,0.521414161
7646,0.891540825,0.623834014
7647,0.00723239034,0.579191804
7648,-1.34896874,-1.10475183
7649,0.689674973,-1.95461333
7650,-0.0461076908,0.320833921
7651,-0.182745978,2.23292708
7652,1.17198586,-0.0827938393
7653,2.51718521,0.088420175
7654,2.84781671,0.836139679
7655,-0.369946092,-0.669266582
7656,0.15102312,0.204912543
7657,0.669059217,0.582782626
7658,-3.52067971,-1.66539323
7659,-2.69759965,0.938380241
7660,0.894095838,1.13615572
7661,0.86277312,-0.145411938
7662,0.226682588,0.591377914
7663,1.06107938,-0.648622453
7664,-0.238167062,-1.04508793
7665,-0.39633134,-0.18188265
7666,-2.03001428,0.801876605
7667,-0.727829576,0.267254949
7668,0.25215137,-0.202659622
7669,2.63043308,-1.26329291
7670,0.367310375,3.03747129
7671,-1.92054367,0.144391701
7672,0.62651825,0.261100262
7673,1.05899787,0.2845411
7674,0.0169569012,-0.167853668
7675,-0.0649108961,0.907800496
7676,-0.640614629,-0.452040225
7677,0.0750532299,0.872605801
7678,-0.867355108,1.75043499
7679,-0.383055866,0.179539531
7680,0.237588882,0.186291859
7681,-0.478056818,0.657221735
7682,0.142655686,-0.173567668
7683,2.55715895,0.128013328
7684,1.79036772,-0.535865188
7685,0.877920866,-0.329596668
7686,-1.62657022,0.754879594
7687,-0.524480164,0.29882434
7688,-0.981726408,0.0716295019
7689,1.87715936,-0.395816416
7690,-0.986655414,-0.810943544
7691,-0.330812633,-5.00618649
7692,0.254781157,0.832155406
7693,0.298807919,-2.54273176
7694,-0.265308976,0.959818065
7695,1.0975486,0.458343863
7696,0.012770731,-1.27564108
7697,1.487203,-1.80285573
7698,3.57472062,0.490157008
7699,0.1600869,-0.00946656708
7700,0.111243516,0.540824294
7701,-0.522367477,-0.3152394
7702,-0.709955394,-0.613853097
7703,-2.04037905,2.34681582
7704,-0.196863234,-0.299176425
7705,-1.26441801,-0.447327614
7706,-1.64233732,0.194984034
7707,0.259183168,0.305713296
7708,0.356456518,-0.38872546
7709,-0.466019601,-1.18336332
7710,-0.244219854,0.232913584
7711,0.720248044,-0.573984027
7712,-1.44744408,1.72854364
7713,0.365030199,0.89286983
7714,1.18584824,0.90376997
7715,1.69451118,-0.373807669
7716,0.275042564,0.179630175
7717,-1.49745238,-2.68747759
7718,-0.724018455,-1.98110259
7719,0.273828059,-0.0133141959
7720,-0.0802613348,-0.272910297
7721,-0.548753142,0.023781389
7722,0.452279478,0.903453588
7723,0.0765041113,-0.504355788
7724,-1.25031233,0.0270473734
7725,1.52146649,-1.717978
7726,-0.225946173,0.527148366
7727,1.48622346,-3.8324635
7728,0.0202021115,-3.43230534
7729,-0.410500616,-0.00569723034
7730,0.725148022,2.11099863
7731,0.314978361,-0.0396899916
7732,-0.435499728,0.0113527691
7733,-0.50106734,2.9461422
7734,0.0131705031,-1.8334291
7735,-0.396454155,-0.389219075
7736,-0.101946503,1.57114089
7737,-0.171389058,0.659183204
7738,0.781558752,0.0658596829
7739,-0.385661215,1.44547057
7740,0.689706266,0.498526245
7741,-0.0496078283,0.655240297
7742,-0.759438038,-0.893196821
7743,0.0390167274,0.137722895
7744,-2.38863301,-0.0669046566
7745,-0.345636904,-0.132628024
7746,-0.341808796,0.471062809
7747,-0.194978103,-1.97859955
7748,1.97150946,-1.22021294
7749,1.68108499,0.0331141017
7750,2.94133663,4.22538519
7751,-1.60614252,0.0932417586
7752,0.618603289,0.297193199
7753,-0.837391257,0.312395543
7754,1.47384596,-0.440576822
7755,-0.0890304074,0.565863669
7756,0.455929279,0.0729706511
7757,-1.85632634,0.244437024
7758,1.24096358,-0.686033189
7759,0.922444463,3.49776649
7760,-1.37631667,-3.04142332
7761,-1.19689357,2.85880351
7762,0.392986625,-0.998264968
7763,2.29766822,1.34801495
7764,2.3734107,-0.333991498
7765,1.85528934,-1.33883405
7766,0.169746667,-0.932554543
7767,0.222131073,0.806464672
7768,-0.564942718,-0.134337649
7769,-1.47815907,2.20866776
7770,2.91114593,0.39161545
7771,-3.32940292,-0.249933645
7772,-0.530256033,-0.155100927
7773,1.51019025,3.01950765
7774,-0.914134741,1.16489053
7775,-0.228603184,-0.635308743
7776,-1.86177289,-1.8483026
7777,-0.544240236,2.47810221
7778,-0.71007818,-0.40695405
7779,0.517462671,1.1182394
7780,2.62792468,0.831503749
7781,0.483662844,-0.817652643
7782,-1.40552545,-0.156242579
7783,-0.639959812,-0.431742758
7784,2.25865722,-2.33718681
7785,-0.194329336,0.110397093
7786,0.347526431,0.597568691
7787,-0.651671171,1.66376579
7788,-2.40548468,-2.05779958
7789,-0.00215532514,-0.0465517268
7790,-1.60446119,-1.43903279
7791,0.624530435,0.34226343
7792,0.103850253,-0.813102365
7793,0.268593252,1.30375278
7794,-0.257362217,0.148573697
7795,-0.0737376586,-2.19151163
7796,-0.805274129,-1.84202468
7797,0.382639199,-0.213800535
7798,-0.768927097,-0.500145197
7799,1.18849647,1.28692997
7800,-3.16422272,-0.746628881
7801,-0.883750975,2.22728181
7802,0.00408567535,-0.185085535
7803,-2.78692389,-1.5762707
7804,-0.812111259,-0.476018488
7805,-0.861267984,-0.147285461
7806,-1.00712812,0.0784106925
7807,-0.804151595,1.41305745
7808,0.182266906,-0.396387696
7809,0.0245716944,-0.53892833
7810,0.457939446,-0.114584982
7811,1.83776152,0.308759153
7812,0.819179893,-0.0108060548
7813,0.60196799,-0.575366437
7814,0.924088955,1.19353771
7815,0.940169752,-0.264679462
7816,0.063703008,-0.385528803
7817,0.761210561,1.28968108
7818,0.706754327,-0.177351266
7819,0.968094587,0.961985707
7820,-1.7423197,0.624829829
7821,1.82194746,-0.551899493
7822,-0.232829168,-0.107784048
7823,2.01797819,-1.05002415
7824,1.02131367,-0.520194471
7825,2.01291323,-0.502619505
7826,-0.0101248156,-0.489982545
7827,-1.33050323,-1.11058581
7828,0.728957474,0.689468384
7829,0.364532888,1.20189726
7830,0.039713949,-0.687622786
7831,0.148206592,0.0897115543
7832,-3.44032788,-0.338329643
7833,-0.916763365,2.96801639
7834,1.18156576,1.75098121
7835,2.34996963,-0.274802387
7836,0.140103862,-0.180700377
7837,1.38325989,-0.718358457
7838,-0.560388923,-0.393743694
7839,-0.0977321565,-0.135576099
7840,-2.26329613,2.08973932
7841,0.803444564,-1.78980827
7842,0.134784624,-0.535499871
7843,0.967539191,1.70522273
7844,0.417239398,2.35473633
7845,-0.653576195,-0.390225679
7846,0.175926328,-0.116543733
7847,-0.666299105,-1.12618029
7848,1.74531257,-1.41524863
7849,0.544353127,-0.187115684
7850,0.0116933389,-0.349720925
7851,-0.0319291689,0.314069211
7852,-0.0344633125,-1.38654029
7853,-0.388852775,0.116284952
7854,-1.57384837,0.745792329
7855,0.749503672,-0.31250298
7856,0.22379677,-0.404266924
7857,2.51524663,1.13834262
7858,-0.207007721,-2.46662569
7859,0.019702429,0.609479129
7860,-1.33138633,1.54606211
7861,1.80216634,0.751031697
7862,-0.611237347,-1.50816798
7863,-3.43465924,1.36019158
7864,-0.0855587125,0.396125108
7865,-0.735355675,0.172602519
7866,-1.47510171,1.53973234
7867,-0.622301757,1.22439897
7868,1.81747746,0.978369176
7869,-0.652235746,-0.992345512
7870,-0.349125415,1.92654073
7871,0.985129654,-1.34696352
7872,1.30885088,-1.9470315
7873,-0.848125398,1.43378627
7874,-0.934220672,-0.185565367
7875,0.161639288,-0.283505529
7876,-0.797622979,-1.38587308
7877,0.975634634,-0.082447961
7878,-2.7239964,1.22844672
7879,2.08115363,1.00104249
7880,1.1687876,-0.386609942
7881,0.235231668,0.325035304
7882,0.509202898,0.0799501464
7883,-0.0514049195,-2.09913731
7884,0.612780511,-0.159805506
7885,2.04327941,0.238571763
7886,-1.76057196,-0.99428612
7887,-0.159648806,0.584019065
7888,0.965967774,0.525720656
7889,-0.025388116,-0.346636057
7890,-0.331044942,0.397289097
7891,-0.22387059,0.236825928
7892,-0.394894153,-0.622322083
7893,-0.850456953,-0.0857457146
7894,0.39944303,1.22083616
7895,0.0916218236,-2.21392369
7896,-1.010625,-0.0995666534
7897,0.687806427,-0.205985963
7898,1.24969363,-2.86635852
7899,1.23220217,1.96147168
7900,0.27213046,-0.802605271
7901,2.71758628,2.13449383
7902,0.492224008,0.151617572
7903,-0.262783676,-0.164251298
7904,0.0668655783,-0.0724684
7905,-0.748386443,0.410233527
7906,0.489436507,-0.247789532
7907,0.956122518,-0.422508925
7908,-1.27732503,-0.829968572
7909,0.477951765,-1.01806211
7910,-0.531852305,0.750820279
7911,-0.253775537,0.0558123961
7912,0.570722103,0.637551129
7913,-0.318140954,-0.307847321
7914,-0.276951283,0.648092389
7915,1.49701071,1.2835896
7916,1.82765961,-1.15939128
7917,-1.31785452,-0.902100027
7918,1.44140053,-0.45584774
7919,2.43594933,0.182937726
7920,0.00893722754,0.297102004
7921,-0.505575359,-0.817566633
7922,0.392370522,0.814294159
7923,0.282178909,-2.38362932
7924,-0.352957666,-0.7293998
7925,-0.161685333,0.278192699
7926,1.04062688,-0.567976058
7927,-0.473476529,1.97316921
7928,-1.22315276,-0.472606212
7929,-0.441520602,-0.189514115
7930,-0.393540621,0.968560696
7931,0.24550721,3.58623314
7932,0.777034819,0.96993202
7933,-2.59998894,1.03197062
7934,-1.00878215,-1.9356128
7935,-0.864428997,1.03817737
7936,-1.81653774,-0.95256424
7937,-1.80693555,-0.0843868032
7938,0.297201037,-0.278834641
7939,-1.69259059,-1.79291165
7940,-1.47936404,-0.0674162731
7941,0.9472664,0.0837654248
7942,-1.0114603,-0.280174851
7943,-1.7213577,-2.4654479
7944,0.29897067,-1.18437386
7945,0.171576217,0.576617479
7946,-0.353134125,0.946546078
7947,0.392268687,-0.105889924
7948,0.501304865,-1.31482279
7949,-0.52118969,0.583611608
7950,0.820270836,0.27505964
7951,-0.0347215571,-1.03970778
7952,-2.13320303,-2.671736
7953,-0.231482014,-0.146351457
7954,-0.294597358,-0.279938608
7955,2.73709655,-1.45658171
7956,-1.38530803,-0.0994142368
7957,-0.390046686,0.728058457
7958,0.422193199,-1.48540616
7959,-1.40106022,-0.564876437
7960,2.21490026,-0.902583122
7961,-0.564508438,-0.487848729
7962,2.54005957,-1.4398675
7963,-0.282328814,-1.80431259
7964,1.40844572,1.12864792
7965,1.39026427,3.1236043
7966,-0.483356029,-1.6839267
7967,1.04376507,0.0613411404
7968,0.161596641,-1.05312204
7969,1.77614582,1.25120592
7970,-1.58544636,0.0382768251
7971,-0.604034781,-1.29617047
7972,1.27710974,-1.32774734
7973,0.0115062324,-1.88182855
7974,1.13323855,0.695204258
7975,0.179437056,0.0328093357
7976,-0.0637378246,0.201353014
7977,-1.12257934,-0.0851583332
7978,2.96838689,-2.23813057
7979,-0.0764034614,3.04242349
7980,-1.13873065,-0.481660873
7981,-0.31709981,1.42000198
7982,-0.0142519958,0.21253854
7983,2.79812837,0.263950467
7984,-0.397292435,1.99909031
7985,-2.03292346,2.08557916
7986,1.80675781,0.0584149212
7987,-1.62719858,-0.80271697
7988,-0.734258831,-2.96852064
7989,1.27232254,-0.125938401
7990,0.909499407,-1.80212116
7991,1.35481954,1.4623847
7992,-0.119575083,0.360492796
7993,2.14127636,0.436461419
7994,-0.381056577,-0.0267723929
7995,-1.10710168,-0.0591455288
7996,-0.375818521,0.229121715
7997,0.133018613,0.133575618
7998,-2.17242122,1.03098154
7999,0.443911761,2.33770752
8000,-0.761977792,-2.02587199
8001,1.02659929,2.12857127
8002,-0.623833776,-2.14669085
8003,-1.85205519,0.370144069
8004,-1.23153079,0.884347916
8005,0.606415689,-0.0385151096
8006,-0.60194236,-0.73906374
8007,0.0577296503,-1.78748441
8008,0.124954656,1.99359381
8009,0.594780266,3.4047513
8010,0.815748155,-0.195191935
8011,-1.13607752,0.932667911
8012,0.77517575,0.791555822
8013,1.51531565,-0.620300531
8014,-1.42921185,-1.05896842
8015,-0.96385479,-1.0946672
8016,1.45204449,0.118540622
8017,-1.38592982,-0.292145282
8018,0.31206435,0.779064357
8019,0.283770651,-1.58767986
8020,0.953869164,-1.11699891
8021,-0.968027174,0.39436698
8022,-0.22581099,-0.861866474
8023,0.522682369,1.17655909
8024,-1.66757417,-1.51787066
8025,-1.11013579,0.372240186
8026,-0.164914489,-0.65060854
8027,-2.54627776,-1.32488346
8028,-0.21126765,2.60454607
8029,0.339834213,-0.129272193
8030,-0.805905581,-0.231849849
8031,0.613481641,2.26571679
8032,0.5782426,-2.39665723
8033,1.61642492,-0.289333403
8034,-1.33384299,2.10524583
8035,-1.64700627,0.53850472
8036,-1.668347,1.48995245
8037,0.132769495,0.271053553
8038,0.33133772,-3.02591276
8039,-0.37554729,0.183016792
8040,-2.1256144,-3.75001121
8041,0.0570563078,0.275155813
8042,-2.05696058,0.640509844
8043,0.153175145,-0.080278635
8044,-1.57468069,-1.08998108
8045,1.68529594,2.52065778
8046,-0.22079289,3.00913501
8047,0.237983063,-0.188528314
8048,-0.241741583,-0.0357672945
8049,0.930598021,0.342867821
8050,0.142681882,0.638049483
8051,0.0188238975,-1.36349416
8052,3.14820242,-0.925481558
8053,1.44689453,0.49084869
8054,0.0995990112,0.578866124
8055,0.701592624,0.385557383
8056,-0.0374439247,-2.01743746
8057,0.624655247,-1.52546144
8058,-0.208679497,0.561300874
8059,-2.13855267,-1.85413444
8060,0.431739211,-3.67749906
8061,-1.16935349,-0.173922926
8062,0.156020343,-2.28216267
8063,1.34255505,-0.233987868
8064,0.00322297961,0.520215809
8065,1.73234642,1.46499515
8066,-0.631114841,-1.38852942
8067,1.90183854,-1.4220506
8068,-2.16569376,-0.0420443751
8069,-2.48613429,-2.55254579
8070,0.912839413,1.99411535
8071,0.974247217,-0.157413632
8072,-0.838080287,1.41893911
8073,1.49442065,-0.928505361
8074,0.407262892,-1.40632582
8075,2.58857679,3.98547649
8076,0.146980286,-0.540580392
8077,-0.810020387,-1.31394839
8078,-1.08384836,1.72933638
8079,-0.157179341,-0.296827197
8080,-0.094705008,-0.590515077
8081,-0.764398575,-0.497769892
8082,-1.97845995,-1.766644
8083,0.387393832,-0.795005262
8084,0.448606312,0.764407516
8085,-1.47765994,0.129807889
8086,-0.968895733,-0.299132675
8087,0.0365814045,1.15365112
8088,1.70860577,-0.623896301
8089,-0.125531599,0.296563268
8090,-0.563291311,1.14894044
8091,-0.645323634,-1.25975573
8092,-1.33828318,-0.396122217
8093,0.320957184,-0.541953027
8094,0.714890301,1.01102448
8095,-1.62280619,-0.937407434
8096,0.024433855,0.144445285
8097,-2.05847383,-1.69811463
8098,0.631101072,2.63718128
8099,0.405885279,0.452610999
8100,0.548520207,0.455454737
8101,-1.72552288,0.59644419
8102,1.57267869,-0.128281698
8103,-2.51765847,1.3947984
8104,-0.567936957,1.01214361
8105,2.96578646,-0.98719734
8106,-0.529221714,-3.16584992
8107,0.244868502,0.928100049
8108,-1.24640822,-1.93322885
8109,3.51194286,1.32386827
8110,-0.250403821,0.126068026
8111,0.266743362,0.391723454
8112,0.147802353,-0.237806484
8113,-0.519181728,0.218008041
8114,-0.075602144,-2.41131997
8115,1.06062329,-0.990850151
8116,0.593610823,2.03497529
8117,0.603550434,0.128447384
8118,0.118599266,0.103592873
8119,0.881866634,-0.446197927
8120,-0.678087533,-1.8192488
8121,-1.09491289,0.501492858
8122,0.999203146,0.462582737
8123,-0.891491652,-0.972216249
8124,-0.52733326,-0.874103069
8125,-0.640448749,-1.30410278
8126,0.0390460081,-0.20685418
8127,0.53387922,1.00407004
8128,1.04833806,-0.638255596
8129,0.333218694,-1.6997
8130,-1.13184106,-0.735357463
8131,0.559553206,1.6447401
8132,-0.530378401,1.3383702
8133,1.37225521,2.30553126
8134,2.38819933,1.41034365
8135,-0.976355612,-0.434126139
8136,0.697167695,2.06288958
8137,-0.898130476,-0.778604865
8138,-0.296031684,-0.896557808
8139,0.0488317572,2.18609571
8140,-0.429386258,0.216896906
8141,-1.82767653,-1.32548559
8142,-5.02991676,1.71907759
8143,-0.745271444,1.66947865
8144,-0.210992634,1.49724388
8145,-1.05067611,1.05892015
8146,-0.776593089,-0.674956024
8147,-0.988685012,-0.623293996
8148,-0.618448019,0.978853583
8149,-0.518617153,-1.24069464
8150,0.263458282,-1.6348449
8151,-2.83539391,-1.52292681
8152,0.454571873,0.697296798
8153,-0.465912014,-0.413153261
8154,0.604041517,0.418602705
8155,0.119773462,-0.140402898
8156,-0.143068671,-1.80187297
8157,0.386516064,-0.543438673
8158,0.195240453,-0.367771506
8159,-1.40186226,-1.91541827
8160,-1.05572212,-1.22016287
8161,-1.85857832,-0.0964735746
8162,-0.736415923,0.900195718
8163,-0.538408995,1.22960532
8164,0.276926279,-0.0257741306
8165,0.315249383,-1.35208523
8166,0.426010668,2.44476247
8167,-2.15266919,1.74950457
8168,0.347215921,1.56942987
8169,0.901219845,-1.07895136
8170,1.41602135,0.769897938
8171,1.06398523,0.0204674937
8172,-0.951751173,0.419840753
8173,0.234013051,1.23166919
8174,0.567506254,-0.35325101
8175,0.0156136472,0.614646196
8176,-1.35384905,1.99316907
8177,-0.495068341,0.692957401
8178,0.478661627,-0.206956863
8179,-0.865312397,0.208058402
8180,-0.616596878,1.53730381
8181,1.12266481,0.275696695
8182,0.174060479,0.574236989
8183,0.72607708,-0.98454994
8184,-0.551790059,3.5039165
8185,-0.330449402,-0.102913253
8186,-0.27120012,1.05006611
8187,-0.280859381,-0.785035551
8188,0.623734772,-0.0401268229
8189,0.142848045,-0.377810419
8190,-0.518399298,0.167557299
8191,-1.61100364,-0.442430764
8192,-1.42162681,-0.650046349
8193,-1.1954602,2.06996965
8194,0.462718368,-0.619573593
8195,0.720691681,0.17305021
8196,0.497197002,0.793402612
8197,-0.333593786,-0.51118654
8198,0.133125961,-0.11547903
8199,-0.107149966,-1.45477581
8200,-0.636542439,-0.0813535601
8201,0.748796225,1.28590178
8202,-2.73988533,-1.34315586
8203,1.57656384,-0.105386928
8204,-0.410569817,-0.110922158
8205,-0.830324471,2.07590914
8206,0.461516529,2.57467461
8207,-0.165012807,-1.57747459
8208,0.387109011,-1.44453049
8209,1.22428596,-1.13620877
8210,0.277904987,0.0983387455
8211,1.2025553,0.218681306
8212,0.480189353,-0.46892193
8213,-1.01097929,-0.0100970175
8214,-1.54318452,1.56645465
8215,0.127827391,-1.21161938
8216,-0.187185481,0.108036712
8217,0.113899328,0.609760523
8218,0.247637406,-0.850841165
8219,-1.06198561,-2.81204391
8220,-0.397273868,-0.911866307
8221,1.47890007,2.03105021
8222,0.958442748,-0.832202077
8223,-0.488828093,0.568894088
8224,-1.91688073,2.2978735
8225,-0.32385838,0.41585651
8226,0.521344125,3.40421128
8227,1.1237483,1.09934461
8228,-1.84385276,0.24858357
8229,-0.0214998256,0.0770187676
8230,0.551301718,0.884997845
8231,0.88638556,-0.362525165
8232,1.34514511,-0.516038299
8233,-1.62899578,0.806572437
8234,-0.653301716,-1.12879181
8235,0.288727254,1.74606264
8236,3.34937835,-3.09548378
8237,-1.51235998,1.65626752
8238,0.198995531,-1.24502683
8239,0.65944922,1.24109244
8240,-1.29895413,1.13126373
8241,-0.47915104,-0.459966719
8242,-1.1306535,0.349199563
8243,-0.0835976452,-0.163586766
8244,-0.129258767,-1.5496496
8245,2.13172817,-1.70174861
8246,0.670291483,1.33015525
8247,1.57377779,1.68637764
8248,0.144444197,-0.042313993
8249,-0.130265847,0.4736633
8250,-0.318930179,0.236424118
8251,0.706204832,0.0012328279
8252,-0.135761887,-0.0638775229
8253,-0.290987968,-0.073464863
8254,-0.854815066,0.824438632
8255,-0.00297971163,-0.504184723
8256,0.341627806,0.0651373565
8257,-2.54937983,0.647210836
8258,-0.125634357,0.386821598
8259,-0.690992296,-0.320341945
8260,0.577535808,-0.789317846
8261,1.32876003,1.16169441
8262,0.04941063,0.825304866
8263,0.100003481,-0.479234546
8264,-0.492548972,-0.150812879
8265,2.33581018,-1.05491292
8266,-1.45849442,-2.25941133
8267,1.7605046,-0.163596138
8268,2.77695179,-2.25607061
8269,-1.54333234,-0.338029683
8270,-0.237395585,-0.150602475
8271,-0.170106843,-0.317570925
8272,-0.229892179,-1.00500405
8273,-3.87880635,-0.191260234
8274,0.442588478,0.669128478
8275,-1.09712386,0.0526142158
8276,-1.30328727,-0.562893927
8277,-0.588996112,-1.26798201
8278,-0.131306559,0.643413067
8279,-0.523834646,0.730157733
8280,-0.025225142,0.709897697
8281,0.864892364,0.977535963
8282,0.680240631,1.60163319
8283,-0.45037809,-1.44286346
8284,-1.58451986,-0.30468595
8285,2.30601025,-0.150135159
8286,1.34554529,-1.93123579
8287,-0.26807332,-0.231864035
8288,-0.655350149,-1.75953221
8289,-2.98264217,-0.672527492
8290,-1.77691853,0.123287939
8291,-1.42476153,-0.809902668
8292,0.351863354,-0.0562724993
8293,1.39707637,0.0520554706
8294,1.5421052,-2.25204492
8295,2.11786485,0.124172978
8296,-1.0313729,-1.25721788
8297,-0.0768387392,-0.924895942
8298,0.601212859,0.737030864
8299,0.896651745,0.342645377
8300,-1.47181296,-1.2217114
8301,1.39785802,0.819157422
8302,0.0852396935,-1.45372427
8303,-0.123136163,0.73160255
8304,-0.741871834,2.1575613
8305,1.93412995,0.754559159
8306,1.80209124,-1.76154149
8307,0.521405339,0.73477596
8308,-2.64322019,-0.274957925
8309,2.53156352,1.29800773
8310,-0.170327276,-2.73015547
8311,0.0821433142,0.325751156
8312,-0.152495846,2.13411593
8313,0.619831622,-0.0556069762
8314,1.95527506,2.77802682
8315,-0.119614385,0.320228696
8316,-1.36809182,0.62155515
8317,-0.190329671,0.016258385
8318,-0.0550593212,0.315319598
8319,0.358391017,1.6657728
8320,0.01309908,-1.86829615
8321,1.300933,2.34148908
8322,3.65252328,2.17630196
8323,-1.00411296,-1.39907849
8324,-1.4181211,-1.68531644
8325,-0.851907372,-3.01437736
8326,0.130550012,0.51513195
8327,-0.710451543,0.982069492
8328,2.68798971,-0.328360558
8329,0.00150365208,0.389101952
8330,0.991297781,-0.557604313
8331,-1.74798501,2.01419282
8332,-0.222984239,2.01921988
8333,0.636330664,-0.85576719
8334,0.707360089,-0.571048796
8335,3.71572185,-0.289904714
8336,-0.746434689,0.809954166
8337,-1.43967474,-0.274124891
8338,-2.23588467,-1.38158226
8339,-0.912051618,0.0320430696
8340,1.19310713,-0.578474164
8341,-0.70663774,0.88783896
8342,-1.04862869,-0.99255693
8343,2.98328829,1.38933134
8344,-0.25325799,-0.446309149
8345,-0.251607835,-2.90698457
8346,0.0701608509,-0.940706432
8347,0.906423211,1.20840144
8348,-0.0511686057,-0.376304418
8349,0.140118793,-0.915050805
8350,0.0710355937,0.407698214
8351,-0.0560460649,-0.930680811
8352,0.515141189,0.408713311
8353,2.62526464,1.85530937
8354,1.3696115,-0.831565559
8355,0.486106813,0.909830034
8356,-0.0132184327,-0.0497984663
8357,-0.670426369,-1.33080161
8358,-0.123330452,0.17042315
8359,-0.183075473,-0.254336864
8360,-1.31061828,0.532386661
8361,1.66983426,-3.81405091
8362,-0.219881162,-0.20096007
8363,0.20589003,0.833788157
8364,0.679836452,-0.335360736
8365,-1.15243781,0.53028518
8366,-0.83497107,0.100685835
8367,0.0616180636,-0.188241377
8368,0.444258124,0.17440708
8369,0.466733575,-2.18733382
8370,0.714852989,1.24777508
8371,-0.865755737,1.07613242
8372,-0.652009904,1.82266712
8373,-1.36294234,-0.429298967
8374,0.015539187,0.380329579
8375,1.90771842,3.61107111
8376,3.35554767,-0.167413741
8377,0.429757893,1.59587288
8378,1.34291756,-1.34841537
8379,-0.160312787,-0.128244698
8380,-1.98237562,-1.36890829
8381,0.351634711,-0.593419313
8382,1.08533859,0.917118788
8383,-1.37777007,1.45157146
8384,0.589675844,-2.3906045
8385,-2.17712212,0.0532429181
8386,-0.371631563,-0.184078649
8387,-0.685952127,-1.18206573
8388,2.03404355,1.22026742
8389,0.501783192,0.55156827
8390,1.75958371,-0.51380688
8391,-0.235332936,0.242938831
8392,-0.208561361,-2.34717488
8393,-0.868955255,1.06762099
8394,-1.35839105,0.675051928
8395,-0.177943975,0.0266019963
8396,-0.600042999,-0.279762983
8397,-1.67460907,-0.630327761
8398,1.18133426,0.180389613
8399,-0.877523363,1.47194552
8400,-0.596911967,-1.44763529
8401,-0.155456081,0.384375185
8402,-0.974484742,0.0285120867
8403,-1.26573169,-0.782072961
8404,-0.0744759142,-1.4142226
8405,-0.876865506,-2.12932611
8406,-0.306603223,-0.239985317
8407,-1.77411759,0.816234529
8408,-3.82323742,1.03325689
8409,0.947273612,0.874042332
8410,-2.11369395,-2.04478335
8411,-1.65330791,-0.718075573
8412,1.0976932,0.513475418
8413,-0.72745353,-0.75833863
8414,1.42304647,-0.425729483
8415,-0.189812303,-0.0659332499
8416,1.21490765,1.2207396
8417,1.0267247,-1.03487861
8418,-1.19528854,-2.17824268
8419,-1.38529801,-1.1592778
8420,-0.0864962414,-1.48576021
8421,3.33781433,1.65792263
8422,1.60552001,-0.618750095
8423,-2.06087613,-0.92542398
8424,-0.64048481,0.430097044
8425,1.34943044,0.252590209
8426,0.282422721,0.155908421
8427,-0.084890306,0.256008118
8428,-0.369459867,1.73866558
8429,-0.291889429,0.0479216091
8430,-0.844735324,0.944331527
8431,-1.33395433,-1.21267366
8432,0.0737198517,3.55623531
8433,0.759973049,-0.662737548
8434,0.926625729,-0.457468331
8435,1.40787661,-1.50061619
8436,0.224173963,1.11021399
8437,0.364132196,0.864402115
8438,0.551721215,-1.51248491
8439,1.49854314,0.721846461
8440,-0.29292801,-0.133304372
8441,-1.38377047,-0.249736756
8442,-0.399486423,-1.58816075
8443,3.07460356,-0.982349753
8444,0.109197937,-0.844208479
8445,0.240399241,1.71131086
8446,-1.84216487,-3.06873226
8447,-0.86009568,-0.805910468
8448,0.539671302,0.166493684
8449,-2.45714211,-2.29002833
8450,1.32176304,-0.629020929
8451,-1.88996553,-1.00150895
8452,-1.09996819,-0.992986083
8453,-0.779611468,0.731691241
8454,0.935653508,-0.747157872
8455,0.223585427,-1.15124691
8456,-0.213144809,-0.440591425
8457,-1.43702519,0.285738409
8458,-1.23503208,0.0878621489
8459,-0.502678871,1.67745984
8460,0.145963728,0.503698468
8461,-1.34909713,0.52620244
8462,-0.00134431792,-0.485861123
8463,0.367279232,1.56044114
8464,1.04798806,-1.10914731
8465,-0.889002442,0.973784268
8466,-0.0391060784,0.772949457
8467,-2.55778098,-1.21899962
8468,0.1495267,-0.428078085
8469,0.242442355,-2.72244453
8470,0.361149222,-1.32061934
8471,-1.4512279,0.655258238
8472,0.625474334,-0.446139663
8473,0.184289157,1.39481139
8474,-0.139759287,-0.167849213
8475,1.6490953,1.60325921
8476,-1.20771611,0.188503772
8477,2.32823062,-0.574543893
8478,1.25981283,-2.0585494
8479,0.409429133,0.29638505
8480,2.36477566,-1.54978013
8481,-3.81510234,-0.26478073
8482,-0.0231888294,0.333594054
8483,-0.494738847,1.7594229
8484,-1.85932028,2.17430758
8485,0.86229527,2.01852083
8486,-0.0939673707,-0.407373399
8487,0.344611973,-0.67504102
8488,-0.140065014,3.7285893
8489,-2.01208901,-0.351634383
8490,-0.0633680075,0.37125048
8491,-0.924175799,-1.08871782
8492,0.291000485,-0.391823441
8493,2.16453314,1.77293384
8494,1.17463171,-0.635957479
8495,0.641905844,-0.32443282
8496,-0.231191278,-0.438813716
8497,-0.831072867,1.72749317
8498,0.243305609,-0.819258213
8499,-0.476450235,0.232973307
8500,2.17456317,0.0807034522
8501,-0.654153466,-0.640229285
8502,-0.880906045,-0.777213871
8503,-0.357380211,-0.988636553
8504,-0.761629999,0.735496581
8505,-0.608724296,1.09494495
8506,1.15875351,-2.1302731
8507,-0.756481349,-0.143982157
8508,0.492984295,-1.29888618
8509,1.5405947,1.55451357
8510,1.70845723,0.202305958
8511,0.146577403,-0.0863251835
8512,1.95536518,-1.13334394
8513,-0.841547906,-0.61261481
8514,0.59181875,4.06510448
8515,1.43477774,1.12223494
8516,-0.341254771,-0.0954551771
8517,-0.832213879,-1.58214605
8518,0.0525464825,-1.84491575
8519,-0.6296345,0.614340007
8520,-0.0939013585,1.23471034
8521,0.351228416,0.373108804
8522,0.577269197,-1.88502431
8523,-0.25055334,-2.32910419
8524,0.798932314,0.820418715
8525,-0.798164248,-2.30327892
8526,0.781139672,0.502718329
8527,-1.18743765,-0.0460945219
8528,0.341587931,-0.0926723406
8529,-1.39336467,0.176856428
8530,-0.607047737,-0.233573258
8531,-0.347004086,0.816042006
8532,0.094274424,-0.649998009
8533,-0.596260905,-2.59353971
8534,0.28407976,-2.04181314
8535,-2.68470383,-0.247370392
8536,-0.747274041,2.79638791
8537,-0.348443627,-0.321884781
8538,-0.115609765,-0.825930417
8539,-1.21054542,0.364192039
8540,-2.28160644,-0.745695353
8541,-0.0161179379,0.0876985416
8542,-1.66235816,-2.96374965
8543,0.154700488,0.18670027
8544,0.189996079,-0.135523528
8545,-0.40218094,0.749498606
8546,0.461642891,0.327712357
8547,-0.0406871848,-0.801605284
8548,0.486937881,-0.0975248143
8549,-1.52166617,-0.327065259
8550,0.597858608,0.400320113
8551,1.50735676,0.752682567
8552,1.77586639,1.29771709
8553,-0.0825040489,-1.14118314
8554,-1.04341054,0.411539078
8555,-0.469412625,0.461965621
8556,0.288404018,0.0878005624
8557,-0.686702788,0.352365464
8558,0.881881177,1.91077936
8559,-1.98523366,0.280713379
8560,-0.450252026,-2.90843034
8561,-0.596261263,-0.555171371
8562,-0.266921937,0.713828444
8563,-0.0720329657,-0.156750813
8564,-0.196591362,1.44995642
8565,-0.178033933,0.469127536
8566,-1.96253622,1.05114222
8567,-0.105101831,0.153870866
8568,-0.119288519,0.088030003
8569,-2.5069437,-1.10104716
8570,1.02204418,2.60466242
8571,0.384039074,-0.657907069
8572,4.40270662,1.73257482
8573,-3.8321197,-1.54816663
8574,-1.64746332,0.562509716
8575,-1.84750056,-1.69584537
8576,0.436664611,-0.284650028
8577,-0.453982711,-0.911635876
8578,0.0493079834,-0.736025035
8579,-0.904944181,0.228415653
8580,-1.60188723,-2.05786633
8581,-0.451363981,0.422856092
8582,0.0629097596,-0.516890347
8583,0.4877913,0.158921078
8584,-0.331944972,0.125928506
8585,2.06842756,-0.00878462754
8586,-3.2455039,-0.168445691
8587,-0.344070256,1.72510028
8588,0.337181568,0.59893167
8589,0.291705608,-1.80000997
8590,-0.841592371,1.11227548
8591,-1.41918087,-1.40115571
8592,1.63184679,0.132731751
8593,0.124848418,0.0610308312
8594,1.64976573,0.102697283
8595,-1.23382962,2.27960134
8596,0.243086606,-0.769949377
8597,0.282659441,-0.0660824105
8598,1.33568287,0.604077756
8599,1.60761917,-1.83035254
8600,1.86288488,-0.265951753
8601,-1.43733728,-0.540323496
8602,-1.24159992,-2.25802779
8603,2.72800303,1.71547389
8604,-1.03420913,-1.43399584
8605,-0.014199472,0.426469564
8606,-2.07157254,1.32919657
8607,-0.212003157,1.51922548
8608,0.447841108,-1.51444387
8609,0.0919059664,0.268241674
8610,-0.301819652,1.51694345
8611,0.101431869,-0.348720163
8612,-0.832746804,-2.32236576
8613,-0.680637717,-0.639860392
8614,-0.835307479,-2.9003036
8615,-2.12469172,-0.837204516
8616,0.564219177,-0.368941367
8617,-0.196584031,0.00320611126
8618,0.242283016,2.61946964
8619,1.51817274,-0.396793216
8620,-2.32156038,0.857047141
8621,-5.80611753,1.33770037
8622,-0.129708663,0.541732609
8623,0.310302883,-0.820604205
8624,-1.48091435,0.876804709
8625,-0.761613429,-0.0539417677
8626,-0.815853477,0.169941887
8627,0.261416286,0.855202377
8628,-0.198507965,-1.72223401
8629,0.522177756,-0.6181584
8630,-0.990401983,0.192092091
8631,-0.936623752,-0.960878551
8632,-0.683526337,0.365996748
8633,-0.0360911302,-0.796050906
8634,1.67033672,-0.404396474
8635,0.224261671,-0.428485215
8636,0.301480263,0.0306445956
8637,-1.87638521,-1.68842316
8638,-2.47835612,-1.76707423
8639,-0.987724245,1.91904855
8640,0.039339304,1.96709883
8641,-0.246048078,0.683589935
8642,0.356146663,-2.15239787
8643,0.143162355,0.448447853
8644,0.711063147,1.43613672
8645,-0.478072315,-0.405383945
8646,-1.06655598,-0.17939353
8647,-0.122933343,-0.121262103
8648,-0.289558142,0.51214236
8649,-0.549092531,0.531723738
8650,-1.43689883,-1.34393382
8651,-0.349018127,0.0937404186
8652,0.192395091,0.649487436
8653,-3.0925982,-0.298411995
8654,1.65241313,-0.446733922
8655,-0.761723816,-0.890794814
8656,-1.15763068,0.39555338
8657,0.496141672,0.573109925
8658,0.467700601,-0.502992034
8659,2.27629542,2.19265318
8660,-0.638916671,0.892813265
8661,0.000221146183,-0.211637199
8662,-1.2116518,-0.146817788
8663,-0.40204677,0.632013261
8664,0.0819625109,-0.275301844
8665,-0.272643924,0.622622967
8666,-2.2851336,-0.442373067
8667,-1.22003484,-0.654783487
8668,-1.89091301,0.0832314491
8669,1.03650153,4.1315403
8670,-0.192264229,0.837671995
8671,0.681299031,0.999549866
8672,-0.272689998,0.370879352
8673,-0.908906221,-0.173686668
8674,1.59650409,1.04463589
8675,1.73160636,-1.44809783
8676,-0.576946974,0.821537852
8677,-0.199383393,-0.227379188
8678,-1.48594534,0.380229563
8679,-0.803329885,-0.637963176
8680,-1.31441343,-0.13913095
8681,-1.0330286,-0.323265493
8682,-0.21934773,-1.29588747
8683,-1.52137876,-0.548525929
8684,0.355273783,-0.175350204
8685,0.572544992,0.295858771
8686,0.226873934,-0.111928292
8687,-0.210988119,2.67480063
8688,0.321954757,-0.240381852
8689,1.46426296,-0.540478647
8690,-0.885799766,-0.597488701
8691,-2.28218079,0.97637552
8692,0.255998015,0.127052724
8693,0.261243373,1.0472492
8694,-0.473142296,0.122176819
8695,-0.205990642,0.257451683
8696,0.159033954,-0.61701566
8697,0.139475524,0.1238776
8698,-0.90323174,-0.897269726
8699,-0.0562018193,-0.169237301
8700,-0.0584944449,5.14983273
8701,0.393202811,0.134420186
8702,-0.61954236,0.284846663
8703,-0.74952364,0.57477659
8704,0.103318557,0.960709512
8705,0.0986972228,-0.774881124
8706,0.0235511959,0.1516691
8707,2.09156132,1.1812253
8708,0.0944511667,0.392767459
8709,-0.332092613,-0.290522665
8710,-0.04398131,0.164146841
8711,0.0441463888,0.18510291
8712,-0.672879934,-0.586881757
8713,0.832071006,0.12389601
8714,-0.240757838,0.597685754
8715,-0.0903987959,0.179480478
8716,2.19648194,-0.090438202
8717,0.933606744,0.819806099
8718,-0.128892541,0.190573156
8719,0.373066872,0.838484466
8720,1.6073736,-0.908372283
8721,0.303128004,0.45209381
8722,0.531745493,-0.109014578
8723,0.42787227,-1.64444959
8724,0.222010434,-0.178546607
8725,0.891495526,-1.57627225
8726,-1.57861185,-0.226270944
8727,2.19765496,-0.877629042
8728,1.30581498,3.34568119
8729,1.361063,0.472613692
8730,0.125114113,0.594649613
8731,0.0782955661,2.46849608
8732,-1.11327422,0.403244615
8733,0.0861032382,-0.38524881
8734,-2.88250232,-0.819864452
8735,0.0864363909,-1.34502149
8736,-1.71095872,0.828268886
8737,0.0683616176,0.908564568
8738,0.584156632,-3.08458614
8739,0.080410324,-1.15858054
8740,-0.576602876,1.826864
8741,-0.701256454,-0.0528903194
8742,-0.0552398115,0.0895424634
8743,1.05258226,1.91282833
8744,-0.869394362,-0.12326657
8745,-0.0521757901,1.18340695
8746,2.11699104,-1.77646816
8747,0.405641317,-0.483489782
8748,0.738192737,0.58227706
8749,-0.167351827,0.382775843
8750,-0.222104788,0.773132741
8751,0.230806425,0.345045745
8752,-0.51619935,1.41884398
8753,0.877964437,-0.0627620369
8754,0.7613585,-1.1293956
8755,-0.468259066,0.168489814
8756,0.999546587,-2.11225033
8757,-3.68386698,0.269379944
8758,-0.486116499,0.232310146
8759,-2.71831965,0.973286629
8760,0.418996066,0.532863855
8761,0.000942720973,-0.319187373
8762,0.353107184,3.07843661
8763,0.902182162,-0.545456529
8764,-0.115970686,-0.342988729
8765,-0.218601882,-0.137177214
8766,0.640652776,-1.57992244
8767,-0.474624991,-1.87502742
8768,0.571712375,0.74784112
8769,0.592938304,0.3114582
8770,-1.50367892,0.0326237977
8771,1.07770908,-0.584873199
8772,-0.0229050834,2.18180394
8773,-0.614444673,0.586558461
8774,0.71492368,-0.23972635
8775,-0.888560772,-0.188229471
8776,0.311402708,-0.0408771858
8777,-0.717633188,0.512530148
8778,-1.49405718,-1.37402368
8779,-0.149146006,-0.0954354405
8780,-0.419820935,0.606679261
8781,0.179773942,0.73998791
8782,0.364030331,0.513865829
8783,1.16011631,1.53977525
8784,0.589353561,-0.698510587
8785,-1.96020877,-0.985963285
8786,-1.44991767,0.178457081
8787,2.08862376,2.32934475
8788,-0.0665893629,0.137721449
8789,0.198288113,-0.608743727
8790,1.02169585,0.288235366
8791,0.0556454398,-0.54805541
8792,0.952008128,-0.856584609
8793,1.60726678,-0.74956131
8794,-0.960304558,0.354165345
8795,0.0958792046,0.882181227
8796,0.061190933,0.139478743
8797,-1.01852131,0.0333572924
8798,-0.560666859,1.77732384
8799,0.0692742243,-0.602959812
8800,-3.40490198,1.91508198
8801,0.431527823,-0.389462739
8802,0.116833694,-1.11602449
8803,0.406161785,0.682752013
8804,4.28514385,0.258367032
8805,-0.648353755,0.742060721
8806,-1.83302808,-1.17280996
8807,-1.69999123,-1.46306503
8808,0.346800715,-0.104986742
8809,0.268710405,-0.0265304688
8810,1.27920675,1.7649014
8811,-1.89454079,0.820011497
8812,-0.651037693,0.240561426
8813,-0.171237037,-0.206009075
8814,-0.807984054,0.646899998
8815,1.27832174,-0.59766084
8816,-0.908232689,-1.06516206
8817,-0.575897634,0.639903426
8818,0.782511115,-0.739961803
8819,0.684277296,0.237265974
8820,-1.40583467,-3.6100235
8821,-0.425641239,1.3933742
8822,-0.891618967,0.531391144
8823,0.00155628717,-0.219441518
8824,-2.53787422,-1.74069297
8825,-0.61602968,0.826518595
8826,-1.73691034,-0.989522219
8827,-0.256460667,-0.441190451
8828,-1.16406143,0.212256491
8829,-2.49555469,-1.65026271
8830,-2.89733958,-0.61668396
8831,-2.42558384,0.763943076
8832,1.43151462,-0.126274198
8833,-3.04070473,-1.8771075
8834,-0.887551665,1.02404916
8835,-0.286199808,2.78519797
8836,-0.313641101,-0.197977066
8837,0.0103290686,0.215849355
8838,-0.981479824,-0.96825105
8839,0.756941915,-0.163191751
8840,1.66109264,-0.171239853
8841,-1.18267155,0.711620986
8842,0.221034616,-0.248226807
8843,-2.46048403,2.06309843
8844,-2.35503197,-0.00933740754
8845,1.8042978,-1.23888898
8846,0.516334653,0.0765355378
8847,0.769951761,0.018726036
8848,0.631800413,0.715112865
8849,-0.373218298,0.462244898
8850,-1.87972701,0.0382399783
8851,0.176516831,1.48084533
8852,-0.293712556,-1.27418923
8853,0.35589543,-0.128195539
8854,0.105777606,0.204946682
8855,-1.26953852,-0.89559269
8856,2.14497185,-0.938180208
8857,-0.247178271,0.386626452
8858,-0.994777262,0.650427639
8859,-0.967018485,0.143169731
8860,0.0526221432,-0.276613414
8861,-2.20277977,2.15807915
8862,-0.0607863702,-0.183602154
8863,-0.985251248,0.196892574
8864,-0.0774877891,0.379285097
8865,1.56391764,-0.845665991
8866,1.11362255,-0.457460105
8867,-0.385841757,-2.0906539
8868,1.01683855,-0.529615045
8869,1.3576932,0.59100771
8870,-0.520796299,0.0877828225
8871,0.246884003,-0.0511153191
8872,1.56068563,-0.291295528
8873,-0.369544238,-0.161226928
8874,-0.718621612,1.61206281
8875,1.90057659,0.779237449
8876,1.2319659,-1.59505212
8877,-1.34227693,-0.492943168
8878,0.338892221,-0.144638479
8879,0.25339371,0.319162488
8880,0.840510428,0.993614376
8881,0.552775323,1.29812372
8882,0.465062439,0.200438425
8883,-1.08595908,-0.171392411
8884,0.0300428588,-1.32285607
8885,3.18487692,0.295739353
8886,0.321484029,0.62354815
8887,-0.676166356,-0.547678053
8888,0.147089958,1.39018857
8889,-1.6134218,-2.22085238
8890,-0.263732135,0.898440063
8891,-0.776396632,1.03429818
8892,-0.737232566,0.455244184
8893,-0.717687726,0.544073939
8894,0.0989863202,-0.178168342
8895,-0.810292363,-0.0891169906
8896,-0.103893146,-0.596903384
8897,0.567128181,-0.137835577
8898,0.515967131,-0.763623297
8899,-0.584496379,-1.31995285
8900,0.390489072,2.4242754
8901,-1.43652916,-1.3334415
8902,1.71017742,-1.63580775
8903,3.93259287,-0.756447792
8904,0.275701433,-1.15513647
8905,-0.852822483,0.0127150351
8906,0.992077827,-1.25999796
8907,1.09877181,2.26277852
8908,2.14047503,1.05196285
8909,0.954862595,-0.454370826
8910,0.850815237,-0.526811481
8911,0.660550952,0.407887667
8912,1.41002393,-0.409602791
8913,-1.06979358,1.22607303
8914,0.673429787,0.377039075
8915,2.05338383,-0.17826508
8916,-1.56224287,-0.212468758
8917,-1.36700404,-0.333648473
8918,-1.83829546,0.835021436
8919,-0.250857711,-0.240701556
8920,-0.875424385,-0.715113521
8921,-1.02634895,2.46388221
8922,-0.991107583,-2.32075191
8923,3.38672185,0.891814172
8924,-1.38932133,0.57803762
8925,-0.0792171434,-0.712923408
8926,-1.84554935,-0.959527373
8927,2.19003773,-0.916796386
8928,0.630049765,0.143356353
8929,1.96446955,0.83942467
8930,1.80568218,0.608264387
8931,-2.63147688,-0.63044405
8932,-1.69986224,1.69110739
8933,0.380415171,-0.299316347
8934,-0.54567796,-0.109747127
8935,-0.849608064,-1.94675064
8936,-0.589405894,0.522303641
8937,-0.529993355,-3.39960384
8938,2.11589003,0.96888864
8939,1.29691541,-1.02647877
8940,1.3715688,-0.958508968
8941,-1.07565641,0.455234289
8942,2.14288068,-1.02164042
8943,0.157571539,-1.92709923
8944,-0.765361309,0.509548366
8945,-1.75809205,-0.626432002
8946,0.528224885,-0.0336505137
8947,-0.712494135,-2.6129818
8948,-0.619796813,-0.439913452
8949,-0.254133254,-1.06280041
8950,1.97983861,-0.0936134458
8951,2.91736054,-0.579645991
8952,-0.808589458,-0.632945478
8953,0.99535656,0.815905213
8954,-2.81482887,-0.0832012817
8955,-0.810310543,-1.16718316
8956,0.377825975,0.191862777
8957,0.461418211,-0.214868039
8958,0.734991014,-0.46208033
8959,-0.351212591,-0.42075938
8960,0.406112283,0.089795962
8961,1.47672701,0.527246714
8962,0.299080938,0.704008818
8963,-0.725930631,0.348433226
8964,0.222283378,-0.101962157
8965,-1.01752961,-0.138379738
8966,-0.0460803695,-0.210443005
8967,-2.08805275,0.948878765
8968,-1.74573147,-0.704631865
8969,-0.0519554093,0.229915842
8970,-1.36622298,-1.38734841
8971,-1.40570354,0.797345638
8972,-0.201350555,-0.141930833
8973,-1.77110672,0.306337237
8974,-0.820777655,-0.31614399
8975,-2.54004455,0.920959651
8976,0.943921268,-0.618331909
8977,-1.97487891,-0.922719479
8978,1.2701292,-0.667332232
8979,0.676661313,-0.240242809
8980,0.154830351,0.261773437
8981,-1.63510764,0.0582434013
8982,-0.0722044483,-0.925208509
8983,0.626876891,-0.564923108
8984,-0.298857182,1.7987057
8985,0.224685401,1.79798973
8986,0.521857083,-0.213184312
8987,0.622759461,-0.975141227
8988,-2.12189507,-2.66638637
8989,-0.412906498,-0.360893577
8990,-0.18039684,-0.525271475
8991,-0.39921692,-2.42756724
8992,1.17675567,-1.48988163
8993,-2.44617581,2.16465688
8994,0.239398569,0.284976393
8995,1.3770864,2.37912941
8996,0.633964717,-0.522754133
8997,-1.29009414,-1.7005794
8998,-1.97911942,-0.631253421
8999,0.246979237,-0.286724299
9000,-2.03878188,-1.63293517
9001,1.97555172,0.586310625
9002,0.503904343,0.0686565563
9003,-0.294552267,0.0583580509
9004,0.160106033,-0.180771083
9005,0.453597903,-2.49062538
9006,-1.12206447,0.452411711
9007,1.81897008,-1.7239964
9008,-2.53060508,0.181424111
9009,-0.391209632,0.0738195032
9010,2.73106623,1.24105632
9011,-0.491211504,-2.29709291
9012,0.765573382,-0.414069802
9013,0.229710147,1.46847093
9014,-0.641406953,-1.87168741
9015,-0.148225188,0.334799021
9016,-0.170263603,2.01454306
9017,1.96863556,-0.131753594
9018,0.330722064,0.0367603414
9019,0.31364134,-0.0838961378
9020,-0.408821464,-0.128518805
9021,-2.32389092,0.879887223
9022,-0.607974827,0.177130744
9023,1.30904746,2.26478839
9024,0.0364788584,-0.179060504
9025,0.935041904,-0.121625043
9026,0.0716710389,0.93437773
9027,-0.049305737,0.669848144
9028,-1.08667445,2.6932137
9029,0.382927984,-0.228828356
9030,-0.620698333,1.3973
9031,-0.545056641,-3.34958982
9032,0.987958014,-2.08678794
9033,1.26884675,-2.48580384
9034,0.117258914,-0.413792968
9035,1.72134483,-0.113340475
9036,0.388532549,0.533683121
9037,0.398956984,0.58517915
9038,0.611465335,0.55740726
9039,-0.82122004,-0.36744231
9040,-0.55614084,0.220756158
9041,0.173741326,0.934597433
9042,-0.809918582,-0.107571088
9043,0.256313384,0.0543112941
9044,-0.482195675,0.451076239
9045,-0.162266359,-0.127966195
9046,0.81472218,-0.266139537
9047,0.693970084,1.96229804
9048,0.372228175,0.326337397
9049,-0.71354121,0.365308911
9050,1.02935708,-0.352332801
9051,0.58125788,1.85941064
9052,1.05169499,-0.841497004
9053,-0.39440012,-1.28443265
9054,0.275949299,1.88894153
9055,2.31559515,-2.55058479
9056,-0.302413881,-0.183968872
9057,-0.655856848,0.270244867
9058,-2.04433942,0.846956253
9059,-0.553315222,-0.386610001
9060,-0.289838284,-0.250831127
9061,0.866370261,2.28812361
9062,-0.616320431,-2.3625176
9063,1.50111079,0.78767705
9064,-1.37929618,-1.79956257
9065,0.542491376,-0.787271619
9066,-1.58986211,-0.858694136
9067,-0.420591712,-0.350361824
9068,0.396756619,-0.0384337045
9069,-0.252800792,0.0362763517
9070,-1.06692982,0.178713053
9071,-2.27779555,0.937813997
9072,0.0787286982,-0.149877653
9073,0.429062456,0.076185368
9074,-0.103163354,0.567368507
9075,-0.435519814,-0.754885852
9076,0.222377628,-0.0372240096
9077,0.891806185,-0.413094997
9078,0.390316695,1.22857666
9079,-1.12308562,0.777422965
9080,0.375552773,-0.047436852
9081,0.674921513,-1.35680592
9082,0.351519942,0.3513785
9083,-2.6847384,-2.60263157
9084,-1.39002764,-0.0476829074
9085,-1.6006391,1.42820644
9086,0.0943131745,-0.520198166
9087,-0.295857072,0.117241986
9088,-0.225817189,-0.0685166344
9089,-0.169009343,0.861474812
9090,0.375965059,0.160694391
9091,-0.39496696,0.73471117
9092,0.614731729,-1.56141102
9093,0.8664276,1.04979134
9094,-0.729897976,-1.6729027
9095,0.269818962,-0.482020497
9096,1.35739207,1.87645698
9097,1.42158902,0.946939886
9098,0.821120322,0.1354139
9099,-0.476615578,-2.17640948
9100,-0.24968259,0.817826688
9101,-2.19000769,0.12292023
9102,0.0516859815,-0.213385329
9103,-0.0627523586,1.04274178
9104,0.241150931,0.232894927
9105,1.11820173,-1.54593921
9106,-0.253058463,0.207528546
9107,2.32453036,0.913928807
9108,-1.46223116,-1.40247416
9109,-1.18467116,-1.08868909
9110,1.18411827,-0.0611800812
9111,0.947894931,0.0421857573
9112,0.107615724,-0.00867207721
9113,-0.562811911,-0.250208259
9114,-1.22270334,-1.06090415
9115,-0.247030526,0.11620982
9116,2.25454855,1.80790627
9117,-1.70483875,0.00322158774
9118,-3.05134869,3.23160815
9119,0.601641715,-1.07042837
9120,-0.301369727,-0.62689966
9121,2.66961837,-0.334644526
9122,-1.5232935,-0.424708337
9123,1.21611953,-3.13318968
9124,-1.28107285,-1.29908121
9125,0.12818104,1.16447794
9126,-0.605609119,-0.754305542
9127,-0.645102978,0.484169841
9128,0.901155412,0.525067151
9129,0.37336272,0.844384611
9130,1.08068848,-1.30535507
9131,-1.31374753,-1.50230551
9132,-0.593429446,-1.63737071
9133,0.156044498,-0.211003557
9134,-2.13610268,0.327322453
9135,0.203753456,-2.52850389
9136,0.284963429,-0.470867366
9137,1.05710971,0.24173595
9138,0.394681573,-0.216859728
9139,1.34992516,1.28807223
9140,-0.164890856,0.0397915393
9141,-0.0963483825,-0.433117688
9142,-0.748538911,0.751713395
9143,-0.0768118575,-1.11924899
9144,1.66031897,-1.79141951
9145,1.98883414,0.0700652227
9146,-0.28355974,-0.846959054
9147,-0.151970193,0.233588532
9148,1.12048447,-0.339104176
9149,1.50246072,-0.294495702
9150,-0.236353442,1.21270764
9151,-1.07144427,-0.0907720849
9152,0.534128249,1.09728944
9153,1.76316166,-0.207940862
9154,-0.314851463,-0.101278976
9155,1.04531443,-1.38532674
9156,-0.700507522,0.61540401
9157,0.207144007,-2.65078211
9158,-0.32595396,-0.737778604
9159,0.862792552,0.830694258
9160,0.375131577,0.34367013
9161,-0.223725319,-1.55461025
9162,-0.253490776,-2.3386519
9163,-1.92311382,0.387846321
9164,-0.198627084,0.204268157
9165,-1.12709403,1.38180459
9166,-0.654114962,-0.547450483
9167,0.443530023,-0.103615604
9168,0.99880898,-1.13081193
9169,-0.359031826,-0.968881786
9170,1.01871657,2.41323447
9171,0.345953256,-0.185901582
9172,-0.0452640057,1.03336561
9173,1.23314083,1.76924574
9174,-0.0124711432,0.289976478
9175,-1.30112267,-3.09467077
9176,0.808030546,0.0117996577
9177,-0.0991247445,0.21381101
9178,2.11143756,1.02199113
9179,0.194584146,-0.353795886
9180,-1.40843821,1.43056798
9181,2.75829124,1.92782426
9182,0.460578173,-0.531010687
9183,-1.35786998,-2.49127507
9184,1.13247895,1.31498659
9185,-0.728181541,0.799085498
9186,0.0328436904,-0.397711396
9187,0.299562186,0.097856313
9188,0.329675496,0.0574244
9189,1.08566809,-0.50791806
9190,0.34239623,-0.631792188
9191,-1.13249695,-2.3133049
9192,0.968429208,-0.977088988
9193,1.62604094,0.531286597
9194,1.04110503,0.487125605
9195,-0.307058543,0.566529334
9196,-0.4096753,-0.410053968
9197,0.0696914941,0.372066915
9198,0.99138236,-1.01609623
9199,0.0124834562,0.170561939
9200,0.0417818092,0.382193863
9201,-1.30296111,-0.761505127
9202,-1.17717707,-1.10023046
9203,2.97979188,0.882628143
9204,-0.0538649932,-1.28050566
9205,1.58550227,-1.1761992
9206,0.904923618,-3.19816089
9207,2.63441324,-0.638527274
9208,-0.268529475,0.556934834
9209,-1.55531406,0.885213017
9210,2.09850192,2.2430675
9211,0.900909364,-0.337330699
9212,1.54749417,1.12891698
9213,0.436139703,1.39761007
9214,0.633619905,0.61550796
9215,0.302306503,0.715801179
9216,-0.067009069,0.933600724
9217,-1.81039882,3.08016062
9218,2.23915529,-1.25627756
9219,-0.367299587,-1.59691167
9220,0.08193589,-0.849607468
9221,-1.13673651,-1.67261052
9222,1.89715505,1.08383071
9223,-1.73135412,-0.488792032
9224,2.49264383,-1.18798089
9225,0.0220683161,-2.81745005
9226,-0.533556461,0.0428607166
9227,-2.10893941,-0.0698193237
9228,2.40631533,0.716274202
9229,0.307140052,0.482986838
9230,0.0154741043,-0.424566865
9231,1.24218035,0.835387647
9232,-0.227121964,-0.497530401
9233,0.816109538,1.59840572
9234,-0.174480304,-0.42661345
9235,-0.561497211,-2.2252636
9236,0.0479502119,-0.955278277
9237,-0.235126629,0.0179050956
9238,2.0963645,-0.100568891
9239,-0.952677071,0.0520776212
9240,0.230923042,-0.165055156
9241,2.43505311,-0.0288835466
9242,0.357577026,-1.29921544
9243,0.997820914,-1.39284384
9244,-1.29442263,-0.595965147
9245,-0.23470965,-2.96925378
9246,-0.777459085,-0.417055696
9247,3.60828996,1.17190444
9248,0.144758657,1.22101653
9249,-0.200676382,-1.31914639
9250,-1.67673337,3.19544387
9251,-0.276647896,0.268296212
9252,0.122580625,0.203047097
9253,1.46535611,0.846749544
9254,-0.39257443,1.5222795
9255,1.04634941,1.23273325
9256,0.653559983,0.126322672
9257,-0.224518612,-0.00378673594
9258,0.941756248,-0.868557453
9259,2.2180717,0.94467783
9260,2.85553074,1.72381759
9261,0.719853878,-0.796129167
9262,-0.324674308,0.532173038
9263,-0.394309282,0.332689047
9264,0.678417265,0.400809228
9265,0.405144572,-0.0952684283
9266,0.218761191,-1.22910821
9267,-0.157357961,-0.0846630037
9268,0.568992436,2.04797125
9269,0.0312447622,-0.58155489
9270,0.125639111,1.56546199
9271,-0.212265164,-0.268289477
9272,0.580764949,0.780012548
9273,-2.21509123,0.0414447039
9274,-0.234475762,-0.660491765
9275,-0.249989435,2.42636251
9276,-1.00652933,-0.347977668
9277,-1.04165781,-0.409109503
9278,-0.0447615795,-0.798696458
9279,-1.62608552,-0.277687877
9280,0.146408737,-0.124498457
9281,2.50790644,1.63360095
9282,0.503689528,-0.602753103
9283,-0.210448682,-0.0400980636
9284,-1.12608206,-2.78907061
9285,-0.0955449343,0.0862802342
9286,-1.6191144,0.345078766
9287,0.25631544,-0.104281746
9288,0.199005187,-0.135933667
9289,0.726351619,1.45857418
9290,-0.166795,0.129040495
9291,-0.0799198002,2.28745556
9292,1.05782354,1.23293889
9293,0.650372386,0.376674056
9294,0.887655854,-0.145752028
9295,-0.321106464,0.609541953
9296,0.0305235181,0.239265814
9297,0.537654638,-1.6814779
9298,-1.26640844,-0.33858785
9299,-0.0218332596,-0.183203489
9300,-0.0214562416,-1.2569555
9301,0.870796025,0.544269562
9302,0.92833823,1.38277686
9303,1.06967688,0.432415038
9304,1.88135457,0.54089278
9305,0.224882454,-0.0583487339
9306,-0.232508019,2.85505772
9307,-1.06134057,0.634622514
9308,0.56005764,0.463532954
9309,-1.79384553,-2.49468875
9310,0.597379506,-2.35075402
9311,-1.240206,0.107978389
9312,-0.356569767,-0.267659068
9313,0.510899127,0.230248734
9314,0.778489411,1.52934408
9315,1.43264484,1.24233103
9316,-1.06621778,0.0105766589
9317,0.980196536,0.362107337
9318,0.389680684,0.462105989
9319,0.114810079,2.32992482
9320,0.144880012,-0.0730511844
9321,-0.308793366,0.0749245286
9322,-0.149610862,0.949048162
9323,-0.151510105,0.869605899
9324,5.40627956,1.70993888
9325,-0.262119442,-0.141274363
9326,0.797109306,-1.30660403
9327,0.305523574,-0.267280787
9328,3.28675771,-1.0484972
9329,-0.427560717,0.170024991
9330,2.0938797,0.254873425
9331,0.583919048,0.138831839
9332,-0.331890911,-0.49876985
9333,0.991814554,0.237733841
9334,-3.76864457,0.126070291
9335,0.685773015,0.392423123
9336,-0.918324113,-2.01413107
9337,0.30980745,1.1954155
9338,-0.225956976,0.0347652584
9339,2.54450154,-1.05513215
9340,-0.573209584,0.163939282
9341,0.720027685,0.727847934
9342,-1.87648797,-1.39906025
9343,-0.193446368,-0.258113146
9344,-0.758027971,0.12577185
9345,-0.576450884,0.619569898
9346,0.528791189,0.891016424
9347,-1.97884488,-0.97744447
9348,-2.01810884,0.354140997
9349,0.297654271,-0.277557135
9350,-2.83205557,0.484228104
9351,-1.02555752,-0.625525236
9352,1.0199039,-0.543280005
9353,-0.765651464,-0.202909276
9354,-0.615550995,-2.48137474
9355,-0.177071676,0.0658263266
9356,0.393674761,0.451323003
9357,0.496478468,1.85227382
9358,-0.522888958,-1.38550532
9359,-0.111339167,1.18742573
9360,-0.591867149,2.736094
9361,1.43154383,-0.505070627
9362,-2.24742508,0.906192064
9363,0.394990146,-0.0669887289
9364,2.2604084,4.81593895
9365,-0.0309294052,0.71988368
9366,0.901055992,0.419584811
9367,1.28851962,-1.00231707
9368,1.45751929,-1.13738489
9369,1.99185586,-0.555517256
9370,-1.21282899,-1.46944571
9371,1.3308295,-0.921131015
9372,0.498655647,0.368700683
9373,-1.72607863,0.83071661
9374,0.83413142,1.74693489
9375,-0.698200047,1.25787628
9376,0.32734701,0.366160125
9377,0.379766971,-0.546746135
9378,0.630802751,-1.45037293
9379,-0.931232572,0.542340636
9380,3.58178401,0.101578169
9381,-0.02798591,0.564843893
9382,-0.56085068,0.387422174
9383,0.207772642,-0.121975474
9384,0.0611670204,1.10318482
9385,0.406885624,0.261012256
9386,-1.72041225,-2.06019902
9387,0.508638084,0.640801668
9388,1.36969662,-0.274696678
9389,-0.1532747,0.101396143
9390,0.282683879,0.697501183
9391,0.0849088803,0.296822637
9392,0.903476477,2.34132957
9393,-0.612741411,0.828034878
9394,0.807990193,-0.167360559
9395,3.27590966,-0.721428275
9396,1.3865186,0.210290432
9397,1.21019542,0.331485271
9398,-0.00741639361,-0.924048364
9399,0.42621395,1.22487259
9400,-0.648688376,0.187741831
9401,-1.76620722,0.233800948
9402,0.182012856,-0.385938644
9403,-0.602462113,0.573126316
9404,1.84041595,-0.50188303
9405,-0.322208852,-0.302528679
9406,-1.59532142,3.76746988
9407,-0.75547421,-0.215438068
9408,-0.0428691991,-2.65012693
9409,-0.157115117,0.149933055
9410,-0.935681939,-0.998875856
9411,-0.717585683,0.698414564
9412,1.41147292,-0.110505074
9413,0.200460106,0.270899385
9414,2.0957706,1.30551744
9415,0.501242399,0.60560298
9416,1.53745234,-0.885290921
9417,-1.48984921,4.47847128
9418,-1.18991077,-0.986812055
9419,0.462663949,-0.604787588
9420,1.44634819,2.66403556
9421,-1.98292601,2.52577114
9422,-0.0572746769,-0.594135582
9423,-0.143776387,-0.0825020522
9424,-0.239857256,0.302107841
9425,0.842008293,-1.24114943
9426,-1.61504614,-0.0945295841
9427,3.17374015,1.33670151
9428,0.675396323,-0.795295835
9429,-0.45395112,0.0871995613
9430,-1.31906891,0.55040729
9431,0.803768814,-0.665408015
9432,0.569214523,1.34027874
9433,-1.93443561,0.624151111
9434,-2.07286859,-0.512961864
9435,0.394244313,-0.524811745
9436,-0.237981066,0.77857852
9437,-0.294602424,-1.00389934
9438,0.190154374,0.169465885
9439,-0.38941741,1.02460086
9440,-0.952256382,0.0523005985
9441,0.243578047,-0.0888750181
9442,0.249485791,0.609571218
9443,0.680660605,-0.0987886488
9444,-1.03765202,0.59014076
9445,2.11094189,-0.195552602
9446,0.603845716,0.561071157
9447,-0.543867052,-0.669482708
9448,0.116457038,0.105197862
9449,0.452291429,0.878444672
9450,-0.553082168,-0.49159807
9451,1.30078244,-0.451148659
9452,-0.519626141,0.342234433
9453,1.09861147,0.0577063002
9454,-0.112405188,-1.53785551
9455,-0.565427303,0.578791678
9456,0.769190848,-0.208739102
9457,-0.19074066,-0.403058887
9458,1.07718444,-0.86427629
9459,0.711931348,0.716728985
9460,0.19008036,-1.09343028
9461,0.52720803,2.25544596
9462,1.41894686,1.13984561
9463,-1.10390794,1.88227463
9464,-0.20321542,-0.00853528455
9465,-1.24296737,-3.8606627
9466,0.167023316,-0.0388753004
9467,0.682706892,0.116552047
9468,-0.0289055388,-0.149751961
9469,-2.4328146,-0.900749683
9470,-0.964276195,-0.291615158
9471,-0.731396556,1.13835704
9472,1.08551085,0.0324459262
9473,1.8557303,1.00345743
9474,0.0552098788,-2.16772723
9475,-0.0495421104,1.56891298
9476,-1.20891213,-0.234189957
9477,-1.85512507,-0.570153892
9478,2.58242893,2.18868828
9479,0.44876644,-0.0993633494
9480,1.61984217,-0.884557009
9481,0.12980181,0.380976975
9482,3.30676484,0.82840848
9483,0.313592345,0.325558394
9484,1.11032248,0.868682563
9485,-0.923163891,-0.474437237
9486,1.14800179,1.10689163
9487,0.0488385558,-0.316858947
9488,0.0927713886,0.222006708
9489,0.144700423,-0.567981303
9490,-1.74677205,2.51208162
9491,0.264799505,0.355228305
9492,-1.64624929,2.6183157
9493,1.21337032,-0.20931837
9494,0.811445951,-0.404299229
9495,0.200278848,0.592193961
9496,-1.57081425,1.79167974
9497,2.93368483,-0.101444878
9498,0.659142911,-1.12314034
9499,-0.255123824,0.360878706
9500,-0.00921677705,0.342966884
9501,1.29203928,1.30812263
9502,0.102582455,2.7294395
9503,-0.429578274,-0.824687541
9504,-0.997478187,-0.00335897296
9505,0.742133796,-0.176730454
9506,0.905068338,1.37755895
9507,1.57640159,-0.805843413
9508,0.393393517,-0.751847684
9509,2.2810545,-0.561959803
9510,-0.530633748,-0.601120293
9511,-1.10709786,-0.920225441
9512,4.28932762,1.43556905
9513,-0.191592589,0.0111336792
9514,0.587145984,-0.245379984
9515,0.959787786,-0.243867427
9516,0.567685246,0.36832875
9517,1.59610116,0.0874822959
9518,0.0175259318,0.00511954864
9519,-1.17182267,1.59407461
9520,-0.788680017,-0.802441597
9521,1.36694503,0.692831337
9522,-1.19622469,-0.192710027
9523,-0.578395188,0.591602206
9524,0.472796053,-0.261903644
9525,0.176565334,-1.88860404
9526,-0.833000302,-1.22317183
9527,-0.337219924,-0.640141904
9528,-0.246297956,-0.147576451
9529,0.409510821,0.498697728
9530,-1.32974434,-0.791834712
9531,0.276243746,-0.437428892
9532,-1.12046242,-2.9287622
9533,-1.15899146,1.75279069
9534,0.180325747,-0.0611603893
9535,-0.331522107,0.743505299
9536,-1.81337643,-1.19819903
9537,-1.02891028,0.420955002
9538,-0.634118915,1.10788023
9539,2.62381792,0.435674906
9540,1.65100479,-0.358966589
9541,1.32314098,1.24755883
9542,-2.65768099,2.67668223
9543,-0.615921974,-0.64789921
9544,-0.913017452,-1.05119443
9545,0.380293339,2.7602067
9546,-1.24484742,-1.49554574
9547,0.334687322,1.04066443
9548,-0.826901853,0.616287589
9549,-1.12469077,-1.1205864
9550,0.816164374,2.44047952
9551,-0.540255845,-0.171469182
9552,0.206222773,-0.0451583564
9553,1.66615295,1.28205919
9554,-0.387262136,-0.225145578
9555,-0.0210076813,0.871872127
9556,-0.499662727,0.974508166
9557,0.32680428,1.07897997
9558,0.00208484544,-1.1020087
9559,0.236286908,-0.397099167
9560,0.160551384,0.110702641
9561,1.48442698,-0.468565851
9562,1.36279762,0.967213094
9563,-1.97103894,-3.09884167
9564,-1.51673234,0.933149815
9565,-0.0851571634,-0.563338935
9566,-2.40410352,0.603240848
9567,2.13401341,-0.473634094
9568,0.188312277,0.154666901
9569,-2.40148687,-1.38438714
9570,2.37445688,-2.37436414
9571,1.72947419,-2.58535767
9572,-1.28211653,-0.0687949285
9573,2.65798616,1.43114626
9574,-1.30871749,-1.09013689
9575,0.087534897,-2.95673656
9576,0.0852016956,-0.47344619
9577,0.32371071,0.577262044
9578,-0.0683442131,-0.30557698
9579,1.35091603,-1.40711141
9580,-0.130264968,-0.0604033992
9581,0.744517446,-0.097011596
9582,0.148078814,0.495942146
9583,-1.42589116,-0.335292786
9584,-0.639246106,-0.143225551
9585,0.240518361,0.581513405
9586,0.779425085,0.192975521
9587,4.04202986,-3.16574144
9588,-1.29872453,0.0170341469
9589,0.127182752,-0.275043637
9590,0.242749661,-0.473035246
9591,-0.290439039,0.0916463137
9592,0.447999328,0.669461429
9593,0.165167317,-1.69468248
9594,0.599597514,1.10813332
9595,-0.107360013,-0.603740573
9596,0.41843304,0.135962427
9597,0.7482934,0.553094089
9598,-0.300235242,0.714265704
9599,1.9320035,2.49521685
9600,2.72395444,-0.709135115
9601,1.46246541,-1.23673022
9602,0.250217915,0.441515654
9603,-0.228789866,0.070494622
9604,0.155487567,-1.25948822
9605,0.254301786,0.884484947
9606,0.490045488,2.60270238
9607,-0.677712142,0.418919295
9608,0.434208781,0.179070145
9609,2.07837844,0.675333023
9610,-0.0792581737,-0.237444311
9611,1.56781733,0.404652715
9612,-0.672020972,-1.25352526
9613,-1.83764851,0.938799381
9614,0.215103701,-2.10710859
9615,-1.1025281,-0.0903164446
9616,-0.250902414,0.827056766
9617,-0.800845623,-0.0298365261
9618,-0.101814948,-0.210309952
9619,3.43988824,-0.0731026754
9620,0.267583519,0.0839099512
9621,-0.0204757601,-0.251206905
9622,-0.491733313,0.0851584002
9623,1.11155093,-2.5848031
9624,0.186206311,2.92539907
9625,-1.46430993,0.890575409
9626,0.394739866,0.886388958
9627,1.00699759,0.449423701
9628,-2.01068997,1.0928911
9629,-0.252457857,-0.438633293
9630,0.0231987033,0.934031904
9631,0.892594218,0.800726354
9632,-1.74775612,-1.49104989
9633,-0.831521213,-2.29648805
9634,0.930413544,-0.707056046
9635,-0.0194388721,1.72701788
9636,0.699981451,-0.502931178
9637,0.30610171,-1.25357878
9638,-0.743777692,0.271300435
9639,0.279988796,-0.888014078
9640,-0.207840249,1.055987
9641,-0.840692937,0.951427519
9642,-0.265006334,1.20599329
9643,0.70317471,1.90101433
9644,-0.859928727,0.256529629
9645,0.80210644,1.04971492
9646,-0.666708648,-0.203260809
9647,0.179260835,0.211470753
9648,-1.2139889,2.55225134
9649,-0.712318242,0.905839086
9650,-0.14257203,0.117569312
9651,-0.774663329,-2.2250402
9652,-1.93884456,-1.10707808
9653,-0.0253965147,0.0842845812
9654,-1.71490598,1.1949681
9655,-1.28466356,-0.423602968
9656,0.634852648,1.24283826
9657,-2.01393437,4.33721972
9658,1.19084489,0.983739913
9659,-0.382474512,-2.49486613
9660,-0.467039794,0.00852735527
9661,-2.76724577,-0.0704372078
9662,1.17263401,-1.25143337
9663,-1.38570976,-0.150760114
9664,-0.890476584,0.341747075
9665,0.352301419,0.925358117
9666,1.2178086,0.580317318
9667,0.754552722,-0.82454443
9668,1.22191477,-1.60597122
9669,0.69371587,1.15351391
9670,-1.05990458,-1.75406837
9671,-0.215363517,0.0289965589
9672,1.21181405,0.113249473
9673,-0.762379766,-0.576308608
9674,0.057818599,-0.619441092
9675,-1.05708301,-1.05802763
9676,-2.04330277,0.803270817
9677,-0.937736392,0.31510964
9678,0.49996528,0.651088476
9679,0.102258049,-0.123566657
9680,0.307472646,-0.177259743
9681,0.736160457,0.528802872
9682,-1.50681257,2.1037457
9683,0.646900535,-0.38586551
9684,2.82850242,2.05898547
9685,0.517995477,-0.509080708
9686,-0.120328344,-0.583150566
9687,-1.61764121,0.852709293
9688,-0.359463245,-0.515073657
9689,-1.08196676,1.08132982
9690,1.1580348,0.798862398
9691,1.6375699,0.373431355
9692,0.503242731,0.944960058
9693,-2.14834619,0.552802861
9694,-0.119888842,2.86542344
9695,1.26070285,-0.500234663
9696,-0.287280679,0.184142947
9697,0.393196225,-0.877573967
9698,-0.214172393,-0.159234971
9699,-1.24501622,-0.534939349
9700,-0.345226854,1.29200649
9701,-0.777664423,0.153548509
9702,-0.981929898,1.95812428
9703,-0.0991920084,0.0469801575
9704,-1.35485446,0.468289763
9705,0.267513841,0.444047302
9706,1.1955719,0.511777699
9707,0.876415431,-0.265336514
9708,0.0927913785,0.853169262
9709,-0.290026903,-0.208943009
9710,-0.173165739,-0.751980126
9711,2.33563828,-3.66788054
9712,2.66576838,2.9837501
9713,1.21330583,-0.774301648
9714,-0.896866381,1.13090301
9715,-1.78209901,-0.194443703
9716,-0.85514462,0.582258105
9717,-0.476829559,0.378398269
9718,0.718106985,0.954055846
9719,0.084203504,1.05012679
9720,2.41205478,-0.985669374
9721,0.190299541,-0.159132138
9722,-0.217369124,0.991802692
9723,-0.114391372,-0.0311158076
9724,0.648083448,-0.809549391
9725,-0.275910348,0.0711083189
9726,1.91379857,0.187664732
9727,0.923194647,-0.545359015
9728,0.0547134392,-0.149625152
9729,-0.445658296,-0.312270492
9730,0.109905891,-0.410023987
9731,1.011935,1.51505375
9732,-2.01697874,2.06237555
9733,-0.118437141,0.421608746
9734,0.295515597,0.744516313
9735,1.2596792,-1.16083491
9736,-2.16737437,-1.03139877
9737,-2.54062223,-0.829098105
9738,0.811048985,-0.533834219
9739,0.883993387,0.943917751
9740,0.107112966,-1.01084256
9741,-1.0860424,-0.265354425
9742,-0.150620893,-0.648662567
9743,0.187319815,-2.89381647
9744,1.04604697,-0.415850937
9745,-0.643346548,1.1911664
9746,1.64908564,-3.00350046
9747,-0.557348013,1.73109317
9748,0.233742341,0.427913368
9749,-0.19288975,0.168979645
9750,-0.206149027,1.57776701
9751,-0.691952646,-0.985847414
9752,-0.614650965,-2.02744699
9753,2.63704085,-2.55043316
9754,-1.16600299,-1.28971124
9755,-0.189078957,-0.0947052464
9756,0.218017519,0.706526756
9757,-0.581016958,-1.0381645
9758,-0.248072058,-0.969437838
9759,-0.812274396,-0.764231265
9760,-1.40483415,0.975732207
9761,2.40828156,-0.558915377
9762,-1.55224526,1.20515704
9763,-1.69361567,-0.0172342323
9764,-0.255513906,-1.08176768
9765,-0.119860016,-2.50020766
9766,-2.96958756,0.862590492
9767,-0.647918284,-0.67209512
9768,1.1732558,0.120677434
9769,0.325602174,-1.68002248
9770,1.30862999,-2.10263729
9771,-0.363534331,1.44638348
9772,1.71627021,0.573692679
9773,2.01220226,1.93768728
9774,1.01103377,1.2766732
9775,-0.00552050397,1.3436228
9776,-0.122997753,-0.68507123
9777,0.692836165,1.41724527
9778,-1.01240861,-1.55022013
9779,-0.346648753,-0.872801721
9780,-2.05809307,-0.286664665
9781,-0.735402167,-0.705600083
9782,1.13857794,1.58399844
9783,0.507819891,-0.262742907
9784,2.01853633,0.535571754
9785,-0.473954707,0.571265638
9786,0.210157305,0.526098073
9787,0.971077502,0.417561859
9788,0.663172483,-0.105239756
9789,0.00241544982,-0.260160804
9790,0.325174421,-0.613989115
9791,0.302079618,-0.291055858
9792,-0.189974934,-0.634777308
9793,1.28487062,-0.735544622
9794,0.833644629,2.20905805
9795,0.162523255,-1.67697191
9796,-0.662817419,-1.89292276
9797,-0.833597839,0.0332309827
9798,-0.364940673,0.769633055
9799,1.2985996,-2.093472
9800,-0.960190475,1.18546414
9801,1.15520668,-0.977780879
9802,-0.961330473,0.704244673
9803,0.418866277,-0.199099362
9804,-0.317751318,1.60921776
9805,-1.48308957,-2.19168663
9806,0.393629998,-0.740075588
9807,-0.158309236,0.0809379146
9808,-0.970857978,0.26827988
9809,-1.72529829,-0.0907095075
9810,0.222186148,1.11797571
9811,-1.48317635,0.53621608
9812,1.47262156,0.102422066
9813,1.80009079,1.36666191
9814,0.211344659,1.06175387
9815,3.50682211,1.62277699
9816,1.19578838,1.64153922
9817,0.620619595,0.15365155
9818,2.02217793,1.02070391
9819,0.110902555,-1.99229789
9820,-1.32542443,0.916603148
9821,-0.306714386,-0.271238655
9822,-1.59123015,0.111549638
9823,-0.919970691,-1.00933349
9824,-0.224567294,-2.10285926
9825,-0.493633151,-3.20318627
9826,3.31482863,-0.22983256
9827,1.2105217,-0.238568574
9828,1.31398213,0.991540134
9829,1.62694883,-0.891638219
9830,0.762634337,-0.167907447
9831,0.163070753,-0.326706886
9832,-0.150707334,-1.63385808
9833,0.3340289,-0.497688502
9834,-0.17827028,-0.597949862
9835,0.29756698,-0.914058626
9836,-0.264962912,-1.7187351
9837,-0.506072998,0.523644626
9838,0.773979127,0.400871366
9839,0.281175047,-0.904215097
9840,-0.17261152,-0.0244429652
9841,-0.740855753,-0.582874298
9842,1.48897326,-1.90559494
9843,-1.44389296,2.24180102
9844,-0.815192103,-0.318445086
9845,0.147231355,0.424280316
9846,1.18926442,-1.56869912
9847,0.353026032,0.615282774
9848,-1.20702636,0.0895256475
9849,-0.279307872,-1.07153916
9850,2.51830316,1.75035012
9851,0.906968832,-0.393012196
9852,-0.205817789,0.473750532
9853,-0.142834157,-0.877296507
9854,-0.857956111,-0.406050026
9855,0.303470045,-0.832601428
9856,-1.81139791,0.061193198
9857,-0.670208633,-0.0543402918
9858,-0.638966203,0.829165518
9859,-0.378727376,-2.64067364
9860,0.182382733,-2.18613696
9861,0.688885272,3.40884733
9862,-0.780342221,-3.24493265
9863,-1.75169063,2.20439053
9864,-0.650242388,-2.08557916
9865,0.270372689,-0.0804837197
9866,2.07426333,2.11175442
9867,-1.26893473,1.70992529
9868,0.363139391,0.129077896
9869,0.0486263596,-1.23785889
9870,1.427387,-0.614454687
9871,0.746026397,0.219492868
9872,-0.167456016,-0.0333869047
9873,-0.0125171021,-0.472736925
9874,1.8997035,0.177517965
9875,1.68698394,0.204274416
9876,0.256025016,0.0861821249
9877,0.848879218,0.434908181
9878,0.774099529,-0.0511584356
9879,-0.17456688,-0.199971691
9880,-0.567529023,2.46514082
9881,-1.79393554,1.82278061
9882,0.462023437,-0.438739151
9883,0.516073704,-1.14269996
9884,0.661098063,-0.126327857
9885,-3.51775217,-2.54941058
9886,0.351192176,0.457119107
9887,-0.610784352,0.550075054
9888,-0.961665809,1.19371951
9889,-0.728069305,0.379241109
9890,-0.933331192,-1.15770042
9891,1.45445049,2.32472968
9892,0.85121423,2.25677514
9893,-0.127741531,0.667267323
9894,-1.14604223,2.47532272
9895,0.732416868,0.665566623
9896,1.46132445,-0.816431284
9897,-1.21817946,-0.487412661
9898,-0.751273811,0.149788022
9899,0.132151574,0.276664883
9900,0.505874097,-1.60328031
9901,0.915150702,0.518414676
9902,-0.368687153,0.460935503
9903,-0.0380869545,1.41226864
9904,1.22538805,-0.634227097
9905,-1.478212,-2.1423614
9906,-0.650563717,0.461190194
9907,-1.59790075,-0.847079575
9908,-1.76961422,-3.1811161
9909,0.220150754,1.1198889
9910,0.169220045,-1.93217683
9911,0.216448396,0.450964034
9912,0.178604662,-1.52557302
9913,0.0223359372,0.361003011
9914,-0.10237065,-1.26501787
9915,0.31313622,0.978849411
9916,1.15461183,-0.0371219367
9917,-3.35508323,0.830056906
9918,0.664732397,-1.01192594
9919,0.532364368,-0.604134321
9920,-1.62215161,1.31184089
9921,2.22253752,1.15219843
9922,-0.217612177,-0.100931667
9923,0.0776243061,-0.334458321
9924,1.35551882,2.17172956
9925,-0.16233708,-0.146489367
9926,-1.1489166,0.758515835
9927,-0.53878504,-0.459819138
9928,-0.242169619,-1.16560245
9929,-0.252077311,0.0851148963
9930,-0.311149061,1.34325635
9931,2.4915278,0.373876274
9932,1.34161484,2.55404305
9933,0.905906081,-0.903992236
9934,1.05467558,-0.606394768
9935,-0.814228058,0.953739643
9936,-0.282490045,-0.437006265
9937,0.541063845,0.13610737
9938,-0.493738174,0.779905021
9939,1.10190213,0.405846894
9940,0.463882864,-0.323557734
9941,-0.292498589,-3.19420862
9942,-0.79456228,-1.16940761
9943,-0.945063353,0.952922463
9944,-1.10563362,2.8878746
9945,-1.04906702,2.50070047
9946,-2.8564074,-1.16503656
9947,1.99569345,2.88015723
9948,-1.90825176,0.619736254
9949,0.204645708,0.325520217
9950,-0.109722383,0.894256651
9951,0.471740007,0.788715541
9952,-0.514266789,-0.559148133
9953,-2.01285219,0.00174162653
9954,-0.186551601,0.0581304766
9955,1.24098372,2.19683886
9956,-0.172834754,-3.10194588
9957,0.0753826126,1.07960451
9958,-1.55088675,-0.152167529
9959,1.64036524,-0.793058872
9960,-0.513813794,-0.523216546
9961,1.51971817,0.553099513
9962,-0.883573115,-0.0190747324
9963,0.839713097,-0.559164643
9964,0.704402506,1.05408764
9965,-0.361786038,0.375052273
9966,2.19680834,-0.951557815
9967,-0.776458442,1.60726869
9968,-2.65563321,-1.58607626
9969,-0.998950183,0.403215826
9970,1.02298427,-0.449649543
9971,-0.00337928557,0.0629980266
9972,-1.40060532,1.5229373
9973,-0.881465673,0.358608276
9974,1.30410087,0.655275226
9975,-1.29976189,-0.58535552
9976,-1.01101971,-1.64858007
9977,-0.929014802,-0.21793896
9978,0.2002794,-0.80774498
9979,-2.50711632,0.0393639952
9980,0.666253507,0.0504565537
9981,-0.505674243,-0.530846953
9982,-1.73422253,-3.4404192
9983,-0.426653057,-0.550944388
9984,0.740175366,-1.23064387
9985,-0.0208408926,1.23546731
9986,0.195922911,-0.175097853
9987,-0.422384709,-0.369815797
9988,-0.401151061,-0.0517946556
9989,0.860929012,-1.04493272
9990,-2.35835791,1.83183157
9991,-3.28774071,-0.612397075
9992,1.35752738,-1.21114802
9993,0.0106121683,-0.921945453
9994,-0.58730638,-1.00953984
9995,0.090869844,-0.587577701
9996,2.01814175,-0.569456935
9997,1.96014321,0.569507122
9998,0.117651097,-0.195977479
9999,1.13241696,0.682178319
