index,acc_x,acc_y
0,1.269881368,0.194475785
1,0.472646356,-1.236699343
2,-1.260901928,0.604914069
3,1.930707455,0.127699971
4,1.537889600,-1.226206303
5,-0.083405763,0.430334240
6,-0.775541127,2.212100029
7,1.802977562,2.323099136
8,-1.037122607,0.009783536
9,0.490201235,-1.204010129
10,-0.093303099,0.305524826
11,-0.713992357,1.096142173
12,0.741064906,-1.324724913
13,-0.213454112,0.873357236
14,0.213574588,0.629799843
15,0.230804533,0.330106974
16,1.670562029,-0.547687352
17,-1.667180419,-1.706692696
18,-1.223800659,1.056833863
19,-0.129470989,0.185173884
20,-2.758881330,-0.621649981
21,0.341295958,-0.101080492
22,0.517429233,1.223393321
23,-0.729113102,0.077184647
24,0.615251839,0.324536622
25,-0.027031645,-0.508988559
26,0.551737368,0.106948242
27,0.436834902,0.827688694
28,-0.839467883,-0.331357598
29,-0.441813231,0.170475930
30,-0.524614275,0.135815442
31,0.935064614,1.820862532
32,2.091101646,1.134083390
33,-0.161825791,0.691666722
34,-0.040179789,-1.351565242
35,-0.474324167,0.254696906
36,-1.206834674,-0.793213069
37,-2.786957502,0.760100663
38,0.031167172,-0.152252898
39,0.314628720,-0.127483845
40,1.635247827,0.175219506
41,0.340859532,1.615513086
42,-0.688195765,0.557560265
43,-0.061707854,-1.264651775
44,1.144709229,0.379433990
45,-1.828534365,-1.094118237
46,-0.016221313,0.220669463
47,0.308900058,0.478532940
48,2.100413322,-1.685571194
49,-2.332074165,2.078310251
50,0.990003467,-0.459792107
51,-1.564199924,1.049324870
52,2.584285736,0.113443777
53,-0.711916804,-0.292452276
54,0.678924143,-0.884944499
55,0.145689741,-0.191052020
56,-0.370754719,1.584233284
57,-1.124286413,-0.534606636
58,-0.122670136,1.766388893
59,1.815704346,0.129406258
60,1.373380184,0.074613571
61,1.429534078,0.862378359
62,0.793689847,-0.217357486
63,2.147529840,-0.880967736
64,-1.508026123,0.534977674
65,-0.326367050,-0.476027012
66,0.426611990,0.162121207
67,-0.286089152,-0.216804653
68,0.774061799,-0.065345369
69,0.239583194,0.590249538
70,1.846771717,-1.308124185
71,-0.770303190,1.021477699
72,-0.975203454,1.729395986
73,0.220787644,0.658698559
74,-0.366150081,-2.602938652
75,1.991673946,-1.921853781
76,-1.045723677,-0.932718515
77,-4.361197472,0.214665651
78,1.043336391,0.368822277
79,-1.767347574,-2.088278770
80,-1.304240108,-1.704916596
81,-0.757759094,-0.143109649
82,-0.502953768,-0.776881754
83,0.399741739,-0.051720899
84,0.156680852,-0.054061044
85,-1.401315689,-1.047322154
86,-1.233960629,1.615283370
87,2.694925070,-2.620566607
88,0.951897502,-2.259307384
89,-3.520431519,-2.401526213
90,0.537939191,-0.531191230
91,-1.450588465,-2.508317471
92,-0.534690559,0.736988246
93,-0.106149748,0.656761229
94,-1.520698309,1.579697013
95,2.712292671,-1.461972713
96,-0.302501559,0.227251202
97,0.954917610,0.973749757
98,1.114039779,0.561038971
99,0.249091744,0.106626205
100,-1.235265493,4.116028309
101,-1.067002058,-0.324357152
102,-1.515817404,0.394957036
103,-0.837189198,2.547731161
104,0.333443701,-0.052877232
105,-0.031703521,0.068900585
106,0.326583356,0.233067930
107,-0.265188277,0.690518320
108,0.373337626,1.358608127
109,-0.735624433,-0.327460289
110,1.740352988,-0.102892518
111,1.496535778,1.931205153
112,-1.643246531,0.481173426
113,2.227510691,1.999345779
114,1.744243264,-1.730670452
115,-0.694096267,-0.462035179
116,-0.114637077,1.865614533
117,-1.464780092,-0.993622541
118,-0.242654145,0.214576259
119,1.228643417,-0.463094294
120,-0.116945162,0.500944674
121,1.549421191,2.419511557
122,-1.263927698,1.662807226
123,-1.895681143,-1.596326351
124,0.595802307,-1.017574668
125,1.335192442,1.697739601
126,-3.600522280,0.632604480
127,-0.209679186,-1.863904119
128,-2.691794395,-1.471975327
129,0.130458623,-1.187755823
130,-0.361375690,-1.464259028
131,0.099297769,1.734831810
132,1.251530766,0.196268409
133,0.523905516,0.243529335
134,0.348958701,0.253084540
135,-0.308418661,0.046941079
136,-0.636704385,-0.300370097
137,-1.884661794,1.517470360
138,-0.322445422,0.200141415
139,1.088414431,0.369145930
140,-1.261178970,0.899038136
141,-0.862240970,0.240484834
142,-0.163231418,-0.113715976
143,-1.453822613,0.227759838
144,3.551400185,-2.596224308
145,0.103377797,0.427791417
146,-0.670656323,-0.209132925
147,-1.077122927,-1.213452458
148,-1.190406680,-0.291607797
149,0.924054146,-1.387256980
150,-0.094949365,-0.720337152
151,-0.128222167,-0.663772106
152,0.197587371,0.740740776
153,-0.213351876,1.391866684
154,1.022327662,-0.911023498
155,-0.781321704,1.081028938
156,-1.168194771,-0.043183684
157,-0.738736391,-0.459010720
158,1.632813931,-1.302410245
159,-0.587479115,-1.159705281
160,-0.042264223,-1.241598964
161,-0.353846729,-0.312287807
162,1.810105562,-0.296810687
163,-0.079184361,1.354815364
164,-0.263299108,-1.593763351
165,-0.511935949,-0.087709285
166,2.282053471,-1.178926706
167,0.794061542,1.075520515
168,-1.963307142,1.854526043
169,2.660012245,-0.948846698
170,0.826443374,0.751388013
171,-0.869798362,0.995932937
172,-0.853392005,1.027369499
173,0.683092296,0.748480201
174,-0.836623013,-2.134133816
175,-0.990070581,-1.258916378
176,1.759269595,0.158930674
177,-0.498542488,0.590252399
178,-0.413270593,-0.727468848
179,-2.050583839,-1.597176552
180,2.050524950,0.443510771
181,-1.174452901,-0.833299696
182,-0.344322324,-0.675365448
183,1.186482549,1.226041555
184,1.301175356,0.268967777
185,1.892544508,-0.623016834
186,0.240911961,-0.460784972
187,1.973718286,1.436382532
188,0.655788302,-0.022079464
189,1.209522963,-0.486106485
190,0.752289534,0.099793002
191,-0.887678504,0.473589063
192,-0.877866507,-0.419436961
193,0.015530705,-1.527959943
194,1.344146967,1.458549142
195,2.308469057,-1.388154984
196,0.689164996,-0.293480784
197,-0.571872950,-0.364578068
198,0.499257386,-0.664910078
199,-2.493576288,-0.727032661
200,1.757278681,-0.036544830
201,-0.471713126,0.248198479
202,0.362173796,0.284248620
203,0.316827774,-0.963134646
204,0.141464233,-1.428365707
205,0.618934155,-0.252390742
206,1.035721064,-0.028946936
207,-2.184106350,-1.345705867
208,0.279454917,-0.533938587
209,-1.233213902,-1.507259369
210,-0.508655787,0.734042645
211,0.361883909,-1.017711878
212,-0.251168817,-0.655122399
213,-0.632250190,-0.244357869
214,-0.925251901,0.161768019
215,0.655733705,-0.916777134
216,-2.038607597,-0.124803543
217,1.962882280,-3.804617882
218,-0.249198183,0.077837437
219,-2.405886173,-0.712848663
220,1.990113139,-0.995704174
221,-0.205453143,0.323055655
222,1.647613525,-0.217035234
223,2.659919500,0.473164797
224,-3.918643475,-2.697286606
225,-1.514734983,-1.158093214
226,2.876504898,-0.326108098
227,1.665443063,0.760085464
228,0.174383521,1.180446267
229,-0.853109539,0.950855911
230,-0.119733661,2.146642923
231,-0.008829087,-1.854530811
232,2.264039516,1.673799753
233,-3.067444324,0.367263317
234,1.800465345,-2.022886038
235,1.200307727,2.505476952
236,0.849753678,0.979013920
237,-0.543873429,-3.558880806
238,0.783155322,0.368131876
239,1.012632012,0.046348307
240,-0.773971856,1.351999640
241,-1.470348358,0.138833702
242,0.291034698,-0.589861035
243,-0.547356009,1.382619143
244,-1.184491158,0.734924853
245,-1.385691285,-0.529542983
246,0.064920135,-0.251139939
247,-0.416615695,0.021223068
248,-0.721829951,0.592372179
249,1.162127376,0.983353436
250,0.565950215,1.741223931
251,1.139662862,-0.295554787
252,-1.766352415,0.596548557
253,1.418845177,-1.796362042
254,0.132617161,-0.388109207
255,-1.178982377,-1.245550871
256,3.122212648,-0.337479711
257,-0.002648193,-0.099403650
258,-0.542241931,-0.109282166
259,-0.040328726,0.245959833
260,-2.009346485,2.921078682
261,0.092334583,-0.137648433
262,-0.109851018,-0.363692582
263,0.851116419,2.174181461
264,1.257551670,0.842977405
265,1.198537111,-0.841483474
266,0.220672250,-0.274676859
267,-0.098961823,0.188330188
268,0.117660284,-0.178595424
269,0.516975164,-2.167817593
270,0.346301466,0.200862497
271,-0.045169577,-0.679076791
272,-0.216326475,-1.726673841
273,2.072779179,2.452619314
274,0.045817513,0.273320764
275,0.200998306,-0.359956205
276,1.232553005,0.539621174
277,-0.605567694,-1.300218582
278,-4.526074886,-0.215059578
279,-0.542478681,0.144581825
280,0.013438096,0.268100411
281,-1.860321522,0.981567502
282,0.735187113,-0.317526668
283,-0.656161189,-0.792917311
284,-0.192736104,-0.044669040
285,0.507530451,0.629194379
286,0.511714697,-1.827886343
287,-0.350177377,0.871598601
288,0.323424518,0.574304581
289,0.092525303,-0.571173191
290,2.191833973,-1.930764437
291,-0.039743185,-0.238729566
292,-2.160771370,0.685849845
293,-0.988085985,0.235525250
294,0.666516006,1.529057384
295,0.027203999,-0.308919966
296,0.552261889,0.007187806
297,0.331924438,-0.125652835
298,-0.515597880,0.102445036
299,-0.545220494,1.268017888
300,-1.504119158,-2.818296432
301,0.795339584,0.282254368
302,0.047090255,0.172523260
303,1.180940986,-0.444175512
304,-0.229866952,-0.627987504
305,0.140976101,1.265055180
306,0.132793069,0.103573181
307,-0.634262145,1.126102805
308,-0.828128397,-0.933476806
309,0.100707591,-1.071651101
310,1.380649447,0.968269229
311,0.008478642,-2.977923393
312,0.818097115,-3.540476084
313,-0.097803652,-0.153709412
314,1.514895916,-1.612989902
315,0.120420128,1.551449537
316,-0.144852042,-0.307971776
317,-0.662160993,0.430497885
318,0.083696336,-0.004463166
319,2.225622416,1.115367174
320,0.299712718,-0.768273532
321,-0.001583487,-0.205785409
322,1.358235955,-0.251214951
323,-0.028556526,-0.960121691
324,1.799955726,-1.140061617
325,0.246712759,0.152696535
326,0.895716012,0.410262644
327,0.336034715,-0.589055836
328,0.724157393,-0.169085890
329,-1.516430736,-1.804930449
330,-1.530321240,-1.069196701
331,0.745291471,0.219416335
332,1.322837710,-3.139077187
333,-1.664401054,1.682342768
334,-2.944098711,4.223675251
335,1.881951332,-2.418562174
336,-1.318680286,0.226158023
337,1.390692234,-0.099235967
338,1.212484360,0.856955588
339,-0.876178622,-2.133585930
340,0.213439792,-0.389266133
341,-0.037284702,-1.315773487
342,1.011858702,2.036350012
343,-0.096921682,-1.294455409
344,0.237065077,-0.582459152
345,1.003877640,-0.290055603
346,-1.149386525,1.630883455
347,2.057931662,-0.024465658
348,-0.119911432,-0.041996241
349,0.596564054,2.087443829
350,0.018504888,-1.869660497
351,-0.886541247,-1.565303326
352,-1.538098812,-0.134440169
353,0.587599576,1.004354954
354,1.088621378,-0.297034413
355,1.958989739,1.230963707
356,0.550673306,2.659293652
357,-0.103099987,0.729739130
358,-0.292114496,-0.955509543
359,0.710164309,1.389038324
360,-0.106574215,0.503071547
361,0.660392284,-0.581063688
362,-0.873667717,-1.101238251
363,0.150810570,0.870791793
364,1.039100289,0.226135850
365,-0.814772844,-0.382933795
366,1.183664799,-2.658430576
367,-2.141156197,0.863660514
368,0.686055303,-1.039309263
369,1.853777289,-1.590406060
370,-0.670925200,0.513011575
371,0.197538137,0.124535471
372,0.569983065,0.133495063
373,-0.176613063,0.371249914
374,-0.310588658,-0.136333600
375,1.704246879,-0.358982921
376,0.662768722,2.104887009
377,0.628532469,-0.050683331
378,0.318176508,0.265734017
379,0.101655588,0.188328356
380,0.848714411,1.334328651
381,-1.373618603,0.968972921
382,-0.097680971,-0.264045715
383,-0.143831313,-2.384733200
384,1.021177292,-0.180523440
385,0.624451756,-0.653199375
386,0.691267908,1.454937935
387,-0.749581099,-0.745381773
388,-0.360852748,-3.111320972
389,-0.270986974,-0.560115695
390,3.275681257,-2.168151617
391,-0.610575080,-0.514256120
392,2.880601883,-0.286578476
393,0.966434538,-2.454841614
394,0.904064655,0.156340182
395,3.808760166,1.024104834
396,-0.106317639,-3.006695986
397,0.003814697,-1.550639749
398,-0.119334146,-0.339166701
399,-1.317242622,-0.289781928
400,-0.707933545,-0.758565307
401,-0.706870675,-0.586856365
402,1.540405035,-0.639148831
403,0.089693502,-0.132906511
404,1.773249149,2.395283937
405,0.394738257,0.596656203
406,0.376984596,1.109758377
407,2.279177189,0.935489058
408,1.084245920,-0.871073186
409,-0.114060014,-2.154994965
410,-0.495095730,-0.646652281
411,0.052600589,0.838142157
412,1.229291320,-0.584792852
413,-0.631222188,1.824046850
414,-0.237642288,0.867746055
415,3.443032742,-0.659209430
416,-0.103918433,-0.623431325
417,0.518665612,0.216206819
418,1.081614017,-0.493597627
419,0.325177819,3.232301235
420,-0.606127858,3.285625458
421,0.102456242,-0.165364519
422,0.138984844,-0.072867148
423,0.390425742,0.061193123
424,-1.253524542,-0.794791698
425,-1.453339458,4.450694561
426,-1.283463001,1.075934410
427,0.011841774,-0.447005153
428,0.594652355,-0.326040447
429,-1.122002363,-0.772993565
430,0.216405258,0.292222500
431,-0.604055524,0.258448422
432,-0.233363554,-0.192372739
433,-1.482754230,-0.809165835
434,0.181508407,-0.181384772
435,-2.812203646,0.466760516
436,-1.484852552,0.469959050
437,1.005635738,1.465837955
438,1.741989136,-1.524942517
439,-1.696135044,-0.226868987
440,1.195206165,-0.198066756
441,-0.061013490,0.894626498
442,0.069770649,1.870548368
443,-1.048743725,0.243473589
444,0.626637161,0.208026409
445,3.214268208,0.498768061
446,-0.864589989,-0.358307898
447,1.867614269,-0.594425917
448,-1.585755110,-1.880019665
449,-0.382894337,-0.334247231
450,0.857175708,3.012375355
451,-2.081725836,0.315128207
452,-1.762867212,0.254507065
453,0.578278065,1.498940825
454,-0.794455469,0.143362164
455,-1.435427070,0.419196367
456,0.735907555,-0.313279688
457,-0.355922461,-0.323796153
458,0.643074274,-0.001141459
459,-0.410316050,1.102865696
460,-0.921545088,-0.548854709
461,0.239989907,-0.303604305
462,-1.027015090,-1.290459156
463,-0.432426572,-1.777808666
464,0.333812296,0.609216094
465,1.160103917,1.075015903
466,2.322109222,2.132289171
467,0.348480195,0.991610050
468,2.533620358,-4.429018021
469,0.045798220,0.554945290
470,-0.286379457,-1.727022648
471,0.134342253,0.111424416
472,1.576981783,-0.838169098
473,0.235718757,0.383388609
474,0.236314729,-0.516211271
475,-0.059404418,-0.248451486
476,-0.014881015,-2.086472273
477,3.207106352,0.621255577
478,0.693890691,0.132411838
479,-0.928089738,-0.629192352
480,-2.277819633,0.080681562
481,0.614233732,-0.416372895
482,0.936374962,-0.585061669
483,1.087110519,2.863006592
484,-0.066071510,-1.413593054
485,-1.008932710,-0.080277920
486,-0.065382116,3.212018013
487,1.221031070,0.409381777
488,0.574974358,1.373854399
489,-0.232554540,0.063713484
490,1.345988035,-0.603645027
491,-1.926235676,0.859817147
492,0.285835534,0.024924774
493,-0.094865285,0.245288581
494,-0.028015258,-0.444391936
495,-0.973744988,1.713855505
496,1.782005906,0.568975270
497,0.139253959,-0.259411454
498,-0.455288142,1.751357555
499,-0.179613441,0.085389048
500,-0.729687989,-2.639116526
501,-0.648777187,0.111818023
502,0.459681749,-1.405534267
503,-0.722664297,0.769839764
504,-1.241733313,0.287076235
505,-0.740518689,-1.939423323
506,0.355811357,1.778264046
507,0.325562865,-0.899225533
508,0.273660719,0.176942378
509,-0.801593304,1.975267410
510,-1.336499453,-0.740437627
511,0.505482197,1.539571881
512,0.198638797,0.340411097
513,-0.192807958,-0.484412462
514,0.074166059,-2.284370899
515,0.084170178,0.430960923
516,2.545485020,-0.649128675
517,0.081351638,0.145063832
518,-0.352458388,2.967455149
519,-0.745430171,0.723112524
520,0.749320090,-1.616554022
521,-0.745079041,0.328091025
522,-0.206250727,1.412260771
523,1.232959867,0.258048892
524,2.639983177,-0.247107819
525,-1.002545834,-0.889275908
526,-0.312300712,-0.874042630
527,-1.236811280,-0.403716534
528,-0.715665102,-1.135099411
529,3.319922447,0.637510121
530,0.277392924,-0.590904951
531,0.124028191,-0.142803311
532,2.294993162,-0.681651711
533,0.479908317,-1.037197590
534,2.434039831,-0.872319400
535,0.854590237,-0.503771544
536,-0.205118671,2.413773537
537,2.183676958,-1.252022624
538,1.447862029,0.764558554
539,-0.264797032,0.546685696
540,0.263348341,-1.448535681
541,-0.959912896,1.245962620
542,-0.405770838,0.050527155
543,3.470514774,0.911202908
544,0.749321461,0.368705302
545,-0.422726572,-0.224636406
546,-1.385488868,0.258907676
547,0.444361508,0.166121185
548,0.717419147,-1.133706331
549,-0.526903152,-0.273206890
550,-1.405720472,-0.936164737
551,0.327638716,1.595502019
552,0.447149038,-1.951807261
553,-0.334714264,-0.009456009
554,0.936464608,-2.027555227
555,1.600639224,-0.198846787
556,1.078368068,0.427757204
557,-0.360782474,2.417340517
558,0.066643417,-0.195625618
559,-1.335325480,-1.860644341
560,0.040344611,-0.150501400
561,0.044701662,-0.252700806
562,1.517112017,-0.457010567
563,-0.140513331,0.170956016
564,0.997844815,0.627904713
565,1.247312069,-1.305218220
566,1.986881971,-1.020224214
567,-2.961827278,0.946832895
568,0.195063040,2.529905796
569,-0.321861446,-0.064456306
570,-1.970615149,-0.810611844
571,-2.078716278,1.200085878
572,-1.993627071,-0.384502172
573,1.610793233,0.602321804
574,-1.339924693,-0.006619513
575,0.856610775,0.451630712
576,-0.226550102,-0.823250890
577,-0.641438603,0.438434809
578,0.091306940,-0.640406132
579,-0.097170740,-1.657413244
580,-0.897258401,4.159005642
581,0.098341465,-3.066354752
582,1.705068707,2.040710211
583,-0.128723338,0.881800652
584,-0.425035954,0.107663952
585,0.649058104,1.552316189
586,0.313837796,1.462235212
587,1.260789871,-0.600073755
588,-0.454744875,1.258826494
589,-0.760887682,-1.441777229
590,2.288350821,2.040443897
591,0.014495030,-0.320001900
592,-0.537749469,0.576728225
593,0.223384932,-0.011715405
594,-1.726712942,0.350085378
595,2.926134825,-1.496249557
596,-3.667340755,1.068550825
597,1.070795536,1.816534996
598,0.379765451,-1.435532689
599,-2.384766102,0.401299417
600,0.910467744,0.338006794
601,-0.687155008,-0.569261253
602,-1.268938422,-1.680560589
603,-0.457406342,-0.105621517
604,1.279526353,-0.709621072
605,-2.198684692,2.270317554
606,-0.683366120,-3.527893782
607,-0.350146711,0.162607193
608,-0.108744442,-1.060327530
609,-0.996122837,-0.451542884
610,0.105725765,-1.192102194
611,1.466288567,1.634526610
612,-2.063053608,0.725367606
613,2.937787533,0.382980675
614,-1.198839664,0.857956111
615,0.440092564,0.931699634
616,-2.461036921,1.499891043
617,0.842663467,0.558929086
618,1.161142230,0.149966568
619,0.913035393,0.389839143
620,-0.389310122,1.722330570
621,1.426324964,0.287505567
622,-0.559267521,-0.349715799
623,4.347804070,1.963262796
624,-2.340579271,0.098455578
625,-0.875296414,0.509658754
626,-1.580687642,2.137070179
627,1.891430616,1.497512341
628,0.968847990,-0.539355159
629,0.952157259,-0.009746015
630,-0.130111888,-0.119021244
631,-1.136804938,0.992048144
632,-0.614238679,0.538615584
633,-2.570017815,-0.767150760
634,1.092030168,-0.411575258
635,0.610340476,1.104016423
636,0.423968554,-1.105068207
637,0.129136115,0.003483868
638,-1.197496176,1.021684170
639,0.066234060,0.147002473
640,0.288527071,-4.300192356
641,0.685397625,-2.154751778
642,-2.444493532,1.002370596
643,1.213488936,1.049948812
644,0.396919906,-0.031372279
645,0.676288605,0.357377082
646,0.975241542,1.069743872
647,-1.026905417,3.324293137
648,0.871595919,-2.519558191
649,0.599369943,0.562133372
650,0.945195138,1.583831429
651,0.014935255,-1.821869373
652,0.030473743,-0.311934024
653,-0.771763146,-0.556002438
654,0.066864230,1.933058977
655,-0.512700677,0.375120044
656,1.251322389,1.166850090
657,0.172558203,0.557537675
658,-1.101688623,0.178207070
659,0.326609850,-0.722071171
660,-1.623297334,2.606513262
661,0.444979042,3.735349655
662,-0.187784880,0.091505989
663,0.982114196,-0.337042153
664,-0.929032683,-0.836030483
665,0.636225164,0.192466974
666,-0.141076386,-0.201962650
667,-0.354860634,0.138207018
668,0.047650173,0.936003983
669,0.173904568,0.115119085
670,0.088710271,-0.155528560
671,-0.665005505,-0.177506238
672,-0.916659057,1.582461715
673,-0.795260489,1.141990304
674,-0.411110818,-2.322516203
675,-0.121641852,-0.193198159
676,-0.847538173,0.531453013
677,-1.645591259,-2.085191727
678,-1.078007817,-1.093508482
679,-1.607970953,-1.152132392
680,0.991051316,1.612146854
681,0.332194716,-3.216678143
682,0.226763621,0.335102797
683,1.098566294,0.487137944
684,-0.185147211,-0.538923383
685,0.289139807,2.268506527
686,-1.808569551,-0.841888309
687,1.396052718,-0.361329257
688,1.247005463,0.331043363
689,-0.088202782,0.362047553
690,-0.205080703,0.473345488
691,0.471036673,-0.582368255
692,0.421853662,2.111151218
693,-0.327618599,-1.143337965
694,-1.779199362,-1.879533768
695,-0.378071457,0.845987260
696,2.474538803,2.128746748
697,-1.668320775,0.397711158
698,0.428062111,1.077414274
699,-0.477229357,0.278363019
700,0.161259949,0.454144061
701,-0.564569175,-1.164730310
702,-2.870228291,0.577279270
703,-0.578323960,2.542772293
704,-0.690314531,-0.530212283
705,-1.718775988,1.000672460
706,-0.373341829,1.400676727
707,-2.965014935,0.426162481
708,0.396459103,1.514011502
709,1.566364646,0.954882205
710,-0.476171345,3.115083218
711,0.114123203,0.566218615
712,-0.175535858,-0.182116091
713,2.171193123,-0.202904731
714,1.197637439,-1.201907992
715,-2.529435635,0.784886837
716,0.059574097,1.705095053
717,-0.038292021,-0.536815584
718,0.843943357,-0.115376234
719,-0.409822941,-1.323715687
720,0.676337123,-0.853569508
721,0.654674172,-0.281543463
722,-0.881140471,-1.408994675
723,-0.259389073,-1.124502420
724,-0.299126685,-0.045770615
725,-1.365424991,0.363367081
726,-0.510294974,-0.896256030
727,0.213647306,-0.365446210
728,-1.684495568,-3.614318132
729,2.243467093,2.330804348
730,1.773984671,-3.263821602
731,0.099286869,0.331099898
732,-1.089385986,1.314780951
733,-0.157607704,0.134024784
734,-1.533779860,0.311156362
735,1.079722285,3.134634733
736,1.247607708,0.081986144
737,-1.350775003,0.949400783
738,1.305761099,0.706367075
739,1.090666890,0.144677699
740,-0.145368740,0.459793121
741,-2.460338831,0.760288119
742,-0.789433122,-0.259855688
743,1.034740448,-0.068771362
744,-0.372792065,0.432144642
745,2.685996771,0.158432543
746,0.448017061,-1.080124378
747,0.144307673,0.427456021
748,0.105673350,0.347962677
749,0.911906719,-0.989044845
750,0.838712454,0.794311881
751,2.218504190,0.682412565
752,-2.229954243,-1.751813293
753,0.165992603,0.187564209
754,-0.637256622,0.355270863
755,1.731649995,-0.719901443
756,1.330654144,-0.401727080
757,0.375626981,-0.373377144
758,1.824455500,-1.883917689
759,0.905279636,-0.854221225
760,0.245372772,-0.098483801
761,1.338680029,-0.548879206
762,0.741787016,-1.115645409
763,0.772190392,0.588580132
764,-1.876773834,0.332350135
765,-1.097125292,-0.029514372
766,2.474334717,2.492647171
767,-0.390087336,0.433658302
768,0.085525326,0.334938496
769,-1.736586094,-0.245688260
770,0.825590014,0.436972797
771,0.358427852,0.953752458
772,2.718266964,-0.076350987
773,0.319229543,-1.702322006
774,-0.089135259,-0.309635878
775,1.751949787,0.995154440
776,-0.065753520,-0.480934262
777,-0.791785002,-1.016484618
778,-1.364363909,0.298686743
779,-0.075607777,0.664346814
780,-0.433331102,-0.533887982
781,-0.138071209,0.162042826
782,-0.045715585,-0.486849189
783,-1.562994123,0.846086979
784,-0.535832763,0.661564112
785,0.799684882,-0.585757792
786,-0.190495580,0.790673792
787,-1.705890656,-0.672088087
788,0.936781883,0.565886378
789,-0.492067844,1.955194592
790,2.622675657,1.158577442
791,-0.526322603,-0.628916144
792,1.761814475,-0.437611580
793,-1.014485836,2.171345949
794,0.234897852,-0.388757318
795,0.556441784,0.867542386
796,0.615904391,-0.118898198
797,-1.247338772,-0.745830238
798,-0.439440757,0.535863996
799,-0.684878528,0.761668921
800,-0.894105792,-0.032377213
801,-0.152816892,0.244473457
802,0.240950465,-0.987605572
803,0.158274502,-0.030508088
804,0.351050615,-0.981344640
805,-1.992194891,-2.484214783
806,2.789692640,-1.085909009
807,-0.291466862,-0.481534451
808,-0.269796193,-2.012124538
809,0.516050220,0.148119837
810,-0.316002101,1.262456775
811,0.784017384,-0.721733391
812,3.350896835,2.732102871
813,-1.188633561,-1.136642337
814,0.183015049,0.073456585
815,-2.732801676,1.740635991
816,0.414385557,-1.497483850
817,2.439075470,0.641368747
818,-0.777228653,0.716122985
819,-2.224548578,-0.057601154
820,0.977186978,-0.223024681
821,0.297667563,0.159059316
822,0.190744415,0.302385330
823,0.496348798,-0.248217389
824,-0.564066648,0.964144826
825,-0.405651957,-0.509332657
826,0.033741213,-0.192000866
827,-0.694472253,-0.971141338
828,-3.004980087,1.171543002
829,0.647433221,-0.552230537
830,0.025643550,0.506246269
831,1.856684685,0.157744586
832,-0.906844914,-0.296643138
833,0.374579549,0.564099908
834,-0.067561232,0.341630608
835,-0.418878436,0.701378465
836,-0.251212418,-0.070580915
837,-0.447314501,-0.674499393
838,-1.215699434,-0.404081136
839,-0.610068798,0.258148313
840,-1.110670090,-0.098539561
841,1.263280153,-0.222273856
842,0.979471743,1.925009131
843,0.354842812,-0.139222533
844,-0.095951684,0.277525365
845,-3.040500641,0.947574258
846,1.988772869,-1.238541484
847,-0.014498129,0.876642108
848,0.136261404,-0.488458931
849,-0.789806008,-0.091095269
850,-0.977630019,-1.483191967
851,-0.215704978,0.060782291
852,0.675673127,2.102686882
853,0.856696725,-1.345815301
854,-0.115917981,-0.113358781
855,0.764790893,2.640210629
856,-0.349767864,0.071776368
857,1.402768016,-1.192398548
858,-0.865550339,3.312654257
859,0.935712814,-0.585316539
860,-0.058132648,-2.382514238
861,-0.783614755,2.228337288
862,2.184781790,0.495227158
863,-0.219092637,-0.683448672
864,-2.058896065,0.114003450
865,-1.225193024,1.978935719
866,0.250931263,-1.465803623
867,1.194660783,0.968095064
868,0.229891971,0.199496597
869,-0.600837111,0.871995807
870,-0.037655346,1.016298771
871,3.002572060,-0.447500169
872,-0.374317408,0.437940508
873,-0.976146281,1.795680761
874,-1.355317950,0.938960433
875,0.700944781,0.336608648
876,1.000202775,-0.834670901
877,0.101018667,0.339317977
878,0.233501256,-1.135991573
879,0.626842737,-1.850820422
880,1.202523708,0.335108280
881,0.046937071,-0.638544679
882,-1.590964079,-0.121919379
883,-0.693136930,1.255454898
884,-0.071437515,0.541621327
885,0.169858217,-1.429994941
886,0.618728518,0.086743549
887,-0.335684180,-1.697709084
888,0.588268697,-0.744473279
889,0.950890183,-1.853116155
890,0.221636951,0.634862244
891,1.200699806,-1.025644422
892,0.863658011,-0.122771472
893,-0.151564747,-0.221922845
894,-0.351448119,-1.243250132
895,-0.194855720,1.601094246
896,0.426227331,-0.786997318
897,2.242005348,1.773470044
898,-2.116576910,-0.557775974
899,0.621150970,-0.162069023
900,-1.552059293,-2.355172873
901,-1.219533682,1.225016356
902,-0.669382036,0.760556638
903,1.897076845,-0.255991817
904,1.432461381,1.208019972
905,-0.234357119,0.007627219
906,-0.818066359,-0.074001320
907,0.117066279,0.352948487
908,-0.796896935,-2.753343344
909,0.215244025,0.668301702
910,0.407051712,0.141284406
911,-0.355707765,-1.672564387
912,0.338589579,0.745064557
913,-0.912195921,0.647815704
914,-0.420815766,1.260264874
915,0.686596990,-0.668810785
916,0.364207506,-1.726695776
917,-0.073255457,-0.215034097
918,0.172004178,0.662467122
919,0.151915163,-0.008201966
920,1.555670857,0.983245015
921,-1.068193674,0.792214632
922,0.365701795,0.733727098
923,-0.479678154,-0.002695963
924,-1.260422707,0.435608745
925,0.171068907,-1.397389650
926,0.756553233,0.662556291
927,-1.340089321,-0.761474013
928,0.273278058,0.099434897
929,-2.299511671,1.674028516
930,-0.278488189,0.532867432
931,0.040781453,1.652902842
932,0.395655841,0.234071210
933,0.418828845,0.080339082
934,-2.115450859,4.000860214
935,0.011751399,0.991631448
936,-0.134398073,-0.740832210
937,-0.730800033,-0.312168300
938,3.541788578,-1.344492197
939,-1.359856606,-0.026893198
940,0.471976399,-0.722151756
941,-0.194862798,-0.167924851
942,0.004645955,0.717098594
943,0.147028998,1.606996775
944,0.215422079,0.152140334
945,-0.352713108,1.351233482
946,0.783180535,0.434251815
947,-1.236614466,-0.722787380
948,1.722466946,-1.202788591
949,0.062066294,0.456578255
950,-0.929184675,1.169205785
951,-0.410011739,-0.943808377
952,0.040874839,1.822546482
953,-1.355704069,-2.788999081
954,-0.296750069,3.065016985
955,0.608811200,-0.698380589
956,0.879950047,-0.307828367
957,-0.818392634,0.752280176
958,1.089613795,0.388986230
959,-0.477726549,-1.736030817
960,-0.923158050,-0.797572374
961,-0.157825708,-1.692719221
962,1.510840058,-1.190481186
963,-1.881694078,-2.182193756
964,-1.053526878,0.151829004
965,0.827706456,2.157099485
966,-2.595787764,0.080451965
967,-0.807312787,0.445289969
968,0.744506240,-0.570896029
969,-0.060902357,0.491142631
970,1.301941991,1.055173635
971,-0.282111466,0.614074111
972,0.451999038,0.554534018
973,-0.884380817,-1.546471357
974,2.551596880,-1.303104281
975,0.188724637,0.870426357
976,-0.261722684,-0.204949170
977,-2.405645132,-1.123258352
978,0.523361444,4.925549030
979,-0.213129699,-0.414012432
980,-1.424967289,-1.197607756
981,-1.224879026,-0.698834419
982,1.114086747,-0.876918316
983,0.321850300,-0.323105961
984,-0.756078243,0.822843850
985,-1.146819949,0.941454291
986,0.553978801,3.802781820
987,2.124657393,-1.224956751
988,0.103094652,1.284551024
989,-0.145839214,-0.119440749
990,0.145324677,0.084197320
991,2.458234310,1.402648091
992,-1.184884429,1.267596722
993,-0.222590774,-0.162438035
994,2.148689270,1.122787476
995,-1.237115383,-0.438098490
996,0.218896419,-0.156106189
997,0.534052908,-0.539332271
998,-1.162724733,0.909388781
999,-0.557964921,-0.245957166
1000,-0.558039129,1.019255996
1001,0.567382157,4.652148247
1002,1.201984644,0.533960402
1003,1.307323456,-0.977496684
1004,-2.954648733,-2.382616520
1005,2.196503162,-1.182049632
1006,0.240470409,-3.288149834
1007,-0.030895710,-0.409236610
1008,-0.453430772,-0.738299847
1009,1.339884043,-0.644214153
1010,0.820433855,0.819711924
1011,0.243876353,0.999268591
1012,1.764665365,-0.585912049
1013,0.088146865,-0.640669703
1014,-0.710721791,0.293991268
1015,0.431644350,-0.576846838
1016,-1.637750387,-0.801124096
1017,-0.753741682,2.057614088
1018,1.808084011,1.691219449
1019,0.850420594,-1.626042008
1020,-2.083228827,1.816550016
1021,2.453702927,2.000852585
1022,0.521608949,-0.841390431
1023,0.729962826,-0.216594726
1024,-0.004422083,-0.693856478
1025,0.336447656,-1.209127069
1026,2.667760849,1.557675958
1027,-0.625567079,-0.390576214
1028,-0.198621273,0.874154568
1029,0.920576572,-2.848531008
1030,-0.246132642,-1.596111774
1031,-1.334165335,1.415235162
1032,2.531203985,0.092708394
1033,1.862772703,-1.205682516
1034,-0.794632375,-1.965682268
1035,1.318382025,0.462575972
1036,2.836306095,-1.696219087
1037,1.473481536,0.840469003
1038,0.064344704,-1.807073832
1039,-0.888201296,-0.299065590
1040,0.159932300,0.113791436
1041,-0.550760508,0.923801303
1042,0.277704597,0.725179553
1043,-0.127494425,0.354610920
1044,-0.330567658,0.425173521
1045,0.721511781,1.946833730
1046,-0.517465472,-0.708145201
1047,0.790567935,0.983911633
1048,-1.873362541,-2.195257664
1049,-0.497910321,-0.385090470
1050,0.444930077,-0.675930381
1051,-1.029837847,-0.399795562
1052,-0.039807301,0.281462610
1053,0.187246591,0.027243238
1054,0.015924722,-1.261489511
1055,-0.653845608,2.297958374
1056,-0.163603649,-0.429907560
1057,-2.300180435,0.170514405
1058,0.462213606,-0.313697159
1059,-0.180079028,0.201420575
1060,-0.297525406,1.193383455
1061,-2.029075146,-0.474964887
1062,0.267406076,0.471998930
1063,-0.053924024,-0.176479399
1064,-0.560646892,0.777861893
1065,0.397346586,1.533854842
1066,-1.372963548,1.860147476
1067,-0.938503027,-0.299032539
1068,0.599488258,0.531475186
1069,-1.194705367,-1.003865838
1070,-0.386697412,-0.062539414
1071,-0.997572541,-0.833626807
1072,0.476770967,-2.575262785
1073,0.152693376,1.144487143
1074,-0.898096323,-0.792096019
1075,0.851271629,-1.030683637
1076,-1.199555039,-1.070812345
1077,1.013993502,-0.960613191
1078,-0.563670635,0.371903002
1079,-1.273438931,0.427503109
1080,-0.493843049,0.146134451
1081,1.097952724,0.084524609
1082,0.646284103,-0.050297618
1083,-0.017177865,-0.575774014
1084,-1.370848656,0.677776933
1085,0.357344389,1.153593421
1086,-0.407381058,-0.084423780
1087,-0.585338056,0.856104970
1088,-1.983588934,-0.025497854
1089,-0.754670322,-0.775991082
1090,-0.497983634,1.561561584
1091,1.027721405,1.711051464
1092,0.163153514,0.023734186
1093,1.044888377,2.419871330
1094,-0.409328699,-0.841391504
1095,1.656867743,-1.632694006
1096,-0.960065544,0.721582532
1097,-0.628784657,-0.491576195
1098,0.451160371,-0.598707616
1099,2.685492277,-1.647594571
1100,2.947072744,-1.882631540
1101,0.253518820,1.160068154
1102,2.518053293,0.161506087
1103,-1.542099476,-1.470744610
1104,-0.478112251,-0.262093574
1105,0.009091824,1.360544682
1106,0.705587864,-0.626156330
1107,0.103865400,1.170590639
1108,0.035645913,-0.185448617
1109,2.584692955,-1.177127957
1110,0.980131209,0.997563362
1111,-0.011102878,0.720823824
1112,-0.992794991,0.004802883
1113,-0.168224216,-4.274698734
1114,-0.583453834,2.690235138
1115,0.256188184,0.761797428
1116,-0.629465222,0.227733016
1117,0.528282881,-2.135692596
1118,0.903397739,-0.904660702
1119,-0.261090368,0.430668175
1120,0.237812281,-1.064935803
1121,2.639859915,-0.679520786
1122,0.037688136,-1.281665206
1123,-0.156029806,-0.604023337
1124,-0.108635396,-1.047385573
1125,-2.360993624,-1.125712872
1126,-0.080732293,-0.345262438
1127,-0.353945613,-0.346719027
1128,-1.107463717,0.138676196
1129,-1.418325067,0.270236373
1130,0.552620590,0.641694307
1131,-0.960522950,-1.862572193
1132,0.658159554,1.889241934
1133,-0.401787519,2.563297272
1134,0.339915574,0.024524854
1135,2.044884920,-1.147326112
1136,-2.252660513,-0.724635363
1137,0.123905562,1.391215444
1138,-0.702278674,1.056032062
1139,0.462087691,-0.972612143
1140,0.182214379,0.825100660
1141,1.377136230,-0.165767998
1142,0.982538164,0.904727578
1143,-2.084568977,1.484606266
1144,2.151538372,0.694921553
1145,0.337520510,0.277820617
1146,0.940563917,-2.714793921
1147,0.962265968,0.519443631
1148,-1.512313962,-0.615910709
1149,0.117134571,-1.449701190
1150,-0.170177504,-0.614016652
1151,-1.301897645,-3.719830990
1152,-0.760511041,-0.733810782
1153,-0.784616053,2.852982998
1154,2.273542404,-1.279695868
1155,-0.243024945,-0.740611315
1156,-0.449517965,0.307520628
1157,1.894685388,1.423360825
1158,0.722020924,-1.097057104
1159,-0.425500154,0.990036130
1160,1.412448525,-0.515920818
1161,0.325452149,-0.853446007
1162,-0.935176909,0.545200646
1163,-0.136819586,-1.250007391
1164,0.109577268,-0.200580806
1165,0.116893739,0.448277712
1166,0.600060761,0.643988490
1167,0.145845175,-1.923666000
1168,-0.529570818,0.552455604
1169,0.371968657,0.083643794
1170,-1.033587813,1.619979978
1171,0.189033151,-0.776289701
1172,0.625381947,2.071612835
1173,-1.047609329,2.749607563
1174,-1.912672877,0.023628116
1175,-0.532533050,2.080220938
1176,-0.561518610,2.359835148
1177,-0.101340473,-0.552232146
1178,1.706599593,0.017746925
1179,-1.254755497,1.107192516
1180,-0.220216304,0.207079351
1181,0.117507569,1.871502876
1182,2.341758728,0.468924224
1183,0.981289744,-0.643323064
1184,-0.265617222,0.281886578
1185,1.081873059,0.145293623
1186,0.142681539,-0.210859835
1187,-0.275953352,0.946377397
1188,0.601748586,1.326223850
1189,0.417761266,-0.607858717
1190,-0.417784750,0.217616946
1191,-0.452681005,-0.729636371
1192,-0.172142595,-0.055355102
1193,-0.352348566,-0.130959183
1194,-1.862704515,-0.457718849
1195,-0.657312751,-0.362919331
1196,-0.125249535,-0.951888502
1197,1.930665016,-1.332916617
1198,-0.568848968,-0.804873645
1199,-1.796941161,0.013968289
1200,2.101648808,-0.412129879
1201,0.418950558,-0.266577125
1202,-0.077499956,-0.140009373
1203,0.759381890,1.339572906
1204,0.412490249,-1.318197727
1205,-0.061733440,1.190453529
1206,0.193249539,0.038990051
1207,-1.214787364,-1.032046318
1208,0.662629843,-0.900207579
1209,0.981839597,-0.404949665
1210,0.845562100,0.394996166
1211,-3.431114674,1.377308726
1212,-1.442323327,-0.705992699
1213,-0.034327451,0.180430606
1214,-2.640025616,-1.005914688
1215,-1.189980149,-0.698697269
1216,-0.540960789,0.529384255
1217,-0.578907132,-1.843202114
1218,0.391159117,0.039283726
1219,0.119386122,0.088102333
1220,-0.329448998,-0.062289603
1221,1.607359171,2.195508957
1222,-0.148969799,-1.077532291
1223,-0.138372898,0.631136119
1224,-0.491243869,-0.577327013
1225,-3.477010250,1.593427896
1226,1.143097520,-0.958342910
1227,0.051635820,0.672403693
1228,0.607011557,1.105197549
1229,1.495617509,0.504907727
1230,0.076253459,0.029841937
1231,-0.525125086,0.181879997
1232,0.614107311,0.805719733
1233,-1.513201714,-0.171773374
1234,1.214073777,1.013317108
1235,-0.153821081,0.100068040
1236,-0.233802676,-0.174918383
1237,-1.267847180,-0.459333807
1238,-0.467754930,0.384212941
1239,0.005266773,0.150613666
1240,3.169508696,-0.132410824
1241,1.706905246,0.351147383
1242,-0.074811071,0.185162127
1243,1.807400584,-0.353575677
1244,1.671927929,0.179652005
1245,-0.728892863,-0.127448544
1246,3.236875296,-0.003445268
1247,-1.558311224,-0.095193684
1248,0.109412044,0.398529232
1249,-1.316500306,-1.832119346
1250,1.774530530,2.568150043
1251,-1.087508440,1.325937629
1252,-1.566643953,0.563709795
1253,-2.103335381,0.101045847
1254,1.140194893,1.053926706
1255,-3.206885815,0.735334158
1256,0.005260439,0.275395334
1257,0.538339913,0.926320195
1258,0.576288283,0.487497419
1259,-0.171476945,0.421471089
1260,-0.818486094,1.039666176
1261,-1.800056100,-0.788692832
1262,0.034247220,-3.680261135
1263,-1.217458367,4.003720284
1264,1.000504494,-0.759481549
1265,0.487404466,0.417999804
1266,-0.477524102,-0.319601953
1267,-1.362884760,-1.681429505
1268,0.713279963,0.160375476
1269,0.413343608,-2.182485104
1270,1.095970869,1.279903412
1271,-0.135660812,0.684788883
1272,-1.056973219,0.278391927
1273,1.480776548,0.227835059
1274,-0.062793881,-0.295595765
1275,-0.455015838,-3.254246235
1276,0.128783613,-0.215806589
1277,-1.861236811,1.276020288
1278,-0.889051497,-0.231247514
1279,0.246276200,0.171257466
1280,-0.768134058,0.700178862
1281,0.052136950,1.186564922
1282,-0.678206861,0.260120004
1283,1.047603369,1.636304975
1284,-0.046669036,0.469477355
1285,0.142243788,-0.196907282
1286,-0.392803431,-1.013286114
1287,1.554557800,-2.316658258
1288,0.942645550,-1.517408967
1289,1.451785922,0.014349252
1290,-0.673083723,-0.031665191
1291,0.205326095,0.490907341
1292,-0.977346122,0.379222989
1293,-1.343739510,-0.385034412
1294,-0.518039882,1.125104785
1295,0.362515450,-0.322785825
1296,4.326842785,-1.212342143
1297,0.523963869,-0.111864895
1298,-0.342795104,-1.358388066
1299,-0.331597269,0.231002599
1300,1.554946065,-1.095387578
1301,2.028201103,-1.189314842
1302,0.431624860,0.871587992
1303,0.163663775,0.720158339
1304,0.933808506,-1.757797480
1305,-0.406986028,1.079194784
1306,-1.556885958,-0.377054214
1307,-0.813186467,-0.945354223
1308,1.392752886,-1.647524357
1309,1.034653425,0.975448608
1310,-1.133097410,3.206224203
1311,2.353752136,-1.648245335
1312,0.834254384,-0.575630426
1313,0.503963411,1.638136625
1314,0.392223746,2.027568817
1315,0.902375877,-0.141399086
1316,1.328041434,0.074509740
1317,0.011664338,-0.329302490
1318,1.568895817,1.334616899
1319,1.983161807,-1.807218075
1320,-2.276022196,0.070793480
1321,0.926737309,0.056440592
1322,0.463947773,-0.967182517
1323,-0.632595301,1.130847216
1324,-0.575184047,0.862600148
1325,0.264579207,-0.198766381
1326,-0.137322694,-1.036475658
1327,-0.477821112,-1.107716322
1328,-0.257639021,0.096507326
1329,3.298974037,1.649091721
1330,0.090465486,1.658197522
1331,-0.538196981,0.458944738
1332,1.921675205,-1.847396851
1333,0.322270751,-0.805164814
1334,0.663288295,0.095433041
1335,2.901662827,2.961289883
1336,-0.841293693,0.816310525
1337,-2.208454132,1.430856824
1338,0.319058299,0.035453055
1339,-0.048480798,-0.112806581
1340,0.238377720,0.132630482
1341,-1.617471218,-1.807475090
1342,-0.318558395,-2.102041245
1343,2.206536770,-1.675743580
1344,1.041024208,-0.062846847
1345,-2.990646362,1.018072009
1346,-1.686648846,0.580283701
1347,-0.669685423,0.999272108
1348,2.449475288,1.425381899
1349,1.179087877,0.197021604
1350,0.346390963,1.148000717
1351,1.105003834,-2.182123184
1352,1.300724506,-0.373824179
1353,0.004087031,-0.213162243
1354,-3.162819147,1.804874897
1355,-1.321955204,-0.898465931
1356,-0.922593594,-0.402901083
1357,-0.760944843,-1.056849957
1358,1.350745201,-1.045826316
1359,0.089724541,0.264041454
1360,-0.791749239,0.214623407
1361,1.035670280,0.011050988
1362,0.211422041,0.438444674
1363,3.004863262,-0.715517223
1364,-0.482008427,-0.713241935
1365,-0.165632725,-0.383092523
1366,0.721875310,-1.110616088
1367,-1.359698534,-0.144256875
1368,0.789608836,-0.384856999
1369,0.646667659,-0.896121621
1370,1.452247977,1.550861716
1371,-1.424990535,-0.545212805
1372,2.409662962,2.394124985
1373,0.339692205,0.043350115
1374,-0.422976077,0.013741992
1375,1.101156116,2.366104126
1376,-0.146617651,-0.146378577
1377,-0.122103333,0.029148411
1378,-0.624949455,-0.876669884
1379,-0.137705088,0.617009282
1380,-1.459864378,0.053828716
1381,0.228238508,-1.452760935
1382,-1.377186298,-0.381471574
1383,-0.258807480,-0.059627593
1384,0.556980491,0.329006970
1385,1.059731483,0.534650445
1386,0.649043083,-0.733449519
1387,0.701930225,1.160479546
1388,-1.210703492,0.330720723
1389,0.035411071,0.644077122
1390,-1.008951783,1.160945773
1391,-0.158274353,-0.094503000
1392,-0.247738540,-2.083729267
1393,1.865868807,0.707525194
1394,-1.048751473,0.704347372
1395,-0.141566217,0.911682725
1396,-0.151759312,0.456045568
1397,0.430088311,-0.352349013
1398,1.047331333,-0.720866203
1399,0.423220783,0.364206046
1400,-0.022599095,0.452719212
1401,0.973138630,-0.596629381
1402,-0.509077728,-0.028104782
1403,-0.777482450,3.366605282
1404,-0.087838173,-0.785858393
1405,0.803111732,0.413384497
1406,1.039565563,-2.696180820
1407,0.094259672,-0.347192496
1408,-0.345773339,1.474190593
1409,1.621820331,1.788241506
1410,-0.914268672,1.959332466
1411,-1.976627350,-0.348067582
1412,-1.935594440,-0.804697216
1413,-1.346430302,-1.361046433
1414,1.714996696,-1.148873568
1415,0.246268123,0.348598450
1416,-3.378466606,0.719395697
1417,0.895159364,-0.028525447
1418,-0.174033493,-0.415917099
1419,0.125647426,-2.776151419
1420,0.093505070,0.768249035
1421,-0.172114521,2.130586624
1422,1.348442078,0.617670894
1423,0.931236207,0.574694932
1424,-0.989285409,2.419911623
1425,3.600558758,-1.828443766
1426,0.409904152,-0.280188024
1427,-0.670073926,0.638803005
1428,-0.125352383,-0.106117681
1429,0.778490603,-2.033056736
1430,-0.840650141,-0.965193450
1431,0.331381530,-0.351921558
1432,-0.520111263,1.322968006
1433,0.665444314,-1.105112791
1434,-0.242816508,-0.906987309
1435,-0.016959038,0.223161370
1436,1.021351933,-0.968709886
1437,-1.981498241,1.904486418
1438,-0.188520730,0.827402353
1439,-0.538134396,0.166840494
1440,-0.839861989,-1.058609843
1441,-0.655165553,-0.695456743
1442,-2.281928062,-0.152001143
1443,-0.388919055,-0.317181230
1444,1.464728236,-0.370584279
1445,-0.801219285,1.169004440
1446,-0.569733500,-0.982404470
1447,0.664669752,0.569866657
1448,-1.518911839,-0.903599441
1449,-1.894731641,0.045937382
1450,-0.389824450,-0.086365879
1451,-3.290656567,0.186512947
1452,-1.703096390,1.243610501
1453,2.825344324,1.641218185
1454,-0.337367684,-2.084332228
1455,1.293992043,-0.023358196
1456,1.118692279,-0.764044762
1457,0.454152107,-0.536470950
1458,0.365177155,0.121432692
1459,-0.765873671,0.445846021
1460,0.600542605,0.832935989
1461,-1.530716658,-0.305141747
1462,2.028143644,0.148980588
1463,1.248743415,2.503607035
1464,-2.751807928,-0.128683329
1465,-0.944553971,-1.569270849
1466,-0.617194533,0.488350362
1467,-0.122912437,-0.275306731
1468,1.476762772,-0.001344420
1469,0.383439422,0.142447650
1470,0.671044350,-1.115289927
1471,0.276625663,-0.577979624
1472,1.374041557,-0.869036078
1473,-0.223323509,-0.397799939
1474,0.219260469,0.103048697
1475,-0.387329698,0.820629895
1476,1.716653824,-0.933679402
1477,-0.453132212,-1.307324290
1478,0.874217868,0.829595327
1479,0.567714036,-0.732912719
1480,-0.703126550,-1.632945538
1481,0.227028131,0.306998610
1482,0.276393324,-0.023545831
1483,0.958175063,-0.511018217
1484,-0.451724529,-2.886495352
1485,0.351212829,-1.230964541
1486,1.168788075,-1.685809135
1487,-0.035680100,-0.191721380
1488,-0.246473595,-0.797996938
1489,-0.449724406,-0.586262107
1490,-0.404322028,-0.551137567
1491,0.370088577,-0.130946547
1492,1.065376401,0.533452749
1493,-2.268575191,2.115722179
1494,0.428912878,-1.015059233
1495,-0.343552113,0.612866342
1496,-0.157076895,-0.388143808
1497,-1.876604199,-0.449857593
1498,-0.949712038,0.508412063
1499,-0.071145974,-0.217868447
1500,-0.018089503,-0.806011677
1501,1.531010866,-0.653076649
1502,2.727590084,0.688974023
1503,0.254635334,1.840265512
1504,-0.450286597,2.832098246
1505,0.105481461,1.941140771
1506,-0.192670465,-0.484554410
1507,0.076278009,0.745228350
1508,0.549484909,-0.075611070
1509,0.318288624,-0.293363363
1510,-0.157275528,0.016162828
1511,0.954924226,0.716679752
1512,-0.936827004,-0.525729895
1513,-0.044507653,-0.742049992
1514,-2.100345373,1.354804993
1515,0.357596755,0.754119515
1516,-1.628340483,-1.362257957
1517,0.030656539,0.183980435
1518,0.319714844,0.489555150
1519,-1.486273885,0.502385855
1520,-0.561753035,-1.361515164
1521,-0.779079676,0.161097482
1522,0.156698033,0.276231140
1523,0.436885536,-0.251600683
1524,-0.415292859,1.198874116
1525,0.370952398,-0.518189728
1526,1.189172506,-0.382094175
1527,-0.104848035,1.499603152
1528,-0.464301229,-0.421159923
1529,-1.001986504,0.033281684
1530,-0.906900287,-0.040979922
1531,0.540607929,-2.054743767
1532,-2.903295517,-0.278523207
1533,-1.840418458,-0.371909142
1534,1.048932791,-0.608215213
1535,0.434010088,1.594040632
1536,1.237713814,-2.690861940
1537,0.484513670,1.904880404
1538,2.356478453,2.322044611
1539,1.190985203,3.355206490
1540,-0.755227625,0.743739307
1541,-0.588413656,-0.618171453
1542,-0.528395891,1.538626671
1543,-0.818018377,-0.176633000
1544,-0.445083618,1.534169197
1545,-1.104954004,-0.521057725
1546,0.481601715,0.451614350
1547,-0.987289667,-0.746109247
1548,0.229883373,-0.230178446
1549,0.553976893,-0.321127504
1550,-3.508359194,0.068160176
1551,0.498065770,1.347999573
1552,1.077667594,1.180230498
1553,-0.700237155,0.073318422
1554,-0.180037543,1.298545361
1555,-0.575043321,2.452433825
1556,-2.107634544,-0.938498259
1557,1.517027259,0.415218115
1558,0.820207715,-1.063998103
1559,2.636932850,0.598313332
1560,2.740141392,-0.204720646
1561,-2.365730286,-2.109273672
1562,-0.380610436,1.251159191
1563,-0.119858943,1.420591831
1564,2.104606628,-2.441759109
1565,3.026911259,1.985571861
1566,0.337474555,0.609211087
1567,-0.514347613,0.578948796
1568,-0.516481996,-3.077224970
1569,0.623089433,-0.580834210
1570,0.685651302,2.165725946
1571,1.534991622,-2.929378271
1572,-0.176726103,0.517535210
1573,-0.282682359,0.358679056
1574,-1.632003903,-2.321178675
1575,0.151483685,0.467425108
1576,-0.005188584,-0.904309511
1577,-1.242811441,-0.372743189
1578,-1.507026672,-0.437020302
1579,-0.345911086,0.869070530
1580,-0.025959373,-1.117782354
1581,1.145037055,0.489573300
1582,-0.978047609,0.857059717
1583,1.177313685,-0.843901813
1584,-0.802434444,-2.196932077
1585,0.438596129,-1.554271460
1586,-1.106868982,0.982799411
1587,-0.323872805,-2.131540298
1588,1.565819860,0.149584383
1589,-0.586294174,-0.196510002
1590,0.494698644,1.053008318
1591,0.604929149,0.533175588
1592,-0.083481997,-0.150387973
1593,0.275547326,-0.672021270
1594,-0.411852419,1.090777993
1595,2.480017424,1.298730135
1596,0.710025549,0.997076631
1597,-1.058591604,-0.911778569
1598,-0.077454478,0.838525832
1599,-0.307666838,0.410575926
1600,0.178846031,0.159708470
1601,0.858800292,-0.858154476
1602,-0.796598554,-1.070770979
1603,-0.359556347,-0.526230335
1604,-0.803067863,-0.638861239
1605,0.965123177,-0.114279784
1606,1.271803617,2.365569115
1607,-0.637147844,-0.193747774
1608,0.745830894,-0.483561933
1609,-0.144416139,-0.437636852
1610,0.824007452,-0.051732931
1611,-0.734309196,-1.096249104
1612,-0.483301640,-0.301101029
1613,0.861520171,0.664729118
1614,0.038318239,0.189948857
1615,-0.862260044,-1.778852940
1616,-2.632004261,-0.566092908
1617,1.490942478,-1.372126818
1618,-1.635128617,-0.888782620
1619,-0.685852647,0.684402347
1620,-1.505900264,-0.156103194
1621,-0.221239001,0.331662148
1622,0.914322376,0.280927330
1623,0.142019689,-0.202618197
1624,1.779660583,1.643217802
1625,-0.400969386,0.047236532
1626,-1.604880929,-1.940320969
1627,1.842995763,0.859021127
1628,-2.196432829,-0.622264862
1629,0.127413154,-0.639236748
1630,-1.355829120,-0.488475561
1631,-2.104985476,0.755998194
1632,0.734955788,-0.105548531
1633,-0.161415339,0.007345587
1634,-1.359799027,-1.126897335
1635,0.440613240,1.560204983
1636,2.111984491,3.311481476
1637,1.385368705,-0.566429496
1638,0.898163855,3.631235600
1639,-1.128225088,0.128880143
1640,-0.279520154,-3.364601135
1641,0.283646613,0.229939818
1642,-0.244415790,0.589195192
1643,-0.258362114,-0.618312120
1644,-0.334384143,0.510150194
1645,-0.437691689,1.216282725
1646,-1.205446839,1.184758663
1647,1.241772890,-0.038147874
1648,-1.034341931,0.508565903
1649,1.567306519,-1.155877352
1650,0.746721506,-0.526774764
1651,0.145135045,0.540736198
1652,0.706394553,-0.833397806
1653,-0.769357741,0.583282709
1654,-0.106174350,-0.632483721
1655,0.203954995,-1.530450940
1656,-0.445936501,0.301102281
1657,-0.307957530,-0.071211331
1658,-0.725061655,-0.900904894
1659,0.532470822,1.073638201
1660,3.652370453,0.335095137
1661,1.048823595,-0.313225955
1662,0.930598557,-0.064588480
1663,-0.070842505,-2.059873819
1664,-0.210331082,-1.326824307
1665,2.180969715,-1.129981756
1666,0.414804876,-0.188245326
1667,-0.004222134,1.895971060
1668,0.441161036,-0.625811100
1669,-0.769154489,1.211633086
1670,0.188432768,-0.257354528
1671,-0.171611518,-0.022142872
1672,2.326735258,-1.254295349
1673,-0.391852319,-0.627928317
1674,-0.165766716,-0.378058076
1675,0.846124411,-0.580191970
1676,-0.273769498,-0.116088375
1677,-1.073800445,1.050645351
1678,0.063225590,0.024004856
1679,-1.164711237,0.441021919
1680,-0.312570810,-0.832305789
1681,-0.345874429,-0.089917406
1682,1.424621344,1.417180061
1683,-0.399518102,0.399045408
1684,0.204689264,0.449467629
1685,1.089451432,2.082214355
1686,-1.704187512,0.834579587
1687,0.053959254,-0.161162645
1688,-0.031181335,-0.609116673
1689,-1.024416685,0.181808949
1690,-3.856558800,1.763433695
1691,-0.744473696,-0.978088498
1692,2.637154818,-1.178831697
1693,-0.620860934,-0.491907775
1694,0.047644347,0.577584088
1695,0.812075257,5.052301407
1696,-1.107744694,-0.834812403
1697,-0.218845263,0.451189816
1698,-2.056794882,0.923362494
1699,0.329046726,-0.173131913
1700,1.024002314,3.074458122
1701,0.431226254,-0.480280101
1702,-0.750440180,-0.905613363
1703,-0.270798653,-0.159311056
1704,0.681440234,-2.555266619
1705,-1.974240780,0.972048163
1706,0.781133294,1.933814764
1707,1.134670734,0.330383480
1708,-0.555893660,-1.581856251
1709,1.725850344,-0.970059991
1710,-0.214780584,-1.485827923
1711,-0.167415887,0.054238345
1712,0.186984062,-1.240457535
1713,0.466440380,0.333148658
1714,3.285314322,-1.120886445
1715,0.198401779,-0.597296715
1716,-0.123150736,-0.158225715
1717,-0.243139029,-1.686879396
1718,-1.278917313,0.450265110
1719,0.635784507,-1.127395391
1720,-0.594844341,1.366917014
1721,-0.929138482,-0.149668485
1722,1.131150723,0.231572986
1723,0.331402719,-0.285774350
1724,-0.627283394,-1.465461969
1725,-0.025738955,-0.557849586
1726,2.052578688,1.320454717
1727,0.384083748,-1.127178192
1728,0.345001161,0.139289111
1729,-0.100123256,-0.112255640
1730,-1.558170438,-1.460431099
1731,0.258639663,0.063374832
1732,-3.116457462,-2.900888443
1733,1.092414260,-2.247184277
1734,2.064116716,-0.217552423
1735,-0.626191676,1.223313093
1736,1.417162895,0.294405997
1737,-0.728642464,1.157247782
1738,-1.053387046,0.961073399
1739,-0.693208516,1.495957851
1740,-0.028481543,1.212999344
1741,-1.405033112,-0.601606727
1742,-1.704985380,1.688280582
1743,-0.376860142,-0.552320302
1744,0.647946358,-0.139220133
1745,2.567646742,-2.827077389
1746,-0.176799148,0.171373814
1747,-1.251615047,2.027726650
1748,0.306320965,0.214764044
1749,0.541340828,0.223288193
1750,0.076864511,-0.411275476
1751,0.580547214,0.107171997
1752,-0.103583634,-0.795239508
1753,0.280363739,-0.762035847
1754,0.094392225,3.290858746
1755,1.067240834,0.449131668
1756,-1.291804075,-1.383023500
1757,-0.508432984,2.595060587
1758,-0.234632075,-0.818754554
1759,0.280983210,-0.579067290
1760,-1.480533361,1.764771461
1761,1.160433769,-0.952890337
1762,0.149238408,-0.187826306
1763,1.151552796,-0.655289352
1764,-2.092060804,-0.501726389
1765,-0.363160461,0.350949317
1766,0.077471256,0.964455068
1767,-1.204651594,0.923233509
1768,3.468923807,-0.380560517
1769,-0.088650152,-0.194876924
1770,-1.380983591,-1.875084996
1771,-2.270430565,2.055482626
1772,1.700032830,0.908595264
1773,0.098476052,-0.125907972
1774,0.605463326,2.214035749
1775,3.604962587,-1.105073690
1776,-0.504761696,0.246192664
1777,0.900614321,-0.874654353
1778,0.790598869,-0.670629144
1779,-0.404167384,-1.060549259
1780,-0.641723275,2.601187229
1781,-0.370449156,-0.413590312
1782,0.188154936,0.378563404
1783,-0.457851112,-1.120707154
1784,-0.728888094,1.035390615
1785,0.790443540,0.637970626
1786,-0.173422456,-3.301701784
1787,1.314884186,-2.199216366
1788,-0.574559867,-1.319161654
1789,1.919578791,-0.727373242
1790,-0.673775673,0.141993731
1791,-0.727590024,-1.237172127
1792,-0.147767752,-0.035386294
1793,0.113869905,-3.277112961
1794,0.833131075,0.640719533
1795,0.623247683,2.089621067
1796,1.500764608,1.078992844
1797,0.846785188,0.286144942
1798,0.799622118,0.667737603
1799,1.125424623,-0.568721831
1800,-0.651206672,0.316192269
1801,-0.215728357,-0.244377017
1802,-0.563787401,0.025072023
1803,-1.122727513,1.629349232
1804,-0.433455467,-0.599074483
1805,0.766983092,0.625444293
1806,0.399134159,1.493249178
1807,-0.310621023,-0.390488625
1808,0.053789001,0.320830673
1809,0.007021748,0.447287112
1810,0.454558849,-0.914926350
1811,-1.164609790,-1.353950620
1812,-0.070123613,-0.197823241
1813,0.039071888,-0.172319472
1814,1.393190384,-0.949402153
1815,-0.144637048,-1.056560040
1816,-2.187019825,1.014580488
1817,1.001443148,-1.728844881
1818,-0.315696597,1.020888686
1819,-0.224124044,-0.362478316
1820,-1.076248884,0.804054081
1821,1.151822567,0.263743937
1822,-0.076864228,0.795393169
1823,1.286573887,1.242076278
1824,-1.185469508,-0.157511666
1825,-0.169370174,0.150185794
1826,1.524716258,1.044039965
1827,-1.853688955,-1.118685603
1828,0.556601167,-1.342665195
1829,0.229620785,0.469404548
1830,2.007751226,0.112423062
1831,0.650099337,1.486238837
1832,1.262695551,-0.946486950
1833,0.373000830,0.511069119
1834,-0.240440473,0.541028619
1835,0.332157820,-0.353469849
1836,-2.141839504,0.769293010
1837,-0.631757498,-1.670806885
1838,-2.172160625,0.456522226
1839,-0.359295458,-0.350178480
1840,-0.213188827,-0.875961006
1841,-0.898977757,0.589524388
1842,-0.789160609,-0.002607524
1843,-0.901584744,-0.309529603
1844,-0.571515560,-1.194429874
1845,0.429935127,2.258804321
1846,-0.232883066,-0.267690003
1847,-1.020244956,0.401499063
1848,-3.304516554,-1.520262480
1849,1.389462233,0.549817920
1850,-0.118555278,-0.300746918
1851,0.441708356,0.508579850
1852,0.080047868,0.473377347
1853,-0.470849812,-0.258292913
1854,-0.753790021,-2.788335800
1855,0.360784560,-0.027725581
1856,-0.905237138,-0.236948177
1857,-1.127733946,-1.774181485
1858,0.255995870,-0.857443988
1859,-2.142488718,2.036653280
1860,0.938187480,0.289248437
1861,0.488243580,-3.163328648
1862,-0.214189157,-1.260416150
1863,1.398996711,-2.504816532
1864,0.255070299,0.542865336
1865,-1.452757478,-0.863948941
1866,-1.414944172,-1.819830656
1867,-0.449793011,0.573161304
1868,-0.278456569,-0.094760515
1869,1.409788132,-1.273242354
1870,1.196185708,-0.405053437
1871,-0.324465305,0.251302123
1872,0.078793287,-1.440474272
1873,0.395139039,-1.488118649
1874,-0.793678522,0.229200006
1875,-0.395210415,3.257160187
1876,-0.293520212,-0.271127224
1877,0.531249046,0.843988061
1878,-1.671952009,0.251910806
1879,0.747413576,0.869722307
1880,-0.243729413,0.103890769
1881,-1.569260716,1.133538127
1882,-0.395536780,-0.365856111
1883,0.116627902,-0.285297096
1884,-1.009953380,0.469296932
1885,0.498123288,0.055959821
1886,-1.088590622,-0.977916837
1887,-0.923402667,0.232718766
1888,-0.345524848,2.060637951
1889,0.204459906,-0.372976959
1890,-2.566437006,1.443196416
1891,-2.458804846,-0.736553967
1892,0.347970009,-1.651805997
1893,0.659207821,0.460824519
1894,-0.667781055,-0.296658128
1895,1.064461708,-0.951932847
1896,0.408908665,0.433875024
1897,-0.429320455,-0.316681117
1898,-0.553869128,-2.405153990
1899,-0.913367510,0.241895437
1900,-2.492896557,1.468233585
1901,2.432684183,0.337912351
1902,-1.088460922,-1.131420970
1903,-0.668740511,-0.101148047
1904,-2.087059736,-1.027240515
1905,-0.136369929,-0.340381831
1906,1.361453772,-1.010031939
1907,-0.495948225,-0.178378612
1908,1.290453196,-0.150483713
1909,0.914791703,-0.643651664
1910,0.150578544,0.763607085
1911,0.085690394,0.119938701
1912,0.451196522,-0.076100379
1913,0.384702772,-0.609321535
1914,-1.721956730,0.256601274
1915,-0.877862215,0.815621734
1916,0.652201593,0.700110257
1917,0.825648308,-0.034966879
1918,-0.161557525,0.982685149
1919,-0.109503359,0.933082521
1920,1.403126001,-1.103860140
1921,0.331279039,-1.837151051
1922,-1.346823215,0.639108241
1923,-0.832311869,-0.109289229
1924,-0.264994532,-0.118346274
1925,0.686281681,0.243945420
1926,2.880308867,0.624923408
1927,-0.221536592,-0.053280011
1928,0.443030685,1.877344847
1929,0.421294034,0.035900056
1930,-1.426468849,-0.560362935
1931,-1.070916891,-1.486014128
1932,2.082031727,1.939441681
1933,0.753879845,0.434935719
1934,-0.104697347,-0.827444673
1935,-1.641219616,2.489448309
1936,-1.192794323,1.439812899
1937,-1.220535636,0.075589895
1938,1.186558485,0.340848714
1939,-0.678647757,-0.484720409
1940,-0.260469139,0.352910966
1941,0.622566819,-0.989606023
1942,-1.572993636,-0.411615580
1943,1.068995595,1.145912170
1944,-1.118502021,0.184837013
1945,1.551588655,0.920846939
1946,0.543661356,0.494881928
1947,0.474405646,-0.241201937
1948,1.375195503,0.867102146
1949,2.512096643,1.198301673
1950,1.585323572,-1.572540760
1951,-0.100723460,-0.153744936
1952,0.248558208,1.413962483
1953,-0.291434020,0.646113634
1954,1.461903930,-1.019875169
1955,-1.850332975,1.458228230
1956,-1.351733208,-0.874691129
1957,0.876223624,1.896598101
1958,-0.420080543,-0.355774671
1959,2.650265932,0.726490140
1960,-0.314117908,0.083299138
1961,0.089397192,-1.657112122
1962,0.131459400,-0.912403107
1963,-0.581781566,-0.047863409
1964,-0.392261267,-0.405494153
1965,0.418380618,1.186797857
1966,0.207515195,-0.214749306
1967,0.989762843,2.142979145
1968,0.377991259,-0.711486876
1969,-1.571245432,-0.396787703
1970,-0.742993832,1.363584638
1971,-0.179977790,0.697427869
1972,-0.008071899,-0.522298694
1973,-0.586605191,-0.967150867
1974,-0.730873585,1.030027747
1975,2.725903511,-0.900279939
1976,-0.125418738,-0.156796336
1977,-0.889496326,-0.488105565
1978,0.089689672,-2.346939087
1979,-0.144981161,1.431207895
1980,-0.670623720,-0.821377277
1981,-0.623087049,1.166992784
1982,-0.878986955,1.174502373
1983,-0.649008155,0.432799995
1984,-1.258292675,-0.095164478
1985,0.067017503,-0.517251968
1986,3.154154539,1.047888041
1987,-2.089422464,1.861586332
1988,-0.059447974,0.831667662
1989,-0.068833157,0.313729167
1990,-0.926676273,-0.486957669
1991,0.176450327,0.269600391
1992,0.480127335,0.676307440
1993,0.889637530,-2.498948574
1994,0.020771816,0.067169994
1995,-1.076042533,-0.236594260
1996,0.761741698,0.078746170
1997,0.308591127,0.484375507
1998,0.281853437,0.105486982
1999,-2.551593542,0.990289211
2000,0.663251877,-0.209479153
2001,0.868676662,-0.825255454
2002,-0.913520992,0.415209144
2003,-0.821323097,-1.229426384
2004,0.403713495,0.119513571
2005,0.109986186,-1.408945084
2006,0.112476110,-0.068280816
2007,0.778003454,-0.662372589
2008,-0.836194396,-0.135645300
2009,0.524625957,-0.784893274
2010,-1.826249719,0.691681325
2011,-1.056117415,0.102398068
2012,-0.121616691,-0.607567310
2013,0.278384984,0.713628709
2014,-1.352232218,2.023271561
2015,2.134402514,-3.013910532
2016,0.318547249,-0.895901203
2017,-2.327437639,-0.247997761
2018,-0.639983416,-0.352811098
2019,0.608109832,1.686678052
2020,1.146718025,-2.450360537
2021,-0.408767939,0.195008218
2022,0.267769963,-0.396571100
2023,0.857478380,-0.319991112
2024,-0.932275653,-1.039101362
2025,2.267194510,2.801499367
2026,0.349406123,0.960825026
2027,-0.021126673,-0.336492300
2028,-0.620207429,0.279923528
2029,-1.101882696,-0.474135637
2030,-0.025059633,0.173164532
2031,1.323439837,-1.584883928
2032,0.358838618,-0.164897308
2033,0.242060304,-1.139579058
2034,1.760537028,0.134643406
2035,0.973852158,-2.056686401
2036,0.676729977,-0.684295356
2037,-4.754439354,-1.555646420
2038,-1.008587837,0.151267737
2039,0.408979774,-0.085889488
2040,-0.117209315,-0.157067180
2041,0.586836576,-1.981743932
2042,-1.023638487,0.034686834
2043,0.301885486,0.491191328
2044,-0.264361292,0.210793346
2045,0.088370845,-1.177481174
2046,-0.815028548,-0.181681186
2047,0.100421019,-0.591316998
2048,-0.147795275,0.257006198
2049,-0.215218306,-2.811308146
2050,0.521510661,-0.641165853
2051,0.887481987,-1.203321218
2052,0.136844382,-0.159772739
2053,0.386187792,0.363655865
2054,-0.163722292,0.145417154
2055,0.592402101,5.136034966
2056,0.848527730,1.466791034
2057,0.312599123,0.900038302
2058,-0.023939490,-1.745984077
2059,-0.828372598,-0.373739421
2060,2.228142977,-1.102645755
2061,-2.068084717,1.282661557
2062,0.395089358,-0.346129715
2063,0.304631501,0.089269340
2064,-0.462857127,1.279935360
2065,-0.649468541,-1.352455497
2066,-1.573441863,1.407803297
2067,1.742217541,1.200971127
2068,0.207718909,0.257418811
2069,-0.717879951,-1.045529127
2070,-0.586883783,1.139391899
2071,-1.821271539,-0.824827671
2072,0.800719678,0.352173537
2073,-0.879781604,1.636665940
2074,-0.454039067,-2.389787197
2075,0.013151951,1.085865140
2076,-0.831565738,-0.429763973
2077,-0.982483268,0.686914086
2078,0.039126474,0.584890127
2079,-0.205679104,0.639833212
2080,1.936653495,1.231346607
2081,-0.218435168,2.245223522
2082,-0.734861970,-0.802200019
2083,0.092588805,0.190035537
2084,-0.222712800,0.239927456
2085,-0.347182989,0.347586185
2086,-0.941604674,1.586420536
2087,0.255493224,-0.291409612
2088,-0.633053005,-1.682297111
2089,1.373454094,-1.095413208
2090,-2.136668444,-1.039814949
2091,0.066356182,-0.559141755
2092,-2.834862709,0.371937126
2093,-2.195365429,1.041539073
2094,0.675459266,0.921237886
2095,-0.087411299,0.224919945
2096,-0.121520899,0.913268328
2097,1.476296663,-2.026887655
2098,-0.579996884,-0.434218466
2099,1.893734217,-0.885860384
2100,-0.022741862,1.594703078
2101,-0.206671000,2.501327515
2102,2.023982286,0.035585821
2103,-0.665181398,4.779987335
2104,-0.490912855,2.050412655
2105,2.500788689,-0.097579733
2106,-1.194473863,1.530142069
2107,-0.506085038,1.273732185
2108,-1.364453554,0.572838247
2109,0.547176957,-0.016496077
2110,0.063813813,2.598700047
2111,-0.111358255,1.149134398
2112,-0.646346331,-0.097423568
2113,0.492820561,-0.963829100
2114,-0.306872010,1.033530474
2115,0.588246763,-0.740119219
2116,0.604219198,-1.177234650
2117,-0.712699234,-2.278485298
2118,0.036202788,-2.969460249
2119,-1.454036951,1.015206218
2120,2.103085041,0.130984262
2121,-2.971760511,-0.964267254
2122,-0.213259712,0.568016768
2123,-0.092768736,3.019092083
2124,-0.627256036,0.383022636
2125,1.024121642,-0.369864821
2126,3.069081783,4.310087204
2127,0.013093680,-1.033376217
2128,1.190458894,-0.645020366
2129,-1.397882462,0.017705351
2130,0.999928713,-1.324761510
2131,0.907284558,-0.639255345
2132,1.407833815,1.043942213
2133,-0.907005310,0.442701638
2134,-0.774740458,0.231099561
2135,-2.535676241,-1.518162966
2136,1.281304598,-0.894173920
2137,2.595298290,1.776760101
2138,1.663688898,-0.162643716
2139,-0.350659788,-0.127365842
2140,-2.186537981,0.393462896
2141,-0.129356265,-1.065784931
2142,-0.965691864,0.592704296
2143,0.361622334,-0.035101123
2144,-2.930113792,-0.342538416
2145,-0.862403810,-0.021308288
2146,0.237485752,-0.117823496
2147,0.427164614,0.620238245
2148,0.125434577,1.955699921
2149,2.349398375,-1.241624117
2150,-0.770053208,-2.477824688
2151,0.014720725,0.615505338
2152,-1.264950275,-0.248997450
2153,-2.648684025,-1.391337991
2154,-0.454862535,-0.748472214
2155,1.592602491,2.219300508
2156,0.821275592,-0.121651210
2157,0.090541363,-0.640598893
2158,-0.149427116,-0.501591206
2159,0.983906507,-1.986130357
2160,0.309089035,0.653262138
2161,-0.070466891,1.043290377
2162,0.937133968,0.361864418
2163,2.223954678,1.555647612
2164,-0.096563824,1.043518662
2165,0.233028561,1.226033092
2166,-0.489593774,1.689720988
2167,-0.713680267,-1.487257123
2168,-0.432814211,0.327415228
2169,-2.460188627,0.076354980
2170,1.473008513,-2.233598948
2171,-1.554852366,1.338756442
2172,0.617015839,-1.627470493
2173,-0.157097027,0.274946928
2174,-0.616051078,1.592913628
2175,1.159515977,2.905517101
2176,-0.614271224,0.334220290
2177,1.286419392,0.756185949
2178,-1.206617951,0.726188183
2179,-0.077653810,-1.249772668
2180,0.446459055,-1.162465215
2181,-1.173871517,-0.652857959
2182,-0.518326581,-1.839439631
2183,-0.903208792,-2.308628559
2184,1.392274976,1.758008718
2185,-1.569737911,4.877641678
2186,-0.747136772,0.745229304
2187,-0.499780208,-0.808610022
2188,0.118263066,0.331536740
2189,-0.081160471,0.240042225
2190,0.801935673,0.690629959
2191,0.431305557,0.385078788
2192,-0.883821547,0.303221047
2193,-3.163804054,-2.447684765
2194,-1.414662004,-0.617359519
2195,-0.100625381,-0.239474446
2196,0.753599465,0.016722158
2197,-0.703781486,0.230223775
2198,0.918145716,0.113914408
2199,-1.101799250,-1.894401431
2200,-1.518415928,0.477743328
2201,-1.122492671,-0.418364197
2202,-1.081658721,-0.647937059
2203,0.486989051,-0.043536454
2204,-2.298650742,0.409684926
2205,-2.291790485,0.436910391
2206,1.169191480,1.408474684
2207,0.876215875,-0.934135616
2208,-0.645459175,-0.019395173
2209,-1.809428215,0.114526629
2210,-3.088232994,-0.011899173
2211,-0.521762609,-1.057370186
2212,0.533096135,3.162897825
2213,-0.778083622,0.138153434
2214,0.209109664,-2.084519148
2215,0.904517114,-0.932195008
2216,-0.069279924,0.720047355
2217,-0.280280441,0.272948980
2218,-0.962042689,-1.938089609
2219,-0.525257766,-1.122224331
2220,-0.806270897,-1.061413765
2221,-0.722250938,-1.801975489
2222,-0.949098349,2.195524216
2223,-0.187293530,1.797544360
2224,1.850040913,-0.096312314
2225,-0.597061098,0.448606759
2226,-0.358245701,-1.216861606
2227,0.448169500,0.142531693
2228,0.031694584,1.617625237
2229,-1.300771236,-0.539367199
2230,0.285966635,0.018560007
2231,1.205154896,2.989148378
2232,0.456435174,1.407185316
2233,0.134145021,0.023560613
2234,0.272496581,1.401190758
2235,0.171456277,0.119925909
2236,-0.574371815,1.152385235
2237,1.644571185,1.200551271
2238,-2.199834824,-0.818917751
2239,-0.898605347,1.398378372
2240,0.753399253,0.918209732
2241,0.289985657,0.741044462
2242,0.382046819,-0.023187906
2243,0.538142025,-0.327580035
2244,-0.715957642,0.318413079
2245,-0.379835427,-0.041503586
2246,-0.896255255,1.344421625
2247,-3.188731194,-1.871412277
2248,2.038199425,-3.915735245
2249,-1.036169052,-1.385583997
2250,2.062580585,-0.684181094
2251,1.710198164,2.291037083
2252,-1.127161860,1.855437279
2253,0.052620791,0.431942642
2254,0.296391040,0.017807931
2255,-0.127786279,-1.542836189
2256,0.075416699,0.958788216
2257,-0.279244184,-0.470063448
2258,0.202835947,2.150869370
2259,1.125017524,0.765178740
2260,1.163192511,0.161619574
2261,0.671746194,1.306495905
2262,2.362344503,-0.064832926
2263,-1.211044312,0.405588746
2264,3.271610260,4.851439953
2265,0.868782878,0.461445510
2266,1.220152974,0.721003294
2267,0.833522320,-0.061242424
2268,-0.834309161,-1.285645247
2269,-0.220166385,0.460406303
2270,0.775492609,0.201115608
2271,0.418603092,0.333643705
2272,-2.336023569,-1.312262177
2273,-0.235208392,-0.509332955
2274,-0.920849264,-0.270057917
2275,-0.222931013,-0.171384677
2276,0.541953921,0.670046866
2277,1.518498421,0.098595046
2278,1.809269428,-0.347781092
2279,2.674178600,0.599250197
2280,1.140584350,-1.258870602
2281,0.272062361,2.252126217
2282,-0.230990008,0.256168962
2283,-1.013061762,2.061776400
2284,0.821332216,-0.073439807
2285,3.405099630,-1.033025503
2286,-0.925376058,0.416782439
2287,0.059587970,-0.143533826
2288,-2.050984621,1.048522711
2289,-0.330883145,1.031003594
2290,-0.385614395,-0.548286200
2291,-0.230933547,0.248413086
2292,0.991973162,-2.763854504
2293,0.812085807,0.537185133
2294,1.699365616,0.069044352
2295,-1.598244905,-0.401944757
2296,-3.508152962,1.360075474
2297,-0.247377753,0.121538065
2298,1.270427704,-0.765752733
2299,2.168718338,-2.693039417
2300,1.017682791,-0.608387768
2301,-1.713376760,-3.813481569
2302,-0.056868058,-0.235578328
2303,1.388978004,0.245569378
2304,0.153896526,-0.034496527
2305,-0.157091781,-0.334256709
2306,2.232912779,1.903208017
2307,0.270244300,-0.093988575
2308,-0.324664235,-0.008550651
2309,1.015751481,-3.658865690
2310,-0.922115088,2.306551218
2311,0.524941683,-0.681785882
2312,1.188176513,-0.163994238
2313,-0.864626229,-0.224045858
2314,0.255160093,-2.827259541
2315,0.109235831,-0.221204907
2316,-1.446513414,-0.325111389
2317,-0.241189703,-1.319970131
2318,3.086692572,0.707632184
2319,-1.245143533,-1.139575839
2320,0.457547665,1.210794926
2321,0.899018407,2.451689959
2322,-0.207979709,-0.397816569
2323,0.276695490,1.007172704
2324,-0.475370169,-0.954366207
2325,0.308314353,-0.217276171
2326,-0.217057273,0.015544578
2327,-1.655912638,-0.875653267
2328,-0.385879189,-0.675435603
2329,0.212350830,0.212606013
2330,-2.576884270,-3.293303013
2331,-0.720018387,0.168950289
2332,-0.595997334,-1.227799773
2333,0.553519964,-0.006600272
2334,2.247424126,-0.527950823
2335,1.184583426,0.200531095
2336,0.149469152,0.314196914
2337,-0.283156842,0.966988087
2338,0.327007860,0.869899392
2339,-0.143752247,-0.779472232
2340,0.588144302,-0.418860167
2341,-1.376480818,-1.782700300
2342,-0.728450954,0.987104177
2343,-0.984262466,-0.012461305
2344,0.653675556,-0.712199807
2345,3.092378855,-0.162381440
2346,0.174571261,-0.005731210
2347,-0.289982647,-0.879030704
2348,0.026302885,1.377190590
2349,0.386596769,1.606143236
2350,-0.165045589,0.067939244
2351,0.023927972,0.196924195
2352,-2.422207117,1.556974411
2353,0.353982419,0.097063959
2354,0.344340622,-0.122583024
2355,1.111375690,-0.480381250
2356,-1.267153502,0.245171905
2357,0.003610313,-0.374006033
2358,-0.868250847,-0.144301996
2359,-0.209677964,-0.057107199
2360,-1.002857566,-0.757895947
2361,-1.745993376,-1.433761597
2362,-0.679979682,-0.183538735
2363,-2.180245876,-0.206266880
2364,-1.475160360,-0.661897779
2365,1.661871076,0.266591609
2366,-2.516527891,-1.062642813
2367,-0.964722872,-1.262322068
2368,0.045857787,-0.416773796
2369,-0.578611076,0.066778749
2370,-0.773672521,0.252817214
2371,-1.021251559,1.013426661
2372,0.192552090,-2.683800697
2373,0.297245651,-0.079179473
2374,0.585738063,0.815184891
2375,-0.095778011,0.763983846
2376,0.546429574,-0.647171438
2377,1.256169796,-1.544263363
2378,0.395897597,0.598186731
2379,1.273899555,1.154485106
2380,0.971049130,-2.155272007
2381,0.298820436,-0.099512964
2382,-1.347226381,1.318097830
2383,-0.139900982,1.149897099
2384,-0.337985218,-0.681206226
2385,-1.204595089,0.240727901
2386,-0.409119308,-0.549294531
2387,-1.087368965,2.680022240
2388,-0.368992746,-1.445826530
2389,-1.749480128,-0.699884593
2390,0.392933071,0.726190090
2391,0.365556121,0.169704035
2392,1.013055682,1.872073054
2393,2.086634398,1.802722216
2394,1.530965686,-0.788674831
2395,0.369531721,-0.945887148
2396,-0.119433999,1.320431352
2397,0.373034656,-2.026295185
2398,-0.413473070,-0.471128643
2399,-0.288242400,-1.243060827
2400,-1.368180394,-0.556418478
2401,0.013375521,-0.669750690
2402,-1.177314639,-0.330112636
2403,0.571895599,-2.270192385
2404,-0.856304169,1.140808821
2405,-1.772544622,0.168482244
2406,0.617709637,-0.268159866
2407,-0.004531741,0.380888462
2408,-0.503844321,-2.276959419
2409,-1.443093657,-1.115254164
2410,1.913789988,1.237902880
2411,-0.139799178,-0.350675225
2412,2.368210316,-1.663563132
2413,-1.419752479,3.704605341
2414,1.132738233,2.412074566
2415,-1.160122752,0.569432974
2416,1.034885883,-2.479029417
2417,0.097432271,-0.443725020
2418,-0.056113027,0.345333755
2419,0.774767041,1.107320905
2420,0.923175931,-0.829607427
2421,-1.888144016,1.935052872
2422,-0.353125483,0.866272867
2423,-0.244661599,0.701686025
2424,1.542303920,2.371607065
2425,0.576330662,-2.222542524
2426,-2.797621489,0.399043083
2427,-0.666715443,-1.071655512
2428,-0.041053593,0.077975981
2429,0.589276671,-0.028135300
2430,-0.697399735,-0.170096040
2431,0.112144455,-0.119908005
2432,-0.933081806,0.098389447
2433,2.199780464,-2.033378839
2434,-2.236209393,-0.582590103
2435,0.056566164,0.312601209
2436,0.658909559,-1.240585804
2437,1.648297310,-0.268850476
2438,-1.638052344,-1.037880778
2439,-1.738265514,0.807518363
2440,0.908475041,-0.288909793
2441,-0.167111859,1.435714006
2442,0.781300664,-0.380107492
2443,-0.275221169,-0.679084361
2444,-2.346949577,-2.480818272
2445,0.867632091,-0.017940447
2446,-0.388092101,0.104998089
2447,-0.979144275,0.953867078
2448,0.219441563,0.055887759
2449,-0.449126095,-0.208312720
2450,1.779213667,-1.138051987
2451,-1.201898336,-0.320405841
2452,0.368589193,-0.768064380
2453,2.362994432,-1.892929673
2454,0.699645817,-0.257423371
2455,0.756010711,0.201201797
2456,0.609025776,-0.292375714
2457,-0.067913324,0.607285619
2458,0.197272748,-0.380862474
2459,0.928135395,-0.210684657
2460,0.622661114,1.064316511
2461,0.538809299,0.649588466
2462,1.184682488,-1.204269290
2463,0.401207715,-0.927895963
2464,0.833089530,-1.355399370
2465,0.840006471,0.393001318
2466,-1.140866637,0.790856779
2467,0.346616864,0.512884796
2468,0.145499766,1.725020766
2469,1.788357258,-4.539267540
2470,0.193084911,-0.867841244
2471,0.091657691,-0.189341187
2472,0.136009201,-0.147737414
2473,0.161298454,-1.449459314
2474,-1.520806313,0.428099751
2475,1.587898731,-1.589099646
2476,1.310066581,0.437994033
2477,-0.206356347,0.578138113
2478,-1.050181150,-0.680954218
2479,-2.076189995,0.127705812
2480,-0.088795796,-0.236550063
2481,2.544899702,0.222288251
2482,-0.515304565,-0.054483011
2483,-4.357882023,2.024568796
2484,-1.824463367,1.894654036
2485,0.827612281,-1.947958589
2486,1.753540516,0.368049085
2487,-0.035456769,0.821699619
2488,0.171948195,-0.161575601
2489,-0.984101892,1.854895592
2490,0.906207323,-0.572908521
2491,0.253569841,0.257907093
2492,0.075034320,0.083007485
2493,0.338023633,-0.009736401
2494,0.577641189,-0.592085600
2495,1.690256715,1.665140867
2496,-1.041903019,-0.329753518
2497,0.177345663,-0.299942136
2498,1.008214355,1.446840525
2499,1.483243704,-1.041986942
2500,-1.444411278,-0.463992357
2501,2.933624983,-1.098744869
2502,0.225871742,1.022833467
2503,0.771109164,1.428847432
2504,0.912693739,0.187751427
2505,-0.424355835,0.297809243
2506,1.642694473,1.906972051
2507,0.060661964,0.189664453
2508,0.218394116,-1.059264779
2509,-0.619342148,0.381526977
2510,-0.800301075,0.377822995
2511,2.209890366,0.037881128
2512,-1.100655079,0.699376822
2513,-1.076242328,0.502769351
2514,1.193830490,-1.313214064
2515,0.017632615,-0.234628841
2516,-0.682650924,0.098330095
2517,-0.667333961,1.254421592
2518,-1.028652072,-1.173841000
2519,-1.660111904,-0.924517572
2520,1.094976544,1.477085114
2521,2.626474619,1.167233348
2522,3.706498623,-0.013577104
2523,1.136135697,0.944245577
2524,-0.466920793,0.729366660
2525,-0.021887124,-0.190572619
2526,0.360111266,0.515098870
2527,0.321615279,-1.195310354
2528,-1.231706858,-0.799218655
2529,0.200101674,-0.586943150
2530,2.245793819,-1.494967699
2531,-0.365798146,1.931223512
2532,0.996918559,0.559612393
2533,-2.071411371,0.590898037
2534,-0.563490272,-0.533715844
2535,0.569883406,-0.254007936
2536,-0.582441449,0.502630591
2537,0.560242176,-1.183871150
2538,-0.670926392,-0.786697745
2539,0.978039026,-1.041602254
2540,1.164262772,0.435243547
2541,0.046192646,-0.228070468
2542,-1.280798912,0.137359023
2543,-0.627056062,0.738013029
2544,-0.329143703,-0.094403528
2545,-0.157163084,1.091113448
2546,0.277703643,0.762383163
2547,0.147610605,-0.501036704
2548,1.263316989,-0.120299190
2549,1.812099457,1.032276034
2550,-1.823473454,-0.148671687
2551,-0.167833373,-0.072565325
2552,0.802383304,-0.280008644
2553,-0.947874188,2.798614979
2554,1.955556512,-0.602881193
2555,-0.943926334,-0.287229717
2556,0.559633553,-0.700064898
2557,-0.696964264,-0.372717142
2558,1.288556218,0.304407865
2559,-0.325273395,0.554330647
2560,-0.365405142,-0.477493882
2561,-2.245141029,-3.435609102
2562,0.378712714,0.454431444
2563,-0.778245330,-0.144274622
2564,-0.124580681,-1.010632396
2565,0.631443918,-0.174519643
2566,-0.572408199,0.452947795
2567,-1.236868739,-0.782845974
2568,1.624050736,-1.967267752
2569,0.053436384,0.284169346
2570,-0.123253107,-1.605744720
2571,0.884794950,-1.048164248
2572,1.968856573,0.762224972
2573,-1.327319860,-1.654680967
2574,1.298700213,0.738747180
2575,2.499139547,-0.068036541
2576,-0.560135484,-1.135380268
2577,1.984623790,-0.481944323
2578,-2.869872570,0.425572872
2579,-0.640867531,0.193754286
2580,2.101060390,-0.864326119
2581,-1.219051003,-0.944327772
2582,0.372360408,0.032384083
2583,-1.545430183,-0.879530132
2584,-0.045422047,-0.711143374
2585,-0.410133004,0.741684616
2586,-1.408620238,1.102059841
2587,-0.437718958,0.739147663
2588,0.148219824,1.507778764
2589,1.234397769,-0.268809915
2590,0.187159419,-0.159582734
2591,-0.295594007,0.606503248
2592,-0.695978820,0.909948945
2593,-0.387890935,2.687700272
2594,0.959987283,1.486279011
2595,0.637891293,2.309880733
2596,0.323199749,-0.533697546
2597,-0.124672867,-0.602225065
2598,0.990741193,0.043531194
2599,0.287391901,-2.002275944
2600,-0.271875322,0.563061714
2601,2.191992760,-0.276872516
2602,0.473369807,1.797396898
2603,-0.012970209,-0.797080040
2604,-1.189999342,0.536308765
2605,-0.623720348,-1.198729277
2606,-0.234628618,-0.878248274
2607,3.052856684,-0.331942528
2608,-0.544529438,-0.951517999
2609,2.300947189,-0.299974442
2610,-0.805737257,1.907824278
2611,0.342668474,-0.811312973
2612,0.577808142,-0.128640458
2613,-1.060080528,1.300972342
2614,-0.689118981,3.056914568
2615,1.296026230,1.891752481
2616,-0.832657933,0.452003241
2617,0.146639094,0.047647495
2618,2.027477264,-0.380287409
2619,0.123741090,-0.504182935
2620,-1.531596661,0.160760820
2621,0.381642669,0.780915976
2622,-0.505451858,0.285451472
2623,-1.417526484,-0.081076145
2624,0.255080819,-1.922847271
2625,-0.103576526,-0.413316667
2626,-1.069656014,0.627678335
2627,-0.718395531,1.804913640
2628,-0.284691095,1.393223405
2629,0.333451807,-2.770043850
2630,0.978246450,-0.902240932
2631,0.939306796,-2.175756216
2632,-0.276543200,-1.322530031
2633,0.061225619,0.381935835
2634,1.186834216,-1.500448346
2635,0.344638824,-0.567305684
2636,-0.511123776,1.287455916
2637,2.802982330,1.953661680
2638,-2.956449032,0.572865367
2639,-1.452684164,1.700434566
2640,0.928889871,-1.158543110
2641,-0.805998564,-1.379338741
2642,0.914980054,-0.328377128
2643,-1.427759767,2.493168592
2644,-2.371141434,0.055139959
2645,0.001891762,1.733199477
2646,-1.947085381,-0.214149833
2647,0.338009000,-0.088959873
2648,-0.265753031,0.053967655
2649,0.303889632,1.306368232
2650,-0.036060631,-1.334857702
2651,0.610896945,-0.636905193
2652,0.557534456,0.838037610
2653,-0.218499154,-0.274163961
2654,0.787746310,-1.415815115
2655,-0.420951486,-1.245474815
2656,-0.317611516,-1.004349232
2657,-0.862664223,-0.280711651
2658,2.130414963,1.209727645
2659,-0.122955233,-0.175479278
2660,-0.465544105,-0.008610904
2661,0.512447357,-0.144359380
2662,0.485700548,-1.013707876
2663,0.518052042,-0.188507557
2664,2.115195990,1.892574549
2665,0.475857347,-0.523843288
2666,0.609904110,0.885552526
2667,2.042710304,1.077412605
2668,-0.551430464,-0.548256397
2669,-0.105878182,0.201611906
2670,0.663743198,0.113683999
2671,-1.266294718,-0.018909812
2672,-0.699607790,-0.020265937
2673,-2.374120712,-0.844473183
2674,0.891845584,-0.543124020
2675,-1.263309717,3.477439404
2676,0.791299999,1.110173106
2677,0.118171483,0.208244443
2678,-0.893095374,0.211006045
2679,-0.085538104,0.132359371
2680,1.414356589,-2.120793343
2681,0.024145536,-0.366872460
2682,-2.448348761,1.989766240
2683,-1.248552680,-0.374167442
2684,0.532149017,0.770352006
2685,-0.125328064,1.745362759
2686,0.778228641,0.624020755
2687,-0.548430085,-1.435258508
2688,-0.484703332,0.308049858
2689,-0.377671897,-0.152679384
2690,0.504587650,0.948726714
2691,0.297019780,-1.082058907
2692,-3.376389503,-3.915758133
2693,-0.526698768,0.430579513
2694,-0.866419256,0.022629336
2695,0.087020859,-0.465636820
2696,0.464667529,0.341176063
2697,-0.812317014,-0.045744717
2698,-0.685617983,-1.566259146
2699,-0.177965820,-0.307158679
2700,0.031464998,0.355678529
2701,-0.291503549,3.337911367
2702,0.613834858,-0.155760542
2703,-0.829849780,1.299764276
2704,-1.713406324,0.522163033
2705,0.868221402,2.451029301
2706,-0.189207003,-0.018687936
2707,1.545160651,2.535693884
2708,2.377906322,1.401609898
2709,0.777879238,-2.488236427
2710,-0.570093870,0.091651201
2711,0.108115852,0.191501975
2712,-0.428658724,0.031384327
2713,0.119944423,0.482149690
2714,-2.781560421,0.951761067
2715,1.567269802,-0.036457397
2716,-1.316125274,0.503148794
2717,-0.641564369,-0.065573961
2718,-0.321626425,0.171449542
2719,-0.307560384,-1.197612047
2720,0.213974506,0.100323640
2721,-0.991057694,1.136555552
2722,3.208420038,-2.182943821
2723,-0.428544790,-1.649009228
2724,-0.131568313,-0.306541711
2725,-0.712682188,-0.921630621
2726,-1.414953470,-0.272942096
2727,-0.250879288,-1.540867090
2728,-2.368516445,1.373333454
2729,1.449896574,0.304413468
2730,-0.108389020,-0.453885376
2731,0.222152889,-0.050139513
2732,-2.267620802,-1.654644489
2733,1.966942072,0.003386274
2734,-1.506711841,-0.539584279
2735,0.395743787,0.264845669
2736,-0.465067089,0.546168685
2737,-0.502146959,0.903811634
2738,-0.394255340,-0.989050031
2739,0.328178883,-1.893079281
2740,0.260845453,0.546991408
2741,1.747011304,1.106723666
2742,0.216492355,1.203236461
2743,0.809309542,1.030482054
2744,-1.679107785,-0.105313301
2745,-0.186278611,-0.003251284
2746,0.351741821,0.066282243
2747,-0.010826454,1.584127903
2748,0.101126879,-0.671217382
2749,0.985235691,-1.166869521
2750,-0.957444906,-0.833694100
2751,2.388144732,-1.415589452
2752,-2.400052309,-0.449468851
2753,0.888643384,-2.593199015
2754,-0.507146835,-3.840214491
2755,0.836299181,0.178129584
2756,0.041140690,-0.598001599
2757,-0.209595233,-0.196086347
2758,-1.619176507,0.386800230
2759,-2.164829254,1.991423845
2760,-2.308370590,-1.604366541
2761,-0.785031915,0.641312838
2762,-0.139100760,-0.137881070
2763,-1.531378746,1.433363914
2764,-1.802772522,0.347953975
2765,0.246355563,0.316941410
2766,1.033855200,-0.316635251
2767,0.466356635,-0.054282028
2768,-1.118966579,-0.388338566
2769,1.344288111,0.872615218
2770,-1.235220671,0.113925040
2771,-0.120152354,0.678371549
2772,-2.654099464,-2.041076899
2773,-3.649827719,-0.092947721
2774,2.203235865,-1.701148987
2775,-3.794611454,-1.410025358
2776,-1.662945271,0.626156449
2777,0.188183695,0.031030195
2778,-1.639957428,-0.864387393
2779,0.945859909,0.079485670
2780,2.387091398,1.229787588
2781,0.642713249,1.012434959
2782,-2.928344250,4.333736420
2783,0.446903199,-1.123538256
2784,-1.728025198,2.043903351
2785,1.410515785,-2.488739491
2786,-2.841504097,0.071817398
2787,-4.290075302,-1.343708515
2788,-0.619781971,-1.119250417
2789,-1.077071786,1.729782701
2790,-1.774099827,0.049168110
2791,2.134448290,0.359072834
2792,-0.142362595,-1.065804720
2793,0.554950774,0.365952790
2794,-2.579864979,1.395922065
2795,-0.397666991,-1.723115921
2796,-0.339416325,1.221445441
2797,3.950600386,-0.178735390
2798,1.048825741,1.393100858
2799,-0.735516667,-0.835170686
2800,0.606847286,1.188860893
2801,0.231441393,1.578346372
2802,-1.837979555,1.028960705
2803,1.241586208,-1.880430341
2804,-2.203603745,-4.506989002
2805,0.906318843,0.905821681
2806,1.387712836,-0.149333492
2807,-1.737810135,-1.559744596
2808,2.340319633,-2.028837681
2809,-3.207247496,0.415876567
2810,0.176539108,0.344521493
2811,-0.493418396,-0.313742161
2812,-1.595319271,-0.467782915
2813,0.492254913,-0.487234354
2814,0.250387877,-1.281894207
2815,-1.066885829,0.960281134
2816,-0.853507280,1.803175569
2817,-2.521972895,1.021022320
2818,1.185036540,0.486847878
2819,-0.101436496,-0.487016857
2820,-1.198604941,0.105210066
2821,0.572338045,-2.519416332
2822,0.225649700,0.162607417
2823,0.089529395,-1.996044159
2824,1.245993853,-1.327836275
2825,0.667195201,-0.435819864
2826,-1.393621206,2.164841175
2827,-2.258982182,1.420881629
2828,1.027848244,-0.517978489
2829,-0.062287420,-0.621790051
2830,-0.345836043,-1.529386401
2831,0.325097710,0.685981512
2832,0.206566155,-1.543849111
2833,-0.389571369,-0.430448204
2834,-0.984979868,-0.023435690
2835,0.315925092,-0.215399146
2836,-0.841240585,1.203015924
2837,1.477527857,-1.707844734
2838,0.680096149,2.365303755
2839,-1.044820309,1.203774571
2840,-0.231697798,0.383220404
2841,-2.003625154,-0.842761040
2842,0.052685976,-1.802418232
2843,-0.028081596,0.475817204
2844,0.423802555,0.311413765
2845,0.987808943,0.223148197
2846,-1.024445176,-3.034688950
2847,1.266996384,0.038975812
2848,-1.473747969,1.290193439
2849,1.182985425,0.080355711
2850,0.564974427,0.649301112
2851,-0.792105019,-0.039376371
2852,0.106688708,1.319393039
2853,-1.731316328,-0.970958233
2854,0.008752808,-1.199496627
2855,-0.327346385,1.661664963
2856,-0.195361152,-0.261405885
2857,0.585698605,-0.824748099
2858,-0.563266754,-2.334655762
2859,-1.521348357,-0.596668243
2860,-0.686714888,-0.468508899
2861,-0.501100540,-0.259860128
2862,0.289817482,0.233313590
2863,-2.209934235,-0.302151859
2864,-0.008672263,0.978475869
2865,-1.331905842,0.976885617
2866,0.785155356,1.252484798
2867,0.015108384,1.612174392
2868,-0.895840526,-2.317805290
2869,0.669973910,-1.084615827
2870,-0.705743790,-0.544589758
2871,-1.533502936,-0.116919160
2872,-0.249355763,-0.008775700
2873,-0.785921454,0.296013653
2874,1.171038270,0.298510522
2875,2.780046463,-0.452893078
2876,1.268708348,0.634933293
2877,-1.153209090,-0.941669345
2878,-1.519485235,-0.646471679
2879,0.370796204,-0.196069121
2880,0.493719101,2.342780113
2881,0.456712842,-0.344326586
2882,1.095392823,-0.175859094
2883,1.553492665,2.189060926
2884,-0.459678292,2.047443628
2885,1.318301082,1.884634495
2886,-1.130109072,0.466282338
2887,1.468183279,-1.172199965
2888,0.023878455,-1.238938212
2889,0.593190312,0.392489642
2890,-0.953167021,-2.509588003
2891,-0.246309698,-0.322067410
2892,-1.434538722,1.072105646
2893,2.333793402,1.907942653
2894,-0.876847446,0.383840859
2895,-2.528771162,0.375288129
2896,0.709264219,-1.327489734
2897,-0.129188642,0.158256620
2898,-2.902420044,0.306766450
2899,1.674612641,-1.102289796
2900,-0.159422815,0.710919261
2901,1.449457884,1.020280242
2902,-1.984313488,-2.143545389
2903,-2.170512676,1.215203881
2904,-1.298983335,-0.658923924
2905,4.890041828,-0.015600681
2906,2.391593933,-1.082327008
2907,-0.319648325,-1.249428988
2908,-0.776736736,-0.492116243
2909,0.023445968,0.569199085
2910,-0.184253812,-0.510751605
2911,0.085814908,0.019767798
2912,0.142404616,-0.466418922
2913,-0.817636788,1.283248425
2914,0.869924188,0.310203433
2915,0.517695546,0.180704623
2916,-0.031254888,-1.115254879
2917,-0.990798593,-0.806330204
2918,0.039853573,-1.457435846
2919,0.787366688,1.212830663
2920,0.823428929,0.244398490
2921,-0.719222069,0.106398411
2922,-2.059035063,-0.167513102
2923,0.322953969,-0.188848332
2924,0.776474237,-0.397376478
2925,-0.065888919,-0.514704585
2926,-0.873609126,-2.786644936
2927,0.347905517,0.143332794
2928,-2.321873903,-1.214311719
2929,-0.164014786,1.857345581
2930,0.508782506,-0.033930231
2931,-0.666192949,0.392725945
2932,1.175758243,-0.049307257
2933,0.459070206,-0.212536231
2934,1.557167649,-0.877089322
2935,-1.534837961,-1.317720413
2936,0.795609117,0.929596901
2937,-0.125640228,0.243592635
2938,0.343146801,-0.113108456
2939,-0.837464273,0.073809385
2940,-0.140349180,0.114584088
2941,-0.039157096,-0.345154524
2942,0.563393831,1.335959315
2943,0.267712504,0.370617509
2944,-2.014951706,0.688398659
2945,0.482606292,-0.649731338
2946,0.051440928,1.322196722
2947,0.635914922,-2.516940832
2948,1.700953007,-1.749530673
2949,0.526006162,0.392065644
2950,-0.836276650,0.146894634
2951,0.121022403,0.849096060
2952,0.116743043,0.683174312
2953,-0.832142234,3.406226158
2954,1.362164497,2.245025635
2955,0.726421177,-2.401388884
2956,1.566025496,0.065859511
2957,-0.441243052,0.226531059
2958,0.462853700,-0.598476231
2959,-0.187087834,-0.023114346
2960,-3.957882404,-0.704383433
2961,-2.028409243,1.120605707
2962,-0.416461945,-0.453194559
2963,-2.374069452,3.048127890
2964,-0.808637142,-0.124786496
2965,-0.957703948,1.222176313
2966,0.659441173,-0.091432869
2967,0.038666330,0.812084973
2968,-0.229601145,1.311965942
2969,2.916226864,-0.861046612
2970,-0.142855763,-2.210680962
2971,-0.221052945,0.745701194
2972,-0.293256432,0.629289627
2973,0.681471109,-0.380118072
2974,-0.559490979,0.760122538
2975,-0.433331192,0.029083371
2976,0.148749828,-1.232300878
2977,0.231375694,0.310385644
2978,-0.546696424,2.516824484
2979,-0.401969939,1.114368558
2980,-0.345534623,-0.223530680
2981,-0.424707562,-0.711196780
2982,-1.085135937,-0.158801705
2983,1.865146995,0.396797657
2984,-4.394868374,0.748580098
2985,0.038102567,-0.894504011
2986,-0.608467877,-0.386964053
2987,-0.752538502,0.991137087
2988,-1.689218283,2.350598097
2989,0.778601527,0.140676335
2990,-0.267084062,-1.746397853
2991,0.582671165,0.505390048
2992,0.180819556,-0.373943895
2993,-0.520056427,0.267283171
2994,-3.318148851,1.315027356
2995,-0.922240198,2.053035736
2996,-0.020510726,1.459743738
2997,-0.105815381,-0.411848575
2998,-1.823907375,-0.696969151
2999,-0.724773645,0.281002522
3000,0.268336654,-0.432503968
3001,1.537988544,-1.491692662
3002,-0.048483610,-1.000737190
3003,-0.112976141,0.576661944
3004,-0.486199856,-1.257303834
3005,-1.620010853,-1.423502684
3006,1.653283477,0.161047429
3007,-1.191544533,-0.313564718
3008,2.509629488,0.119857214
3009,-0.697406590,0.247896850
3010,1.879174709,-1.246439219
3011,1.832044244,0.679249108
3012,-0.191400677,-0.120080471
3013,0.090494663,-1.358889341
3014,0.048981365,1.642911434
3015,1.368571043,0.768047571
3016,-0.436178595,0.111858726
3017,0.123136282,-0.866299748
3018,-1.596718073,-1.020698071
3019,-0.685119748,-0.758262336
3020,-0.264761448,0.241888329
3021,1.395472765,-1.577925682
3022,1.032510519,0.689266026
3023,-4.061066151,-1.205669165
3024,-0.544062138,-0.344269216
3025,1.138663173,1.393385291
3026,1.081101418,-1.651835442
3027,2.333351612,-1.329899788
3028,4.364696026,-1.961893439
3029,2.201038361,-1.311465025
3030,-0.409527421,-0.206302375
3031,-2.111538172,-0.992878437
3032,0.760243773,-0.753919840
3033,-1.328302622,0.336188436
3034,-0.527875185,1.554790258
3035,1.594544768,-1.239540815
3036,-1.463607073,0.297024220
3037,0.248292729,-0.199583665
3038,-2.757053614,-0.370932788
3039,-0.128175616,-0.155512631
3040,-3.372589588,-1.876542330
3041,-0.713421285,1.189421654
3042,0.988159537,-0.318851590
3043,0.710466266,0.239238590
3044,0.887515783,-2.217872381
3045,-1.944566250,1.240696073
3046,-0.152266681,-0.599921107
3047,-0.007076848,0.993809342
3048,-0.269932628,-0.843237758
3049,1.506903172,1.419636965
3050,0.297873527,0.806396186
3051,-0.153604522,-0.422679305
3052,1.330389023,-1.530855775
3053,0.056606863,0.141023546
3054,1.700784326,-2.002827406
3055,0.755883217,0.303773582
3056,-0.373827934,-2.878628016
3057,1.116122127,0.994899869
3058,0.474479705,0.885954916
3059,0.893608987,-0.861811519
3060,-0.920307279,2.897016525
3061,1.213440180,0.785127044
3062,-0.031994242,0.699742198
3063,0.349627078,0.316228479
3064,1.312153578,2.129780293
3065,0.153820902,0.549502373
3066,1.466689825,1.218161106
3067,-1.080373049,-0.858350754
3068,0.322116315,-0.120869756
3069,-0.508667707,-1.168418646
3070,0.010640152,-0.107467145
3071,0.316825122,-0.124797754
3072,-1.044201016,-2.411081791
3073,-0.405358553,0.557196021
3074,-0.727460027,-0.269802988
3075,1.705405354,0.081957981
3076,2.604725122,-0.540148795
3077,0.095508367,1.864411831
3078,0.090097427,1.301193357
3079,0.158972085,1.149085999
3080,0.399791926,-0.198995009
3081,-3.190397263,-1.633794546
3082,0.963106990,1.776330829
3083,0.100942701,-0.234192938
3084,1.182126760,0.181818873
3085,3.838767290,0.979469180
3086,-0.549944639,-1.375138760
3087,0.575927079,0.668468475
3088,0.058644652,-0.697342038
3089,-0.228746876,-1.611486673
3090,1.075091362,-0.313631713
3091,-6.107012749,0.854519129
3092,0.112717122,1.364854813
3093,0.746482670,0.688055992
3094,-0.788269043,-0.127473801
3095,0.684758663,1.844387054
3096,-0.517600477,-1.570570469
3097,0.037625808,-0.155813202
3098,-1.365236282,0.983784676
3099,0.920118451,-0.470751524
3100,-1.044905066,0.459698528
3101,0.388232738,-0.312510729
3102,-0.563290119,-1.236320019
3103,0.835782588,-0.226862490
3104,1.145463705,-0.832715631
3105,0.591373503,0.551360250
3106,1.167926669,-3.428663015
3107,-0.236988217,2.904338837
3108,2.445279360,-0.279422879
3109,0.366845161,0.398077101
3110,-0.213029489,-0.477294087
3111,0.029696885,-0.146455199
3112,1.202955484,-0.413901806
3113,4.235573769,0.090430856
3114,1.031053662,1.563137293
3115,2.090653896,1.423290133
3116,-1.241432667,-1.459001780
3117,-2.977556467,-0.413178682
3118,-1.497948408,1.532400370
3119,-0.180592105,0.168400317
3120,1.231613398,-2.239137650
3121,-1.161243200,1.948908567
3122,0.709398687,1.166626811
3123,1.077358723,0.116466917
3124,1.273870707,-0.138929695
3125,-0.788153112,0.614982843
3126,1.591359854,0.291033030
3127,2.334055424,-0.722270131
3128,-1.513481379,0.199743241
3129,0.588092983,0.811237752
3130,-0.268684596,3.174727917
3131,2.489981890,-0.662587404
3132,0.131692797,-0.092022911
3133,-0.967804909,-0.833395958
3134,0.035556238,0.533464551
3135,0.588627100,-0.203996658
3136,0.702449083,-0.094609857
3137,-0.221181512,0.254995376
3138,-0.057119053,-0.141214073
3139,0.271427274,0.753167331
3140,-1.373764515,-0.158198595
3141,-2.572503090,2.042510509
3142,1.649573088,0.309411854
3143,1.506165981,0.204260901
3144,1.311255932,1.207913280
3145,-0.935452104,0.964842677
3146,0.109458797,-0.274360031
3147,-0.880093753,0.519477963
3148,-0.624117136,-1.259089828
3149,2.444983244,-0.076047942
3150,2.046093702,0.832235038
3151,1.540938735,1.988472700
3152,1.761627197,0.257262200
3153,-0.621113956,-0.524902284
3154,0.212046623,-0.695606470
3155,0.513482928,-0.341579348
3156,0.238821998,0.154476643
3157,2.541151047,-1.254173517
3158,0.203865096,-0.087832384
3159,-1.770670772,-2.210677624
3160,-0.361775577,1.167907953
3161,-0.408428252,-0.608016849
3162,0.481312931,-0.166388705
3163,2.394382000,-0.361814886
3164,0.250399649,-1.478680611
3165,-0.490763396,0.741126060
3166,-1.329403520,-0.242960274
3167,0.616988897,-1.030238986
3168,0.362174988,2.013191223
3169,-0.338663578,-0.527926445
3170,0.208411485,0.639833927
3171,-1.996462464,-0.405624270
3172,0.126584679,0.154137984
3173,0.073653623,0.658070743
3174,0.866609573,-1.377194047
3175,0.135404408,-0.129296035
3176,-1.567054987,-0.898574948
3177,0.957863033,0.733663857
3178,0.961141407,2.133295774
3179,-2.037819386,-0.807133794
3180,1.789591432,-1.301712751
3181,-1.383594751,-0.298365951
3182,1.880247831,-0.177316397
3183,-1.654037952,0.248546302
3184,0.045619350,0.898327827
3185,0.616425276,1.515949607
3186,0.015838016,0.421240985
3187,0.780242801,-0.561085999
3188,-0.724035919,1.021353006
3189,0.223220259,0.337858945
3190,-0.889298737,1.598006248
3191,-0.594492912,1.940313816
3192,0.931192338,1.471220493
3193,0.066505715,-0.304458529
3194,1.717897415,-2.700568676
3195,-0.978079677,1.766921759
3196,-1.212879300,-1.626089811
3197,0.479325891,-0.493412614
3198,-0.065071061,0.163131803
3199,0.261978626,-1.008018374
3200,-0.070408106,-0.506346285
3201,-0.044709086,-2.441679716
3202,-0.894427121,-1.337847829
3203,-2.561903477,-1.439623117
3204,2.222764254,1.660947800
3205,1.166107893,0.544315159
3206,-1.620358944,2.327358007
3207,-0.054966733,-0.524581730
3208,1.168883681,1.072520256
3209,1.027280807,0.425001979
3210,1.252118707,0.402607322
3211,-0.665412426,-1.072715521
3212,1.009818316,0.053072471
3213,-1.310478568,0.304301381
3214,0.745371997,0.810534239
3215,0.953046679,-0.213752031
3216,-1.093980193,3.136959553
3217,-1.172355294,-1.076298237
3218,-0.963201284,-1.541808486
3219,-0.039321106,-0.158108026
3220,0.558859050,0.425457150
3221,-1.331882715,1.650076032
3222,-0.315488607,-0.584951878
3223,0.030524507,0.872681260
3224,0.965286136,0.648142099
3225,0.058026701,0.378973395
3226,1.700810909,0.068679214
3227,-0.307273269,-0.836150885
3228,-1.083848834,0.320084214
3229,1.286785483,-0.849637568
3230,-0.748396993,0.729350328
3231,2.315440893,2.036071062
3232,-0.775566161,-1.198623657
3233,2.785717964,-0.864837050
3234,0.171604812,0.091585055
3235,-0.312747508,-1.063261271
3236,-1.911784530,1.754940033
3237,3.790556192,1.069791794
3238,-1.545076609,-1.287613630
3239,-0.175464734,-1.085038304
3240,0.411976933,0.714617908
3241,3.185575008,-0.389542401
3242,-0.764176726,-0.723150074
3243,0.893341899,-0.072224483
3244,0.781469226,2.557589769
3245,0.222933769,-0.070844874
3246,-1.222600937,2.518387556
3247,-0.887746930,0.077575356
3248,-0.104449719,0.538131237
3249,-0.989188790,1.727102280
3250,1.596565843,-2.510077000
3251,-0.998594344,0.457478791
3252,0.157189518,0.998104215
3253,0.144973040,2.940811872
3254,-0.822916985,-1.283960581
3255,0.053634331,-0.188904598
3256,-0.505971491,-0.748873234
3257,1.637647510,0.603335321
3258,2.402186871,0.320090085
3259,-5.323966503,-1.792577028
3260,0.124369726,-0.117941692
3261,1.481359124,0.773120165
3262,1.092749476,-0.336069703
3263,1.854486823,0.424679041
3264,-1.586718559,-0.329372346
3265,2.005517244,0.438357115
3266,-1.520616055,1.685390353
3267,0.198540807,-2.428839684
3268,1.107494593,1.210556984
3269,-1.939628243,0.652157903
3270,-0.231248468,-0.252668053
3271,-0.930642545,0.248536170
3272,-1.590645313,0.300581217
3273,-0.050351858,-0.453685015
3274,0.061596416,0.253492653
3275,-3.956014156,2.691680908
3276,-1.462380409,0.385675013
3277,-0.931863129,0.309403151
3278,0.597580612,0.717279792
3279,-0.318041831,0.147426009
3280,1.249948859,-0.563286066
3281,-2.102435112,-1.566760063
3282,0.086750194,0.639410138
3283,1.706228256,2.169590473
3284,-1.354484320,1.086929202
3285,0.535070658,-2.118852615
3286,0.855876088,0.181937575
3287,-1.601955414,1.817135096
3288,1.028281093,0.919068098
3289,-1.479685903,-3.467723846
3290,-1.078727126,4.350740433
3291,-0.569665372,0.095595926
3292,0.443439543,-0.476063728
3293,2.215611696,-0.049354360
3294,-0.200696021,0.075353466
3295,-0.350029528,0.034648560
3296,-1.037414789,0.541156232
3297,0.460922003,-0.129831195
3298,-1.174364805,0.733341694
3299,0.846948564,-2.252068281
3300,-3.523930073,-2.367313385
3301,-0.065713398,0.572190166
3302,1.598932505,-1.342948675
3303,0.219547838,-0.180155471
3304,-0.905352294,0.484124631
3305,1.640845299,-0.512955844
3306,-1.004787207,0.426498294
3307,-2.363059998,1.469198823
3308,0.870363712,0.531258941
3309,-0.344961792,0.011403613
3310,-0.113117397,2.119811535
3311,0.112739831,0.621294081
3312,-2.242755413,-0.628555655
3313,0.104819670,1.190474033
3314,0.409140497,-1.563760519
3315,0.656765759,-1.236630678
3316,2.873685598,-2.174450397
3317,-0.609540701,-0.521186948
3318,-0.721400380,-0.039183229
3319,0.632167578,1.136429071
3320,-2.565490723,1.136944413
3321,-1.342867613,0.418599129
3322,-0.672909856,-0.353195429
3323,1.126447558,1.898300767
3324,-1.171285391,0.306209981
3325,-0.207114697,-1.036682606
3326,0.390067339,-2.823414326
3327,0.763733447,-0.343216777
3328,-0.866699815,-0.629284799
3329,-1.180550218,1.275781155
3330,-0.114767767,0.057705626
3331,3.105481386,-1.417665482
3332,1.511857152,0.375849992
3333,-1.474768877,-1.071726203
3334,-0.718286455,-0.211195320
3335,-0.178600252,0.468430459
3336,0.388725072,0.410804927
3337,-0.883804739,0.040018469
3338,-0.395777404,0.035483703
3339,0.112698048,0.095933124
3340,-3.042403460,-1.211573124
3341,0.371771991,2.267554283
3342,-1.042991638,-0.800782263
3343,-0.779305696,0.522631288
3344,0.615302145,0.914233923
3345,2.500807762,0.470839143
3346,1.240454435,-1.038233280
3347,2.250543356,-0.700291634
3348,-0.832731843,-0.019123644
3349,1.805166483,1.637102246
3350,1.098987222,-1.124504209
3351,1.064135194,-0.599807799
3352,0.403474361,0.734646320
3353,2.290778875,3.156393528
3354,0.157763004,-0.458883524
3355,-0.544082522,0.651706278
3356,0.615523934,-0.584930122
3357,-0.380083084,0.196564332
3358,0.562348366,0.358254671
3359,-0.805834651,-1.451495171
3360,-1.165652514,0.330231667
3361,-0.381710827,0.096563354
3362,1.113567352,1.601754904
3363,1.990224719,-0.651719630
3364,0.603006363,-0.047213569
3365,0.869957268,-0.210942760
3366,0.019887395,0.672129691
3367,0.736715913,-0.478404045
3368,-1.210562468,-1.154619455
3369,-0.517183304,0.536599040
3370,0.544298112,0.399866670
3371,0.873832345,-2.069474697
3372,0.148824275,-1.286294222
3373,0.282832474,0.281252176
3374,-0.482243896,0.495994031
3375,0.120990336,-1.149909258
3376,-0.762046337,0.016833574
3377,-1.570943594,-2.513089657
3378,0.862008572,1.128592968
3379,0.624691367,-0.530450165
3380,0.809194446,0.060490303
3381,0.450059056,-1.568213463
3382,-0.159112707,0.054213531
3383,-1.201827884,0.522062659
3384,0.355276525,3.764397860
3385,-2.619979858,0.122449219
3386,0.290874451,-0.059981279
3387,-2.121317148,-1.629135728
3388,-0.542143285,2.328125000
3389,-0.756719351,0.342445850
3390,-1.087805390,0.637884855
3391,-0.452666581,1.594335079
3392,0.284544617,1.399981380
3393,0.851946235,-0.733266294
3394,1.660923958,-0.607321501
3395,0.297602445,0.719946682
3396,-0.732456505,1.533581018
3397,1.759016275,-1.491775155
3398,-0.396271676,-0.114858598
3399,0.466388494,0.932504773
3400,0.055562094,0.887292564
3401,1.422302485,-1.659039259
3402,-0.134885430,-0.544345856
3403,-3.354913235,-2.110159397
3404,-1.017587781,0.280551255
3405,-0.189609259,0.103442758
3406,0.373639137,-0.146800250
3407,1.187506080,-0.537832022
3408,0.200271279,-1.059376240
3409,-2.534966946,-0.863612533
3410,-0.149008155,-2.616043568
3411,0.274229050,0.783712268
3412,-0.509513676,1.593973398
3413,0.780455351,0.138469905
3414,-1.039798021,-0.739323616
3415,-1.181293607,0.812594473
3416,0.696388364,-0.691081047
3417,-0.009776801,-0.115922913
3418,0.982084751,-0.594350278
3419,-0.752684891,4.048556805
3420,0.110652983,0.376974314
3421,-1.959070921,-0.708446920
3422,0.297532797,0.049069397
3423,0.427749664,-0.313807040
3424,-0.106702298,-0.069095969
3425,1.086968303,1.092332363
3426,0.810362458,0.102754839
3427,0.834905267,-0.224198073
3428,1.986169219,-1.568071723
3429,-0.362596512,-0.519154906
3430,-0.406109095,2.128986835
3431,-0.511978447,0.611075401
3432,-1.794348240,1.810736418
3433,2.481572390,0.110903382
3434,-0.384792447,0.865588903
3435,0.261983156,1.765130758
3436,1.385424614,1.382365704
3437,1.286491871,-0.520672560
3438,-0.219734281,1.034406424
3439,0.171891168,-0.466879368
3440,2.343126059,0.331045151
3441,0.271626920,-0.098692298
3442,0.860538781,1.319416881
3443,0.761087418,0.003118962
3444,-0.432562381,-0.739254594
3445,-0.382662416,0.949845612
3446,-0.309165418,-0.378110349
3447,0.119978584,0.076420806
3448,-0.337751418,0.225041419
3449,1.462145567,1.826100945
3450,-0.614695668,-0.343567520
3451,-1.420946002,-0.327939630
3452,-1.326059461,0.832802951
3453,-0.168513805,2.359271288
3454,0.473313093,0.134053797
3455,-2.532706738,-0.288651526
3456,-1.318222284,-0.515414655
3457,-0.702269673,0.324242860
3458,-0.160780445,0.043720067
3459,-1.266908646,-2.451015949
3460,1.235347152,0.954779208
3461,4.218400002,-0.754920423
3462,1.083400249,0.964474320
3463,1.710767150,0.318099678
3464,-3.982142210,0.602792978
3465,-0.252314299,1.302728534
3466,-0.375378728,-1.250890732
3467,1.182531834,0.323576689
3468,1.413218737,0.566764951
3469,0.813950241,0.042574387
3470,-0.390539765,-0.610670447
3471,-0.250560790,-0.585806549
3472,-0.502598286,1.694717169
3473,0.557838082,0.815484643
3474,0.370497942,-2.753847599
3475,-0.326651931,-2.066929340
3476,-0.369417548,-0.368075162
3477,-0.314845979,-0.087799132
3478,-0.649663568,0.611220837
3479,-0.931043208,-0.476979643
3480,0.411606848,0.507425010
3481,-0.440008104,0.136823148
3482,0.254458249,2.510654449
3483,1.088436365,0.034905866
3484,-0.092035055,0.196745872
3485,0.719113529,-1.006715655
3486,1.318782926,0.153634265
3487,0.324859321,-0.256759644
3488,0.423588753,1.508922100
3489,-0.148102447,-0.616574705
3490,-1.273670435,-0.462391555
3491,1.317263365,0.720367551
3492,-1.210772276,0.000090301
3493,-0.811554253,0.007779494
3494,-0.632186651,1.625358939
3495,-1.202685237,-0.687223434
3496,-0.726450920,-3.784455776
3497,0.039972812,-1.155527711
3498,-0.513911486,-0.395474136
3499,-0.151755661,0.021493964
3500,-1.881926656,0.817109823
3501,0.839669466,0.221277729
3502,1.179181457,0.458684176
3503,-1.371144056,-1.733186960
3504,1.356866598,0.177249253
3505,0.531752646,2.110661030
3506,-1.656938434,2.629765034
3507,0.578398824,0.264096469
3508,-0.093018234,-3.834435701
3509,-2.365407228,-2.036740065
3510,1.091675520,-0.629876852
3511,0.169274777,1.065213680
3512,1.479299307,-0.504325151
3513,-0.609518170,-0.018048644
3514,-1.019974113,0.853644609
3515,0.460401416,-1.903299332
3516,-0.283100426,-0.060283482
3517,1.270447135,0.130777985
3518,-0.778723657,0.491748929
3519,0.159591451,1.364528894
3520,-0.736168385,0.232073426
3521,-4.769828796,1.500829220
3522,0.060151577,-0.785648644
3523,0.144460082,-0.325244397
3524,-0.748116970,-1.277213573
3525,-1.124723792,1.039989948
3526,-0.162960649,-0.414200306
3527,-0.121363103,-0.315874577
3528,2.466101646,-1.578639865
3529,-1.285876632,1.067919850
3530,-1.898434043,0.186783731
3531,-0.352500826,1.230797410
3532,1.146062016,2.646885157
3533,1.915596247,0.265878469
3534,-0.583152354,-0.231803626
3535,-1.348160505,-0.431436986
3536,-1.074997663,-2.025789499
3537,0.226949602,-0.495323837
3538,1.324221134,-0.371671259
3539,-0.145849898,0.311065167
3540,0.263748914,0.044206329
3541,-0.268060058,0.097073048
3542,-0.711320639,-0.487292767
3543,-1.815900564,1.556298494
3544,2.593091249,-3.207723856
3545,-0.988456964,-0.198123813
3546,-1.053229690,0.315273643
3547,0.017180495,1.899704099
3548,1.246406555,-0.750507891
3549,2.483925343,-0.867225528
3550,-0.695116282,-1.021650434
3551,-2.295342445,-0.527205288
3552,-0.135304451,-0.327491939
3553,-1.245593548,-0.554515362
3554,-0.367703319,2.234568357
3555,-0.823482811,0.291465402
3556,0.507631063,-0.146858782
3557,-2.030141830,3.640583038
3558,1.199016690,0.043242097
3559,1.360756636,-0.681442499
3560,4.930852413,-0.409343600
3561,0.959724665,-0.858762264
3562,-0.418610603,-0.390750110
3563,0.142419457,-0.090997279
3564,-0.292671680,-0.339297265
3565,0.667235911,1.171556830
3566,1.326459765,-0.850991666
3567,0.479107857,1.086737275
3568,-1.802250028,-0.857169628
3569,0.411008298,0.041500594
3570,0.062504329,0.301378101
3571,-0.615373611,0.158775568
3572,-0.095878825,-0.119757012
3573,0.650673985,0.155347601
3574,-0.009228013,1.820673227
3575,0.390611112,0.332785547
3576,-2.148594379,0.977625191
3577,0.240964606,-0.812420189
3578,0.662102759,0.686344445
3579,-0.107757360,0.203463927
3580,0.364510596,0.703053951
3581,2.582155943,-1.158008456
3582,-1.543469548,3.172963858
3583,1.405743837,-2.029846430
3584,0.663542747,-0.177900732
3585,1.294617772,0.677873194
3586,-1.194985747,-2.954008341
3587,-0.204121992,-0.400697440
3588,-0.091387153,-0.677233160
3589,-1.456383467,-2.486208677
3590,-0.098711863,-0.156769276
3591,2.077337503,0.387700200
3592,0.826029778,-0.160020292
3593,-0.853688538,-0.302378595
3594,-0.254694700,0.877219617
3595,1.398499489,-0.286821067
3596,0.531214476,-0.367469430
3597,0.729253471,-0.644886971
3598,0.525842667,1.271459222
3599,0.999198675,0.687927246
3600,0.266293198,0.666229725
3601,-0.369477630,-0.064337455
3602,1.338757992,0.302679241
3603,1.866191387,-0.131992996
3604,-1.142546892,-0.633979499
3605,-1.898458004,0.554886758
3606,-1.819268823,2.555077076
3607,2.371402264,2.356089115
3608,2.087334633,-0.161422998
3609,-1.347109914,1.056748271
3610,-0.232452199,0.468614072
3611,0.612771869,0.942919075
3612,0.328400701,-0.301065683
3613,-0.550192297,2.433887959
3614,0.452883840,-0.046406355
3615,-0.789523125,-0.578528881
3616,-0.367987990,0.150299445
3617,-1.456995010,-2.370166063
3618,-0.381358951,0.255561113
3619,-1.594995022,1.430212736
3620,0.071555078,0.761852741
3621,1.352033854,1.384803653
3622,-0.593128085,0.347579956
3623,-1.470449448,0.438620776
3624,-0.701287627,-1.098188400
3625,0.145578623,2.074068069
3626,1.108810067,0.742147684
3627,-0.466585159,0.103901878
3628,0.407337874,-0.083638489
3629,-1.349031687,-0.870259523
3630,0.839334667,0.008076258
3631,-0.355013639,-1.366370916
3632,-0.624874949,1.995300770
3633,-1.181112170,2.762952328
3634,0.743183374,0.227158949
3635,0.965745628,0.414471954
3636,-0.009986141,0.174943939
3637,1.891538382,3.694048643
3638,-1.222511530,1.458257675
3639,-2.498965263,1.213248968
3640,2.597409248,-1.076338530
3641,-2.807616234,0.006217003
3642,-1.011802793,-0.039088234
3643,1.473270178,0.901914775
3644,2.591893196,-2.673641205
3645,0.457167834,-0.117757902
3646,0.462203652,0.462928593
3647,-0.697572470,-1.693541527
3648,-0.371477246,-0.179389253
3649,0.312346935,-0.346304744
3650,-0.532626748,-3.324605942
3651,0.332231909,-0.528242350
3652,-3.263656378,0.473720253
3653,-0.611890793,-0.617276788
3654,-0.173408657,0.806930482
3655,-0.094934747,0.692821324
3656,-1.459778547,-1.829529762
3657,0.112819880,1.305465698
3658,0.176246569,0.115402192
3659,-0.810682893,0.500717282
3660,0.689488828,0.782132566
3661,0.454152703,0.379126787
3662,2.824504852,-0.056610122
3663,-0.548138976,-0.112798557
3664,0.047661096,-0.220687404
3665,0.490184277,0.190074250
3666,-0.243592188,-0.157731429
3667,0.689960837,-1.016133428
3668,-0.501067758,-0.633730352
3669,0.821742415,1.379709959
3670,1.357789636,-0.646951079
3671,0.984132171,0.458704889
3672,-0.578075647,-1.116704941
3673,0.646115541,0.374373287
3674,-0.020535648,1.371819019
3675,-1.550988436,1.882967710
3676,-1.680274487,-0.404233217
3677,0.781994402,-0.888827324
3678,1.240476131,-0.643196285
3679,-0.838776588,-1.015949488
3680,-0.486101389,-1.775311708
3681,-0.915558934,0.914504468
3682,0.552819550,-0.102795482
3683,0.206154332,0.439002573
3684,-1.126561403,-0.462229490
3685,-1.826770306,-1.693201423
3686,-2.234963894,-0.519693613
3687,1.595003009,-0.899794400
3688,0.782155931,-0.173975676
3689,0.118005633,-0.997260451
3690,-0.054313254,0.295956969
3691,0.559389412,-0.157605052
3692,-0.325089544,0.361988842
3693,-0.189844728,0.033886932
3694,-2.305576563,-0.034542203
3695,-0.721329987,2.385554314
3696,0.127587587,-0.917521596
3697,-1.347871065,0.496209741
3698,-0.143730998,-0.136832014
3699,0.296125144,-0.032083664
3700,-2.613581181,-1.000095963
3701,-0.108731747,1.645981789
3702,1.172456503,-0.672840118
3703,-2.319066048,2.463336706
3704,3.019018173,-3.544753790
3705,1.388917923,2.170438290
3706,-0.458893955,0.553899705
3707,-0.464402229,-0.573021412
3708,1.075276136,-0.524222910
3709,-1.168074727,-1.691547155
3710,-1.445436835,-0.917309761
3711,1.065708995,-0.384431005
3712,0.831512690,-1.176641345
3713,-0.150615513,-1.209241986
3714,1.214977264,-0.674584746
3715,1.164204240,1.448934436
3716,0.772270918,0.021063950
3717,0.764862359,-1.137633562
3718,-2.618614197,0.947402000
3719,1.637058973,-0.046434522
3720,0.209272027,-0.455803335
3721,2.033865213,1.006503701
3722,-0.521943986,0.310353816
3723,-0.917738855,-0.411275238
3724,1.139367819,0.709088504
3725,0.179969907,-0.034502506
3726,0.194252014,-1.498986721
3727,-0.434085846,-0.422427416
3728,-0.641629219,0.189540625
3729,-2.381455660,1.789729118
3730,0.127590731,0.587822855
3731,-0.387208045,-0.723335981
3732,-0.750906587,0.876114547
3733,1.723761797,-1.349841595
3734,-0.575416207,-1.243101478
3735,-0.731091857,0.647747517
3736,0.327649057,-0.933040857
3737,-3.274774075,-0.902333617
3738,-0.588263154,-0.009991482
3739,-0.652232111,1.738739371
3740,1.200473070,0.253430754
3741,-0.232738078,-2.053189754
3742,0.156069949,-0.021494225
3743,-0.346598148,0.752822936
3744,-0.438897312,-2.475814104
3745,0.996177614,-1.313615322
3746,-1.912882328,-2.735188484
3747,1.104470849,-0.608841896
3748,-0.761427462,0.124823526
3749,-3.362296581,0.769620121
3750,0.748251677,4.979690552
3751,0.490800589,-2.410371304
3752,0.130591854,0.229468986
3753,2.363259554,-2.075592279
3754,-0.695530534,0.305561006
3755,-0.121552207,0.115564518
3756,-0.017446622,0.301577866
3757,1.258099437,0.671022177
3758,-0.888252199,1.402384520
3759,-0.777555645,-3.113030910
3760,-1.350657225,-2.121621370
3761,0.648204088,0.759535730
3762,1.119844913,0.605828226
3763,-0.045737654,0.591344833
3764,1.162030816,1.035683632
3765,1.355729103,0.055171847
3766,-0.125305757,0.957596302
3767,-0.366780579,0.121357791
3768,0.849604368,-2.419363737
3769,0.852062821,1.281529188
3770,-0.207888961,0.520453811
3771,-0.460361481,-1.896534324
3772,-0.447786927,0.767054021
3773,0.589896142,-1.442118049
3774,2.277251005,-0.318831950
3775,0.018292189,-1.657347679
3776,-1.750421405,0.942348540
3777,-2.223251820,0.083350778
3778,0.220874071,0.010497023
3779,0.663056910,-1.857353568
3780,0.060908616,2.915939093
3781,1.334924698,0.793511331
3782,0.555310607,-0.741361618
3783,-0.408630520,1.037354589
3784,-0.580698788,-3.020048380
3785,0.054094680,-0.263890803
3786,0.270001829,0.862870693
3787,1.122904539,-0.583165407
3788,-0.986155391,1.026884675
3789,-2.155805349,-0.517886221
3790,-0.090889513,-1.883120894
3791,-0.188403159,-0.426019132
3792,-3.683597326,1.263405442
3793,-0.014127076,-1.153915882
3794,1.764146328,1.874267697
3795,-0.261895776,1.237027049
3796,0.034502774,-0.270081401
3797,-0.222611398,-0.135485768
3798,-1.062238932,0.531338990
3799,-0.889107525,0.575530648
3800,0.662981033,-1.991905570
3801,1.297283411,-0.418352604
3802,1.332683921,1.037860870
3803,1.783285141,-0.880612075
3804,-1.455127120,0.577167869
3805,-2.175205946,1.018165708
3806,1.538456559,-0.381449521
3807,0.184263602,0.682480454
3808,1.561230898,1.223050594
3809,-2.134215117,-2.776498556
3810,-1.937504649,0.255424917
3811,0.583883882,-0.348679304
3812,0.842994332,-0.402051091
3813,-0.842361748,0.198454708
3814,-0.358089805,-1.686298132
3815,0.637297809,0.053944930
3816,-0.678420782,-1.202769637
3817,1.577562809,0.203252137
3818,0.334621519,-0.309861124
3819,0.040313169,1.471114874
3820,-0.716516435,-0.290622413
3821,0.157604784,-0.507513642
3822,-1.099946976,-2.191025496
3823,0.344219506,-0.802186310
3824,1.123112202,0.028455973
3825,-0.005360886,1.296324253
3826,-0.172595173,0.250932276
3827,-0.906150401,0.314624012
3828,0.533527017,-0.744544268
3829,-1.264808178,0.008954227
3830,0.832524836,1.679683089
3831,-3.189893246,1.697165966
3832,-1.039504528,-0.356646270
3833,-0.180156380,-0.417421043
3834,-0.144829169,-0.041665446
3835,0.065511949,-0.323141694
3836,-0.232658759,0.359287798
3837,0.340640128,0.097274154
3838,0.376761705,0.131334275
3839,0.083051473,0.545044303
3840,0.117050566,0.257207543
3841,2.096177101,1.871294260
3842,-2.790366650,-1.766441941
3843,1.383416653,-1.158177972
3844,-0.060713060,0.686294377
3845,1.039924502,-1.491140604
3846,0.625165462,-0.212901890
3847,0.433150947,0.863872290
3848,0.212899446,1.552777529
3849,0.566015303,0.042900059
3850,-0.589978099,-1.183493137
3851,0.706549287,-0.664642751
3852,-1.390863419,0.206008106
3853,0.619043648,-0.818521142
3854,-0.501371980,2.231218338
3855,-0.979276538,0.520114183
3856,0.440973729,0.222962886
3857,1.401456356,1.241853833
3858,0.644093990,-0.932921112
3859,-2.053459644,0.062528193
3860,0.691441834,-0.195267513
3861,2.645648241,2.882004023
3862,1.468568921,2.060219526
3863,-0.018322468,-1.551438570
3864,1.385752082,-1.376210809
3865,-0.326197505,1.435613155
3866,-0.113779470,-0.097033717
3867,-0.173501164,-0.179126948
3868,-0.883619905,0.962868333
3869,0.987964511,0.385064006
3870,1.363706112,0.220387116
3871,-0.107882351,2.159168959
3872,-2.222406387,0.839927197
3873,-0.539137483,-1.181849837
3874,2.777564287,-1.492026925
3875,-1.320365191,0.365084171
3876,-0.170033634,0.013780227
3877,-0.435855031,0.169567436
3878,2.044088364,0.265237719
3879,-2.604676247,-0.217767000
3880,-0.896986783,1.337275863
3881,0.148060918,0.493966460
3882,0.504013956,-1.032929659
3883,1.570593715,-2.238968372
3884,0.496260136,-1.812728643
3885,-0.137391180,0.033992801
3886,-1.766916513,-0.153726995
3887,1.187511683,-0.340172291
3888,0.911609054,1.489478827
3889,-0.601998389,0.652931333
3890,-0.571792722,1.874976635
3891,0.750722110,0.920626879
3892,-1.440277100,-2.091524601
3893,-0.855507553,-1.639753819
3894,-2.152807236,0.560006559
3895,-0.321413577,-0.183419347
3896,-1.386925220,-0.358035922
3897,-0.406659424,1.270405769
3898,-0.577617228,-0.906644821
3899,1.453531623,0.669879198
3900,-1.780000687,-1.209490299
3901,0.569139004,1.585656404
3902,-1.406960249,4.165400028
3903,1.008029222,-1.362569451
3904,-0.498472452,0.163164556
3905,0.457264960,-1.937155485
3906,-0.220443249,-0.092909321
3907,0.091270186,1.269313455
3908,0.299911916,1.154331326
3909,-0.894827247,-0.000055134
3910,-0.968888342,-0.724559247
3911,-0.634516776,-1.609032393
3912,-0.816232741,0.062233210
3913,0.814844608,0.458776265
3914,0.026823580,-0.416910380
3915,1.176193118,0.617042184
3916,1.796186924,-1.774523020
3917,0.042681798,-0.434248984
3918,2.580133915,1.745165110
3919,-0.188727677,-0.793216288
3920,1.135361433,1.987307429
3921,-1.475805283,-3.083830118
3922,1.533155918,1.658321738
3923,-1.141346812,0.013510019
3924,0.841953576,0.592636585
3925,0.145159662,-0.530580401
3926,0.010506015,0.465586632
3927,0.342713803,1.148000956
3928,-0.510692954,0.081358135
3929,0.630146384,1.653261662
3930,-0.697596788,-1.283353090
3931,1.210934877,-0.490290314
3932,-2.147997856,0.749432206
3933,-1.751274586,0.941590548
3934,-1.018851757,-0.755488992
3935,0.204140589,-0.628635705
3936,-0.251003891,0.868182719
3937,0.536808312,-0.239868581
3938,-1.635562181,-1.337369800
3939,-0.166254669,-0.070902556
3940,-0.673087060,-0.803569436
3941,1.676865101,-0.133817181
3942,1.127915263,1.388910770
3943,0.844472826,-2.338296175
3944,0.663236082,0.038749091
3945,0.121418074,1.019375801
3946,0.803481758,-1.089053750
3947,1.278980732,0.988819122
3948,-1.319139838,2.675108433
3949,-1.388058662,-0.034597158
3950,-0.571426570,1.213437438
3951,-0.397255182,-0.133185536
3952,0.977251410,0.937542200
3953,-0.265915453,0.933060765
3954,-0.297846377,0.577866793
3955,2.377113342,-2.463692427
3956,0.237848222,0.050383504
3957,-1.178740025,-2.457161665
3958,-0.654546857,1.354489446
3959,-0.838903666,0.037033647
3960,-0.569769204,-1.097598076
3961,-0.515723407,-0.285700560
3962,-0.708034992,-0.776868463
3963,-1.838338017,0.608639240
3964,0.453633487,-0.918312132
3965,1.416386604,-0.293556631
3966,1.054986715,-2.105895042
3967,0.066518679,2.171037674
3968,0.579743624,1.305898190
3969,-0.940154970,2.490354538
3970,-0.071019396,1.788567543
3971,-0.255494595,-0.499958217
3972,-0.304530233,-1.405513287
3973,0.862762213,-0.019681741
3974,-0.237472519,1.386335015
3975,-0.426062286,0.240121603
3976,-1.303617358,-1.960889578
3977,0.270891279,0.459525824
3978,-0.821652353,0.416346908
3979,0.900215030,-1.747763991
3980,-0.243604690,-0.177302793
3981,-0.195682243,-0.507162929
3982,-1.515732527,-0.675519645
3983,-0.195407510,-2.751366138
3984,1.768004060,0.095402122
3985,-0.203989223,0.223900273
3986,-0.155130729,0.858236194
3987,1.455308437,-1.213354230
3988,0.022989295,-0.215900078
3989,0.191604972,-0.151925474
3990,0.726536989,-1.559232116
3991,0.309951574,-0.490332216
3992,-0.108147055,0.307709157
3993,-0.109233916,0.587725163
3994,-1.103040934,-1.502593994
3995,0.267546535,0.253328025
3996,0.161628634,-0.023319928
3997,-1.958774686,-0.375187010
3998,-2.142480612,-0.001266241
3999,-0.603981733,-2.182180405
4000,-3.044849873,-3.820373535
4001,0.522911549,0.748240411
4002,-0.031285442,1.963203192
4003,-2.279933929,-0.671254754
4004,-0.461445212,0.452846050
4005,0.861252367,2.033583641
4006,-0.037845314,0.063838691
4007,-0.997599542,0.517483354
4008,-1.990912914,0.803582311
4009,-1.930355310,0.465439916
4010,-1.078894377,0.417611599
4011,1.133143425,-0.146803021
4012,-0.067782715,1.018933892
4013,1.343149900,-0.755399227
4014,-0.065688536,-0.571148515
4015,0.834981561,0.605072856
4016,0.505249560,0.066399179
4017,-0.461028576,0.170428455
4018,1.053304434,-0.733980477
4019,1.500921011,0.620376468
4020,1.425118804,-1.390936375
4021,-0.951017797,-0.113237500
4022,1.096283913,0.073023081
4023,-0.084842086,-2.924159765
4024,0.531482220,-1.088106632
4025,-1.086745262,0.862572193
4026,-0.049757797,0.797631323
4027,-0.812902629,1.035237074
4028,-1.479198456,0.004690289
4029,1.024347663,-1.803069830
4030,-1.372776151,2.555597544
4031,0.383903861,0.247011930
4032,0.371983171,0.064087033
4033,-0.767786622,-0.069018878
4034,1.196640730,1.728946567
4035,0.541816056,2.109820366
4036,-0.381708741,-2.127828360
4037,0.146184206,0.647073627
4038,-0.857136607,-0.065280885
4039,0.376099259,-0.307708472
4040,0.286958873,0.943045616
4041,1.505778790,1.300185561
4042,3.097802401,-1.161338091
4043,0.219756484,-0.691457272
4044,-1.529245377,-0.735032797
4045,2.059979439,0.232363269
4046,0.207778066,0.547870517
4047,0.637974799,-0.568263829
4048,0.794950724,0.185374141
4049,0.124830477,-0.098226503
4050,2.149478197,1.524245501
4051,-0.691044986,2.477497339
4052,-2.142005920,1.066763401
4053,0.663779080,1.491616607
4054,-1.806040287,-0.239280283
4055,0.791271806,0.465797782
4056,0.668446064,-0.968460321
4057,-0.063546911,0.816557229
4058,0.495909095,-2.073425055
4059,2.057841778,1.071751475
4060,0.693553925,0.092893928
4061,0.551969945,-0.083216861
4062,-0.445154399,0.295640677
4063,-0.527178884,0.620891035
4064,1.639819860,0.105276078
4065,0.456512988,-0.363961071
4066,0.013078213,-1.550569296
4067,-0.108744927,0.700053871
4068,-1.095119476,0.378778338
4069,0.201491266,1.170783520
4070,1.707887650,-0.215426043
4071,0.326016635,0.577400684
4072,-0.294699669,-0.569364548
4073,-0.209915593,0.552534461
4074,-0.117545843,-1.136164546
4075,1.248697281,-0.437219083
4076,-0.282824278,0.093802348
4077,-1.946955442,-0.243257135
4078,0.745274365,0.951487720
4079,-0.580272853,-0.776473403
4080,-1.255675912,-0.505466580
4081,-0.385272831,-1.026037812
4082,-1.590678453,-1.152282000
4083,-0.698794305,-1.065098166
4084,0.327286929,-0.040392850
4085,0.298289955,-1.462947845
4086,0.240391254,0.146054745
4087,-0.429075152,1.719595432
4088,-0.018849269,-0.362277925
4089,-0.384788781,0.180808961
4090,-1.172379255,0.740344286
4091,-0.891002595,-1.566966534
4092,1.549883723,-0.266852081
4093,-0.029272117,-0.170085415
4094,-0.518813610,0.045216270
4095,-0.160078645,-0.129477948
4096,2.429938555,-0.910984099
4097,0.940265536,-1.352585077
4098,-0.628464758,1.078811884
4099,1.453395009,0.961870074
4100,2.723347664,-1.481932521
4101,-1.059892416,-0.618427992
4102,-0.820356369,-0.490325987
4103,-1.334096909,-0.846389055
4104,2.803139210,1.263076067
4105,-0.472344160,-1.275946617
4106,-0.581933796,-0.358381063
4107,-0.401559383,0.192358017
4108,0.393890142,-0.248616174
4109,-1.256722450,1.116712689
4110,0.237602651,-0.163651332
4111,-0.480676115,-0.207993984
4112,-1.860768199,2.313067436
4113,-0.976303816,-0.968850493
4114,1.705914259,1.229834199
4115,1.685453653,2.027321577
4116,-0.111934491,-0.147536874
4117,-1.183838129,-0.631782830
4118,0.251064241,2.557651043
4119,0.621533334,0.447469771
4120,0.143173873,-0.176641569
4121,0.844499588,1.452626944
4122,3.229241848,-0.833833992
4123,-0.345946759,2.960732698
4124,1.322259426,-0.279687226
4125,-1.358971596,1.682033300
4126,-0.131239489,-0.836752951
4127,1.678841829,0.627302885
4128,0.494879842,1.591068268
4129,0.278251559,1.048231721
4130,2.150269985,-1.580193520
4131,1.113081098,-2.256305218
4132,0.991050601,-0.026794225
4133,-1.017595172,-1.033677459
4134,0.946639836,1.183625579
4135,-0.721126556,-0.324883670
4136,-1.656098366,0.001295507
4137,1.011784554,2.188456774
4138,0.083349355,0.202869877
4139,-1.821645856,-1.687922001
4140,-0.364715099,3.326075554
4141,-0.593260884,-0.560556114
4142,1.190024734,-0.144200578
4143,0.505223393,-1.209714651
4144,0.177726358,-1.301882029
4145,0.092010848,-0.083041370
4146,-1.449013114,1.150048256
4147,-0.682106912,-0.718135238
4148,0.233597010,-0.621806443
4149,1.686374664,1.009439588
4150,2.022106171,0.118057266
4151,1.610649586,-1.399930596
4152,0.957238197,0.597796679
4153,0.138248160,0.345258772
4154,2.057951927,-1.134816885
4155,-0.838490963,1.369432807
4156,1.181541204,0.026820749
4157,0.005079392,-0.238648251
4158,0.471834391,1.449683428
4159,-0.391521454,0.249277472
4160,1.495062470,1.042815089
4161,-0.717138231,-1.115378499
4162,-0.722009182,-0.181144297
4163,0.188603938,-1.415227413
4164,-2.122615099,3.408615112
4165,0.494116902,-0.202959180
4166,1.114213109,-0.092315003
4167,-0.523749232,-1.746465683
4168,1.307126641,2.139596462
4169,0.296022058,-1.061969519
4170,1.067435265,1.131374240
4171,-0.799412549,-0.312054574
4172,0.629923463,-0.731466055
4173,0.399002075,0.708088696
4174,0.149611712,-2.121892214
4175,1.654191971,-0.775196970
4176,0.174589336,1.036775708
4177,1.833511472,-2.572143555
4178,-0.361079961,-0.675108135
4179,-0.141921490,0.166555926
4180,0.692794442,-1.325138330
4181,1.435515404,-1.852780342
4182,-2.812774181,-1.369174480
4183,0.647886693,0.725143790
4184,0.227292299,0.478652149
4185,-0.115089826,-0.008978624
4186,-0.405333877,-1.178920746
4187,-0.137425780,2.734013796
4188,2.221946716,1.267069697
4189,-2.004722118,-2.873949051
4190,0.159069479,-0.030257339
4191,-1.029173851,-1.221954346
4192,0.532845438,0.675228655
4193,-2.396635532,1.320204735
4194,-1.271507025,-0.219583035
4195,-3.197436810,-0.836077571
4196,-0.906642914,-0.785248876
4197,0.959752262,1.222311378
4198,-1.993557215,-0.944083869
4199,-1.910100102,0.085049152
4200,-0.917916000,0.129478693
4201,0.407378912,-0.803344965
4202,1.418344021,2.138241529
4203,-0.351522714,1.453613281
4204,0.311272055,-3.557486296
4205,-0.724548817,-0.133252561
4206,1.165685058,-1.244292974
4207,-0.045941859,1.149783611
4208,-0.569907844,1.151579380
4209,-0.478938818,-0.581097901
4210,0.868656397,0.372207671
4211,-0.159384876,0.799274564
4212,2.032841682,-2.230192184
4213,-2.529846668,1.529728770
4214,-0.036243439,-0.244541675
4215,0.915859401,-0.982006907
4216,0.265175611,0.929592729
4217,-0.870498300,0.544655383
4218,3.549082756,0.420369923
4219,-1.055538297,1.395188808
4220,0.736321509,4.876637936
4221,-0.136507422,0.697003126
4222,-0.863324463,0.351124227
4223,-0.999567747,-0.364380360
4224,-0.976029396,0.620594919
4225,0.388366461,-1.305202246
4226,-1.122231841,1.106570721
4227,0.424477905,-0.099025525
4228,1.832677960,0.880089164
4229,0.161071166,0.010213007
4230,0.142487004,0.168737605
4231,2.387817860,-0.228401065
4232,-0.045421481,0.103649810
4233,-0.552905083,-0.649277210
4234,-1.472935081,1.549325228
4235,1.152737141,-1.307846069
4236,-0.170925573,0.187450707
4237,-0.881127656,-0.457191229
4238,-0.321071029,2.012596846
4239,-0.162139416,-0.349612117
4240,1.709315419,-0.697789788
4241,0.184224188,2.046081066
4242,0.230585217,-1.364210606
4243,-1.081776023,-1.287787199
4244,0.616609156,-0.239756435
4245,-1.068999290,0.176105976
4246,1.359065652,-0.105784334
4247,0.640582860,-1.368202090
4248,1.964029908,1.973769188
4249,-1.669904113,-1.788698554
4250,-0.170213997,-0.116474368
4251,-1.478890181,0.758494139
4252,0.210286945,0.102341086
4253,0.280939192,-0.106293052
4254,0.440642595,-1.087676167
4255,0.141487360,1.653963804
4256,1.233165979,0.493593931
4257,-2.906724930,1.866704464
4258,-1.289263844,-0.943785429
4259,0.830501676,1.075797439
4260,1.103597045,0.505428851
4261,0.110527143,-0.218293145
4262,-0.573974192,0.129545331
4263,-0.814431429,0.138715655
4264,-0.840081632,1.047249913
4265,-0.757655561,1.197384596
4266,-0.527585804,-1.602910161
4267,-2.735918522,-0.076425374
4268,2.565932989,1.631085753
4269,2.018464804,-0.732563198
4270,-0.552568913,-2.089872360
4271,-0.160585657,-0.169906318
4272,2.088040829,0.044296265
4273,-0.650773764,0.669699728
4274,0.302693427,0.447072387
4275,3.032621622,3.254377127
4276,1.060000777,0.976901054
4277,-0.643644094,0.364368260
4278,-0.453881383,0.844573975
4279,-0.388461530,-0.337948084
4280,0.349759698,-0.933074594
4281,1.314536333,1.108867407
4282,0.346203417,0.104781359
4283,0.356019437,0.250858605
4284,0.530694723,-1.503351808
4285,-0.557951033,-1.503828883
4286,1.684657097,-0.830771208
4287,0.957824230,0.220023274
4288,0.446786404,-0.052670602
4289,0.156521484,-0.065607958
4290,1.739375710,1.751298547
4291,-2.151806116,0.652198851
4292,1.063356876,-0.845969021
4293,-0.148933455,0.145494699
4294,-1.887533307,-1.167557001
4295,2.590828657,-2.428985834
4296,1.479793787,-0.158850133
4297,0.848260224,2.274395227
4298,-1.637450218,0.887063742
4299,0.257862866,0.864789128
4300,-1.215581417,-0.706029117
4301,-0.255784035,-0.938260734
4302,-0.061982490,0.126291052
4303,0.543316066,1.428453565
4304,0.378237009,2.078935385
4305,-0.687583685,1.876434088
4306,1.703555703,0.577075601
4307,-0.686233044,0.124272585
4308,-0.025540702,-0.285009921
4309,-1.555925131,0.167304158
4310,0.777433455,1.153975010
4311,-0.306758046,0.677966058
4312,-1.644028068,0.627267003
4313,0.918230414,-0.812866628
4314,0.331032515,1.817034483
4315,0.884856045,-0.953611851
4316,3.195776939,-1.984009385
4317,0.385396987,-0.208853245
4318,1.925831914,-0.360277086
4319,0.427663386,-1.129432559
4320,-0.772490978,-1.299916863
4321,-0.776535988,-0.637083650
4322,0.272353530,0.474474847
4323,0.150970817,-0.208511829
4324,-1.774011374,0.442506820
4325,0.078978717,0.179785788
4326,1.640719175,-1.191636324
4327,-0.251392782,1.325464845
4328,0.020263590,2.732864141
4329,-0.411576658,1.681401491
4330,1.659429789,0.000713550
4331,0.823474824,0.231642157
4332,-0.895327091,0.324652642
4333,-0.925240219,-0.190468073
4334,-1.234809756,0.784573555
4335,0.323217690,-0.226250038
4336,2.471323252,0.039341185
4337,-0.962970853,-2.114926815
4338,0.169287801,-0.142657652
4339,0.047852911,0.571122468
4340,0.973070145,0.732218385
4341,1.434748411,-1.779035449
4342,-0.901212752,-0.120998457
4343,-0.155215323,-0.318198770
4344,0.029126611,-0.507279098
4345,0.039186381,0.635831833
4346,-1.227379084,-1.271499157
4347,-0.739099145,-0.030221447
4348,-0.277943105,0.221875191
4349,-1.846416712,-0.044774771
4350,-0.615022361,-1.074698687
4351,1.238784790,-0.148145586
4352,1.295590997,-1.321078420
4353,0.281412035,0.895225227
4354,1.809936166,0.327721417
4355,-0.062972844,-0.170748562
4356,-1.930941582,0.510926485
4357,0.117897123,2.196895838
4358,-0.705800354,-0.253721267
4359,0.152929574,0.070715599
4360,-2.512008429,-1.729082346
4361,-0.976524830,2.866392851
4362,0.067705728,-0.142412484
4363,0.359948814,0.211821303
4364,1.155340195,-0.594508767
4365,-0.475874513,0.489879400
4366,0.006092906,-1.967036009
4367,-0.715152800,1.088780165
4368,0.461871475,0.610472441
4369,-1.141159654,-1.267071366
4370,1.947623968,-0.570168495
4371,0.325586528,-0.429078221
4372,-2.063690901,-1.854879618
4373,-1.315092444,0.043181896
4374,2.953879595,-1.114283204
4375,-0.360243052,1.244809866
4376,0.179878533,0.320022762
4377,0.185920522,0.768604279
4378,-0.461473227,0.911249578
4379,-0.291652858,-0.791498899
4380,-0.105491877,-2.398233891
4381,-1.437214375,1.432893038
4382,0.926329672,0.976876140
4383,2.374101400,3.122891188
4384,-0.391684026,-0.177155435
4385,-0.530720413,0.464035749
4386,-0.100676730,-0.633517563
4387,0.215296328,-0.792117298
4388,-0.478153378,0.285213768
4389,1.346951365,-0.233900428
4390,1.038773298,3.382715225
4391,0.395963192,-0.141552866
4392,0.156237289,0.903526425
4393,0.592743397,0.770638645
4394,1.679048896,-1.845590949
4395,0.083373874,0.264047384
4396,0.556459188,-0.550285995
4397,-0.092753798,-0.282850087
4398,-0.418701351,0.433654487
4399,0.649802506,0.956914127
4400,0.399351090,0.409342706
4401,0.120371073,2.027412891
4402,-2.087954998,0.092604041
4403,0.293199450,3.485564470
4404,-0.613350868,0.469609797
4405,0.073456079,-1.058146000
4406,-0.854986429,-0.916143179
4407,-1.038483858,-2.504839897
4408,-3.144330263,-2.590996265
4409,-0.251811683,0.565480709
4410,-0.156666100,-0.850811958
4411,1.527085781,-1.047699571
4412,0.264215559,0.796564579
4413,0.028060757,-0.355989218
4414,-2.483292818,-0.325657964
4415,0.200810134,-0.068201952
4416,-1.745505691,1.971216321
4417,1.322273850,2.867620468
4418,-0.085618317,1.281082273
4419,0.901967168,0.130417034
4420,-0.296763241,-1.387932658
4421,0.485772997,-0.800328553
4422,0.823729396,-0.577596307
4423,-2.273473978,-0.991440356
4424,-0.193826616,-0.421500236
4425,-1.012013674,-0.035056412
4426,-1.411037683,0.386904776
4427,-2.489071369,0.374953866
4428,-0.571114361,-0.814254105
4429,-0.956766546,0.400464535
4430,0.239835307,-0.221396074
4431,0.781806231,0.193968430
4432,-0.573740959,1.694032192
4433,0.059940338,-1.637066722
4434,0.432155848,-2.451261044
4435,-0.704825640,0.946457148
4436,-0.395047873,-0.200373650
4437,0.192741081,0.072090797
4438,0.483515054,0.704648972
4439,-1.073581457,0.527237356
4440,0.511569381,0.935181081
4441,-0.495054156,-0.977973282
4442,-2.568230391,1.510556698
4443,-0.400691390,-0.438430309
4444,-1.232848525,-0.566390932
4445,0.235354021,-0.179774225
4446,-0.492650986,0.138023376
4447,-0.261882097,-0.006978877
4448,1.212243557,-1.497267842
4449,-1.743916154,0.878368139
4450,2.615540504,0.755451679
4451,0.560306191,-0.640683293
4452,1.754458666,1.639011502
4453,0.211533219,-0.387815297
4454,0.183595911,0.357467115
4455,1.115599871,0.292598039
4456,-0.374030918,2.122336388
4457,-0.222660184,-1.906159878
4458,0.098807216,-1.125780940
4459,0.433721066,1.563726544
4460,-0.131778896,-1.765771151
4461,-1.460776329,-0.941792965
4462,-0.156220168,2.255835533
4463,2.013615370,0.017402604
4464,-0.518733442,-1.649613500
4465,-1.159243822,0.353322625
4466,0.197242349,0.020913195
4467,0.107064962,1.265526056
4468,-0.053888485,-0.001097590
4469,0.696516871,-1.235468149
4470,-0.200683221,0.050785802
4471,2.481165409,0.462059796
4472,-0.349837482,0.930942178
4473,-0.060017239,0.169586211
4474,0.150236756,-0.088724688
4475,-0.582055569,0.707437098
4476,-0.093030468,0.218795061
4477,0.790939331,-0.728641629
4478,-1.184609771,0.726656258
4479,-0.777406216,-1.423717141
4480,0.659345865,0.389891148
4481,-0.827479362,-0.626264930
4482,-0.177345797,0.385952353
4483,0.073420092,1.638824463
4484,0.008943494,-0.164799660
4485,0.562287092,1.288712621
4486,0.087197185,-1.614709735
4487,0.356477976,2.383686781
4488,-1.090580821,0.180371970
4489,0.171988964,-0.399062037
4490,0.671319902,0.934289217
4491,0.963617265,0.447529316
4492,1.049946427,-0.212296143
4493,2.730169296,-0.518922210
4494,0.722981632,-1.502150416
4495,0.108610779,-1.345757246
4496,0.468905747,0.559515357
4497,0.247532010,-1.187258244
4498,0.240942001,-0.822043359
4499,-2.577522039,2.477347374
4500,0.468777776,-0.717823267
4501,-1.163989425,1.988454342
4502,0.179804444,-2.006239176
4503,-0.360306799,-0.192051858
4504,0.561952472,1.558988929
4505,-1.693595409,0.193572104
4506,0.025110558,-0.930439830
4507,-0.845797062,-0.035036385
4508,0.574733317,-0.386342525
4509,0.887748361,0.037195425
4510,-0.555115819,-1.030167580
4511,0.651052833,0.506631374
4512,1.138118505,-1.060643435
4513,-0.113208711,-0.243957549
4514,2.088791847,-1.165210605
4515,-3.340708494,-1.250601530
4516,-0.141554981,0.126744717
4517,0.835685670,0.234115988
4518,-0.195359990,0.105833054
4519,-0.186645001,0.042550229
4520,1.896636724,0.050070606
4521,-0.283010721,-0.690339446
4522,-0.029143445,-0.184830397
4523,0.184875742,0.044039480
4524,2.083923578,1.792157173
4525,-0.468725443,-0.492606312
4526,-0.580545902,-1.932633519
4527,-2.126271725,2.125417709
4528,-1.558580637,-0.363962859
4529,-0.625372410,0.115524583
4530,-1.906312943,1.277721882
4531,-0.358253270,0.206910282
4532,0.388710946,-1.218014002
4533,-0.602002561,1.399287939
4534,-0.168670118,-1.158314705
4535,-0.599989474,0.806350768
4536,-1.115218282,0.373811603
4537,0.057009414,0.458981484
4538,-0.767573237,-0.685668826
4539,0.086796522,-1.363269210
4540,0.707344294,-1.214875340
4541,0.192331403,-0.181651056
4542,0.691429734,-0.389868677
4543,-0.296239585,-1.764259219
4544,-0.819561720,1.378017187
4545,-0.234252810,0.187874869
4546,-1.684184909,2.090038776
4547,1.764899254,1.702805877
4548,0.377028942,0.242822170
4549,-0.038649082,1.260042787
4550,-3.405597687,-0.684827268
4551,0.410124183,1.493096948
4552,0.150606602,-0.759601712
4553,-3.660377502,-0.845326185
4554,0.946260214,0.117070079
4555,-0.950432658,0.541238189
4556,-2.411472321,1.553732753
4557,2.767303467,-1.315343142
4558,1.077815413,-0.245571747
4559,0.487180144,0.198662668
4560,0.778331399,0.397225559
4561,-0.824623406,0.586041451
4562,0.698809266,0.000272382
4563,-0.146707043,1.002994299
4564,-0.532556176,1.601130247
4565,-1.012817621,2.418251276
4566,-0.571805716,-1.394015670
4567,-0.166332528,-0.185819060
4568,2.967465878,-0.714284778
4569,-1.887183070,-1.502254725
4570,-1.710521460,-0.246622086
4571,-0.336708367,-0.353968114
4572,1.169978619,-0.547688484
4573,-0.603200316,0.284561574
4574,1.136446357,-0.885910213
4575,0.226939112,0.055191237
4576,2.553971291,-0.293348879
4577,-0.239585102,-2.020987511
4578,-2.209994793,0.831941605
4579,0.677124739,-1.111181140
4580,-0.280716687,-0.297181457
4581,0.543500662,1.295148373
4582,-0.038784724,0.167766303
4583,-0.024876382,-0.329944015
4584,-0.293486714,1.088615179
4585,0.660416245,1.096871257
4586,-1.215743184,2.328304052
4587,-1.489735246,-0.172785819
4588,-1.734857440,0.343433708
4589,0.131514132,0.067933753
4590,0.954628587,0.612714529
4591,1.020038128,0.481155366
4592,4.165220737,0.380796582
4593,0.123567954,-0.827840447
4594,0.835193872,0.063272215
4595,0.052931447,0.771056652
4596,-0.123249456,-0.586806774
4597,0.299802125,1.615182519
4598,-0.876397967,-0.172231704
4599,-0.809073687,0.812713861
4600,0.729070723,-0.695547581
4601,-0.136208117,-0.072432086
4602,1.760964751,1.602606773
4603,0.704894125,0.358684748
4604,-0.179464608,0.485845774
4605,-0.691016078,-2.902319908
4606,-0.657830060,0.906314611
4607,0.591483772,-1.862271905
4608,0.379871309,-0.736048937
4609,0.221592769,-0.630610168
4610,-1.069204092,-0.489728749
4611,1.232832313,-0.530844092
4612,0.589045465,1.050805807
4613,1.845366597,3.705312014
4614,-0.215920985,0.528676271
4615,0.962146103,1.103511810
4616,-0.118786857,-0.169829622
4617,-1.994414687,-0.513444841
4618,0.795764744,0.655264139
4619,1.582837582,-0.120804444
4620,-0.151974425,0.229002476
4621,1.560936689,-1.765790462
4622,1.229719400,0.791691244
4623,1.593434095,-2.717270851
4624,0.297910869,0.219989419
4625,1.630155563,0.333053321
4626,0.008211136,-0.293091387
4627,0.922084808,-0.530640006
4628,-0.096122608,0.061261311
4629,-1.555284739,0.098350644
4630,-2.455549240,-2.072930574
4631,0.745754123,0.050329387
4632,0.625648916,0.088449061
4633,-0.118862107,0.834062159
4634,-1.438402176,-0.048744321
4635,2.590225220,-0.211218730
4636,0.692008734,-0.391672969
4637,-3.956926823,-0.575426757
4638,-0.107828915,2.107025385
4639,-2.971528053,3.926077127
4640,0.287482530,-1.277147055
4641,-0.337999165,-1.359558105
4642,-0.307715654,-0.071745381
4643,0.020930089,-0.242609650
4644,1.541348577,0.787837267
4645,0.244922325,0.687055111
4646,-0.476774514,-0.086117297
4647,0.788562298,-0.938592553
4648,-1.226818442,-0.091216266
4649,1.746314049,-0.953636169
4650,-2.013119459,1.250690103
4651,-1.821891546,-0.074058086
4652,1.841044188,-0.435226500
4653,-0.259581268,1.650243282
4654,0.070486784,-0.041499905
4655,0.873260140,3.115069151
4656,0.461939156,-1.175307989
4657,1.463872790,-1.629543781
4658,1.222931147,-1.919992089
4659,1.520956516,-1.780469775
4660,-1.266158104,-0.866691232
4661,0.615816057,-1.072824717
4662,0.297906697,-0.377749681
4663,5.233251095,-2.226166487
4664,1.395702243,1.217249513
4665,1.126231432,-2.118638039
4666,-0.119863912,0.600047827
4667,-0.233601123,-0.420834064
4668,-0.218164712,-0.211063340
4669,0.118267991,0.177780807
4670,-1.136138678,0.015736580
4671,-0.409698248,-0.135689795
4672,0.379458129,-0.054769356
4673,1.191307187,-2.762083054
4674,-0.435225010,-0.424738288
4675,-0.790335953,-0.230314270
4676,-0.331043422,-0.510069728
4677,-0.506983101,0.396249622
4678,1.603896260,-1.636049390
4679,-1.109266400,-1.239752293
4680,0.604466319,-0.481380463
4681,0.294253707,-0.000637782
4682,1.001716137,1.114626646
4683,-0.621631205,1.381512523
4684,1.892439723,2.971567154
4685,0.004471308,0.220767766
4686,-0.853674114,0.616294980
4687,-0.027085118,-0.224564388
4688,0.010900378,-0.043221653
4689,0.017293867,0.382159770
4690,-3.231213570,-0.105846882
4691,0.799276769,0.791941702
4692,-0.498038173,1.696500301
4693,3.296319008,-0.330601305
4694,1.959954023,-1.084949732
4695,0.076718062,-0.699912488
4696,-2.309465885,0.720911384
4697,-1.112629414,-2.441089630
4698,0.258177072,0.045896813
4699,2.437369823,-1.367366076
4700,1.437551379,-1.106986523
4701,0.692933798,-0.515695691
4702,0.811336935,1.572482824
4703,-0.534384131,0.950931191
4704,2.273316383,-3.908632994
4705,0.434430897,-0.043463808
4706,-1.167845130,-1.259472609
4707,0.165655240,-0.222832531
4708,0.617907643,0.093072094
4709,-0.480025172,-0.230850399
4710,-0.597705364,-1.034552932
4711,1.327780247,0.354226142
4712,0.375794649,-2.766562939
4713,-0.187264428,0.125230819
4714,1.492952228,-0.165299028
4715,0.818482637,0.069159605
4716,-1.194443226,-0.587252975
4717,-0.158216059,-0.285824597
4718,0.002633800,0.293497741
4719,-0.557549536,1.983739495
4720,0.592694879,-0.707102418
4721,-0.424726605,-0.375278711
4722,-0.823057115,1.663162947
4723,-2.051410437,3.832720041
4724,0.487788886,-1.029385328
4725,-0.262510628,0.175017029
4726,1.096173882,-1.031764269
4727,0.920381546,0.434600174
4728,1.500148535,-0.455331862
4729,-1.594123840,-0.828906298
4730,-1.006107569,0.178455770
4731,1.375404239,-0.291949213
4732,-1.121788979,1.067616224
4733,-0.817183852,1.446810126
4734,-0.475953877,2.863418579
4735,0.217760086,-0.539468944
4736,0.297486335,0.807435095
4737,-0.460635483,-1.500997305
4738,-0.152462333,0.324592739
4739,0.076543838,0.811840951
4740,0.808183432,-0.287693977
4741,-0.569663525,1.091421723
4742,0.764903963,-1.456015110
4743,-0.576535463,-0.884758353
4744,-1.138957858,-0.416506112
4745,0.142941713,-0.383757830
4746,2.823376417,0.160938770
4747,2.655789614,0.174727127
4748,-1.635714889,-0.189732343
4749,-0.743291795,3.133778334
4750,-0.056748547,0.474833399
4751,-0.739261329,-0.672302961
4752,-2.361455917,0.710102558
4753,-2.854278088,-1.334079385
4754,0.242693841,0.178912774
4755,1.667107105,-0.058576405
4756,-0.508462846,-0.262264282
4757,-2.377626657,1.128982067
4758,1.678002119,-2.907649040
4759,0.158003390,-0.692806780
4760,0.771357119,0.665026844
4761,0.815399826,-1.301629424
4762,-2.816350937,1.941609502
4763,-0.170547158,-0.732188523
4764,0.153116077,0.218221590
4765,0.008405220,0.197429180
4766,0.415148109,0.455732644
4767,0.143253207,-1.459233642
4768,0.061280508,0.314445466
4769,0.382600725,-1.121516585
4770,-1.000850797,1.143196940
4771,-0.024303794,-2.329481125
4772,1.053646088,0.039714269
4773,-0.153302133,-0.605511546
4774,-0.621010780,-0.722908556
4775,2.072062731,-0.383826345
4776,-1.744264364,2.682975769
4777,-0.553331912,0.701568246
4778,0.727916837,-0.985076308
4779,1.600082278,0.080005236
4780,3.233283043,-0.424999297
4781,0.244594693,-1.369330049
4782,2.067046642,-0.270478219
4783,0.637125134,-0.474839687
4784,-1.953102827,1.027797937
4785,0.751069903,0.164728388
4786,1.075590968,-0.056229200
4787,0.601028562,0.867540240
4788,-0.877575159,-0.271244138
4789,1.020688653,0.698956788
4790,-0.698524952,-0.872412086
4791,0.223747134,-0.494547725
4792,-1.075383782,1.123681545
4793,0.491032511,-0.658069432
4794,-1.318895340,1.213065028
4795,0.139022559,-1.900960684
4796,-0.262268126,-1.301015854
4797,1.159726024,0.767174661
4798,1.676506281,-0.358486772
4799,0.574827492,-0.054793719
4800,1.394280434,-1.180288434
4801,-1.550258279,1.946723580
4802,-0.156096324,0.159972966
4803,1.104553819,0.093587309
4804,1.445662856,-0.320522428
4805,0.322941005,-0.019399220
4806,-1.109676957,-0.985132992
4807,1.481996298,0.642516732
4808,-1.525072575,-1.215524554
4809,-0.194132179,-0.049509395
4810,1.287507653,-1.472660065
4811,0.307684362,-0.391014785
4812,-0.007354796,-1.800932407
4813,-1.343903303,-0.413007319
4814,-2.116033077,-0.347168148
4815,-0.056613445,0.224799648
4816,-1.026607513,0.974672437
4817,-1.281239629,-1.095316172
4818,0.597075045,0.954356253
4819,-1.105333686,-3.484158754
4820,-0.573795974,-0.068318285
4821,-1.434688330,0.705177546
4822,0.604927659,-1.519976377
4823,-1.501322269,2.229612589
4824,0.354602218,1.025974989
4825,-0.021015914,-0.161356166
4826,0.570568383,-0.408860654
4827,-1.255001187,-2.178333759
4828,-1.066890359,-1.182018638
4829,-1.692470312,-0.542559206
4830,1.269919395,2.059508801
4831,-0.282075524,1.772465706
4832,-0.601393580,-1.683463335
4833,-0.617449403,-0.861044049
4834,0.692027986,0.784738660
4835,-0.090039819,0.373449087
4836,-0.752395451,1.225570679
4837,-0.950368285,0.942970395
4838,0.237545729,-1.985416174
4839,-1.233432770,0.731429577
4840,-0.464061111,1.400412202
4841,0.263221681,-0.171540946
4842,1.617412329,-1.554104090
4843,-0.575216234,-1.628896952
4844,-1.421275616,0.147229403
4845,1.552302361,0.454430342
4846,0.704525828,-0.264018416
4847,-0.767512143,-5.043646812
4848,0.024792470,0.272540599
4849,0.813791990,-1.293781281
4850,-1.368488073,-0.124055445
4851,-0.912066340,0.094564974
4852,-0.420386255,-0.254833519
4853,-1.216865540,-4.206961632
4854,0.562214255,0.574770749
4855,0.130595684,-0.551291943
4856,-0.843996346,-1.034198284
4857,-0.319450021,0.877441943
4858,-0.383977294,-0.558459878
4859,-0.981622279,0.280995160
4860,1.674782276,0.683029652
4861,0.019305706,-0.774842143
4862,0.251817524,-0.061768141
4863,-0.008793116,-0.395480990
4864,3.222427130,-0.852030814
4865,-0.099881649,0.734582901
4866,-1.346495390,0.188571304
4867,0.929955602,1.725357533
4868,1.194290638,0.846017599
4869,0.154746115,1.983110905
4870,-0.693099618,-0.889634848
4871,0.171942562,-0.088809177
4872,0.494864821,0.226872370
4873,-0.527475715,-0.109870628
4874,0.896571755,0.540139079
4875,-0.726672351,-2.030352354
4876,1.040032864,-1.860326529
4877,-0.182471693,-0.786663949
4878,-0.303457677,-0.099249050
4879,-1.056182981,1.485758305
4880,-0.440526158,2.223170280
4881,0.583779156,0.434930891
4882,-1.628373504,-0.314610839
4883,-1.453025818,1.651654482
4884,-1.267649174,-0.319142520
4885,-2.087153435,0.365656078
4886,0.225053549,-1.833553553
4887,-0.090335011,-0.116471753
4888,0.391530037,-0.120028816
4889,1.288237929,-1.908612609
4890,-0.205412805,-0.864160538
4891,0.424689472,1.356169939
4892,0.804614902,1.422303200
4893,1.047719479,-0.839865327
4894,0.474826783,-1.461923003
4895,0.881868005,-0.871160090
4896,0.020598356,-0.267522573
4897,1.011959791,-0.190131515
4898,2.773148537,-0.677967250
4899,0.061334539,0.173435822
4900,1.844022036,2.553388119
4901,-0.113796994,0.145762816
4902,-0.509842873,0.231284142
4903,-0.597847700,-0.538192868
4904,1.099468350,-0.244658336
4905,1.288656473,0.021289647
4906,0.301911443,-0.046281360
4907,0.042870730,0.376993895
4908,1.611624718,-0.392934501
4909,0.428162456,0.438510031
4910,-1.090357542,-0.173068523
4911,0.552851200,1.165159583
4912,0.267290115,0.560592949
4913,0.175812960,-3.058069468
4914,0.555039048,2.750738859
4915,0.004983187,-2.409904480
4916,-2.224072695,-1.047263980
4917,-2.013908625,1.279322147
4918,0.175709486,-0.178183734
4919,-1.088724375,0.205173671
4920,-1.983460665,0.661841631
4921,-0.035487987,-0.161235243
4922,0.555785060,-0.719841957
4923,-2.379932404,-2.287341595
4924,-4.358190536,-1.709822536
4925,0.798035800,-0.220387980
4926,0.241202146,0.027084529
4927,-3.828612804,0.879454374
4928,-3.058529854,-4.380811214
4929,0.312715739,-0.211976320
4930,0.718225479,-0.173995852
4931,-0.955345988,0.865860701
4932,-0.476813376,-0.524243951
4933,0.389325649,-1.652517557
4934,-0.751704395,-0.188635916
4935,0.338755906,0.069286823
4936,0.592492461,-0.831328571
4937,-2.401837826,-0.798051119
4938,1.005293369,0.821805775
4939,-0.666529238,-0.696247220
4940,-0.262398303,0.119217843
4941,3.409040213,0.688229799
4942,-0.778518379,0.476840138
4943,-0.363147080,-0.429003984
4944,1.508037806,1.340124965
4945,-1.145083666,0.028762698
4946,0.269089758,-0.352944613
4947,1.157749653,0.005301869
4948,0.092739582,0.048658907
4949,2.235121965,-0.841143131
4950,0.949127078,0.093349725
4951,2.436702013,-0.297357708
4952,1.909111261,1.743034124
4953,0.174544722,-0.820241332
4954,3.345797062,0.200795576
4955,-0.096425645,0.169462919
4956,0.771605611,2.360546112
4957,-2.300587893,-2.353655577
4958,-1.277717829,0.195035219
4959,-0.124992713,-0.279473811
4960,-0.384140790,0.569013417
4961,-1.128503442,1.102991939
4962,0.234547973,0.542690337
4963,1.189449906,-1.197749853
4964,-0.750687838,-0.163857818
4965,0.149933770,0.121698871
4966,0.385485291,1.335824609
4967,1.568930984,0.666591346
4968,-0.310415506,-0.771355093
4969,-1.086946011,-0.853443623
4970,0.828251660,-1.083609343
4971,-0.040450048,0.785062194
4972,1.303190231,-0.114382386
4973,-1.814281702,-1.382535458
4974,1.165051222,-0.939987779
4975,0.941557944,-0.038449101
4976,0.081098735,-1.755692959
4977,-0.052798092,-0.183124602
4978,-0.439118922,-0.619241655
4979,0.794121683,-3.504566669
4980,1.441767097,-1.498048186
4981,0.383745879,2.386760712
4982,0.044745356,2.168326139
4983,-0.641961217,0.108284056
4984,0.863192856,-0.165433943
4985,0.496669412,3.183893442
4986,0.772285461,0.660404205
4987,-0.023525238,-1.371445179
4988,0.632427812,-0.430484056
4989,1.253700495,-0.546240509
4990,0.478039563,-2.683948755
4991,-2.759349585,-0.829782128
4992,-1.460650206,-0.764724374
4993,-1.197149158,-0.752894163
4994,-0.308569849,0.577974081
4995,0.815651655,-1.692393899
4996,-0.888809502,-2.082578421
4997,-1.468294621,0.886902273
4998,2.584298134,-1.146457553
4999,-2.320229769,2.078420162
5000,0.142318398,0.157954872
5001,-0.751282811,1.270687699
5002,0.385006428,-0.275392234
5003,-0.821904361,0.560484350
5004,0.489121228,0.062991187
5005,3.570403814,2.016687870
5006,0.043135487,-0.152005568
5007,0.012788177,-1.084446430
5008,2.514504194,0.022099048
5009,-2.770477295,-1.582564831
5010,0.013584167,0.774041772
5011,0.143351033,0.013098720
5012,-0.248756647,-0.232026458
5013,-1.690940619,-1.104280353
5014,0.286908567,-0.081630260
5015,-0.858665228,1.104484439
5016,-0.019050956,2.250160456
5017,-1.019509792,-0.371243060
5018,-0.233298182,-0.103610881
5019,1.829449415,0.337678790
5020,-1.023852825,0.573852897
5021,0.099611044,1.194688320
5022,-1.165333152,-0.015279770
5023,-0.576464176,0.079687893
5024,1.029194832,0.030124664
5025,1.508968115,-5.150591373
5026,1.328741312,-0.196054533
5027,0.424340576,0.399959892
5028,-1.815327406,0.521512508
5029,0.687197804,-1.760938406
5030,-1.046313763,-0.123472542
5031,1.201700091,-0.086970821
5032,-0.093758494,0.050891072
5033,-0.496049762,1.894715905
5034,0.348136395,-0.156407908
5035,0.057920203,1.122699142
5036,-0.786631584,-0.828307450
5037,-1.447724819,-1.722780347
5038,-0.695352435,-1.175197124
5039,-0.348783255,0.714284420
5040,-1.322658420,-0.155803323
5041,-2.152906895,-0.800990522
5042,0.058358837,-0.158267364
5043,-0.393479824,0.882748604
5044,0.590580106,-1.316360235
5045,0.999944210,1.471877337
5046,-1.348948479,0.302988350
5047,0.191507712,0.168257996
5048,0.348494768,-0.261283249
5049,-0.312289506,0.064509638
5050,-0.187827364,1.160983920
5051,0.169390127,0.612832308
5052,0.236924604,0.054682110
5053,0.036813259,-1.381725073
5054,-0.179685116,0.134992123
5055,0.216053903,-2.133889914
5056,1.607135296,0.266102493
5057,0.707630754,0.856310129
5058,-0.194935709,2.020182133
5059,-0.758892775,2.702762842
5060,-0.951246858,-0.254351199
5061,-0.031721592,-0.782208562
5062,-1.216072440,-0.854269326
5063,-0.060615912,0.455295444
5064,0.055102497,-0.502279341
5065,-1.709149122,1.447243214
5066,-2.091470003,2.235517979
5067,-0.756838500,-0.626923025
5068,-0.745051265,0.516148269
5069,-0.727388382,0.385304987
5070,-0.598742545,1.177286983
5071,-0.723546207,0.120256424
5072,-0.613945842,-0.040220216
5073,-0.146348491,0.775275290
5074,0.820510924,0.100112259
5075,-0.217224970,0.081620961
5076,0.565503478,0.216217905
5077,-0.784031868,-0.889784336
5078,0.266885936,2.842099428
5079,0.252172232,1.019711494
5080,1.131429911,-0.163270384
5081,0.750469446,-0.213294968
5082,-0.444805264,-2.725625992
5083,2.361030579,-0.555825472
5084,-0.088122010,-0.458700716
5085,2.287182331,0.188164532
5086,0.118906632,-0.315251112
5087,0.102555871,-0.204161167
5088,0.520695806,-1.178479075
5089,1.764775276,-0.771179974
5090,-0.029668469,0.253643453
5091,-0.505603731,-0.153117687
5092,0.664461613,-0.919733882
5093,2.006701469,0.749023497
5094,0.087133139,-0.853349388
5095,0.904903412,-1.671197414
5096,0.779534340,0.193986967
5097,0.438683063,0.241168812
5098,-0.467696548,-0.739043832
5099,-0.208573699,2.570674181
5100,-0.364109576,-0.051861659
5101,-2.053505898,-1.220169067
5102,-0.784731150,2.776944160
5103,-1.016839981,-2.114866734
5104,0.025760293,0.965592027
5105,0.422876418,-0.818492234
5106,1.407667994,-1.361336470
5107,0.519252360,1.046297789
5108,1.612160683,-1.239976287
5109,0.983343124,0.648771167
5110,0.438524127,-2.100667953
5111,0.201179326,1.345253468
5112,0.224005237,0.611431897
5113,0.539737821,-0.184156373
5114,0.373029202,0.097892046
5115,-0.264682770,-0.872120976
5116,0.090749428,-0.206250757
5117,0.309401244,0.190803215
5118,0.846065402,-0.070017874
5119,0.738920450,0.812881708
5120,0.189847723,-0.576152027
5121,-0.965679407,-1.940457821
5122,0.355118454,1.795946717
5123,-0.383551955,0.300455570
5124,0.386060476,0.594454944
5125,1.460890293,0.151701331
5126,0.433896929,0.294449031
5127,1.555151463,-2.028484344
5128,0.787126899,-0.209417284
5129,-0.077513374,0.195188776
5130,-0.258048147,-0.133226067
5131,3.430364847,-0.671787024
5132,1.851294994,1.790944338
5133,0.359049439,0.465249062
5134,0.111660779,1.048474789
5135,1.545348763,-3.352901220
5136,0.358642220,4.012453079
5137,0.484495580,-0.210774213
5138,0.981773257,-0.315206170
5139,1.643215179,0.526472270
5140,2.204234600,1.196523547
5141,0.206187427,-0.315943122
5142,0.383386910,-1.856017947
5143,-1.585135460,0.278242588
5144,-2.435397148,2.609549999
5145,0.481222987,1.700771570
5146,1.370013952,2.068839550
5147,0.546160638,-0.530665934
5148,-1.198878050,-1.884540081
5149,-0.654810429,-0.260792375
5150,-1.513347864,0.746300399
5151,-0.275243521,1.430927396
5152,0.229466945,0.824445009
5153,-3.180390835,0.497946799
5154,1.578822970,0.108853206
5155,0.402681470,-0.312051237
5156,-2.384139538,-1.259344459
5157,0.802156389,-0.813793302
5158,0.423273951,1.828975320
5159,-1.529678822,0.218625546
5160,-0.172653884,0.434528172
5161,-2.175753117,0.782654881
5162,0.244962037,-2.123920679
5163,-1.353105068,1.521082640
5164,0.582617998,-0.933241844
5165,0.136892408,-0.460171491
5166,1.170392513,-0.328213722
5167,0.173881769,0.064018615
5168,-0.088137358,-1.844139934
5169,0.489984870,0.437296033
5170,-0.180093318,-0.243343264
5171,-2.477753878,-0.415148616
5172,-0.085728049,-2.147623062
5173,-0.852771699,1.420472383
5174,-0.354586244,-0.152101815
5175,-1.087966681,0.597979307
5176,-0.792325974,2.263688803
5177,-0.784375906,-0.877767682
5178,-0.207828924,-0.184249043
5179,0.248124778,-0.195146382
5180,2.196981192,0.877146840
5181,0.100991935,-0.234632224
5182,0.286604941,0.270811498
5183,-1.015504956,-0.514234483
5184,0.311003178,-0.103244454
5185,0.318929881,0.221636742
5186,-0.221893191,1.037267685
5187,-1.151080847,2.463845730
5188,-0.234562039,-0.276067883
5189,-0.959505439,-0.651340008
5190,0.441516697,-0.391289473
5191,-0.182014629,1.731264114
5192,0.228003442,-0.159188464
5193,0.224083290,-0.386789292
5194,0.967179000,-2.097470760
5195,-2.980833530,-0.902444839
5196,-0.950483799,-0.574807763
5197,0.951353073,0.180382818
5198,0.617403567,0.044893470
5199,0.403397977,0.138309121
5200,0.311173856,-0.382417172
5201,0.786894798,-0.462851167
5202,-0.041612327,-1.478157282
5203,0.219438121,0.172059402
5204,-0.212890178,0.113506690
5205,0.355044454,0.046217576
5206,0.184057295,-0.086282738
5207,-0.769790649,-1.535634637
5208,1.893019199,-2.204037666
5209,-0.603792489,-1.378783464
5210,1.445787907,0.641516745
5211,-3.056111574,0.730134249
5212,0.897619545,-2.859827280
5213,-1.840785265,0.022101283
5214,-1.352241874,0.576338530
5215,0.568855107,0.317711681
5216,0.971989036,-2.156879425
5217,-0.081181988,-0.145845681
5218,1.750678301,0.349958271
5219,-0.083662912,-0.456207275
5220,0.204479501,-0.161301494
5221,2.152959108,2.126669407
5222,1.439318180,-0.101243943
5223,-0.038776368,1.189865232
5224,-0.212281197,0.214110494
5225,-1.885518074,0.975249529
5226,-0.283533245,1.992054582
5227,-3.244309187,-0.188814551
5228,2.095390797,-0.069540344
5229,-2.368370295,2.632165670
5230,-1.627286553,1.941557765
5231,0.710005045,1.533954144
5232,1.218897939,1.605255365
5233,1.384480715,0.389519542
5234,0.777270794,-1.308028102
5235,-0.806321025,-1.095131874
5236,-1.694566727,-0.685050726
5237,-1.098400235,-0.749774814
5238,-1.533263326,-2.204457045
5239,-2.013879776,-0.015465021
5240,-1.139889240,-0.138706207
5241,0.160685107,0.946141839
5242,-1.369652510,-0.291037977
5243,-0.155489668,-0.750691235
5244,0.122006394,-0.234874964
5245,0.502831995,-0.421024829
5246,0.134394825,0.302280664
5247,0.401582658,-0.173945457
5248,-0.862462044,0.156022847
5249,0.042812288,-0.870819688
5250,0.183565855,-1.672787309
5251,0.758156955,0.939288676
5252,0.530928671,-1.017662764
5253,-0.352470100,-0.726001918
5254,-2.156915188,-1.215642810
5255,-0.977005303,0.687018991
5256,-0.527435541,1.118381262
5257,-0.759298801,0.831567228
5258,-3.367895603,0.546234131
5259,1.276921153,-2.369006634
5260,-0.021554049,0.548578143
5261,-0.890853643,-1.836161137
5262,-3.643874884,-0.948448122
5263,-0.223968953,0.010000922
5264,-0.579707265,0.374000192
5265,-0.254587412,0.171305746
5266,-0.311866224,0.733331382
5267,-2.184248686,-0.093747377
5268,0.149729788,-0.211520433
5269,-0.541286945,-0.126095653
5270,-0.987318993,0.429648787
5271,1.360390544,-0.882641017
5272,2.661040306,-1.645257711
5273,-0.061981667,0.184854954
5274,-0.620015800,0.975592971
5275,-1.168159008,-1.729593277
5276,1.088678241,0.310584426
5277,0.796209753,1.799221873
5278,1.627032876,-2.852126837
5279,-0.032345504,-0.200076073
5280,0.061839342,1.309035420
5281,-1.139794469,-0.636406779
5282,0.221134454,0.305647314
5283,-0.046528876,-0.577442646
5284,-0.609404445,-0.208716542
5285,0.106107138,0.376075774
5286,-0.739150763,-0.748690009
5287,0.462419152,-0.814108431
5288,0.375451505,0.993948102
5289,-0.704118729,-1.848952889
5290,-1.643539429,-1.455439568
5291,-0.126747549,0.112092882
5292,0.531208634,0.465172827
5293,-0.027318813,1.131346226
5294,1.177060604,-3.159436464
5295,-1.812747717,1.728880167
5296,0.472668350,1.006296396
5297,0.234839767,0.747362077
5298,-1.791666269,0.884516954
5299,1.407949328,-1.348760366
5300,0.722219408,-0.146792427
5301,-0.129296154,-0.181249514
5302,-1.489022970,4.134691238
5303,-0.113466382,-0.130028486
5304,1.421699643,1.470404267
5305,-0.697528481,-1.162208438
5306,-0.851453960,1.069825888
5307,-4.191635609,-1.216080427
5308,-2.324882269,0.580338836
5309,-0.881082773,-0.627304375
5310,0.018947810,-0.896048784
5311,2.645218134,2.702431440
5312,0.506546855,-1.025436521
5313,-0.498422682,0.644635439
5314,0.174726710,-0.245222911
5315,-1.595825076,-1.311605573
5316,0.970274746,1.689547300
5317,1.207174063,0.508792520
5318,-0.852845430,-0.970799327
5319,-1.937914491,1.569717169
5320,-0.640334606,-0.323530316
5321,-1.988019228,-2.978503227
5322,0.514039993,-0.125140607
5323,-0.599428654,2.123871803
5324,0.881786704,-0.743639112
5325,-0.892169118,1.838225603
5326,-0.391345352,0.095973037
5327,-1.687436342,-0.255222261
5328,-2.836617470,-0.710806191
5329,-1.332790852,2.759480953
5330,-1.690826654,0.050084054
5331,-1.467982650,0.195849597
5332,-1.991344571,1.314783812
5333,0.947462142,-1.713186145
5334,0.569041491,-0.433669806
5335,0.045717187,0.403885335
5336,-0.362230211,-1.272376060
5337,-0.519587040,0.263562500
5338,0.539593041,0.061993886
5339,0.527511954,-0.011763039
5340,0.581144989,0.881702065
5341,-0.830025136,1.774179220
5342,1.744746327,-1.100891948
5343,-0.509860277,-0.746664584
5344,-0.730781674,-0.945660353
5345,-1.068793535,-2.726834774
5346,0.907715797,0.730538011
5347,-0.762400150,-0.700110555
5348,0.568726599,1.256346464
5349,-0.497340560,-0.971017420
5350,-1.541913867,0.624502063
5351,0.747084737,-1.466967821
5352,-0.097880393,-0.190725759
5353,-0.032117195,0.425317079
5354,0.244472772,0.163201988
5355,0.954070270,0.696173966
5356,0.303544939,0.046241280
5357,-1.883481145,0.593548298
5358,-0.758646727,-0.855667114
5359,-0.285050720,-0.459599674
5360,-0.054652311,0.326143831
5361,0.789141774,-1.361499310
5362,-1.255509734,1.292509317
5363,-0.889448762,1.832147837
5364,-1.034469366,-0.566721201
5365,0.582648814,0.567302108
5366,0.937098384,2.422200918
5367,1.156846523,-0.451071233
5368,-0.606493652,-0.579017878
5369,1.063007474,-1.308671355
5370,0.461303830,-0.367874742
5371,1.123211145,-0.740580201
5372,0.243093207,0.757587194
5373,2.820762396,3.376381159
5374,0.476020873,0.197469473
5375,-0.255150557,0.212565303
5376,-1.995893478,-0.280111432
5377,1.010737181,-1.774646044
5378,-0.393136621,-0.370388329
5379,2.675578594,2.312786341
5380,2.079229116,2.282391787
5381,-0.681921601,-0.454438597
5382,0.668553472,-0.968792081
5383,0.370158672,0.046576977
5384,-0.702826977,-0.836678803
5385,-0.266334891,-0.156803906
5386,0.211186334,-0.154130310
5387,-0.221632510,-0.134559542
5388,0.852790475,-2.277638912
5389,1.761713624,0.150883764
5390,-0.409160614,-2.194514751
5391,-0.084825948,0.551637053
5392,-0.128178090,-1.715379000
5393,-2.066868305,-1.375185251
5394,-0.484663457,-1.008715153
5395,0.432783544,-0.014796928
5396,-0.707601666,-1.795428753
5397,0.483025551,-0.272161543
5398,0.810816169,-1.428213954
5399,1.641506672,1.475473642
5400,1.267777324,-1.008274317
5401,-0.539636314,0.347078204
5402,0.297620207,0.397241682
5403,-0.711859286,0.611352801
5404,0.939377666,-0.186245725
5405,0.272582561,0.067224510
5406,0.023411691,-0.474188507
5407,-0.199859768,-0.277311563
5408,0.451755822,0.554554284
5409,-0.508100629,-0.982932270
5410,1.948282480,-0.146637440
5411,2.012854815,-0.179570764
5412,1.085731626,-1.998380184
5413,0.665973306,-0.726345778
5414,0.399083048,0.926951051
5415,1.615817904,-1.162699699
5416,0.863262653,0.694202721
5417,0.789230824,-0.521731794
5418,-1.141984940,0.105767652
5419,-0.765527010,0.062363118
5420,-1.136856914,-0.927895010
5421,-1.037514687,-0.425869465
5422,0.259915352,0.308244228
5423,0.067985028,0.164824992
5424,-0.073491111,0.467838496
5425,0.224958897,-3.608748913
5426,-0.162708223,-1.017448783
5427,-0.093175530,-0.672364116
5428,-0.640245438,-1.866430998
5429,-0.596145809,-1.436582565
5430,-1.338279843,-0.566046536
5431,1.171068907,-0.778873682
5432,0.233400345,0.342003375
5433,1.060581088,-0.122508720
5434,2.671218157,0.988906264
5435,-0.561839640,-2.045920372
5436,0.674213529,1.871984482
5437,-0.939857125,1.565073729
5438,-1.320457697,1.764868498
5439,-1.144021511,0.032119155
5440,0.672007859,-0.990692198
5441,-1.064569473,0.438748926
5442,1.177588582,0.424712896
5443,0.275669843,1.877457500
5444,-1.889221549,-0.244347453
5445,0.449263632,0.749098957
5446,1.596821308,-1.820707083
5447,0.335165113,-0.415401697
5448,0.940592408,0.451571971
5449,1.756092906,-0.883450985
5450,-0.871863246,1.889139175
5451,0.549084485,-1.408249378
5452,1.051420569,0.887469888
5453,0.625218987,0.095240250
5454,-0.572292328,-0.166316181
5455,-0.164875418,-1.017546892
5456,-0.683093727,0.204305649
5457,-0.504700184,0.212747991
5458,-1.076589823,-2.215019941
5459,0.093225904,0.128646776
5460,-0.489245504,-1.608798265
5461,0.046963975,-0.172151923
5462,-2.286689758,1.606228590
5463,-2.123397350,2.471088409
5464,-0.031654686,1.100256801
5465,0.150508940,-1.506758094
5466,1.517163754,0.442738026
5467,0.264184386,0.310729504
5468,0.086790130,0.857287169
5469,-0.708449960,0.983192682
5470,1.300083160,-1.907176971
5471,-2.140093088,1.237280250
5472,-1.853607535,-1.820351958
5473,0.956465065,-1.357434392
5474,1.899880171,0.366662920
5475,2.622485638,0.087098725
5476,-0.712471604,1.609996557
5477,-0.808912277,-0.462538660
5478,0.668737590,0.159657151
5479,-1.585700631,0.680922091
5480,-0.959287763,0.659710109
5481,-0.293834448,-0.876031399
5482,-0.330343574,1.937752247
5483,0.656909287,-2.266810417
5484,2.073564768,1.034826040
5485,0.379475623,0.722817838
5486,1.048874617,0.802706659
5487,1.704473019,-0.972068310
5488,-2.246037245,0.871406317
5489,0.205471754,0.105097987
5490,-0.486140966,0.656111479
5491,-0.005097657,-0.188253611
5492,-1.148376465,-2.292994261
5493,0.122239217,-0.236792535
5494,0.476709843,0.239525214
5495,-0.512931049,0.161339581
5496,0.129998028,-1.022053480
5497,-0.004744558,0.940946937
5498,-0.121405795,-0.149422333
5499,2.429702520,-2.352654934
5500,-1.099238634,0.685409665
5501,0.339589089,0.936517417
5502,-0.520493388,0.354642928
5503,0.479777098,1.850967407
5504,-1.033663869,0.140000328
5505,-0.066216230,0.751011252
5506,-0.335116446,-0.745986044
5507,-1.141786098,-0.321543038
5508,-1.399468660,-1.781561136
5509,-0.023320416,-0.005894944
5510,-0.830871463,-0.422106206
5511,0.543604970,0.704680264
5512,1.009374619,-0.193476677
5513,1.321999431,-2.052600622
5514,0.237933218,0.220127895
5515,1.055712461,0.409330368
5516,0.749267697,-1.012799621
5517,-0.653838634,0.891721010
5518,-0.239196509,0.035318792
5519,-3.671624184,-0.236378193
5520,1.345831871,-0.845906973
5521,-1.191989303,-2.169730425
5522,-0.111114636,0.236403853
5523,-0.713322043,0.648105860
5524,0.285810441,0.071348473
5525,0.179258227,-0.117026284
5526,-0.893417358,0.373504996
5527,-0.771215796,1.135489941
5528,1.103681087,1.340472221
5529,0.074647598,-1.072786570
5530,0.319984883,1.447851896
5531,-0.274712741,-0.335049599
5532,-0.512068629,2.342728615
5533,1.322221041,0.021036305
5534,-1.248052120,-0.492038816
5535,-2.306877375,-0.628499627
5536,2.330506802,0.450563997
5537,0.416529626,0.740678072
5538,-0.122196287,0.529951751
5539,3.007994175,-0.749521434
5540,-0.741062343,1.484378338
5541,0.012798388,-0.405665249
5542,0.067216158,-2.195931435
5543,-1.955801487,-0.437258244
5544,0.066898130,0.541057646
5545,0.649663925,-0.525333166
5546,-2.053251743,-0.035965264
5547,0.204670325,-0.158454686
5548,0.234596401,0.420554459
5549,-0.321223587,0.187452257
5550,0.264517784,0.068388321
5551,-1.885312080,0.703021049
5552,2.199487209,-1.532065511
5553,5.074159145,0.595306933
5554,0.665209293,2.990535975
5555,-1.346308827,0.622562170
5556,-0.878171980,1.090909719
5557,-2.609743834,0.009238362
5558,-0.467555642,0.746813059
5559,0.044115975,0.326171994
5560,1.123754263,-0.834686160
5561,0.061638702,-0.396892846
5562,0.311571300,2.528811932
5563,1.326320648,0.684793472
5564,-0.260339260,1.419355035
5565,-2.044878006,-0.755743265
5566,-0.444702357,-0.052172959
5567,0.260374516,0.454567909
5568,-0.108416758,0.423489094
5569,-0.149984449,0.023603233
5570,0.443169892,0.385480195
5571,-0.359789759,0.570933759
5572,0.317016900,-0.414809614
5573,0.165628552,0.488533854
5574,1.501567483,1.146474600
5575,-1.234710097,-0.548949480
5576,-0.352371901,1.316887736
5577,0.324830204,0.117135957
5578,-1.046985269,-1.680612683
5579,0.085692316,-1.582365990
5580,0.181046292,1.071308732
5581,0.042425461,0.200550854
5582,-2.028737307,0.973944187
5583,-0.660812259,0.325026184
5584,1.640859604,-0.884022117
5585,0.478245318,0.428454280
5586,1.530062556,-0.975969195
5587,-1.484550953,0.022313356
5588,0.346683592,-0.717077971
5589,-0.706145942,-2.584738493
5590,-2.863749027,-0.546402872
5591,0.050019968,-0.408930749
5592,-1.341573000,1.451468706
5593,0.739377856,1.934277177
5594,-1.438415170,0.161845684
5595,-0.111987412,0.853333473
5596,-0.633025825,1.502806664
5597,-0.541019559,1.213927984
5598,-0.198802680,2.352262735
5599,0.516771138,1.111244321
5600,0.215933278,0.148298994
5601,-2.261881351,0.803469419
5602,0.843101978,-1.894597054
5603,0.224503458,-0.351282716
5604,-0.989391506,-0.440767586
5605,1.243627787,0.021863222
5606,-1.650422096,0.962942064
5607,0.597308159,0.180619359
5608,-0.133628845,-0.157955512
5609,-0.875176430,-1.135986567
5610,2.966288328,-1.351293683
5611,-0.365779281,1.771223426
5612,-0.323597968,-0.624729991
5613,-0.010243603,0.337401807
5614,-0.429658890,0.218277842
5615,0.054399103,-0.630253255
5616,-0.275477737,0.598167837
5617,-0.507435679,0.099522308
5618,-1.233771563,-0.204348356
5619,1.564988732,-3.065100431
5620,-0.126359880,-1.273214340
5621,-0.729492068,0.038055003
5622,0.161412597,1.084493995
5623,-0.307945579,-0.555330396
5624,0.294089943,0.248365432
5625,1.498267174,-0.999135494
5626,2.895852566,4.019974709
5627,-0.264791250,-1.500118256
5628,0.005155653,-0.427597553
5629,2.153194427,-0.397071481
5630,1.220563412,-0.857416391
5631,-0.479226530,-1.793027878
5632,0.354141742,-2.478762388
5633,-2.548864603,0.828767955
5634,0.493637890,2.139059305
5635,-0.081441283,1.092933297
5636,1.045088172,-0.344017357
5637,0.231134757,-0.385576695
5638,1.439213753,-1.065221667
5639,2.220667839,0.735229731
5640,1.020074010,1.023621559
5641,0.201713741,-0.999503672
5642,-0.161334604,0.793246090
5643,2.012547970,1.346393228
5644,0.046839356,-0.135123789
5645,-0.976007462,-2.015377522
5646,1.230263710,-1.533458710
5647,-0.115639411,0.609588027
5648,-0.943875253,0.049782842
5649,0.132811844,0.014892578
5650,-0.149597406,-1.366415024
5651,-0.595968127,0.963151336
5652,0.248439237,-0.055574358
5653,0.669342756,-0.053982064
5654,1.013550997,0.556896627
5655,-1.325954914,-1.027253628
5656,-1.013872981,-0.709115922
5657,-0.274424911,0.509746194
5658,-1.040175796,-0.261453986
5659,-0.660527527,-1.893910050
5660,0.289484918,0.972031891
5661,-0.965117931,1.226931214
5662,-0.150237605,0.154157102
5663,-0.660042107,-0.610302150
5664,1.127511621,-0.319416732
5665,2.508816719,-0.234873921
5666,-0.009683959,-0.319965780
5667,-2.005789042,0.865108967
5668,-0.386068940,0.488898724
5669,-0.636189699,-0.633908689
5670,-0.388131410,0.314757168
5671,0.169376194,-0.057759073
5672,-0.499668390,1.012079358
5673,0.592275679,-0.304472834
5674,-1.448276281,-0.397426903
5675,-1.519418955,-1.123941064
5676,-0.521793902,0.650754392
5677,-0.214926392,1.643338680
5678,0.167703733,0.129368275
5679,0.351439893,0.438582152
5680,0.340673745,0.472623140
5681,-0.488574117,2.152199268
5682,1.557783604,-1.966599464
5683,0.294224322,2.255876064
5684,0.018800735,-0.746052623
5685,-0.971500397,0.221552581
5686,-1.773302436,-2.168495655
5687,0.955339670,2.086497545
5688,0.271191388,-0.915177703
5689,-0.118237108,1.117684245
5690,0.012834072,-1.184180021
5691,-2.653761864,-0.431012541
5692,-0.285606861,0.846073329
5693,-1.917874455,-1.857615113
5694,0.992064238,0.875480413
5695,0.257864803,0.828770995
5696,-0.901016414,-2.959631681
5697,-0.364073008,-0.832788110
5698,1.733932614,1.108733058
5699,-0.255350113,-0.263465464
5700,0.477198005,0.393227428
5701,-0.112470150,-1.726345539
5702,-0.628573179,-0.103371352
5703,0.659988999,-0.759537756
5704,-0.804483533,-0.434547037
5705,3.157701492,-0.447176695
5706,-1.572391272,-0.345231950
5707,0.268968225,-0.333959132
5708,-0.425701171,1.201748133
5709,0.293024838,-0.097300515
5710,1.805207253,-1.332714796
5711,-0.107081048,1.777924299
5712,1.003949285,-0.460291624
5713,-0.738524616,-0.337626994
5714,0.174711227,0.230262995
5715,0.124622732,0.347124755
5716,-0.657412171,0.527321339
5717,-0.769262195,0.367878973
5718,-1.315478444,1.516677022
5719,-1.135318279,1.253425598
5720,0.328550279,-0.112602390
5721,0.786523521,-1.417539358
5722,0.453382313,-0.055901818
5723,0.903931618,-0.804216385
5724,-0.703767598,-0.007891312
5725,-0.996046543,2.607791662
5726,-1.255354285,-0.141116261
5727,-0.088938154,0.343083173
5728,-0.112547390,0.088166609
5729,1.981399655,-0.197508112
5730,0.498531818,0.019256797
5731,3.917104483,1.143437266
5732,-0.725641608,0.047542483
5733,1.035702944,0.362308800
5734,-0.065789543,0.384779423
5735,-0.728646159,0.327913404
5736,-0.614403963,1.069952488
5737,-1.196461320,-0.563064158
5738,0.039818577,0.331604660
5739,1.669406176,0.196952060
5740,0.267101526,0.334861666
5741,0.793314219,-1.716618657
5742,0.358285546,-0.091843709
5743,0.541245222,0.081396222
5744,0.775150478,-0.565602362
5745,0.015828632,0.270425439
5746,-2.887413979,1.419371605
5747,0.908010900,0.443384796
5748,0.040614489,0.785814881
5749,-0.061356753,-1.238615513
5750,1.982152224,-0.097397894
5751,0.177477017,-0.009890747
5752,-1.255842209,1.866610646
5753,0.964209318,1.137063146
5754,0.545124412,2.759328604
5755,-2.435089827,1.396622181
5756,1.277452826,-0.330210358
5757,-0.669004381,-1.074687123
5758,-1.118699193,-1.296666861
5759,0.716259718,0.772330344
5760,2.343161821,-0.363965452
5761,-0.586930752,-1.603862166
5762,-1.459054708,-0.837328792
5763,0.801664829,-0.683101475
5764,-0.017801046,-1.446154118
5765,-0.254385114,1.457572103
5766,-1.486325860,0.534574151
5767,0.187522054,0.135516346
5768,2.126984596,0.105866835
5769,0.473129660,1.040872455
5770,-3.286126852,0.189457834
5771,0.440396905,-0.071575470
5772,-0.353730738,-0.473512858
5773,-1.937317848,0.209298134
5774,-0.464854240,1.690170527
5775,-1.194328904,2.410801172
5776,-1.500359774,-1.072391033
5777,2.719291449,1.681220174
5778,-2.856403828,0.931163132
5779,2.894623756,0.629170895
5780,-0.377936482,-0.064479247
5781,-1.922294021,0.864873290
5782,0.623636305,0.023146434
5783,1.395301223,-0.017942399
5784,-3.036424160,3.556201458
5785,-1.134744287,1.715355635
5786,-0.886352479,4.095198631
5787,1.889239669,1.490191579
5788,-1.367722034,-3.460475206
5789,0.314778268,0.242592007
5790,0.086877361,0.747803092
5791,-0.621342182,-0.505815804
5792,0.404666603,0.262495100
5793,1.563925743,-0.328819513
5794,0.513715267,-0.265562832
5795,-0.651494682,0.425617218
5796,0.665993631,0.574689031
5797,-0.200356483,-2.764643431
5798,3.243708611,-0.859002292
5799,0.212623060,0.426610291
5800,-3.247364759,-0.504652023
5801,-1.191553712,1.075446129
5802,0.236532986,-1.172603846
5803,0.077133670,0.680662215
5804,0.084722608,-0.786233246
5805,0.707280517,-1.872205734
5806,-1.333948016,-0.711631775
5807,-0.605245590,-0.990238667
5808,1.483207703,0.018055886
5809,0.635732412,0.799644291
5810,-0.821887374,-2.244468212
5811,0.833810210,1.927804470
5812,-0.406723827,1.100930929
5813,0.068682499,0.379471511
5814,-1.381812096,-1.685196757
5815,-0.950297475,0.585972309
5816,0.001434051,2.104965687
5817,-1.693699837,-0.698503256
5818,1.911706567,0.281580806
5819,-3.699207306,-0.391977310
5820,2.244721174,0.104964755
5821,1.733574748,0.684115410
5822,2.142354250,1.156185508
5823,0.301748097,0.057062779
5824,0.033105671,-3.099021912
5825,0.894288003,-0.466336370
5826,1.092609525,0.036586434
5827,0.480226755,1.052719951
5828,-0.149410814,-1.085962057
5829,-1.044104457,-0.643086255
5830,0.003688127,-0.337355435
5831,1.428383708,0.949132621
5832,-1.053769112,-0.167539239
5833,-2.488184929,0.296622753
5834,0.456477940,0.387917250
5835,-1.319910288,-1.332023263
5836,-0.366996706,-3.704959154
5837,-1.628432274,-0.358977675
5838,1.591044188,-1.053671479
5839,0.599136114,-2.037912369
5840,-0.558717251,0.378768027
5841,2.702306032,-1.984730840
5842,-0.187244773,-0.118986316
5843,-1.290789366,-0.702286124
5844,-0.013817430,-1.281210542
5845,-1.577623487,1.298897982
5846,-0.091598645,1.283982158
5847,1.104937315,-0.313974410
5848,2.028542519,-0.983179271
5849,-0.109853089,-1.503617644
5850,-1.413365841,-0.797683835
5851,0.264369011,0.060469795
5852,-2.438393593,-2.677827358
5853,1.097011566,-0.352493435
5854,-0.163471878,1.578256249
5855,-0.303803861,0.096377663
5856,0.273625076,-0.306874186
5857,0.908035755,0.263860673
5858,0.106503174,-0.404384732
5859,-1.516119242,-0.746904135
5860,0.311130196,-0.089829572
5861,1.480582118,0.648269832
5862,-0.099339873,0.328679800
5863,-0.145242244,-0.186371535
5864,-2.424571991,-1.090562224
5865,0.062200859,-1.421133637
5866,0.155717924,1.121632814
5867,-0.385979593,-0.914800286
5868,0.530338585,-1.568690062
5869,0.304859936,-0.385506004
5870,2.820757866,2.010060310
5871,-0.369384706,0.207158208
5872,0.658998132,1.236990571
5873,-2.336139679,1.070835710
5874,-0.958774328,1.109489918
5875,-0.358226001,-0.458244264
5876,0.290565282,0.305132598
5877,1.953590631,0.690489173
5878,-1.177086353,0.874069154
5879,-0.412266403,0.449844986
5880,2.296406746,-0.446522415
5881,0.070910290,1.490914106
5882,0.630411386,-0.027240500
5883,-0.190143943,-2.455831528
5884,-2.491567850,1.087789178
5885,-0.550885797,-0.101071402
5886,0.642814457,-1.196203470
5887,0.120610908,2.253683329
5888,0.021219581,0.047461838
5889,0.065455735,0.373401314
5890,-0.067838602,1.289233804
5891,0.543455362,-0.665060282
5892,-0.380242795,0.133485124
5893,-1.615234375,-1.336367249
5894,-1.418576956,-1.196091890
5895,-0.438627660,2.546623945
5896,-0.022346735,-1.149417162
5897,-1.012808800,-0.097149462
5898,0.087412126,0.040620834
5899,1.501947522,-0.163542241
5900,0.726473987,0.245898098
5901,1.520187259,0.568156898
5902,0.279432476,-0.465780765
5903,0.169053257,0.093508169
5904,0.349755406,-0.748770297
5905,0.808295369,0.186609864
5906,-1.998656511,-0.212478220
5907,0.549647093,-1.836814761
5908,-0.386974484,3.051004410
5909,-0.121018767,1.134994030
5910,-0.134539276,0.344693542
5911,-1.353922606,-2.058436155
5912,-0.155965686,-0.085904598
5913,0.586187124,0.638108552
5914,-0.978691220,-0.530877411
5915,-0.204549417,1.090281248
5916,-0.690570235,-0.365647435
5917,-1.039876819,1.712478757
5918,-1.909365177,1.013524294
5919,0.731321335,0.438288003
5920,-1.876964331,1.123366356
5921,0.027681395,-0.339097857
5922,-1.136820674,-1.584650993
5923,0.092333466,-0.281075537
5924,0.496234953,-0.628452122
5925,-0.402060688,2.915055275
5926,-0.025255345,0.913350821
5927,-0.633772135,1.716658235
5928,0.511347890,0.082500845
5929,1.256266594,-1.633693218
5930,0.168527126,-0.669370770
5931,0.318156868,0.332273066
5932,-0.972006261,-0.688413084
5933,0.593792200,3.887564421
5934,1.669662476,0.412441462
5935,0.604163170,-1.036410689
5936,1.704823375,1.205768466
5937,0.628358722,0.019835085
5938,-0.657166481,-1.403208256
5939,-0.385313988,1.258998513
5940,0.521682024,0.662631154
5941,0.256554484,-0.406718343
5942,1.156698942,0.339101553
5943,0.966591120,2.011019230
5944,-1.456888437,-2.084635019
5945,0.538928747,1.081450820
5946,1.238749981,-0.000981063
5947,1.923397064,-0.173498154
5948,0.656786621,-0.511992276
5949,0.012926817,-1.506236672
5950,1.840924382,-1.421567082
5951,0.518313408,-1.247145057
5952,-0.455588758,-0.429998100
5953,-0.147696823,0.279851735
5954,-0.276236176,-0.283506095
5955,-0.136679634,0.777540982
5956,-2.569376945,2.065163851
5957,1.939455628,-1.763810396
5958,0.022494661,-0.293808013
5959,-3.048396111,-3.325167179
5960,0.118888222,-0.117668435
5961,0.252952933,-1.580438852
5962,-0.369030803,0.791270852
5963,0.565336764,-1.336033583
5964,-0.454111576,-1.117600203
5965,0.265184641,-2.551947117
5966,-0.365929276,-0.014793649
5967,0.433183849,-1.008673549
5968,-0.272168279,2.448577881
5969,0.000252724,-0.197968364
5970,0.249311447,-1.407851458
5971,-4.008522987,-1.873404384
5972,-0.278953016,0.058514919
5973,-2.013181210,0.644743204
5974,1.143342495,1.773642540
5975,2.922523975,-0.540049374
5976,0.667200267,0.216786653
5977,0.109927788,0.744415879
5978,-0.701429546,-0.041816324
5979,0.051261112,-0.361418277
5980,-0.347323716,-0.205072731
5981,0.551527619,-0.233390227
5982,-0.066527471,1.148296833
5983,0.259349465,0.165060878
5984,-0.381271601,-0.072814420
5985,-1.799543023,1.189822912
5986,-0.326628566,0.326115042
5987,0.036941230,1.085916400
5988,1.530824661,-1.708667874
5989,0.478319556,-1.657543898
5990,-0.137637556,-1.154322863
5991,-0.268776178,-2.387883186
5992,2.599231243,2.029304504
5993,0.738650680,-3.153010368
5994,0.012804925,-3.411947727
5995,0.891232491,0.618355870
5996,0.881608963,-0.126804352
5997,0.745949209,-1.059241056
5998,-0.358984768,0.276357621
5999,0.043366797,-0.236404091
6000,-0.668987513,-1.330613136
6001,-0.107449271,1.255186081
6002,-0.698486388,0.460264593
6003,-1.485704422,0.965270996
6004,-0.115163326,-0.223704934
6005,-0.122724384,-0.113709763
6006,0.164585263,1.920244217
6007,-0.157492295,0.191814452
6008,-0.274849117,1.586448431
6009,-0.047747705,0.232773438
6010,0.123878203,0.004155260
6011,0.204723001,-0.480289519
6012,0.282995522,0.003405651
6013,2.340563774,3.031288862
6014,0.502635419,2.555438757
6015,0.491618842,-0.651077271
6016,-0.169561997,1.034652352
6017,-0.024951607,-1.112992167
6018,-0.716606081,0.432674646
6019,-0.295448899,0.135479212
6020,-0.870452642,0.722237587
6021,1.795379281,2.397356749
6022,-1.695141315,3.388862610
6023,1.978152871,-0.347059160
6024,-0.090802640,-2.562091589
6025,-1.372237682,0.919857740
6026,-0.266216576,-0.009469733
6027,-0.547191322,0.541733027
6028,-0.708086193,-0.353086799
6029,-1.931646585,-1.836223125
6030,-0.130908519,1.660487175
6031,0.048724741,-0.584465265
6032,0.276355624,-2.377408743
6033,-1.595332146,-1.174568295
6034,0.107179523,-0.338018298
6035,-0.963127196,0.573771119
6036,-0.433776617,0.003682449
6037,0.816525459,-0.721952915
6038,0.956348538,0.134249777
6039,0.132005364,0.502341449
6040,0.879496336,-0.316863537
6041,0.128281116,0.744477272
6042,-0.475181282,-0.126506358
6043,1.742467165,1.934243679
6044,0.107363135,2.238695621
6045,1.574718475,-0.068006188
6046,-2.430004597,-0.684291482
6047,0.869823217,1.084694624
6048,-0.594850957,0.112379953
6049,-0.205544680,0.105975106
6050,-1.949527264,-0.595359981
6051,0.468697548,-0.692837536
6052,0.172538906,4.395788670
6053,-0.168763876,-1.159744382
6054,0.450221092,-0.245547742
6055,0.078606382,0.927010894
6056,1.012050867,-0.927379966
6057,-0.107610106,-1.907607794
6058,1.103445530,-1.039188743
6059,-0.276241928,0.151358843
6060,-0.323201239,1.264517546
6061,0.096235164,0.235356450
6062,1.158865094,-2.524408579
6063,-1.454274178,1.283837318
6064,-2.455023766,-2.264013052
6065,-0.264396578,0.001788318
6066,2.769709587,-0.293510735
6067,0.929046035,-1.511379242
6068,0.253436327,1.921427488
6069,1.811704516,1.421352744
6070,-0.126706392,0.409719706
6071,1.388804317,0.616697609
6072,0.372388870,-1.852071166
6073,2.032442331,0.005435720
6074,2.181353092,0.435348779
6075,1.267957449,-0.513709724
6076,-0.854304612,0.651336908
6077,0.135488778,-0.208722830
6078,2.109238148,1.408598423
6079,2.087184429,0.211595654
6080,1.768493414,-1.903934360
6081,0.578563452,0.052550793
6082,0.617208958,1.692755222
6083,-0.239293948,-0.584446430
6084,-0.043204151,0.355668128
6085,0.187482327,-0.115975291
6086,-0.746592045,0.474675715
6087,-0.732354403,-1.864575148
6088,-1.282175779,0.137787342
6089,0.717012227,1.022857666
6090,1.596194983,0.502357125
6091,1.080308676,0.396897197
6092,-0.572794318,1.020784736
6093,0.372537285,0.989735484
6094,1.515107155,1.405152917
6095,1.594563484,0.271860838
6096,-0.916081727,1.357787848
6097,-0.030309126,-0.484975755
6098,0.486932814,-0.484580040
6099,-1.211693287,-2.028360367
6100,1.396811485,1.211588383
6101,-0.120910421,-0.244243249
6102,0.115625925,0.155410916
6103,-0.262833953,-0.086387031
6104,0.467297614,0.714490533
6105,1.560806155,0.272785068
6106,2.214706421,-2.593424559
6107,2.329860926,-0.245822847
6108,0.212085485,1.474211216
6109,0.237167031,-1.709256053
6110,-0.806641817,-0.480195075
6111,-1.885494709,0.321988106
6112,-0.416539460,-0.724174976
6113,1.168652296,1.800452590
6114,0.086549364,0.258138210
6115,1.293315172,2.399339676
6116,-0.780403972,0.452487171
6117,-0.968049645,-2.943378925
6118,0.447466701,0.382263273
6119,-0.288715184,-2.549320221
6120,1.207208514,2.918194771
6121,-1.824564457,0.036405087
6122,0.236711055,0.343046725
6123,-1.530479550,0.137262821
6124,-0.527351677,0.610453665
6125,-0.537057042,1.228980064
6126,0.003134295,0.457148254
6127,-1.633752227,2.843372107
6128,-2.935639620,-1.930814266
6129,-1.320604086,-1.134560108
6130,-0.592599869,2.633209705
6131,2.158438444,-0.484523892
6132,0.654821098,-1.231877565
6133,1.539445639,-0.292092562
6134,-2.381774664,-1.627419710
6135,3.408113480,3.202204943
6136,-0.564621866,0.228282943
6137,2.317599535,-1.633965611
6138,-0.212133065,-0.627267420
6139,-0.829796314,-0.278230965
6140,0.347074717,-0.337625265
6141,-0.029926382,-0.183415145
6142,-0.520405769,1.858227015
6143,-0.032960620,0.360823572
6144,-0.563156843,1.225991011
6145,1.892564058,-0.001684204
6146,-1.197794914,2.460532427
6147,-1.735904455,0.442005694
6148,0.794634223,2.047783613
6149,0.561985731,0.718903601
6150,0.847866118,0.026048014
6151,1.704291463,-1.466168165
6152,0.360487103,-1.274965763
6153,1.729665875,0.394506037
6154,-1.695496798,0.287494600
6155,-0.360904396,-1.023390412
6156,0.333841145,-0.539406061
6157,0.930570483,-0.686408758
6158,0.979669273,0.005168840
6159,-0.169036090,0.906876206
6160,-0.105858117,-1.078261018
6161,-0.787416697,0.988664031
6162,-2.513597250,0.392288208
6163,-0.054465234,-2.744046211
6164,0.408831686,0.359263957
6165,-1.633302689,0.392651796
6166,-0.143226922,-1.706896424
6167,-2.218299389,-2.471545696
6168,-0.935480475,-0.654449463
6169,-4.363001823,-0.174937427
6170,-0.804183483,0.962100804
6171,0.330974579,-0.325375736
6172,-1.119477510,-0.815220594
6173,-1.945029855,-0.957903862
6174,-2.675740004,1.980213165
6175,0.486613512,0.910632610
6176,-0.082771480,-0.209513590
6177,2.357848644,-0.409235775
6178,0.729452312,0.243128687
6179,1.567230940,-0.005253986
6180,2.370006561,-0.396066010
6181,-1.303252101,3.231056452
6182,0.648612380,2.655804873
6183,1.099445462,-0.530449390
6184,-0.054365296,0.226619035
6185,-1.209292650,0.530637085
6186,0.945204973,0.505255342
6187,0.032210141,0.736455083
6188,0.537831366,-0.653076291
6189,0.228482515,-0.020828862
6190,-0.093774222,0.210301280
6191,-0.210829288,0.082131714
6192,-1.232336998,-1.479986668
6193,0.456427395,-0.746687114
6194,0.635555863,0.841562927
6195,1.313514113,0.035221647
6196,-0.863328397,0.125832081
6197,-0.605633557,0.278023630
6198,-0.310823560,-0.095026493
6199,1.534608245,-0.771112144
6200,2.536190510,-0.447831124
6201,-0.039551623,0.629837275
6202,-0.032773498,0.546872735
6203,-1.730195284,-1.321463346
6204,-1.738945007,-1.156247616
6205,3.152943134,-0.034110367
6206,1.365757465,-0.295446813
6207,1.112300634,-0.130138591
6208,0.188732982,-0.236192644
6209,0.509387612,1.056156158
6210,0.117130786,1.869219303
6211,-1.441799283,0.402583122
6212,1.645666599,-1.801217794
6213,0.543844521,2.392391682
6214,-3.362123489,0.220719993
6215,1.987471104,-1.014125705
6216,-0.699561000,-0.678515375
6217,-0.075324178,-0.100210518
6218,-1.820417166,1.353306413
6219,0.272067606,-0.285596371
6220,0.449043214,-2.436636209
6221,-0.082276657,-0.351113111
6222,-0.053159833,-0.783702254
6223,-0.242060661,0.586378336
6224,2.158633947,-1.527284145
6225,0.298931479,-3.251245975
6226,0.092727661,-1.536532044
6227,0.603551984,0.924208581
6228,4.335562706,-1.282015324
6229,-0.571638882,1.282654285
6230,0.205049008,3.677195072
6231,-1.102376461,-2.916450739
6232,-0.378820509,0.302197754
6233,-2.278442383,-0.966508150
6234,0.659289837,1.006431937
6235,0.304034054,0.349545628
6236,0.623117507,-3.283796310
6237,-0.509500146,2.294075251
6238,0.811859071,0.426762134
6239,-0.157807022,-0.239934027
6240,0.823337615,-0.531006813
6241,0.256542444,-0.084836401
6242,-1.368562698,-0.045213759
6243,0.296981096,-0.775565982
6244,0.533568859,-0.296847880
6245,2.584329367,-0.481303185
6246,-1.061223745,-0.127764285
6247,-0.353978157,0.975620389
6248,3.178104162,0.955732644
6249,1.081734061,1.067991018
6250,0.330198884,0.613743842
6251,0.726071477,1.445213199
6252,-0.208458930,0.553402245
6253,-1.091363430,-0.347830772
6254,1.787240982,1.667116165
6255,0.338097095,0.479634285
6256,-0.621032715,-0.616832078
6257,-0.239704579,-1.131494880
6258,-0.183695853,3.084533930
6259,0.309347689,0.491320103
6260,-0.358364016,1.168377876
6261,0.043460876,-0.233529210
6262,-0.033567488,-0.863739133
6263,-0.598207355,-0.297348797
6264,0.267999262,0.180973828
6265,-0.643512607,0.837472439
6266,-1.230349779,-0.112056315
6267,-2.949548721,-0.445584059
6268,3.716049194,1.318461895
6269,-0.624510348,-0.911107302
6270,0.866155982,-0.427134156
6271,0.231168032,-0.056853980
6272,-0.608183026,0.229166299
6273,0.024550140,-0.812835574
6274,-0.829951346,-0.449914157
6275,2.109411955,-1.734494090
6276,-0.150698289,2.408638716
6277,-0.098870158,0.939586997
6278,-0.909390092,2.043001175
6279,1.155889153,0.670893729
6280,-0.166111857,0.000035055
6281,-0.158560917,-0.153362975
6282,-1.138150215,-2.769284725
6283,-0.898622513,-0.902602613
6284,0.362711221,0.111707836
6285,-0.426729739,0.172681212
6286,-1.236807227,0.411451578
6287,-0.764961064,0.185170084
6288,-0.040266275,-1.527387142
6289,-2.129466057,-1.410789371
6290,1.059131980,0.088778593
6291,-0.060867116,1.635879517
6292,-0.908951402,-0.903707504
6293,-0.348614752,-0.559794784
6294,-1.583051443,1.434344530
6295,-0.137549132,1.692748785
6296,-0.692060947,-1.138249159
6297,-0.609563410,0.322095841
6298,-0.790322900,0.071048275
6299,-2.030255556,0.476747632
6300,2.165027618,-0.690239131
6301,-0.526062965,-1.335537434
6302,2.036121368,-0.925163984
6303,-0.730346084,0.133389875
6304,0.067350179,-0.155460477
6305,0.238806307,-0.316752851
6306,-0.008330822,-0.994776666
6307,1.166315556,-1.232295990
6308,-1.410429716,0.107070982
6309,1.445438266,-0.554234922
6310,0.498024702,0.297480077
6311,-0.646641970,3.343739986
6312,-0.089033335,0.356081367
6313,0.317476809,0.050453641
6314,-0.520737648,-0.453658760
6315,0.979942441,-3.563564777
6316,0.022087693,-1.992685318
6317,-1.064114809,0.120947704
6318,-1.046135664,-0.730178714
6319,1.443199158,0.866473317
6320,0.803238451,-0.254654527
6321,-1.298861384,0.803514123
6322,-0.780798078,-1.237696528
6323,0.088326499,1.657182455
6324,0.761195242,1.079193830
6325,0.176301450,-0.796269119
6326,0.238874763,-0.660471678
6327,2.901111841,1.141060114
6328,-0.166285485,0.260206282
6329,-1.067132831,0.160535395
6330,-1.351282120,0.147973776
6331,-0.149209902,0.145460442
6332,0.063453421,0.186189175
6333,-1.254215717,0.689386725
6334,-1.169088960,1.627882838
6335,0.396579981,-0.758200109
6336,-1.491481066,0.062497854
6337,1.436316013,0.304993033
6338,0.793039978,0.118963897
6339,1.045099258,-1.318424106
6340,-1.614881992,0.346861601
6341,2.719292641,-1.967552662
6342,0.519051850,0.217085615
6343,-1.723873258,0.416745842
6344,0.876612723,0.602458119
6345,-0.449151725,1.491542935
6346,-3.286835909,-1.586165071
6347,0.819106281,-0.542338848
6348,0.419382304,0.355378270
6349,-0.890801311,-0.525425673
6350,0.099532068,-0.740976274
6351,0.935775280,-0.547252417
6352,1.042816639,-1.374884367
6353,1.874405384,0.741181970
6354,-0.653679967,0.078844123
6355,-0.194339439,-0.484446108
6356,0.266415209,-0.240881875
6357,-1.904895186,-1.995635271
6358,-0.127896041,-0.239875138
6359,-0.070194662,-0.045849442
6360,1.134975791,-0.196635216
6361,0.580566108,1.950050116
6362,1.389557838,0.996146977
6363,-1.183023334,2.134684324
6364,-0.038081378,1.298178792
6365,-1.765594959,0.902972102
6366,-1.310012817,1.001471519
6367,-0.079197705,0.956644297
6368,-1.231966972,0.653406918
6369,-0.745402753,-1.173800230
6370,-0.211973906,-0.526419640
6371,1.142350078,0.806838155
6372,0.145076498,0.611763060
6373,-0.723283648,-1.389883757
6374,-0.078739107,-0.714173794
6375,-0.880441189,1.110761642
6376,0.901994944,-1.525199771
6377,0.648296058,0.022203755
6378,0.852203369,0.212457716
6379,-0.335499048,0.605298638
6380,1.467591047,-1.518356204
6381,-0.349195719,-0.719584942
6382,0.367618680,-3.319853306
6383,-0.554748297,1.496386290
6384,-0.522096038,-0.540225148
6385,-0.602271914,3.220849752
6386,1.884895682,2.191945076
6387,0.353540123,-1.615493298
6388,-0.082654543,0.191673681
6389,2.479249239,-1.375594854
6390,-1.362606525,-1.473120689
6391,-0.661712885,-0.622174740
6392,0.230183631,-1.639251828
6393,0.297351718,-0.276149035
6394,-0.113709927,0.173786521
6395,-0.380976498,-1.105106235
6396,0.680992126,1.427845716
6397,-0.099221885,-0.852611601
6398,0.564077318,1.193038464
6399,0.587976456,-1.142357588
6400,-2.428895473,-1.698063612
6401,-0.003270984,-1.508524418
6402,1.001833677,1.481206179
6403,-0.182375327,0.094855055
6404,-0.624302685,-1.417494178
6405,-0.582695961,0.001719780
6406,-0.340581387,-1.405784249
6407,0.815659642,-1.292154551
6408,0.901278377,-3.457036972
6409,-0.297525525,-0.094528764
6410,-1.433211923,-1.536679864
6411,-0.813007236,1.568199277
6412,0.231419593,0.404160380
6413,2.609867096,-0.037877321
6414,-0.370092481,0.322131872
6415,-0.347508818,-0.172556370
6416,1.191580415,-0.878264785
6417,1.659211993,-2.151901484
6418,-2.203862906,2.231206656
6419,-0.996227026,2.893495321
6420,1.080491662,-2.437506676
6421,-1.347741127,-0.116980717
6422,-0.124009579,0.100250855
6423,-1.618456841,1.037404895
6424,-0.166237205,-0.406363308
6425,-0.393892556,-2.521011829
6426,1.613327742,-1.494471312
6427,-0.868226707,1.688873529
6428,1.066978812,-1.785001874
6429,4.895511627,0.342039317
6430,0.176438391,0.140538335
6431,-0.710287690,-1.700573802
6432,1.041750073,-2.381064653
6433,2.250700474,-2.543099403
6434,1.109066963,-1.394614339
6435,-3.658644915,2.973725319
6436,-0.610322058,-1.638871431
6437,1.262964606,-1.327364087
6438,0.432309151,0.266179264
6439,0.780304611,0.180743203
6440,0.146132037,0.202871904
6441,-0.666799784,-2.063370466
6442,-3.367036819,-2.206197262
6443,0.529326141,-0.259852827
6444,-0.773111522,-0.386313915
6445,0.626664639,-0.777538896
6446,0.047901452,-2.016615629
6447,0.373546004,0.033736743
6448,0.344857395,-0.059590347
6449,0.119879708,-1.059476733
6450,0.129270196,-1.876685500
6451,0.223433673,1.497629523
6452,-1.376867294,0.150004983
6453,-4.117504120,-0.624231935
6454,-0.907936215,0.033694088
6455,0.063286275,0.163581446
6456,-0.077112257,-1.516527772
6457,-0.940952539,0.161511898
6458,1.228951216,-0.592193604
6459,2.434071541,-0.512862146
6460,-2.089962959,0.262286127
6461,-0.221202925,-0.712309659
6462,-1.130571961,1.068532586
6463,-0.204793543,0.859152317
6464,0.987013102,1.075727701
6465,1.333937287,-1.217824221
6466,-0.114925742,-0.032438993
6467,-0.100094408,0.413798481
6468,-1.912262678,-0.325752735
6469,3.019802332,-1.979470372
6470,-0.407703936,0.354933381
6471,-0.312822580,-0.086585179
6472,0.882587790,1.440827370
6473,-0.489746451,-1.370135069
6474,0.130527258,-1.818230748
6475,1.147131443,1.800660372
6476,1.533162355,0.094146356
6477,1.338050485,1.535299301
6478,1.423786759,-0.014234312
6479,-0.315608561,0.788993478
6480,-1.138160110,-1.827767849
6481,2.015779257,-0.379038364
6482,-1.285060167,-2.734540701
6483,-0.518939734,-1.867834568
6484,2.398337126,0.705176950
6485,0.988081276,-0.455141962
6486,-1.368467689,1.536178470
6487,0.319686145,-0.106481031
6488,2.409460306,-0.210445791
6489,-2.059040070,1.394782662
6490,0.789242983,-0.933983564
6491,-2.990198135,2.631118774
6492,0.459266722,0.565965831
6493,-0.395567387,0.032255583
6494,-0.432969928,-0.463797033
6495,-1.146067619,0.497014880
6496,-4.678791046,1.940325975
6497,-0.379535139,0.267012268
6498,0.268358797,-0.363334447
6499,1.211244583,0.011724025
6500,1.942621112,-0.153827816
6501,0.214365557,-0.142181799
6502,-4.735775471,0.325114369
6503,0.834337175,-0.435959905
6504,2.305105209,-0.720595717
6505,0.120342314,0.415701866
6506,-1.173243403,-1.052171469
6507,0.930811822,-1.210984468
6508,-0.666844964,0.762004852
6509,-1.311080813,-0.486321807
6510,-1.078204393,-1.151335001
6511,0.072771788,0.531033218
6512,1.011037827,0.130846888
6513,-0.377383202,0.978725493
6514,0.861210763,1.072209835
6515,1.121176839,-0.276008308
6516,-0.077073693,-1.633890510
6517,0.287073463,0.797474802
6518,0.000812411,-0.613358736
6519,-0.697134972,-0.082450092
6520,-1.328732729,-0.283129513
6521,0.069806471,0.650148034
6522,-1.606716514,-0.107391596
6523,0.783083618,0.020697132
6524,0.236026645,0.522043467
6525,2.226611376,0.632028162
6526,0.002545819,2.626469374
6527,-1.508447766,2.775780678
6528,-1.151522756,-0.837121964
6529,0.491999626,-1.583491802
6530,0.153804049,0.058710340
6531,-0.365516543,-0.214408666
6532,-0.798409879,0.730793834
6533,-0.520560145,0.402860194
6534,0.756906509,-0.590925932
6535,1.196563959,-0.501019716
6536,-0.477309406,-0.664830565
6537,0.207070142,0.531367004
6538,-1.807420611,0.110038340
6539,0.029995203,1.269276500
6540,0.482513934,-1.350351334
6541,0.604426086,2.001640558
6542,1.387140155,-0.234053627
6543,0.433661222,-1.217289329
6544,-1.648067355,-0.034144834
6545,2.329906225,0.786770821
6546,-1.433472753,0.787788153
6547,-0.602283001,-0.024361677
6548,-1.135256529,-0.055107117
6549,-0.841034174,-1.010364294
6550,0.999009609,-0.112261876
6551,0.197266370,-0.441955894
6552,-0.153408408,-2.060954094
6553,-1.830087423,1.306942940
6554,-0.402043968,0.584669709
6555,3.560540199,1.340318799
6556,-2.076761007,0.533433139
6557,-0.032008700,0.165909275
6558,0.943511069,1.374596477
6559,-0.737229943,0.281802148
6560,-1.381265402,0.274201393
6561,0.087258220,0.167885691
6562,0.120335855,0.586198986
6563,0.008888960,-1.180360436
6564,0.222457200,0.805107951
6565,-0.328541577,-0.791002929
6566,-1.847801685,-0.082748711
6567,-0.266546458,-0.358560890
6568,-0.393784642,-0.622981429
6569,-0.489974350,1.323780298
6570,-0.390506148,-1.421339750
6571,1.501081824,-2.947598934
6572,2.241791010,-2.547137737
6573,0.842017591,0.726477623
6574,-1.595809698,-0.431462586
6575,-1.132301331,3.062817812
6576,-1.161000490,-0.500706911
6577,-0.815626502,1.453444004
6578,-0.958457828,-1.157615185
6579,-0.190795287,0.994239628
6580,0.422804832,-0.888089836
6581,2.013659954,-0.588209510
6582,1.589189529,-0.444991022
6583,-0.216575071,0.123034209
6584,-0.421722054,0.895045519
6585,-1.934370279,-1.673322558
6586,1.102781892,1.300632477
6587,0.046361923,-1.385573626
6588,-0.113858670,0.705273092
6589,-2.030586243,0.077513665
6590,-1.406355619,-2.484844446
6591,-0.300832272,-0.987872481
6592,0.035751820,-1.250368834
6593,0.908934832,0.321540296
6594,0.915459394,0.312918097
6595,-0.311784029,-1.552083373
6596,1.003502011,-1.165253162
6597,0.090797037,1.745289683
6598,-0.247698396,-0.306112707
6599,-1.385802865,-1.204166412
6600,0.062396698,0.132422954
6601,0.822515309,0.019644830
6602,-1.341886282,-0.065333903
6603,-0.080362841,-0.092055708
6604,0.126553863,1.916155815
6605,-0.936019540,1.437753439
6606,1.308666706,0.355685949
6607,0.174800470,0.333837867
6608,0.059237704,-0.350336522
6609,0.860467911,0.876751184
6610,0.546758115,0.017220937
6611,-0.436789215,-0.068269670
6612,0.046412230,-0.497786939
6613,0.700387239,0.402813256
6614,1.151867986,-1.390858412
6615,-0.664680123,-0.836557090
6616,0.465284586,-0.271593809
6617,0.250718653,1.686308265
6618,0.477839202,-1.148839474
6619,-1.129152179,-0.883629560
6620,-0.505681038,0.368917406
6621,-0.053955529,2.961645126
6622,2.089719534,-0.738102615
6623,2.267525434,3.047425985
6624,0.353774309,0.691754639
6625,0.682579398,-0.842887938
6626,-0.537830591,-1.112074137
6627,0.081168115,-2.819023371
6628,3.012434721,-2.137784958
6629,-0.536859691,-1.060619593
6630,-0.156195372,-0.101615727
6631,0.438563138,0.452462316
6632,-0.034245022,-0.350726217
6633,0.101657748,-2.882257938
6634,-0.555460453,0.039287120
6635,2.538742542,0.989585519
6636,1.382403970,0.607815206
6637,0.237689435,0.066557743
6638,-0.893115282,-0.038941354
6639,0.783273757,-0.746334791
6640,1.106993437,0.906437993
6641,0.936952293,0.708773375
6642,1.247380257,-0.253851920
6643,0.292543769,-0.032652751
6644,1.384137273,0.315294325
6645,-0.548035383,-0.713562906
6646,-2.255630016,-0.181419611
6647,0.962214947,2.916591167
6648,-0.551945686,-1.468738198
6649,-0.316202879,0.709812760
6650,1.249457717,1.229219079
6651,0.359193534,-1.419564605
6652,0.370071173,0.835079074
6653,0.813699007,-0.492739946
6654,0.338959575,-0.594564736
6655,3.583273888,0.758072257
6656,-0.583819270,-0.734394908
6657,0.506032944,0.364133894
6658,-0.076109648,-0.399663508
6659,-0.587794185,1.788162231
6660,-0.376287490,-1.050443411
6661,0.461669981,-0.775009990
6662,-0.098257691,0.342497587
6663,-0.443410307,0.695594430
6664,-0.109739862,1.626309991
6665,-0.146231830,-0.342303604
6666,-0.785063148,0.463986158
6667,2.452259302,-1.892301321
6668,0.591087162,-0.070894748
6669,-0.203873664,0.073014937
6670,0.399710774,-0.313432634
6671,0.328239262,-0.168691576
6672,0.318978965,0.027742110
6673,-0.485411704,2.831189871
6674,0.035487533,-1.952491164
6675,-0.392453939,1.342851281
6676,0.351737827,-0.327115029
6677,-1.560511827,-0.536768794
6678,2.320706129,0.106454417
6679,0.747016311,-0.155108362
6680,-0.028976563,0.225561783
6681,0.247313231,-0.208285570
6682,1.675452828,-2.970581532
6683,-1.338782310,-1.245978475
6684,-0.726171792,1.694581747
6685,-0.594093859,0.556660414
6686,-2.451427937,-1.142960191
6687,0.960696220,-0.258461654
6688,-0.394051850,-0.464561701
6689,0.764992833,1.038365602
6690,1.616500139,-0.224138543
6691,0.347414434,0.452743024
6692,0.069127843,0.936319470
6693,0.283702970,-0.112315834
6694,0.114775315,0.215454116
6695,-0.794067085,1.821932554
6696,1.238206148,-1.579812288
6697,-0.235107660,2.951802492
6698,0.993584156,-0.027316239
6699,1.134088039,-0.886224389
6700,0.364928722,-1.451278925
6701,-0.396744549,1.316827655
6702,1.995663524,-1.556792736
6703,0.423570663,0.437488675
6704,-1.368621349,-0.768064141
6705,-0.068176255,-0.569215655
6706,1.962760210,-0.091640979
6707,-0.066385299,-0.739996076
6708,-1.285909653,-0.348737270
6709,-0.971004605,-0.047189876
6710,0.458269209,-0.880634189
6711,-0.121934295,-1.215820909
6712,-0.000140578,1.188002110
6713,-1.044157624,-1.318152666
6714,0.536119342,0.259296119
6715,0.188105106,-1.060562849
6716,0.358015209,0.172946259
6717,0.239634633,1.396952391
6718,-0.557854772,-0.161479384
6719,-0.384315044,0.640420914
6720,-0.125300556,0.083693676
6721,0.664598405,1.473745584
6722,-3.208920240,2.293555737
6723,-0.634620190,0.637645066
6724,0.091619506,-0.167587370
6725,-0.809422433,-1.221895576
6726,-1.123744488,-1.123990774
6727,0.033287942,0.230789781
6728,3.835275173,1.794948816
6729,-1.522771478,-0.034361660
6730,0.230383635,-0.177798808
6731,-1.978796840,-0.354796410
6732,0.927155554,0.855271697
6733,1.384583473,-0.123526953
6734,-0.851452827,0.293135643
6735,0.354864210,-0.562827349
6736,0.096534535,1.837630868
6737,0.335504532,0.962244868
6738,1.655913472,1.767447472
6739,1.389727354,-1.330761790
6740,0.177575618,0.395700336
6741,0.551888824,1.460176826
6742,-0.169691220,-0.556779385
6743,0.124157570,1.252835751
6744,1.781179428,0.683218658
6745,0.262082338,-1.804492831
6746,1.741553187,1.223237276
6747,-1.376080275,0.041186035
6748,-0.059973367,0.491874486
6749,-0.372413903,-1.055194736
6750,-0.137453601,-0.144933224
6751,0.172915861,-0.288446844
6752,-1.209755898,-0.349446297
6753,0.221863881,-0.342641681
6754,-0.097160086,0.129727900
6755,-0.719418883,1.220774412
6756,-0.716081500,-1.329613090
6757,-1.560677171,-2.224424124
6758,0.200109825,-0.765102327
6759,-2.850873709,-1.807771683
6760,-0.025111996,-0.299024463
6761,0.555810630,0.380101979
6762,0.024030799,0.216128051
6763,-0.495454907,-0.027157992
6764,1.105412841,-0.267594099
6765,-0.103384256,-1.039550781
6766,0.202051640,-0.925637305
6767,-2.054553509,-1.032315016
6768,1.884554386,1.907312512
6769,-2.855551958,0.544409037
6770,-1.473564982,0.582687020
6771,1.117830634,-2.343187332
6772,-0.853475928,-0.124604598
6773,0.254974365,0.694331408
6774,1.840705156,0.827740252
6775,-4.888640404,-2.187999487
6776,0.696589291,0.283785820
6777,1.225145936,0.261102706
6778,-0.279614806,-1.296179891
6779,-2.388252497,0.199876398
6780,0.896293879,-0.496960193
6781,-1.617847919,0.134453237
6782,-1.803653479,0.486052155
6783,0.378965497,-0.197709084
6784,0.965839863,-1.300588012
6785,-0.135976002,1.654338598
6786,0.472304583,0.317000926
6787,0.169501960,-1.404386401
6788,0.885617375,-1.736731172
6789,0.638676047,0.422728688
6790,0.508460462,0.641755521
6791,0.052710548,-0.168167993
6792,0.587782681,-0.076753624
6793,1.376773238,-0.736872375
6794,0.157639921,-0.071798854
6795,0.379330039,2.825860023
6796,2.199810028,1.038120389
6797,-0.292616367,-0.879261374
6798,-0.425248146,-1.782417059
6799,-1.751364708,0.668857336
6800,-1.010756254,-0.414583445
6801,0.427508116,0.622533023
6802,-1.685376048,-0.752611995
6803,0.246002510,-0.183512002
6804,-1.455101371,-0.769966006
6805,0.153523222,0.135540918
6806,-2.793456793,0.757315516
6807,0.004651801,1.066714048
6808,-0.627874494,-1.204656243
6809,0.243005753,-0.100562103
6810,-0.604989946,-0.544253230
6811,1.247119904,0.371152639
6812,0.344018489,-0.427214593
6813,0.536880016,0.514499903
6814,-1.474675655,1.139568925
6815,-0.894685805,-0.470870018
6816,-0.946558118,-0.895338297
6817,0.140765980,-0.118395865
6818,0.621333897,0.516883910
6819,2.828281403,1.122048497
6820,1.206572771,-0.342931896
6821,0.106007680,0.087498277
6822,-0.590326428,-0.964857042
6823,1.484300017,-0.756781340
6824,-0.512310863,-1.695459604
6825,0.142030805,-0.217726767
6826,-0.425286204,-0.305153877
6827,-2.378729820,0.623655438
6828,-0.298372179,0.595836580
6829,1.006840229,-0.204602197
6830,0.271747589,-0.434665322
6831,3.937464237,-3.851447821
6832,0.083106875,-3.630116940
6833,-0.577094018,1.476772428
6834,-0.897505403,0.525774717
6835,-0.850021362,-0.001166403
6836,0.663825750,2.233158588
6837,-0.443530858,0.452013254
6838,-0.246600270,1.410913587
6839,0.904889882,0.054931294
6840,0.250184119,0.542830288
6841,0.564550161,2.650691032
6842,-0.817369461,-1.881450415
6843,0.936638594,0.514584303
6844,-0.695749402,-1.188665390
6845,-0.279782027,0.105844960
6846,-0.322093576,0.104357257
6847,-1.814216137,-1.145027637
6848,1.117632866,0.393049657
6849,0.191811860,-0.400329292
6850,0.922983706,-1.585142493
6851,-0.056810383,-0.128651783
6852,2.227576017,0.097097084
6853,-0.937397659,2.573493242
6854,0.372877270,-0.793474555
6855,0.097615242,-0.565465212
6856,-0.354080796,-0.455733299
6857,0.036933154,-1.062060595
6858,3.711390257,-1.717247248
6859,0.930403888,1.327347040
6860,-0.425892025,0.900353909
6861,-0.702551186,1.336331248
6862,-2.662541151,-0.526478529
6863,0.306336224,1.236548185
6864,0.642659307,0.540390134
6865,0.131878853,-0.778984249
6866,0.275954247,-1.458720088
6867,0.616329968,1.046982527
6868,-0.420545459,-0.197561309
6869,1.700101852,0.775350094
6870,-0.410842270,1.292364955
6871,0.280981302,1.289211512
6872,-1.005007505,-0.541341424
6873,-0.748232603,-0.354861498
6874,1.055534482,-0.252226293
6875,-0.417981476,0.426865637
6876,0.761084676,0.790358782
6877,0.619757354,-1.961334348
6878,-0.579966843,0.854526162
6879,-0.087332383,1.884242058
6880,1.827289343,-0.361126602
6881,0.387185574,-2.023584127
6882,-1.190763474,-1.884033799
6883,1.244484067,0.690928221
6884,-0.062919259,-0.160255790
6885,-1.405472875,0.991638899
6886,-2.243975163,-1.275592327
6887,0.216517091,-2.044166088
6888,-2.102948189,1.616114736
6889,-0.090336516,-0.188300341
6890,-0.664238334,-0.280193239
6891,0.279053569,-1.835420609
6892,-0.717215300,0.231328607
6893,2.845850945,2.693269253
6894,0.890686393,-0.162466645
6895,-0.878430724,-0.344669759
6896,0.499827623,0.828530848
6897,-0.047359161,1.032944560
6898,0.091597989,0.135717973
6899,0.351361632,-0.584195912
6900,0.715657651,-1.057972431
6901,-0.060230263,0.529691339
6902,1.090431452,-1.138717175
6903,1.092132211,-0.996699691
6904,-0.020811435,0.908536911
6905,1.183670640,-1.268431664
6906,-1.314533472,0.572129965
6907,-0.880809724,1.001748323
6908,-0.390283525,2.817360878
6909,-0.033705696,1.747764349
6910,-0.812793076,0.417709410
6911,0.835577667,1.359234452
6912,-1.200344086,2.666001320
6913,-0.240965068,-1.753131986
6914,0.785518289,0.926970363
6915,-0.589074254,1.322752953
6916,-0.774508297,0.540467441
6917,0.359022290,0.398176819
6918,-0.603913665,-0.367131054
6919,1.030762315,1.054512501
6920,0.331329435,-0.481035590
6921,0.129576087,-0.935135603
6922,-0.345727921,-0.019324142
6923,-0.047539447,0.242765486
6924,-1.639518261,-1.721550345
6925,-0.024935579,-0.176158935
6926,0.509483695,-0.370164156
6927,-2.022054434,1.119310498
6928,0.941416979,0.598852754
6929,0.826963305,2.372158766
6930,-0.440368235,-1.803048730
6931,0.310351253,0.289892286
6932,0.361225396,0.084008984
6933,-0.330810666,0.034659855
6934,0.100785017,1.199149013
6935,0.860337257,0.841757417
6936,0.935440421,-0.687808394
6937,-0.223290801,-2.069170475
6938,-0.425806463,1.315759778
6939,1.541031599,0.013115883
6940,0.105120547,2.013262510
6941,-0.361996502,-0.205301791
6942,2.390640020,2.837646723
6943,-2.804704666,-2.317607403
6944,-0.968818009,-0.670938492
6945,2.200262308,2.105111837
6946,-0.814424992,1.500953436
6947,-1.849967480,-0.362375617
6948,0.223484978,-0.833061576
6949,0.460171580,-0.221102297
6950,-0.202382267,-1.262694597
6951,0.051939160,3.429549217
6952,0.749467969,0.626951814
6953,2.601610661,-0.724604905
6954,1.357712269,1.458039999
6955,0.341592789,-0.304996341
6956,0.814851522,-0.850963235
6957,2.255575180,1.008035421
6958,-0.151236504,0.084065370
6959,1.878695369,-0.601629257
6960,0.748124957,0.590174198
6961,1.032249689,-0.198284194
6962,-0.990077496,0.006011456
6963,-0.668306589,-1.656651020
6964,0.305281073,-0.110354751
6965,0.117432922,-0.959794998
6966,-0.543851078,0.566737652
6967,2.362088442,1.672204852
6968,-1.109359741,0.365688264
6969,1.202871203,-0.399108469
6970,0.349534601,-1.425523281
6971,0.433460057,0.270955563
6972,0.241651297,-1.610044122
6973,0.175681323,-0.206081763
6974,1.264084697,-0.824338198
6975,0.015879298,0.828804135
6976,0.406112075,-0.500477195
6977,-0.029316127,-0.664003253
6978,-1.316626787,0.116795301
6979,-0.078892611,0.152608857
6980,2.207848787,0.547053039
6981,1.367722988,0.848923922
6982,0.148081124,0.101666808
6983,-2.909122705,0.919701815
6984,2.588247061,-0.022962354
6985,0.000454724,-0.142522991
6986,0.704496861,1.566763163
6987,1.178824902,-0.415812761
6988,-0.514354408,-0.200485259
6989,1.113483787,-0.180879921
6990,0.927728295,0.397148401
6991,-1.126720428,-0.418979406
6992,0.768215537,-0.154066741
6993,-0.295214206,0.074344158
6994,0.042564660,0.895065546
6995,0.798863351,0.395423412
6996,0.099128455,-0.291519135
6997,0.779647171,0.678527057
6998,0.206963748,1.160753965
6999,-0.785461426,-0.807908952
7000,0.052091464,-0.485111833
7001,-1.169170499,1.882394552
7002,-3.495638132,0.207584739
7003,-0.203243226,-0.487724155
7004,-0.023676872,0.355349839
7005,-1.061732411,1.039083838
7006,-1.514303684,0.828097343
7007,-1.493678927,-0.828141451
7008,-0.306779325,-1.298081636
7009,0.952012002,1.434578061
7010,0.882122576,0.550058544
7011,0.031503830,-0.219952270
7012,1.797999978,1.749313831
7013,0.115308702,0.567050159
7014,-0.506709218,-0.867475271
7015,-0.349712789,0.716637850
7016,-2.084447861,-0.302277088
7017,-0.502741992,1.659431219
7018,0.863401949,-0.025682107
7019,-0.663383067,0.975120902
7020,-0.222394049,-0.920251548
7021,-0.609809458,-0.671512008
7022,-0.826727211,-1.033714414
7023,-0.897470117,-0.431127310
7024,1.019840360,-3.499615669
7025,-2.808543921,0.480477631
7026,1.058050990,-0.288318485
7027,-1.734211206,-0.856674433
7028,3.742371321,-1.729254723
7029,0.167646885,0.124268323
7030,-2.511267900,-1.632963657
7031,0.536539793,-0.268111795
7032,0.013594583,0.160068631
7033,0.654495716,0.547545791
7034,-0.544326425,0.842118502
7035,0.782753348,-1.021813273
7036,0.114628792,-1.733391047
7037,-1.198232889,0.938700438
7038,-2.029265642,0.420227289
7039,-0.389303476,0.618757308
7040,0.504274666,1.117040515
7041,0.100692466,1.109154820
7042,0.440940201,0.796067476
7043,0.391472489,-0.563947022
7044,1.534987569,0.552427590
7045,-0.782501876,-0.894103527
7046,0.677488446,0.225251779
7047,0.088080674,0.912113786
7048,0.510663867,-0.441021442
7049,0.364229769,-0.526551306
7050,1.586231232,-0.809655786
7051,0.265395939,-0.902872801
7052,2.600409508,-2.643612146
7053,-0.816543698,3.456057787
7054,0.053194493,-0.195407569
7055,-0.153473571,-0.267313629
7056,1.209416866,0.513795853
7057,1.333020806,2.356358051
7058,1.200004458,0.173681855
7059,2.451071739,-0.626901865
7060,0.122794792,0.459272534
7061,-0.557228386,0.221560434
7062,0.653521061,0.475778729
7063,1.720706701,4.096405029
7064,1.349020720,-0.152916789
7065,0.196896449,0.173478365
7066,0.140987411,-0.164488450
7067,0.559616685,1.274581790
7068,-0.367449820,-0.166890994
7069,-1.235384583,-0.140732765
7070,-2.166827202,-0.285463452
7071,-1.084535480,-0.932435393
7072,-1.178617716,-1.578181505
7073,-0.184213430,0.094902456
7074,-2.422389507,-0.990488410
7075,1.863625050,-0.216876402
7076,-0.469492853,0.267101884
7077,0.971851707,-1.597670674
7078,-0.910357296,0.670572042
7079,-0.923110962,4.070734501
7080,0.696586132,-0.056886975
7081,1.268485069,-0.745869398
7082,-0.906926990,-1.807787180
7083,-0.424864352,0.027295724
7084,-1.752668619,-1.911308527
7085,-1.957956314,-0.104313001
7086,-0.666241527,-0.024865657
7087,-0.551203489,-2.130962849
7088,-0.432055593,-0.102239601
7089,-0.254284680,0.177863434
7090,-1.509704947,-1.229296684
7091,1.465132356,-0.876838028
7092,2.229142666,0.315132558
7093,0.130788803,1.742997050
7094,2.059751987,-1.043889761
7095,-0.309721678,0.105056971
7096,0.357416719,-0.853892326
7097,-0.356468529,1.620059133
7098,-0.814242780,0.114703290
7099,-0.181420594,0.163946509
7100,-0.108392246,0.856971204
7101,-0.647220969,0.529847980
7102,-0.636778474,0.667951703
7103,-1.599621773,-2.472883940
7104,0.383111417,-0.978851199
7105,-0.589054585,-0.326393485
7106,-1.029795527,-1.718576908
7107,-1.485551834,-1.818314552
7108,-0.576756716,-1.683138013
7109,-0.099213608,0.339448422
7110,-0.762561619,0.724247694
7111,0.275524735,0.485447109
7112,0.110458665,-0.905538559
7113,1.218227863,0.938374043
7114,-2.016870975,-0.464372873
7115,0.528895974,2.055815220
7116,0.179288894,-0.018340224
7117,0.669946432,-1.634777308
7118,-0.328967810,0.758356333
7119,-0.112418503,-0.356592059
7120,-0.242216721,-0.001352243
7121,-0.452661365,0.713979721
7122,0.398919195,1.342845917
7123,0.185035706,-1.119560719
7124,-2.685824394,-1.248497725
7125,0.628367603,-1.326263428
7126,-0.250143826,0.016053580
7127,1.107889891,0.820922017
7128,0.740234613,0.614565909
7129,1.353053093,-0.112704076
7130,-0.973090529,2.470794678
7131,0.554377675,0.022522539
7132,3.116072416,0.147341594
7133,-0.547484994,0.995638967
7134,-1.221627831,-0.097758055
7135,-0.614422679,-0.029567882
7136,-0.082746297,-0.183887482
7137,-2.533407211,0.453778267
7138,3.269848585,3.056012630
7139,0.476388723,0.401165336
7140,-0.898895264,0.151540399
7141,-1.441176653,0.537560463
7142,1.162893534,-1.825711012
7143,0.690816462,-0.913611352
7144,-2.087337494,1.315625429
7145,0.733825922,1.143965125
7146,-0.783072591,-0.769313216
7147,1.073956251,-0.783696830
7148,0.050784901,-0.208951280
7149,1.285005569,-0.891801953
7150,0.717172921,1.469764709
7151,0.834529757,0.427507937
7152,0.933350921,1.766712189
7153,0.188034147,0.387450904
7154,0.226715744,0.060887456
7155,-1.266894817,1.629435539
7156,0.883697331,0.258863419
7157,-0.680326402,4.580111980
7158,1.844377995,1.229086995
7159,-2.032334089,0.043907523
7160,4.529432774,3.145233870
7161,-1.173426628,-0.985916913
7162,0.478518367,-0.762820482
7163,-0.590931714,0.244503200
7164,-0.280776918,0.768691480
7165,-1.112581611,-0.343728930
7166,-0.007268806,0.164911970
7167,-0.345564574,-0.253151387
7168,-0.775344253,-0.102782167
7169,0.189621449,2.068566084
7170,-0.066018544,-0.289557397
7171,-1.133247375,-1.707838535
7172,0.100718260,-1.184010506
7173,-0.294994950,-0.115216255
7174,-1.656691313,0.906255484
7175,1.121186376,0.904060900
7176,-0.950206161,-0.491198361
7177,0.187978536,-0.594882667
7178,-1.726001024,0.080513835
7179,-0.084928952,-0.380506337
7180,1.327053308,0.712068856
7181,-0.414553255,-0.524704218
7182,3.141517401,0.614381909
7183,-0.332969815,-0.269763947
7184,-0.417936623,0.002786830
7185,0.224850476,-0.551882565
7186,-1.724711180,2.134652853
7187,-1.543564558,-1.493230939
7188,-0.170065105,-0.016332000
7189,-0.977964044,0.394874036
7190,-0.564751923,1.145348787
7191,-0.299340755,0.356394768
7192,-0.043961287,-0.750576019
7193,-0.042217236,0.174803793
7194,-0.371511728,0.336792886
7195,0.979553580,1.069614649
7196,0.833372593,-1.647932529
7197,0.428469628,0.283141136
7198,-1.511284113,-0.457653493
7199,0.096402422,-0.271459222
7200,-0.069406807,0.164600462
7201,-0.342056185,-1.441236019
7202,-0.997083068,1.107309103
7203,-0.115500472,-0.043832392
7204,-0.266168326,0.035220124
7205,-1.510946751,0.311007261
7206,0.854097843,0.111838371
7207,2.358706236,1.420591712
7208,1.647496104,0.628395557
7209,0.375209540,0.688793123
7210,0.004994329,-0.189517409
7211,0.376438498,1.238597274
7212,0.475006759,0.591643393
7213,1.274074793,0.121436313
7214,-0.501136065,2.270615101
7215,3.180640697,1.730218768
7216,-0.111728340,-1.242087603
7217,1.143273592,-0.335047841
7218,-2.884483337,0.279811621
7219,0.167389005,0.129329577
7220,0.666971922,0.533902943
7221,0.617249250,-0.341613829
7222,3.524257183,-0.861292064
7223,-0.627565742,-0.876617908
7224,-0.721552491,0.152845725
7225,-1.324077964,1.100829363
7226,-1.276625752,0.569757700
7227,0.691301703,0.719418049
7228,-1.000118017,-0.951410890
7229,0.191702679,0.436205924
7230,-0.579937100,0.581163824
7231,-0.342417598,-0.222379997
7232,-1.679509044,0.514872551
7233,1.058595061,1.959493637
7234,0.693899274,0.146098614
7235,0.136180043,-1.552098751
7236,-0.168544129,0.015509412
7237,0.527298689,-0.149187088
7238,0.734666705,2.033553600
7239,-0.177379817,0.200486094
7240,-0.091080785,2.198520660
7241,1.071619749,-2.269865990
7242,1.871438384,0.095813893
7243,-1.250261903,1.027896643
7244,-1.284692407,1.282230139
7245,-0.010300327,-0.230492175
7246,-2.110995531,1.541354418
7247,0.897964895,-0.270203829
7248,0.321350813,0.103192434
7249,-0.886517882,0.322633266
7250,-0.015627719,0.466999739
7251,0.624228358,-2.317907810
7252,1.484106064,-1.130025506
7253,0.224261522,-1.658933640
7254,2.183285475,-2.525011778
7255,-0.161326066,-0.340472043
7256,-2.033140659,2.324124813
7257,-1.272795677,0.482099950
7258,-0.192751393,-0.069778860
7259,-0.471491486,0.303679198
7260,-0.048246264,0.605625749
7261,-1.012843490,-0.229585290
7262,-1.385089397,-1.163456082
7263,2.934943199,-0.673299313
7264,0.312704355,-0.163271502
7265,0.299278319,0.362484574
7266,1.324466705,-1.447379351
7267,1.275014877,-1.885380745
7268,0.531144440,0.071040064
7269,-0.086012483,-1.690100431
7270,1.175233006,2.427560806
7271,0.310255080,-2.515338898
7272,0.173070788,-2.259088993
7273,0.158014268,0.502939701
7274,-1.047687411,-0.511591792
7275,0.700457513,-0.682539284
7276,-0.352040082,0.312636256
7277,-0.316919178,-0.805119991
7278,0.606051683,-0.854896963
7279,0.079150826,-0.957134306
7280,-0.970641911,-0.054006934
7281,-0.610333264,-0.728437006
7282,-0.743796468,0.076768875
7283,-1.922836900,0.554423273
7284,0.563114047,0.830733776
7285,-0.017694905,1.459368467
7286,-0.494965434,0.416397393
7287,0.906116545,-0.397549570
7288,1.225031614,-1.775071263
7289,-0.522884727,-0.183852598
7290,0.289589643,-3.404791355
7291,-1.835696340,1.055782795
7292,-1.689254522,0.476913691
7293,-0.396917194,-0.667068720
7294,0.902636290,1.280003905
7295,-0.828548193,-2.004495144
7296,-0.883805513,-1.693777561
7297,-0.205948323,-0.557738543
7298,0.189445555,-0.025515929
7299,0.547388494,0.858112574
7300,-0.585815191,1.192666650
7301,-0.685848475,-1.297384739
7302,0.291599870,0.713252425
7303,0.206671640,-0.504456520
7304,1.084880590,1.238708854
7305,0.205295160,0.768734992
7306,-0.084640309,0.220818311
7307,-4.499937057,-2.322057247
7308,1.186211109,3.172932148
7309,0.677578926,-1.057410240
7310,-0.124074891,0.482829541
7311,-1.923630834,-0.440553874
7312,-1.784506083,0.852949739
7313,-0.012589044,1.344497442
7314,-1.092059135,-0.474535406
7315,-1.439751148,1.400658965
7316,-1.565933347,0.954852700
7317,-0.669804811,-0.068674922
7318,0.465831161,-0.978967071
7319,0.653212130,-0.644726455
7320,1.230105758,0.447581559
7321,0.222706437,0.385072023
7322,0.328082740,0.500298798
7323,-0.532694340,-2.089687824
7324,-0.355848014,0.993799508
7325,-1.560194016,-1.329392910
7326,0.512714744,0.037661269
7327,1.725933671,2.935493946
7328,0.561443329,-0.629772186
7329,1.163880110,-1.251377106
7330,0.047982812,-0.489177704
7331,2.935107231,-0.584675550
7332,1.248453498,2.787054539
7333,0.382583916,-0.776330471
7334,0.617630303,1.317776918
7335,1.192845583,-0.147342324
7336,-1.907989025,-0.504569530
7337,0.410788387,1.960125923
7338,-1.644801378,-0.338732183
7339,1.304448247,-0.408932567
7340,-0.381365627,-1.905171633
7341,-0.617870331,-0.570854902
7342,2.325010777,-1.087338209
7343,-1.400285244,0.731314421
7344,-1.386330724,-0.779136181
7345,-0.152293146,-1.491880655
7346,0.570974946,0.356218040
7347,-0.771673918,-0.246281326
7348,0.548392773,-0.575462222
7349,0.823734760,2.808508635
7350,0.075805761,0.138928801
7351,-1.619315743,2.603048325
7352,0.515862763,1.576403379
7353,-0.223103821,-0.144560441
7354,-0.326021433,3.242451906
7355,0.489484668,-0.249945030
7356,-0.049440488,-0.843951344
7357,-1.526685119,0.801577449
7358,0.073410600,-0.137585789
7359,0.264474928,0.674412131
7360,-0.552300334,-1.556006670
7361,-1.993949533,-0.125586212
7362,-0.125862718,-1.117578030
7363,0.042842880,-0.062559396
7364,0.202619538,-0.304174960
7365,1.947975636,1.068765759
7366,1.654590487,1.915839672
7367,0.073326007,-0.333353639
7368,0.101360291,-0.431325495
7369,0.720320106,1.168783903
7370,1.041846156,0.604246020
7371,0.148583278,1.394426584
7372,-0.210625201,-0.687931180
7373,0.464229524,0.622353375
7374,-3.122667789,0.781866670
7375,-0.004208863,0.352264017
7376,-0.374678791,-1.119187474
7377,0.534665227,-0.052318949
7378,-0.542949677,-0.543980956
7379,-0.317243874,-1.399389029
7380,-1.318354011,-1.013474703
7381,0.399942100,-0.220253631
7382,-1.358029127,-1.175022721
7383,0.683977246,-0.700742543
7384,-0.598027945,-0.337936103
7385,-0.178656116,0.127123982
7386,0.310976267,0.166219726
7387,-1.072480917,-3.541816711
7388,1.490128040,-2.122468472
7389,0.522091746,-0.611195922
7390,-0.161579460,-0.796983719
7391,0.154144302,-0.543802083
7392,-2.629206419,2.755237579
7393,-2.511648893,-0.977794945
7394,0.761308968,0.839914083
7395,-1.593822837,-0.885507643
7396,-0.266668141,0.119881928
7397,0.143820778,-0.133692980
7398,-0.590923607,1.705352068
7399,-0.974680841,1.080767632
7400,2.755556822,-0.042423010
7401,-0.547002196,-0.733373642
7402,0.037501626,-0.312807560
7403,0.004537456,-0.161564395
7404,0.406778961,-0.053141981
7405,0.273829818,0.615916967
7406,-0.303514034,0.106429905
7407,0.797062635,-0.451647818
7408,-0.347671628,-0.001468234
7409,0.758480966,0.263407528
7410,1.427784562,0.749056697
7411,-1.205434680,-0.884124041
7412,-0.778813720,-3.466035843
7413,0.362920493,-0.126240239
7414,-0.266265392,-1.646335244
7415,0.956670403,0.298605084
7416,0.029429913,1.255152941
7417,1.108236194,0.065913603
7418,0.217957497,0.580725372
7419,0.553211212,0.994654238
7420,0.590902448,0.508003414
7421,1.131154180,-2.531520605
7422,-1.130793571,1.756055951
7423,0.249397442,-1.032235026
7424,0.314661324,-0.163435802
7425,0.672659993,-0.277115732
7426,-1.138078451,0.199020222
7427,-0.644513428,0.315644681
7428,-0.210411876,-0.522347450
7429,1.786582828,0.295667976
7430,1.247730494,-1.061812758
7431,1.230180025,-2.017215252
7432,-0.006920181,0.608177304
7433,-1.800845146,-1.671777248
7434,-1.420128226,1.491553307
7435,-0.170624107,0.082456291
7436,1.017290473,2.143695593
7437,-0.893067360,1.124250054
7438,-0.087713040,-0.936172128
7439,1.458947301,1.317070484
7440,-0.042505756,-0.549893022
7441,-0.565774024,0.943495572
7442,-0.412390828,-0.166775465
7443,0.099210054,-1.402355194
7444,-1.481273651,-1.000068426
7445,-0.825947344,0.166431189
7446,1.191453695,-0.322618246
7447,-0.207877532,0.162624508
7448,-0.528348088,-1.546896696
7449,1.853589296,0.363611042
7450,-1.713654518,0.008844420
7451,-0.376346231,0.113764904
7452,0.921153069,1.593603611
7453,-0.836953044,-1.920264602
7454,0.338049501,-0.554432988
7455,-1.952529550,-2.376071692
7456,1.560878277,-0.165600121
7457,0.896471739,-1.020611048
7458,-1.135199428,-0.839875698
7459,-2.650694847,-2.949836493
7460,-0.104645886,0.800225139
7461,0.850335419,-0.641538501
7462,-0.397267044,-0.324415088
7463,0.517013729,-1.455534697
7464,2.358134747,-0.374712378
7465,0.188963205,0.039760578
7466,-0.123574957,-0.139085889
7467,-0.432767272,1.098627090
7468,1.302450061,-0.197555795
7469,-0.607482910,-0.578755677
7470,1.507211924,-0.232398301
7471,-0.215836912,2.964572906
7472,-2.188554049,0.046978951
7473,0.657975435,0.243047029
7474,-2.075368404,0.013764143
7475,0.067986906,-0.194079101
7476,0.082333490,-0.487436414
7477,-1.705568790,1.028066278
7478,0.248659298,-0.187024936
7479,-0.124762096,-0.413149714
7480,-0.783419967,0.145404324
7481,1.082428932,-2.013174057
7482,-1.888694525,0.443623066
7483,-0.701477230,-1.527709007
7484,-0.553536952,-0.523373365
7485,0.417707503,0.105961949
7486,-0.171977133,-0.094117239
7487,-0.616428196,0.820757568
7488,1.059720993,1.798035979
7489,3.046430826,1.283381701
7490,1.454333067,0.097765326
7491,0.359788001,-0.414272726
7492,0.594296753,0.533105433
7493,-1.347568750,-1.327167153
7494,0.287171185,-0.238902926
7495,-1.165382624,0.421871543
7496,0.846532941,-1.007825732
7497,0.027405962,-0.682703257
7498,0.970465183,1.533642292
7499,-0.633591294,-1.082011938
7500,1.064951539,-2.225878716
7501,-0.862071276,0.431168616
7502,0.320535541,1.605854750
7503,2.678636551,1.998728037
7504,-0.328673303,-0.617037416
7505,-1.024511099,2.235012054
7506,-0.885332644,0.864862025
7507,-0.735073626,-0.093101621
7508,0.406643242,1.875778079
7509,-0.095240280,0.427656591
7510,0.650051415,-0.144067690
7511,-0.185383439,0.595235109
7512,-0.056886017,-1.037432671
7513,0.642997801,1.618352652
7514,-1.089243770,0.205042958
7515,2.665310383,-1.784280777
7516,-2.287856579,-1.856890440
7517,1.592613935,-1.354393005
7518,0.377775192,-0.908066094
7519,0.167882115,-1.331013560
7520,-1.591743708,1.121020913
7521,-0.084163763,0.194212154
7522,-0.045352131,0.160449862
7523,-3.565431118,-0.425036758
7524,0.088027656,1.524871945
7525,-0.042110752,0.838561654
7526,0.000819056,0.235826284
7527,-0.655825377,-0.876345158
7528,-1.113473058,-0.702659011
7529,0.171697348,-1.152085781
7530,0.136933893,0.444297999
7531,0.030710515,0.661729217
7532,-1.876133800,0.892787814
7533,0.156565458,1.439571142
7534,0.955670714,0.500321090
7535,-0.577532232,-0.334550202
7536,0.737326980,0.553303897
7537,0.373535573,-0.525674105
7538,-1.123056054,0.087293983
7539,-0.086173952,-1.265145063
7540,0.441251516,-0.327904552
7541,-0.207296073,0.376513004
7542,0.364494175,-0.036819838
7543,-0.662500024,2.542507648
7544,-1.917742372,-1.041561246
7545,2.813849688,0.871370137
7546,0.688387632,-4.496793270
7547,-1.613139153,-0.315723538
7548,-0.940140903,0.889049590
7549,-0.689904392,-0.186669141
7550,0.864075840,-0.424093306
7551,1.503968477,1.696936131
7552,-0.030001402,-1.447905660
7553,-1.072432756,-0.998089910
7554,0.264275908,-0.941912234
7555,1.219304562,1.046375513
7556,-1.597421050,1.789671421
7557,0.577313721,-2.429674149
7558,-2.778291702,-0.546022177
7559,-0.125927657,-0.624772668
7560,-0.479773313,-0.590530157
7561,0.662086129,-0.591693223
7562,0.785913467,-0.218858659
7563,-2.234445572,-4.239490509
7564,-0.909512281,0.128261387
7565,-0.082958035,-0.462544829
7566,-0.516984463,1.894603848
7567,2.127633572,0.814570606
7568,1.239856005,0.807941079
7569,0.231143802,-0.867265224
7570,0.788942873,1.668461204
7571,0.327392697,1.587541819
7572,1.359419584,-1.374035716
7573,-1.543248653,2.291303158
7574,-2.218525171,-0.495623499
7575,0.995429814,0.507554054
7576,-0.444421649,0.809542656
7577,-2.264035225,-4.181634903
7578,-1.380976677,-0.804831803
7579,0.160931289,0.285259575
7580,-0.056607373,0.262939781
7581,-1.360137343,2.149846792
7582,1.760111809,0.584658802
7583,-0.948810339,0.611454010
7584,1.534654856,-1.133553505
7585,-0.393686295,-0.907265067
7586,0.105735660,-2.423107624
7587,-1.299473524,-0.604553223
7588,1.006154895,0.821143448
7589,0.833868623,1.339912653
7590,-1.319707990,-1.476513743
7591,-0.205983669,-0.309309930
7592,-1.399551272,-0.450434655
7593,-0.024311975,0.968675137
7594,0.151371002,-0.102800809
7595,0.718868971,1.631008148
7596,0.710641980,0.593571067
7597,-2.219770432,3.457911015
7598,0.057547987,0.627718151
7599,1.981159210,1.168918848
7600,0.149016172,-1.680124521
7601,-0.820446670,0.005161524
7602,-0.870712578,0.833491206
7603,-1.453973413,1.304050684
7604,0.825012326,0.174748942
7605,0.900535822,-0.053452969
7606,0.273744583,-0.881699026
7607,-3.608879566,-2.943326473
7608,0.303480357,2.475969076
7609,-0.237158060,0.206109464
7610,0.432441860,0.032147549
7611,0.728368878,0.636424243
7612,2.089927673,-1.025090337
7613,0.285129964,-0.525911391
7614,1.260370016,-1.081771493
7615,1.135089159,-2.471331596
7616,0.312354863,0.507137597
7617,-1.357371211,0.335020632
7618,-0.239612609,1.696421981
7619,1.030931830,0.139757201
7620,-0.359452814,-0.240429386
7621,-0.791397750,-0.028432965
7622,-0.808906794,-0.662977040
7623,-0.434021235,0.288657725
7624,-0.884041667,0.007376194
7625,-1.571465611,0.328771353
7626,-0.322129071,2.682971478
7627,-0.850518644,-0.698820114
7628,-1.984140515,-2.165230751
7629,1.639061689,-0.644789577
7630,1.034361601,-1.962473392
7631,0.607302248,1.517141342
7632,0.512123704,0.242473751
7633,0.221957028,-2.130066872
7634,-0.038354494,0.277223349
7635,-3.402163029,1.180681705
7636,0.562765360,-0.641272962
7637,0.580365300,0.854864836
7638,0.371439576,-1.796707630
7639,0.342613220,0.021535993
7640,-1.041555285,1.026699424
7641,-0.834831595,-0.600439727
7642,-0.409785688,-0.817434132
7643,-0.369226456,-0.923120141
7644,0.210181594,-1.794350028
7645,0.432937115,0.521414101
7646,0.891540706,0.623834074
7647,0.007232066,0.579192400
7648,-1.348969221,-1.104751229
7649,0.689675272,-1.954611897
7650,-0.046107084,0.320833087
7651,-0.182746470,2.232926846
7652,1.171985865,-0.082794309
7653,2.517184734,0.088420868
7654,2.847817659,0.836139679
7655,-0.369946361,-0.669266105
7656,0.151023105,0.204912603
7657,0.669059098,0.582782567
7658,-3.520679712,-1.665393710
7659,-2.697599888,0.938380957
7660,0.894096136,1.136155844
7661,0.862773359,-0.145411804
7662,0.226683199,0.591378212
7663,1.061079383,-0.648622155
7664,-0.238166988,-1.045087099
7665,-0.396331370,-0.181882620
7666,-2.030014753,0.801877499
7667,-0.727829397,0.267255008
7668,0.252151370,-0.202659607
7669,2.630433083,-1.263294458
7670,0.367310613,3.037470579
7671,-1.920543909,0.144392371
7672,0.626517475,0.261100501
7673,1.058997869,0.284540892
7674,0.016956903,-0.167853683
7675,-0.064910822,0.907800496
7676,-0.640614688,-0.452040136
7677,0.075052932,0.872605920
7678,-0.867354810,1.750435233
7679,-0.383055925,0.179539531
7680,0.237588868,0.186291859
7681,-0.478056848,0.657221794
7682,0.142655700,-0.173567489
7683,2.557158947,0.128015161
7684,1.790368080,-0.535864413
7685,0.877921104,-0.329596728
7686,-1.626568913,0.754879773
7687,-0.524480283,0.298824370
7688,-0.981726348,0.071628094
7689,1.877159357,-0.395816028
7690,-0.986655712,-0.810943663
7691,-0.330813676,-5.006186485
7692,0.254781127,0.832155645
7693,0.298807979,-2.542731762
7694,-0.265309066,0.959818125
7695,1.097549081,0.458343804
7696,0.012770921,-1.275641441
7697,1.487203240,-1.802856445
7698,3.574720383,0.490156978
7699,0.160086900,-0.009466563
7700,0.111243561,0.540824056
7701,-0.522367477,-0.315239429
7702,-0.709955096,-0.613853097
7703,-2.040380001,2.346815586
7704,-0.196863204,-0.299176514
7705,-1.264418483,-0.447326899
7706,-1.642337203,0.194984436
7707,0.259183168,0.305713236
7708,0.356456488,-0.388725549
7709,-0.466020703,-1.183362484
7710,-0.244220033,0.232913464
7711,0.720247924,-0.573983788
7712,-1.447443366,1.728542328
7713,0.365030169,0.892869771
7714,1.185848951,0.903770447
7715,1.694511175,-0.373808205
7716,0.275042504,0.179630101
7717,-1.497452378,-2.687478065
7718,-0.724018574,-1.981102705
7719,0.273828059,-0.013314165
7720,-0.080261357,-0.272910297
7721,-0.548753023,0.023781329
7722,0.452279121,0.903454065
7723,0.076504111,-0.504355609
7724,-1.250312448,0.027047306
7725,1.521466851,-1.717977524
7726,-0.225946248,0.527148247
7727,1.486223221,-3.832463980
7728,0.020202160,-3.432305813
7729,-0.410501242,-0.005697022
7730,0.725147367,2.110998631
7731,0.314978331,-0.039689928
7732,-0.435499609,0.011352807
7733,-0.501066923,2.946142673
7734,0.013169646,-1.833428621
7735,-0.396454155,-0.389219761
7736,-0.101946481,1.571141124
7737,-0.171388984,0.659183323
7738,0.781558752,0.065859847
7739,-0.385660797,1.445470214
7740,0.689706206,0.498526424
7741,-0.049607858,0.655240476
7742,-0.759438157,-0.893197060
7743,0.039016724,0.137722909
7744,-2.388632774,-0.066904366
7745,-0.345637321,-0.132628798
7746,-0.341808945,0.471062839
7747,-0.194977999,-1.978600144
7748,1.971508980,-1.220212221
7749,1.681086302,0.033114541
7750,2.941336393,4.225385189
7751,-1.606142282,0.093241811
7752,0.618603408,0.297193229
7753,-0.837391973,0.312393785
7754,1.473845840,-0.440576732
7755,-0.089030430,0.565863729
7756,0.455929160,0.072970673
7757,-1.856325626,0.244436979
7758,1.240963221,-0.686033070
7759,0.922445059,3.497765541
7760,-1.376316309,-3.041422844
7761,-1.196893334,2.858803749
7762,0.392986655,-0.998264134
7763,2.297668219,1.348014474
7764,2.373410225,-0.333992124
7765,1.855289221,-1.338832736
7766,0.169746846,-0.932554245
7767,0.222131073,0.806464612
7768,-0.564942718,-0.134337574
7769,-1.478159547,2.208667994
7770,2.911146402,0.391615152
7771,-3.329402208,-0.249933720
7772,-0.530255914,-0.155100778
7773,1.510190129,3.019508123
7774,-0.914134324,1.164890528
7775,-0.228603005,-0.635308981
7776,-1.861773252,-1.848302364
7777,-0.544240177,2.478102207
7778,-0.710078478,-0.406953633
7779,0.517462790,1.118238568
7780,2.627925396,0.831503749
7781,0.483662724,-0.817652345
7782,-1.405524969,-0.156244457
7783,-0.639959693,-0.431742191
7784,2.258656979,-2.337187529
7785,-0.194329351,0.110397026
7786,0.347526491,0.597569942
7787,-0.651670575,1.663765311
7788,-2.405485630,-2.057801008
7789,-0.002155490,-0.046550512
7790,-1.604461432,-1.439032793
7791,0.624530375,0.342263341
7792,0.103850067,-0.813103437
7793,0.268593609,1.303752661
7794,-0.257361889,0.148573875
7795,-0.073737860,-2.191510439
7796,-0.805273950,-1.842024088
7797,0.382639080,-0.213800594
7798,-0.768927217,-0.500144660
7799,1.188496232,1.286930323
7800,-3.164223194,-0.746628284
7801,-0.883750260,2.227281570
7802,0.004085671,-0.185085520
7803,-2.786923885,-1.576271296
7804,-0.812111616,-0.476018637
7805,-0.861267865,-0.147285223
7806,-1.007128000,0.078410655
7807,-0.804151833,1.413056970
7808,0.182266921,-0.396387577
7809,0.024571627,-0.538928509
7810,0.457938910,-0.114585519
7811,1.837760925,0.308759749
7812,0.819179714,-0.010806043
7813,0.601968169,-0.575366259
7814,0.924088836,1.193537951
7815,0.940169811,-0.264679760
7816,0.063702993,-0.385528594
7817,0.761210680,1.289681435
7818,0.706754267,-0.177351266
7819,0.968094468,0.961985588
7820,-1.742319584,0.624829888
7821,1.821947575,-0.551900148
7822,-0.232829213,-0.107784018
7823,2.017977715,-1.050023794
7824,1.021313310,-0.520194232
7825,2.012913227,-0.502619505
7826,-0.010124028,-0.489983082
7827,-1.330503225,-1.110585332
7828,0.728957713,0.689468265
7829,0.364532948,1.201897025
7830,0.039713889,-0.687622488
7831,0.148206592,0.089711577
7832,-3.440330267,-0.338329196
7833,-0.916764021,2.968017578
7834,1.181564689,1.750981212
7835,2.349970341,-0.274802983
7836,0.140103862,-0.180700332
7837,1.383260489,-0.718357444
7838,-0.560388863,-0.393743843
7839,-0.097732142,-0.135576084
7840,-2.263295650,2.089739799
7841,0.803444505,-1.789807677
7842,0.134784624,-0.535499752
7843,0.967539966,1.705222368
7844,0.417238772,2.354736328
7845,-0.653576016,-0.390225828
7846,0.175926328,-0.116543718
7847,-0.666298985,-1.126179695
7848,1.745313168,-1.415248394
7849,0.544353008,-0.187115759
7850,0.011693351,-0.349720925
7851,-0.031929158,0.314069152
7852,-0.034462810,-1.386539221
7853,-0.388852596,0.116284609
7854,-1.573849559,0.745792270
7855,0.749503732,-0.312502742
7856,0.223797083,-0.404267073
7857,2.515246868,1.138342500
7858,-0.207007527,-2.466624737
7859,0.019702429,0.609478831
7860,-1.331387162,1.546061039
7861,1.802166700,0.751029253
7862,-0.611238122,-1.508168221
7863,-3.434659004,1.360191345
7864,-0.085558742,0.396125078
7865,-0.735355854,0.172602445
7866,-1.475100160,1.539731264
7867,-0.622301638,1.224399090
7868,1.817477465,0.978369355
7869,-0.652236044,-0.992346287
7870,-0.349125475,1.926540732
7871,0.985129833,-1.346963644
7872,1.308850288,-1.947031856
7873,-0.848125041,1.433786631
7874,-0.934220254,-0.185565427
7875,0.161639303,-0.283505529
7876,-0.797622919,-1.385872126
7877,0.975634694,-0.082447991
7878,-2.723995209,1.228447080
7879,2.081153154,1.001042843
7880,1.168787718,-0.386609852
7881,0.235231668,0.325035334
7882,0.509202957,0.079950109
7883,-0.051405072,-2.099137068
7884,0.612780571,-0.159805611
7885,2.043280125,0.238571733
7886,-1.760572076,-0.994286478
7887,-0.159648880,0.584018946
7888,0.965967476,0.525720596
7889,-0.025388174,-0.346636117
7890,-0.331044912,0.397289157
7891,-0.223870650,0.236825943
7892,-0.394894302,-0.622321963
7893,-0.850457311,-0.085745841
7894,0.399443001,1.220836639
7895,0.091621757,-2.213924408
7896,-1.010625601,-0.099566221
7897,0.687806547,-0.205985889
7898,1.249693871,-2.866359949
7899,1.232201934,1.961471677
7900,0.272130519,-0.802604973
7901,2.717587471,2.134494305
7902,0.492224097,0.151617661
7903,-0.262783706,-0.164251372
7904,0.066865608,-0.072468407
7905,-0.748386443,0.410233617
7906,0.489436328,-0.247789711
7907,0.956122637,-0.422508836
7908,-1.277325392,-0.829969585
7909,0.477951765,-1.018062711
7910,-0.531852543,0.750820339
7911,-0.253775507,0.055812396
7912,0.570721865,0.637551069
7913,-0.318140805,-0.307847440
7914,-0.276951134,0.648092151
7915,1.497010708,1.283589244
7916,1.827659845,-1.159389973
7917,-1.317855120,-0.902099371
7918,1.441400290,-0.455848038
7919,2.435949087,0.182938069
7920,0.008937178,0.297102004
7921,-0.505575895,-0.817568839
7922,0.392371297,0.814294040
7923,0.282178760,-2.383627415
7924,-0.352957428,-0.729399443
7925,-0.161685288,0.278192699
7926,1.040627122,-0.567975998
7927,-0.473476321,1.973169446
7928,-1.223152161,-0.472606629
7929,-0.441520452,-0.189514041
7930,-0.393540651,0.968560696
7931,0.245506585,3.586233139
7932,0.777034640,0.969932139
7933,-2.599987984,1.031970739
7934,-1.008782506,-1.935613394
7935,-0.864429116,1.038177252
7936,-1.816538334,-0.952564180
7937,-1.806935668,-0.084387064
7938,0.297200978,-0.278834879
7939,-1.692590475,-1.792912245
7940,-1.479363441,-0.067416668
7941,0.947266459,0.083765969
7942,-1.011459827,-0.280174851
7943,-1.721358418,-2.465446949
7944,0.298970670,-1.184373856
7945,0.171576113,0.576617479
7946,-0.353134215,0.946546257
7947,0.392268717,-0.105889879
7948,0.501304865,-1.314822793
7949,-0.521189630,0.583611786
7950,0.820270777,0.275059760
7951,-0.034721538,-1.039707422
7952,-2.133204460,-2.671740532
7953,-0.231481791,-0.146352053
7954,-0.294597447,-0.279938638
7955,2.737096548,-1.456581593
7956,-1.385308623,-0.099414051
7957,-0.390046686,0.728058338
7958,0.422193110,-1.485406518
7959,-1.401060581,-0.564876795
7960,2.214900494,-0.902583003
7961,-0.564508259,-0.487848163
7962,2.540058851,-1.439867377
7963,-0.282328725,-1.804312110
7964,1.408445954,1.128648162
7965,1.390264273,3.123604298
7966,-0.483356118,-1.683926344
7967,1.043765068,0.061341178
7968,0.161596611,-1.053122163
7969,1.776144624,1.251206279
7970,-1.585446715,0.038276434
7971,-0.604035139,-1.296170831
7972,1.277109742,-1.327747822
7973,0.011506408,-1.881829023
7974,1.133238554,0.695204258
7975,0.179437071,0.032809347
7976,-0.063737817,0.201353043
7977,-1.122578740,-0.085158229
7978,2.968387365,-2.238127470
7979,-0.076402940,3.042423964
7980,-1.138731241,-0.481661499
7981,-0.317099631,1.420001626
7982,-0.014252007,0.212538525
7983,2.798127651,0.263950288
7984,-0.397291422,1.999090910
7985,-2.032925367,2.085579395
7986,1.806757927,0.058414862
7987,-1.627199173,-0.802717149
7988,-0.734259069,-2.968521118
7989,1.272322774,-0.125938267
7990,0.909499347,-1.802121162
7991,1.354819298,1.462384582
7992,-0.119575091,0.360492826
7993,2.141276121,0.436461300
7994,-0.381056577,-0.026772410
7995,-1.107101679,-0.059145406
7996,-0.375818610,0.229121685
7997,0.133018613,0.133575648
7998,-2.172420263,1.030981779
7999,0.443911433,2.337707520
8000,-0.761977851,-2.025870800
8001,1.026599169,2.128571272
8002,-0.623833656,-2.146691084
8003,-1.852055669,0.370143831
8004,-1.231530070,0.884347379
8005,0.606415570,-0.038515143
8006,-0.601942301,-0.739063621
8007,0.057729602,-1.787485600
8008,0.124954693,1.993594289
8009,0.594780326,3.404752254
8010,0.815748096,-0.195191935
8011,-1.136077523,0.932667851
8012,0.775175810,0.791555822
8013,1.515316248,-0.620301783
8014,-1.429210663,-1.058967829
8015,-0.963854611,-1.094665527
8016,1.452044010,0.118540376
8017,-1.385928869,-0.292146444
8018,0.312064409,0.779064238
8019,0.283771038,-1.587679744
8020,0.953869224,-1.116998553
8021,-0.968027413,0.394366980
8022,-0.225811198,-0.861866593
8023,0.522682786,1.176559210
8024,-1.667574406,-1.517868876
8025,-1.110135794,0.372240275
8026,-0.164914265,-0.650608659
8027,-2.546278954,-1.324882746
8028,-0.211267456,2.604545355
8029,0.339834034,-0.129272342
8030,-0.805905521,-0.231849968
8031,0.613481581,2.265717030
8032,0.578242958,-2.396657228
8033,1.616424561,-0.289333522
8034,-1.333842874,2.105246305
8035,-1.647006750,0.538504660
8036,-1.668346167,1.489952207
8037,0.132769495,0.271053612
8038,0.331337929,-3.025911808
8039,-0.375547290,0.183016777
8040,-2.125614166,-3.750010967
8041,0.057056300,0.275155783
8042,-2.056959391,0.640510082
8043,0.153175145,-0.080278665
8044,-1.574680567,-1.089980721
8045,1.685296774,2.520658016
8046,-0.220793664,3.009135485
8047,0.237983108,-0.188528359
8048,-0.241741568,-0.035767294
8049,0.930598021,0.342867911
8050,0.142681971,0.638049722
8051,0.018823951,-1.363493204
8052,3.148202896,-0.925481439
8053,1.446895123,0.490848780
8054,0.099598169,0.578865528
8055,0.701592743,0.385557413
8056,-0.037443757,-2.017439365
8057,0.624655068,-1.525461912
8058,-0.208679378,0.561300635
8059,-2.138553143,-1.854134560
8060,0.431740105,-3.677497149
8061,-1.169353247,-0.173923105
8062,0.156020463,-2.282165527
8063,1.342554927,-0.233988047
8064,0.003222868,0.520215511
8065,1.732346535,1.464995861
8066,-0.631114721,-1.388529062
8067,1.901839018,-1.422050238
8068,-2.165694714,-0.042044103
8069,-2.486135483,-2.552545547
8070,0.912839353,1.994116187
8071,0.974247217,-0.157413423
8072,-0.838080764,1.418938756
8073,1.494420290,-0.928506136
8074,0.407262683,-1.406325698
8075,2.588577271,3.985477209
8076,0.146980345,-0.540580451
8077,-0.810020447,-1.313948393
8078,-1.083848596,1.729336023
8079,-0.157179177,-0.296827137
8080,-0.094705082,-0.590514958
8081,-0.764398575,-0.497769952
8082,-1.978460312,-1.766643167
8083,0.387393594,-0.795005381
8084,0.448606074,0.764407337
8085,-1.477659941,0.129807949
8086,-0.968895733,-0.299132675
8087,0.036581166,1.153650880
8088,1.708606243,-0.623897076
8089,-0.125531599,0.296563327
8090,-0.563291848,1.148940682
8091,-0.645324230,-1.259755373
8092,-1.338284016,-0.396122038
8093,0.320957184,-0.541952670
8094,0.714890540,1.011024475
8095,-1.622806787,-0.937407672
8096,0.024433859,0.144445285
8097,-2.058474779,-1.698114276
8098,0.631100416,2.637181520
8099,0.405885428,0.452609748
8100,0.548520327,0.455454648
8101,-1.725522280,0.596444368
8102,1.572679520,-0.128280759
8103,-2.517659187,1.394798160
8104,-0.567937195,1.012143850
8105,2.965787411,-0.987195790
8106,-0.529221654,-3.165851831
8107,0.244868755,0.928100586
8108,-1.246408701,-1.933228016
8109,3.511943340,1.323868275
8110,-0.250403702,0.126068011
8111,0.266743362,0.391723514
8112,0.147802323,-0.237806529
8113,-0.519181728,0.218007147
8114,-0.075602055,-2.411320448
8115,1.060623288,-0.990849555
8116,0.593610585,2.034975529
8117,0.603550076,0.128447518
8118,0.118599266,0.103592888
8119,0.881866336,-0.446198046
8120,-0.678088307,-1.819250107
8121,-1.094914079,0.501492560
8122,0.999202907,0.462582618
8123,-0.891490996,-0.972215891
8124,-0.527332306,-0.874102771
8125,-0.640448868,-1.304103374
8126,0.039046001,-0.206854284
8127,0.533879101,1.004069805
8128,1.048338413,-0.638255596
8129,0.333217502,-1.699700475
8130,-1.131840706,-0.735357046
8131,0.559553325,1.644740582
8132,-0.530378819,1.338370085
8133,1.372255564,2.305531502
8134,2.388200045,1.410344005
8135,-0.976355553,-0.434126109
8136,0.697166681,2.062889338
8137,-0.898130417,-0.778605103
8138,-0.296031475,-0.896557808
8139,0.048831403,2.186096430
8140,-0.429386407,0.216896862
8141,-1.827676177,-1.325485229
8142,-5.029913902,1.719077587
8143,-0.745271325,1.669477701
8144,-0.210992634,1.497244477
8145,-1.050676584,1.058920264
8146,-0.776592493,-0.674955904
8147,-0.988685489,-0.623294175
8148,-0.618447900,0.978853285
8149,-0.518617988,-1.240696073
8150,0.263458729,-1.634844542
8151,-2.835393667,-1.522927046
8152,0.454572946,0.697296023
8153,-0.465911925,-0.413153529
8154,0.604041457,0.418602765
8155,0.119773470,-0.140402868
8156,-0.143068433,-1.801873207
8157,0.386515856,-0.543439269
8158,0.195240408,-0.367771626
8159,-1.401862741,-1.915418983
8160,-1.055722237,-1.220163584
8161,-1.858578205,-0.096473396
8162,-0.736415744,0.900195837
8163,-0.538408875,1.229605198
8164,0.276926309,-0.025774129
8165,0.315249294,-1.352085114
8166,0.426011384,2.444762468
8167,-2.152669907,1.749504447
8168,0.347216249,1.569429278
8169,0.901219785,-1.078950167
8170,1.416021466,0.769898653
8171,1.063985705,0.020466864
8172,-0.951750696,0.419840693
8173,0.234013095,1.231669068
8174,0.567506135,-0.353251040
8175,0.015613534,0.614646196
8176,-1.353849411,1.993168712
8177,-0.495068103,0.692957282
8178,0.478661269,-0.206956312
8179,-0.865312159,0.208058178
8180,-0.616596520,1.537303686
8181,1.122664452,0.275697231
8182,0.174059272,0.574238002
8183,0.726077080,-0.984550238
8184,-0.551790297,3.503916025
8185,-0.330449462,-0.102913246
8186,-0.271199971,1.050065875
8187,-0.280859381,-0.785035610
8188,0.623734891,-0.040126752
8189,0.142848134,-0.377810508
8190,-0.518399060,0.167557269
8191,-1.611003399,-0.442430437
8192,-1.421626449,-0.650046468
8193,-1.195460320,2.069970131
8194,0.462718576,-0.619573355
8195,0.720691621,0.173050433
8196,0.497197181,0.793402612
8197,-0.333593994,-0.511187255
8198,0.133125931,-0.115479060
8199,-0.107150078,-1.454776883
8200,-0.636541486,-0.081353426
8201,0.748796761,1.285901666
8202,-2.739887238,-1.343156338
8203,1.576563716,-0.105387077
8204,-0.410569876,-0.110922188
8205,-0.830325067,2.075909615
8206,0.461518228,2.574674606
8207,-0.165013313,-1.577474713
8208,0.387109071,-1.444530010
8209,1.224286199,-1.136208534
8210,0.277904958,0.098338753
8211,1.202555060,0.218680948
8212,0.480189323,-0.468921781
8213,-1.010979056,-0.010097027
8214,-1.543183923,1.566454649
8215,0.127827346,-1.211619139
8216,-0.187185496,0.108036704
8217,0.113899857,0.609760523
8218,0.247637495,-0.850840926
8219,-1.061986327,-2.812043428
8220,-0.397274375,-0.911865830
8221,1.478900552,2.031050444
8222,0.958442628,-0.832202256
8223,-0.488828301,0.568894148
8224,-1.916881323,2.297873497
8225,-0.323858559,0.415856034
8226,0.521343589,3.404211283
8227,1.123748660,1.099344254
8228,-1.843852520,0.248583853
8229,-0.021499857,0.077019155
8230,0.551301658,0.884997964
8231,0.886385620,-0.362525165
8232,1.345145345,-0.516038537
8233,-1.628994823,0.806571841
8234,-0.653301716,-1.128792048
8235,0.288727641,1.746062517
8236,3.349378586,-3.095484018
8237,-1.512359977,1.656267881
8238,0.198997021,-1.245027304
8239,0.659448028,1.241091728
8240,-1.298954248,1.131263494
8241,-0.479151279,-0.459966421
8242,-1.130655050,0.349198580
8243,-0.083597697,-0.163586766
8244,-0.129258692,-1.549650311
8245,2.131727695,-1.701749444
8246,0.670291662,1.330155134
8247,1.573776960,1.686377764
8248,0.144444048,-0.042315066
8249,-0.130265832,0.473663270
8250,-0.318930209,0.236424103
8251,0.706204712,0.001232874
8252,-0.135761887,-0.063877523
8253,-0.290988714,-0.073466301
8254,-0.854814529,0.824438691
8255,-0.002979875,-0.504185140
8256,0.341627777,0.065137476
8257,-2.549377918,0.647210777
8258,-0.125634551,0.386821628
8259,-0.690992594,-0.320344150
8260,0.577535748,-0.789317846
8261,1.328759909,1.161694169
8262,0.049410533,0.825305164
8263,0.100003570,-0.479234517
8264,-0.492549121,-0.150812626
8265,2.335810423,-1.054912567
8266,-1.458495140,-2.259410381
8267,1.760504961,-0.163595811
8268,2.776950359,-2.256069183
8269,-1.543332577,-0.338029414
8270,-0.237395570,-0.150602564
8271,-0.170106798,-0.317570835
8272,-0.229892194,-1.005004644
8273,-3.878807068,-0.191258788
8274,0.442588538,0.669128418
8275,-1.097123384,0.052614406
8276,-1.303286552,-0.562893987
8277,-0.588997245,-1.267982006
8278,-0.131306589,0.643413305
8279,-0.523834586,0.730157673
8280,-0.025225222,0.709898233
8281,0.864892542,0.977536201
8282,0.680240393,1.601632714
8283,-0.450378060,-1.442863226
8284,-1.584520102,-0.304686010
8285,2.306009293,-0.150135130
8286,1.345544338,-1.931235790
8287,-0.268073380,-0.231864050
8288,-0.655349731,-1.759532213
8289,-2.982640982,-0.672527969
8290,-1.776917458,0.123287916
8291,-1.424761534,-0.809902072
8292,0.351863474,-0.056272596
8293,1.397076249,0.052055940
8294,1.542104602,-2.252044439
8295,2.117864847,0.124172688
8296,-1.031373978,-1.257218838
8297,-0.076839209,-0.924895227
8298,0.601212680,0.737030506
8299,0.896652222,0.342645913
8300,-1.471811533,-1.221711159
8301,1.397858143,0.819157422
8302,0.085239768,-1.453724623
8303,-0.123136148,0.731602490
8304,-0.741871953,2.157561302
8305,1.934130192,0.754559338
8306,1.802091718,-1.761542082
8307,0.521405458,0.734775722
8308,-2.643221378,-0.274959087
8309,2.531563997,1.298007965
8310,-0.170327187,-2.730154991
8311,0.082143314,0.325751185
8312,-0.152494788,2.134115696
8313,0.619831443,-0.055606976
8314,1.955273867,2.778026342
8315,-0.119614393,0.320228636
8316,-1.368091345,0.621555328
8317,-0.190329283,0.016257882
8318,-0.055059325,0.315319598
8319,0.358390778,1.665773153
8320,0.013098955,-1.868295431
8321,1.300932884,2.341489553
8322,3.652523756,2.176302195
8323,-1.004113078,-1.399079800
8324,-1.418120503,-1.685316801
8325,-0.851907611,-3.014379025
8326,0.130550027,0.515132010
8327,-0.710450888,0.982068598
8328,2.687989712,-0.328360915
8329,0.001502931,0.389101982
8330,0.991297722,-0.557604015
8331,-1.747985721,2.014192104
8332,-0.222984657,2.019219637
8333,0.636330605,-0.855767667
8334,0.707360268,-0.571048617
8335,3.715722084,-0.289904505
8336,-0.746434391,0.809954464
8337,-1.439674139,-0.274124324
8338,-2.235886097,-1.381582022
8339,-0.912051082,0.032042742
8340,1.193107009,-0.578473747
8341,-0.706638336,0.887838840
8342,-1.048629522,-0.992556453
8343,2.983287811,1.389331102
8344,-0.253257483,-0.446309358
8345,-0.251606226,-2.906984806
8346,0.070160806,-0.940706551
8347,0.906424046,1.208402157
8348,-0.051168442,-0.376304507
8349,0.140118808,-0.915050626
8350,0.071035802,0.407698095
8351,-0.056046188,-0.930680275
8352,0.515141070,0.408713400
8353,2.625265121,1.855309248
8354,1.369611263,-0.831565738
8355,0.486106902,0.909829974
8356,-0.013218313,-0.049798492
8357,-0.670426428,-1.330801010
8358,-0.123330474,0.170422703
8359,-0.183075458,-0.254336834
8360,-1.310618281,0.532386661
8361,1.669834733,-3.814053059
8362,-0.219881117,-0.200960070
8363,0.205889970,0.833788216
8364,0.679836750,-0.335362673
8365,-1.152437568,0.530285418
8366,-0.834970832,0.100685969
8367,0.061618052,-0.188241407
8368,0.444258124,0.174407110
8369,0.466733634,-2.187332869
8370,0.714853168,1.247774959
8371,-0.865755200,1.076132536
8372,-0.652009130,1.822667122
8373,-1.362943292,-0.429298639
8374,0.015539175,0.380329609
8375,1.907719135,3.611071110
8376,3.355546474,-0.167413354
8377,0.429757833,1.595872641
8378,1.342918515,-1.348415136
8379,-0.160312727,-0.128244668
8380,-1.982373714,-1.368908882
8381,0.351634741,-0.593419254
8382,1.085338593,0.917118788
8383,-1.377768755,1.451571465
8384,0.589672089,-2.390603065
8385,-2.177122593,0.053243041
8386,-0.371631742,-0.184079006
8387,-0.685951948,-1.182064891
8388,2.034043312,1.220267177
8389,0.501783133,0.551568031
8390,1.759583831,-0.513806880
8391,-0.235332906,0.242938876
8392,-0.208561897,-2.347174644
8393,-0.868955135,1.067620993
8394,-1.358391166,0.675052285
8395,-0.177943975,0.026601996
8396,-0.600043178,-0.279763371
8397,-1.674609184,-0.630327523
8398,1.181334138,0.180389538
8399,-0.877522886,1.471946239
8400,-0.596911669,-1.447634697
8401,-0.155456066,0.384375125
8402,-0.974484444,0.028512172
8403,-1.265731335,-0.782073140
8404,-0.074475527,-1.414224386
8405,-0.876865923,-2.129326820
8406,-0.306603253,-0.239985377
8407,-1.774117231,0.816234589
8408,-3.823238850,1.033257484
8409,0.947273672,0.874042332
8410,-2.113694906,-2.044784069
8411,-1.653308153,-0.718075752
8412,1.097693563,0.513475239
8413,-0.727453411,-0.758338571
8414,1.423046231,-0.425728977
8415,-0.189812332,-0.065933250
8416,1.214906931,1.220739841
8417,1.026724458,-1.034878850
8418,-1.195288777,-2.178244114
8419,-1.385297298,-1.159277081
8420,-0.086496592,-1.485760689
8421,3.337814808,1.657922149
8422,1.605520010,-0.618750095
8423,-2.060874224,-0.925423980
8424,-0.640484631,0.430097044
8425,1.349430680,0.252590120
8426,0.282422721,0.155908406
8427,-0.084890269,0.256008148
8428,-0.369459689,1.738664985
8429,-0.291889489,0.047921620
8430,-0.844735622,0.944330931
8431,-1.333954215,-1.212673664
8432,0.073719785,3.556235552
8433,0.759972930,-0.662737370
8434,0.926625967,-0.457469404
8435,1.407877445,-1.500615835
8436,0.224173993,1.110213637
8437,0.364132166,0.864402056
8438,0.551721156,-1.512483478
8439,1.498543143,0.721846759
8440,-0.292927980,-0.133304358
8441,-1.383770466,-0.249737293
8442,-0.399486601,-1.588160515
8443,3.074603796,-0.982350111
8444,0.109197795,-0.844209790
8445,0.240399137,1.711310387
8446,-1.842164278,-3.068732977
8447,-0.860095501,-0.805910707
8448,0.539671242,0.166493714
8449,-2.457144022,-2.290027618
8450,1.321763515,-0.629020572
8451,-1.889965415,-1.001508117
8452,-1.099968433,-0.992985308
8453,-0.779611826,0.731691360
8454,0.935653627,-0.747157693
8455,0.223585784,-1.151247740
8456,-0.213144749,-0.440591633
8457,-1.437025189,0.285737395
8458,-1.235030651,0.087861434
8459,-0.502679288,1.677459359
8460,0.145963818,0.503698528
8461,-1.349097371,0.526202857
8462,-0.001344055,-0.485861033
8463,0.367279351,1.560441375
8464,1.047987461,-1.109146476
8465,-0.889002562,0.973784149
8466,-0.039106134,0.772949576
8467,-2.557782412,-1.219000459
8468,0.149526566,-0.428077877
8469,0.242441416,-2.722443581
8470,0.361148953,-1.320619583
8471,-1.451227784,0.655258417
8472,0.625474334,-0.446139872
8473,0.184289932,1.394811749
8474,-0.139759257,-0.167849198
8475,1.649094820,1.603257775
8476,-1.207716584,0.188503951
8477,2.328228712,-0.574543476
8478,1.259813428,-2.058549404
8479,0.409429073,0.296385020
8480,2.364774704,-1.549780130
8481,-3.815102339,-0.264781356
8482,-0.023188841,0.333594084
8483,-0.494738698,1.759423256
8484,-1.859320521,2.174306393
8485,0.862295151,2.018521309
8486,-0.093967393,-0.407373518
8487,0.344612062,-0.675041080
8488,-0.140065223,3.728588820
8489,-2.012089491,-0.351635277
8490,-0.063368008,0.371250480
8491,-0.924175918,-1.088717461
8492,0.291000605,-0.391823441
8493,2.164532423,1.772933960
8494,1.174631953,-0.635957658
8495,0.641905665,-0.324432701
8496,-0.231191278,-0.438813865
8497,-0.831072986,1.727491260
8498,0.243305579,-0.819258153
8499,-0.476450264,0.232973337
8500,2.174564123,0.080704406
8501,-0.654153228,-0.640229583
8502,-0.880905867,-0.777213812
8503,-0.357380271,-0.988636672
8504,-0.761629760,0.735496283
8505,-0.608724475,1.094945073
8506,1.158753395,-2.130272627
8507,-0.756481469,-0.143982232
8508,0.492984235,-1.298885584
8509,1.540595174,1.554513693
8510,1.708457112,0.202305406
8511,0.146577477,-0.086325176
8512,1.955364585,-1.133343816
8513,-0.841547549,-0.612614751
8514,0.591818690,4.065104008
8515,1.434777379,1.122234464
8516,-0.341254920,-0.095455408
8517,-0.832213640,-1.582144499
8518,0.052546620,-1.844914794
8519,-0.629634202,0.614339352
8520,-0.093901381,1.234710693
8521,0.351228327,0.373108834
8522,0.577269077,-1.885023117
8523,-0.250553519,-2.329104185
8524,0.798932314,0.820419073
8525,-0.798163891,-2.303279400
8526,0.781139851,0.502718210
8527,-1.187437892,-0.046094537
8528,0.341587931,-0.092672363
8529,-1.393364668,0.176856577
8530,-0.607047558,-0.233573362
8531,-0.347003639,0.816042125
8532,0.094274417,-0.649998248
8533,-0.596260726,-2.593540668
8534,0.284079909,-2.041811228
8535,-2.684703827,-0.247370213
8536,-0.747274280,2.796387672
8537,-0.348443747,-0.321884781
8538,-0.115609765,-0.825930476
8539,-1.210546136,0.364192069
8540,-2.281609297,-0.745695293
8541,-0.016117968,0.087698467
8542,-1.662359238,-2.963749170
8543,0.154700711,0.186699778
8544,0.189996034,-0.135523617
8545,-0.402180970,0.749498606
8546,0.461642891,0.327712387
8547,-0.040687129,-0.801605582
8548,0.486937881,-0.097524837
8549,-1.521666527,-0.327065945
8550,0.597858667,0.400320172
8551,1.507357359,0.752682686
8552,1.775866270,1.297717571
8553,-0.082504094,-1.141183376
8554,-1.043410897,0.411539257
8555,-0.469412714,0.461965680
8556,0.288403988,0.087800577
8557,-0.686702609,0.352365375
8558,0.881881237,1.910780072
8559,-1.985233426,0.280713141
8560,-0.450251669,-2.908430576
8561,-0.596261024,-0.555171013
8562,-0.266921937,0.713828444
8563,-0.072032958,-0.156750828
8564,-0.196591258,1.449956656
8565,-0.178033516,0.469127625
8566,-1.962535739,1.051142454
8567,-0.105101839,0.153870866
8568,-0.119288549,0.088029996
8569,-2.506943941,-1.101048112
8570,1.022044301,2.604662418
8571,0.384039015,-0.657906413
8572,4.402707577,1.732574701
8573,-3.832116365,-1.548166275
8574,-1.647462845,0.562509000
8575,-1.847500920,-1.695845366
8576,0.436664432,-0.284649998
8577,-0.453982800,-0.911635399
8578,0.049307585,-0.736025155
8579,-0.904944301,0.228415594
8580,-1.601888180,-2.057865381
8581,-0.451364040,0.422855973
8582,0.062909842,-0.516889989
8583,0.487791419,0.158921123
8584,-0.331944883,0.125928521
8585,2.068428040,-0.008784808
8586,-3.245501995,-0.168445587
8587,-0.344069421,1.725099802
8588,0.337181747,0.598931432
8589,0.291705489,-1.800009727
8590,-0.841591954,1.112275362
8591,-1.419180870,-1.401155949
8592,1.631846189,0.132731497
8593,0.124848425,0.061030976
8594,1.649765134,0.102697268
8595,-1.233828425,2.279601097
8596,0.243085742,-0.769949973
8597,0.282659411,-0.066082388
8598,1.335683227,0.604077578
8599,1.607619166,-1.830352545
8600,1.862884760,-0.265950561
8601,-1.437337756,-0.540323734
8602,-1.241600037,-2.258026838
8603,2.728003502,1.715473294
8604,-1.034208655,-1.433996320
8605,-0.014199704,0.426469624
8606,-2.071572065,1.329196334
8607,-0.212003276,1.519225717
8608,0.447840989,-1.514444351
8609,0.091905534,0.268242329
8610,-0.301819742,1.516943455
8611,0.101431847,-0.348720044
8612,-0.832746148,-2.322365761
8613,-0.680637181,-0.639860511
8614,-0.835307300,-2.900304794
8615,-2.124692917,-0.837204933
8616,0.564219117,-0.368941337
8617,-0.196584031,0.003206104
8618,0.242283136,2.619469643
8619,1.518172979,-0.396793246
8620,-2.321559191,0.857046962
8621,-5.806117058,1.337700129
8622,-0.129708588,0.541732550
8623,0.310302973,-0.820604265
8624,-1.480915189,0.876804709
8625,-0.761613488,-0.053941905
8626,-0.815853596,0.169941917
8627,0.261416137,0.855202436
8628,-0.198507920,-1.722233534
8629,0.522176504,-0.618159771
8630,-0.990401030,0.192092031
8631,-0.936623454,-0.960878551
8632,-0.683526218,0.365996867
8633,-0.036091149,-0.796050906
8634,1.670337439,-0.404395998
8635,0.224261701,-0.428485155
8636,0.301480412,0.030645043
8637,-1.876385450,-1.688422441
8638,-2.478356123,-1.767074585
8639,-0.987724245,1.919048905
8640,0.039339624,1.967098713
8641,-0.246048033,0.683589995
8642,0.356146455,-2.152397633
8643,0.143162325,0.448447943
8644,0.711063027,1.436137557
8645,-0.478072435,-0.405383557
8646,-1.066556692,-0.179393888
8647,-0.122933395,-0.121262081
8648,-0.289558202,0.512142420
8649,-0.549092054,0.531723499
8650,-1.436897516,-1.343933940
8651,-0.349018067,0.093740396
8652,0.192395046,0.649487376
8653,-3.092599869,-0.298412681
8654,1.652412891,-0.446735799
8655,-0.761723876,-0.890794396
8656,-1.157630682,0.395553827
8657,0.496141642,0.573110104
8658,0.467700541,-0.502992034
8659,2.276295900,2.192652464
8660,-0.638916254,0.892813623
8661,0.000221133,-0.211637437
8662,-1.211651325,-0.146817982
8663,-0.402046740,0.632013679
8664,0.081962496,-0.275301814
8665,-0.272643864,0.622622788
8666,-2.285133362,-0.442373395
8667,-1.220034122,-0.654784262
8668,-1.890912771,0.083231449
8669,1.036501765,4.131541729
8670,-0.192263529,0.837671638
8671,0.681298971,0.999549925
8672,-0.272690117,0.370879173
8673,-0.908908248,-0.173686326
8674,1.596503973,1.044636011
8675,1.731606007,-1.448097706
8676,-0.576947927,0.821538091
8677,-0.199383318,-0.227379233
8678,-1.485945106,0.380229473
8679,-0.803329468,-0.637962461
8680,-1.314413309,-0.139131069
8681,-1.033029199,-0.323265195
8682,-0.219347835,-1.295887470
8683,-1.521378636,-0.548527002
8684,0.355273694,-0.175350115
8685,0.572544873,0.295858800
8686,0.226873979,-0.111928254
8687,-0.210988164,2.674802542
8688,0.321954757,-0.240381747
8689,1.464262724,-0.540478468
8690,-0.885799587,-0.597488761
8691,-2.282182693,0.976375878
8692,0.255998045,0.127052754
8693,0.261243403,1.047248960
8694,-0.473142207,0.122176811
8695,-0.205990687,0.257451713
8696,0.159033954,-0.617015898
8697,0.139475524,0.123877600
8698,-0.903231859,-0.897269487
8699,-0.056201823,-0.169237316
8700,-0.058493763,5.149830341
8701,0.393202782,0.134420186
8702,-0.619542301,0.284846663
8703,-0.749523759,0.574776530
8704,0.103318423,0.960709631
8705,0.098697267,-0.774881244
8706,0.023551188,0.151669085
8707,2.091560602,1.181226373
8708,0.094451249,0.392767310
8709,-0.332092524,-0.290522546
8710,-0.043981306,0.164146811
8711,0.044146389,0.185102910
8712,-0.672879815,-0.586882055
8713,0.832071066,0.123896062
8714,-0.240757912,0.597685814
8715,-0.090398796,0.179480463
8716,2.196481705,-0.090438128
8717,0.933606684,0.819806397
8718,-0.128892526,0.190573156
8719,0.373067051,0.838483810
8720,1.607373118,-0.908371091
8721,0.303128093,0.452093780
8722,0.531745672,-0.109014690
8723,0.427872181,-1.644449472
8724,0.222010419,-0.178546727
8725,0.891495705,-1.576272488
8726,-1.578612447,-0.226270467
8727,2.197654247,-0.877628148
8728,1.305814385,3.345680952
8729,1.361062288,0.472614467
8730,0.125114143,0.594649553
8731,0.078295514,2.468495846
8732,-1.113274217,0.403244615
8733,0.086103231,-0.385248780
8734,-2.882502556,-0.819864154
8735,0.086436808,-1.345021248
8736,-1.710959196,0.828268111
8737,0.068361610,0.908565283
8738,0.584157467,-3.084586620
8739,0.080410048,-1.158579469
8740,-0.576603413,1.826864600
8741,-0.701256454,-0.052890334
8742,-0.055240631,0.089543186
8743,1.052582502,1.912827730
8744,-0.869394898,-0.123266697
8745,-0.052175947,1.183407307
8746,2.116991043,-1.776468992
8747,0.405641377,-0.483489633
8748,0.738192558,0.582277179
8749,-0.167351425,0.382775515
8750,-0.222104713,0.773132920
8751,0.230806410,0.345045745
8752,-0.516199648,1.418844461
8753,0.877963662,-0.062762067
8754,0.761358500,-1.129394650
8755,-0.468259007,0.168489739
8756,0.999546766,-2.112250805
8757,-3.683865547,0.269380093
8758,-0.486116767,0.232310191
8759,-2.718318939,0.973287106
8760,0.418996006,0.532863736
8761,0.000942774,-0.319187433
8762,0.353107750,3.078435898
8763,0.902182579,-0.545456171
8764,-0.115970716,-0.342988640
8765,-0.218601927,-0.137177154
8766,0.640652657,-1.579922318
8767,-0.474625528,-1.875026226
8768,0.571712613,0.747841001
8769,0.592938364,0.311458290
8770,-1.503678441,0.032623529
8771,1.077708840,-0.584872961
8772,-0.022905245,2.181803942
8773,-0.614444911,0.586558580
8774,0.714923441,-0.239726380
8775,-0.888560891,-0.188229457
8776,0.311402768,-0.040877219
8777,-0.717633247,0.512530267
8778,-1.494056225,-1.374025106
8779,-0.149145991,-0.095435441
8780,-0.419820994,0.606679082
8781,0.179773957,0.739988029
8782,0.364030242,0.513865709
8783,1.160116792,1.539775133
8784,0.589353561,-0.698510647
8785,-1.960209131,-0.985963643
8786,-1.449918151,0.178456545
8787,2.088624239,2.329345226
8788,-0.066589355,0.137721449
8789,0.198288113,-0.608743548
8790,1.021695971,0.288235426
8791,0.055645436,-0.548055470
8792,0.952008069,-0.856583655
8793,1.607266784,-0.749561787
8794,-0.960303485,0.354165077
8795,0.095878959,0.882179499
8796,0.061190933,0.139478698
8797,-1.018521547,0.033357978
8798,-0.560666203,1.777323484
8799,0.069274157,-0.602959871
8800,-3.404899359,1.915082455
8801,0.431527853,-0.389462709
8802,0.116833687,-1.116024613
8803,0.406161606,0.682752311
8804,4.285144329,0.258367240
8805,-0.648353577,0.742060781
8806,-1.833027601,-1.172809243
8807,-1.699990988,-1.463065505
8808,0.346801162,-0.104987264
8809,0.268710375,-0.026530435
8810,1.279207349,1.764901400
8811,-1.894540310,0.820011616
8812,-0.651035786,0.240560532
8813,-0.171236992,-0.206008971
8814,-0.807983756,0.646900237
8815,1.278321981,-0.597660780
8816,-0.908232808,-1.065161943
8817,-0.575897396,0.639903426
8818,0.782511055,-0.739962399
8819,0.684277177,0.237265959
8820,-1.405833364,-3.610024214
8821,-0.425641090,1.393374562
8822,-0.891618848,0.531391144
8823,0.001556281,-0.219441563
8824,-2.537875414,-1.740692616
8825,-0.616029799,0.826518655
8826,-1.736910701,-0.989521146
8827,-0.256460905,-0.441190571
8828,-1.164062500,0.212256610
8829,-2.495556355,-1.650264382
8830,-2.897338152,-0.616682887
8831,-2.425584793,0.763942182
8832,1.431514382,-0.126274645
8833,-3.040705681,-1.877106905
8834,-0.887552023,1.024049044
8835,-0.286200047,2.785200357
8836,-0.313641191,-0.197977155
8837,0.010329073,0.215849340
8838,-0.981480479,-0.968250036
8839,0.756942093,-0.163191691
8840,1.661092997,-0.171239734
8841,-1.182672262,0.711621106
8842,0.221034586,-0.248226762
8843,-2.460484743,2.063099146
8844,-2.355031729,-0.009336829
8845,1.804298401,-1.238888383
8846,0.516334653,0.076535545
8847,0.769951344,0.018726299
8848,0.631800473,0.715112805
8849,-0.373218298,0.462244749
8850,-1.879726887,0.038239837
8851,0.176517010,1.480845571
8852,-0.293712825,-1.274189591
8853,0.355895519,-0.128195509
8854,0.105777606,0.204946697
8855,-1.269537926,-0.895592690
8856,2.144972086,-0.938180268
8857,-0.247178316,0.386626482
8858,-0.994778872,0.650427639
8859,-0.967017770,0.143169850
8860,0.052621543,-0.276612490
8861,-2.202781677,2.158078194
8862,-0.060786393,-0.183602154
8863,-0.985251307,0.196892649
8864,-0.077487737,0.379285097
8865,1.563917756,-0.845666289
8866,1.113622308,-0.457460344
8867,-0.385841608,-2.090654850
8868,1.016838551,-0.529615402
8869,1.357692599,0.591007173
8870,-0.520796478,0.087782785
8871,0.246883988,-0.051115297
8872,1.560685396,-0.291296184
8873,-0.369544089,-0.161226988
8874,-0.718621254,1.612062931
8875,1.900576591,0.779236853
8876,1.231966496,-1.595052838
8877,-1.342277765,-0.492943704
8878,0.338892221,-0.144638389
8879,0.253393710,0.319162518
8880,0.840510488,0.993614674
8881,0.552775025,1.298124194
8882,0.465062320,0.200438529
8883,-1.085959196,-0.171392083
8884,0.030042842,-1.322856188
8885,3.184877396,0.295739412
8886,0.321484059,0.623548269
8887,-0.676166654,-0.547677994
8888,0.147089809,1.390188575
8889,-1.613421202,-2.220852852
8890,-0.263731927,0.898440003
8891,-0.776396811,1.034298420
8892,-0.737232983,0.455244124
8893,-0.717687666,0.544074178
8894,0.098986298,-0.178168356
8895,-0.810292184,-0.089117050
8896,-0.103893079,-0.596903086
8897,0.567128301,-0.137835637
8898,0.515967309,-0.763623178
8899,-0.584496498,-1.319952250
8900,0.390488923,2.424275160
8901,-1.436528206,-1.333441973
8902,1.710177541,-1.635808468
8903,3.932593346,-0.756447911
8904,0.275701463,-1.155136108
8905,-0.852822959,0.012715042
8906,0.992077589,-1.259998202
8907,1.098771691,2.262778759
8908,2.140474796,1.051962614
8909,0.954862952,-0.454371095
8910,0.850814998,-0.526811004
8911,0.660550952,0.407887638
8912,1.410023332,-0.409603566
8913,-1.069795132,1.226072907
8914,0.673430085,0.377039075
8915,2.053383827,-0.178264141
8916,-1.562242866,-0.212468982
8917,-1.367004156,-0.333648354
8918,-1.838296294,0.835021615
8919,-0.250856996,-0.240702391
8920,-0.875424266,-0.715114057
8921,-1.026349068,2.463881493
8922,-0.991107821,-2.320752144
8923,3.386722088,0.891813695
8924,-1.389320850,0.578037262
8925,-0.079216778,-0.712923229
8926,-1.845549464,-0.959527016
8927,2.190038204,-0.916796327
8928,0.630049407,0.143356442
8929,1.964469075,0.839424908
8930,1.805681944,0.608263791
8931,-2.631476879,-0.630443811
8932,-1.699860573,1.691107631
8933,0.380415320,-0.299316347
8934,-0.545678139,-0.109747097
8935,-0.849606752,-1.946749449
8936,-0.589405656,0.522303641
8937,-0.529992938,-3.399606705
8938,2.115888834,0.968888938
8939,1.296914935,-1.026478291
8940,1.371569157,-0.958509207
8941,-1.075656533,0.455234289
8942,2.142879963,-1.021639466
8943,0.157570839,-1.927098870
8944,-0.765361309,0.509548187
8945,-1.758092165,-0.626432836
8946,0.528224885,-0.033650458
8947,-0.712494254,-2.612982750
8948,-0.619796515,-0.439913690
8949,-0.254133105,-1.062800407
8950,1.979838371,-0.093613625
8951,2.917359829,-0.579645753
8952,-0.808589280,-0.632945538
8953,0.995356798,0.815905273
8954,-2.814828873,-0.083201647
8955,-0.810311079,-1.167182565
8956,0.377825648,0.191862762
8957,0.461417973,-0.214868963
8958,0.734990776,-0.462080359
8959,-0.351212442,-0.420759320
8960,0.406112224,0.089795932
8961,1.476727009,0.527246654
8962,0.299080968,0.704008698
8963,-0.725930452,0.348433256
8964,0.222283423,-0.101962179
8965,-1.017529249,-0.138379097
8966,-0.046080410,-0.210443377
8967,-2.088052988,0.948879063
8968,-1.745731115,-0.704631925
8969,-0.051955402,0.229915857
8970,-1.366223216,-1.387348533
8971,-1.405703068,0.797345757
8972,-0.201350540,-0.141930789
8973,-1.771106720,0.306337237
8974,-0.820777893,-0.316143930
8975,-2.540045261,0.920959532
8976,0.943921745,-0.618332386
8977,-1.974879503,-0.922718525
8978,1.270129085,-0.667332053
8979,0.676661134,-0.240242466
8980,0.154829785,0.261773348
8981,-1.635107279,0.058243383
8982,-0.072204351,-0.925208211
8983,0.626876831,-0.564923167
8984,-0.298855960,1.798706055
8985,0.224685669,1.797990561
8986,0.521857202,-0.213184401
8987,0.622759461,-0.975141406
8988,-2.121893644,-2.666387558
8989,-0.412906617,-0.360893488
8990,-0.180396900,-0.525271654
8991,-0.399216533,-2.427567482
8992,1.176755548,-1.489881277
8993,-2.446177244,2.164656878
8994,0.239398539,0.284976393
8995,1.377085924,2.379129887
8996,0.633964539,-0.522754431
8997,-1.290095091,-1.700579762
8998,-1.979119539,-0.631253719
8999,0.246979252,-0.286724269
9000,-2.038781166,-1.632935405
9001,1.975551605,0.586311460
9002,0.503904402,0.068656608
9003,-0.294552237,0.058358043
9004,0.160106063,-0.180771008
9005,0.453597873,-2.490625620
9006,-1.122064710,0.452411503
9007,1.818969488,-1.723995566
9008,-2.530605793,0.181423306
9009,-0.391210318,0.073819667
9010,2.731066227,1.241055727
9011,-0.491211474,-2.297090769
9012,0.765573442,-0.414069593
9013,0.229710162,1.468470216
9014,-0.641406834,-1.871688366
9015,-0.148225233,0.334798992
9016,-0.170263827,2.014543772
9017,1.968635082,-0.131753027
9018,0.330721974,0.036760364
9019,0.313641280,-0.083896115
9020,-0.408820719,-0.128519237
9021,-2.323890209,0.879886687
9022,-0.607974708,0.177130625
9023,1.309047222,2.264787436
9024,0.036478862,-0.179060459
9025,0.935041368,-0.121625304
9026,0.071670979,0.934377611
9027,-0.049305711,0.669848204
9028,-1.086673737,2.693214655
9029,0.382927984,-0.228828251
9030,-0.620698214,1.397300005
9031,-0.545057476,-3.349587440
9032,0.987958312,-2.086786270
9033,1.268846989,-2.485801935
9034,0.117258959,-0.413792878
9035,1.721345425,-0.113340355
9036,0.388532579,0.533683300
9037,0.398956925,0.585179150
9038,0.611465216,0.557407260
9039,-0.821220219,-0.367441475
9040,-0.556140900,0.220756114
9041,0.173741579,0.934597492
9042,-0.809918463,-0.107570767
9043,0.256313384,0.054311294
9044,-0.482195705,0.451076329
9045,-0.162266344,-0.127966166
9046,0.814722538,-0.266140342
9047,0.693970382,1.962298036
9048,0.372228086,0.326337397
9049,-0.713541329,0.365308762
9050,1.029357195,-0.352332741
9051,0.581258357,1.859410763
9052,1.051694274,-0.841495633
9053,-0.394400120,-1.284431934
9054,0.275949508,1.888941526
9055,2.315594673,-2.550583601
9056,-0.302414030,-0.183968842
9057,-0.655856848,0.270244807
9058,-2.044339418,0.846956193
9059,-0.553314567,-0.386609793
9060,-0.289838314,-0.250831157
9061,0.866370678,2.288123369
9062,-0.616320550,-2.362517834
9063,1.501110196,0.787676871
9064,-1.379297376,-1.799563169
9065,0.542491794,-0.787270486
9066,-1.589860678,-0.858694673
9067,-0.420591176,-0.350361943
9068,0.396756589,-0.038433723
9069,-0.252800822,0.036276326
9070,-1.066929936,0.178712934
9071,-2.277795792,0.937813401
9072,0.078728698,-0.149877712
9073,0.429062366,0.076185390
9074,-0.103163347,0.567368388
9075,-0.435519606,-0.754885674
9076,0.222377628,-0.037223995
9077,0.891805649,-0.413094848
9078,0.390316844,1.228577256
9079,-1.123085499,0.777423024
9080,0.375552714,-0.047436416
9081,0.674921274,-1.356804609
9082,0.351519853,0.351378441
9083,-2.684738636,-2.602628231
9084,-1.390028477,-0.047683105
9085,-1.600640059,1.428206444
9086,0.094313189,-0.520198226
9087,-0.295857131,0.117241956
9088,-0.225817114,-0.068516649
9089,-0.169009075,0.861474633
9090,0.375964761,0.160694152
9091,-0.394966692,0.734711170
9092,0.614730597,-1.561410427
9093,0.866427779,1.049791455
9094,-0.729898214,-1.672902942
9095,0.269818902,-0.482020348
9096,1.357392073,1.876456380
9097,1.421589255,0.946939886
9098,0.821120322,0.135413781
9099,-0.476616085,-2.176410198
9100,-0.249682903,0.817826867
9101,-2.190008163,0.122920901
9102,0.051685981,-0.213385329
9103,-0.062752709,1.042741656
9104,0.241150901,0.232894957
9105,1.118201613,-1.545939445
9106,-0.253058434,0.207528532
9107,2.324530363,0.913928747
9108,-1.462231398,-1.402474523
9109,-1.184671283,-1.088689327
9110,1.184118629,-0.061180286
9111,0.947895050,0.042186856
9112,0.107615739,-0.008672077
9113,-0.562811852,-0.250208169
9114,-1.222703099,-1.060904503
9115,-0.247030556,0.116209835
9116,2.254547834,1.807906628
9117,-1.704838276,0.003221393
9118,-3.051348209,3.231609344
9119,0.601641774,-1.070428371
9120,-0.301369667,-0.626899660
9121,2.669619083,-0.334644794
9122,-1.523293495,-0.424707830
9123,1.216119766,-3.133191109
9124,-1.281073332,-1.299082160
9125,0.128181159,1.164477587
9126,-0.605609179,-0.754305303
9127,-0.645103097,0.484169811
9128,0.901154995,0.525067210
9129,0.373362750,0.844385087
9130,1.080688596,-1.305354953
9131,-1.313746929,-1.502303362
9132,-0.593429208,-1.637371778
9133,0.156044543,-0.211003572
9134,-2.136101961,0.327322185
9135,0.203752756,-2.528502941
9136,0.284963399,-0.470867187
9137,1.057109594,0.241736129
9138,0.394681156,-0.216859341
9139,1.349925518,1.288071871
9140,-0.164890885,0.039791547
9141,-0.096348315,-0.433117330
9142,-0.748538673,0.751713395
9143,-0.076811433,-1.119248509
9144,1.660319328,-1.791419625
9145,1.988832831,0.070064306
9146,-0.283559769,-0.846958876
9147,-0.151970163,0.233588547
9148,1.120484114,-0.339104056
9149,1.502460718,-0.294495702
9150,-0.236353487,1.212707758
9151,-1.071443915,-0.090772152
9152,0.534128487,1.097289562
9153,1.763162374,-0.207941070
9154,-0.314851463,-0.101279274
9155,1.045314550,-1.385326862
9156,-0.700507224,0.615404129
9157,0.207144022,-2.650781631
9158,-0.325954169,-0.737778604
9159,0.862792671,0.830694258
9160,0.375131607,0.343670070
9161,-0.223725379,-1.554611444
9162,-0.253490329,-2.338651419
9163,-1.923114538,0.387846082
9164,-0.198627084,0.204268202
9165,-1.127094030,1.381804705
9166,-0.654115081,-0.547450542
9167,0.443529963,-0.103615582
9168,0.998809099,-1.130811214
9169,-0.359032452,-0.968880415
9170,1.018716693,2.413234234
9171,0.345953226,-0.185901582
9172,-0.045263976,1.033365607
9173,1.233140230,1.769246221
9174,-0.012471175,0.289976507
9175,-1.301121473,-3.094671726
9176,0.808030844,0.011799812
9177,-0.099124745,0.213811025
9178,2.111437559,1.021991372
9179,0.194584697,-0.353795588
9180,-1.408439159,1.430567622
9181,2.758291721,1.927823544
9182,0.460578054,-0.531010449
9183,-1.357869864,-2.491272926
9184,1.132478714,1.314986110
9185,-0.728181720,0.799084663
9186,0.032843690,-0.397711366
9187,0.299562186,0.097856298
9188,0.329675108,0.057423353
9189,1.085668325,-0.507918835
9190,0.342396230,-0.631792307
9191,-1.132497072,-2.313307524
9192,0.968429387,-0.977089345
9193,1.626041174,0.531286001
9194,1.041104794,0.487126678
9195,-0.307058334,0.566529334
9196,-0.409675360,-0.410054028
9197,0.069691464,0.372066855
9198,0.991382480,-1.016096473
9199,0.012483457,0.170561969
9200,0.041781787,0.382193893
9201,-1.302961588,-0.761505425
9202,-1.177175283,-1.100229859
9203,2.979790688,0.882627606
9204,-0.053865008,-1.280505538
9205,1.585502386,-1.176198006
9206,0.904923677,-3.198161364
9207,2.634413004,-0.638527989
9208,-0.268529564,0.556934774
9209,-1.555313587,0.885213017
9210,2.098501444,2.243068218
9211,0.900908947,-0.337330312
9212,1.547494531,1.128916979
9213,0.436139584,1.397609830
9214,0.633619964,0.615507722
9215,0.302306294,0.715800822
9216,-0.067009166,0.933600783
9217,-1.810399175,3.080161572
9218,2.239153385,-1.256277561
9219,-0.367299616,-1.596910238
9220,0.081935883,-0.849607706
9221,-1.136736631,-1.672610760
9222,1.897155285,1.083831072
9223,-1.731353283,-0.488792777
9224,2.492643833,-1.187980413
9225,0.022068202,-2.817448854
9226,-0.533556938,0.042860866
9227,-2.108939409,-0.069818020
9228,2.406315565,0.716274917
9229,0.307140172,0.482986659
9230,0.015474111,-0.424566925
9231,1.242179871,0.835387886
9232,-0.227121904,-0.497530609
9233,0.816109300,1.598406076
9234,-0.174480319,-0.426613510
9235,-0.561496496,-2.225263834
9236,0.047950208,-0.955278039
9237,-0.235126600,0.017905099
9238,2.096364260,-0.100568607
9239,-0.952677488,0.052078009
9240,0.230923027,-0.165055096
9241,2.435053349,-0.028884277
9242,0.357577026,-1.299215198
9243,0.997820556,-1.392844915
9244,-1.294422865,-0.595965564
9245,-0.234709084,-2.969255924
9246,-0.777458668,-0.417055696
9247,3.608289957,1.171903849
9248,0.144758701,1.221016526
9249,-0.200676173,-1.319147229
9250,-1.676733494,3.195443392
9251,-0.276648253,0.268296540
9252,0.122580603,0.203047082
9253,1.465356588,0.846749485
9254,-0.392574310,1.522279859
9255,1.046349764,1.232733250
9256,0.653559983,0.126322657
9257,-0.224518582,-0.003786732
9258,0.941756368,-0.868557453
9259,2.218072176,0.944678366
9260,2.855531216,1.723817706
9261,0.719853640,-0.796129227
9262,-0.324674487,0.532173038
9263,-0.394309431,0.332689106
9264,0.678417444,0.400809109
9265,0.405144572,-0.095269412
9266,0.218761563,-1.229108095
9267,-0.157358021,-0.084663004
9268,0.568992376,2.047970057
9269,0.031244799,-0.581554711
9270,0.125639260,1.565461636
9271,-0.212265283,-0.268289536
9272,0.580764413,0.780012548
9273,-2.215090752,0.041444182
9274,-0.234475628,-0.660491943
9275,-0.249989092,2.426361799
9276,-1.006529212,-0.347978354
9277,-1.041658521,-0.409110129
9278,-0.044761598,-0.798696101
9279,-1.626085281,-0.277687967
9280,0.146408677,-0.124498740
9281,2.507907391,1.633601427
9282,0.503689528,-0.602752864
9283,-0.210448712,-0.040098045
9284,-1.126082063,-2.789070129
9285,-0.095544942,0.086280212
9286,-1.619114637,0.345078737
9287,0.256315410,-0.104281731
9288,0.199007034,-0.135934159
9289,0.726351619,1.458573937
9290,-0.166794986,0.129040495
9291,-0.079921380,2.287454605
9292,1.057823658,1.232938886
9293,0.650372505,0.376674086
9294,0.887655735,-0.145751894
9295,-0.321106493,0.609541774
9296,0.030523527,0.239265800
9297,0.537654400,-1.681478262
9298,-1.266411543,-0.338586211
9299,-0.021832824,-0.183203250
9300,-0.021456093,-1.256955624
9301,0.870796382,0.544269681
9302,0.928338230,1.382776260
9303,1.069676995,0.432414770
9304,1.881354809,0.540892124
9305,0.224882513,-0.058348536
9306,-0.232507959,2.855058670
9307,-1.061340570,0.634623110
9308,0.560057700,0.463532925
9309,-1.793845773,-2.494688511
9310,0.597379565,-2.350753307
9311,-1.240207553,0.107978523
9312,-0.356569678,-0.267658949
9313,0.510899067,0.230248719
9314,0.778489828,1.529344320
9315,1.432643890,1.242330670
9316,-1.066217661,0.010576308
9317,0.980196118,0.362107396
9318,0.389680862,0.462105930
9319,0.114810109,2.329924107
9320,0.144880027,-0.073051155
9321,-0.308793545,0.074924409
9322,-0.149611250,0.949048162
9323,-0.151510403,0.869605958
9324,5.406277657,1.709938407
9325,-0.262119293,-0.141274303
9326,0.797109544,-1.306603670
9327,0.305523604,-0.267280728
9328,3.286759138,-1.048495293
9329,-0.427560568,0.170025289
9330,2.093880177,0.254873395
9331,0.583919227,0.138831854
9332,-0.331890881,-0.498769760
9333,0.991814613,0.237733901
9334,-3.768643379,0.126070142
9335,0.685772896,0.392423242
9336,-0.918324351,-2.014131546
9337,0.309807509,1.195415378
9338,-0.225956991,0.034765270
9339,2.544501066,-1.055133224
9340,-0.573209703,0.163939252
9341,0.720027626,0.727847815
9342,-1.876487494,-1.399061561
9343,-0.193446040,-0.258112907
9344,-0.758027554,0.125772119
9345,-0.576450348,0.619570255
9346,0.528791189,0.891016483
9347,-1.978843570,-0.977443993
9348,-2.018108845,0.354141116
9349,0.297654331,-0.277557254
9350,-2.832056999,0.484228045
9351,-1.025557876,-0.625525475
9352,1.019903660,-0.543279886
9353,-0.765651107,-0.202909395
9354,-0.615550995,-2.481374741
9355,-0.177071661,0.065826327
9356,0.393674731,0.451322913
9357,0.496478647,1.852274060
9358,-0.522888780,-1.385504007
9359,-0.111339316,1.187425733
9360,-0.591867030,2.736094236
9361,1.431543827,-0.505070567
9362,-2.247426271,0.906191826
9363,0.394990146,-0.066988714
9364,2.260409832,4.815938473
9365,-0.030928820,0.719883978
9366,0.901055694,0.419583976
9367,1.288519502,-1.002317548
9368,1.457519293,-1.137384892
9369,1.991856337,-0.555517435
9370,-1.212829351,-1.469446421
9371,1.330829382,-0.921130180
9372,0.498655558,0.368700713
9373,-1.726078272,0.830716670
9374,0.834131420,1.746935010
9375,-0.698200822,1.257876396
9376,0.327347159,0.366160214
9377,0.379766732,-0.546746075
9378,0.630802870,-1.450373292
9379,-0.931232691,0.542340636
9380,3.581784964,0.101578355
9381,-0.027985863,0.564843953
9382,-0.560850620,0.387422144
9383,0.207772687,-0.121975504
9384,0.061166830,1.103184819
9385,0.406885505,0.261012375
9386,-1.720410943,-2.060199976
9387,0.508638144,0.640801668
9388,1.369696975,-0.274697006
9389,-0.153274700,0.101396069
9390,0.282683969,0.697500944
9391,0.084908895,0.296822637
9392,0.903476357,2.341329575
9393,-0.612741590,0.828035057
9394,0.807990193,-0.167360634
9395,3.275908947,-0.721426785
9396,1.386518717,0.210289419
9397,1.210195065,0.331485868
9398,-0.007416427,-0.924048185
9399,0.426213980,1.224872828
9400,-0.648687243,0.187741265
9401,-1.766206861,0.233801007
9402,0.182013273,-0.385939240
9403,-0.602461994,0.573126435
9404,1.840415716,-0.501882732
9405,-0.322208881,-0.302528739
9406,-1.595321774,3.767471313
9407,-0.755474091,-0.215438068
9408,-0.042869270,-2.650125027
9409,-0.157115132,0.149933040
9410,-0.935681880,-0.998875856
9411,-0.717585862,0.698414683
9412,1.411472678,-0.110505372
9413,0.200460166,0.270899326
9414,2.095770359,1.305517197
9415,0.501242399,0.605602920
9416,1.537452936,-0.885292053
9417,-1.489848495,4.478471279
9418,-1.189911842,-0.986813009
9419,0.462663949,-0.604787588
9420,1.446347833,2.664035797
9421,-1.982926965,2.525772095
9422,-0.057274401,-0.594136953
9423,-0.143776387,-0.082502060
9424,-0.239857227,0.302107781
9425,0.842008352,-1.241148710
9426,-1.615046144,-0.094529390
9427,3.173739672,1.336701751
9428,0.675396144,-0.795296073
9429,-0.453950942,0.087199539
9430,-1.319067836,0.550407350
9431,0.803768814,-0.665408015
9432,0.569215000,1.340278864
9433,-1.934435368,0.624150991
9434,-2.072868824,-0.512962401
9435,0.394244283,-0.524811864
9436,-0.237981677,0.778577924
9437,-0.294602513,-1.003899336
9438,0.190154314,0.169465721
9439,-0.389416963,1.024600506
9440,-0.952256858,0.052300513
9441,0.243578047,-0.088875003
9442,0.249485821,0.609571159
9443,0.680660665,-0.098788679
9444,-1.037651539,0.590140700
9445,2.110941172,-0.195552573
9446,0.603845656,0.561070979
9447,-0.543867052,-0.669482231
9448,0.116457060,0.105197847
9449,0.452292085,0.878444791
9450,-0.553082287,-0.491597891
9451,1.300782919,-0.451148659
9452,-0.519626141,0.342234433
9453,1.098611474,0.057706222
9454,-0.112405121,-1.537856102
9455,-0.565427125,0.578791738
9456,0.769190371,-0.208738953
9457,-0.190740645,-0.403058797
9458,1.077184200,-0.864276409
9459,0.711931825,0.716729045
9460,0.190080762,-1.093430281
9461,0.527208209,2.255446672
9462,1.418946743,1.139845610
9463,-1.103908062,1.882274628
9464,-0.203215420,-0.008535303
9465,-1.242967725,-3.860662937
9466,0.167023301,-0.038875312
9467,0.682706952,0.116551951
9468,-0.028905535,-0.149751946
9469,-2.432815075,-0.900749266
9470,-0.964277148,-0.291615427
9471,-0.731396198,1.138356686
9472,1.085510731,0.032445785
9473,1.855729938,1.003457189
9474,0.055210292,-2.167727470
9475,-0.049541414,1.568913817
9476,-1.208911896,-0.234189808
9477,-1.855125308,-0.570153952
9478,2.582429409,2.188687325
9479,0.448766410,-0.099363327
9480,1.619842529,-0.884557009
9481,0.129801810,0.380976945
9482,3.306764603,0.828408539
9483,0.313592404,0.325558454
9484,1.110322714,0.868682563
9485,-0.923163831,-0.474437714
9486,1.148001909,1.106891632
9487,0.048838556,-0.316858858
9488,0.092771381,0.222006708
9489,0.144700438,-0.567981243
9490,-1.746770620,2.512080908
9491,0.264799625,0.355228245
9492,-1.646246910,2.618315697
9493,1.213370323,-0.209318370
9494,0.811445951,-0.404299021
9495,0.200278908,0.592194021
9496,-1.570814610,1.791679263
9497,2.933685780,-0.101445526
9498,0.659143448,-1.123140216
9499,-0.255123556,0.360878229
9500,-0.009214729,0.342967421
9501,1.292039752,1.308122754
9502,0.102582544,2.729440689
9503,-0.429578066,-0.824687123
9504,-0.997478127,-0.003359258
9505,0.742133856,-0.176730454
9506,0.905068398,1.377558708
9507,1.576401830,-0.805842876
9508,0.393393576,-0.751847684
9509,2.281054974,-0.561959445
9510,-0.530633688,-0.601120353
9511,-1.107098222,-0.920226038
9512,4.289326668,1.435569525
9513,-0.191592544,0.011133686
9514,0.587145925,-0.245380223
9515,0.959787846,-0.243867457
9516,0.567684650,0.368329048
9517,1.596101522,0.087483101
9518,0.017525911,0.005119547
9519,-1.171822786,1.594074965
9520,-0.788679957,-0.802441180
9521,1.366945982,0.692831516
9522,-1.196224332,-0.192710221
9523,-0.578395128,0.591602087
9524,0.472795963,-0.261903763
9525,0.176564842,-1.888603568
9526,-0.833000422,-1.223171949
9527,-0.337219954,-0.640141606
9528,-0.246297807,-0.147576213
9529,0.409510612,0.498697549
9530,-1.329744935,-0.791835070
9531,0.276243716,-0.437429011
9532,-1.120463490,-2.928760767
9533,-1.158991337,1.752790093
9534,0.180325761,-0.061160389
9535,-0.331521928,0.743505180
9536,-1.813376546,-1.198199272
9537,-1.028909206,0.420955718
9538,-0.634118497,1.107880354
9539,2.623818159,0.435674429
9540,1.651004553,-0.358966559
9541,1.323140502,1.247558475
9542,-2.657682180,2.676682234
9543,-0.615922034,-0.647899210
9544,-0.913017452,-1.051194191
9545,0.380293429,2.760205984
9546,-1.244845867,-1.495545626
9547,0.334687352,1.040664315
9548,-0.826902330,0.616288066
9549,-1.124690771,-1.120585918
9550,0.816164732,2.440478802
9551,-0.540255964,-0.171469122
9552,0.206222802,-0.045158349
9553,1.666153431,1.282059312
9554,-0.387262106,-0.225145623
9555,-0.021007638,0.871871948
9556,-0.499662936,0.974508107
9557,0.326804370,1.078979969
9558,0.002084970,-1.102008820
9559,0.236286923,-0.397099197
9560,0.160551384,0.110702656
9561,1.484427214,-0.468565881
9562,1.362797976,0.967212915
9563,-1.971042156,-3.098842144
9564,-1.516732335,0.933149934
9565,-0.085157707,-0.563338339
9566,-2.404103756,0.603241146
9567,2.134013891,-0.473633975
9568,0.188312307,0.154666930
9569,-2.401486397,-1.384387493
9570,2.374456882,-2.374363422
9571,1.729473591,-2.585357189
9572,-1.282116652,-0.068794131
9573,2.657986403,1.431147337
9574,-1.308717847,-1.090137362
9575,0.087533772,-2.956737280
9576,0.085201703,-0.473446131
9577,0.323710740,0.577262282
9578,-0.068344221,-0.305576950
9579,1.350915551,-1.407111168
9580,-0.130264938,-0.060403407
9581,0.744517565,-0.097011827
9582,0.148078829,0.495942146
9583,-1.425890207,-0.335293144
9584,-0.639246225,-0.143225938
9585,0.240518481,0.581513405
9586,0.779425859,0.192975327
9587,4.042029858,-3.165743351
9588,-1.298723817,0.017034113
9589,0.127182811,-0.275043726
9590,0.242748737,-0.473035187
9591,-0.290438861,0.091646239
9592,0.447999179,0.669461489
9593,0.165167332,-1.694682360
9594,0.599597394,1.108133078
9595,-0.107359931,-0.603740513
9596,0.418432891,0.135962307
9597,0.748293281,0.553094029
9598,-0.300235093,0.714265645
9599,1.932002783,2.495216846
9600,2.723954678,-0.709135294
9601,1.462465286,-1.236730337
9602,0.250217885,0.441515535
9603,-0.228789821,0.070494637
9604,0.155487537,-1.259489894
9605,0.254301876,0.884484887
9606,0.490045667,2.602702618
9607,-0.677712023,0.418919414
9608,0.434208810,0.179070175
9609,2.078377485,0.675333023
9610,-0.079258166,-0.237444341
9611,1.567817450,0.404653251
9612,-0.672021627,-1.253526092
9613,-1.837648153,0.938799500
9614,0.215103924,-2.107108355
9615,-1.102527976,-0.090316445
9616,-0.250902206,0.827056646
9617,-0.800845504,-0.029836580
9618,-0.101814941,-0.210309967
9619,3.439888239,-0.073102534
9620,0.267583758,0.083909631
9621,-0.020475760,-0.251206875
9622,-0.491733730,0.085158482
9623,1.111550808,-2.584802389
9624,0.186206251,2.925397873
9625,-1.464309931,0.890575528
9626,0.394739956,0.886388659
9627,1.006997466,0.449423671
9628,-2.010691404,1.092890501
9629,-0.252457917,-0.438633025
9630,0.023198694,0.934031904
9631,0.892593920,0.800726533
9632,-1.747755527,-1.491050243
9633,-0.831521332,-2.296488047
9634,0.930413544,-0.707055509
9635,-0.019439280,1.727017760
9636,0.699981689,-0.502932072
9637,0.306101680,-1.253579855
9638,-0.743777812,0.271300673
9639,0.279988945,-0.888014197
9640,-0.207840100,1.055986166
9641,-0.840692818,0.951427460
9642,-0.265006661,1.205993652
9643,0.703174770,1.901013613
9644,-0.859928310,0.256529659
9645,0.802106261,1.049715042
9646,-0.666708350,-0.203260854
9647,0.179260835,0.211470753
9648,-1.213990331,2.552251577
9649,-0.712318718,0.905839324
9650,-0.142572045,0.117569283
9651,-0.774662733,-2.225039482
9652,-1.938845396,-1.107076645
9653,-0.025396824,0.084284544
9654,-1.714906216,1.194968104
9655,-1.284663320,-0.423603415
9656,0.634852469,1.242838383
9657,-2.013932228,4.337219238
9658,1.190844893,0.983739853
9659,-0.382474542,-2.494864225
9660,-0.467039645,0.008527309
9661,-2.767244816,-0.070437849
9662,1.172634125,-1.251433492
9663,-1.385710955,-0.150759459
9664,-0.890476167,0.341747075
9665,0.352301419,0.925358295
9666,1.217808366,0.580316901
9667,0.754552603,-0.824543953
9668,1.221914768,-1.605971098
9669,0.693715751,1.153513789
9670,-1.059903502,-1.754068375
9671,-0.215363592,0.028996566
9672,1.211814165,0.113249213
9673,-0.762379766,-0.576308966
9674,0.057818733,-0.619440436
9675,-1.057084441,-1.058026552
9676,-2.043303967,0.803270698
9677,-0.937736511,0.315109521
9678,0.499965161,0.651088417
9679,0.102258027,-0.123566672
9680,0.307472646,-0.177259699
9681,0.736160338,0.528802812
9682,-1.506813407,2.103746176
9683,0.646900654,-0.385865718
9684,2.828502655,2.058986187
9685,0.517995536,-0.509080648
9686,-0.120328411,-0.583150506
9687,-1.617641211,0.852709591
9688,-0.359463155,-0.515074015
9689,-1.081966996,1.081329942
9690,1.158034325,0.798862517
9691,1.637569904,0.373431802
9692,0.503243029,0.944960296
9693,-2.148347616,0.552802920
9694,-0.119889334,2.865423918
9695,1.260702968,-0.500234663
9696,-0.287280709,0.184142619
9697,0.393196344,-0.877573788
9698,-0.214172482,-0.159234971
9699,-1.245016456,-0.534939110
9700,-0.345226705,1.292006850
9701,-0.777664483,0.153548509
9702,-0.981928766,1.958124757
9703,-0.099191949,0.046980165
9704,-1.354854941,0.468290269
9705,0.267513782,0.444047272
9706,1.195571423,0.511777759
9707,0.876415491,-0.265336454
9708,0.092791408,0.853169620
9709,-0.290026903,-0.208942920
9710,-0.173166573,-0.751979709
9711,2.335638285,-3.667878389
9712,2.665769815,2.983748913
9713,1.213305473,-0.774301767
9714,-0.896865785,1.130902767
9715,-1.782099009,-0.194444418
9716,-0.855144262,0.582258105
9717,-0.476829708,0.378398299
9718,0.718107104,0.954056859
9719,0.084203541,1.050126910
9720,2.412053823,-0.985669017
9721,0.190299526,-0.159132093
9722,-0.217368856,0.991802812
9723,-0.114391349,-0.031115800
9724,0.648082614,-0.809548616
9725,-0.275909722,0.071108580
9726,1.913798451,0.187665313
9727,0.923194826,-0.545359075
9728,0.054713432,-0.149625137
9729,-0.445658207,-0.312270492
9730,0.109905891,-0.410023928
9731,1.011934876,1.515053034
9732,-2.016978979,2.062374830
9733,-0.118438065,0.421609193
9734,0.295515567,0.744516253
9735,1.259678483,-1.160834551
9736,-2.167374372,-1.031396747
9737,-2.540620804,-0.829099476
9738,0.811048925,-0.533834398
9739,0.883993387,0.943917990
9740,0.107113004,-1.010842085
9741,-1.086042404,-0.265354306
9742,-0.150621057,-0.648661673
9743,0.187319994,-2.893815994
9744,1.046046853,-0.415850908
9745,-0.643346846,1.191166401
9746,1.649085283,-3.003500223
9747,-0.557347298,1.731092691
9748,0.233742312,0.427913398
9749,-0.192889839,0.168979630
9750,-0.206148833,1.577767372
9751,-0.691952467,-0.985847712
9752,-0.614651024,-2.027448893
9753,2.637042046,-2.550433397
9754,-1.166002631,-1.289711237
9755,-0.189078987,-0.094705239
9756,0.218017459,0.706526816
9757,-0.581018746,-1.038164377
9758,-0.248072386,-0.969438255
9759,-0.812274635,-0.764231682
9760,-1.404835105,0.975732386
9761,2.408282757,-0.558916509
9762,-1.552247047,1.205156565
9763,-1.693616629,-0.017234325
9764,-0.255514026,-1.081768394
9765,-0.119858980,-2.500210047
9766,-2.969588280,0.862590134
9767,-0.647918284,-0.672095716
9768,1.173255801,0.120677277
9769,0.325602353,-1.680021882
9770,1.308629870,-2.102636099
9771,-0.363534719,1.446382999
9772,1.716270208,0.573692381
9773,2.012202501,1.937686801
9774,1.011033297,1.276674747
9775,-0.005520539,1.343622565
9776,-0.122997768,-0.685071290
9777,0.692836106,1.417244792
9778,-1.012408376,-1.550219297
9779,-0.346648932,-0.872801721
9780,-2.058093548,-0.286664128
9781,-0.735401988,-0.705597639
9782,1.138578176,1.583998680
9783,0.507819772,-0.262743115
9784,2.018536091,0.535572112
9785,-0.473954082,0.571267366
9786,0.210157335,0.526098073
9787,0.971077502,0.417561889
9788,0.663172543,-0.105239861
9789,0.002415448,-0.260160983
9790,0.325174212,-0.613988817
9791,0.302079618,-0.291055739
9792,-0.189974785,-0.634778023
9793,1.284870625,-0.735544562
9794,0.833644509,2.209057570
9795,0.162522852,-1.676971912
9796,-0.662818670,-1.892923474
9797,-0.833598018,0.033231363
9798,-0.364940614,0.769633174
9799,1.298599839,-2.093472004
9800,-0.960190117,1.185464382
9801,1.155206442,-0.977778912
9802,-0.961330533,0.704244852
9803,0.418866217,-0.199099317
9804,-0.317751408,1.609218121
9805,-1.483089924,-2.191685677
9806,0.393629819,-0.740075767
9807,-0.158309251,0.080937907
9808,-0.970858812,0.268278837
9809,-1.725297689,-0.090709805
9810,0.222186327,1.117975593
9811,-1.483175993,0.536216140
9812,1.472621918,0.102422096
9813,1.800090432,1.366662264
9814,0.211344615,1.061753988
9815,3.506821632,1.622776270
9816,1.195788264,1.641539097
9817,0.620619833,0.153651536
9818,2.022177935,1.020704389
9819,0.110902250,-1.992298365
9820,-1.325424194,0.916603386
9821,-0.306714535,-0.271238625
9822,-1.591230631,0.111549616
9823,-0.919971347,-1.009334445
9824,-0.224567533,-2.102860212
9825,-0.493633270,-3.203188658
9826,3.314828157,-0.229833126
9827,1.210521817,-0.238568813
9828,1.313982725,0.991540611
9829,1.626948833,-0.891637504
9830,0.762634277,-0.167907476
9831,0.163070977,-0.326707244
9832,-0.150707304,-1.633857250
9833,0.334028900,-0.497688591
9834,-0.178270221,-0.597950399
9835,0.297566891,-0.914059401
9836,-0.264962912,-1.718735218
9837,-0.506073117,0.523644507
9838,0.773979187,0.400871217
9839,0.281175017,-0.904215157
9840,-0.172611326,-0.024443001
9841,-0.740855575,-0.582874477
9842,1.488974094,-1.905595660
9843,-1.443892121,2.241801739
9844,-0.815192223,-0.318445355
9845,0.147231385,0.424280226
9846,1.189264417,-1.568698525
9847,0.353026122,0.615282655
9848,-1.207026958,0.089525640
9849,-0.279306889,-1.071538806
9850,2.518302917,1.750349998
9851,0.906968713,-0.393012017
9852,-0.205817923,0.473750472
9853,-0.142833978,-0.877296150
9854,-0.857956231,-0.406050205
9855,0.303470075,-0.832601786
9856,-1.811397791,0.061193109
9857,-0.670208812,-0.054340392
9858,-0.638966858,0.829165936
9859,-0.378727108,-2.640673161
9860,0.182382286,-2.186138391
9861,0.688885689,3.408847809
9862,-0.780341744,-3.244932175
9863,-1.751691580,2.204391241
9864,-0.650242209,-2.085578442
9865,0.270372659,-0.080483429
9866,2.074263334,2.111753941
9867,-1.268934250,1.709925652
9868,0.363139391,0.129077733
9869,0.048626408,-1.237858295
9870,1.427387476,-0.614455104
9871,0.746026158,0.219493151
9872,-0.167456076,-0.033386916
9873,-0.012517035,-0.472736776
9874,1.899704456,0.177516967
9875,1.686984539,0.204274118
9876,0.256024957,0.086182132
9877,0.848879158,0.434908330
9878,0.774099469,-0.051158607
9879,-0.174566895,-0.199971765
9880,-0.567528844,2.465141058
9881,-1.793935657,1.822781086
9882,0.462023318,-0.438739061
9883,0.516073465,-1.142699718
9884,0.661097825,-0.126327872
9885,-3.517751694,-2.549412251
9886,0.351192176,0.457118988
9887,-0.610784411,0.550074697
9888,-0.961665750,1.193720460
9889,-0.728069544,0.379240930
9890,-0.933330894,-1.157700777
9891,1.454451561,2.324730158
9892,0.851213872,2.256774902
9893,-0.127741501,0.667267323
9894,-1.146041870,2.475322485
9895,0.732417166,0.665566802
9896,1.461324453,-0.816431284
9897,-1.218179941,-0.487412125
9898,-0.751273632,0.149788141
9899,0.132151559,0.276664943
9900,0.505874038,-1.603280783
9901,0.915150762,0.518414736
9902,-0.368687212,0.460935563
9903,-0.038087070,1.412268758
9904,1.225388050,-0.634227276
9905,-1.478212595,-2.142360210
9906,-0.650563717,0.461190164
9907,-1.597900867,-0.847079515
9908,-1.769614100,-3.181117296
9909,0.220150620,1.119888783
9910,0.169219255,-1.932176113
9911,0.216448396,0.450964063
9912,0.178604841,-1.525572896
9913,0.022335956,0.361003071
9914,-0.102370337,-1.265018702
9915,0.313135833,0.978849292
9916,1.154611468,-0.037122067
9917,-3.355080605,0.830056965
9918,0.664732039,-1.011926770
9919,0.532364488,-0.604134500
9920,-1.622150660,1.311840773
9921,2.222538233,1.152198553
9922,-0.217612118,-0.100931659
9923,0.077624336,-0.334458470
9924,1.355518818,2.171728611
9925,-0.162337020,-0.146489352
9926,-1.148917079,0.758515537
9927,-0.538786590,-0.459819973
9928,-0.242169619,-1.165603161
9929,-0.252077281,0.085114911
9930,-0.311148912,1.343255877
9931,2.491528749,0.373876512
9932,1.341614723,2.554042578
9933,0.905905962,-0.903992414
9934,1.054675937,-0.606394947
9935,-0.814227998,0.953739285
9936,-0.282490194,-0.437006176
9937,0.541063905,0.136107370
9938,-0.493740082,0.779904425
9939,1.101902008,0.405847371
9940,0.463882893,-0.323557615
9941,-0.292498380,-3.194209576
9942,-0.794563651,-1.169407964
9943,-0.945062876,0.952922523
9944,-1.105632305,2.887874842
9945,-1.049067616,2.500700951
9946,-2.856407166,-1.165034771
9947,1.995692730,2.880156040
9948,-1.908251524,0.619736075
9949,0.204645708,0.325520188
9950,-0.109722316,0.894257247
9951,0.471739829,0.788715601
9952,-0.514266908,-0.559147477
9953,-2.012852669,0.001743555
9954,-0.186551571,0.058130473
9955,1.240983367,2.196839571
9956,-0.172834992,-3.101946354
9957,0.075382628,1.079604387
9958,-1.550886869,-0.152167946
9959,1.640365839,-0.793058038
9960,-0.513813734,-0.523216426
9961,1.519718528,0.553100824
9962,-0.883574367,-0.019074678
9963,0.839713097,-0.559164524
9964,0.704402447,1.054087639
9965,-0.361785948,0.375052392
9966,2.196808577,-0.951557040
9967,-0.776458681,1.607268929
9968,-2.655633926,-1.586076975
9969,-0.998951137,0.403215289
9970,1.022984147,-0.449650228
9971,-0.003379332,0.062998056
9972,-1.400605440,1.522937417
9973,-0.881465614,0.358608246
9974,1.304100990,0.655274987
9975,-1.299762011,-0.585355282
9976,-1.011019468,-1.648580670
9977,-0.929014742,-0.217939064
9978,0.200279534,-0.807745457
9979,-2.507116556,0.039364457
9980,0.666253448,0.050456598
9981,-0.505674481,-0.530847013
9982,-1.734220862,-3.440419436
9983,-0.426653206,-0.550944686
9984,0.740175247,-1.230643034
9985,-0.020840865,1.235467434
9986,0.195922911,-0.175097823
9987,-0.422384679,-0.369816065
9988,-0.401151478,-0.051794685
9989,0.860929012,-1.044931650
9990,-2.358356953,1.831832290
9991,-3.287741184,-0.612397671
9992,1.357527256,-1.211147547
9993,0.010612637,-0.921945512
9994,-0.587306678,-1.009540081
9995,0.090869755,-0.587577760
9996,2.018141270,-0.569456935
9997,1.960143566,0.569507420
9998,0.117651075,-0.195977390
9999,1.132417440,0.682178497
