index,acc_x,acc_y
0,1.288860083,0.213519156
1,0.496600211,-1.267278910
2,-1.273855567,0.596903741
3,1.945391297,0.127885520
4,1.553965926,-1.237331986
5,-0.103580922,0.446514308
6,-0.796725810,2.222295761
7,1.816258550,2.312065363
8,-1.054931283,0.020780489
9,0.515605330,-1.204141498
10,-0.094482958,0.311030358
11,-0.716673613,1.103721023
12,0.752011061,-1.335851669
13,-0.215386733,0.885540724
14,0.226663202,0.644129872
15,0.232786402,0.333390802
16,1.681309700,-0.556462944
17,-1.662523866,-1.713971257
18,-1.244241953,1.061388731
19,-0.130256563,0.186691850
20,-2.781134605,-0.623900473
21,0.344214469,-0.102281794
22,0.523448467,1.244469643
23,-0.739007533,0.074864522
24,0.620642602,0.330534965
25,-0.032062009,-0.520430505
26,0.577685654,0.101604722
27,0.441769779,0.839746177
28,-0.844457924,-0.321464986
29,-0.445327997,0.169491425
30,-0.531010449,0.137728989
31,0.939260244,1.828776836
32,2.105366468,1.146783829
33,-0.166502774,0.699489951
34,-0.036230806,-1.361975908
35,-0.478039056,0.254851520
36,-1.211145282,-0.773742020
37,-2.803665876,0.756446481
38,0.031312145,-0.153826371
39,0.317718834,-0.127816021
40,1.659770966,0.169759586
41,0.340479612,1.606412411
42,-0.693411946,0.561592817
43,-0.064142570,-1.283538103
44,1.155310154,0.376476169
45,-1.833390594,-1.104558468
46,-0.016664358,0.223143488
47,0.310068637,0.481957585
48,2.107210875,-1.704216123
49,-2.308794975,2.084917545
50,1.006408811,-0.470127583
51,-1.586523056,1.061786294
52,2.606640816,0.112799756
53,-0.720471501,-0.297875762
54,0.687303722,-0.895813882
55,0.147555694,-0.193019092
56,-0.384386748,1.591405749
57,-1.134124637,-0.548035383
58,-0.131788835,1.772971034
59,1.822496414,0.129328579
60,1.400517464,0.050327834
61,1.447700381,0.866541922
62,0.801458776,-0.217403263
63,2.168910980,-0.908292234
64,-1.536268115,0.540260732
65,-0.329723597,-0.479939610
66,0.436348408,0.166827992
67,-0.288345158,-0.228726268
68,0.780105114,-0.062549241
69,0.256218165,0.600786805
70,1.881047010,-1.301838517
71,-0.750825822,1.044313550
72,-0.977038801,1.739812136
73,0.223846570,0.664072454
74,-0.368753970,-2.612673283
75,1.998669505,-1.939484239
76,-1.046966553,-0.950145364
77,-4.389401436,0.214045227
78,1.051949501,0.369054407
79,-1.784944773,-2.093758583
80,-1.272741318,-1.679896474
81,-0.762515247,-0.157328919
82,-0.480340302,-0.782775462
83,0.403984278,-0.052562624
84,0.157901332,-0.054399051
85,-1.405538559,-1.058161974
86,-1.242888093,1.604928017
87,2.694109917,-2.622391939
88,0.964900732,-2.290258884
89,-3.554652929,-2.406886578
90,0.542420208,-0.536395967
91,-1.480207443,-2.513604164
92,-0.540146112,0.744113207
93,-0.105872840,0.664181948
94,-1.527193546,1.596242905
95,2.720549822,-1.470170617
96,-0.306391090,0.230210274
97,0.953502536,0.988579750
98,1.118117094,0.567732573
99,0.252051234,0.107263289
100,-1.242669821,4.119935513
101,-1.077255368,-0.324478775
102,-1.517861128,0.402300358
103,-0.816577435,2.576011181
104,0.340869278,-0.061879739
105,-0.033960097,0.070495158
106,0.326809108,0.235977754
107,-0.267415822,0.708047032
108,0.376578569,1.369656563
109,-0.744743705,-0.332710266
110,1.756891489,-0.084410325
111,1.494318247,1.929391265
112,-1.649989724,0.478058159
113,2.241083860,1.999010682
114,1.757676601,-1.736076236
115,-0.702410042,-0.477729797
116,-0.110634364,1.881887078
117,-1.470403910,-1.001927137
118,-0.250772536,0.217693284
119,1.244045615,-0.463157892
120,-0.111396492,0.513815761
121,1.552602887,2.433957100
122,-1.255678177,1.672616363
123,-1.909011126,-1.607256293
124,0.602715969,-1.027670503
125,1.336778045,1.717394710
126,-3.619450092,0.622221172
127,-0.216463923,-1.874818921
128,-2.704580545,-1.479322433
129,0.132192492,-1.195893168
130,-0.405526400,-1.448284149
131,0.105352677,1.754467726
132,1.258632302,0.204021037
133,0.527246296,0.242110163
134,0.353138566,0.256089717
135,-0.312235624,0.046659011
136,-0.645285487,-0.300188541
137,-1.844785333,1.528640032
138,-0.316785216,0.198345959
139,1.095241785,0.377913803
140,-1.262372375,0.905791342
141,-0.872010529,0.239314377
142,-0.164842516,-0.115173444
143,-1.452517986,0.264853358
144,3.563928843,-2.608591557
145,0.104817137,0.434419841
146,-0.677617908,-0.209939092
147,-1.083782315,-1.206947327
148,-1.201246977,-0.272193342
149,0.935848534,-1.399680376
150,-0.102862716,-0.739691198
151,-0.138838008,-0.679400444
152,0.170599014,0.737416208
153,-0.208597705,1.403053045
154,1.029961705,-0.921292186
155,-0.785909295,1.087189317
156,-1.177086353,-0.043008819
157,-0.745344281,-0.460676730
158,1.643559933,-1.318916082
159,-0.575021803,-1.179871082
160,-0.046709392,-1.256780744
161,-0.331765950,-0.297810525
162,1.824394584,-0.293317795
163,-0.081315987,1.371691823
164,-0.281930774,-1.592991114
165,-0.514983833,-0.087595187
166,2.292625427,-1.200181484
167,0.795360208,1.084438324
168,-1.972162247,1.879190922
169,2.654983759,-0.916966200
170,0.829659879,0.756821454
171,-0.869149745,1.005603313
172,-0.849087536,1.034032822
173,0.686864436,0.753528297
174,-0.837600470,-2.139652491
175,-0.992112458,-1.270453095
176,1.769316912,0.158582926
177,-0.503533006,0.598389089
178,-0.398609310,-0.727221310
179,-2.066782951,-1.605324984
180,2.059599876,0.450587451
181,-1.184897542,-0.835095286
182,-0.331684113,-0.682529211
183,1.187373519,1.235934973
184,1.301520824,0.257094949
185,1.908827424,-0.614079654
186,0.242913529,-0.466730267
187,1.969316721,1.458500504
188,0.661970496,-0.024183987
189,1.217330098,-0.493186504
190,0.761851370,0.102003358
191,-0.892086804,0.487972051
192,-0.884165585,-0.422298759
193,0.016219195,-1.545722008
194,1.360078931,1.460704803
195,2.313511848,-1.411135077
196,0.696514845,-0.300898969
197,-0.578135788,-0.369081229
198,0.504617691,-0.668750882
199,-2.491641521,-0.723151922
200,1.772764325,-0.035330791
201,-0.476595968,0.250774652
202,0.364630193,0.287325174
203,0.309054613,-0.976267159
204,0.142204687,-1.445224762
205,0.624479711,-0.278968155
206,1.064653754,-0.001278652
207,-2.187686920,-1.364014745
208,0.283783227,-0.537829041
209,-1.242850304,-1.513307810
210,-0.511554956,0.742570937
211,0.363805145,-1.027942419
212,-0.253287882,-0.662274837
213,-0.638275266,-0.246742517
214,-0.945111036,0.166850701
215,0.662975729,-0.921656072
216,-2.061204910,-0.131780103
217,1.971949935,-3.800739527
218,-0.251734287,0.078977488
219,-2.407497168,-0.724619389
220,2.006406546,-1.002731562
221,-0.205738395,0.331826717
222,1.623925090,-0.181144878
223,2.673008680,0.489343137
224,-3.936656237,-2.707247972
225,-1.532313347,-1.157597542
226,2.894901276,-0.332468718
227,1.688934326,0.782722175
228,0.192369580,1.200472236
229,-0.861249328,0.963160753
230,-0.119806491,2.153882027
231,0.011289907,-1.844695926
232,2.268496990,1.674056768
233,-3.093109846,0.376909465
234,1.812092662,-2.024692774
235,1.207921982,2.521372318
236,0.855719745,0.998470187
237,-0.535140634,-3.592975378
238,0.794010282,0.371694535
239,1.023404121,0.041711401
240,-0.768551111,1.369404554
241,-1.479769945,0.145600483
242,0.296969146,-0.580464125
243,-0.548838615,1.387859583
244,-1.196419954,0.729261875
245,-1.402782798,-0.527813077
246,0.065577023,-0.253849685
247,-0.439707339,0.018590381
248,-0.722023487,0.612338305
249,1.158314586,0.994201124
250,0.564533710,1.763918757
251,1.156540513,-0.302095383
252,-1.782093406,0.588343918
253,1.440003276,-1.800389171
254,0.134095803,-0.392122954
255,-1.189999580,-1.260431767
256,3.145354986,-0.334311664
257,0.000210719,-0.101969466
258,-0.547470510,-0.112132594
259,-0.041126568,0.248588637
260,-2.010872841,2.930246115
261,0.093332402,-0.139097586
262,-0.113562070,-0.365179390
263,0.869142711,2.194285870
264,1.264343381,0.861062825
265,1.208389640,-0.836659968
266,0.222476557,-0.276009709
267,-0.103530325,0.190751880
268,0.118870482,-0.180637971
269,0.519204736,-2.196219206
270,0.349733919,0.202428520
271,-0.048289452,-0.686881721
272,-0.220272943,-1.755123019
273,2.090488672,2.468194723
274,0.046285216,0.275273532
275,0.201275527,-0.365858823
276,1.243394613,0.547278762
277,-0.623775303,-1.309499860
278,-4.534904003,-0.217721596
279,-0.558753908,0.145891473
280,0.013460345,0.271332741
281,-1.866994739,0.983888507
282,0.744899809,-0.325768799
283,-0.659230888,-0.800526083
284,-0.194525138,-0.045128863
285,0.514321327,0.635177374
286,0.520165384,-1.806689620
287,-0.355304062,0.877020538
288,0.330716521,0.583452404
289,0.094796784,-0.577899456
290,2.209186316,-1.924988151
291,-0.045040801,-0.245103344
292,-2.143815041,0.687628090
293,-1.002026320,0.234215900
294,0.674202621,1.545186400
295,0.027045216,-0.310363114
296,0.557108700,0.006706417
297,0.335812837,-0.126180351
298,-0.518697202,0.103195779
299,-0.545085967,1.278864026
300,-1.506476283,-2.848766327
301,0.802345991,0.284392118
302,0.040274609,0.176658645
303,1.190396428,-0.449344695
304,-0.236350849,-0.631681800
305,0.151221350,1.272922516
306,0.153274432,0.101424940
307,-0.640117705,1.141044974
308,-0.829089046,-0.950586855
309,0.095461152,-1.081631422
310,1.376193285,0.983524799
311,0.021163348,-2.998194218
312,0.829027712,-3.554768085
313,-0.098622210,-0.154862329
314,1.535229445,-1.625996947
315,0.101718359,1.566353798
316,-0.149761006,-0.309023619
317,-0.671191335,0.436429590
318,0.112801202,-0.004543380
319,2.247831106,1.128725052
320,0.301458806,-0.776714027
321,-0.010964498,-0.207179859
322,1.355455279,-0.251544774
323,-0.019957328,-0.970555246
324,1.818209887,-1.145795226
325,0.249262959,0.154259995
326,0.912673593,0.432114929
327,0.338003397,-0.590429485
328,0.733021200,-0.161482677
329,-1.534102440,-1.835056663
330,-1.530014634,-1.073924065
331,0.756910026,0.221077770
332,1.339632869,-3.146518469
333,-1.668289185,1.693579555
334,-2.954948664,4.199180603
335,1.896874905,-2.419677734
336,-1.334224582,0.216311067
337,1.399358392,-0.097465366
338,1.235799670,0.859173179
339,-0.872950912,-2.152870893
340,0.228152007,-0.365520060
341,-0.024353208,-1.321246386
342,0.991704643,2.051860571
343,-0.084433556,-1.314038515
344,0.238747627,-0.589575052
345,1.011252642,-0.287003726
346,-1.152837038,1.615823627
347,2.078557730,-0.025590023
348,-0.112836145,-0.037554305
349,0.601520836,2.088649750
350,0.012531573,-1.881540656
351,-0.874384701,-1.551233768
352,-1.545952678,-0.129869282
353,0.599658370,1.038277864
354,1.098812461,-0.300936282
355,1.981217742,1.254173636
356,0.560448527,2.652489901
357,-0.103177033,0.735245347
358,-0.279073000,-0.958446503
359,0.712825119,1.403727293
360,-0.110405982,0.517588735
361,0.669410586,-0.586436212
362,-0.858778238,-1.118881226
363,0.156650662,0.881192148
364,1.029675961,0.210446253
365,-0.822948217,-0.377614647
366,1.209557176,-2.673432112
367,-2.173734426,0.891928017
368,0.711800814,-1.055072904
369,1.873557687,-1.607784271
370,-0.658054650,0.512483001
371,0.225572258,0.114069715
372,0.576893270,0.136036634
373,-0.184967801,0.368914455
374,-0.316914916,-0.136470839
375,1.715271115,-0.360352129
376,0.665314615,2.115922689
377,0.635812283,-0.050323039
378,0.316287935,0.267091185
379,0.103412971,0.191703483
380,0.855426252,1.351817250
381,-1.385845900,0.968372107
382,-0.095184572,-0.267210543
383,-0.131797910,-2.382172585
384,1.032923341,-0.180713356
385,0.631231904,-0.665653884
386,0.695432723,1.468029737
387,-0.771162868,-0.746982098
388,-0.367320716,-3.130793571
389,-0.270751297,-0.567483842
390,3.292434216,-2.177128553
391,-0.613121748,-0.521700978
392,2.903379679,-0.282839924
393,0.977014184,-2.464182854
394,0.916339755,0.164574683
395,3.814107656,1.038276672
396,-0.113053061,-3.024712563
397,0.021354634,-1.558879256
398,-0.118996061,-0.342310280
399,-1.328289628,-0.298146635
400,-0.709091902,-0.771209061
401,-0.715003729,-0.592736602
402,1.552822948,-0.642946482
403,0.090559989,-0.134207994
404,1.779839396,2.415414095
405,0.393948495,0.611167133
406,0.375608325,1.119983435
407,2.303102732,0.955084264
408,1.086492181,-0.880543649
409,-0.128869206,-2.160728216
410,-0.501639783,-0.654618442
411,0.043960724,0.849807620
412,1.234325528,-0.596592486
413,-0.634981155,1.841931224
414,-0.242322430,0.878137290
415,3.463746786,-0.679979086
416,-0.108807541,-0.632057846
417,0.523803771,0.218047678
418,1.088588238,-0.498785436
419,0.307309449,3.262072802
420,-0.587489605,3.305747271
421,0.103335179,-0.166920736
422,0.140379205,-0.073487923
423,0.393235058,0.061303847
424,-1.258477926,-0.801264048
425,-1.468622088,4.473066330
426,-1.299450874,1.082049608
427,0.013732779,-0.454950303
428,0.602809072,-0.319287151
429,-1.132737398,-0.781236351
430,0.217986152,0.295246422
431,-0.614042938,0.266859084
432,-0.236472860,-0.195352837
433,-1.495017409,-0.809179485
434,0.186078563,-0.183359459
435,-2.816981077,0.461842149
436,-1.483850718,0.480533451
437,1.022150040,1.476398230
438,1.754078507,-1.525503874
439,-1.696598053,-0.233875647
440,1.198188186,-0.205596566
441,-0.058456577,0.893678367
442,0.064892069,1.888661027
443,-1.047018051,0.258656263
444,0.634177923,0.208701536
445,3.225295305,0.488058537
446,-0.871650815,-0.365361363
447,1.884424806,-0.597618341
448,-1.597082376,-1.896595836
449,-0.386408269,-0.338028073
450,0.875644088,3.013398647
451,-2.094882250,0.319734126
452,-1.775019288,0.261989236
453,0.585316658,1.501690269
454,-0.828717768,0.142523274
455,-1.444249153,0.420654088
456,0.748703301,-0.339985073
457,-0.359705418,-0.327585816
458,0.640771449,0.011268867
459,-0.422330976,1.110940218
460,-0.939815998,-0.518418729
461,0.242456615,-0.309152663
462,-1.020930767,-1.306839228
463,-0.441342056,-1.793470740
464,0.332336843,0.618539155
465,1.151202202,1.096008062
466,2.342227221,2.136273861
467,0.370431602,0.994903803
468,2.512331247,-4.437545300
469,0.045194071,0.557907045
470,-0.267029136,-1.748002052
471,0.135637492,0.112303756
472,1.584003687,-0.844374597
473,0.239200324,0.387273788
474,0.239210859,-0.521883368
475,-0.059554007,-0.250516683
476,0.011822428,-2.073853016
477,3.225172281,0.616776764
478,0.699798286,0.133162767
479,-0.940223515,-0.643550456
480,-2.298378229,0.095729686
481,0.621870100,-0.421708792
482,0.943788290,-0.593102813
483,1.085519791,2.851039410
484,-0.048817072,-1.420221210
485,-1.019785523,-0.067467198
486,-0.085497558,3.234715462
487,1.245490909,0.406847119
488,0.593991101,1.371004462
489,-0.234950885,0.068289198
490,1.357644200,-0.606832981
491,-1.950940132,0.881117165
492,0.289292812,0.024279429
493,-0.096143581,0.248369336
494,-0.028328177,-0.447639823
495,-0.993525028,1.734529138
496,1.791892409,0.562352419
497,0.142055452,-0.262821704
498,-0.459132850,1.769525409
499,-0.181615666,0.086416773
500,-0.710565269,-2.664753199
501,-0.650804400,0.121013395
502,0.475820333,-1.400210261
503,-0.733278513,0.778018951
504,-1.252684832,0.285985678
505,-0.732483208,-1.955574632
506,0.369104594,1.781459808
507,0.335733056,-0.900956810
508,0.276215732,0.178559363
509,-0.804322004,1.999382138
510,-1.351411939,-0.740754962
511,0.510251403,1.551810026
512,0.194414869,0.345650375
513,-0.195362523,-0.489532053
514,0.086949639,-2.299335718
515,0.084153555,0.437513053
516,2.559238195,-0.622447670
517,0.084177360,0.148417503
518,-0.357480079,2.985664606
519,-0.749570549,0.734545410
520,0.753798544,-1.625797033
521,-0.754491448,0.331830949
522,-0.208097890,1.418943048
523,1.248621106,0.263013899
524,2.650612116,-0.245616347
525,-1.015963316,-0.898438454
526,-0.310172290,-0.888847113
527,-1.250768661,-0.412055999
528,-0.719252527,-1.141551375
529,3.324045658,0.623035014
530,0.280520529,-0.599990785
531,0.126103878,-0.144634053
532,2.311187029,-0.694747865
533,0.481418669,-1.045540094
534,2.429765224,-0.896379650
535,0.867418706,-0.509521663
536,-0.201068193,2.437043905
537,2.192218065,-1.265455842
538,1.467024088,0.758088827
539,-0.284523487,0.547697425
540,0.266376108,-1.464506865
541,-0.967016220,1.243186355
542,-0.412207037,0.049039740
543,3.479871273,0.915190935
544,0.756203234,0.368763864
545,-0.406602651,-0.233071223
546,-1.399713397,0.257956862
547,0.448654741,0.166288123
548,0.711164594,-1.155079365
549,-0.531926453,-0.277566999
550,-1.419308901,-0.947004139
551,0.329324931,1.610696197
552,0.460432172,-1.942403197
553,-0.337926567,-0.009762210
554,0.942557037,-2.046698093
555,1.609062195,-0.183186904
556,1.083216786,0.440920681
557,-0.362191111,2.427174330
558,0.067090333,-0.197835848
559,-1.354936600,-1.872643113
560,0.042169075,-0.154103070
561,0.045443773,-0.256004244
562,1.541833162,-0.451646537
563,-0.139277503,0.174510404
564,1.008237243,0.633419752
565,1.255792737,-1.320693970
566,2.006052256,-1.023846626
567,-3.021158457,0.949313879
568,0.188218564,2.533903360
569,-0.326970667,-0.065561377
570,-1.966531157,-0.819121242
571,-2.076995850,1.223294377
572,-2.000406742,-0.383455366
573,1.623918653,0.596096098
574,-1.338035822,0.002526841
575,0.873562276,0.457595438
576,-0.231165126,-0.832418740
577,-0.644915104,0.445254862
578,0.091706641,-0.648404896
579,-0.096317559,-1.672265887
580,-0.912497878,4.144608021
581,0.093622088,-3.085724831
582,1.715148330,2.046017170
583,-0.131535232,0.892260194
584,-0.432747334,0.111464947
585,0.663545966,1.560135603
586,0.313179433,1.474136472
587,1.263554454,-0.621057510
588,-0.453864992,1.274607658
589,-0.765628159,-1.452864766
590,2.302933693,2.044868946
591,0.013945701,-0.324483454
592,-0.539077580,0.588773012
593,0.225491002,-0.011806441
594,-1.734987140,0.364988774
595,2.932158470,-1.513681412
596,-3.647984505,1.087226391
597,1.103854299,1.847152829
598,0.373310626,-1.444456339
599,-2.396001577,0.409373999
600,0.921777070,0.341196090
601,-0.693233430,-0.586018801
602,-1.286308885,-1.684769392
603,-0.459944248,-0.106613196
604,1.285981774,-0.711965501
605,-2.201809645,2.269387484
606,-0.707946122,-3.527873039
607,-0.366180360,0.176521629
608,-0.105381407,-1.069706559
609,-0.980494380,-0.476172507
610,0.107046217,-1.215429306
611,1.477624655,1.642826796
612,-2.070394039,0.735574603
613,2.956313610,0.390166283
614,-1.201005220,0.869100094
615,0.425805598,0.925697982
616,-2.483952522,1.495584011
617,0.826571643,0.546877205
618,1.169709325,0.152615294
619,0.923834264,0.386982948
620,-0.375758350,1.762505174
621,1.430958629,0.283022821
622,-0.559905231,-0.341791600
623,4.363079071,1.974465728
624,-2.348492146,0.098322578
625,-0.882675529,0.516625047
626,-1.573621988,2.139183521
627,1.887309790,1.507875919
628,0.977151871,-0.547778189
629,0.980189204,-0.012639684
630,-0.131915003,-0.120564610
631,-1.140099764,1.006437540
632,-0.617910445,0.520301580
633,-2.590159655,-0.770848870
634,1.096949339,-0.410295248
635,0.619532347,1.113273859
636,0.442868233,-1.129576921
637,0.131004483,0.002072014
638,-1.214084864,1.031706095
639,0.067235619,0.148166150
640,0.300614089,-4.312697411
641,0.699517846,-2.162988424
642,-2.449732780,1.007224202
643,1.210821867,1.068476081
644,0.409578651,-0.011310565
645,0.693368673,0.354757041
646,0.983928382,1.080915809
647,-1.039896131,3.329035282
648,0.884630620,-2.535014868
649,0.616118431,0.561148405
650,0.957117200,1.588825941
651,-0.022085663,-1.829564571
652,0.030949632,-0.315729380
653,-0.789192736,-0.538406610
654,0.059617441,1.949140906
655,-0.534277797,0.382537037
656,1.266265988,1.175097466
657,0.167560995,0.567520440
658,-1.108697653,0.179226562
659,0.352663130,-0.738518119
660,-1.627950072,2.618727446
661,0.435171187,3.750361919
662,-0.190250248,0.092023410
663,0.971953630,-0.346228391
664,-0.944575310,-0.822026193
665,0.647252619,0.194986865
666,-0.145708174,-0.203082174
667,-0.363673449,0.164481103
668,0.038235523,0.947772384
669,0.175755054,0.116207168
670,0.090066642,-0.157415748
671,-0.672300994,-0.177771136
672,-0.918154240,1.614077687
673,-0.806203544,1.150580764
674,-0.423340946,-2.328219414
675,-0.123365492,-0.195362166
676,-0.858975649,0.535610735
677,-1.653849602,-2.102963209
678,-1.111103415,-1.107222557
679,-1.649970293,-1.197319508
680,0.999715388,1.625571728
681,0.344616413,-3.226233959
682,0.229183093,0.338955820
683,1.082389355,0.475079536
684,-0.186727941,-0.547459066
685,0.297944695,2.275284767
686,-1.818600535,-0.844192803
687,1.414745927,-0.370557398
688,1.241938949,0.335311890
689,-0.089017980,0.366857380
690,-0.208623603,0.477111757
691,0.477375865,-0.588965833
692,0.427401334,2.126199245
693,-0.325265586,-1.157132745
694,-1.788636327,-1.892670631
695,-0.381997079,0.853113890
696,2.486735344,2.133311033
697,-1.681962609,0.402071238
698,0.439317137,1.080730915
699,-0.479193866,0.283300012
700,0.162943766,0.461379558
701,-0.579070687,-1.162974000
702,-2.897076130,0.579435289
703,-0.579722703,2.551917553
704,-0.696428239,-0.530854583
705,-1.739708543,1.004125118
706,-0.378414899,1.412759185
707,-2.969510317,0.427759498
708,0.400349170,1.522337198
709,1.579582095,0.969169438
710,-0.459283829,3.116969347
711,0.116526969,0.573135793
712,-0.178011149,-0.184301108
713,2.186571121,-0.197707012
714,1.207670927,-1.231554151
715,-2.547030926,0.777050734
716,0.063846111,1.712045074
717,-0.038264371,-0.549531460
718,0.863107920,-0.081728853
719,-0.418787479,-1.340444565
720,0.683620155,-0.861833036
721,0.660300791,-0.286929697
722,-0.890320480,-1.423294902
723,-0.258769393,-1.136560917
724,-0.303176761,-0.045177579
725,-1.384069324,0.353917748
726,-0.528487742,-0.905560970
727,0.216282487,-0.370586723
728,-1.709706306,-3.608405113
729,2.230242014,2.334647417
730,1.764161229,-3.285946846
731,0.100252375,0.333827972
732,-1.080899119,1.327520490
733,-0.158810601,0.135268524
734,-1.545267940,0.314926267
735,1.070262671,3.136942625
736,1.261669278,0.077420875
737,-1.365768075,0.961813509
738,1.317383885,0.695893109
739,1.102672100,0.142215207
740,-0.145122796,0.465234250
741,-2.479513645,0.758967519
742,-0.799023569,-0.275500625
743,1.015815854,-0.063956462
744,-0.382742494,0.414653450
745,2.714749098,0.154472202
746,0.456497163,-1.098551989
747,0.155974671,0.426835299
748,0.106402650,0.351980537
749,0.917023063,-1.001467347
750,0.847676158,0.801271915
751,2.224608421,0.682602167
752,-2.240385532,-1.761489987
753,0.168157831,0.192364588
754,-0.643778980,0.363399088
755,1.742555618,-0.715792775
756,1.338399291,-0.390192986
757,0.373205304,-0.358962119
758,1.838288188,-1.894152522
759,0.919051766,-0.853487611
760,0.263481796,-0.104220524
761,1.344017863,-0.532761633
762,0.758228958,-1.121371031
763,0.780441523,0.595403910
764,-1.897442102,0.326195002
765,-1.110651612,-0.031796355
766,2.479700565,2.493545055
767,-0.391753763,0.443043619
768,0.086195402,0.338294268
769,-1.762143493,-0.249721810
770,0.839892209,0.440736890
771,0.361159444,0.965885401
772,2.718361616,-0.106204331
773,0.346329600,-1.694359183
774,-0.090136074,-0.312718332
775,1.757238269,0.986982346
776,-0.067672499,-0.487958282
777,-0.809106171,-1.020628333
778,-1.390381098,0.295697898
779,-0.077869393,0.640526652
780,-0.435663223,-0.536574244
781,-0.139446139,0.163126707
782,-0.046855606,-0.493537337
783,-1.593151093,0.851108611
784,-0.546390057,0.666149557
785,0.825043380,-0.586279929
786,-0.198162451,0.800185382
787,-1.697061896,-0.669287562
788,0.929928124,0.574471831
789,-0.488733858,1.978381395
790,2.650952339,1.164707899
791,-0.531823158,-0.643979609
792,1.768636823,-0.447376907
793,-1.017242908,2.183841467
794,0.236062437,-0.394595087
795,0.558183670,0.875466168
796,0.626361907,-0.122819014
797,-1.264494300,-0.744400144
798,-0.437198222,0.546135664
799,-0.687756717,0.773558915
800,-0.904939950,-0.037910931
801,-0.137422532,0.236936480
802,0.246868029,-1.007026196
803,0.159678236,-0.030828454
804,0.352009773,-0.989825130
805,-2.022349834,-2.482803822
806,2.802853346,-1.078778505
807,-0.294760197,-0.501930237
808,-0.268696159,-2.028494358
809,0.520475328,0.150635928
810,-0.314549327,1.266678691
811,0.784390271,-0.737136066
812,3.356299400,2.723481894
813,-1.213904262,-1.152090073
814,0.185231537,0.074292615
815,-2.750867844,1.751458764
816,0.417006642,-1.509276271
817,2.455904245,0.643406093
818,-0.785466969,0.716201186
819,-2.226261616,-0.059589863
820,0.987996340,-0.225984082
821,0.300855845,0.160698429
822,0.192933962,0.305949003
823,0.500640333,-0.250413060
824,-0.559686184,0.972040415
825,-0.387166739,-0.531742871
826,0.034517881,-0.194878638
827,-0.709386349,-0.984105468
828,-3.007345438,1.186907649
829,0.654319525,-0.558229864
830,0.035495345,0.513902485
831,1.872304559,0.150019020
832,-0.918790579,-0.291342586
833,0.373065710,0.559240341
834,-0.068737134,0.345182627
835,-0.427472711,0.710789323
836,-0.253266633,-0.071896419
837,-0.447740644,-0.686134100
838,-1.224117637,-0.405070364
839,-0.617266834,0.262072325
840,-1.118971229,-0.113175541
841,1.278549194,-0.222913295
842,0.991111040,1.946799874
843,0.358702481,-0.140771553
844,-0.119771726,0.295329243
845,-3.058310032,0.953464329
846,2.007918119,-1.242975712
847,-0.021035567,0.889542580
848,0.139027417,-0.500448287
849,-0.800303876,-0.098245144
850,-0.994084775,-1.506284833
851,-0.219094977,0.061276358
852,0.685527980,2.121621132
853,0.869551301,-1.351142168
854,-0.116951659,-0.114575572
855,0.749138355,2.630657911
856,-0.353676379,0.072006367
857,1.420281649,-1.198810577
858,-0.879836500,3.334432125
859,0.944583893,-0.587809265
860,-0.061143782,-2.403345585
861,-0.789989233,2.255950689
862,2.201595783,0.510376573
863,-0.220951185,-0.692261875
864,-2.069440365,0.120477773
865,-1.220477700,1.988645911
866,0.246088713,-1.484756351
867,1.195294023,1.009044647
868,0.231507123,0.204366744
869,-0.612721562,0.880471885
870,-0.038919840,1.030154228
871,3.019065857,-0.452881187
872,-0.369328707,0.437386692
873,-1.002929807,1.800814390
874,-1.372390270,0.946366310
875,0.678373933,0.322515428
876,1.001210451,-0.841097891
877,0.097270809,0.338167280
878,0.244219109,-1.154165030
879,0.630131960,-1.857638359
880,1.218131542,0.329824448
881,0.052332073,-0.640460670
882,-1.599843621,-0.124126308
883,-0.703077793,1.260202408
884,-0.071883127,0.547488213
885,0.165687144,-1.445360541
886,0.631180048,0.097895525
887,-0.338349849,-1.703638196
888,0.595579565,-0.750641882
889,0.965147078,-1.872328520
890,0.226975769,0.653243423
891,1.218498349,-1.031719446
892,0.871636689,-0.119136788
893,-0.153092638,-0.223822638
894,-0.358327478,-1.266143560
895,-0.203134477,1.627017379
896,0.434289783,-0.794459462
897,2.256023884,1.784082532
898,-2.139303446,-0.544788122
899,0.615703523,-0.153758690
900,-1.549035907,-2.378505468
901,-1.229785562,1.207663178
902,-0.678442717,0.769623399
903,1.903389573,-0.276496232
904,1.439652085,1.210947394
905,-0.238512591,0.008379832
906,-0.822459579,-0.077887617
907,0.118761763,0.356555611
908,-0.801127195,-2.770356178
909,0.230971590,0.680255711
910,0.410000503,0.144705221
911,-0.360240698,-1.688819647
912,0.337432653,0.753246188
913,-0.914496899,0.668286026
914,-0.425688148,1.273821473
915,0.703380048,-0.673839927
916,0.390835375,-1.727514863
917,-0.074458264,-0.217047855
918,0.169621557,0.671485245
919,0.153382048,-0.008318402
920,1.585284829,0.981171370
921,-1.066717386,0.803738832
922,0.369717479,0.740494609
923,-0.486045927,-0.002047521
924,-1.275846362,0.433945894
925,0.169897765,-1.411055684
926,0.761788785,0.671808124
927,-1.358648658,-0.753144741
928,0.275384933,0.101731025
929,-2.307339430,1.677422881
930,-0.282972217,0.538688540
931,0.019788070,1.666484475
932,0.384944141,0.241597936
933,0.423032135,0.080798037
934,-2.112105846,4.004967690
935,0.013844130,0.997070074
936,-0.135778502,-0.746688783
937,-0.741108358,-0.316604584
938,3.549143791,-1.337328434
939,-1.380769968,-0.032928888
940,0.480826050,-0.730025649
941,-0.197023407,-0.169899017
942,0.007428708,0.726780474
943,0.134790137,1.610670805
944,0.217428446,0.153787434
945,-0.350926965,1.360975266
946,0.795839548,0.435988247
947,-1.241275311,-0.733155727
948,1.729744673,-1.218940735
949,0.061227191,0.461011946
950,-0.925123870,1.171184063
951,-0.415210038,-0.955969095
952,0.064015992,1.796473622
953,-1.356334686,-2.794568539
954,-0.294809192,3.082904100
955,0.614795685,-0.705165982
956,0.887316823,-0.312094748
957,-0.826461732,0.767920196
958,1.119244695,0.388220519
959,-0.485968351,-1.720382094
960,-0.927477956,-0.812124312
961,-0.168615699,-1.709994078
962,1.514367461,-1.202881217
963,-1.897600055,-2.191460133
964,-1.057055593,0.153489575
965,0.836955607,2.169946909
966,-2.607129335,0.079450689
967,-0.813505709,0.448591948
968,0.745480299,-0.579978108
969,-0.060413323,0.485672086
970,1.330896258,1.066612601
971,-0.290562719,0.633514822
972,0.455780625,0.560582936
973,-0.874177754,-1.562678456
974,2.578632832,-1.307582021
975,0.213636190,0.891387880
976,-0.265446454,-0.206326842
977,-2.431273699,-1.129230142
978,0.514341772,4.966314793
979,-0.213929698,-0.418837458
980,-1.453841090,-1.202071428
981,-1.236738920,-0.712744892
982,1.121334314,-0.886542141
983,0.325702697,-0.325784594
984,-0.770250857,0.833148241
985,-1.144359350,0.939217925
986,0.581371725,3.815337420
987,2.142652035,-1.233937979
988,0.110037416,1.294269681
989,-0.146379486,-0.120983213
990,0.146651030,0.084821731
991,2.471315145,1.403361201
992,-1.193151593,1.260979056
993,-0.225353196,-0.168709964
994,2.155877590,1.119068742
995,-1.244949341,-0.452152282
996,0.223502487,-0.156889334
997,0.542320848,-0.547619998
998,-1.153116941,0.926180959
999,-0.566025436,-0.247412145
1000,-0.562395155,1.027296543
1001,0.545743048,4.668973923
1002,1.208145380,0.550097406
1003,1.314467549,-0.990870655
1004,-2.975715876,-2.398900509
1005,2.208087444,-1.198312044
1006,0.207098991,-3.299052954
1007,-0.028982330,-0.425205588
1008,-0.455795288,-0.750309527
1009,1.361514926,-0.685232639
1010,0.819638431,0.823323131
1011,0.247652844,1.007749915
1012,1.776712537,-0.601530492
1013,0.090887718,-0.648477376
1014,-0.721207201,0.300072253
1015,0.435533106,-0.581954956
1016,-1.646175981,-0.805972397
1017,-0.759977520,2.081757784
1018,1.834160447,1.689220548
1019,0.855621159,-1.632743955
1020,-2.103963137,1.817944407
1021,2.472345114,2.002371311
1022,0.545744002,-0.839730144
1023,0.737811565,-0.223879442
1024,-0.006185271,-0.705382049
1025,0.341584474,-1.217025638
1026,2.682279348,1.564781547
1027,-0.633293808,-0.396227986
1028,-0.187525913,0.881571174
1029,0.925223708,-2.846155167
1030,-0.249383435,-1.617679000
1031,-1.328096628,1.446019650
1032,2.546813011,0.104823738
1033,1.871056199,-1.226058125
1034,-0.803890288,-1.985579014
1035,1.329535007,0.472372144
1036,2.831069469,-1.734143853
1037,1.494658828,0.880747080
1038,0.075453423,-1.842837930
1039,-0.890611947,-0.309973598
1040,0.160751656,0.114982180
1041,-0.559665442,0.934008300
1042,0.281883836,0.736045718
1043,-0.128813073,0.358233094
1044,-0.332351506,0.429110855
1045,0.730160296,1.962279916
1046,-0.521891296,-0.718699753
1047,0.800289690,0.991893530
1048,-1.882115126,-2.197415829
1049,-0.505191684,-0.389765620
1050,0.475017935,-0.673942566
1051,-1.046566606,-0.403183728
1052,-0.039980132,0.285043716
1053,0.188791245,0.027432073
1054,0.016750602,-1.271337986
1055,-0.639031410,2.301177740
1056,-0.164993495,-0.435588509
1057,-2.312939882,0.172999233
1058,0.466810465,-0.314887643
1059,-0.183223352,0.205754250
1060,-0.304638892,1.209030628
1061,-2.025357485,-0.481417775
1062,0.271439582,0.473663360
1063,-0.054497231,-0.177989334
1064,-0.572379768,0.786780477
1065,0.404418230,1.541687727
1066,-1.382781029,1.873256326
1067,-0.945845187,-0.299830496
1068,0.599045813,0.540365398
1069,-1.201783657,-1.019792318
1070,-0.377639055,-0.066939875
1071,-0.995244682,-0.856642783
1072,0.485141158,-2.591100216
1073,0.156055301,1.156064510
1074,-0.916228235,-0.799863815
1075,0.861517906,-1.033898473
1076,-1.181389093,-1.077974677
1077,1.070420742,-0.954563856
1078,-0.571935534,0.380731374
1079,-1.275183082,0.416024268
1080,-0.498759240,0.149796873
1081,1.112686634,0.083492309
1082,0.651344478,-0.050310042
1083,-0.018181505,-0.581861079
1084,-1.386872172,0.690681159
1085,0.342672497,1.173317313
1086,-0.404727638,-0.081189372
1087,-0.593583286,0.862455070
1088,-2.000811815,-0.016347123
1089,-0.765109301,-0.766744852
1090,-0.489460737,1.581209302
1091,1.042788148,1.731175303
1092,0.164577380,0.024023060
1093,1.040820956,2.442340851
1094,-0.412520677,-0.849482119
1095,1.666936278,-1.648854375
1096,-0.982762873,0.715417385
1097,-0.638755560,-0.500664771
1098,0.453879774,-0.602687657
1099,2.713109970,-1.656979680
1100,2.957131386,-1.888068676
1101,0.253866881,1.169931412
1102,2.545824051,0.148074016
1103,-1.554878473,-1.473304868
1104,-0.484789282,-0.267395854
1105,0.021146469,1.381722569
1106,0.692643702,-0.612354636
1107,0.098854087,1.195106149
1108,0.037272327,-0.187105939
1109,2.614212990,-1.189963341
1110,0.992502332,1.003127575
1111,-0.011013106,0.729317605
1112,-0.997107983,0.011304750
1113,-0.149221167,-4.304499626
1114,-0.596466780,2.684194803
1115,0.248119086,0.766260207
1116,-0.636399150,0.231894210
1117,0.546034157,-2.178798676
1118,0.911960483,-0.915437460
1119,-0.263872772,0.451410174
1120,0.234377325,-1.077621341
1121,2.654181719,-0.692479849
1122,0.045737166,-1.312510014
1123,-0.159558252,-0.610398829
1124,-0.119531900,-1.059000611
1125,-2.385408640,-1.130893111
1126,-0.081272125,-0.348076016
1127,-0.358137131,-0.351362109
1128,-1.110287786,0.147742301
1129,-1.427729607,0.273879290
1130,0.541507900,0.641810954
1131,-0.965449274,-1.876939535
1132,0.660826445,1.904505134
1133,-0.400217980,2.573824644
1134,0.343886793,0.024756370
1135,2.065842390,-1.154493332
1136,-2.276638746,-0.724747121
1137,0.130416110,1.409588575
1138,-0.702255607,1.066847563
1139,0.475833476,-0.990496039
1140,0.160774305,0.829059660
1141,1.382962584,-0.175578535
1142,0.990850270,0.910800695
1143,-2.098546505,1.505012751
1144,2.176991940,0.705514312
1145,0.341804773,0.280664623
1146,0.937461495,-2.733399630
1147,0.980426550,0.525556982
1148,-1.525721431,-0.614745140
1149,0.121252298,-1.464371204
1150,-0.171005666,-0.622145951
1151,-1.302094102,-3.730706453
1152,-0.773076653,-0.742664516
1153,-0.800646365,2.864862919
1154,2.281607151,-1.298749208
1155,-0.237710163,-0.741996765
1156,-0.458173275,0.311845630
1157,1.899552941,1.435030818
1158,0.718019247,-1.109958649
1159,-0.429702997,0.996419728
1160,1.412173271,-0.536081612
1161,0.329043806,-0.846312106
1162,-0.944779158,0.559397697
1163,-0.139002055,-1.261473060
1164,0.110231727,-0.204304114
1165,0.135841668,0.439736784
1166,0.604248643,0.651585340
1167,0.155264810,-1.949069023
1168,-0.552332759,0.552863121
1169,0.400649846,0.097315624
1170,-1.039180279,1.639979601
1171,0.203587756,-0.769219160
1172,0.632992685,2.085324526
1173,-1.063243270,2.771146774
1174,-1.927663684,0.017238772
1175,-0.528597414,2.097074509
1176,-0.560566008,2.387803793
1177,-0.110192493,-0.574873507
1178,1.727030516,0.015742462
1179,-1.243170500,1.097885966
1180,-0.233045146,0.208572567
1181,0.138963416,1.881390929
1182,2.361509800,0.493839741
1183,0.999213696,-0.642024636
1184,-0.267156661,0.285088897
1185,1.091815591,0.148418814
1186,0.144634381,-0.215860397
1187,-0.282669961,0.953444183
1188,0.590480328,1.297052503
1189,0.421733290,-0.616358936
1190,-0.422730297,0.220037296
1191,-0.456193298,-0.738271832
1192,-0.173643872,-0.055805977
1193,-0.356130630,-0.119274743
1194,-1.872096658,-0.462091774
1195,-0.661269128,-0.369465649
1196,-0.128021032,-0.965266466
1197,1.936881304,-1.325068474
1198,-0.577854276,-0.815724134
1199,-1.834650517,0.012947351
1200,2.107116938,-0.420786917
1201,0.436401874,-0.300580561
1202,-0.081093758,-0.146852925
1203,0.754039347,1.350419760
1204,0.437193543,-1.326956630
1205,-0.056066744,1.209557772
1206,0.188068658,0.050919473
1207,-1.219025493,-1.063064694
1208,0.668483078,-0.913101256
1209,0.988495827,-0.417635560
1210,0.854341984,0.398492962
1211,-3.448503494,1.375917196
1212,-1.453344703,-0.719325185
1213,-0.034748375,0.182273895
1214,-2.656594515,-1.021500945
1215,-1.185142517,-0.707270503
1216,-0.542604268,0.532273352
1217,-0.596507609,-1.846941710
1218,0.398821831,0.043037850
1219,0.120833047,0.089026853
1220,-0.332801789,-0.063174516
1221,1.638648987,2.213686705
1222,-0.152478024,-1.094822168
1223,-0.147573560,0.658639491
1224,-0.496994615,-0.583632648
1225,-3.501319170,1.584228754
1226,1.133974671,-0.961445391
1227,0.057774387,0.688549876
1228,0.588999569,1.118650198
1229,1.507772207,0.497414798
1230,0.078376040,0.027190192
1231,-0.529265463,0.189979792
1232,0.614286184,0.814677596
1233,-1.531574011,-0.165308893
1234,1.228091598,1.016217947
1235,-0.155160204,0.100894786
1236,-0.236862630,-0.177589163
1237,-1.279616356,-0.458772272
1238,-0.477922797,0.394017905
1239,0.005315000,0.151873782
1240,3.177631378,-0.124585398
1241,1.704746008,0.359790623
1242,-0.075552508,0.186948016
1243,1.815791368,-0.368620962
1244,1.687646151,0.207285285
1245,-0.730199516,-0.126369208
1246,3.234411240,-0.010213984
1247,-1.564131737,-0.100554667
1248,0.111057371,0.401219457
1249,-1.325156450,-1.853165746
1250,1.787039042,2.578575134
1251,-1.108951330,1.346382022
1252,-1.582736135,0.575785935
1253,-2.098848820,0.109121919
1254,1.150928378,1.059372663
1255,-3.243220806,0.751698196
1256,0.005173788,0.277712405
1257,0.557656050,0.946509123
1258,0.580665529,0.510001004
1259,-0.173749194,0.427930295
1260,-0.817332864,1.054026842
1261,-1.819807291,-0.803722739
1262,0.023266131,-3.685089588
1263,-1.219365120,4.005409241
1264,0.992079496,-0.747848809
1265,0.494798660,0.424660504
1266,-0.483715147,-0.324856013
1267,-1.367403388,-1.695252657
1268,0.721061051,0.149657935
1269,0.400254518,-2.183252096
1270,1.096778512,1.271014094
1271,-0.140352875,0.689550400
1272,-1.062332988,0.291783631
1273,1.497269034,0.229970738
1274,-0.065535560,-0.295795470
1275,-0.442583323,-3.273262262
1276,0.130293801,-0.219339624
1277,-1.873065948,1.293942094
1278,-0.903403759,-0.234921619
1279,0.252364248,0.173562258
1280,-0.768406510,0.719366729
1281,0.053294931,1.192950010
1282,-0.682259977,0.268334687
1283,1.050520539,1.628547072
1284,-0.040442850,0.492058814
1285,0.143739983,-0.198694974
1286,-0.375784963,-1.011802554
1287,1.577020526,-2.318523407
1288,0.944389522,-1.527745366
1289,1.475502849,-0.005080238
1290,-0.675801277,-0.031954475
1291,0.207483664,0.495235234
1292,-0.990362227,0.379693329
1293,-1.330725551,-0.399464875
1294,-0.510772884,1.128967285
1295,0.365777671,-0.327092677
1296,4.350759506,-1.214197636
1297,0.530619323,-0.112786174
1298,-0.365791231,-1.368173599
1299,-0.334802181,0.233729944
1300,1.581218958,-1.105955720
1301,2.019751072,-1.188162088
1302,0.442937255,0.876725495
1303,0.164296776,0.725176930
1304,0.936270595,-1.783498764
1305,-0.406237572,1.083454132
1306,-1.553335786,-0.387075245
1307,-0.818237484,-0.950918198
1308,1.414317012,-1.668580055
1309,1.049342155,0.978274584
1310,-1.124756455,3.221117020
1311,2.338650465,-1.614316225
1312,0.842313826,-0.581365466
1313,0.510970294,1.656992078
1314,0.396436900,2.032412767
1315,0.908849120,-0.111167893
1316,1.318018317,0.064483993
1317,0.012030381,-0.332537055
1318,1.579452872,1.336670876
1319,1.995869517,-1.814427376
1320,-2.290513039,0.091212913
1321,0.934297681,0.052003626
1322,0.456866622,-0.991573334
1323,-0.631190062,1.126894951
1324,-0.573383272,0.877800882
1325,0.266559064,-0.193220899
1326,-0.138258412,-1.044869304
1327,-0.504061162,-1.099927664
1328,-0.260103703,0.097658493
1329,3.319764376,1.638372064
1330,0.090426207,1.671173096
1331,-0.546559334,0.460044563
1332,1.940448999,-1.873954177
1333,0.326298237,-0.813459694
1334,0.672637582,0.097256690
1335,2.933886528,2.972603559
1336,-0.855309606,0.827296078
1337,-2.223541260,1.433260560
1338,0.325729400,0.039567765
1339,-0.049478613,-0.114245258
1340,0.241610676,0.136273399
1341,-1.641313076,-1.820299268
1342,-0.321615815,-2.118548155
1343,2.215685606,-1.689747810
1344,1.054559469,-0.064597435
1345,-3.002436876,1.030598760
1346,-1.713175654,0.589744568
1347,-0.673717618,1.004521728
1348,2.463858128,1.428979993
1349,1.192324638,0.202574670
1350,0.346769929,1.166318655
1351,1.104966164,-2.192533016
1352,1.309526205,-0.373700440
1353,0.021542767,-0.201332122
1354,-3.158526659,1.830667853
1355,-1.335085630,-0.908408046
1356,-0.930290639,-0.409146845
1357,-0.770539582,-1.077393174
1358,1.363485336,-1.056145191
1359,0.090698436,0.267439455
1360,-0.801216125,0.219832301
1361,1.036829472,-0.010677580
1362,0.214638576,0.441430628
1363,3.029181719,-0.722645938
1364,-0.466338396,-0.717372417
1365,-0.167938724,-0.386999577
1366,0.728419363,-1.126310349
1367,-1.342092514,-0.170030266
1368,0.796784639,-0.389547557
1369,0.664330959,-0.907443345
1370,1.484955430,1.568038583
1371,-1.438339591,-0.546405435
1372,2.423955441,2.410938025
1373,0.350143433,0.059776157
1374,-0.428144395,0.015134605
1375,1.096436501,2.390143871
1376,-0.157598913,-0.137954980
1377,-0.124080129,0.029829413
1378,-0.632631183,-0.880606830
1379,-0.139921561,0.625478446
1380,-1.469546676,0.058613662
1381,0.229347154,-1.468600631
1382,-1.391665101,-0.373424977
1383,-0.260897458,-0.060006000
1384,0.564566970,0.334303737
1385,1.070459962,0.533339679
1386,0.653598249,-0.738380671
1387,0.710711956,1.187220454
1388,-1.227401733,0.322293639
1389,0.037017521,0.653541684
1390,-1.022179127,1.158564210
1391,-0.160258144,-0.095279418
1392,-0.235798851,-2.106905937
1393,1.886955261,0.723202348
1394,-1.050786614,0.714738727
1395,-0.140371457,0.920112014
1396,-0.154543370,0.460150719
1397,0.433781981,-0.358492553
1398,1.062314630,-0.725637794
1399,0.437971532,0.360852897
1400,-0.023221409,0.457349747
1401,0.980156898,-0.596818149
1402,-0.518902302,-0.022499084
1403,-0.792144775,3.374359369
1404,-0.080611765,-0.785860956
1405,0.818810523,0.423161566
1406,1.043415427,-2.702725172
1407,0.095444046,-0.350907803
1408,-0.348298192,1.485514045
1409,1.653912663,1.799166799
1410,-0.935035706,1.965769172
1411,-1.993974209,-0.328731030
1412,-1.961708188,-0.813712537
1413,-1.352287054,-1.376268864
1414,1.731647372,-1.162122130
1415,0.248893201,0.352196902
1416,-3.392958403,0.717693925
1417,0.902851045,-0.027322756
1418,-0.175476566,-0.419629872
1419,0.128607079,-2.791629791
1420,0.083674997,0.786704123
1421,-0.154249862,2.130675793
1422,1.361841202,0.626138151
1423,0.949585319,0.581836164
1424,-0.984598875,2.443033695
1425,3.601583004,-1.831806302
1426,0.412763953,-0.283654392
1427,-0.678740382,0.641485989
1428,-0.126681328,-0.107327335
1429,0.771395266,-2.044430017
1430,-0.834754705,-0.974653065
1431,0.345869809,-0.350758702
1432,-0.524611175,1.331176519
1433,0.640164435,-1.084948897
1434,-0.246571124,-0.914483488
1435,-0.017593805,0.225671962
1436,1.035134315,-0.980074406
1437,-1.997222900,1.909490466
1438,-0.186284095,0.857979715
1439,-0.554920673,0.166886151
1440,-0.844409585,-1.075345755
1441,-0.662746072,-0.706349313
1442,-2.293052435,-0.166707024
1443,-0.401409149,-0.320544749
1444,1.472898960,-0.366549850
1445,-0.804081619,1.183834195
1446,-0.586880088,-0.990478277
1447,0.690707386,0.570291042
1448,-1.512805343,-0.922764301
1449,-1.906161547,0.053487580
1450,-0.398384452,-0.087715566
1451,-3.297406912,0.195898235
1452,-1.718234658,1.271193743
1453,2.821271896,1.644848824
1454,-0.344729483,-2.099838734
1455,1.293923736,-0.001607893
1456,1.143865943,-0.782001257
1457,0.461035520,-0.541922629
1458,0.369011045,0.123141319
1459,-0.720371008,0.461924165
1460,0.600564361,0.837707102
1461,-1.547297478,-0.296832085
1462,2.013740540,0.152480155
1463,1.257884145,2.518811703
1464,-2.776565790,-0.131510943
1465,-0.946211457,-1.584328294
1466,-0.601689339,0.487708986
1467,-0.125070214,-0.278683692
1468,1.486989975,0.007368622
1469,0.386840284,0.144144386
1470,0.674470603,-1.122362733
1471,0.298452079,-0.579975128
1472,1.364435434,-0.886362791
1473,-0.226353914,-0.399620384
1474,0.220994055,0.105802290
1475,-0.382999182,0.820848823
1476,1.744970798,-0.944804132
1477,-0.448207021,-1.312713146
1478,0.886211157,0.830276310
1479,0.584664166,-0.744071245
1480,-0.739602923,-1.635024071
1481,0.207037091,0.308305681
1482,0.279736370,-0.024000240
1483,0.970772743,-0.515815079
1484,-0.452257484,-2.907771111
1485,0.356530786,-1.241138935
1486,1.187426329,-1.695729256
1487,-0.035991207,-0.193785727
1488,-0.260065496,-0.804683566
1489,-0.454584569,-0.592321575
1490,-0.409396857,-0.557365537
1491,0.381726652,-0.136739448
1492,1.077409863,0.536648154
1493,-2.295785904,2.109584093
1494,0.433714658,-1.023607373
1495,-0.339411765,0.587176681
1496,-0.155832991,-0.359858006
1497,-1.907049656,-0.464538604
1498,-0.954491794,0.522125959
1499,-0.072199315,-0.219499618
1500,-0.015894767,-0.813816190
1501,1.555412173,-0.666685700
1502,2.738779068,0.702005923
1503,0.265498966,1.858874202
1504,-0.469864070,2.841214418
1505,0.098877855,1.951074719
1506,-0.196207806,-0.497232020
1507,0.077141143,0.751550317
1508,0.556482255,-0.079009458
1509,0.322127342,-0.296885639
1510,-0.145354047,0.013420730
1511,0.965792239,0.721173525
1512,-0.948053360,-0.534441292
1513,-0.026530227,-0.745724082
1514,-2.092196941,1.355934143
1515,0.362769514,0.762731194
1516,-1.663375139,-1.360328078
1517,0.031995703,0.186137199
1518,0.306294382,0.491414338
1519,-1.510141015,0.520096600
1520,-0.558911920,-1.377473354
1521,-0.788747191,0.158699021
1522,0.159281045,0.277144402
1523,0.443840414,-0.259272665
1524,-0.412532389,1.213501573
1525,0.373422056,-0.523622334
1526,1.205667734,-0.386581510
1527,-0.114591837,1.509889603
1528,-0.466569901,-0.427133858
1529,-1.021792173,0.013950108
1530,-0.906249166,-0.049971513
1531,0.534525633,-2.075168848
1532,-2.928033352,-0.289524555
1533,-1.852484345,-0.387223810
1534,1.064050674,-0.599056721
1535,0.428854406,1.617297411
1536,1.226697087,-2.718665600
1537,0.516160488,1.911684990
1538,2.374861240,2.319091797
1539,1.197769523,3.365833044
1540,-0.764151990,0.749390066
1541,-0.595143914,-0.624407470
1542,-0.528433084,1.558066130
1543,-0.844456673,-0.188898996
1544,-0.442964494,1.554663301
1545,-1.111533761,-0.536496401
1546,0.493336856,0.457320392
1547,-1.000817895,-0.752912223
1548,0.234126911,-0.233246163
1549,0.561074555,-0.319336921
1550,-3.532622576,0.080169618
1551,0.498888016,1.358362675
1552,1.093353987,1.195512414
1553,-0.714937806,0.076734751
1554,-0.189075574,1.313356280
1555,-0.567786217,2.460903168
1556,-2.122061253,-0.943146408
1557,1.527757049,0.428604037
1558,0.829261899,-1.073308587
1559,2.627345800,0.596349001
1560,2.757336140,-0.203665540
1561,-2.375911951,-2.158942461
1562,-0.383738875,1.256476641
1563,-0.110123187,1.432857513
1564,2.122586966,-2.433094740
1565,3.067878723,1.997619033
1566,0.349713683,0.608344972
1567,-0.518582106,0.583370149
1568,-0.515106201,-3.093720436
1569,0.631011724,-0.586634040
1570,0.711810291,2.172972202
1571,1.543586254,-2.952991486
1572,-0.186457574,0.524047077
1573,-0.286440521,0.363102227
1574,-1.658363581,-2.323950291
1575,0.153499618,0.471996695
1576,-0.005130776,-0.922783911
1577,-1.255635619,-0.386393219
1578,-1.515677094,-0.439287513
1579,-0.350911856,0.872480273
1580,-0.027259506,-1.123371243
1581,1.155755877,0.491093397
1582,-0.980855405,0.878930867
1583,1.189128041,-0.843878448
1584,-0.811798453,-2.207421780
1585,0.450113893,-1.569090843
1586,-1.088991284,1.007048965
1587,-0.318949729,-2.145319939
1588,1.578011870,0.160605744
1589,-0.592413068,-0.198748738
1590,0.482962400,1.056533098
1591,0.598254800,0.545513928
1592,-0.084213525,-0.151660234
1593,0.280513376,-0.677099109
1594,-0.413895398,1.101153255
1595,2.486322165,1.306439757
1596,0.706668735,0.995783865
1597,-1.032241702,-0.932089210
1598,-0.071775161,0.849350929
1599,-0.316604495,0.394188732
1600,0.181002587,0.161858380
1601,0.862577796,-0.867206573
1602,-0.802743375,-1.079841971
1603,-0.364285827,-0.531324863
1604,-0.796227813,-0.651533604
1605,0.968644679,-0.106716089
1606,1.299389482,2.375935793
1607,-0.643641353,-0.197298840
1608,0.727067947,-0.485405922
1609,-0.146838814,-0.443338186
1610,0.837545037,-0.047276400
1611,-0.740931153,-1.109065652
1612,-0.490984619,-0.304826021
1613,0.869883060,0.668891311
1614,0.038862251,0.191887230
1615,-0.890629053,-1.796604156
1616,-2.645812511,-0.573562086
1617,1.513277292,-1.390203476
1618,-1.638881326,-0.880492449
1619,-0.699557662,0.697172463
1620,-1.522074461,-0.160864413
1621,-0.222821325,0.333710521
1622,0.920772493,0.285073787
1623,0.143670559,-0.205298394
1624,1.765929222,1.630401015
1625,-0.404302090,0.047011517
1626,-1.605286837,-1.948904514
1627,1.845257282,0.879332840
1628,-2.230262518,-0.628954172
1629,0.113121748,-0.647707283
1630,-1.368311405,-0.495222002
1631,-2.103960037,0.745084345
1632,0.740484476,-0.104858622
1633,-0.177286342,-0.003124196
1634,-1.372828007,-1.140215158
1635,0.438121557,1.572672129
1636,2.130457878,3.321078062
1637,1.395462275,-0.569829941
1638,0.902329862,3.647342443
1639,-1.139530301,0.127584696
1640,-0.284134209,-3.383370876
1641,0.286746383,0.232751563
1642,-0.259480149,0.583494961
1643,-0.239382207,-0.613752007
1644,-0.351995409,0.525268018
1645,-0.440468132,1.223618388
1646,-1.221464515,1.199627399
1647,1.257343173,-0.038712747
1648,-1.054494381,0.540442109
1649,1.569831491,-1.164416552
1650,0.765022755,-0.529683530
1651,0.139891922,0.533498406
1652,0.719486177,-0.840262055
1653,-0.773138404,0.594657898
1654,-0.104183368,-0.637731194
1655,0.200296208,-1.549292326
1656,-0.450752825,0.303561538
1657,-0.310798377,-0.072104611
1658,-0.729436696,-0.910808027
1659,0.533669114,1.086724639
1660,3.662679195,0.337425053
1661,1.064069986,-0.313935488
1662,0.935545981,-0.069536619
1663,-0.070435360,-2.073740244
1664,-0.211111069,-1.342826843
1665,2.128828287,-1.125837803
1666,0.420162439,-0.189786568
1667,-0.007827033,1.910896301
1668,0.448496193,-0.638807476
1669,-0.773767531,1.221511841
1670,0.191427082,-0.260033727
1671,-0.173187494,-0.022251952
1672,2.338870525,-1.260615945
1673,-0.399095595,-0.630548477
1674,-0.166965768,-0.381819129
1675,0.856715918,-0.589450419
1676,-0.276471198,-0.117091917
1677,-1.078850746,1.065252304
1678,0.069005653,0.024504298
1679,-1.169651747,0.448360115
1680,-0.328625202,-0.837612987
1681,-0.348599702,-0.090446405
1682,1.425746441,1.434433222
1683,-0.399748564,0.404523998
1684,0.207457021,0.454461098
1685,1.092499375,2.089127541
1686,-1.699898362,0.849957526
1687,0.054752521,-0.162771553
1688,-0.033231642,-0.619131148
1689,-1.037586927,0.187764660
1690,-3.869509459,1.764564753
1691,-0.756403327,-1.005974770
1692,2.657469511,-1.191276670
1693,-0.626047909,-0.498374879
1694,0.042831194,0.597039282
1695,0.814636767,5.074479580
1696,-1.123664379,-0.839661181
1697,-0.221032798,0.452656329
1698,-2.068927050,0.924742460
1699,0.331539482,-0.175433263
1700,1.021565795,3.089018583
1701,0.418293655,-0.477552563
1702,-0.753234446,-0.920910358
1703,-0.311017185,-0.168565020
1704,0.683779955,-2.573422670
1705,-1.993800521,0.986071348
1706,0.803820074,1.942449927
1707,1.148413301,0.336060226
1708,-0.561394274,-1.592765570
1709,1.735880613,-0.970425427
1710,-0.217664450,-1.499294043
1711,-0.168936715,0.054859966
1712,0.164533615,-1.292241335
1713,0.471603632,0.338476807
1714,3.297126532,-1.131144881
1715,0.188493565,-0.597339809
1716,-0.124226607,-0.160018191
1717,-0.250305772,-1.699863672
1718,-1.296641231,0.432662308
1719,0.644845068,-1.146397710
1720,-0.604805350,1.376753330
1721,-0.941916645,-0.152876705
1722,1.138495445,0.233163878
1723,0.334437490,-0.289715201
1724,-0.630499363,-1.477665424
1725,-0.025710726,-0.564994812
1726,2.062663078,1.307332277
1727,0.350158811,-1.119238019
1728,0.356322855,0.144541964
1729,-0.104210585,-0.112816863
1730,-1.578763723,-1.460457206
1731,0.262306809,0.064896084
1732,-3.132879972,-2.917882681
1733,1.096600294,-2.255539417
1734,2.079396963,-0.222734898
1735,-0.623057544,1.240289330
1736,1.431618333,0.300392509
1737,-0.711021721,1.170061350
1738,-1.062598348,0.951013029
1739,-0.695863545,1.514056444
1740,-0.024423853,1.225844383
1741,-1.380335927,-0.603579879
1742,-1.698145747,1.681326032
1743,-0.369357824,-0.557332456
1744,0.655578792,-0.139757395
1745,2.580528021,-2.858789682
1746,-0.179301620,0.173845246
1747,-1.238150120,2.037412405
1748,0.308889627,0.219083160
1749,0.548022091,0.224986449
1750,0.074599653,-0.420911431
1751,0.587057948,0.100993931
1752,-0.102399021,-0.806159437
1753,0.276374459,-0.775206745
1754,0.090957403,3.307560921
1755,1.076706409,0.451642692
1756,-1.301525593,-1.394570947
1757,-0.512368262,2.606768370
1758,-0.241116196,-0.829975009
1759,0.283599347,-0.541514814
1760,-1.493923903,1.777077317
1761,1.172441840,-0.961520255
1762,0.150989920,-0.190249771
1763,1.156409621,-0.649196565
1764,-2.097610712,-0.493801743
1765,-0.367643356,0.353487611
1766,0.079070151,0.974242687
1767,-1.223159790,0.926451445
1768,3.476901770,-0.370612979
1769,-0.089491636,-0.196816459
1770,-1.389946580,-1.891215920
1771,-2.289132118,2.067469358
1772,1.707993388,0.920360327
1773,0.099564902,-0.127352849
1774,0.606269240,2.233170748
1775,3.608599186,-1.101001978
1776,-0.509905040,0.245380700
1777,0.910253823,-0.896042168
1778,0.785554290,-0.667878389
1779,-0.406808734,-1.071180582
1780,-0.650063157,2.614121437
1781,-0.379907697,-0.411552191
1782,0.160399869,0.376131088
1783,-0.460546017,-1.135073662
1784,-0.738582134,1.040565372
1785,0.805840373,0.639317453
1786,-0.159482256,-3.325646877
1787,1.337385774,-2.197025061
1788,-0.574999213,-1.336088061
1789,1.927250147,-0.697500527
1790,-0.681651711,0.144268110
1791,-0.705836952,-1.229677916
1792,-0.154472902,-0.034759007
1793,0.111358181,-3.292032957
1794,0.862455010,0.661040306
1795,0.627215624,2.098937273
1796,1.513618588,1.072368741
1797,0.848340273,0.290569544
1798,0.812198222,0.673532963
1799,1.136755586,-0.581704378
1800,-0.661183178,0.323191106
1801,-0.218922138,-0.245542482
1802,-0.568611801,0.027633322
1803,-1.132023096,1.661114931
1804,-0.436540216,-0.602798343
1805,0.767459273,0.633835852
1806,0.393950045,1.509017706
1807,-0.307569742,-0.407689959
1808,0.054690253,0.324235588
1809,0.007499597,0.453672439
1810,0.455837458,-0.926876247
1811,-1.180257559,-1.363205791
1812,-0.070656195,-0.199223191
1813,0.040437572,-0.176195875
1814,1.403049827,-0.963677526
1815,-0.142324954,-1.062469482
1816,-2.165764809,1.031409740
1817,1.011209607,-1.755558133
1818,-0.306121528,1.018880963
1819,-0.230421215,-0.368519813
1820,-1.087428212,0.805898666
1821,1.160088778,0.248061508
1822,-0.080964535,0.809243679
1823,1.299265623,1.253065467
1824,-1.188571453,-0.170004442
1825,-0.171343803,0.151927039
1826,1.536756158,1.053162456
1827,-1.848712325,-1.128777623
1828,0.571734607,-1.364122748
1829,0.232903197,0.475114584
1830,2.026867867,0.127976850
1831,0.661176324,1.495313406
1832,1.274510026,-0.939592481
1833,0.375575662,0.516332746
1834,-0.241286620,0.545407593
1835,0.336560547,-0.353207350
1836,-2.158353806,0.772088706
1837,-0.641430140,-1.717945337
1838,-2.189353466,0.460764587
1839,-0.386205047,-0.353409082
1840,-0.195504516,-0.868441105
1841,-0.906339109,0.592236817
1842,-0.800797582,-0.010818504
1843,-0.914680302,-0.296820402
1844,-0.568817675,-1.181011558
1845,0.453208148,2.280278683
1846,-0.244029447,-0.269187510
1847,-1.031044006,0.408823848
1848,-3.327468872,-1.533883572
1849,1.398635268,0.554721773
1850,-0.125332981,-0.305572212
1851,0.444706470,0.511738360
1852,0.082597792,0.482861519
1853,-0.483831644,-0.243724570
1854,-0.753177822,-2.802743673
1855,0.365379602,-0.028671544
1856,-0.913743615,-0.238315985
1857,-1.118889332,-1.796026707
1858,0.243420288,-0.879333854
1859,-2.164640188,2.042582512
1860,0.944725096,0.292406380
1861,0.490186065,-3.173322439
1862,-0.215544567,-1.278817296
1863,1.408160567,-2.522951841
1864,0.257263064,0.548664033
1865,-1.458687544,-0.878500462
1866,-1.420547366,-1.825237513
1867,-0.454780906,0.578944087
1868,-0.281452239,-0.096046008
1869,1.423927426,-1.284079194
1870,1.207252979,-0.416364402
1871,-0.328340113,0.255163938
1872,0.103828393,-1.428966761
1873,0.388128579,-1.510357141
1874,-0.827569485,0.229982227
1875,-0.419982195,3.269669056
1876,-0.295377344,-0.274466902
1877,0.534947276,0.850320697
1878,-1.679301143,0.264177561
1879,0.746260583,0.877488196
1880,-0.246571556,0.105766125
1881,-1.580422401,1.147591829
1882,-0.408218443,-0.367436349
1883,0.117296346,-0.292196095
1884,-1.022535086,0.474745661
1885,0.482163310,0.021974361
1886,-1.103446722,-0.986992002
1887,-0.933896661,0.240498036
1888,-0.333226919,2.087862730
1889,0.208016440,-0.377769649
1890,-2.593370438,1.440812469
1891,-2.480550528,-0.754168391
1892,0.340877384,-1.661568761
1893,0.671664715,0.467645198
1894,-0.677405715,-0.302613616
1895,1.080866098,-0.947740078
1896,0.415811658,0.439568102
1897,-0.436882913,-0.322090983
1898,-0.559027612,-2.425682783
1899,-0.935784519,0.235593408
1900,-2.506306410,1.486056089
1901,2.438595057,0.332659513
1902,-1.102560043,-1.117824674
1903,-0.675480068,-0.102122262
1904,-2.078776360,-1.027630806
1905,-0.137607709,-0.345944643
1906,1.367125869,-1.022068381
1907,-0.502614558,-0.181636229
1908,1.306356192,-0.158308983
1909,0.925468385,-0.654659331
1910,0.150651783,0.770767152
1911,0.086761482,0.121184580
1912,0.455328226,-0.075886756
1913,0.387282312,-0.612999797
1914,-1.732484698,0.259805799
1915,-0.882007122,0.819900393
1916,0.627978981,0.704088330
1917,0.831329465,-0.035406008
1918,-0.161697850,0.995915234
1919,-0.110786229,0.948766172
1920,1.407701015,-1.122604489
1921,0.338809639,-1.854062319
1922,-1.367640257,0.651946247
1923,-0.824086785,-0.115758203
1924,-0.270472437,-0.122819573
1925,0.668959796,0.238457724
1926,2.893632889,0.630101562
1927,-0.223397255,-0.053936057
1928,0.443636984,1.873798966
1929,0.425960153,0.035524562
1930,-1.442864776,-0.554059505
1931,-1.110675097,-1.484762788
1932,2.096191168,1.948510051
1933,0.759928167,0.436686039
1934,-0.088996716,-0.827450633
1935,-1.657745481,2.498934507
1936,-1.220064282,1.430678487
1937,-1.239561677,0.070542328
1938,1.209404826,0.342416167
1939,-0.695550680,-0.493681550
1940,-0.264662564,0.357863218
1941,0.631235063,-0.997846603
1942,-1.573948503,-0.428817719
1943,1.074395418,1.155648708
1944,-1.131346703,0.180938587
1945,1.563807249,0.922729611
1946,0.547984779,0.501665592
1947,0.476868570,-0.244251013
1948,1.368983626,0.874547482
1949,2.524555922,1.205309391
1950,1.570335865,-1.606480598
1951,-0.101626910,-0.156113893
1952,0.253732890,1.425059199
1953,-0.294058114,0.651661336
1954,1.479993224,-1.010710001
1955,-1.830888629,1.479916573
1956,-1.371680617,-0.886237323
1957,0.895236552,1.913749576
1958,-0.422659457,-0.357282609
1959,2.669628143,0.735536695
1960,-0.318263173,0.083578154
1961,0.076889046,-1.658822179
1962,0.148585007,-0.908826470
1963,-0.589423180,-0.047485307
1964,-0.402748346,-0.417351395
1965,0.426616460,1.191370487
1966,0.209553778,-0.217157871
1967,0.976640403,2.148733139
1968,0.397495031,-0.703452229
1969,-1.590221643,-0.401576072
1970,-0.759007752,1.373017550
1971,-0.181459635,0.704934001
1972,0.001882664,-0.542803705
1973,-0.589647591,-0.967223942
1974,-0.723257720,1.053023696
1975,2.746288538,-0.921637833
1976,-0.127114952,-0.158300266
1977,-0.883826375,-0.509283662
1978,0.087338567,-2.362006903
1979,-0.128987297,1.415073872
1980,-0.684458196,-0.815602660
1981,-0.631867707,1.175669789
1982,-0.878879011,1.184993863
1983,-0.657524049,0.435523093
1984,-1.265019417,-0.094539128
1985,0.067461997,-0.523020685
1986,3.171882153,1.051802158
1987,-2.097593069,1.870562911
1988,-0.044595510,0.831897318
1989,-0.069682434,0.317472726
1990,-0.929098785,-0.482137591
1991,0.177604526,0.273347974
1992,0.480639100,0.687966883
1993,0.903696597,-2.504224062
1994,0.035345744,0.080347233
1995,-1.089068055,-0.238261357
1996,0.767730892,0.079970792
1997,0.312808454,0.485759676
1998,0.284625202,0.106716633
1999,-2.567897320,0.992557943
2000,0.662248313,-0.214707330
2001,0.859023809,-0.837948859
2002,-0.920204878,0.416476101
2003,-0.832730293,-1.217921972
2004,0.409566551,0.143618524
2005,0.106227569,-1.423827052
2006,0.121958919,-0.081097469
2007,0.791727304,-0.671556532
2008,-0.847114682,-0.138754606
2009,0.532866597,-0.810546994
2010,-1.843311906,0.684564352
2011,-1.064658999,0.103047505
2012,-0.122490145,-0.613842249
2013,0.278919756,0.725801289
2014,-1.357744098,2.034566641
2015,2.149365664,-3.024409771
2016,0.326437384,-0.910255849
2017,-2.339341164,-0.242155641
2018,-0.647759259,-0.348029882
2019,0.605958462,1.704761863
2020,1.146911025,-2.438853025
2021,-0.414252609,0.197696596
2022,0.270632446,-0.400972843
2023,0.870046318,-0.320581496
2024,-0.941699922,-1.041498542
2025,2.263605356,2.837208033
2026,0.353501648,0.966347873
2027,-0.019764418,-0.340655863
2028,-0.631825626,0.282204568
2029,-1.105755568,-0.493472189
2030,-0.025365401,0.174808979
2031,1.320455194,-1.596930027
2032,0.362837464,-0.166747048
2033,0.229269415,-1.157524467
2034,1.782358408,0.147931084
2035,0.990777194,-2.063622475
2036,0.685298920,-0.691402018
2037,-4.788671017,-1.588123202
2038,-1.017714620,0.152467102
2039,0.414928138,-0.091021806
2040,-0.135443285,-0.158071309
2041,0.599916697,-2.001829624
2042,-1.042510629,0.043138508
2043,0.307091743,0.498035580
2044,-0.266033053,0.211228281
2045,0.099479809,-1.165233970
2046,-0.823453069,-0.180725649
2047,0.102561645,-0.597806633
2048,-0.149601281,0.259995908
2049,-0.205649838,-2.830446243
2050,0.502211511,-0.656696856
2051,0.898052096,-1.177253366
2052,0.138033435,-0.161385193
2053,0.392046690,0.368462503
2054,-0.165484160,0.146631747
2055,0.611694515,5.146097660
2056,0.853618741,1.476343036
2057,0.317122608,0.914735436
2058,-0.026142931,-1.766684651
2059,-0.836632729,-0.391302705
2060,2.244353056,-1.111451864
2061,-2.082232237,1.292009711
2062,0.398208201,-0.350668252
2063,0.308479577,0.089102060
2064,-0.452962518,1.290930390
2065,-0.636144996,-1.380130649
2066,-1.587741733,1.431056499
2067,1.769612908,1.196225882
2068,0.196680576,0.246806875
2069,-0.714698553,-1.060263395
2070,-0.586358368,1.158835053
2071,-1.826501846,-0.834768474
2072,0.809360743,0.351720870
2073,-0.859604180,1.637620449
2074,-0.454281360,-2.411852121
2075,0.012003778,1.092190623
2076,-0.839824677,-0.432311714
2077,-0.986927688,0.691952109
2078,0.041102245,0.591564596
2079,-0.205266967,0.645847142
2080,1.955046177,1.216726422
2081,-0.230015576,2.272930861
2082,-0.739941239,-0.808092415
2083,0.093194127,0.191539973
2084,-0.223502621,0.243062317
2085,-0.352483660,0.352625221
2086,-0.920783937,1.603587985
2087,0.275992423,-0.295778364
2088,-0.638964713,-1.701084375
2089,1.381949902,-1.110135555
2090,-2.158385992,-1.046171427
2091,0.094575539,-0.552699149
2092,-2.857684135,0.382547140
2093,-2.212028742,1.051803350
2094,0.680061102,0.933012724
2095,-0.088170268,0.226527169
2096,-0.115370855,0.926380455
2097,1.492330313,-2.044422150
2098,-0.593937933,-0.437756985
2099,1.919647574,-0.896387100
2100,-0.023142209,1.606718779
2101,-0.240545392,2.503108263
2102,2.036847830,0.029156789
2103,-0.672610760,4.794166565
2104,-0.494749904,2.073782206
2105,2.516586304,-0.093472973
2106,-1.212439775,1.537943602
2107,-0.481435955,1.267400026
2108,-1.358040333,0.591800690
2109,0.551304936,-0.015652610
2110,0.077327073,2.608633280
2111,-0.121713392,1.160890222
2112,-0.650113046,-0.104986519
2113,0.511538982,-0.986313224
2114,-0.300487399,1.069765568
2115,0.587349236,-0.742427409
2116,0.606793165,-1.176449656
2117,-0.722470343,-2.294530630
2118,0.050528914,-2.993844032
2119,-1.433215976,1.025519609
2120,2.121255398,0.132459655
2121,-2.984662533,-0.961590350
2122,-0.208595484,0.569326460
2123,-0.092669033,3.032747746
2124,-0.636731505,0.383175343
2125,1.006967068,-0.367152452
2126,3.079340219,4.331574917
2127,0.006719616,-1.038909197
2128,1.195256710,-0.645611286
2129,-1.407397985,0.015745843
2130,1.010098934,-1.341692090
2131,0.919940650,-0.649719417
2132,1.386961222,1.044782400
2133,-0.915197372,0.452256382
2134,-0.785214543,0.231897965
2135,-2.548562288,-1.531812906
2136,1.288288951,-0.900703669
2137,2.604089975,1.801029801
2138,1.681622386,-0.165521890
2139,-0.356831551,-0.127831146
2140,-2.214307785,0.405950457
2141,-0.123644188,-1.075786710
2142,-0.986635685,0.598845184
2143,0.367074728,-0.032863911
2144,-2.932427645,-0.334306896
2145,-0.872187138,-0.016010078
2146,0.240277261,-0.118975945
2147,0.441254407,0.636468709
2148,0.128138453,1.973361373
2149,2.366431713,-1.230619073
2150,-0.770959914,-2.470158339
2151,0.013542986,0.623687208
2152,-1.280179501,-0.251572043
2153,-2.667254448,-1.389876008
2154,-0.457852900,-0.757420778
2155,1.599467993,2.233762503
2156,0.833335221,-0.114000261
2157,0.090519160,-0.657475233
2158,-0.147897691,-0.511502206
2159,0.993576884,-2.003979206
2160,0.305241168,0.662007332
2161,-0.069098830,1.051232696
2162,0.935681999,0.377050847
2163,2.229276657,1.567549348
2164,-0.099077284,1.051748872
2165,0.236446545,1.239174724
2166,-0.489264935,1.706318617
2167,-0.707194984,-1.508956790
2168,-0.435580224,0.330094755
2169,-2.463326216,0.067032829
2170,1.487440705,-2.251541138
2171,-1.571994424,1.353553653
2172,0.625514030,-1.637047768
2173,-0.159040943,0.278721571
2174,-0.604560494,1.610631466
2175,1.162335277,2.929222345
2176,-0.620519936,0.339547455
2177,1.311445117,0.753334582
2178,-1.215231657,0.731023788
2179,-0.075450279,-1.259986997
2180,0.447823793,-1.183805585
2181,-1.184716582,-0.659576476
2182,-0.509890735,-1.861889839
2183,-0.896497190,-2.321221352
2184,1.386278033,1.757465720
2185,-1.566164374,4.885707378
2186,-0.752762318,0.757837772
2187,-0.500692308,-0.821497142
2188,0.117906518,0.335947692
2189,-0.074491255,0.235749736
2190,0.808492184,0.695713580
2191,0.431719273,0.377479196
2192,-0.888988554,0.306031704
2193,-3.191892624,-2.462070942
2194,-1.418853164,-0.625432730
2195,-0.099958949,-0.243165925
2196,0.762969732,0.025484951
2197,-0.713438869,0.230282024
2198,0.925653994,0.119821772
2199,-1.119737148,-1.902337074
2200,-1.529381394,0.474261731
2201,-1.126448274,-0.422827184
2202,-1.088377595,-0.651119649
2203,0.494931966,-0.044280306
2204,-2.314083576,0.423479915
2205,-2.309212923,0.441080272
2206,1.182351112,1.443513155
2207,0.887848854,-0.937855005
2208,-0.657000661,-0.020311898
2209,-1.828596234,0.113615744
2210,-3.108473063,-0.018531092
2211,-0.527813613,-1.054983020
2212,0.505704939,3.184950590
2213,-0.787249744,0.136687741
2214,0.222046897,-2.092460155
2215,0.913548708,-0.944541276
2216,-0.082921542,0.729441643
2217,-0.283715814,0.275756180
2218,-0.970020831,-1.957110405
2219,-0.510363638,-1.110301614
2220,-0.822270870,-1.075419664
2221,-0.731682360,-1.820071101
2222,-0.959365666,2.204157114
2223,-0.165616855,1.779843807
2224,1.859288812,-0.130849183
2225,-0.612453222,0.447355479
2226,-0.360858887,-1.226167917
2227,0.452106535,0.146327808
2228,0.038444757,1.637370467
2229,-1.307274222,-0.542140782
2230,0.291820198,0.005690477
2231,1.203353286,3.012321711
2232,0.446495682,1.417234421
2233,0.137366787,0.022340147
2234,0.284835786,1.425599813
2235,0.177834794,0.126122236
2236,-0.565695763,1.155872226
2237,1.657474041,1.201428056
2238,-2.207029343,-0.816985309
2239,-0.908554494,1.408555150
2240,0.761384368,0.939614713
2241,0.292291760,0.750209510
2242,0.390333205,-0.021125961
2243,0.533687115,-0.338913113
2244,-0.716861367,0.316089123
2245,-0.383156985,-0.041936826
2246,-0.915121257,1.332023978
2247,-3.193651438,-1.885185480
2248,2.015203476,-3.924190044
2249,-1.044828057,-1.396327496
2250,2.080184460,-0.695810676
2251,1.715367198,2.290996552
2252,-1.129117846,1.858534217
2253,0.052191995,0.436591536
2254,0.299777955,0.017704703
2255,-0.140488654,-1.558021069
2256,0.080187924,0.977489412
2257,-0.281438500,-0.474324524
2258,0.220224023,2.150122166
2259,1.124982238,0.785689592
2260,1.179491401,0.159134671
2261,0.662542820,1.284891129
2262,2.400028706,-0.054390121
2263,-1.220330477,0.408981055
2264,3.274718523,4.848875523
2265,0.875466049,0.465056717
2266,1.215245008,0.735461175
2267,0.848916471,-0.051058564
2268,-0.840131760,-1.325777650
2269,-0.222287655,0.459564835
2270,0.780430734,0.203156576
2271,0.424294859,0.337412685
2272,-2.357954979,-1.326261520
2273,-0.258856177,-0.516976833
2274,-0.924033940,-0.261135757
2275,-0.225325271,-0.173320293
2276,0.550263405,0.674628913
2277,1.528447866,0.100653157
2278,1.832248211,-0.356641501
2279,2.689239740,0.615427136
2280,1.160716414,-1.266408205
2281,0.270149320,2.276412725
2282,-0.222365886,0.255312443
2283,-1.023754716,2.072540522
2284,0.827525556,-0.073873647
2285,3.416874409,-1.050283074
2286,-0.946006596,0.408200115
2287,0.060282513,-0.144904599
2288,-2.052976370,1.051121593
2289,-0.335646540,1.039838076
2290,-0.390639156,-0.555024803
2291,-0.236075565,0.253985167
2292,0.989657402,-2.792433739
2293,0.817067504,0.541644692
2294,1.731235623,0.082662351
2295,-1.628871918,-0.398764253
2296,-3.494407415,1.355398059
2297,-0.250102043,0.122896135
2298,1.289269328,-0.769036591
2299,2.183716536,-2.723262548
2300,1.025946856,-0.614938021
2301,-1.732463121,-3.824924469
2302,-0.057578187,-0.238152087
2303,1.401787758,0.252449661
2304,0.155543998,-0.034834925
2305,-0.158522397,-0.341587424
2306,2.259298325,1.905680299
2307,0.273731083,-0.094741382
2308,-0.328220993,-0.009341895
2309,1.001520514,-3.671819925
2310,-0.936673999,2.327684402
2311,0.532667696,-0.687608719
2312,1.207489252,-0.171568841
2313,-0.872429013,-0.227160603
2314,0.225645214,-2.812145233
2315,0.109746061,-0.224285647
2316,-1.467318416,-0.298568070
2317,-0.234465018,-1.315985441
2318,3.085378408,0.725732982
2319,-1.261725307,-1.146138310
2320,0.468583941,1.222436905
2321,0.884093463,2.466263533
2322,-0.210068941,-0.402302384
2323,0.276628107,1.015467048
2324,-0.475562185,-0.966726422
2325,0.311270654,-0.218551815
2326,-0.220480293,0.016549030
2327,-1.676984072,-0.877664566
2328,-0.385325223,-0.685523629
2329,0.214526787,0.214705676
2330,-2.601335764,-3.310508251
2331,-0.730081022,0.172492713
2332,-0.600315332,-1.241022468
2333,0.558117032,-0.002392611
2334,2.252123594,-0.526731074
2335,1.212432742,0.208042160
2336,0.146696955,0.320924640
2337,-0.282527655,0.979380488
2338,0.326696813,0.882655680
2339,-0.147938713,-0.787791967
2340,0.597071946,-0.419152617
2341,-1.389597654,-1.790512562
2342,-0.726876080,1.004959702
2343,-0.991806984,-0.015527831
2344,0.664945483,-0.727070689
2345,3.111771584,-0.168729722
2346,0.175901890,-0.005784250
2347,-0.293991178,-0.885895669
2348,0.023228133,1.388902903
2349,0.389127165,1.625987411
2350,-0.166383281,0.068528637
2351,0.024076920,0.198722839
2352,-2.426664352,1.556099892
2353,0.348638386,0.109229334
2354,0.352754146,-0.117638789
2355,1.122526050,-0.491522610
2356,-1.278431654,0.250135779
2357,0.002177893,-0.373198837
2358,-0.877920270,-0.145773903
2359,-0.211949915,-0.057870500
2360,-1.012505054,-0.765569091
2361,-1.754972219,-1.444183826
2362,-0.692174971,-0.183815256
2363,-2.192942619,-0.211984172
2364,-1.494204283,-0.661468863
2365,1.679351926,0.295596033
2366,-2.528712034,-1.046336293
2367,-0.971295476,-1.256438017
2368,0.065124989,-0.422580868
2369,-0.586248815,0.066970393
2370,-0.782306254,0.252584934
2371,-1.025372624,1.015829086
2372,0.187199220,-2.705240250
2373,0.301530302,-0.079968952
2374,0.585154533,0.822468758
2375,-0.095678069,0.770329654
2376,0.553474486,-0.654809415
2377,1.256784678,-1.561303139
2378,0.398651093,0.603533864
2379,1.286603570,1.158095479
2380,0.955111563,-2.127374411
2381,0.302538812,-0.103584528
2382,-1.381151199,1.334887147
2383,-0.134591371,1.124528050
2384,-0.340177268,-0.687576890
2385,-1.234775782,0.194652021
2386,-0.411526263,-0.554620266
2387,-1.105589032,2.701605320
2388,-0.371643066,-1.456718326
2389,-1.769134641,-0.702154577
2390,0.393204063,0.735557616
2391,0.368601024,0.171760216
2392,1.006692171,1.893176675
2393,2.099722147,1.799922943
2394,1.537953734,-0.786337495
2395,0.376737922,-0.954653859
2396,-0.121694639,1.331022501
2397,0.375159532,-2.061573267
2398,-0.417151839,-0.475855410
2399,-0.292119086,-1.244045615
2400,-1.383851767,-0.561169267
2401,0.030250816,-0.668784857
2402,-1.188504457,-0.342664331
2403,0.578466713,-2.277786970
2404,-0.862416029,1.147049308
2405,-1.770356297,0.156407863
2406,0.639078319,-0.262866795
2407,-0.003288734,0.363816559
2408,-0.521809220,-2.300200462
2409,-1.432323575,-1.100758195
2410,1.934235096,1.243388414
2411,-0.139212891,-0.370988786
2412,2.377003193,-1.660181165
2413,-1.440482497,3.704605579
2414,1.136350870,2.428632259
2415,-1.171692848,0.559003711
2416,1.040928960,-2.480002880
2417,0.098153107,-0.451110393
2418,-0.057467107,0.349543095
2419,0.777250826,1.129889727
2420,0.923935950,-0.839472592
2421,-1.887738109,1.950983167
2422,-0.349553138,0.878457069
2423,-0.250435203,0.711415589
2424,1.558028698,2.401701927
2425,0.591043711,-2.238372087
2426,-2.812091351,0.401485562
2427,-0.655503213,-1.083196044
2428,-0.041496526,0.088228375
2429,0.581747293,-0.044935051
2430,-0.696898997,-0.164758891
2431,0.113325126,-0.121096238
2432,-0.945867181,0.096981570
2433,2.207628727,-2.054182053
2434,-2.262817383,-0.593031526
2435,0.058126617,0.315805107
2436,0.675047457,-1.244321585
2437,1.657231212,-0.272365332
2438,-1.656058908,-1.042953491
2439,-1.745694876,0.814202428
2440,0.921204150,-0.293455720
2441,-0.171583042,1.452086329
2442,0.790524840,-0.383590996
2443,-0.278166175,-0.688324153
2444,-2.329427719,-2.491645813
2445,0.876406670,-0.017424827
2446,-0.392542660,0.106264792
2447,-1.005034089,0.965795755
2448,0.221853375,0.056390814
2449,-0.453066349,-0.209084019
2450,1.793042660,-1.139353752
2451,-1.221461415,-0.319493949
2452,0.371882170,-0.759435356
2453,2.368348598,-1.902146459
2454,0.686446249,-0.251639158
2455,0.743939161,0.219027057
2456,0.614243746,-0.294581890
2457,-0.062595733,0.589455843
2458,0.202914074,-0.389943659
2459,0.924796581,-0.214596272
2460,0.634280562,1.075877428
2461,0.542696774,0.657114685
2462,1.191564798,-1.214301825
2463,0.418912798,-0.932096601
2464,0.855364799,-1.350473166
2465,0.845192015,0.398782790
2466,-1.148486614,0.810481071
2467,0.348767161,0.518137515
2468,0.145353302,1.744178891
2469,1.771841526,-4.544908524
2470,0.200260803,-0.879406214
2471,0.092806116,-0.191365406
2472,0.137312844,-0.149346456
2473,0.165127307,-1.460638523
2474,-1.528655529,0.444215953
2475,1.580504537,-1.582264900
2476,1.332727671,0.459611058
2477,-0.208448827,0.585092008
2478,-1.041598916,-0.706703663
2479,-2.063814402,0.122753069
2480,-0.089915648,-0.239488304
2481,2.537755013,0.239376023
2482,-0.520461321,-0.054001298
2483,-4.382168293,2.033026934
2484,-1.833433151,1.898671985
2485,0.854946494,-1.956443787
2486,1.769531846,0.364331901
2487,-0.038381964,0.833660662
2488,0.168759421,-0.164472416
2489,-0.970644534,1.869950652
2490,0.914189994,-0.576069593
2491,0.242140397,0.252923518
2492,0.067898214,0.067231633
2493,0.341791958,-0.010382993
2494,0.591423273,-0.609031558
2495,1.681848884,1.691026926
2496,-1.059157491,-0.338612199
2497,0.179094881,-0.303629398
2498,1.021611571,1.464437366
2499,1.494925737,-1.053381920
2500,-1.460351229,-0.472215116
2501,2.955122471,-1.111380339
2502,0.234819114,1.037175179
2503,0.751815081,1.460419297
2504,0.932536483,0.187174380
2505,-0.428196520,0.301056892
2506,1.667390585,1.928764701
2507,0.062570967,0.191807613
2508,0.222068042,-1.069293261
2509,-0.625976622,0.386807919
2510,-0.809459209,0.381241739
2511,2.220013857,0.044837154
2512,-1.099264622,0.696774125
2513,-1.089903355,0.505608261
2514,1.204200745,-1.323148727
2515,0.018096175,-0.237205163
2516,-0.667699158,0.104213446
2517,-0.678450465,1.263271809
2518,-1.039546490,-1.187264204
2519,-1.684842706,-0.947563469
2520,1.110434651,1.498332262
2521,2.650774240,1.170519829
2522,3.747087717,-0.032981057
2523,1.146160722,0.934354484
2524,-0.473899662,0.744074762
2525,-0.035223532,-0.181649894
2526,0.362112224,0.519504189
2527,0.324046314,-1.208697677
2528,-1.243707299,-0.803175509
2529,0.203624010,-0.587713480
2530,2.251502275,-1.486189365
2531,-0.363597751,1.946458220
2532,1.010385871,0.570874453
2533,-2.069580555,0.608472288
2534,-0.571568131,-0.537895560
2535,0.572073877,-0.266132712
2536,-0.592996120,0.508034348
2537,0.576308489,-1.188722253
2538,-0.679128647,-0.793847919
2539,0.986489773,-1.050787330
2540,1.145010352,0.419249654
2541,0.045940515,-0.230681375
2542,-1.289762616,0.126499087
2543,-0.633878529,0.750324726
2544,-0.331726462,-0.096290432
2545,-0.151266351,1.099362731
2546,0.272154868,0.768823624
2547,0.147831276,-0.506701231
2548,1.268092632,-0.099408381
2549,1.829691768,1.027381897
2550,-1.842885613,-0.151506603
2551,-0.169229358,-0.073580094
2552,0.810883462,-0.285406649
2553,-0.936815619,2.795169353
2554,1.957420349,-0.609714746
2555,-0.930220842,-0.300563127
2556,0.567065179,-0.723991990
2557,-0.703042090,-0.364237845
2558,1.301134944,0.316248566
2559,-0.324222177,0.571434617
2560,-0.378228724,-0.479069144
2561,-2.250422478,-3.433665514
2562,0.396890670,0.462296516
2563,-0.789724052,-0.146475315
2564,-0.123346910,-1.021555781
2565,0.638646960,-0.174618900
2566,-0.547281563,0.457505137
2567,-1.250440955,-0.796310067
2568,1.639193058,-1.966935396
2569,0.054097723,0.287926912
2570,-0.126007602,-1.617664456
2571,0.878716171,-1.052773833
2572,1.985915542,0.771213055
2573,-1.343482375,-1.664992809
2574,1.307279468,0.726598263
2575,2.527773142,-0.064960279
2576,-0.565330565,-1.149027348
2577,1.986407995,-0.476959825
2578,-2.888684988,0.420309097
2579,-0.644859552,0.199617594
2580,2.125095844,-0.885951936
2581,-1.228489637,-0.951999426
2582,0.380596191,0.021207660
2583,-1.555930495,-0.869883299
2584,-0.055779830,-0.720715165
2585,-0.419905156,0.784026742
2586,-1.418855906,1.105352402
2587,-0.442569613,0.753628194
2588,0.140499383,1.526364207
2589,1.252430201,-0.270116627
2590,0.189001039,-0.161174849
2591,-0.298762560,0.615085006
2592,-0.703305542,0.918024182
2593,-0.402774930,2.710257053
2594,0.966847956,1.488561988
2595,0.628778636,2.332300425
2596,0.326233715,-0.538837969
2597,-0.127232805,-0.608560026
2598,0.998465240,0.049760129
2599,0.302601308,-1.997678161
2600,-0.272618383,0.569452822
2601,2.202840328,-0.291990519
2602,0.482084602,1.812921286
2603,-0.019080434,-0.799182475
2604,-1.200984478,0.533882201
2605,-0.618830800,-1.217567682
2606,-0.229274377,-0.888344884
2607,3.074630022,-0.335567385
2608,-0.546828985,-0.970983028
2609,2.322356701,-0.292424053
2610,-0.808691442,1.920650363
2611,0.341076910,-0.827238798
2612,0.584202707,-0.130881146
2613,-1.068732381,1.313001156
2614,-0.695268333,3.063180447
2615,1.324069023,1.902346492
2616,-0.852679312,0.429925144
2617,0.148032904,0.048011743
2618,2.035245657,-0.383807033
2619,0.127609491,-0.510443866
2620,-1.542938352,0.156785727
2621,0.390726864,0.786758065
2622,-0.511817336,0.289482951
2623,-1.453129530,-0.071335427
2624,0.238852695,-1.933756471
2625,-0.104678586,-0.419144303
2626,-1.081984282,0.627169311
2627,-0.718084931,1.824478388
2628,-0.282790929,1.404322505
2629,0.339246392,-2.791904926
2630,0.991210043,-0.913089573
2631,0.926472783,-2.167717457
2632,-0.271239191,-1.334948421
2633,0.058804370,0.389219344
2634,1.205840945,-1.487243891
2635,0.350292534,-0.573216617
2636,-0.514982641,1.286342621
2637,2.808250189,1.979865670
2638,-2.967439413,0.570234239
2639,-1.467351556,1.697864056
2640,0.913624227,-1.163155198
2641,-0.810970128,-1.386922479
2642,0.922003329,-0.340007454
2643,-1.436445355,2.494185448
2644,-2.385535240,0.052526828
2645,0.021011973,1.730339885
2646,-1.967938900,-0.214156359
2647,0.340492189,-0.093616471
2648,-0.268150300,0.053580109
2649,0.310884744,1.315245748
2650,-0.037647568,-1.351260781
2651,0.626430869,-0.643331528
2652,0.563763022,0.846870601
2653,-0.220863476,-0.245406821
2654,0.784391403,-1.431476235
2655,-0.426684052,-1.261378169
2656,-0.320605099,-1.003002286
2657,-0.879074037,-0.288811117
2658,2.155675411,1.208476067
2659,-0.118483089,-0.178159133
2660,-0.472960532,-0.008019380
2661,0.518649161,-0.146278217
2662,0.489799738,-1.036114454
2663,0.523700833,-0.190492854
2664,2.100124359,1.912644982
2665,0.479380965,-0.529181540
2666,0.618028939,0.892727792
2667,2.058718681,1.072551608
2668,-0.549591422,-0.555427849
2669,-0.107335478,0.204863220
2670,0.666308999,0.119399987
2671,-1.272126794,-0.016268605
2672,-0.707662284,-0.018741189
2673,-2.369008303,-0.809971750
2674,0.869838595,-0.530509830
2675,-1.195138931,3.453644753
2676,0.793906391,1.122233748
2677,0.122048050,0.207915425
2678,-0.906062901,0.211575344
2679,-0.086345293,0.133706018
2680,1.415324926,-2.140141010
2681,0.024815507,-0.370217353
2682,-2.444080830,1.993595600
2683,-1.263004899,-0.372921824
2684,0.538009763,0.778203964
2685,-0.127362847,1.748321414
2686,0.800970614,0.623491287
2687,-0.558849156,-1.447924018
2688,-0.466106027,0.318752736
2689,-0.374522626,-0.148897156
2690,0.505895615,0.956679702
2691,0.299522817,-1.090663671
2692,-3.390577555,-3.910442114
2693,-0.530233800,0.435051829
2694,-0.865519166,0.027986208
2695,0.089301080,-0.471542478
2696,0.463347584,0.342270464
2697,-0.821269214,-0.045168810
2698,-0.688844919,-1.584432960
2699,-0.179551557,-0.309541345
2700,0.031708110,0.358271390
2701,-0.297872156,3.372573614
2702,0.620219111,-0.154207006
2703,-0.838476121,1.313777447
2704,-1.740731955,0.521447003
2705,0.868527234,2.471096039
2706,-0.190989330,-0.018860867
2707,1.563860774,2.547538519
2708,2.390682220,1.408576608
2709,0.782070756,-2.506832123
2710,-0.575839102,0.092869557
2711,0.110294230,0.194166586
2712,-0.430367053,0.030391466
2713,0.122133017,0.489480466
2714,-2.806348085,0.960405886
2715,1.579958916,-0.045482442
2716,-1.332995176,0.509723067
2717,-0.649633944,-0.066313513
2718,-0.322530508,0.158603773
2719,-0.313883185,-1.206356406
2720,0.216765404,0.101642042
2721,-0.997120261,1.148311019
2722,3.228366375,-2.214915037
2723,-0.448314339,-1.654319644
2724,-0.129832417,-0.299881160
2725,-0.719002664,-0.931191921
2726,-1.412703753,-0.276392162
2727,-0.252056688,-1.564876676
2728,-2.392013311,1.352927327
2729,1.466463089,0.304900378
2730,-0.073250085,-0.475660920
2731,0.223994941,-0.050959814
2732,-2.275599003,-1.673473477
2733,1.992753625,0.014206892
2734,-1.529638290,-0.547913253
2735,0.391164541,0.271133751
2736,-0.469806254,0.552869081
2737,-0.504197180,0.914361000
2738,-0.396954358,-1.002904534
2739,0.337538838,-1.920409918
2740,0.263154179,0.551962852
2741,1.757117271,1.117189288
2742,0.215859801,1.227895498
2743,0.821556628,1.046376228
2744,-1.692775369,-0.100333452
2745,-0.188871428,-0.002115903
2746,0.355273873,0.066497162
2747,-0.041698489,1.601323843
2748,0.099162631,-0.668882132
2749,0.992896318,-1.177893162
2750,-0.967486501,-0.833221376
2751,2.398441315,-1.423455477
2752,-2.411504507,-0.460017145
2753,0.901398301,-2.614150047
2754,-0.527179122,-3.856964827
2755,0.853446186,0.177670062
2756,0.048276376,-0.602384984
2757,-0.213915497,-0.185745135
2758,-1.641478181,0.388228446
2759,-2.173956156,1.997243524
2760,-2.330778599,-1.620934010
2761,-0.780314684,0.662410855
2762,-0.140273452,-0.139224231
2763,-1.532811761,1.452786088
2764,-1.814593673,0.347917438
2765,0.248365790,0.319182009
2766,1.041853905,-0.305699795
2767,0.485375434,-0.060369112
2768,-1.139731050,-0.399556965
2769,1.355788469,0.880829751
2770,-1.243934393,0.110950574
2771,-0.125760108,0.684962451
2772,-2.657925367,-2.058135748
2773,-3.675806046,-0.100877918
2774,2.207339287,-1.717762947
2775,-3.832744837,-1.413799047
2776,-1.689669132,0.638380587
2777,0.189731434,0.031237045
2778,-1.666833043,-0.867989302
2779,0.955794811,0.073792428
2780,2.403845787,1.232804894
2781,0.642844796,1.022924542
2782,-2.950551033,4.337319374
2783,0.451245368,-1.140728235
2784,-1.751312733,2.057010412
2785,1.417442560,-2.521898985
2786,-2.842988253,0.068021998
2787,-4.298127174,-1.343463182
2788,-0.622914672,-1.128466368
2789,-1.076147795,1.748654604
2790,-1.800379038,0.059117973
2791,2.151362419,0.366646588
2792,-0.153284132,-1.075798512
2793,0.557345390,0.354843289
2794,-2.589876175,1.396803856
2795,-0.393435657,-1.750536799
2796,-0.338293582,1.232788801
2797,3.961448669,-0.173906848
2798,1.055140018,1.389410257
2799,-0.747194409,-0.839646280
2800,0.605757236,1.213648915
2801,0.240878701,1.568166614
2802,-1.873486042,1.037818789
2803,1.273688793,-1.887204051
2804,-2.217743635,-4.504894733
2805,0.904558241,0.892845094
2806,1.401435375,-0.147650614
2807,-1.752763987,-1.543466568
2808,2.364928722,-2.028529406
2809,-3.217935562,0.435047656
2810,0.178690940,0.348395079
2811,-0.500601411,-0.318733305
2812,-1.630823493,-0.463363856
2813,0.499045730,-0.497399867
2814,0.257783264,-1.297566891
2815,-1.089765191,0.937069297
2816,-0.859152257,1.819194317
2817,-2.505416870,1.020283222
2818,1.197636247,0.493094772
2819,-0.101461485,-0.495308965
2820,-1.185120463,0.103270844
2821,0.598263621,-2.539272785
2822,0.229209736,0.165231273
2823,0.090755239,-2.021098137
2824,1.252582431,-1.341317058
2825,0.647379339,-0.425605595
2826,-1.407211661,2.170002460
2827,-2.267940283,1.426901579
2828,1.034151196,-0.524959564
2829,-0.068889298,-0.624044597
2830,-0.327617019,-1.530804873
2831,0.332867295,0.693373859
2832,0.202756122,-1.560880542
2833,-0.405213118,-0.433216304
2834,-0.991861880,-0.025550155
2835,0.319973916,-0.216905400
2836,-0.844806433,1.214859605
2837,1.489220977,-1.719293833
2838,0.695679605,2.385151863
2839,-1.050750971,1.197511792
2840,-0.233000204,0.387516350
2841,-2.018088579,-0.856836557
2842,0.062508993,-1.822675228
2843,-0.017828509,0.482767612
2844,0.428738236,0.312998861
2845,0.979755223,0.213388398
2846,-1.042923450,-3.044205666
2847,1.280081749,0.045918472
2848,-1.497788906,1.314820647
2849,1.194281816,0.085478604
2850,0.560864747,0.662830949
2851,-0.796558499,-0.036988858
2852,0.102699615,1.327844381
2853,-1.746066928,-0.966668189
2854,0.008839160,-1.207021117
2855,-0.326431006,1.675450563
2856,-0.198429331,-0.264580399
2857,0.562195420,-0.838993728
2858,-0.560720861,-2.346382856
2859,-1.512914658,-0.586829722
2860,-0.692818940,-0.471846670
2861,-0.503977478,-0.262446582
2862,0.294153035,0.235723436
2863,-2.230205536,-0.304575384
2864,-0.012544085,0.988479435
2865,-1.345460773,0.996941626
2866,0.789366424,1.268226027
2867,0.006279941,1.617920637
2868,-0.909848273,-2.329578638
2869,0.668481350,-1.102324843
2870,-0.711991727,-0.550493002
2871,-1.547428370,-0.128122509
2872,-0.252126724,-0.008961189
2873,-0.794359624,0.298039824
2874,1.184378505,0.298353672
2875,2.788893938,-0.438573390
2876,1.273441672,0.644751608
2877,-1.161024451,-0.939190567
2878,-1.525348067,-0.660287797
2879,0.375586361,-0.197496250
2880,0.478597760,2.363052845
2881,0.455342472,-0.353206962
2882,1.104329348,-0.171980903
2883,1.571964025,2.189471006
2884,-0.447399735,2.070640326
2885,1.324689507,1.877896905
2886,-1.156409383,0.480114788
2887,1.484032154,-1.185419559
2888,0.020049211,-1.249110103
2889,0.586712301,0.401662141
2890,-0.935392499,-2.515589952
2891,-0.248276860,-0.325452477
2892,-1.450571060,1.090247154
2893,2.360232830,1.924250960
2894,-0.884040654,0.407299548
2895,-2.551645756,0.368118197
2896,0.720959187,-1.356324673
2897,-0.130256936,0.160382137
2898,-2.914399385,0.297683090
2899,1.685055256,-1.114885688
2900,-0.161345035,0.718373716
2901,1.478680849,1.035587788
2902,-1.991876245,-2.138654470
2903,-2.174707174,1.218062520
2904,-1.307867169,-0.658794522
2905,4.875936031,-0.015236622
2906,2.380028248,-1.081632018
2907,-0.319686234,-1.266963482
2908,-0.757988334,-0.509029627
2909,0.025866272,0.577576637
2910,-0.192003280,-0.530177593
2911,0.089230873,0.025489464
2912,0.144795761,-0.474542350
2913,-0.825901389,1.300396323
2914,0.847282052,0.310182005
2915,0.520623326,0.180876791
2916,-0.045838080,-1.137810826
2917,-0.991887748,-0.811632454
2918,0.036557987,-1.471627951
2919,0.800276279,1.244118452
2920,0.839233041,0.257020891
2921,-0.730716527,0.111363813
2922,-2.070222855,-0.168958336
2923,0.325661272,-0.192488208
2924,0.761578739,-0.396916181
2925,-0.066107966,-0.519885778
2926,-0.856624067,-2.805229187
2927,0.351071358,0.144846529
2928,-2.340955496,-1.212740183
2929,-0.180629522,1.883843780
2930,0.515421808,-0.034478277
2931,-0.674059629,0.390957445
2932,1.168285728,-0.043421000
2933,0.463680565,-0.214639142
2934,1.568993211,-0.877747357
2935,-1.520169497,-1.328320622
2936,0.805819511,0.941737056
2937,-0.126495630,0.248437673
2938,0.347346514,-0.111268483
2939,-0.844022930,0.087029926
2940,-0.148358047,0.120989218
2941,-0.039926369,-0.348650545
2942,0.571137547,1.344918728
2943,0.269447744,0.374920607
2944,-2.033760786,0.694246173
2945,0.471365571,-0.676955879
2946,0.056379750,1.323765516
2947,0.666082740,-2.561424494
2948,1.704008102,-1.759928107
2949,0.545856178,0.388101041
2950,-0.840092123,0.145607486
2951,0.121523961,0.855341971
2952,0.131199941,0.679659486
2953,-0.841602206,3.430201530
2954,1.358765244,2.266936779
2955,0.734360218,-2.427492380
2956,1.567511082,0.068781495
2957,-0.446314096,0.227933735
2958,0.477067679,-0.601385355
2959,-0.188707188,-0.023375995
2960,-3.954588413,-0.727801204
2961,-2.044313908,1.135908723
2962,-0.414780527,-0.468985289
2963,-2.376437426,3.058019876
2964,-0.816414416,-0.126330242
2965,-0.940123916,1.219277263
2966,0.681974530,-0.096079715
2967,0.039221093,0.820273459
2968,-0.219260171,1.328795910
2969,2.920628071,-0.867507935
2970,-0.126482338,-2.224622965
2971,-0.224860236,0.751350820
2972,-0.294639587,0.631617606
2973,0.689037800,-0.384630919
2974,-0.563583970,0.768767178
2975,-0.446762115,0.035730548
2976,0.169021264,-1.238998771
2977,0.233233467,0.312449545
2978,-0.544568658,2.535666227
2979,-0.414428562,1.108387351
2980,-0.349641979,-0.226690635
2981,-0.426223546,-0.708349228
2982,-1.097642183,-0.161607727
2983,1.883365035,0.392988116
2984,-4.404071808,0.762530088
2985,0.042881198,-0.909155965
2986,-0.611201823,-0.388464123
2987,-0.759544015,1.001961708
2988,-1.687615633,2.381384850
2989,0.788138032,0.142459810
2990,-0.270521671,-1.753832817
2991,0.590288758,0.511174560
2992,0.182066813,-0.377985895
2993,-0.525050282,0.270921290
2994,-3.327341795,1.319026470
2995,-0.945433676,2.061726809
2996,0.017863974,1.475074291
2997,-0.106481172,-0.416388035
2998,-1.830223560,-0.692981422
2999,-0.713284254,0.279203445
3000,0.271656990,-0.437734991
3001,1.541987181,-1.500716686
3002,-0.055556439,-1.010562658
3003,-0.122248985,0.583124340
3004,-0.477451295,-1.265710354
3005,-1.636606336,-1.433777571
3006,1.669978976,0.144509912
3007,-1.200366020,-0.311806560
3008,2.521911860,0.124385968
3009,-0.707187891,0.247122988
3010,1.884888172,-1.255710602
3011,1.842589736,0.693181932
3012,-0.193715453,-0.118560091
3013,0.083981037,-1.364971638
3014,0.050538164,1.649953008
3015,1.378999591,0.774498224
3016,-0.456712872,0.117703229
3017,0.118591554,-0.884557426
3018,-1.619893551,-1.024714708
3019,-0.697440624,-0.766292810
3020,-0.268034607,0.245347336
3021,1.409154892,-1.579527259
3022,1.038450241,0.691472530
3023,-4.062736511,-1.214307308
3024,-0.550281703,-0.346889794
3025,1.129497528,1.418453693
3026,1.082219005,-1.665597439
3027,2.347213268,-1.340198636
3028,4.390896797,-1.963961124
3029,2.219856501,-1.331068158
3030,-0.414139628,-0.208176613
3031,-2.101815939,-0.994867444
3032,0.779871523,-0.757787883
3033,-1.336498141,0.345829606
3034,-0.537503064,1.568396449
3035,1.607817411,-1.256600976
3036,-1.467516303,0.302512258
3037,0.250774026,-0.201829791
3038,-2.767405510,-0.363117307
3039,-0.152458429,-0.168086708
3040,-3.380023956,-1.869989276
3041,-0.726572871,1.221117377
3042,0.996717513,-0.326880455
3043,0.720038891,0.239647612
3044,0.895688295,-2.228982925
3045,-1.957942843,1.263927460
3046,-0.180193469,-0.587740719
3047,-0.012030498,0.999118328
3048,-0.272744626,-0.855327785
3049,1.496410966,1.438182116
3050,0.302714676,0.811495602
3051,-0.154751793,-0.427086860
3052,1.336479664,-1.562978745
3053,0.057242863,0.142663315
3054,1.692514539,-2.048411846
3055,0.760783732,0.305920005
3056,-0.374372244,-2.886098146
3057,1.123090982,1.001220942
3058,0.473337382,0.895052671
3059,0.898233175,-0.873377204
3060,-0.932191610,2.914896250
3061,1.223481178,0.802710176
3062,-0.042499855,0.714889705
3063,0.353720456,0.319563329
3064,1.310191035,2.148869753
3065,0.156631783,0.554316938
3066,1.466701984,1.232541203
3067,-1.093282700,-0.858960509
3068,0.325637162,-0.122100092
3069,-0.516877234,-1.177775145
3070,0.010442724,-0.109192610
3071,0.317092717,-0.112937711
3072,-1.071262002,-2.415525436
3073,-0.407514185,0.561634779
3074,-0.740391850,-0.268312216
3075,1.731835723,0.095690839
3076,2.612307549,-0.542478204
3077,0.088803120,1.878242731
3078,0.091009721,1.314873934
3079,0.157465085,1.142978668
3080,0.403973728,-0.200933650
3081,-3.214938164,-1.637817502
3082,0.966782808,1.784374714
3083,0.101818830,-0.236496881
3084,1.191148520,0.184551015
3085,3.860800982,0.981145024
3086,-0.548767328,-1.383565784
3087,0.586131632,0.674597502
3088,0.053652108,-0.715894639
3089,-0.241073936,-1.607691169
3090,1.090414762,-0.308585167
3091,-6.116366863,0.861159265
3092,0.109970868,1.385411859
3093,0.737270594,0.723732471
3094,-0.795983255,-0.128235981
3095,0.683643997,1.846712112
3096,-0.520235538,-1.589394450
3097,0.037973005,-0.157597542
3098,-1.375401020,0.994412601
3099,0.927471280,-0.479898840
3100,-1.055694818,0.448548019
3101,0.392031848,-0.311010331
3102,-0.585445344,-1.234131694
3103,0.847028196,-0.232044905
3104,1.156958818,-0.837421656
3105,0.611082554,0.551806331
3106,1.183189750,-3.435625076
3107,-0.232419193,2.918342352
3108,2.457309484,-0.284510314
3109,0.372623324,0.400408894
3110,-0.214239582,-0.482370406
3111,0.029783579,-0.148150012
3112,1.210139871,-0.404639900
3113,4.247226715,0.093243524
3114,1.032168150,1.585511208
3115,2.102957487,1.414265633
3116,-1.218669295,-1.457223177
3117,-2.972214699,-0.413652837
3118,-1.511835694,1.543762088
3119,-0.180353567,0.189242214
3120,1.221711874,-2.242454290
3121,-1.168885708,1.958564639
3122,0.708439350,1.161028385
3123,1.078380108,0.122075550
3124,1.273129940,-0.126310065
3125,-0.796311617,0.636904359
3126,1.602066159,0.291115433
3127,2.354140282,-0.734268785
3128,-1.523321986,0.209933862
3129,0.603903353,0.804533005
3130,-0.269042701,3.204466105
3131,2.498583794,-0.655405223
3132,0.133167237,-0.092774652
3133,-0.959419012,-0.845281243
3134,0.037610382,0.538647771
3135,0.593709588,-0.207043320
3136,0.709692895,-0.095171437
3137,-0.221951023,0.256922096
3138,-0.057622612,-0.142474115
3139,0.272723466,0.767269790
3140,-1.388403296,-0.154012829
3141,-2.566168785,2.058352470
3142,1.667913795,0.302047491
3143,1.503069282,0.187975720
3144,1.317003250,1.218236804
3145,-0.945969045,0.967363119
3146,0.111865528,-0.279296547
3147,-0.890529335,0.525508106
3148,-0.627295196,-1.271587253
3149,2.454775333,-0.068070367
3150,2.065578938,0.830539584
3151,1.544500709,2.007887125
3152,1.778966188,0.255632013
3153,-0.627216518,-0.533656955
3154,0.199136272,-0.702358842
3155,0.519873917,-0.352287143
3156,0.241405651,0.153199688
3157,2.562353849,-1.259929657
3158,0.206183732,-0.088711947
3159,-1.791908145,-2.216379404
3160,-0.360938668,1.183123112
3161,-0.376968682,-0.634685636
3162,0.484578818,-0.167389810
3163,2.418581963,-0.355438828
3164,0.247757241,-1.489608407
3165,-0.496275574,0.748007596
3166,-1.341981411,-0.245549932
3167,0.619737506,-1.033748746
3168,0.362322956,2.025881052
3169,-0.346561611,-0.532908678
3170,0.208775461,0.644938350
3171,-2.004642248,-0.408024490
3172,0.133141801,0.156299815
3173,0.068950720,0.666695476
3174,0.869851232,-1.384743333
3175,0.123400964,-0.130391285
3176,-1.576697230,-0.916149259
3177,0.965279877,0.745186985
3178,0.977736175,2.141660690
3179,-2.037491798,-0.818222582
3180,1.806551576,-1.321392059
3181,-1.392309427,-0.298260272
3182,1.886659384,-0.190968513
3183,-1.668816090,0.247567073
3184,0.040774871,0.909765422
3185,0.606003463,1.527608991
3186,0.020202823,0.427316397
3187,0.786856413,-0.567079544
3188,-0.730859756,1.033645630
3189,0.225667134,0.341594905
3190,-0.899843931,1.609774590
3191,-0.601458728,1.944852829
3192,0.942375660,1.489500403
3193,0.067504801,-0.307958484
3194,1.740345955,-2.709838152
3195,-0.978548288,1.779411077
3196,-1.221536756,-1.647236943
3197,0.497389019,-0.495507568
3198,-0.065451868,0.164375022
3199,0.267438143,-1.019650102
3200,-0.068453692,-0.513596058
3201,-0.065155543,-2.441673994
3202,-0.871677876,-1.356658816
3203,-2.578246355,-1.445652604
3204,2.225766897,1.673075318
3205,1.181309938,0.523268640
3206,-1.601165056,2.313275814
3207,-0.052245434,-0.528132617
3208,1.184403181,1.063225269
3209,1.036282420,0.428797603
3210,1.241872430,0.407214105
3211,-0.665545583,-1.091427326
3212,1.017711401,0.056642767
3213,-1.325294018,0.305713296
3214,0.752238393,0.818872929
3215,0.965601265,-0.213618159
3216,-1.103551865,3.150986671
3217,-1.173051715,-1.089166760
3218,-0.948876679,-1.559204698
3219,-0.039654426,-0.159585461
3220,0.565769076,0.430508286
3221,-1.345440865,1.597384453
3222,-0.321432769,-0.592506230
3223,0.029374616,0.880831122
3224,0.963796258,0.644328713
3225,0.056863286,0.382906646
3226,1.677849889,0.080262683
3227,-0.315889031,-0.850444913
3228,-1.092689276,0.316674471
3229,1.310134292,-0.853486061
3230,-0.772647977,0.746344566
3231,2.320008993,2.059581280
3232,-0.786439598,-1.205085993
3233,2.811095715,-0.895992160
3234,0.173451856,0.092318162
3235,-0.317154914,-1.082377672
3236,-1.888280272,1.766881704
3237,3.810969353,1.070048928
3238,-1.569977522,-1.295061469
3239,-0.182678565,-1.098580241
3240,0.421837240,0.709323645
3241,3.197279215,-0.395254910
3242,-0.777504206,-0.730549574
3243,0.901654303,-0.068331145
3244,0.794735909,2.561777592
3245,0.242780402,-0.071738742
3246,-1.254365206,2.522413969
3247,-0.897181392,0.076646470
3248,-0.111183532,0.562781692
3249,-0.977447629,1.738157749
3250,1.616214275,-2.523379326
3251,-1.009716511,0.459147602
3252,0.195024937,1.008962274
3253,0.143192336,2.923744917
3254,-0.822383821,-1.297052503
3255,0.052710544,-0.190840736
3256,-0.537921667,-0.752614498
3257,1.651037455,0.608175993
3258,2.419274569,0.335007966
3259,-5.320664406,-1.798902512
3260,0.125555381,-0.119088717
3261,1.479912400,0.770955265
3262,1.109574437,-0.345079720
3263,1.844070792,0.414085120
3264,-1.599447370,-0.335580260
3265,2.033344269,0.452662766
3266,-1.548344493,1.686779141
3267,0.206966624,-2.445884228
3268,1.105651975,1.228698492
3269,-1.937436342,0.674492657
3270,-0.234286666,-0.255238891
3271,-0.942519903,0.245266214
3272,-1.593986988,0.299960792
3273,-0.049941737,-0.458588839
3274,0.061959367,0.255947113
3275,-3.941603661,2.709505558
3276,-1.482779026,0.389879405
3277,-0.941888750,0.318428069
3278,0.603734612,0.719988704
3279,-0.321417034,0.148933709
3280,1.263278723,-0.573818266
3281,-2.094046831,-1.560174465
3282,0.094240680,0.644377708
3283,1.719287634,2.193633318
3284,-1.360616684,1.087018609
3285,0.563092649,-2.147448778
3286,0.830731869,0.170555890
3287,-1.618136287,1.819305539
3288,1.039800525,0.933333814
3289,-1.475651026,-3.481297970
3290,-1.075624704,4.355423450
3291,-0.576367795,0.100649528
3292,0.449538022,-0.474363565
3293,2.227380991,-0.044111006
3294,-0.202761531,0.075646147
3295,-0.352621853,0.034920409
3296,-1.051802754,0.544371128
3297,0.478461653,-0.122526735
3298,-1.184148669,0.738558292
3299,0.851868749,-2.271829844
3300,-3.578159332,-2.389420271
3301,-0.067195080,0.578904450
3302,1.599776387,-1.358820438
3303,0.227440640,-0.177908257
3304,-0.903461993,0.493882477
3305,1.658247828,-0.523795784
3306,-1.017156601,0.428815782
3307,-2.383559942,1.473338842
3308,0.860250950,0.511624694
3309,-0.349742115,0.010954805
3310,-0.113716170,2.134680033
3311,0.116938390,0.627079129
3312,-2.267489910,-0.631167114
3313,0.108291298,1.199801445
3314,0.402221650,-1.577251077
3315,0.660132945,-1.246791959
3316,2.873167276,-2.184118986
3317,-0.625220597,-0.539012313
3318,-0.733097434,-0.043205056
3319,0.674570680,1.132260919
3320,-2.593118668,1.138217330
3321,-1.340341687,0.401217133
3322,-0.686035275,-0.362905830
3323,1.145025253,1.915981531
3324,-1.178274155,0.310168713
3325,-0.205539629,-1.045939565
3326,0.403394818,-2.847906828
3327,0.757934511,-0.345035672
3328,-0.875887573,-0.624602675
3329,-1.188558102,1.282000661
3330,-0.116105981,0.057697751
3331,3.130039930,-1.400311470
3332,1.522563100,0.370091826
3333,-1.466398358,-1.082117319
3334,-0.714896083,-0.209711671
3335,-0.184098586,0.472916871
3336,0.395230353,0.428696603
3337,-0.892227530,0.038677208
3338,-0.404996634,0.042153027
3339,0.113751084,0.097093798
3340,-3.058254957,-1.225607157
3341,0.365311027,2.270609617
3342,-1.055593371,-0.806468606
3343,-0.774483562,0.525462270
3344,0.618026257,0.899308801
3345,2.511035442,0.502211511
3346,1.228158474,-1.059188128
3347,2.257068634,-0.707037449
3348,-0.841881394,-0.021817984
3349,1.805636883,1.653526664
3350,1.084933281,-1.129374146
3351,1.073457718,-0.604635596
3352,0.406175375,0.742336452
3353,2.303543568,3.169507265
3354,0.160650328,-0.464932203
3355,-0.564054847,0.663638651
3356,0.628242791,-0.598050833
3357,-0.387447417,0.202529386
3358,0.546883523,0.359796226
3359,-0.814566016,-1.463583589
3360,-1.154171824,0.336914122
3361,-0.385743946,0.098403111
3362,1.121519446,1.615866065
3363,1.991680741,-0.644598126
3364,0.609213769,-0.047642063
3365,0.881655693,-0.213904336
3366,0.019113850,0.679407656
3367,0.743441582,-0.482054323
3368,-1.230857372,-1.172820687
3369,-0.523072600,0.550541639
3370,0.546537697,0.382396549
3371,0.881717503,-2.069892406
3372,0.150742695,-1.302543521
3373,0.289843768,0.273465306
3374,-0.484571427,0.510851502
3375,0.102623686,-1.167604804
3376,-0.772939742,0.016091419
3377,-1.591545463,-2.562571764
3378,0.872718334,1.131005645
3379,0.632644594,-0.537276089
3380,0.817380130,0.063191421
3381,0.450446457,-1.588961124
3382,-0.160658196,0.054585438
3383,-1.207999706,0.529480398
3384,0.372880697,3.757516384
3385,-2.637390852,0.127439693
3386,0.294174820,-0.060737383
3387,-2.137401104,-1.643907547
3388,-0.533296764,2.340105772
3389,-0.778009772,0.339345604
3390,-1.103923917,0.648042977
3391,-0.465176046,1.616258740
3392,0.294370383,1.408929586
3393,0.859354079,-0.749877632
3394,1.675676346,-0.598978639
3395,0.298394442,0.729408085
3396,-0.741237283,1.540562630
3397,1.756603241,-1.507181764
3398,-0.399494320,-0.115223266
3399,0.491769344,0.963361323
3400,0.060000725,0.897129059
3401,1.431458950,-1.674456000
3402,-0.142738074,-0.570455194
3403,-3.381288767,-2.106016159
3404,-1.028628230,0.283599436
3405,-0.190655932,0.099228375
3406,0.377871007,-0.148937434
3407,1.202744722,-0.542476177
3408,0.204300776,-1.067811251
3409,-2.538123131,-0.863929272
3410,-0.153654829,-2.627304792
3411,0.275052786,0.789218783
3412,-0.512513876,1.605815411
3413,0.788659751,0.139035791
3414,-1.049286962,-0.741480112
3415,-1.191372037,0.805274844
3416,0.710987389,-0.709688902
3417,0.009568629,-0.123922631
3418,0.991785645,-0.600672781
3419,-0.766635835,4.052504063
3420,0.111760750,0.380764693
3421,-1.974271774,-0.720580876
3422,0.301217139,0.049348459
3423,0.433458000,-0.318823904
3424,-0.101683423,-0.068291731
3425,1.099241138,1.117021441
3426,0.824543297,0.097170956
3427,0.840092659,-0.223879457
3428,2.001725912,-1.566152334
3429,-0.367248118,-0.524580002
3430,-0.416191667,2.138668537
3431,-0.516338766,0.619318426
3432,-1.814635277,1.821869254
3433,2.530105591,0.128043368
3434,-0.398095161,0.877856076
3435,0.262482047,1.778276205
3436,1.401911616,1.390503168
3437,1.306628227,-0.522596180
3438,-0.224625692,1.036543250
3439,0.175386935,-0.472717166
3440,2.363214970,0.348858982
3441,0.287169904,-0.098809190
3442,0.879852295,1.325063109
3443,0.782817721,-0.002027439
3444,-0.437691629,-0.735275090
3445,-0.387423635,0.957136393
3446,-0.313720018,-0.382525712
3447,0.121421076,0.077299438
3448,-0.342616469,0.227387920
3449,1.466767907,1.837567687
3450,-0.619618952,-0.344519228
3451,-1.422772288,-0.320278466
3452,-1.340723753,0.848811805
3453,-0.146902040,2.362514019
3454,0.479130358,0.136481106
3455,-2.555923700,-0.291329831
3456,-1.325968146,-0.535358310
3457,-0.708849967,0.325179964
3458,-0.162159190,0.044298459
3459,-1.270539999,-2.469362974
3460,1.240507245,0.928410530
3461,4.243542671,-0.754529893
3462,1.090880036,0.973080099
3463,1.724263310,0.318034053
3464,-4.011149406,0.601533949
3465,-0.257836998,1.305906296
3466,-0.350040019,-1.250076890
3467,1.190558076,0.326000869
3468,1.426876307,0.563366175
3469,0.822492421,0.044533338
3470,-0.393449783,-0.612735927
3471,-0.252426565,-0.593148291
3472,-0.527212620,1.718998432
3473,0.557137847,0.817317069
3474,0.372519195,-2.779590130
3475,-0.326967478,-2.083654881
3476,-0.366339982,-0.375502795
3477,-0.317444146,-0.089324735
3478,-0.658901334,0.617940068
3479,-0.928151786,-0.484172016
3480,0.425961018,0.513626158
3481,-0.446529418,0.135755181
3482,0.254516244,2.532072067
3483,1.098674297,0.026581477
3484,-0.110682532,0.194569513
3485,0.726034760,-1.016692519
3486,1.329931736,0.154263690
3487,0.322961450,-0.253874391
3488,0.427495778,1.518773198
3489,-0.152026996,-0.623020232
3490,-1.272145748,-0.483073205
3491,1.312904358,0.730027616
3492,-1.233436346,-0.018659469
3493,-0.818512559,0.007799735
3494,-0.638147533,1.639601827
3495,-1.226661325,-0.686139107
3496,-0.733089328,-3.800707579
3497,0.028731346,-1.179811716
3498,-0.512723863,-0.389693171
3499,-0.153442115,0.021582752
3500,-1.886577845,0.808551431
3501,0.855911136,0.223961607
3502,1.167315722,0.461536229
3503,-1.375264168,-1.753416538
3504,1.355436921,0.158400446
3505,0.526506305,2.134911537
3506,-1.660392523,2.639034033
3507,0.585856259,0.265547097
3508,-0.076920010,-3.855735779
3509,-2.380482435,-2.050958872
3510,1.097929239,-0.628965616
3511,0.154184937,1.088562369
3512,1.490536690,-0.516309619
3513,-0.605259955,-0.018546507
3514,-1.033535123,0.849773526
3515,0.455666363,-1.904107690
3516,-0.303805113,-0.046700165
3517,1.279712081,0.136340514
3518,-0.783643425,0.496587992
3519,0.155884445,1.301370621
3520,-0.753575146,0.246483356
3521,-4.804082870,1.495070577
3522,0.051732164,-0.792711914
3523,0.142032936,-0.336540729
3524,-0.764604509,-1.276912332
3525,-1.138952255,1.052150488
3526,-0.187024638,-0.405525893
3527,-0.122523397,-0.318817973
3528,2.474202394,-1.589545846
3529,-1.307782650,1.073018074
3530,-1.923690319,0.175691664
3531,-0.352368802,1.248492002
3532,1.152676821,2.653589964
3533,1.928408384,0.290934354
3534,-0.578154624,-0.206268981
3535,-1.356496811,-0.442315102
3536,-1.077804089,-2.041042328
3537,0.227890044,-0.501852334
3538,1.330093622,-0.398367912
3539,-0.148613036,0.310827911
3540,0.267065346,0.044954479
3541,-0.270368278,0.100590713
3542,-0.723505139,-0.480421126
3543,-1.809983730,1.548528790
3544,2.620303631,-3.207995892
3545,-1.001817822,-0.215457395
3546,-1.066800475,0.333140731
3547,0.018442878,1.918897986
3548,1.260176301,-0.760701597
3549,2.487602234,-0.857880831
3550,-0.694388270,-1.035046101
3551,-2.305083275,-0.546332955
3552,-0.138442472,-0.321637899
3553,-1.258504629,-0.555389404
3554,-0.373907357,2.247847557
3555,-0.831635654,0.298456222
3556,0.512816370,-0.149939790
3557,-2.034119844,3.648821592
3558,1.205309629,0.039148185
3559,1.377464533,-0.687778354
3560,4.941906929,-0.399331570
3561,0.960935771,-0.869254053
3562,-0.423643351,-0.395904988
3563,0.141461566,-0.100323170
3564,-0.296902806,-0.342481494
3565,0.666051567,1.182291031
3566,1.343998551,-0.871874809
3567,0.483792901,1.100481510
3568,-1.813609004,-0.869185209
3569,0.415061116,0.041800588
3570,0.062832288,0.304577827
3571,-0.607652962,0.162339866
3572,-0.096889347,-0.121143557
3573,0.667235196,0.147712529
3574,-0.021372389,1.837273598
3575,0.392651409,0.332204849
3576,-2.160682917,0.971781135
3577,0.241699010,-0.821286500
3578,0.661012590,0.692850471
3579,-0.108596474,0.205794722
3580,0.358043790,0.710662365
3581,2.592737198,-1.180189848
3582,-1.559868574,3.195494890
3583,1.418798685,-2.039257765
3584,0.676059067,-0.180113867
3585,1.313244104,0.682900667
3586,-1.182286143,-2.944233418
3587,-0.208397761,-0.408797652
3588,-0.093794689,-0.684621096
3589,-1.446632266,-2.525675297
3590,-0.099676050,-0.158096477
3591,2.077704668,0.397576541
3592,0.838256061,-0.157565787
3593,-0.863095582,-0.306760252
3594,-0.276125938,0.874479592
3595,1.411678791,-0.289114028
3596,0.537649393,-0.370258391
3597,0.717061102,-0.637470365
3598,0.519247770,1.285902262
3599,0.984850466,0.693000734
3600,0.270391554,0.673310995
3601,-0.371832252,-0.065503873
3602,1.357878685,0.303171486
3603,1.889705777,-0.137156427
3604,-1.140719414,-0.649270594
3605,-1.907348156,0.560991347
3606,-1.795941830,2.562329531
3607,2.401346207,2.387499809
3608,2.108669281,-0.148996964
3609,-1.356676698,1.045632362
3610,-0.220535174,0.461816788
3611,0.617476583,0.959388375
3612,0.332804888,-0.304021567
3613,-0.560416460,2.450166702
3614,0.456412047,-0.046490744
3615,-0.804658771,-0.587525368
3616,-0.372104496,0.152058855
3617,-1.481688380,-2.350522757
3618,-0.385078400,0.258559734
3619,-1.603881359,1.424413800
3620,0.078606188,0.780703843
3621,1.355480075,1.399554729
3622,-0.588032842,0.357154399
3623,-1.488042951,0.442028344
3624,-0.686612964,-1.102784991
3625,0.148089603,2.080889940
3626,1.097496510,0.763473153
3627,-0.471393466,0.102192827
3628,0.418888181,-0.077428341
3629,-1.339765787,-0.875388861
3630,0.847507536,0.015742663
3631,-0.362438977,-1.373492122
3632,-0.636482239,2.019434452
3633,-1.161452174,2.780418873
3634,0.750582457,0.227345541
3635,0.975973547,0.415985882
3636,-0.010106663,0.176620096
3637,1.921146631,3.693972588
3638,-1.225518227,1.457857966
3639,-2.508718014,1.223298550
3640,2.618382215,-1.066326261
3641,-2.818122149,0.006149916
3642,-1.024053693,-0.038542919
3643,1.480728030,0.885806978
3644,2.613250732,-2.672067642
3645,0.462358564,-0.119502112
3646,0.469922513,0.468367815
3647,-0.728379071,-1.704417825
3648,-0.372392029,-0.186638758
3649,0.315350890,-0.351068109
3650,-0.521010578,-3.341840982
3651,0.326970547,-0.535214186
3652,-3.275287151,0.478119850
3653,-0.639599562,-0.624605775
3654,-0.176038727,0.817745924
3655,-0.094458826,0.699091554
3656,-1.465566158,-1.846717715
3657,0.099411018,1.326944113
3658,0.178140134,0.116788983
3659,-0.825504363,0.483526677
3660,0.691720068,0.787684083
3661,0.458136857,0.382460862
3662,2.844396353,-0.046551958
3663,-0.553156495,-0.117610738
3664,0.045954976,-0.221703172
3665,0.492892265,0.192602709
3666,-0.247207075,-0.159729034
3667,0.700852215,-1.017478585
3668,-0.483907044,-0.668219686
3669,0.831392586,1.386981845
3670,1.367233396,-0.652118087
3671,0.995260239,0.460255831
3672,-0.576811492,-1.132215500
3673,0.654346704,0.379121572
3674,-0.000098959,1.370937586
3675,-1.567009091,1.890428424
3676,-1.689025879,-0.407249063
3677,0.788492680,-0.897413552
3678,1.248397589,-0.655428410
3679,-0.841854453,-1.031420946
3680,-0.495822579,-1.776850700
3681,-0.929429591,0.927550375
3682,0.551815331,-0.106112204
3683,0.207875386,0.442036778
3684,-1.124208331,-0.460236639
3685,-1.834824681,-1.700933337
3686,-2.238353014,-0.519453824
3687,1.618327022,-0.906253397
3688,0.791522264,-0.171634346
3689,0.110858507,-1.000988126
3690,-0.055066396,0.299561650
3691,0.563379824,-0.156554520
3692,-0.328605145,0.366050899
3693,-0.191070497,0.033882897
3694,-2.296398640,-0.037483472
3695,-0.722447217,2.409344196
3696,0.130155280,-0.899502337
3697,-1.359185219,0.504619956
3698,-0.144738331,-0.139998063
3699,0.300004631,-0.032886267
3700,-2.593156099,-1.023550272
3701,-0.107009485,1.660093188
3702,1.192263603,-0.677432179
3703,-2.350757122,2.483845472
3704,3.025306702,-3.563654900
3705,1.400569320,2.184644699
3706,-0.466209263,0.557845592
3707,-0.469884723,-0.580228329
3708,1.087993026,-0.528237104
3709,-1.172253966,-1.707631111
3710,-1.458760381,-0.930046141
3711,1.072238684,-0.390991122
3712,0.845053315,-1.192302704
3713,-0.180499822,-1.223386765
3714,1.219039798,-0.682262123
3715,1.176468968,1.452264905
3716,0.784004033,0.023277838
3717,0.774170816,-1.156005740
3718,-2.643875122,0.944878638
3719,1.650610328,-0.048831414
3720,0.230900183,-0.451232165
3721,2.052542210,1.022068977
3722,-0.528524935,0.314606726
3723,-0.912203908,-0.424700767
3724,1.172723532,0.728557885
3725,0.167217582,-0.042366929
3726,0.200948149,-1.494613290
3727,-0.439270854,-0.431178868
3728,-0.653896093,0.203241587
3729,-2.408578396,1.786362767
3730,0.133210912,0.590396166
3731,-0.400361061,-0.718673289
3732,-0.759077609,0.891281545
3733,1.746081829,-1.347561121
3734,-0.580283642,-1.256966949
3735,-0.736962914,0.649100006
3736,0.335498929,-0.946462512
3737,-3.306068420,-0.912913263
3738,-0.594314158,-0.009086723
3739,-0.662491083,1.750931978
3740,1.205412865,0.264086813
3741,-0.240368143,-2.065535069
3742,0.157399148,-0.021587374
3743,-0.351669818,0.747761190
3744,-0.434893817,-2.498165369
3745,1.014163136,-1.322358370
3746,-1.915059447,-2.774398327
3747,1.115416884,-0.617823005
3748,-0.770580888,0.137278095
3749,-3.376966476,0.778552890
3750,0.722119689,5.001130104
3751,0.490499973,-2.424315453
3752,0.132790163,0.232122540
3753,2.365812540,-2.105030775
3754,-0.701563954,0.310100019
3755,-0.124600247,0.115546286
3756,-0.017192446,0.304526806
3757,1.269481063,0.688556552
3758,-0.904412031,1.403643012
3759,-0.778111637,-3.126272917
3760,-1.352561116,-2.122707367
3761,0.665897727,0.761733413
3762,1.136600256,0.621129394
3763,-0.046378423,0.597284317
3764,1.174125314,1.038402915
3765,1.343378544,0.027720697
3766,-0.123782985,0.972350001
3767,-0.360299796,0.122200154
3768,0.862237811,-2.417542219
3769,0.858360291,1.293273568
3770,-0.210570097,0.525366724
3771,-0.466804981,-1.896568537
3772,-0.452803135,0.775193751
3773,0.617983341,-1.439665318
3774,2.294632912,-0.320530653
3775,0.008697143,-1.675834298
3776,-1.758280158,0.945916772
3777,-2.257408142,0.097538203
3778,0.223220527,0.010783923
3779,0.653234065,-1.870504141
3780,0.055760041,2.929299831
3781,1.342830539,0.798820794
3782,0.537763059,-0.755732775
3783,-0.415117741,1.043264866
3784,-0.599113345,-3.021950960
3785,0.058515593,-0.270523667
3786,0.280338436,0.868804038
3787,1.142633915,-0.591588497
3788,-0.983033478,1.033479810
3789,-2.168267488,-0.517074704
3790,-0.097883455,-1.904591560
3791,-0.191001579,-0.430631489
3792,-3.698167801,1.268867731
3793,-0.016251747,-1.169664025
3794,1.791618943,1.897893548
3795,-0.267151147,1.249019623
3796,0.029257573,-0.269154847
3797,-0.224839583,-0.136755541
3798,-1.070541024,0.539107203
3799,-0.902498424,0.596412718
3800,0.670137584,-2.002058744
3801,1.317123413,-0.420273334
3802,1.344294786,1.030702591
3803,1.788300395,-0.914724708
3804,-1.469340205,0.595148325
3805,-2.186744690,1.018864512
3806,1.538937449,-0.383797020
3807,0.196065009,0.687142432
3808,1.491304994,1.210631132
3809,-2.148921728,-2.789042473
3810,-1.952849388,0.248357475
3811,0.587545037,-0.350060821
3812,0.850412428,-0.409303963
3813,-0.853680670,0.220230445
3814,-0.361921072,-1.696242690
3815,0.644639969,0.054875091
3816,-0.663259745,-1.217999339
3817,1.586484909,0.206142291
3818,0.336259305,-0.313787699
3819,0.018801056,1.485884190
3820,-0.721877456,-0.293669313
3821,0.159610659,-0.512925565
3822,-1.124364376,-2.189698219
3823,0.345776856,-0.815143883
3824,1.138445854,0.037434384
3825,-0.032914542,1.303316116
3826,-0.171513975,0.256717175
3827,-0.915743887,0.319626331
3828,0.560012460,-0.749761403
3829,-1.265108705,0.017752035
3830,0.836722016,1.735975146
3831,-3.199254036,1.704998493
3832,-1.055422187,-0.357511014
3833,-0.166812018,-0.395442605
3834,-0.146411985,-0.041917734
3835,0.066899933,-0.326528609
3836,-0.236437351,0.362724274
3837,0.354759365,0.106527276
3838,0.380276978,0.133047000
3839,0.086232893,0.550748408
3840,0.118561678,0.260005981
3841,2.077897072,1.858516455
3842,-2.805263281,-1.771102786
3843,1.377794147,-1.168143392
3844,-0.057683360,0.703616023
3845,1.050970793,-1.491749763
3846,0.630221784,-0.215356961
3847,0.423444778,0.871517122
3848,0.221864656,1.568620801
3849,0.572332144,0.045655105
3850,-0.604824960,-1.187158823
3851,0.708540142,-0.659619868
3852,-1.400058508,0.205074906
3853,0.621936321,-0.803913772
3854,-0.480614543,2.242910385
3855,-0.987944961,0.522752285
3856,0.445853263,0.224819109
3857,1.387420416,1.275259852
3858,0.648555398,-0.942717612
3859,-2.057271719,0.048105434
3860,0.697652936,-0.197754130
3861,2.647468805,2.902314425
3862,1.465677381,2.069918394
3863,-0.016535729,-1.578644276
3864,1.371231079,-1.379926443
3865,-0.340635806,1.452681899
3866,-0.115093432,-0.098310232
3867,-0.176730931,-0.180308506
3868,-0.895988941,0.972129345
3869,1.000188351,0.390948057
3870,1.384803653,0.226535052
3871,-0.115896143,2.184161663
3872,-2.234041929,0.839265764
3873,-0.559351265,-1.190217614
3874,2.792321205,-1.481788039
3875,-1.321013331,0.385607690
3876,-0.171614230,0.013905468
3877,-0.447517782,0.174313098
3878,2.051901102,0.241218582
3879,-2.607330322,-0.213546485
3880,-0.908662677,1.341290474
3881,0.135896534,0.493611842
3882,0.510757804,-1.043244720
3883,1.601134777,-2.243414402
3884,0.502047300,-1.829762101
3885,-0.138859540,0.034371216
3886,-1.765419602,-0.130825311
3887,1.180147409,-0.354965597
3888,0.917236507,1.515119433
3889,-0.605518341,0.659024537
3890,-0.597327411,1.884011865
3891,0.755555391,0.928532660
3892,-1.441347837,-2.110129356
3893,-0.833945215,-1.660742760
3894,-2.168097496,0.554264665
3895,-0.325173289,-0.185299709
3896,-1.403106689,-0.354184568
3897,-0.395407826,1.304994226
3898,-0.581061065,-0.919704080
3899,1.467897534,0.671820819
3900,-1.799306989,-1.210340142
3901,0.562240601,1.584787130
3902,-1.427400231,4.169366837
3903,1.020905256,-1.376137972
3904,-0.504158080,0.165701866
3905,0.459625810,-1.943002343
3906,-0.222680345,-0.093245044
3907,0.083522856,1.278709650
3908,0.306465864,1.154431224
3909,-0.903063416,-0.003157781
3910,-0.966281950,-0.738089144
3911,-0.652192056,-1.613923669
3912,-0.825289965,0.062515922
3913,0.824067295,0.466120809
3914,0.024711547,-0.419691026
3915,1.196465731,0.626452625
3916,1.808342934,-1.795315862
3917,0.041817311,-0.438274771
3918,2.588983536,1.769868731
3919,-0.192576677,-0.801643312
3920,1.142164111,1.992908120
3921,-1.477364063,-3.101178646
3922,1.555117726,1.677402020
3923,-1.127673984,0.020189779
3924,0.852228224,0.600467741
3925,0.146805316,-0.534563005
3926,0.011628788,0.469748437
3927,0.346918344,1.152399182
3928,-0.520037115,0.081594445
3929,0.636793613,1.662861824
3930,-0.702170908,-1.296696186
3931,1.227601409,-0.503297091
3932,-2.143396616,0.752164245
3933,-1.749471426,0.953404784
3934,-1.021392941,-0.762096703
3935,0.204587579,-0.634233475
3936,-0.251568735,0.883266211
3937,0.532114565,-0.228700757
3938,-1.653808117,-1.354145765
3939,-0.167695045,-0.071452521
3940,-0.694224000,-0.797957420
3941,1.677616000,-0.121427521
3942,1.129224896,1.405108690
3943,0.841152966,-2.352660894
3944,0.666929424,0.045063809
3945,0.120492756,1.034243226
3946,0.803460240,-1.099944949
3947,1.296980858,1.004672647
3948,-1.318187952,2.676909924
3949,-1.403754592,-0.042245731
3950,-0.557626367,1.227926612
3951,-0.406191945,-0.134656489
3952,0.979004264,0.940749943
3953,-0.305251390,0.931777775
3954,-0.298406780,0.583148181
3955,2.354878664,-2.478914499
3956,0.240938038,0.051349778
3957,-1.165651679,-2.466331720
3958,-0.674827278,1.350614786
3959,-0.858438015,0.041536760
3960,-0.574162006,-1.107495427
3961,-0.519865811,-0.287702024
3962,-0.710620046,-0.790059447
3963,-1.852555990,0.609342575
3964,0.460914433,-0.929769278
3965,1.411125660,-0.293726534
3966,1.049329758,-2.144064665
3967,0.074499898,2.184990883
3968,0.595278680,1.321745515
3969,-0.933318198,2.510482073
3970,-0.040913258,1.765081048
3971,-0.259118170,-0.503791809
3972,-0.290003538,-1.408201933
3973,0.873325467,-0.021511054
3974,-0.227869287,1.398792863
3975,-0.430990487,0.241931528
3976,-1.321330667,-1.951710463
3977,0.273606092,0.464605063
3978,-0.833072364,0.418736160
3979,0.885828018,-1.759262323
3980,-0.245384917,-0.178535953
3981,-0.198668182,-0.515038848
3982,-1.529012561,-0.691656530
3983,-0.188536793,-2.759998798
3984,1.774930239,0.081406824
3985,-0.192597657,0.242779091
3986,-0.159201890,0.865447402
3987,1.451401472,-1.199459791
3988,0.022454659,-0.217897639
3989,0.207202941,-0.175893530
3990,0.733415842,-1.575282574
3991,0.315537453,-0.495489597
3992,-0.109388225,0.311267376
3993,-0.110187389,0.602264106
3994,-1.074862719,-1.508676171
3995,0.272359669,0.245771781
3996,0.165330708,-0.024557767
3997,-1.975089312,-0.385569751
3998,-2.154408932,0.000667974
3999,-0.618737519,-2.195536613
4000,-3.051784992,-3.810929775
4001,0.537825406,0.765095592
4002,-0.045433253,1.974872351
4003,-2.301406145,-0.652039587
4004,-0.476145655,0.462029308
4005,0.870900750,2.049411297
4006,-0.010965729,0.066064470
4007,-1.008905172,0.517707348
4008,-1.995751143,0.819163382
4009,-1.949742079,0.470127344
4010,-1.084230781,0.419034392
4011,1.146981716,-0.148301303
4012,-0.074882142,1.034000754
4013,1.349372268,-0.741745174
4014,-0.068587542,-0.577992141
4015,0.853460789,0.625383675
4016,0.509390533,0.066812649
4017,-0.467125386,0.174966589
4018,1.073050976,-0.737262189
4019,1.519098639,0.626388490
4020,1.440915465,-1.394337296
4021,-0.970208466,-0.113863461
4022,1.105584264,0.073902644
4023,-0.099913552,-2.934414387
4024,0.540655136,-1.106024384
4025,-1.080607772,0.878145576
4026,-0.048727307,0.807225406
4027,-0.831975758,1.057847857
4028,-1.497498274,-0.012180886
4029,1.028815389,-1.828228831
4030,-1.372438669,2.556040287
4031,0.372559279,0.243114650
4032,0.368716806,0.078693047
4033,-0.768561959,-0.062336192
4034,1.176435947,1.708534718
4035,0.542208791,2.143035889
4036,-0.368900716,-2.125682116
4037,0.155361637,0.644037127
4038,-0.866119206,-0.075914048
4039,0.381202012,-0.311590582
4040,0.296755612,0.954050660
4041,1.520628452,1.301787257
4042,3.110900402,-1.158528805
4043,0.203876123,-0.676849484
4044,-1.537577152,-0.741586685
4045,2.073777437,0.245557040
4046,0.210537016,0.553904891
4047,0.644922435,-0.576409519
4048,0.802546084,0.185412169
4049,0.126360551,-0.099189803
4050,2.131530523,1.541135311
4051,-0.702859759,2.507718325
4052,-2.147841454,1.075692654
4053,0.674938560,1.505724192
4054,-1.815113664,-0.241358310
4055,0.799666405,0.470708013
4056,0.685452938,-0.976587951
4057,-0.061412174,0.822185397
4058,0.512118220,-2.098855495
4059,2.065095186,1.091193676
4060,0.719587088,0.094791979
4061,0.563406944,-0.087943465
4062,-0.448461145,0.296765029
4063,-0.536588430,0.627641261
4064,1.648521185,0.090071060
4065,0.442924619,-0.340960592
4066,0.018055676,-1.570583344
4067,-0.112309150,0.711187005
4068,-1.104463816,0.379162461
4069,0.199591488,1.193212867
4070,1.726048708,-0.216837391
4071,0.320462912,0.586796701
4072,-0.297284484,-0.574775457
4073,-0.208797053,0.556942582
4074,-0.118156768,-1.151788712
4075,1.266636848,-0.456995636
4076,-0.285142392,0.095082447
4077,-1.952848315,-0.258699983
4078,0.752202988,0.939588368
4079,-0.595698714,-0.780335128
4080,-1.267874360,-0.515259862
4081,-0.395796597,-1.034326911
4082,-1.613237143,-1.146592617
4083,-0.705521166,-1.074310303
4084,0.330296189,-0.041908517
4085,0.307053149,-1.472283602
4086,0.214327514,0.130298421
4087,-0.437195033,1.734501839
4088,-0.020126345,-0.347066522
4089,-0.388895184,0.193401441
4090,-1.186958551,0.749477327
4091,-0.895192564,-1.586972117
4092,1.556425810,-0.273813188
4093,-0.029909099,-0.171523452
4094,-0.523248315,0.043608833
4095,-0.161778003,-0.130676255
4096,2.428764343,-0.899937689
4097,0.926835537,-1.363286495
4098,-0.627685368,1.095100403
4099,1.456022739,0.978366494
4100,2.744727612,-1.483882785
4101,-1.071762323,-0.627614677
4102,-0.831974804,-0.492465466
4103,-1.339065671,-0.859180689
4104,2.806273460,1.280756950
4105,-0.464626700,-1.279999018
4106,-0.592201054,-0.360017031
4107,-0.420634985,0.197761834
4108,0.401959449,-0.247753069
4109,-1.260935783,1.113251090
4110,0.240229398,-0.165847957
4111,-0.487308472,-0.207986847
4112,-1.840300918,2.321815252
4113,-0.990021229,-0.975965083
4114,1.720823169,1.248179793
4115,1.704849124,2.037379503
4116,-0.112815544,-0.148802385
4117,-1.194307327,-0.631255805
4118,0.243905768,2.575630903
4119,0.628523529,0.450000554
4120,0.144653514,-0.178602144
4121,0.860520720,1.461045623
4122,3.253328323,-0.822098494
4123,-0.341085851,2.966629267
4124,1.330996513,-0.269497871
4125,-1.384496570,1.705460548
4126,-0.133798674,-0.843533933
4127,1.698773742,0.611747980
4128,0.524475813,1.576269746
4129,0.281698197,1.052985311
4130,2.162992477,-1.584257007
4131,1.115802288,-2.271343946
4132,1.026223421,-0.013412449
4133,-1.011470079,-1.038738966
4134,0.953281820,1.184912801
4135,-0.733118594,-0.328124195
4136,-1.665718436,-0.001151257
4137,0.995611668,2.201271296
4138,0.084319584,0.205166072
4139,-1.835900426,-1.690304041
4140,-0.353489101,3.326503754
4141,-0.604807734,-0.562722802
4142,1.199733853,-0.136392787
4143,0.515499055,-1.227001667
4144,0.183071688,-1.310525656
4145,0.091121510,-0.081197076
4146,-1.476673007,1.171189070
4147,-0.689547122,-0.722093523
4148,0.236552149,-0.626778126
4149,1.684969306,1.010003924
4150,2.042480946,0.129348516
4151,1.623751163,-1.400931239
4152,0.963759005,0.601894081
4153,0.135592267,0.352261186
4154,2.074864149,-1.154259682
4155,-0.842307270,1.377750278
4156,1.192246675,0.026964840
4157,0.005296027,-0.241109431
4158,0.462823272,1.461458206
4159,-0.395285696,0.247978672
4160,1.501645088,1.046755552
4161,-0.727051854,-1.125813365
4162,-0.725753486,-0.172598973
4163,0.183012202,-1.430653930
4164,-2.114324808,3.400351286
4165,0.498336911,-0.205005705
4166,1.120945573,-0.090212293
4167,-0.525876760,-1.760511756
4168,1.314040303,2.137356758
4169,0.294328153,-1.071530581
4170,1.083171725,1.124677300
4171,-0.809424996,-0.320174664
4172,0.635061145,-0.737805009
4173,0.406538695,0.716034114
4174,0.172139764,-2.140166998
4175,1.667533159,-0.779180169
4176,0.176478043,1.045992374
4177,1.811279655,-2.571959972
4178,-0.356032670,-0.673445284
4179,-0.143681422,0.168342173
4180,0.689550757,-1.343497753
4181,1.468454361,-1.863397479
4182,-2.803502560,-1.420617342
4183,0.660374761,0.739685059
4184,0.252501011,0.471933186
4185,-0.116033696,-0.007074280
4186,-0.395397693,-1.218176365
4187,-0.102720171,2.727516413
4188,2.232805729,1.265843391
4189,-2.039328337,-2.891817570
4190,0.160485238,-0.030646823
4191,-1.042555332,-1.230532050
4192,0.539153636,0.682331026
4193,-2.408476830,1.336170673
4194,-1.286461115,-0.217462018
4195,-3.197587967,-0.830043793
4196,-0.890821755,-0.797850013
4197,0.967790663,1.234797716
4198,-2.005003214,-0.947067499
4199,-1.928021789,0.066694148
4200,-0.927861750,0.129275382
4201,0.410050064,-0.813757241
4202,1.428027153,2.129374743
4203,-0.373773634,1.457697153
4204,0.311086774,-3.564793825
4205,-0.730254173,-0.134359077
4206,1.178496480,-1.258310080
4207,-0.057607375,1.153796792
4208,-0.563898265,1.165596604
4209,-0.484700859,-0.587312579
4210,0.882742703,0.374229163
4211,-0.176564097,0.811091900
4212,2.008299828,-2.226708889
4213,-2.553481817,1.544322491
4214,-0.037086789,-0.246922061
4215,0.921557307,-0.990984917
4216,0.270653546,0.938865423
4217,-0.880784810,0.555407107
4218,3.570235491,0.419944942
4219,-1.064901948,1.405750990
4220,0.752047122,4.909095287
4221,-0.137964234,0.703791320
4222,-0.872448981,0.354508907
4223,-1.011918068,-0.383086175
4224,-0.986172497,0.626420915
4225,0.368762821,-1.312631011
4226,-1.131776929,1.121102929
4227,0.428377777,-0.101404756
4228,1.841186285,0.889354944
4229,0.162640676,0.010217048
4230,0.143832162,0.170122072
4231,2.398139238,-0.216698110
4232,-0.049866080,0.121118307
4233,-0.563074887,-0.647163272
4234,-1.475268841,1.557358146
4235,1.150612950,-1.337802887
4236,-0.170682102,0.190384358
4237,-0.904141247,-0.458344758
4238,-0.302563131,2.027732372
4239,-0.164150134,-0.352885485
4240,1.711553574,-0.701189518
4241,0.195272610,2.077324629
4242,0.225471526,-1.382059693
4243,-1.099014044,-1.302286625
4244,0.622848988,-0.242126256
4245,-1.089052439,0.162398115
4246,1.367556810,-0.106397830
4247,0.649595201,-1.386263847
4248,1.962631464,2.004833460
4249,-1.679367661,-1.797629833
4250,-0.172012269,-0.117670856
4251,-1.480427027,0.756783366
4252,0.226129845,0.098958552
4253,0.284608603,-0.109972492
4254,0.454730809,-1.128177047
4255,0.154355213,1.685551167
4256,1.250758052,0.487596363
4257,-2.902493238,1.871254086
4258,-1.298636079,-0.953726590
4259,0.840621769,1.084536195
4260,1.110023379,0.507751346
4261,0.111679710,-0.220482990
4262,-0.579299390,0.130853549
4263,-0.827383816,0.140391380
4264,-0.849086285,1.059287071
4265,-0.751104951,1.234593749
4266,-0.535607338,-1.610154510
4267,-2.743757725,-0.069368184
4268,2.586366415,1.633327246
4269,2.044358969,-0.736863732
4270,-0.552506328,-2.104825735
4271,-0.166918978,-0.170644015
4272,2.084121943,0.048577428
4273,-0.648796439,0.685690105
4274,0.305482745,0.496979326
4275,3.042123079,3.286918640
4276,1.068914533,0.982758343
4277,-0.648931623,0.366467953
4278,-0.469566286,0.844572663
4279,-0.391524673,-0.342652351
4280,0.327893466,-0.910336435
4281,1.325991988,1.114200473
4282,0.350207835,0.104894467
4283,0.359921902,0.252761573
4284,0.540533125,-1.515101671
4285,-0.566983283,-1.517262101
4286,1.711820006,-0.826529205
4287,0.979963839,0.225553870
4288,0.448423684,-0.050557356
4289,0.158140674,-0.066315472
4290,1.752949476,1.742305875
4291,-2.174967766,0.661838591
4292,1.069092393,-0.837990761
4293,-0.150654539,0.146948621
4294,-1.896717787,-1.188117266
4295,2.608122587,-2.477777004
4296,1.505920291,-0.156052694
4297,0.843146503,2.291359901
4298,-1.663606644,0.898210704
4299,0.243838400,0.874402821
4300,-1.227483273,-0.721727610
4301,-0.259298265,-0.946064651
4302,-0.064447731,0.123671599
4303,0.538452208,1.438510180
4304,0.388072670,2.088518620
4305,-0.700991571,1.874268174
4306,1.725588441,0.593195617
4307,-0.657722116,0.103293709
4308,-0.026568361,-0.288283497
4309,-1.570034266,0.168646976
4310,0.787672997,1.154377222
4311,-0.278213471,0.683231354
4312,-1.651969075,0.634302378
4313,0.931799769,-0.828042626
4314,0.332847238,1.825809121
4315,0.892859280,-0.961928904
4316,3.196240664,-1.996058106
4317,0.366321474,-0.193237498
4318,1.936501384,-0.348534524
4319,0.431615531,-1.142349482
4320,-0.787900209,-1.310382009
4321,-0.784397662,-0.632897198
4322,0.275321126,0.481025189
4323,0.155447423,-0.208729565
4324,-1.783974409,0.451912165
4325,0.079787329,0.181708649
4326,1.659708858,-1.190458775
4327,-0.251907676,1.335503697
4328,0.021051114,2.743659973
4329,-0.406917900,1.702714801
4330,1.673237920,0.004606113
4331,0.852624655,0.249639601
4332,-0.906133235,0.322407067
4333,-0.921115994,-0.197585061
4334,-1.236323476,0.790259123
4335,0.326773524,-0.228672758
4336,2.488700628,0.035912834
4337,-0.969705820,-2.140164375
4338,0.171165779,-0.143806309
4339,0.051451262,0.579699337
4340,0.984655976,0.743972898
4341,1.436782479,-1.793629527
4342,-0.909887493,-0.122619562
4343,-0.158574015,-0.323541045
4344,0.032077897,-0.511301577
4345,0.046502162,0.640028536
4346,-1.250665665,-1.284312248
4347,-0.744489312,-0.021393117
4348,-0.281863302,0.225846335
4349,-1.851665616,-0.057078473
4350,-0.624185026,-1.082041025
4351,1.256364942,-0.150470614
4352,1.308039188,-1.328835964
4353,0.283928901,0.910223305
4354,1.823766232,0.326572865
4355,-0.063264683,-0.173941851
4356,-1.978677154,0.511015952
4357,0.123181440,2.199134588
4358,-0.722064257,-0.260918379
4359,0.154245839,0.071239308
4360,-2.493235588,-1.734871864
4361,-0.972147465,2.897143126
4362,0.068461664,-0.143852368
4363,0.370500505,0.213744313
4364,1.159748912,-0.593973100
4365,-0.481279880,0.496657699
4366,0.001674637,-1.980317473
4367,-0.732514381,1.090424895
4368,0.468315542,0.635093749
4369,-1.122665882,-1.270186663
4370,1.923772335,-0.562256813
4371,0.328095257,-0.430362314
4372,-2.080945015,-1.853811145
4373,-1.331485748,0.041112043
4374,2.968803644,-1.113227367
4375,-0.363759637,1.255082607
4376,0.182998523,0.322163612
4377,0.186484128,0.777747691
4378,-0.457241803,0.899904370
4379,-0.313920438,-0.793961763
4380,-0.105808005,-2.415085793
4381,-1.459813237,1.444027185
4382,0.917169571,0.983016610
4383,2.380755663,3.136712074
4384,-0.396033198,-0.167411491
4385,-0.565159917,0.454037756
4386,-0.107885458,-0.640783846
4387,0.220757574,-0.808342218
4388,-0.486456960,0.291594625
4389,1.365084887,-0.231738508
4390,1.012620211,3.372837543
4391,0.399600893,-0.141883731
4392,0.157107040,0.912019253
4393,0.597190142,0.787562609
4394,1.677409530,-1.819987535
4395,0.089255884,0.268526047
4396,0.565379798,-0.550908804
4397,-0.093478560,-0.285509676
4398,-0.422789752,0.439772606
4399,0.648702145,0.970160067
4400,0.403805405,0.410279840
4401,0.117599279,2.026775122
4402,-2.110223532,0.094057687
4403,0.303259671,3.509285688
4404,-0.624246120,0.475778878
4405,0.073978260,-1.067782521
4406,-0.849557459,-0.923212171
4407,-1.041476488,-2.519507170
4408,-3.157398939,-2.603351355
4409,-0.255163640,0.571525872
4410,-0.162621334,-0.863432169
4411,1.543795705,-1.058151484
4412,0.267304033,0.803671181
4413,0.029280094,-0.361344039
4414,-2.502160788,-0.335419506
4415,0.203116313,-0.068556212
4416,-1.761880517,1.977149010
4417,1.340032101,2.866988182
4418,-0.088989586,1.291643500
4419,0.911004126,0.129855052
4420,-0.294422090,-1.406974673
4421,0.484593332,-0.810561299
4422,0.849881291,-0.561934292
4423,-2.291131735,-0.993346989
4424,-0.170506805,-0.422274470
4425,-1.024420977,-0.034528133
4426,-1.421823144,0.385850310
4427,-2.504257679,0.371001869
4428,-0.565006435,-0.824781001
4429,-0.971117914,0.416732490
4430,0.243345201,-0.225366458
4431,0.795568228,0.200191200
4432,-0.579008222,1.704850078
4433,0.086273439,-1.650189638
4434,0.435215175,-2.474662304
4435,-0.705925465,0.966000140
4436,-0.382589579,-0.196024999
4437,0.194521800,0.072691284
4438,0.493960321,0.706428111
4439,-1.077998161,0.533125162
4440,0.516897619,0.941107213
4441,-0.487927914,-0.978224277
4442,-2.577128410,1.524280787
4443,-0.415817887,-0.438466698
4444,-1.240289688,-0.588523030
4445,0.259917647,-0.177523151
4446,-0.513661921,0.155616313
4447,-0.265858144,-0.008677707
4448,1.237464666,-1.505709648
4449,-1.732834578,0.881547928
4450,2.634074211,0.751636446
4451,0.565571129,-0.645909071
4452,1.738584638,1.637253284
4453,0.213122576,-0.391819596
4454,0.185782924,0.360883176
4455,1.121768355,0.295685470
4456,-0.378995657,2.138777018
4457,-0.228616148,-1.936707258
4458,0.085767686,-1.131723166
4459,0.423997164,1.570706010
4460,-0.133324668,-1.784150243
4461,-1.451004982,-0.961752951
4462,-0.155665025,2.264338732
4463,2.032667160,0.007873184
4464,-0.536774993,-1.644787908
4465,-1.151548982,0.350160271
4466,0.199063808,0.021115348
4467,0.089826405,1.282113671
4468,-0.051148806,0.032466002
4469,0.698105216,-1.249807596
4470,-0.202629015,0.052231465
4471,2.498572826,0.463051707
4472,-0.348492682,0.943613827
4473,-0.060428143,0.171039596
4474,0.151790991,-0.089462467
4475,-0.590387404,0.715757549
4476,-0.025199911,0.235955536
4477,0.799436569,-0.733698726
4478,-1.168527603,0.730539680
4479,-0.789810777,-1.433158159
4480,0.675678551,0.395173758
4481,-0.843399704,-0.636600614
4482,-0.177842394,0.392954797
4483,0.077841036,1.646145821
4484,0.008902852,-0.166354567
4485,0.565838814,1.297984719
4486,0.094885416,-1.630933642
4487,0.363777429,2.429668903
4488,-1.073699236,0.200401917
4489,0.170597583,-0.418807000
4490,0.673144281,0.943644583
4491,0.971977413,0.453837395
4492,1.050867677,-0.237815797
4493,2.724213123,-0.531765401
4494,0.719968140,-1.502540588
4495,0.095674776,-1.341530800
4496,0.493836343,0.563039780
4497,0.258127421,-1.196612597
4498,0.254845560,-0.839888394
4499,-2.594732285,2.476791859
4500,0.471032232,-0.724235237
4501,-1.189733386,2.012858629
4502,0.171301901,-2.015878201
4503,-0.367816359,-0.191644803
4504,0.570054233,1.566830516
4505,-1.705686212,0.196658254
4506,0.027906062,-0.936474800
4507,-0.858671784,-0.031891782
4508,0.574955165,-0.393872529
4509,0.892931581,0.035564922
4510,-0.562118053,-1.036237359
4511,0.649894416,0.509246945
4512,1.143416882,-1.068923593
4513,-0.114399560,-0.246452779
4514,2.122164726,-1.172687769
4515,-3.341871500,-1.269216180
4516,-0.145275339,0.125242546
4517,0.848885119,0.234079659
4518,-0.197155461,0.107095107
4519,-0.188558176,0.042889588
4520,1.905824065,0.040723011
4521,-0.277196735,-0.705274105
4522,-0.029565025,-0.186318323
4523,0.186670378,0.044600911
4524,2.091135740,1.796491027
4525,-0.464792848,-0.501727819
4526,-0.565331161,-1.951795220
4527,-2.145334721,2.133682013
4528,-1.570013404,-0.360120237
4529,-0.629443288,0.120838031
4530,-1.918457150,1.279252172
4531,-0.361997813,0.210220411
4532,0.393932343,-1.230784655
4533,-0.610121429,1.407725334
4534,-0.159663081,-1.179166198
4535,-0.604918838,0.815191448
4536,-1.120889664,0.382420510
4537,0.060240485,0.461888611
4538,-0.778690219,-0.696087003
4539,0.082542494,-1.374498725
4540,0.717567563,-1.220901012
4541,0.194195434,-0.183717549
4542,0.709599495,-0.396756917
4543,-0.302469105,-1.772068143
4544,-0.834258139,1.376287341
4545,-0.240864590,0.202175051
4546,-1.684790015,2.105018139
4547,1.765106201,1.711866379
4548,0.381672084,0.246651128
4549,-0.037936840,1.276316643
4550,-3.414550543,-0.675525367
4551,0.444721699,1.519784570
4552,0.148746803,-0.767850757
4553,-3.668933868,-0.863428891
4554,0.947613418,0.101388358
4555,-0.963117421,0.542527378
4556,-2.432636738,1.558788300
4557,2.785389423,-1.322493911
4558,1.093182087,-0.245259970
4559,0.493405998,0.193197653
4560,0.786377013,0.407427549
4561,-0.840563178,0.596169412
4562,0.699864864,0.003443604
4563,-0.147413865,1.015192389
4564,-0.533711016,1.627998590
4565,-1.017882586,2.429788351
4566,-0.584643006,-1.398971200
4567,-0.169081211,-0.189586550
4568,2.985549688,-0.722205579
4569,-1.903432727,-1.512918234
4570,-1.723897934,-0.239866897
4571,-0.340537220,-0.363302618
4572,1.175774813,-0.557921529
4573,-0.609988332,0.284867138
4574,1.149032354,-0.895435274
4575,0.229442149,0.056054551
4576,2.569457769,-0.271733671
4577,-0.231441990,-2.039769173
4578,-2.219354153,0.832378924
4579,0.682973742,-1.118382335
4580,-0.283429831,-0.299746513
4581,0.552437782,1.310844779
4582,-0.039707333,0.168922052
4583,-0.025394388,-0.333006978
4584,-0.301420599,1.081501961
4585,0.659979045,1.103999972
4586,-1.208334804,2.349063158
4587,-1.498598695,-0.172915012
4588,-1.752928495,0.343123585
4589,0.133010179,0.068571240
4590,0.966414571,0.619387269
4591,1.022040129,0.490449220
4592,4.176761150,0.366973519
4593,0.126168385,-0.830308676
4594,0.845416784,0.062573232
4595,0.057549000,0.777400792
4596,-0.122229338,-0.592980981
4597,0.297990471,1.623829842
4598,-0.888775647,-0.168264791
4599,-0.817720473,0.815931499
4600,0.762001216,-0.700579524
4601,-0.137423515,-0.073345713
4602,1.754356146,1.612534404
4603,0.712403595,0.363166034
4604,-0.181418300,0.488200337
4605,-0.706719160,-2.914327145
4606,-0.653095186,0.907294631
4607,0.597480536,-1.873902202
4608,0.382051468,-0.744326115
4609,0.222837806,-0.639423013
4610,-1.078094244,-0.493022770
4611,1.262711167,-0.522452652
4612,0.592267334,1.071598530
4613,1.827522397,3.725056171
4614,-0.218980044,0.531180084
4615,0.970923662,1.119970560
4616,-0.119908489,-0.171507627
4617,-2.002896547,-0.516615868
4618,0.800020039,0.660966694
4619,1.590394616,-0.108113542
4620,-0.154081121,0.232225344
4621,1.569142342,-1.762804985
4622,1.251279235,0.790099144
4623,1.603446603,-2.727105141
4624,0.304793596,0.211705938
4625,1.633041501,0.344373405
4626,0.008041478,-0.297012329
4627,0.935473859,-0.550154626
4628,-0.068774372,0.066041216
4629,-1.573620915,0.113914058
4630,-2.471155167,-2.084217310
4631,0.745146632,0.053159416
4632,0.634458125,0.085597016
4633,-0.131197199,0.842620671
4634,-1.455351949,-0.050594807
4635,2.615119696,-0.201717094
4636,0.705548465,-0.413382232
4637,-3.982684612,-0.575264752
4638,-0.108815044,2.123482943
4639,-2.977798462,3.937986135
4640,0.306421876,-1.274907708
4641,-0.341509849,-1.368579745
4642,-0.311765999,-0.072250530
4643,0.021041904,-0.246064410
4644,1.539450049,0.816704929
4645,0.250581622,0.697005808
4646,-0.472873837,-0.085466154
4647,0.796776533,-0.948579371
4648,-1.248494267,-0.074353784
4649,1.758085608,-0.964299798
4650,-2.018731833,1.258610606
4651,-1.833910704,-0.072005883
4652,1.851703167,-0.436751187
4653,-0.275279164,1.650810003
4654,0.070102409,-0.044736486
4655,0.885462701,3.125678539
4656,0.467881680,-1.191271067
4657,1.472605586,-1.625286579
4658,1.227034211,-1.919293523
4659,1.541865110,-1.796583414
4660,-1.282883644,-0.873257756
4661,0.623519778,-1.079243660
4662,0.301997006,-0.381492943
4663,5.249995708,-2.251673222
4664,1.416196227,1.228309274
4665,1.125887275,-2.129429817
4666,-0.122420192,0.601695240
4667,-0.233980492,-0.423954070
4668,-0.220241681,-0.213380709
4669,0.119665697,0.179310545
4670,-1.134997487,0.020233938
4671,-0.416446507,-0.139065295
4672,0.384178281,-0.056266643
4673,1.201933861,-2.780118227
4674,-0.442156672,-0.432144493
4675,-0.798158348,-0.239586815
4676,-0.329644024,-0.503263533
4677,-0.514212072,0.399067879
4678,1.615236998,-1.648835659
4679,-1.127842307,-1.246930838
4680,0.588976979,-0.480123252
4681,0.299917579,-0.001149596
4682,1.019669294,1.123704791
4683,-0.628420055,1.390050769
4684,1.900333166,2.987765074
4685,0.005942221,0.223387256
4686,-0.861158252,0.622974336
4687,-0.027294369,-0.226148248
4688,0.005160639,-0.057137623
4689,0.008859477,0.389129728
4690,-3.240802288,-0.108540997
4691,0.807004869,0.799341559
4692,-0.500119388,1.710222840
4693,3.313480377,-0.332771957
4694,1.968140483,-1.079456329
4695,0.077263407,-0.711146355
4696,-2.299463272,0.724180877
4697,-1.121904373,-2.452995539
4698,0.261209071,0.046551175
4699,2.460108519,-1.383592367
4700,1.454516411,-1.110924840
4701,0.707513988,-0.518403351
4702,0.816133201,1.568697095
4703,-0.551352441,0.958412468
4704,2.281608820,-3.916782141
4705,0.438554257,-0.044582974
4706,-1.167636752,-1.282539845
4707,0.167658910,-0.224875629
4708,0.625814199,0.091906592
4709,-0.460455000,-0.210978702
4710,-0.600420594,-1.058890462
4711,1.358254552,0.338511884
4712,0.369415998,-2.787203550
4713,-0.188871980,0.126712486
4714,1.503639221,-0.171688288
4715,0.823252738,0.074157432
4716,-1.208521962,-0.589852452
4717,-0.160131544,-0.288282752
4718,0.003702303,0.296559840
4719,-0.555633426,2.006349802
4720,0.560881913,-0.709991813
4721,-0.430777788,-0.384318948
4722,-0.829155266,1.675595522
4723,-2.042556763,3.856408358
4724,0.494375825,-1.043393254
4725,-0.266494572,0.187864944
4726,1.110242724,-1.025334477
4727,0.918311775,0.425981194
4728,1.515005589,-0.461423188
4729,-1.605936885,-0.811372042
4730,-1.003333449,0.160469532
4731,1.376900315,-0.292478263
4732,-1.121558905,1.085992575
4733,-0.828247190,1.447200060
4734,-0.479653567,2.880051851
4735,0.219071269,-0.544970751
4736,0.299281448,0.814853132
4737,-0.459995300,-1.514986515
4738,-0.154185504,0.329874188
4739,0.066843219,0.816248417
4740,0.813378036,-0.299184203
4741,-0.567663193,1.124215603
4742,0.771111131,-1.459987402
4743,-0.577021956,-0.901215732
4744,-1.149870753,-0.422767818
4745,0.144818410,-0.389141738
4746,2.836611509,0.182167038
4747,2.688336849,0.177546233
4748,-1.644879937,-0.193692088
4749,-0.745650947,3.125385284
4750,-0.057494368,0.479253292
4751,-0.745425761,-0.679657698
4752,-2.381211281,0.708431721
4753,-2.874016047,-1.348971128
4754,0.245812938,0.180437922
4755,1.669503331,-0.073516026
4756,-0.510634601,-0.264987320
4757,-2.395612717,1.119331360
4758,1.675835848,-2.928113222
4759,0.157394573,-0.702630281
4760,0.778646231,0.675929070
4761,0.828813851,-1.309006095
4762,-2.818851471,1.957104802
4763,-0.173179358,-0.737800300
4764,0.154593959,0.220465258
4765,0.008640620,0.199225500
4766,0.426849782,0.457402498
4767,0.139303565,-1.466564894
4768,0.061417442,0.320811272
4769,0.384389400,-1.136366010
4770,-1.006410122,1.147601604
4771,-0.027355457,-2.331034184
4772,1.065744877,0.037543908
4773,-0.160307720,-0.599402189
4774,-0.633325458,-0.727871716
4775,2.094770908,-0.377483219
4776,-1.764500260,2.735689402
4777,-0.557164788,0.712174058
4778,0.740866601,-0.995154440
4779,1.618383050,0.061034933
4780,3.247121811,-0.424663365
4781,0.250587851,-1.376229048
4782,2.085860014,-0.273064137
4783,0.641296387,-0.480238855
4784,-1.971198201,1.024506211
4785,0.758677661,0.167428434
4786,1.087121129,-0.061472233
4787,0.604753911,0.876669526
4788,-0.887226224,-0.274079233
4789,1.020236254,0.691741645
4790,-0.703460872,-0.885245264
4791,0.225496635,-0.500208795
4792,-1.093379736,1.117858171
4793,0.493971795,-0.667044878
4794,-1.328149915,1.223564982
4795,0.150586262,-1.909217834
4796,-0.264391035,-1.310524344
4797,1.175654173,0.762357235
4798,1.670492172,-0.357714117
4799,0.586272478,-0.055331040
4800,1.383489370,-1.152179360
4801,-1.565144539,1.951645136
4802,-0.157565072,0.161174148
4803,1.087741256,0.102316022
4804,1.452025890,-0.322771251
4805,0.325518072,-0.018923825
4806,-1.133459449,-0.994023263
4807,1.498508215,0.645691037
4808,-1.544830441,-1.229474545
4809,-0.195949629,-0.049870439
4810,1.300829887,-1.491622925
4811,0.310943007,-0.394486338
4812,-0.010301837,-1.816177011
4813,-1.352488160,-0.390479833
4814,-2.115187883,-0.370006591
4815,-0.061355714,0.237046689
4816,-1.036448121,0.974236786
4817,-1.291446924,-1.097775459
4818,0.601096570,0.978601456
4819,-1.098463774,-3.488022089
4820,-0.580345333,-0.069471881
4821,-1.450208306,0.691428900
4822,0.593915522,-1.511659026
4823,-1.523502827,2.236637354
4824,0.362664282,1.033776045
4825,-0.021292245,-0.162682578
4826,0.572135568,-0.404758334
4827,-1.262406707,-2.197394133
4828,-1.090591550,-1.200293064
4829,-1.704617023,-0.543546140
4830,1.291237473,2.044344664
4831,-0.301684171,1.767632961
4832,-0.589340448,-1.689247012
4833,-0.620834112,-0.869675279
4834,0.696790516,0.793021321
4835,-0.090546302,0.378188580
4836,-0.760829210,1.238804221
4837,-0.977524519,0.957748950
4838,0.233546183,-2.005164146
4839,-1.248084307,0.736405909
4840,-0.483950704,1.403627276
4841,0.257848591,-0.186393812
4842,1.622024536,-1.529768229
4843,-0.583027899,-1.641781926
4844,-1.438661218,0.141425252
4845,1.555850983,0.455966234
4846,0.712149262,-0.266957313
4847,-0.759463012,-5.069340229
4848,0.024909658,0.276529402
4849,0.833581030,-1.310466051
4850,-1.384844065,-0.100677215
4851,-0.937221825,0.097525276
4852,-0.425417304,-0.259042382
4853,-1.212864399,-4.226728916
4854,0.569581330,0.580843091
4855,0.120633975,-0.557458520
4856,-0.827789187,-1.020460010
4857,-0.324390203,0.883169889
4858,-0.386933863,-0.562812984
4859,-0.995003045,0.285792053
4860,1.697390795,0.673054218
4861,0.013351620,-0.786622584
4862,0.255031109,-0.062605679
4863,0.006703359,-0.420336515
4864,3.227428675,-0.850738764
4865,-0.104692712,0.747239828
4866,-1.356998563,0.190757483
4867,0.930070758,1.725939751
4868,1.207720995,0.861267149
4869,0.183744863,1.988150954
4870,-0.699958503,-0.898574114
4871,0.174175620,-0.090618312
4872,0.500522971,0.229901195
4873,-0.530616045,-0.111767247
4874,0.904166400,0.545802593
4875,-0.726971567,-2.045723438
4876,1.039061546,-1.849925637
4877,-0.180139109,-0.826654792
4878,-0.306939989,-0.101999775
4879,-1.070194364,1.512203693
4880,-0.468648672,2.242423296
4881,0.591211557,0.443553805
4882,-1.634112716,-0.311953783
4883,-1.470155954,1.669505954
4884,-1.275663018,-0.333764106
4885,-2.107328653,0.374999881
4886,0.222488329,-1.841776609
4887,-0.092618294,-0.115511678
4888,0.393407404,-0.110350132
4889,1.295342088,-1.918034196
4890,-0.202362567,-0.867335439
4891,0.434397221,1.349918008
4892,0.815123558,1.433115244
4893,1.058804989,-0.844678044
4894,0.483884394,-1.456999063
4895,0.888888299,-0.880074859
4896,0.020485889,-0.269583642
4897,1.001088858,-0.191387773
4898,2.780492783,-0.689557493
4899,0.060977168,0.176779196
4900,1.867348313,2.564382315
4901,-0.114971206,0.147439465
4902,-0.508052945,0.234728202
4903,-0.603078663,-0.543047309
4904,1.096383214,-0.253664136
4905,1.305218458,0.009524092
4906,0.305005968,-0.046923444
4907,0.042606767,0.383189499
4908,1.620259166,-0.404595077
4909,0.431026787,0.441486269
4910,-1.107516885,-0.158746138
4911,0.555006206,1.158684731
4912,0.268969357,0.571044505
4913,0.180256382,-3.079007387
4914,0.558663368,2.765583992
4915,-0.025916826,-2.424022675
4916,-2.250582457,-1.049618959
4917,-2.022326469,1.262945294
4918,0.191825956,-0.191061154
4919,-1.094422579,0.188961506
4920,-2.006362200,0.667387426
4921,-0.035867311,-0.162807733
4922,0.560855746,-0.736462712
4923,-2.381589651,-2.285033226
4924,-4.372001171,-1.740485072
4925,0.807680488,-0.223288372
4926,0.243538231,0.027681198
4927,-3.834854841,0.872613907
4928,-3.061430216,-4.402387619
4929,0.318023384,-0.213468611
4930,0.706795454,-0.178888500
4931,-0.969698489,0.870137513
4932,-0.481830925,-0.530902565
4933,0.390947968,-1.666866660
4934,-0.767880499,-0.194580734
4935,0.342236668,0.071142510
4936,0.592176139,-0.847134292
4937,-2.417336226,-0.795486033
4938,1.020768166,0.826919079
4939,-0.673684955,-0.703494608
4940,-0.265364021,0.118224755
4941,3.437420368,0.678876817
4942,-0.788381815,0.483405173
4943,-0.369891435,-0.432062596
4944,1.513055921,1.348107100
4945,-1.157511592,0.034718219
4946,0.272613764,-0.356143057
4947,1.171169281,0.007830712
4948,0.080508500,0.044892862
4949,2.251204014,-0.857906580
4950,0.957553566,0.105715685
4951,2.478570223,-0.308607250
4952,1.924921989,1.732165575
4953,0.154901356,-0.803784132
4954,3.362689495,0.191428810
4955,-0.098519720,0.171807930
4956,0.772762477,2.355473042
4957,-2.324748516,-2.365806341
4958,-1.286178231,0.203905076
4959,-0.126417160,-0.282334834
4960,-0.385170579,0.576440573
4961,-1.138197064,1.095251560
4962,0.247519940,0.555720329
4963,1.200441241,-1.209859252
4964,-0.758517981,-0.165447041
4965,0.150992051,0.122916415
4966,0.392457128,1.342977405
4967,1.583509207,0.663645685
4968,-0.305035740,-0.781061471
4969,-1.082766533,-0.878247797
4970,0.831299663,-1.089247227
4971,-0.043237053,0.796685994
4972,1.302424073,-0.123801880
4973,-1.834675789,-1.388558030
4974,1.176788926,-0.941712916
4975,0.946371615,-0.048052747
4976,0.059931539,-1.761726379
4977,-0.050123069,-0.167895943
4978,-0.445164770,-0.625644743
4979,0.824364185,-3.505215883
4980,1.462244153,-1.498975158
4981,0.375314683,2.407998323
4982,0.041427881,2.168446779
4983,-0.646487832,0.114549495
4984,0.867250264,-0.187009871
4985,0.478568792,3.182906866
4986,0.785931230,0.660452306
4987,-0.029731182,-1.382331491
4988,0.641387165,-0.434969425
4989,1.255079865,-0.538652420
4990,0.484128982,-2.689634800
4991,-2.778410912,-0.842055678
4992,-1.459734917,-0.772470593
4993,-1.210492730,-0.752199233
4994,-0.313348889,0.583065152
4995,0.820972919,-1.705571175
4996,-0.888197720,-2.096477985
4997,-1.477676749,0.894978940
4998,2.597661257,-1.149158597
4999,-2.344624996,2.092879534
5000,0.143698558,0.159470603
5001,-0.755729139,1.283697128
5002,0.390075386,-0.279787362
5003,-0.832134962,0.557292342
5004,0.494429767,0.062991343
5005,3.605753422,2.033996820
5006,0.043833893,-0.153583989
5007,-0.006851508,-1.085799575
5008,2.519068480,0.009795113
5009,-2.741636753,-1.578906775
5010,0.012236516,0.777004480
5011,0.144532323,0.013104809
5012,-0.252082318,-0.234785929
5013,-1.722545266,-1.098066211
5014,0.290249288,-0.082260452
5015,-0.873864293,1.107048869
5016,-0.024948210,2.276455641
5017,-1.027417541,-0.374373525
5018,-0.234451398,-0.105060942
5019,1.841723084,0.306527466
5020,-1.032133341,0.566839516
5021,0.088476509,1.202854276
5022,-1.179460287,-0.025774818
5023,-0.584387720,0.072419181
5024,1.033362627,0.034687057
5025,1.522733688,-5.149845600
5026,1.334974766,-0.202547818
5027,0.429859489,0.404084295
5028,-1.835469365,0.539860666
5029,0.715602517,-1.749964476
5030,-1.055872798,-0.146264285
5031,1.211256027,-0.068045795
5032,-0.082456663,0.066624098
5033,-0.472156048,1.889792681
5034,0.352536619,-0.158632129
5035,0.063005306,1.134840727
5036,-0.791999638,-0.833632648
5037,-1.451368451,-1.733254552
5038,-0.700009704,-1.182837725
5039,-0.353374988,0.720992982
5040,-1.346638918,-0.161780119
5041,-2.171391010,-0.805136025
5042,0.059121728,-0.159770697
5043,-0.405624121,0.901494503
5044,0.610509336,-1.333362341
5045,1.007697821,1.492655873
5046,-1.339322925,0.280133635
5047,0.194374055,0.169596225
5048,0.352546424,-0.264067948
5049,-0.316701531,0.064979345
5050,-0.187732324,1.169246316
5051,0.170356035,0.618779600
5052,0.239134312,0.055136979
5053,0.006826681,-1.391556263
5054,-0.185483828,0.146052226
5055,0.222635344,-2.146469116
5056,1.595867038,0.251478493
5057,0.721046627,0.886735260
5058,-0.182486609,2.030716181
5059,-0.764449418,2.722878218
5060,-0.961498141,-0.264241397
5061,-0.035250973,-0.801467478
5062,-1.210097790,-0.852859557
5063,-0.059408665,0.462369770
5064,0.059959419,-0.506354213
5065,-1.711097479,1.463653922
5066,-2.100188732,2.250659704
5067,-0.763705969,-0.629267573
5068,-0.753520668,0.522379398
5069,-0.737162769,0.393550992
5070,-0.600497305,1.190078735
5071,-0.735561609,0.121455736
5072,-0.621787906,-0.039498683
5073,-0.154663667,0.782384276
5074,0.826751232,0.100569628
5075,-0.219768897,0.085320726
5076,0.556025445,0.246960551
5077,-0.795089364,-0.903161228
5078,0.264777571,2.855181217
5079,0.241615221,1.033873796
5080,1.138633490,-0.175547525
5081,0.761721611,-0.218623340
5082,-0.460719138,-2.729509830
5083,2.373083591,-0.546115577
5084,-0.087946042,-0.465124190
5085,2.308778524,0.195500955
5086,0.109510034,-0.302916080
5087,0.103888981,-0.206205264
5088,0.540344179,-1.185027122
5089,1.781035900,-0.766724110
5090,-0.029861601,0.256717116
5091,-0.514795244,-0.153765693
5092,0.671197295,-0.929383337
5093,2.027052879,0.738153577
5094,0.094719023,-0.827053249
5095,0.906651318,-1.662532091
5096,0.786724806,0.199939534
5097,0.456282288,0.248080164
5098,-0.471639603,-0.745378494
5099,-0.198914334,2.573700428
5100,-0.370909035,-0.050111592
5101,-2.065056324,-1.238216281
5102,-0.787286222,2.795446396
5103,-1.008282661,-2.082698822
5104,0.005700460,0.971796036
5105,0.428434581,-0.836413801
5106,1.417387962,-1.376154900
5107,0.521305203,1.056840181
5108,1.610317588,-1.220533013
5109,1.001584649,0.648600161
5110,0.428793341,-2.105141640
5111,0.209835261,1.366455317
5112,0.224498987,0.627348900
5113,0.546914220,-0.184616193
5114,0.376734227,0.096808128
5115,-0.262925237,-0.894113481
5116,0.091714233,-0.208710030
5117,0.312756836,0.192661405
5118,0.864470243,-0.099434502
5119,0.748582304,0.826906145
5120,0.199384034,-0.587532341
5121,-0.957319856,-1.963098526
5122,0.358784646,1.805609941
5123,-0.389274508,0.300261050
5124,0.396133482,0.609980881
5125,1.472456574,0.146265298
5126,0.438289493,0.297400266
5127,1.559229374,-2.040816307
5128,0.797381699,-0.214689299
5129,-0.079072252,0.197972387
5130,-0.260625243,-0.135982424
5131,3.455990076,-0.668064833
5132,1.857895970,1.811820030
5133,0.327782750,0.467918873
5134,0.121367358,1.047796726
5135,1.548371792,-3.354040384
5136,0.371162385,4.011229038
5137,0.501785398,-0.205213591
5138,0.990069270,-0.320618778
5139,1.652170300,0.534384847
5140,2.193411589,1.226469159
5141,0.207834750,-0.318808138
5142,0.394082099,-1.881676197
5143,-1.590058446,0.284513950
5144,-2.441300392,2.626958132
5145,0.458293915,1.690599799
5146,1.385512233,2.085285425
5147,0.553198338,-0.537804365
5148,-1.188652158,-1.877083659
5149,-0.627929091,-0.279677689
5150,-1.540398240,0.772975802
5151,-0.286174357,1.448824167
5152,0.232836843,0.834612250
5153,-3.172212839,0.510244071
5154,1.596296668,0.121138990
5155,0.407078028,-0.314960718
5156,-2.393168688,-1.262643337
5157,0.808991075,-0.821752548
5158,0.422499508,1.850567818
5159,-1.555385709,0.205911860
5160,-0.187148497,0.429411203
5161,-2.195698261,0.772525728
5162,0.239870846,-2.144988298
5163,-1.353391647,1.534366965
5164,0.589128315,-0.959304392
5165,0.140235662,-0.461552829
5166,1.174130917,-0.325922310
5167,0.175380751,0.064535566
5168,-0.078953333,-1.858399510
5169,0.497096479,0.438762128
5170,-0.182281405,-0.246169135
5171,-2.495587349,-0.411665976
5172,-0.096067242,-2.168634176
5173,-0.872044146,1.437798738
5174,-0.357492477,-0.152926818
5175,-1.095174313,0.598311365
5176,-0.799363196,2.253894806
5177,-0.782895744,-0.884842634
5178,-0.209367871,-0.186680436
5179,0.256256849,-0.201300502
5180,2.198286772,0.885184348
5181,0.130129024,-0.226527825
5182,0.298170418,0.265751541
5183,-1.027351499,-0.516779840
5184,0.314545661,-0.104122147
5185,0.324901551,0.224300697
5186,-0.221810326,1.048043370
5187,-1.156072378,2.474711657
5188,-0.239041537,-0.254317522
5189,-0.971810520,-0.664772630
5190,0.450174898,-0.385622472
5191,-0.183821291,1.749180675
5192,0.230919912,-0.168139830
5193,0.226755068,-0.392003447
5194,0.972170889,-2.098114967
5195,-2.987946510,-0.883663595
5196,-0.978529572,-0.612693727
5197,0.958396018,0.180596590
5198,0.626800835,0.046464477
5199,0.409865379,0.129883289
5200,0.313998967,-0.385383219
5201,0.790018022,-0.468811780
5202,-0.024271233,-1.477210879
5203,0.221402898,0.173380405
5204,-0.214626834,0.114721291
5205,0.355134964,0.062747478
5206,0.185251907,-0.086694360
5207,-0.781197608,-1.539483786
5208,1.900502205,-2.229824305
5209,-0.608069658,-1.394828796
5210,1.454206467,0.648467898
5211,-3.076194763,0.728374720
5212,0.884403348,-2.875205040
5213,-1.843964219,0.012518045
5214,-1.341278076,0.615819335
5215,0.577343464,0.316843599
5216,0.981947422,-2.168790817
5217,-0.081760697,-0.146854654
5218,1.769232988,0.346436143
5219,-0.085268170,-0.460920632
5220,0.207030043,-0.163382024
5221,2.152167320,2.130621433
5222,1.457349896,-0.103320442
5223,-0.031338606,1.213920593
5224,-0.213871092,0.216655210
5225,-1.912760735,0.975474834
5226,-0.286884218,2.010558844
5227,-3.262173414,-0.198223099
5228,2.109187603,-0.069472007
5229,-2.378850460,2.635950327
5230,-1.652142048,1.959058166
5231,0.730157852,1.542101502
5232,1.192698956,1.627171874
5233,1.407904625,0.383439362
5234,0.793228924,-1.312913179
5235,-0.818235457,-1.085144043
5236,-1.709762096,-0.675209641
5237,-1.111696720,-0.742801964
5238,-1.534158111,-2.222444296
5239,-2.029375792,-0.023082279
5240,-1.142513752,-0.119096294
5241,0.162054360,0.954270601
5242,-1.380352020,-0.297703624
5243,-0.157776654,-0.757983625
5244,0.123041578,-0.237556905
5245,0.507993698,-0.424449027
5246,0.119506255,0.327713877
5247,0.414798468,-0.159613982
5248,-0.878054798,0.161054656
5249,0.042640578,-0.879738331
5250,0.183049977,-1.687333226
5251,0.761514127,0.955832779
5252,0.540346146,-1.023258090
5253,-0.337264419,-0.723639548
5254,-2.163643360,-1.225616693
5255,-0.987459183,0.683648825
5256,-0.530867994,1.117501378
5257,-0.769044161,0.837479413
5258,-3.386791229,0.560566485
5259,1.272816777,-2.382743120
5260,-0.023088289,0.553567588
5261,-0.900661945,-1.851721644
5262,-3.673048496,-0.943697393
5263,-0.227521777,0.009466029
5264,-0.574077845,0.379524738
5265,-0.257719159,0.173675984
5266,-0.312168539,0.742012918
5267,-2.203063726,-0.101311222
5268,0.151662588,-0.212586179
5269,-0.561526358,-0.120517820
5270,-0.993088067,0.436023384
5271,1.356137633,-0.890759289
5272,2.675979614,-1.643811584
5273,-0.062795363,0.187649593
5274,-0.625756621,0.989870071
5275,-1.170958757,-1.737202764
5276,1.106089473,0.311324626
5277,0.824194551,1.829879642
5278,1.652037144,-2.863446474
5279,-0.034656014,-0.203122899
5280,0.069859453,1.311574101
5281,-1.134318113,-0.646926284
5282,0.233057573,0.325700551
5283,-0.046299305,-0.581750393
5284,-0.618608057,-0.206031859
5285,0.107970253,0.382179528
5286,-0.752750158,-0.756134212
5287,0.454540610,-0.810671329
5288,0.377341390,1.002903581
5289,-0.695495069,-1.853789091
5290,-1.665204644,-1.471006274
5291,-0.128699929,0.113504335
5292,0.534792542,0.472580045
5293,-0.042689327,1.193094492
5294,1.175198078,-3.189350605
5295,-1.815314293,1.733124256
5296,0.462448239,1.029062748
5297,0.237408549,0.756361842
5298,-1.813607693,0.895453751
5299,1.425974131,-1.351320505
5300,0.726866364,-0.166019216
5301,-0.129451573,-0.183302194
5302,-1.515467644,4.163240910
5303,-0.111183345,-0.162285581
5304,1.445923209,1.480214000
5305,-0.689947605,-1.175712228
5306,-0.878835499,1.082085013
5307,-4.204804420,-1.220207691
5308,-2.339980602,0.590131819
5309,-0.889951229,-0.628031075
5310,0.002526834,-0.900555789
5311,2.657796621,2.692582846
5312,0.514130652,-1.031802893
5313,-0.508384466,0.653178275
5314,0.184039623,-0.247752547
5315,-1.582381845,-1.311646700
5316,0.970588624,1.703827143
5317,1.220573664,0.510944009
5318,-0.873552203,-0.969362438
5319,-1.940856814,1.589230180
5320,-0.646029413,-0.330270201
5321,-1.991159797,-2.988180399
5322,0.520177901,-0.129383877
5323,-0.598716438,2.128423214
5324,0.868237495,-0.756612897
5325,-0.906377554,1.856083751
5326,-0.395182490,0.096879952
5327,-1.700636387,-0.258446991
5328,-2.841427803,-0.730872631
5329,-1.348240972,2.764255285
5330,-1.706798434,0.053213790
5331,-1.461505890,0.194505945
5332,-1.968511343,1.328096628
5333,0.960331440,-1.710829854
5334,0.580332220,-0.441139340
5335,0.043844394,0.410264045
5336,-0.364618450,-1.294970751
5337,-0.526171684,0.266944706
5338,0.546775460,0.062938377
5339,0.533260107,-0.012352719
5340,0.591783643,0.878779531
5341,-0.878530562,1.796372771
5342,1.767614365,-1.107284665
5343,-0.512878120,-0.760549486
5344,-0.733600378,-0.960610449
5345,-1.072838664,-2.751771212
5346,0.925108135,0.731895685
5347,-0.773233712,-0.702843308
5348,0.577083766,1.264339566
5349,-0.503559649,-0.980183601
5350,-1.556103349,0.632819235
5351,0.745443523,-1.483884811
5352,-0.100571506,-0.190075338
5353,-0.033433128,0.431105107
5354,0.250578731,0.169874713
5355,0.974356949,0.694925785
5356,0.306872696,0.047624655
5357,-1.892150998,0.592761040
5358,-0.762203157,-0.888489962
5359,-0.289796770,-0.463065445
5360,-0.055256724,0.330085784
5361,0.801935256,-1.366053820
5362,-1.258493781,1.302062750
5363,-0.918332875,1.831679583
5364,-1.045519352,-0.580673993
5365,0.594231844,0.570615172
5366,0.942156672,2.421549797
5367,1.138092160,-0.448343068
5368,-0.630087674,-0.581173897
5369,1.071996450,-1.282152534
5370,0.430507541,-0.355908811
5371,1.136125684,-0.755741954
5372,0.245998502,0.766219497
5373,2.837747574,3.396937609
5374,0.483744144,0.199942321
5375,-0.258342534,0.214668795
5376,-2.011817932,-0.292408228
5377,1.015044808,-1.785271287
5378,-0.386602998,-0.361485600
5379,2.689475060,2.322483301
5380,2.108708620,2.287784338
5381,-0.687494695,-0.461118788
5382,0.676367462,-0.990967095
5383,0.365645766,0.030060984
5384,-0.687598050,-0.839947879
5385,-0.269491166,-0.168022305
5386,0.213351548,-0.155845895
5387,-0.217670247,-0.139815852
5388,0.873109460,-2.304986477
5389,1.774074078,0.143164113
5390,-0.411297590,-2.213802099
5391,-0.086801812,0.558296740
5392,-0.128330320,-1.724411845
5393,-2.086564064,-1.390440226
5394,-0.500536799,-1.026955247
5395,0.420679897,-0.012191257
5396,-0.722633123,-1.815039754
5397,0.499263972,-0.274228901
5398,0.829059541,-1.455636382
5399,1.660370231,1.481886387
5400,1.280184507,-1.011560917
5401,-0.571513653,0.365055144
5402,0.299127638,0.403686553
5403,-0.712931275,0.617842376
5404,0.958505452,-0.181796536
5405,0.275875181,0.068007074
5406,0.017585808,-0.493266791
5407,-0.201934919,-0.280188590
5408,0.457207471,0.560203552
5409,-0.512451053,-0.998081386
5410,1.923668623,-0.144647136
5411,2.028623581,-0.182046250
5412,1.099278212,-2.003722668
5413,0.673911393,-0.736049116
5414,0.400290370,0.937983930
5415,1.634037375,-1.170457482
5416,0.872774303,0.694838762
5417,0.800391138,-0.525461972
5418,-1.140439153,0.125529662
5419,-0.775976479,0.084664799
5420,-1.144970536,-0.912972331
5421,-1.031043887,-0.415623963
5422,0.263163239,0.315159231
5423,0.067596704,0.166276157
5424,-0.075260177,0.472862273
5425,0.233157262,-3.618503332
5426,-0.165141344,-1.021874666
5427,-0.086915389,-0.691020370
5428,-0.635729611,-1.884525180
5429,-0.609607518,-1.444976091
5430,-1.351465225,-0.567009926
5431,1.212824583,-0.749482453
5432,0.237066582,0.345530748
5433,1.068539500,-0.123190343
5434,2.687939882,0.988626182
5435,-0.571829200,-2.069493055
5436,0.684805751,1.879571795
5437,-0.939994752,1.589848161
5438,-1.333484292,1.754908919
5439,-1.151503682,0.030406859
5440,0.680616438,-1.013172150
5441,-1.082038045,0.446551442
5442,1.192989349,0.424536854
5443,0.289784968,1.888486981
5444,-1.893478870,-0.253945559
5445,0.455059052,0.758246601
5446,1.599771500,-1.808465481
5447,0.342726916,-0.418625891
5448,0.949257433,0.457064599
5449,1.765432119,-0.896203518
5450,-0.880428791,1.901051044
5451,0.546144247,-1.419697165
5452,1.067165732,0.896343052
5453,0.629379392,0.097585060
5454,-0.576828480,-0.166581228
5455,-0.161846876,-1.022688746
5456,-0.672425210,0.205121502
5457,-0.509829640,0.215015694
5458,-1.053069949,-2.238284588
5459,0.094101585,0.129965559
5460,-0.499029368,-1.621493816
5461,0.048440475,-0.180064112
5462,-2.304035664,1.600229144
5463,-2.134056568,2.488607407
5464,-0.022578100,1.101587653
5465,0.155760795,-1.525949359
5466,1.547820926,0.440947115
5467,0.267988592,0.314538896
5468,0.104427621,0.874747932
5469,-0.711801589,0.973677337
5470,1.310512424,-1.915407300
5471,-2.159805059,1.222446918
5472,-1.870426655,-1.825434685
5473,0.968058109,-1.358281255
5474,1.900790215,0.378828377
5475,2.640384912,0.074044012
5476,-0.729917169,1.622057080
5477,-0.822696924,-0.462171167
5478,0.676323116,0.161258161
5479,-1.589662313,0.682258248
5480,-0.970513701,0.666618109
5481,-0.297435910,-0.877597034
5482,-0.334766150,1.956065059
5483,0.666820049,-2.277262926
5484,2.097064257,1.043718100
5485,0.382233739,0.729585648
5486,1.045981407,0.807717741
5487,1.711655736,-0.965875506
5488,-2.260002375,0.876098275
5489,0.207811952,0.106027380
5490,-0.488742411,0.650069773
5491,-0.005637177,-0.189747736
5492,-1.183612704,-2.301680088
5493,0.122004867,-0.240019873
5494,0.482618868,0.243442446
5495,-0.519340396,0.162695855
5496,0.141143471,-1.049529791
5497,-0.002898891,0.946122050
5498,-0.122422136,-0.150702968
5499,2.458194494,-2.336944818
5500,-1.101215839,0.675382197
5501,0.341404349,0.945037186
5502,-0.536474168,0.337731749
5503,0.489043236,1.860448003
5504,-1.046385527,0.147274271
5505,-0.056979477,0.772268057
5506,-0.336811662,-0.757192612
5507,-1.135289431,-0.345898211
5508,-1.413041830,-1.793027878
5509,-0.023481373,-0.007370042
5510,-0.837267101,-0.427590758
5511,0.551663101,0.711726487
5512,1.017554045,-0.185219184
5513,1.334865689,-2.063741207
5514,0.241465092,0.222623497
5515,1.065073967,0.411618859
5516,0.753297389,-1.008095384
5517,-0.653230667,0.901959717
5518,-0.242141038,0.035359789
5519,-3.690789223,-0.235171780
5520,1.363397002,-0.857225001
5521,-1.186578512,-2.173809290
5522,-0.112385377,0.238952592
5523,-0.721493244,0.652691841
5524,0.289048344,0.072124623
5525,0.181376904,-0.118456498
5526,-0.911082447,0.370659620
5527,-0.776122570,1.149546027
5528,1.127488613,1.318656921
5529,0.077875264,-1.080207229
5530,0.326973617,1.464250922
5531,-0.265212029,-0.328696966
5532,-0.519702137,2.360701323
5533,1.326940060,0.027834672
5534,-1.262675881,-0.496798605
5535,-2.320908070,-0.634389400
5536,2.347479343,0.448808849
5537,0.411411345,0.747987688
5538,-0.123528615,0.536584258
5539,3.014088154,-0.737641752
5540,-0.749881566,1.492987037
5541,0.014722150,-0.409238249
5542,0.072421350,-2.233585119
5543,-1.988954067,-0.431533039
5544,0.066630520,0.550370812
5545,0.655673862,-0.530113459
5546,-2.069797993,-0.038739495
5547,0.208005726,-0.159643263
5548,0.242529780,0.426597416
5549,-0.328568339,0.192933843
5550,0.267561734,0.068454564
5551,-1.901329994,0.702342689
5552,2.208863020,-1.548820496
5553,5.088693619,0.590369582
5554,0.647522628,3.024414301
5555,-1.349167347,0.625215054
5556,-0.886859894,1.086649537
5557,-2.631250143,0.014919855
5558,-0.464935869,0.756423235
5559,0.056384265,0.332974166
5560,1.130019188,-0.848410785
5561,0.062206559,-0.400271684
5562,0.305213690,2.564589977
5563,1.330563307,0.714837968
5564,-0.252227038,1.432292938
5565,-2.062083483,-0.754917264
5566,-0.450391769,-0.049200237
5567,0.263073802,0.459978789
5568,-0.105286621,0.429847270
5569,-0.151588485,0.023911817
5570,0.448196620,0.388460875
5571,-0.364716858,0.583695292
5572,0.323138237,-0.420875728
5573,0.167972252,0.494367361
5574,1.513673663,1.145424843
5575,-1.244486809,-0.551488876
5576,-0.354812205,1.336812496
5577,0.328277647,0.118868545
5578,-1.043552995,-1.674548030
5579,0.090122744,-1.591210246
5580,0.175219834,1.076541901
5581,0.042857222,0.202772811
5582,-2.034705877,0.990241289
5583,-0.664968550,0.323890001
5584,1.640962601,-0.891314447
5585,0.482260048,0.432171315
5586,1.539208412,-0.993860006
5587,-1.502169847,0.019520091
5588,0.348497927,-0.723937094
5589,-0.732207417,-2.629669905
5590,-2.869679451,-0.548912048
5591,0.050490320,-0.412679106
5592,-1.352359176,1.465690017
5593,0.739958644,1.945902944
5594,-1.447875977,0.160525739
5595,-0.114136696,0.857372880
5596,-0.632988274,1.521703720
5597,-0.548975706,1.232023001
5598,-0.187593326,2.382021427
5599,0.515974820,1.118642092
5600,0.218458906,0.149612039
5601,-2.278223038,0.810147822
5602,0.823345184,-1.904770613
5603,0.232991710,-0.358365536
5604,-0.997289121,-0.447650820
5605,1.260981321,0.016965514
5606,-1.667828202,0.950008035
5607,0.605505884,0.181013450
5608,-0.134995207,-0.160143867
5609,-0.884524405,-1.127250910
5610,2.972161293,-1.350496173
5611,-0.378737450,1.776258945
5612,-0.328679413,-0.631109297
5613,-0.012762895,0.342035145
5614,-0.435805202,0.219580248
5615,0.064826757,-0.630683243
5616,-0.279367864,0.604715407
5617,-0.512737691,0.101092458
5618,-1.249804616,-0.206025809
5619,1.587599277,-3.065788507
5620,-0.124786280,-1.285487413
5621,-0.725972474,0.025343666
5622,0.169248357,1.101798415
5623,-0.309048325,-0.561557114
5624,0.320326120,0.253967673
5625,1.497444272,-1.009937286
5626,2.896031380,4.045775890
5627,-0.275300235,-1.519273400
5628,0.005245808,-0.431939125
5629,2.184964657,-0.363246739
5630,1.236020565,-0.865510225
5631,-0.466960371,-1.808935285
5632,0.362197101,-2.503304482
5633,-2.568371296,0.834269524
5634,0.476778984,2.158822536
5635,-0.089692980,1.109641194
5636,1.057493925,-0.349793911
5637,0.233497649,-0.388056636
5638,1.456814289,-1.080344796
5639,2.226884842,0.747114956
5640,1.027339458,1.040566683
5641,0.207354620,-1.013106823
5642,-0.161903918,0.801659584
5643,2.030372381,1.368188500
5644,0.044254683,-0.149982244
5645,-0.980165064,-2.032999516
5646,1.223821282,-1.536905169
5647,-0.116648026,0.616422713
5648,-0.954877615,0.052370701
5649,0.130167931,0.013300851
5650,-0.158894166,-1.362656951
5651,-0.594861388,0.972662508
5652,0.251068503,-0.056006197
5653,0.676800609,-0.055062052
5654,1.023940086,0.563651621
5655,-1.356218934,-1.032014489
5656,-1.018131852,-0.729177296
5657,-0.287694246,0.517072320
5658,-1.058250666,-0.264764220
5659,-0.650615752,-1.908936620
5660,0.294958949,0.978239477
5661,-0.968487978,1.247805715
5662,-0.151942238,0.156292230
5663,-0.665981054,-0.614012897
5664,1.141418576,-0.335665762
5665,2.515647411,-0.250589460
5666,-0.009817590,-0.322983146
5667,-2.039603710,0.865301967
5668,-0.387801856,0.495675147
5669,-0.638185620,-0.640671432
5670,-0.391790003,0.317769080
5671,0.171242654,-0.058185913
5672,-0.527467370,1.013203502
5673,0.597256362,-0.308420002
5674,-1.460233212,-0.406700939
5675,-1.531437993,-1.133637190
5676,-0.534685135,0.658024073
5677,-0.204967201,1.646019816
5678,0.169194445,0.130847633
5679,0.360570252,0.440044820
5680,0.353949696,0.470220745
5681,-0.492016286,2.169145584
5682,1.584035397,-1.984784722
5683,0.292424142,2.263199806
5684,0.015459210,-0.761580050
5685,-0.980318785,0.224857807
5686,-1.779976130,-2.192513227
5687,0.953833222,2.106181622
5688,0.271956444,-0.930696547
5689,-0.117824912,1.132203698
5690,0.017662097,-1.186361432
5691,-2.667672396,-0.429260850
5692,-0.296635330,0.856504500
5693,-1.928422332,-1.865418434
5694,1.011634231,0.882382691
5695,0.258696228,0.834026873
5696,-0.902999580,-2.972223282
5697,-0.369638085,-0.842696607
5698,1.757190466,1.130935550
5699,-0.257459134,-0.265383005
5700,0.493000805,0.396509290
5701,-0.114701919,-1.741009474
5702,-0.645714819,-0.095636897
5703,0.671309471,-0.758317173
5704,-0.810206592,-0.436316162
5705,3.138551474,-0.454010278
5706,-1.580306649,-0.347898215
5707,0.272076666,-0.337670803
5708,-0.430964321,1.211703897
5709,0.296771407,-0.097835340
5710,1.815523028,-1.340317130
5711,-0.112809114,1.789631724
5712,1.029796481,-0.480089128
5713,-0.743976831,-0.341896415
5714,0.158211380,0.242191121
5715,0.125901535,0.350581944
5716,-0.675795496,0.522768080
5717,-0.778085947,0.372459143
5718,-1.332149625,1.518779278
5719,-1.148650885,1.260372400
5720,0.331930131,-0.113546185
5721,0.788526356,-1.436839223
5722,0.460096180,-0.056713566
5723,0.908244371,-0.810105741
5724,-0.711555004,-0.007953177
5725,-1.007635355,2.624044657
5726,-1.265711069,-0.139938012
5727,-0.089074299,0.346238643
5728,-0.115690790,0.091104858
5729,1.991154909,-0.208412349
5730,0.505707562,0.018834244
5731,3.934303045,1.158513308
5732,-0.734236240,0.051132046
5733,1.064620495,0.379414886
5734,-0.066458739,0.389258742
5735,-0.735445261,0.330361694
5736,-0.617930949,1.058863282
5737,-1.220310688,-0.572174549
5738,0.038428549,0.335811824
5739,1.685253024,0.189631417
5740,0.270448864,0.338102341
5741,0.800114393,-1.730656981
5742,0.361331373,-0.091626570
5743,0.539113224,0.077845372
5744,0.783574402,-0.574301004
5745,-0.000055713,0.275308400
5746,-2.911394596,1.415642858
5747,0.918149650,0.448704273
5748,0.034556508,0.794521511
5749,-0.029734891,-1.223437428
5750,1.988618374,-0.095908530
5751,0.179135188,-0.010353408
5752,-1.263652921,1.888408184
5753,0.981931567,1.134324431
5754,0.566723943,2.776658058
5755,-2.455477238,1.388110995
5756,1.295111418,-0.341285288
5757,-0.668983042,-1.085476995
5758,-1.143422008,-1.293205023
5759,0.740127623,0.762761831
5760,2.355622768,-0.365519881
5761,-0.555484951,-1.611933231
5762,-1.443720102,-0.866943657
5763,0.809786439,-0.679257929
5764,-0.025076684,-1.451628327
5765,-0.217889950,1.465973973
5766,-1.514405012,0.544448912
5767,0.171926796,0.110808492
5768,2.145585775,0.095598556
5769,0.471430898,1.043745637
5770,-3.298125982,0.225110188
5771,0.444451660,-0.072336733
5772,-0.377352864,-0.485626876
5773,-1.954900980,0.218808979
5774,-0.461433977,1.691424489
5775,-1.196369529,2.423138857
5776,-1.515841722,-1.076563716
5777,2.733038664,1.695360899
5778,-2.865499973,0.932002246
5779,2.909650564,0.625417590
5780,-0.382066786,-0.065244496
5781,-1.933439374,0.869214535
5782,0.634377539,0.013217214
5783,1.418161511,0.013204783
5784,-3.050161362,3.561897755
5785,-1.144454718,1.713630915
5786,-0.891170323,4.098240376
5787,1.891997576,1.492480993
5788,-1.388742089,-3.467713356
5789,0.318746924,0.244975984
5790,0.081619821,0.755542815
5791,-0.627966583,-0.519949675
5792,0.408490270,0.265895277
5793,1.573050499,-0.313085467
5794,0.516750872,-0.266759366
5795,-0.665257752,0.430938452
5796,0.671065986,0.580619395
5797,-0.187790692,-2.779001236
5798,3.266305208,-0.859354079
5799,0.214877397,0.456226707
5800,-3.248729706,-0.512128294
5801,-1.202710509,1.082694292
5802,0.238113046,-1.189018011
5803,0.077495232,0.683904290
5804,0.079997137,-0.793894231
5805,0.691703737,-1.883849740
5806,-1.350620508,-0.716088712
5807,-0.611587703,-0.998077631
5808,1.498978496,0.034141693
5809,0.640503645,0.808290899
5810,-0.835401297,-2.254038334
5811,0.831520617,1.941135645
5812,-0.406222969,1.109569669
5813,0.070449181,0.382472634
5814,-1.362729669,-1.723171830
5815,-0.987845421,0.576762736
5816,-0.003770828,2.118577719
5817,-1.728224397,-0.690547168
5818,1.914236426,0.265240192
5819,-3.709396839,-0.410550475
5820,2.260716200,0.103171378
5821,1.749419093,0.674784243
5822,2.144614697,1.183302522
5823,0.305416286,0.057678774
5824,0.058342151,-3.118530989
5825,0.917924643,-0.469878316
5826,1.096419215,0.021911930
5827,0.491502970,1.056473851
5828,-0.161341831,-1.091731429
5829,-1.062651277,-0.623566031
5830,0.003397295,-0.340811908
5831,1.464669347,0.971727252
5832,-1.065113544,-0.172498927
5833,-2.500674009,0.299367070
5834,0.461916983,0.390330762
5835,-1.334892035,-1.338866830
5836,-0.381228626,-3.709971428
5837,-1.650656104,-0.360928088
5838,1.607622027,-1.063435793
5839,0.597958446,-2.057566643
5840,-0.565404594,0.383923709
5841,2.679084063,-1.996770024
5842,-0.189313233,-0.120699681
5843,-1.299061418,-0.721535504
5844,-0.015771523,-1.291748285
5845,-1.586670995,1.320400596
5846,-0.087804906,1.292131782
5847,1.124777794,-0.327162445
5848,2.032320976,-0.992987692
5849,-0.113708481,-1.515676975
5850,-1.417374134,-0.818519711
5851,0.267438114,0.060728326
5852,-2.447193861,-2.692177296
5853,1.107801437,-0.356222242
5854,-0.150984123,1.578602672
5855,-0.308079332,0.098413944
5856,0.276558489,-0.310324371
5857,0.915162325,0.271851271
5858,0.107907616,-0.409965396
5859,-1.527586699,-0.755803704
5860,0.314776599,-0.090840213
5861,1.477754235,0.649127364
5862,-0.109101422,0.328747004
5863,-0.146311209,-0.187859505
5864,-2.449960947,-1.094449401
5865,0.077642657,-1.421363235
5866,0.154006988,1.131669044
5867,-0.391072839,-0.926586568
5868,0.547757089,-1.581018448
5869,0.307878494,-0.390358597
5870,2.817680120,2.036215305
5871,-0.374987185,0.209765166
5872,0.684000611,1.240906715
5873,-2.358875036,1.074210405
5874,-0.965190947,1.124847770
5875,-0.361005187,-0.463526845
5876,0.291738719,0.311937243
5877,1.972969174,0.685687244
5878,-1.189311266,0.864811182
5879,-0.415029407,0.457660705
5880,2.309273958,-0.447120339
5881,0.048750170,1.504349232
5882,0.626591623,-0.031546276
5883,-0.196770996,-2.457110405
5884,-2.505225182,1.092967629
5885,-0.553785861,-0.107720278
5886,0.634800732,-1.213501692
5887,0.130091652,2.281064034
5888,0.025988273,0.050077431
5889,0.066369027,0.379979908
5890,-0.070573285,1.301395178
5891,0.554240406,-0.670010328
5892,-0.384844810,0.135922641
5893,-1.627892733,-1.312661171
5894,-1.407522559,-1.200511336
5895,-0.426369399,2.559084892
5896,-0.017668145,-1.159328222
5897,-1.023980618,-0.098943830
5898,0.092067771,0.060013853
5899,1.520607352,-0.158806980
5900,0.739055395,0.245133013
5901,1.527543187,0.568581581
5902,0.269687027,-0.468282104
5903,0.171174198,0.094564840
5904,0.344544291,-0.752959967
5905,0.816037059,0.187291071
5906,-2.008513212,-0.215639159
5907,0.547429383,-1.852803826
5908,-0.402561784,3.062072992
5909,-0.129207507,1.136472106
5910,-0.135852635,0.348639190
5911,-1.344072223,-2.076788425
5912,-0.157409370,-0.086543918
5913,0.595497966,0.647815466
5914,-0.979345441,-0.536291540
5915,-0.215941072,1.094869971
5916,-0.701259494,-0.367788643
5917,-1.041496277,1.720344067
5918,-1.926350594,0.996996224
5919,0.738019824,0.441084057
5920,-1.901387572,1.126430273
5921,0.027969409,-0.343703926
5922,-1.143552661,-1.618272781
5923,0.094099589,-0.284741640
5924,0.503871918,-0.633652031
5925,-0.434563398,2.928477049
5926,-0.022760225,0.922306657
5927,-0.642576516,1.740549326
5928,0.500235736,0.084503114
5929,1.251178265,-1.637682438
5930,0.164544150,-0.681095064
5931,0.313393682,0.340719104
5932,-0.977844775,-0.694771171
5933,0.597678900,3.890802383
5934,1.688426971,0.403103024
5935,0.621015847,-1.052049160
5936,1.699490547,1.205676794
5937,0.627097964,0.024628341
5938,-0.670883894,-1.416676164
5939,-0.406276792,1.272190213
5940,0.531607568,0.668959320
5941,0.255936325,-0.414624661
5942,1.169741511,0.343028128
5943,0.985089183,2.021502018
5944,-1.463788152,-2.092336655
5945,0.540274382,1.093863964
5946,1.268264294,-0.031668738
5947,1.950521111,-0.183614731
5948,0.668052435,-0.514449954
5949,0.009755868,-1.520256400
5950,1.849447727,-1.423865318
5951,0.529468358,-1.275216341
5952,-0.468458623,-0.427741081
5953,-0.150377750,0.283141285
5954,-0.283569157,-0.282749742
5955,-0.142638206,0.789089978
5956,-2.589252949,2.076890230
5957,1.943295479,-1.771159768
5958,0.023937717,-0.297624171
5959,-3.061596394,-3.344683170
5960,0.120157599,-0.118931346
5961,0.278721571,-1.588771462
5962,-0.376655936,0.802640498
5963,0.574473977,-1.349050760
5964,-0.437733740,-1.133730888
5965,0.232684731,-2.554939985
5966,-0.370216399,-0.014501362
5967,0.439063758,-1.023848891
5968,-0.304891169,2.427115679
5969,-0.001726892,-0.215578958
5970,0.233720958,-1.395321012
5971,-4.024389267,-1.879883289
5972,-0.282695800,0.058252975
5973,-2.018915892,0.635070384
5974,1.150639057,1.783029675
5975,2.944277763,-0.546566963
5976,0.680895090,0.218282253
5977,0.107873142,0.751738369
5978,-0.708442330,-0.042683411
5979,0.051672142,-0.365518183
5980,-0.350076109,-0.206343591
5981,0.555697799,-0.222997531
5982,-0.051933914,1.153907299
5983,0.264068842,0.169716299
5984,-0.383855820,-0.073942944
5985,-1.800979972,1.201776624
5986,-0.329150289,0.326784641
5987,0.022257891,1.088367581
5988,1.533683658,-1.715162754
5989,0.492409289,-1.669900179
5990,-0.138310596,-1.168336391
5991,-0.249794632,-2.409270048
5992,2.615401506,2.035900831
5993,0.733377278,-3.166723728
5994,0.010808054,-3.426843882
5995,0.886891246,0.626940370
5996,0.897843599,-0.130892143
5997,0.749286413,-1.069711924
5998,-0.362917691,0.278583467
5999,0.044634450,-0.239093363
6000,-0.679697573,-1.387007356
6001,-0.110435568,1.272687316
6002,-0.700532317,0.464114338
6003,-1.473363996,0.990167379
6004,-0.116081804,-0.225893974
6005,-0.123877868,-0.114640504
6006,0.162052169,1.932769775
6007,-0.160303429,0.194181904
6008,-0.278192669,1.615082145
6009,-0.048106384,0.235620290
6010,0.130634815,0.004913452
6011,0.206470579,-0.488636792
6012,0.286129057,0.003320791
6013,2.333100796,3.053216696
6014,0.504638851,2.563843966
6015,0.495399356,-0.664192498
6016,-0.171168610,1.050116897
6017,-0.030679287,-1.119626164
6018,-0.723057389,0.438654423
6019,-0.299047887,0.137752831
6020,-0.877411246,0.737709522
6021,1.809069991,2.424553156
6022,-1.702883720,3.412824392
6023,1.995392680,-0.346331328
6024,-0.098760702,-2.575105906
6025,-1.386394143,0.919601798
6026,-0.269029796,-0.010711754
6027,-0.552902937,0.546654880
6028,-0.717597425,-0.355437309
6029,-1.931852818,-1.854968309
6030,-0.136490807,1.677739143
6031,0.052391071,-0.591489315
6032,0.277664930,-2.395629168
6033,-1.609290004,-1.161698222
6034,0.101404496,-0.345322192
6035,-0.970563173,0.579549670
6036,-0.438446760,0.003973997
6037,0.827020109,-0.730400741
6038,0.966944516,0.128755540
6039,0.134285480,0.507669389
6040,0.898999870,-0.324040055
6041,0.126923725,0.762402833
6042,-0.471280128,-0.133685097
6043,1.751369715,1.920611739
6044,0.095647737,2.249569178
6045,1.595668674,-0.064717822
6046,-2.432126045,-0.687290609
6047,0.879594386,1.083727479
6048,-0.601916194,0.112860203
6049,-0.207874745,0.106878713
6050,-1.978619099,-0.589510977
6051,0.477744550,-0.701869607
6052,0.174414799,4.418045044
6053,-0.169764832,-1.167575479
6054,0.451924324,-0.249276713
6055,0.078005455,0.937807560
6056,1.023273110,-0.940753996
6057,-0.117909707,-1.909709096
6058,1.113529205,-1.036844373
6059,-0.340606391,0.159817949
6060,-0.335486919,1.275143743
6061,0.097074404,0.237995520
6062,1.162223458,-2.543323994
6063,-1.479570866,1.304359436
6064,-2.459567785,-2.284235239
6065,-0.267415047,0.001414617
6066,2.773787260,-0.288064033
6067,0.942700326,-1.505820632
6068,0.252227485,1.933389187
6069,1.814465165,1.446172476
6070,-0.140546441,0.420167029
6071,1.409069896,0.630176961
6072,0.392843395,-1.853841782
6073,2.054692507,0.002543847
6074,2.195634365,0.449383229
6075,1.267067075,-0.522890031
6076,-0.849590719,0.672513247
6077,0.136556923,-0.211228311
6078,2.106786013,1.395355940
6079,2.112117290,0.210751221
6080,1.793321490,-1.911245465
6081,0.575695693,0.036760684
6082,0.643477499,1.713297844
6083,-0.234835520,-0.595176458
6084,-0.043801304,0.360866427
6085,0.191752136,-0.117880858
6086,-0.734328747,0.481707096
6087,-0.738656223,-1.878049612
6088,-1.297478199,0.148138285
6089,0.730366588,1.031317115
6090,1.606678605,0.508157253
6091,1.125219107,0.375313133
6092,-0.580743134,1.034751296
6093,0.377943516,0.993793070
6094,1.529873371,1.399236798
6095,1.600487828,0.289255023
6096,-0.933184147,1.357123852
6097,-0.029550903,-0.490085393
6098,0.484479666,-0.489992440
6099,-1.224345803,-2.055172920
6100,1.423287153,1.225492597
6101,-0.122301906,-0.246139243
6102,0.117145702,0.156953514
6103,-0.268666714,-0.082017869
6104,0.430077702,0.707533360
6105,1.575202346,0.269757956
6106,2.248698950,-2.606554508
6107,2.340906382,-0.264695138
6108,0.213243395,1.493930221
6109,0.245318830,-1.721460938
6110,-0.796717942,-0.497200757
6111,-1.900122285,0.329213202
6112,-0.431926012,-0.736571431
6113,1.176251411,1.821786165
6114,0.084607281,0.265668720
6115,1.314479351,2.401707172
6116,-0.784376919,0.456788242
6117,-0.990587294,-2.983357191
6118,0.450716674,0.385858148
6119,-0.314879358,-2.547837019
6120,1.228492260,2.934471130
6121,-1.821436644,0.025479350
6122,0.238927022,0.346172392
6123,-1.541621804,0.137000769
6124,-0.537074268,0.617741406
6125,-0.549398184,1.236133814
6126,-0.015756911,0.463735163
6127,-1.649746895,2.853088379
6128,-2.928287506,-1.952813506
6129,-1.337240696,-1.147399306
6130,-0.598227262,2.643560410
6131,2.178120375,-0.488560736
6132,0.662949800,-1.255408525
6133,1.540898561,-0.294036955
6134,-2.389515162,-1.630122423
6135,3.433398485,3.204373598
6136,-0.571360588,0.230247155
6137,2.329806566,-1.641522527
6138,-0.224980980,-0.634532213
6139,-0.840685368,-0.285954207
6140,0.351156652,-0.341705829
6141,-0.030203171,-0.184959367
6142,-0.513165116,1.857180357
6143,-0.032700449,0.364619255
6144,-0.568448126,1.240438938
6145,1.912340641,-0.010422786
6146,-1.188587546,2.479403019
6147,-1.752347946,0.458563805
6148,0.807554543,2.061319590
6149,0.570313692,0.726298749
6150,0.853817821,0.027920432
6151,1.709263206,-1.475037098
6152,0.362073004,-1.281917095
6153,1.739097834,0.395579636
6154,-1.707304835,0.284615874
6155,-0.376459539,-0.980183363
6156,0.338646472,-0.542682171
6157,0.946458697,-0.692201555
6158,0.994034231,0.014457071
6159,-0.159175143,0.925107181
6160,-0.108810946,-1.088901520
6161,-0.795341194,0.999473035
6162,-2.514580250,0.389523983
6163,-0.047945131,-2.755995512
6164,0.413722754,0.363599598
6165,-1.648808479,0.389545977
6166,-0.138855979,-1.718408108
6167,-2.236652374,-2.486109495
6168,-0.944998384,-0.656965613
6169,-4.383554459,-0.174125955
6170,-0.810665667,0.955846250
6171,0.341032773,-0.328869253
6172,-1.131033301,-0.820148289
6173,-1.954964042,-0.956308246
6174,-2.678316116,1.998339653
6175,0.495790064,0.917654216
6176,-0.077731609,-0.227989122
6177,2.370471716,-0.418323249
6178,0.733064234,0.242930457
6179,1.589693069,0.005348764
6180,2.388273954,-0.407471836
6181,-1.302511573,3.260046005
6182,0.653407812,2.655492306
6183,1.104910612,-0.522544980
6184,-0.054853953,0.228917137
6185,-1.214539766,0.531655610
6186,0.958858550,0.520431221
6187,0.052453078,0.752172589
6188,0.541616976,-0.662071526
6189,0.230797350,-0.021255028
6190,-0.094944052,0.213105619
6191,-0.213202134,0.083660796
6192,-1.247515440,-1.485724807
6193,0.435248375,-0.757199466
6194,0.636295319,0.856416166
6195,1.331453323,0.028097093
6196,-0.857117951,0.113961533
6197,-0.610294998,0.282587051
6198,-0.319835216,-0.111878753
6199,1.545627713,-0.777370572
6200,2.553717136,-0.449085861
6201,-0.038397670,0.635913372
6202,-0.033793863,0.553545892
6203,-1.736595035,-1.339592576
6204,-1.747629166,-1.159187317
6205,3.145798922,-0.033887129
6206,1.359379172,-0.294081032
6207,1.139508128,-0.151500419
6208,0.190312952,-0.271988004
6209,0.516533673,1.074168563
6210,0.107643738,1.893449306
6211,-1.463706493,0.400184602
6212,1.650581121,-1.810292959
6213,0.534369290,2.412106991
6214,-3.365856886,0.220989391
6215,2.004305124,-1.006585240
6216,-0.705399692,-0.685971975
6217,-0.056391399,-0.124535806
6218,-1.836493134,1.358538032
6219,0.275675893,-0.288083613
6220,0.445944577,-2.454646826
6221,-0.083809063,-0.355312526
6222,-0.054288056,-0.795953333
6223,-0.255575091,0.577688515
6224,2.169902802,-1.531743646
6225,0.293599516,-3.262762308
6226,0.103722736,-1.560007572
6227,0.615079820,0.932583034
6228,4.361073494,-1.279258609
6229,-0.572409332,1.306667089
6230,0.202259496,3.694837093
6231,-1.122005582,-2.927795410
6232,-0.388861239,0.290870309
6233,-2.298817158,-0.979286849
6234,0.676349521,1.013655543
6235,0.309011817,0.352231473
6236,0.629444063,-3.316910267
6237,-0.496427238,2.295886755
6238,0.817976236,0.427977234
6239,-0.160367101,-0.241007596
6240,0.830533147,-0.536953509
6241,0.259415060,-0.085780054
6242,-1.391569376,-0.048361566
6243,0.298977703,-0.789435923
6244,0.541082263,-0.296303034
6245,2.585854053,-0.488115132
6246,-1.068564415,-0.132446378
6247,-0.357576460,0.971664131
6248,3.185693979,0.964562178
6249,1.100607038,1.076943040
6250,0.332191885,0.618214786
6251,0.737877905,1.459021807
6252,-0.210735604,0.556898892
6253,-1.115572453,-0.335567027
6254,1.807127357,1.669655919
6255,0.347100586,0.485267848
6256,-0.626043558,-0.622195840
6257,-0.246220782,-1.137898564
6258,-0.171531215,3.096079588
6259,0.313755900,0.500292718
6260,-0.359438121,1.185784817
6261,0.044241033,-0.237689406
6262,-0.042954903,-0.873791754
6263,-0.603751540,-0.300046831
6264,0.270831496,0.182625607
6265,-0.661656916,0.846295774
6266,-1.241855025,-0.113830350
6267,-2.972841740,-0.436541319
6268,3.719027281,1.323649526
6269,-0.635683835,-0.912412941
6270,0.873757899,-0.451315612
6271,0.252747238,-0.062744834
6272,-0.617505908,0.235896006
6273,0.009085312,-0.815209925
6274,-0.837838054,-0.458141059
6275,2.134748220,-1.717738271
6276,-0.150354654,2.420673370
6277,-0.106251657,0.954174876
6278,-0.893202186,2.061311483
6279,1.163788080,0.677969873
6280,-0.167725936,-0.000106559
6281,-0.160103321,-0.154790342
6282,-1.138643861,-2.784570694
6283,-0.908305526,-0.915338755
6284,0.368728012,0.122819975
6285,-0.444010198,0.168915898
6286,-1.263577104,0.419062436
6287,-0.770328403,0.192034945
6288,-0.026671274,-1.544641852
6289,-2.144685745,-1.424213290
6290,1.068232298,0.098558135
6291,-0.049103316,1.646995664
6292,-0.914129674,-0.924559653
6293,-0.353943378,-0.566101253
6294,-1.569328070,1.463285446
6295,-0.133481309,1.705196261
6296,-0.691160321,-1.152779102
6297,-0.612553418,0.328737259
6298,-0.797083974,0.071268588
6299,-2.055880547,0.484975547
6300,2.179742336,-0.700243473
6301,-0.535618842,-1.338202119
6302,2.038110018,-0.937027872
6303,-0.741824329,0.136672318
6304,0.068209447,-0.157156184
6305,0.242757708,-0.318526179
6306,-0.027402921,-1.009606361
6307,1.175954819,-1.255613446
6308,-1.421430469,0.101403221
6309,1.456042767,-0.562815487
6310,0.505316854,0.300832987
6311,-0.651529133,3.353396416
6312,-0.089972459,0.359886616
6313,0.320951253,0.050769456
6314,-0.523869693,-0.469505101
6315,0.994232178,-3.586642981
6316,0.027174437,-2.011425734
6317,-1.077373862,0.124953650
6318,-1.057907462,-0.743189752
6319,1.454468727,0.862919509
6320,0.814125597,-0.259282172
6321,-1.305880308,0.815106034
6322,-0.807112634,-1.226762891
6323,0.082610518,1.674419761
6324,0.767875373,1.087659121
6325,0.179710209,-0.801783323
6326,0.242734328,-0.669840991
6327,2.915934563,1.140902519
6328,-0.168161929,0.262390167
6329,-1.079351425,0.158071205
6330,-1.387112856,0.147105217
6331,-0.151532143,0.147440493
6332,0.064151704,0.188146114
6333,-1.270515323,0.692852497
6334,-1.174202204,1.633078098
6335,0.401132911,-0.766530752
6336,-1.515914083,0.070191845
6337,1.459758878,0.320882589
6338,0.808015466,0.119798422
6339,1.055272341,-1.329874277
6340,-1.640545011,0.334617078
6341,2.730745316,-1.984326482
6342,0.524052024,0.219069406
6343,-1.719092846,0.440080941
6344,0.881957889,0.615127683
6345,-0.444278955,1.509080887
6346,-3.299566507,-1.590271831
6347,0.830722213,-0.543709517
6348,0.424931616,0.358839452
6349,-0.903577268,-0.528659642
6350,0.102582723,-0.754619896
6351,0.952397585,-0.554380536
6352,1.054018617,-1.382792950
6353,1.906649590,0.754121065
6354,-0.661394596,0.079293318
6355,-0.197143674,-0.490371227
6356,0.269337326,-0.242499366
6357,-1.901643515,-2.003276587
6358,-0.129006281,-0.242607623
6359,-0.062254664,-0.056705426
6360,1.146782517,-0.193464324
6361,0.615605056,1.949748874
6362,1.408593893,1.010946274
6363,-1.181287527,2.151767969
6364,-0.052572165,1.314857244
6365,-1.784779787,0.897761822
6366,-1.315586090,1.014863014
6367,-0.080747537,0.953531682
6368,-1.247790813,0.658830345
6369,-0.752523184,-1.178521276
6370,-0.217380822,-0.547374964
6371,1.146587133,0.811966538
6372,0.145216241,0.618840277
6373,-0.732066035,-1.400019169
6374,-0.080356218,-0.731597841
6375,-0.896211445,1.112762809
6376,0.911550879,-1.539133668
6377,0.651496232,0.027245568
6378,0.864882827,0.217520699
6379,-0.320202738,0.599436224
6380,1.495270133,-1.519494414
6381,-0.355944723,-0.726391017
6382,0.382461280,-3.343762636
6383,-0.557103038,1.500011086
6384,-0.539853811,-0.552045405
6385,-0.597305536,3.238152027
6386,1.877272844,2.207980394
6387,0.370010734,-1.624844670
6388,-0.083714269,0.193872020
6389,2.492004871,-1.389999151
6390,-1.377972841,-1.478696346
6391,-0.669820666,-0.630516946
6392,0.234071955,-1.657380342
6393,0.302994817,-0.298703283
6394,-0.135294646,0.174788997
6395,-0.371622056,-1.120270729
6396,0.701939225,1.425192118
6397,-0.099828742,-0.861249745
6398,0.559574187,1.212089419
6399,0.584869862,-1.157020330
6400,-2.447748423,-1.703723669
6401,-0.005872139,-1.522233725
6402,0.998797417,1.508407950
6403,-0.183910251,0.095856674
6404,-0.596328497,-1.444320560
6405,-0.561661243,-0.009448352
6406,-0.341542035,-1.412473321
6407,0.800161779,-1.308741331
6408,0.902032197,-3.467646360
6409,-0.308454126,-0.097552910
6410,-1.455381870,-1.555108428
6411,-0.820385337,1.568909287
6412,0.228094801,0.393552929
6413,2.633408785,-0.025502868
6414,-0.372829497,0.326029211
6415,-0.350990236,-0.174156174
6416,1.203735232,-0.886036396
6417,1.671764851,-2.173638105
6418,-2.207558393,2.252204657
6419,-0.998892069,2.870582342
6420,1.087103248,-2.449051619
6421,-1.359026909,-0.130093232
6422,-0.124410458,0.101690248
6423,-1.614577055,1.037442923
6424,-0.168179125,-0.411092848
6425,-0.409867287,-2.525665522
6426,1.631820321,-1.507547736
6427,-0.892009676,1.697076917
6428,1.084421754,-1.789640307
6429,4.909215450,0.370297611
6430,0.165801674,0.126126915
6431,-0.720114172,-1.706354022
6432,1.060370207,-2.391596794
6433,2.266452312,-2.549264908
6434,1.117915154,-1.398978829
6435,-3.676523447,2.984212637
6436,-0.605458558,-1.633168340
6437,1.286253572,-1.351636410
6438,0.436991870,0.267989546
6439,0.787483811,0.183667228
6440,0.148006752,0.205309868
6441,-0.672408938,-2.084649086
6442,-3.367944717,-2.224625587
6443,0.536572158,-0.262142062
6444,-0.784947276,-0.387019247
6445,0.634826362,-0.788563490
6446,0.041422252,-2.024172783
6447,0.377522051,0.033753175
6448,0.348323762,-0.060342941
6449,0.118804388,-1.067046285
6450,0.140060723,-1.877527356
6451,0.214198098,1.533810616
6452,-1.385993242,0.155382037
6453,-4.132874966,-0.622858703
6454,-0.915334761,0.015242780
6455,0.070932426,0.170067206
6456,-0.079633810,-1.534174204
6457,-0.947512329,0.153877303
6458,1.227559090,-0.607074559
6459,2.446347713,-0.536102295
6460,-2.105190516,0.251108259
6461,-0.222358808,-0.718832314
6462,-1.150059819,1.082875371
6463,-0.216071829,0.876618445
6464,1.001154065,1.079239011
6465,1.333583593,-1.233450413
6466,-0.137249202,-0.035435703
6467,-0.101457633,0.416869283
6468,-1.918446660,-0.332609713
6469,3.018264294,-1.963607788
6470,-0.410979211,0.359586447
6471,-0.316142380,-0.087276906
6472,0.896550715,1.474370599
6473,-0.492519319,-1.392471313
6474,0.136107281,-1.827718139
6475,1.162854314,1.816838384
6476,1.572091460,0.077166826
6477,1.347822070,1.548219800
6478,1.443332791,-0.024429003
6479,-0.325059325,0.794106901
6480,-1.138359785,-1.835542321
6481,2.025840759,-0.389180303
6482,-1.271826506,-2.726608515
6483,-0.523513317,-1.882996321
6484,2.416603327,0.706643522
6485,0.981227398,-0.479018539
6486,-1.375615120,1.549793124
6487,0.316003978,-0.094647452
6488,2.408163786,-0.202518880
6489,-2.070595741,1.414610267
6490,0.798635185,-0.946180999
6491,-2.984876156,2.613055706
6492,0.455754995,0.573610842
6493,-0.399689019,0.033410225
6494,-0.441466868,-0.466478944
6495,-1.150451422,0.510249496
6496,-4.694439411,1.953580379
6497,-0.384994000,0.272835076
6498,0.270889372,-0.366661310
6499,1.238745093,0.005058229
6500,1.955086112,-0.153619081
6501,0.216173992,-0.142746806
6502,-4.756299496,0.323599756
6503,0.842126369,-0.435686588
6504,2.321539640,-0.729292095
6505,0.110993102,0.410555363
6506,-1.180906534,-1.066008687
6507,0.933257937,-1.228842139
6508,-0.675650656,0.778644800
6509,-1.325940371,-0.469744176
6510,-1.098854303,-1.159358382
6511,0.085818976,0.511977792
6512,1.019888163,0.131809115
6513,-0.375120610,0.983382881
6514,0.869142473,1.079153657
6515,1.129812121,-0.275834978
6516,-0.073519662,-1.643298030
6517,0.291593820,0.807137728
6518,-0.013779164,-0.599071324
6519,-0.707677424,-0.089678019
6520,-1.347378969,-0.286620915
6521,0.053606831,0.657507420
6522,-1.652293801,-0.120171547
6523,0.794796824,0.017762896
6524,0.225722775,0.520956993
6525,2.238127947,0.619696200
6526,0.002237047,2.643593073
6527,-1.559150815,2.788483620
6528,-1.159415007,-0.845791399
6529,0.508875608,-1.600336909
6530,0.155263752,0.059042010
6531,-0.368982315,-0.217568442
6532,-0.812079191,0.736382842
6533,-0.528194726,0.407725781
6534,0.764728367,-0.597213089
6535,1.214529991,-0.497794449
6536,-0.485020548,-0.676062346
6537,0.211371571,0.542975307
6538,-1.819017887,0.122000113
6539,0.024053462,1.266279459
6540,0.492210329,-1.368735194
6541,0.650018036,2.029308319
6542,1.402111769,-0.240372702
6543,0.453380853,-1.238049984
6544,-1.658123970,-0.035610016
6545,2.327527046,0.790922105
6546,-1.432841063,0.793033540
6547,-0.604150176,-0.023021420
6548,-1.155577660,-0.054210886
6549,-0.845533431,-1.014393568
6550,1.018562198,-0.112652764
6551,0.198688790,-0.450448304
6552,-0.170587927,-2.068662882
6553,-1.838903189,1.312422156
6554,-0.402928799,0.590539277
6555,3.599836588,1.349278927
6556,-2.083258629,0.537052751
6557,-0.032212138,0.167113885
6558,0.955233335,1.387050152
6559,-0.746512294,0.287905902
6560,-1.408409238,0.264190078
6561,0.088280343,0.169902533
6562,0.126726300,0.592452109
6563,0.001701636,-1.191969514
6564,0.222474441,0.824036419
6565,-0.322818100,-0.797033012
6566,-1.869029760,-0.075950161
6567,-0.271202862,-0.359987855
6568,-0.396796197,-0.632819355
6569,-0.494798690,1.336084485
6570,-0.395814538,-1.429559827
6571,1.468188047,-2.947268009
6572,2.263518572,-2.549391747
6573,0.844693840,0.732393026
6574,-1.611285448,-0.439589947
6575,-1.147223592,3.074331999
6576,-1.167928219,-0.504085720
6577,-0.829128802,1.471401453
6578,-0.978749156,-1.162693858
6579,-0.178642809,1.004666448
6580,0.426825076,-0.895867109
6581,2.019693613,-0.585442901
6582,1.596766949,-0.449820161
6583,-0.219138935,0.124387965
6584,-0.425961375,0.902870119
6585,-1.936221361,-1.675377250
6586,1.115905285,1.311536312
6587,0.041744646,-1.399868488
6588,-0.113991521,0.713690281
6589,-2.033914328,0.086074233
6590,-1.410794735,-2.501794577
6591,-0.311884701,-1.001943946
6592,0.050234795,-1.272921801
6593,0.917683423,0.326687664
6594,0.921832442,0.314563066
6595,-0.309237003,-1.579096198
6596,1.004099727,-1.196237564
6597,0.078476384,1.748236537
6598,-0.250259668,-0.308613122
6599,-1.389107585,-1.212437034
6600,0.063068800,0.133945704
6601,0.834604621,0.018904522
6602,-1.350860119,-0.070286140
6603,-0.080588907,-0.094290867
6604,0.125371784,1.934114814
6605,-0.940992832,1.445007801
6606,1.302975297,0.330157399
6607,0.206330985,0.332356960
6608,0.056743458,-0.353175998
6609,0.874781191,0.907694876
6610,0.551000834,0.017724225
6611,-0.442813456,-0.055815984
6612,0.047448788,-0.509120166
6613,0.694139659,0.399893522
6614,1.160957575,-1.411782503
6615,-0.682086229,-0.842837811
6616,0.471587747,-0.274523199
6617,0.252943218,1.698336959
6618,0.484146267,-1.168168068
6619,-1.131822944,-0.896558464
6620,-0.516798079,0.376828015
6621,-0.060993683,2.986182451
6622,2.097624302,-0.750926256
6623,2.286706924,3.044347763
6624,0.356916249,0.697055578
6625,0.691862643,-0.846451223
6626,-0.536595941,-1.128635883
6627,0.105616547,-2.821609020
6628,3.009225607,-2.147334099
6629,-0.547770083,-1.056896806
6630,-0.163548782,-0.080838971
6631,0.470022589,0.448618829
6632,-0.032222204,-0.355027139
6633,0.113953330,-2.902696371
6634,-0.560045779,0.039142601
6635,2.563447475,1.004092216
6636,1.384735942,0.621650755
6637,0.240323216,0.067297705
6638,-0.900999427,-0.038153455
6639,0.796372235,-0.733302474
6640,1.116632938,0.908744991
6641,0.949584544,0.714455545
6642,1.249759912,-0.233172551
6643,0.295720160,-0.033453386
6644,1.383880615,0.324179322
6645,-0.532405019,-0.729489028
6646,-2.272293091,-0.164944276
6647,0.984073699,2.927190781
6648,-0.565157235,-1.462917924
6649,-0.300421596,0.687546372
6650,1.260678411,1.235569477
6651,0.362756163,-1.439541578
6652,0.374544501,0.842398226
6653,0.821712136,-0.497728944
6654,0.341374069,-0.601117074
6655,3.590815306,0.741131127
6656,-0.590907276,-0.744784713
6657,0.514957249,0.368412048
6658,-0.074054278,-0.406520247
6659,-0.598252535,1.799329162
6660,-0.386480808,-1.051899672
6661,0.458154887,-0.786703587
6662,-0.101023957,0.345195591
6663,-0.444090456,0.699464977
6664,-0.100330397,1.632293582
6665,-0.148110479,-0.345766217
6666,-0.794931769,0.469226420
6667,2.433655977,-1.913970590
6668,0.596567452,-0.059487656
6669,-0.206786647,0.074351519
6670,0.404581398,-0.316880465
6671,0.332732737,-0.170211717
6672,0.323144883,0.028083539
6673,-0.469186991,2.841017962
6674,0.012095921,-1.961544633
6675,-0.389423609,1.346419811
6676,0.354441434,-0.330638617
6677,-1.565997243,-0.553210795
6678,2.335859060,0.099178679
6679,0.756704748,-0.155545309
6680,-0.028529091,0.229519591
6681,0.251016080,-0.210242674
6682,1.651879787,-2.967335463
6683,-1.355432510,-1.236189127
6684,-0.737261772,1.712204218
6685,-0.597570240,0.563312829
6686,-2.449461937,-1.161918640
6687,0.972147882,-0.256624043
6688,-0.403445899,-0.467096984
6689,0.782868207,1.025430202
6690,1.631327510,-0.239077032
6691,0.353899419,0.458849877
6692,0.080326103,0.948762417
6693,0.284251153,-0.132839665
6694,0.121858567,0.219491318
6695,-0.806445241,1.838222384
6696,1.242456317,-1.597308636
6697,-0.229731008,2.976624489
6698,1.004402280,-0.027033241
6699,1.134244800,-0.896096528
6700,0.395787776,-1.484680176
6701,-0.425700873,1.317876577
6702,1.992973685,-1.577230573
6703,0.428618282,0.442958206
6704,-1.377331614,-0.772392452
6705,-0.065353543,-0.576488078
6706,1.965880752,-0.111485288
6707,-0.066225410,-0.747096181
6708,-1.295133591,-0.360100806
6709,-0.979883015,-0.049663961
6710,0.465496480,-0.888489425
6711,-0.123416983,-1.233890891
6712,-0.006264985,1.196425319
6713,-1.055482388,-1.330523491
6714,0.552817345,0.264663249
6715,0.186886370,-1.079398513
6716,0.361715972,0.175357282
6717,0.252753109,1.401176333
6718,-0.563090384,-0.162649885
6719,-0.398288578,0.650062501
6720,-0.126590759,0.084528930
6721,0.671404362,1.489116073
6722,-3.218799114,2.306221247
6723,-0.641065001,0.631333053
6724,0.092408687,-0.169054657
6725,-0.824359000,-1.228299737
6726,-1.108049154,-1.156187654
6727,0.034108523,0.233574286
6728,3.849895239,1.798852921
6729,-1.539396167,-0.027636399
6730,0.230261847,-0.179928616
6731,-1.990684986,-0.369749010
6732,0.946117282,0.851706982
6733,1.401051760,-0.123755686
6734,-0.861948907,0.303272545
6735,0.358458012,-0.568325579
6736,0.090129271,1.852881074
6737,0.334333301,0.958987713
6738,1.673983097,1.752105832
6739,1.403868437,-1.342680812
6740,0.181789756,0.402649522
6741,0.554038346,1.470220089
6742,-0.172624364,-0.560956776
6743,0.121302471,1.270139337
6744,1.791230083,0.688398778
6745,0.275585741,-1.824917436
6746,1.761491179,1.237671733
6747,-1.392138481,0.039359216
6748,-0.060885388,0.498795986
6749,-0.374899000,-1.063642621
6750,-0.138521031,-0.146871597
6751,0.174772993,-0.289402068
6752,-1.219826341,-0.342817158
6753,0.232321590,-0.355383277
6754,-0.098021433,0.130958691
6755,-0.723970711,1.233441830
6756,-0.723304033,-1.331392169
6757,-1.592743993,-2.224761724
6758,0.199337721,-0.775611520
6759,-2.861209869,-1.814622402
6760,-0.025754808,-0.302493334
6761,0.555799663,0.385136276
6762,0.024350079,0.219681635
6763,-0.507405043,-0.020586485
6764,1.103544831,-0.267536372
6765,-0.098158374,-1.050300598
6766,0.206730366,-0.938701928
6767,-2.063741446,-1.052572727
6768,1.878405690,1.916049600
6769,-2.876942635,0.545483530
6770,-1.491473317,0.592443287
6771,1.134179950,-2.343438387
6772,-0.863582373,-0.126001835
6773,0.257288307,0.700466275
6774,1.845920324,0.829928279
6775,-4.904676914,-2.184847116
6776,0.713798523,0.288764387
6777,1.239831567,0.261171281
6778,-0.280403405,-1.304185629
6779,-2.405365944,0.201851010
6780,0.902745605,-0.496988297
6781,-1.633857608,0.144142717
6782,-1.813646793,0.500274062
6783,0.386777312,-0.194022968
6784,0.983198583,-1.306914806
6785,-0.134533897,1.667081475
6786,0.476258337,0.321501076
6787,0.173506141,-1.417353988
6788,0.904860437,-1.750525594
6789,0.643182576,0.431620538
6790,0.515639603,0.648107827
6791,0.056480680,-0.175079480
6792,0.593131423,-0.078440242
6793,1.378038645,-0.747986734
6794,0.158953279,-0.072333388
6795,0.374150991,2.854300022
6796,2.216063261,1.050864220
6797,-0.280673712,-0.889261961
6798,-0.436453313,-1.797101021
6799,-1.753399491,0.661492288
6800,-1.022655487,-0.436854333
6801,0.417600542,0.642753303
6802,-1.699466348,-0.747404277
6803,0.248618335,-0.184775114
6804,-1.467593789,-0.772239983
6805,0.154747531,0.136848137
6806,-2.813562870,0.755254984
6807,-0.001013071,1.081871748
6808,-0.622706890,-1.209767818
6809,0.245998397,-0.101152360
6810,-0.600587428,-0.564125836
6811,1.242679358,0.366515428
6812,0.348414779,-0.432621837
6813,0.544701874,0.516344488
6814,-1.472157478,1.121223330
6815,-0.902922273,-0.474191248
6816,-0.973416030,-0.905690491
6817,0.145536616,-0.105118312
6818,0.626103342,0.522862852
6819,2.851610184,1.129409432
6820,1.213617563,-0.336047888
6821,0.107066430,0.088688865
6822,-0.602543473,-0.969883740
6823,1.503653765,-0.768228531
6824,-0.514860928,-1.709333539
6825,0.143618748,-0.219435528
6826,-0.418468595,-0.308076859
6827,-2.396120310,0.634237051
6828,-0.301280588,0.596658349
6829,1.010208249,-0.202953279
6830,0.275054961,-0.439481050
6831,3.928727865,-3.857278824
6832,0.077647656,-3.650588512
6833,-0.581852138,1.494317770
6834,-0.903995097,0.531854868
6835,-0.835734069,0.000052942
6836,0.680315137,2.253066063
6837,-0.447913438,0.457434446
6838,-0.249049589,1.394713163
6839,0.910116732,0.056520257
6840,0.242634609,0.549250543
6841,0.544420838,2.633146048
6842,-0.821195483,-1.897115111
6843,0.957829654,0.510504484
6844,-0.697245181,-1.203539014
6845,-0.282778859,0.107109636
6846,-0.325638443,0.104746945
6847,-1.833873630,-1.137346387
6848,1.111722350,0.387490839
6849,0.194698662,-0.403456628
6850,0.940913677,-1.595565796
6851,-0.057429831,-0.130276144
6852,2.240538359,0.104952358
6853,-0.933003724,2.583745241
6854,0.373709828,-0.803439677
6855,0.099185713,-0.568090856
6856,-0.356709093,-0.459620863
6857,0.038017459,-1.075755596
6858,3.730105877,-1.732679963
6859,0.938401401,1.344778180
6860,-0.426023066,0.891261518
6861,-0.700946033,1.356077552
6862,-2.675337791,-0.541807234
6863,0.313537806,1.256245017
6864,0.666612983,0.543977976
6865,0.130635202,-0.783765435
6866,0.257657856,-1.469908953
6867,0.612101316,1.051579237
6868,-0.423960567,-0.199387595
6869,1.686509252,0.764527082
6870,-0.418163359,1.303703904
6871,0.282620966,1.306574583
6872,-1.016159296,-0.558919191
6873,-0.755747736,-0.343348712
6874,1.066910625,-0.268152803
6875,-0.422909915,0.431542277
6876,0.770296514,0.793154299
6877,0.637991250,-1.972864032
6878,-0.581815302,0.857404351
6879,-0.087796703,1.902470350
6880,1.848395467,-0.353082806
6881,0.400811791,-2.031308174
6882,-1.190489292,-1.906228065
6883,1.262206554,0.691889644
6884,-0.078238070,-0.153262958
6885,-1.413350105,1.027298689
6886,-2.256649494,-1.295884728
6887,0.218219131,-2.063798189
6888,-2.120997906,1.624666572
6889,-0.091576122,-0.190465793
6890,-0.677235961,-0.281975478
6891,0.291991204,-1.849464774
6892,-0.727952600,0.234315768
6893,2.853272676,2.696583509
6894,0.882259786,-0.158472955
6895,-0.883089006,-0.342417359
6896,0.499042869,0.803951800
6897,-0.046643056,1.040072799
6898,0.091415495,0.137010723
6899,0.355860651,-0.590039670
6900,0.719716251,-1.073610306
6901,-0.060460292,0.541477144
6902,1.097029805,-1.143858671
6903,1.085330129,-1.020720720
6904,-0.026497744,0.915576041
6905,1.212602019,-1.270404339
6906,-1.321538448,0.581093669
6907,-0.885600150,1.015108347
6908,-0.393016785,2.829730988
6909,-0.032443881,1.760588408
6910,-0.826821148,0.430916220
6911,0.827991188,1.347448111
6912,-1.197304130,2.686808586
6913,-0.242811784,-1.758025408
6914,0.788678229,0.932722390
6915,-0.593853414,1.337235093
6916,-0.781084299,0.547165811
6917,0.361468256,0.401955128
6918,-0.610713422,-0.371679991
6919,1.052921176,1.085683107
6920,0.333981752,-0.485311419
6921,0.136147246,-0.940728962
6922,-0.348915547,-0.019717013
6923,-0.041806500,0.247315779
6924,-1.675130248,-1.722929955
6925,-0.025641877,-0.177840561
6926,0.516161144,-0.369089425
6927,-2.037487507,1.127513766
6928,0.949286580,0.604874969
6929,0.825586677,2.379853010
6930,-0.432823807,-1.815683246
6931,0.315023363,0.293074429
6932,0.365880489,0.085075960
6933,-0.332503676,0.035138443
6934,0.111045450,1.210444808
6935,0.855924964,0.863713562
6936,0.949114442,-0.681296349
6937,-0.238978699,-2.090487719
6938,-0.425922155,1.323268890
6939,1.549922943,-0.001539337
6940,0.100774221,2.023796797
6941,-0.365818888,-0.208272338
6942,2.393678427,2.837529898
6943,-2.837496996,-2.323350668
6944,-0.979008138,-0.683720350
6945,2.209708929,2.131833076
6946,-0.826923847,1.519348264
6947,-1.868475795,-0.380337417
6948,0.223956391,-0.850349426
6949,0.467269897,-0.224220589
6950,-0.209295824,-1.268526435
6951,0.064046063,3.427171946
6952,0.757321954,0.635279417
6953,2.602034330,-0.723688483
6954,1.385652065,1.476614833
6955,0.345312238,-0.308683842
6956,0.825774193,-0.863066673
6957,2.273235083,1.032792807
6958,-0.154659584,0.085078873
6959,1.895195723,-0.604251206
6960,0.754200399,0.585005105
6961,1.041083097,-0.201403365
6962,-1.001037717,0.007228157
6963,-0.688672841,-1.656107306
6964,0.307487905,-0.099013731
6965,0.123256706,-0.968580365
6966,-0.550515354,0.571607649
6967,2.373975992,1.671996236
6968,-1.120603204,0.372845948
6969,1.222135901,-0.396604329
6970,0.350505501,-1.444802165
6971,0.438325644,0.276838362
6972,0.241558746,-1.632554293
6973,0.177807868,-0.207821116
6974,1.275205255,-0.832160354
6975,0.018171608,0.837878823
6976,0.409493983,-0.510231078
6977,-0.030751521,-0.671643019
6978,-1.340172648,0.105711065
6979,-0.079496302,0.154129729
6980,2.221192122,0.547590256
6981,1.372482181,0.856029093
6982,0.149618506,0.102775678
6983,-2.913507938,0.917494178
6984,2.607913017,-0.033456568
6985,0.002152669,-0.124365270
6986,0.707982242,1.577573180
6987,1.198676467,-0.414953262
6988,-0.519903302,-0.202877909
6989,1.121391058,-0.194356471
6990,0.939196885,0.402979881
6991,-1.145277977,-0.418073803
6992,0.778859973,-0.154690534
6993,-0.296105355,0.076241635
6994,0.044144049,0.921903908
6995,0.809526622,0.398390174
6996,0.100685604,-0.295495838
6997,0.791094899,0.679042161
6998,0.197643831,1.171959758
6999,-0.775182843,-0.837293386
7000,0.052134264,-0.490003437
7001,-1.178601503,1.892435908
7002,-3.511401653,0.208282724
7003,-0.206433669,-0.493506938
7004,-0.034464195,0.355731964
7005,-1.067278624,1.042549133
7006,-1.521705866,0.843370795
7007,-1.506261110,-0.824174404
7008,-0.312313825,-1.306917548
7009,0.961246014,1.444133878
7010,0.884137809,0.555973828
7011,0.031626340,-0.222030491
7012,1.815867186,1.719811201
7013,0.129831657,0.561022520
7014,-0.513383985,-0.872168958
7015,-0.351091385,0.721762836
7016,-2.100489378,-0.309158891
7017,-0.510895133,1.676503778
7018,0.869604766,-0.033454817
7019,-0.669527292,0.990836799
7020,-0.220408455,-0.932592452
7021,-0.616555154,-0.679249823
7022,-0.823589623,-1.055945873
7023,-0.906835616,-0.435071141
7024,1.013611674,-3.519114733
7025,-2.811866045,0.501658440
7026,1.062423110,-0.290999949
7027,-1.743850708,-0.858280957
7028,3.758574486,-1.734072924
7029,0.201334834,0.129879221
7030,-2.532511473,-1.635398865
7031,0.561001301,-0.279858559
7032,0.013737491,0.161707208
7033,0.651595771,0.548767805
7034,-0.554615021,0.852522373
7035,0.793303311,-1.024355531
7036,0.104865916,-1.757222891
7037,-1.214775205,0.951531291
7038,-2.047632933,0.413767725
7039,-0.395699888,0.629594564
7040,0.512071669,1.122449517
7041,0.104542337,1.121403217
7042,0.426799148,0.794634521
7043,0.398328841,-0.570055723
7044,1.543370366,0.558563232
7045,-0.795304000,-0.889041364
7046,0.682794988,0.229752809
7047,0.090705425,0.919366896
7048,0.514650941,-0.443460852
7049,0.372251421,-0.533734798
7050,1.555283666,-0.817656338
7051,0.269621968,-0.908372879
7052,2.609419107,-2.645286798
7053,-0.812182844,3.469961643
7054,0.064061567,-0.197525322
7055,-0.154768631,-0.270782679
7056,1.220993757,0.519042671
7057,1.324482679,2.369494915
7058,1.208018303,0.148025632
7059,2.461350679,-0.619138002
7060,0.124152243,0.463214457
7061,-0.562809408,0.223142490
7062,0.662289858,0.484448999
7063,1.733786225,4.109842777
7064,1.352479458,-0.148816660
7065,0.198740333,0.175783828
7066,0.142513677,-0.166637391
7067,0.572524190,1.300950885
7068,-0.373644859,-0.166447639
7069,-1.250946999,-0.140124574
7070,-2.178593159,-0.292987406
7071,-1.103639603,-0.957518756
7072,-1.185691357,-1.595943451
7073,-0.186451033,0.095736988
7074,-2.436136246,-0.995810091
7075,1.892975211,-0.192924216
7076,-0.476224840,0.271886289
7077,0.985689163,-1.612876296
7078,-0.897468030,0.681532323
7079,-0.937548578,4.074594975
7080,0.712440312,-0.062883787
7081,1.276510835,-0.754871070
7082,-0.909475088,-1.820341229
7083,-0.428821504,0.027294232
7084,-1.760763407,-1.924769878
7085,-1.960992932,-0.106127821
7086,-0.674951255,-0.038439818
7087,-0.553217232,-2.146371126
7088,-0.437255502,-0.103891112
7089,-0.257514179,0.180730939
7090,-1.512393832,-1.241524458
7091,1.470563054,-0.892389536
7092,2.244728565,0.317334205
7093,0.149925545,1.752059460
7094,2.085262537,-1.046832800
7095,-0.312993616,0.105050758
7096,0.361032695,-0.867119730
7097,-0.363135725,1.636601448
7098,-0.814323008,0.121331811
7099,-0.183795258,0.166342095
7100,-0.128658652,0.868692458
7101,-0.651274025,0.536602259
7102,-0.643192708,0.693628967
7103,-1.615665078,-2.484899282
7104,0.385745078,-0.968359351
7105,-0.593133152,-0.332580537
7106,-1.037273645,-1.735187531
7107,-1.462168336,-1.820110798
7108,-0.584607601,-1.680923223
7109,-0.100610338,0.344031662
7110,-0.777409315,0.734046042
7111,0.282437444,0.499483496
7112,0.116455302,-0.897786081
7113,1.225637674,0.943457127
7114,-2.030241728,-0.472174138
7115,0.528956234,2.076312542
7116,0.180813670,-0.017985087
7117,0.671600938,-1.652444243
7118,-0.339669615,0.757642984
7119,-0.106915690,-0.368953973
7120,-0.244694725,-0.001519462
7121,-0.457190931,0.724448025
7122,0.412152022,1.363699198
7123,0.190204278,-1.137175679
7124,-2.716120243,-1.230700612
7125,0.608159184,-1.320124388
7126,-0.250847787,0.012574451
7127,1.108719945,0.826236784
7128,0.747403979,0.621101201
7129,1.368884325,-0.127202898
7130,-0.968839586,2.490780830
7131,0.578792870,0.025566254
7132,3.128880739,0.166227371
7133,-0.544819891,1.007638216
7134,-1.234281778,-0.094998434
7135,-0.620206773,-0.029043386
7136,-0.084241003,-0.186851755
7137,-2.548040867,0.451644093
7138,3.260528326,3.096821308
7139,0.482619196,0.403961480
7140,-0.912325859,0.152500585
7141,-1.455329776,0.541980445
7142,1.177628517,-1.844871759
7143,0.697255492,-0.917346835
7144,-2.095991850,1.328801632
7145,0.741337180,1.152097702
7146,-0.789439678,-0.767253518
7147,1.059677124,-0.800876141
7148,0.050687626,-0.212258086
7149,1.304917097,-0.906087101
7150,0.727011025,1.480775356
7151,0.843201876,0.433036983
7152,0.922661602,1.785453677
7153,0.190461159,0.393345892
7154,0.237048313,0.076677628
7155,-1.288611174,1.638104200
7156,0.888921857,0.267330199
7157,-0.687011123,4.601147175
7158,1.881947279,1.225256324
7159,-2.053761244,0.041118272
7160,4.548818111,3.137477160
7161,-1.174360514,-1.004309177
7162,0.481490791,-0.769780040
7163,-0.609347105,0.231512234
7164,-0.281753927,0.776549935
7165,-1.126271367,-0.346838742
7166,-0.007238809,0.166513577
7167,-0.349607766,-0.255774587
7168,-0.782764494,-0.103912458
7169,0.213638768,2.088209391
7170,-0.067196615,-0.292652220
7171,-1.145388842,-1.704804420
7172,0.126748428,-1.168464541
7173,-0.297797769,-0.117389679
7174,-1.674917340,0.900953412
7175,1.139903307,0.921329618
7176,-0.967718005,-0.494640589
7177,0.190663964,-0.598986745
7178,-1.737611890,0.082182199
7179,-0.086225472,-0.386970788
7180,1.335254192,0.712606549
7181,-0.415023625,-0.524090946
7182,3.131867886,0.632649958
7183,-0.337400347,-0.274466872
7184,-0.420894504,0.001497166
7185,0.215750143,-0.555284798
7186,-1.708663106,2.132590055
7187,-1.554534435,-1.508497000
7188,-0.183781341,-0.014887441
7189,-0.985735476,0.395613074
7190,-0.566784024,1.147603989
7191,-0.302564293,0.360054970
7192,-0.079566002,-0.759532094
7193,-0.042322814,0.177322745
7194,-0.376070827,0.339145482
7195,0.967608094,1.077431917
7196,0.847390354,-1.650450468
7197,0.410358757,0.261203438
7198,-1.529393554,-0.473205298
7199,0.096833378,-0.273826987
7200,-0.069934323,0.166136071
7201,-0.333159715,-1.453595638
7202,-1.007617474,1.115954638
7203,-0.124760471,-0.036423471
7204,-0.259975195,0.028052542
7205,-1.520363688,0.312467724
7206,0.863663614,0.122718193
7207,2.347009659,1.437023520
7208,1.655007958,0.641540170
7209,0.379985034,0.705287278
7210,0.004955807,-0.191166893
7211,0.398618996,1.252861142
7212,0.483971745,0.591816485
7213,1.285976171,0.125840575
7214,-0.512534082,2.285397768
7215,3.206369877,1.748827577
7216,-0.109520368,-1.256605148
7217,1.161074400,-0.342541277
7218,-2.902307510,0.280179292
7219,0.169471368,0.131925806
7220,0.675752640,0.539963961
7221,0.623956084,-0.345516175
7222,3.542424202,-0.862248421
7223,-0.640365303,-0.886117756
7224,-0.725587189,0.152492285
7225,-1.353590846,1.108559012
7226,-1.285325766,0.573005855
7227,0.704298437,0.720870197
7228,-1.006074429,-0.960660875
7229,0.193806618,0.441479385
7230,-0.578297377,0.585639715
7231,-0.327926427,-0.253477156
7232,-1.709651470,0.520955384
7233,1.070845008,1.965725303
7234,0.704101801,0.145405874
7235,0.157986328,-1.573132515
7236,-0.174101934,0.013218008
7237,0.519822836,-0.155010462
7238,0.740398645,2.011635542
7239,-0.179022744,0.202707916
7240,-0.079041205,2.211140156
7241,1.089256763,-2.280177116
7242,1.883338332,0.100079276
7243,-1.257191300,1.022769809
7244,-1.294902205,1.308737636
7245,-0.010491488,-0.233343154
7246,-2.130170822,1.549632311
7247,0.945414662,-0.269458115
7248,0.324782342,0.104700334
7249,-0.895080864,0.330516249
7250,-0.014168032,0.472558290
7251,0.636601269,-2.338289738
7252,1.499698281,-1.139001250
7253,0.236117363,-1.680012345
7254,2.206180334,-2.524677753
7255,-0.162900969,-0.343788594
7256,-2.036015511,2.326431274
7257,-1.293197751,0.484112769
7258,-0.194628179,-0.070466638
7259,-0.476605356,0.306843072
7260,-0.046762299,0.610330105
7261,-1.027908087,-0.237229928
7262,-1.398348451,-1.186610579
7263,2.952208042,-0.673931539
7264,0.316385925,-0.164152548
7265,0.304697931,0.365224034
7266,1.342507362,-1.481614232
7267,1.286290526,-1.891237259
7268,0.537975073,0.065662444
7269,-0.094900981,-1.692966580
7270,1.215823770,2.438030243
7271,0.328520030,-2.532414913
7272,0.163669989,-2.282247066
7273,0.160303399,0.508365870
7274,-1.061980128,-0.516483188
7275,0.706667483,-0.687522233
7276,-0.355016291,0.315226883
7277,-0.317355514,-0.813028157
7278,0.614562035,-0.861872017
7279,0.072174318,-0.940465450
7280,-0.983264685,-0.067181140
7281,-0.614627898,-0.735138118
7282,-0.754399836,0.089294687
7283,-1.920326710,0.533131242
7284,0.566249967,0.848573506
7285,-0.044884138,1.460282683
7286,-0.493483782,0.410485446
7287,0.914689660,-0.401666820
7288,1.238209367,-1.791872740
7289,-0.527538598,-0.184479743
7290,0.281959862,-3.401395082
7291,-1.846235275,1.077542782
7292,-1.712037802,0.499290824
7293,-0.397971481,-0.673565567
7294,0.926019907,1.293310642
7295,-0.832021773,-2.016835690
7296,-0.883507490,-1.701179147
7297,-0.208746180,-0.563416243
7298,0.191208512,-0.025995262
7299,0.552953005,0.866299093
7300,-0.578004479,1.211591363
7301,-0.697038949,-1.317674279
7302,0.293974012,0.720538020
7303,0.207118511,-0.509260237
7304,1.100501657,1.261164069
7305,0.210631043,0.774632931
7306,-0.090049371,0.225399837
7307,-4.520959854,-2.325376272
7308,1.175241828,3.197911263
7309,0.687560737,-1.060351014
7310,-0.114799365,0.498467535
7311,-1.923492432,-0.447892219
7312,-1.794404149,0.847317755
7313,-0.017450191,1.352295995
7314,-1.102582574,-0.474597275
7315,-1.457604408,1.409900308
7316,-1.570613861,0.964311659
7317,-0.680092037,-0.070413940
7318,0.466759920,-1.004476547
7319,0.660830677,-0.650016129
7320,1.246736288,0.467868209
7321,0.224097744,0.390042901
7322,0.331439674,0.504552543
7323,-0.530984581,-2.103345156
7324,-0.355644763,1.003674746
7325,-1.555107951,-1.336441517
7326,0.518500566,0.038123503
7327,1.761435270,2.942040682
7328,0.568889260,-0.635237157
7329,1.172978878,-1.260367870
7330,0.049148031,-0.494421691
7331,2.948462248,-0.573806882
7332,1.275753617,2.792294264
7333,0.385294974,-0.783531189
7334,0.602227509,1.314328432
7335,1.202272296,-0.153753653
7336,-1.923400998,-0.495003790
7337,0.416856885,1.967817307
7338,-1.654275656,-0.341254503
7339,1.316290498,-0.413029373
7340,-0.394224703,-1.910707593
7341,-0.627449632,-0.582237363
7342,2.321845055,-1.092918515
7343,-1.428027749,0.729723334
7344,-1.395581007,-0.790742755
7345,-0.169769511,-1.491867185
7346,0.575457633,0.358958781
7347,-0.789787889,-0.250773400
7348,0.557423532,-0.570362985
7349,0.845366061,2.823358774
7350,0.077819034,0.137825936
7351,-1.643240213,2.627156734
7352,0.514457583,1.553675413
7353,-0.225182459,-0.145959362
7354,-0.339220077,3.249188900
7355,0.492339283,-0.260419130
7356,-0.047077291,-0.852711499
7357,-1.546192765,0.821325481
7358,0.074270345,-0.139065877
7359,0.269453853,0.682122529
7360,-0.546615899,-1.584569693
7361,-2.000171900,-0.119737603
7362,-0.124740548,-1.129466057
7363,0.034666196,-0.050185230
7364,0.204265147,-0.308151841
7365,1.945282936,1.088036060
7366,1.647565007,1.904716253
7367,0.074706264,-0.336950690
7368,0.102499403,-0.439228386
7369,0.723387659,1.182752967
7370,1.058216333,0.607822418
7371,0.134520888,1.409965873
7372,-0.218243152,-0.664513528
7373,0.469899297,0.628608406
7374,-3.122862816,0.764193177
7375,-0.004647388,0.361411989
7376,-0.380157799,-1.127516747
7377,0.540982604,-0.052198790
7378,-0.547357261,-0.549469173
7379,-0.323784769,-1.386892438
7380,-1.328203440,-1.006214023
7381,0.404238015,-0.222421244
7382,-1.362556338,-1.172557354
7383,0.694768548,-0.685417712
7384,-0.604128301,-0.347525448
7385,-0.180203363,0.128450409
7386,0.314589083,0.175621346
7387,-1.072928309,-3.577826738
7388,1.488267660,-2.142699957
7389,0.529417992,-0.618632793
7390,-0.166673630,-0.806735456
7391,0.155499473,-0.550572932
7392,-2.647134781,2.753245592
7393,-2.501704216,-0.982712686
7394,0.750366211,0.859424889
7395,-1.611897588,-0.887567759
7396,-0.270493746,0.120547488
7397,0.145896658,-0.135150537
7398,-0.577782810,1.728714108
7399,-0.989524901,1.081484914
7400,2.775934458,-0.033669189
7401,-0.540412307,-0.752566278
7402,0.042588226,-0.310100198
7403,0.004589148,-0.163140476
7404,0.405292094,-0.067495279
7405,0.276374668,0.622207642
7406,-0.306993067,0.108809821
7407,0.807977378,-0.454403549
7408,-0.352469236,-0.003408795
7409,0.766643167,0.267680109
7410,1.430019140,0.777898133
7411,-1.219748378,-0.899283528
7412,-0.790238559,-3.471154213
7413,0.366810918,-0.127517194
7414,-0.263134390,-1.661243320
7415,0.969782710,0.289373428
7416,0.022456760,1.234049678
7417,1.115185022,0.076926641
7418,0.221721381,0.589710712
7419,0.545493245,1.000324249
7420,0.596212864,0.516768038
7421,1.133550763,-2.523855686
7422,-1.131556749,1.772995472
7423,0.248314217,-1.039664030
7424,0.317409098,-0.165250331
7425,0.673380077,-0.279799849
7426,-1.151195884,0.202244118
7427,-0.649233520,0.318605989
7428,-0.210296094,-0.528398037
7429,1.800776482,0.294860721
7430,1.247633219,-1.077948809
7431,1.230405331,-2.031237125
7432,-0.005324705,0.616218865
7433,-1.818354964,-1.668680429
7434,-1.434015632,1.513804078
7435,-0.171522081,0.083538957
7436,1.035483122,2.150234938
7437,-0.899968922,1.112776875
7438,-0.078980230,-0.936390340
7439,1.467631936,1.342955947
7440,-0.041913528,-0.554183125
7441,-0.572672009,0.953729510
7442,-0.421665907,-0.171862617
7443,0.096955545,-1.409268379
7444,-1.492404699,-1.010910153
7445,-0.832503736,0.168624014
7446,1.197879910,-0.329894453
7447,-0.208717346,0.164378986
7448,-0.536286414,-1.564598083
7449,1.838368416,0.359752506
7450,-1.723024130,0.017916869
7451,-0.383773923,0.114093684
7452,0.954820871,1.582718134
7453,-0.840898275,-1.932568789
7454,0.342534363,-0.557563186
7455,-1.976302385,-2.394023180
7456,1.569691896,-0.153311178
7457,0.894660652,-1.032683372
7458,-1.117757678,-0.867501676
7459,-2.636841297,-2.945478916
7460,-0.097449191,0.805827081
7461,0.855821371,-0.647876680
7462,-0.400362462,-0.327184230
7463,0.527871549,-1.463414073
7464,2.374006033,-0.378660589
7465,0.190952748,0.040458921
7466,-0.124581695,-0.139757931
7467,-0.446008503,1.117449522
7468,1.311995029,-0.194047034
7469,-0.615356445,-0.584037006
7470,1.539985299,-0.223866686
7471,-0.197966889,2.987323999
7472,-2.205592632,0.053817041
7473,0.670945823,0.253500074
7474,-2.100544453,0.005178329
7475,0.068895958,-0.195683554
7476,0.083803751,-0.494569242
7477,-1.712371349,1.028051496
7478,0.251768827,-0.189437032
7479,-0.125964791,-0.418040991
7480,-0.787390113,0.151955709
7481,1.087495208,-2.031958103
7482,-1.911578774,0.458236545
7483,-0.711821556,-1.540362477
7484,-0.575470805,-0.528008640
7485,0.445262969,0.098096445
7486,-0.173778191,-0.094962537
7487,-0.627495706,0.829480529
7488,1.066363573,1.812187672
7489,3.064841986,1.262915969
7490,1.467702389,0.084415048
7491,0.364009738,-0.418365926
7492,0.598751664,0.534961879
7493,-1.376374483,-1.321364522
7494,0.291132808,-0.241196245
7495,-1.171023250,0.432970643
7496,0.863699019,-1.009375334
7497,0.034127291,-0.685472310
7498,0.973901868,1.547696710
7499,-0.630886853,-1.092807651
7500,1.063005805,-2.228233337
7501,-0.869606376,0.435904771
7502,0.299084216,1.626646161
7503,2.678093672,2.015006781
7504,-0.337848812,-0.619657278
7505,-1.041182876,2.256812811
7506,-0.884567797,0.872189939
7507,-0.750358522,-0.097533382
7508,0.408271402,1.892347336
7509,-0.097835854,0.433582336
7510,0.670111001,-0.141761318
7511,-0.203716412,0.603485823
7512,-0.037038747,-1.037578583
7513,0.646762192,1.615516424
7514,-1.095985055,0.191677988
7515,2.683583021,-1.786777854
7516,-2.287985086,-1.874228954
7517,1.603195786,-1.373956561
7518,0.381859869,-0.918525875
7519,0.166211054,-1.347424746
7520,-1.586071134,1.120122790
7521,-0.085208103,0.196705207
7522,-0.044956338,0.163896307
7523,-3.579102039,-0.401489168
7524,0.096960381,1.546192884
7525,-0.047578145,0.850030005
7526,-0.000615149,0.241405994
7527,-0.669878900,-0.884528100
7528,-1.128327131,-0.714991271
7529,0.185795560,-1.161695004
7530,0.139335349,0.449793369
7531,0.033327859,0.670857251
7532,-1.870000958,0.916670024
7533,0.174632967,1.458240390
7534,0.966836870,0.508875310
7535,-0.585682273,-0.340772778
7536,0.750366509,0.562222838
7537,0.378859341,-0.535783291
7538,-1.154069424,0.095893130
7539,-0.088774703,-1.281200171
7540,0.446530968,-0.334267110
7541,-0.208209276,0.380562276
7542,0.368701160,-0.037264712
7543,-0.667061210,2.553032875
7544,-1.936353087,-1.043368578
7545,2.825978279,0.864154518
7546,0.677567422,-4.509079933
7547,-1.643397808,-0.306053728
7548,-0.947773218,0.898434699
7549,-0.689806581,-0.178648993
7550,0.884990871,-0.426308006
7551,1.507335186,1.704491496
7552,-0.037938744,-1.447561741
7553,-1.084455132,-1.009775281
7554,0.259536564,-0.955268264
7555,1.236613154,1.052344203
7556,-1.603317380,1.802359223
7557,0.568511724,-2.432527781
7558,-2.805503368,-0.551454604
7559,-0.128197148,-0.630822718
7560,-0.481142879,-0.588060796
7561,0.670521438,-0.600054383
7562,0.782460153,-0.231646046
7563,-2.261864901,-4.253730297
7564,-0.918585718,0.128640503
7565,-0.084542409,-0.467878312
7566,-0.520858407,1.916172862
7567,2.132208347,0.790695488
7568,1.261148334,0.809155166
7569,0.234721601,-0.875606298
7570,0.795545161,1.651167989
7571,0.328472137,1.616714597
7572,1.367055535,-1.380533695
7573,-1.559398532,2.289463282
7574,-2.231667042,-0.512226284
7575,1.001895785,0.512805820
7576,-0.458334714,0.828193784
7577,-2.269090176,-4.193566322
7578,-1.388930917,-0.803914011
7579,0.162020788,0.287953347
7580,-0.057365354,0.266916424
7581,-1.370059371,2.180128574
7582,1.774752736,0.566697359
7583,-0.933103919,0.617434561
7584,1.543397427,-1.145884991
7585,-0.381055236,-0.888197601
7586,0.127699047,-2.440964222
7587,-1.311606884,-0.606024325
7588,1.015020847,0.825147510
7589,0.844674051,1.337393284
7590,-1.316709518,-1.493206978
7591,-0.206179231,-0.312706113
7592,-1.420097113,-0.459705055
7593,-0.019605599,0.975833058
7594,0.153349563,-0.103407681
7595,0.704994619,1.613378525
7596,0.722476602,0.591171384
7597,-2.228624582,3.456673861
7598,0.063015774,0.636948645
7599,1.985177994,1.176087737
7600,0.147174448,-1.693907976
7601,-0.826057315,-0.001613203
7602,-0.885450542,0.843381524
7603,-1.463493824,1.314587712
7604,0.835687101,0.177048013
7605,0.909361482,-0.043892626
7606,0.274457157,-0.896401942
7607,-3.611758232,-2.949294090
7608,0.297625244,2.490830183
7609,-0.240011066,0.207868084
7610,0.436228514,0.033373792
7611,0.733899772,0.640891910
7612,2.105266094,-1.042864919
7613,0.293594241,-0.546746314
7614,1.271793246,-1.091063857
7615,1.136398792,-2.496732712
7616,0.303768665,0.506293178
7617,-1.356741905,0.344330966
7618,-0.251508623,1.715876102
7619,1.044457555,0.150073588
7620,-0.365876943,-0.242611885
7621,-0.800506353,-0.028771121
7622,-0.814863801,-0.677282870
7623,-0.438334316,0.290784448
7624,-0.873542428,0.017735360
7625,-1.580124736,0.330478996
7626,-0.319617838,2.692889214
7627,-0.861976862,-0.710956514
7628,-1.990295887,-2.163419247
7629,1.643206358,-0.637289226
7630,1.039765596,-1.948496222
7631,0.615195811,1.516695619
7632,0.520355105,0.250758678
7633,0.234952420,-2.144849300
7634,-0.044359379,0.289631307
7635,-3.413652897,1.182306767
7636,0.569973826,-0.646690488
7637,0.587262869,0.859262109
7638,0.362218052,-1.816144586
7639,0.343415439,0.007875859
7640,-1.053361416,1.019488454
7641,-0.834197402,-0.630570292
7642,-0.421341598,-0.816226780
7643,-0.378798127,-0.937662721
7644,0.208339348,-1.817896485
7645,0.433659732,0.538396180
7646,0.904099166,0.630932391
7647,-0.007978179,0.597969234
7648,-1.357507348,-1.114445925
7649,0.720803380,-1.972818136
7650,-0.049940005,0.343257755
7651,-0.170439944,2.247990608
7652,1.185881853,-0.079858705
7653,2.516880989,0.078226864
7654,2.869227648,0.831734896
7655,-0.373129815,-0.675334871
7656,0.152405232,0.206555218
7657,0.676031411,0.586615145
7658,-3.521013021,-1.674058795
7659,-2.717228413,0.943985403
7660,0.894225180,1.141770005
7661,0.862766623,-0.149545550
7662,0.210126534,0.574962378
7663,1.076806426,-0.655312419
7664,-0.231111765,-1.059325933
7665,-0.398972362,-0.183615521
7666,-2.075661898,0.795538783
7667,-0.740519226,0.273891270
7668,0.253799766,-0.204672858
7669,2.648630619,-1.280543327
7670,0.361498356,3.057802916
7671,-1.933933854,0.149498388
7672,0.616423726,0.255313873
7673,1.069040537,0.292195559
7674,0.017069073,-0.169655025
7675,-0.065727070,0.917776644
7676,-0.648729980,-0.458150834
7677,0.066921726,0.886742413
7678,-0.879393339,1.778472424
7679,-0.386708975,0.180873126
7680,0.244074002,0.187302545
7681,-0.484651834,0.657884657
7682,0.143487722,-0.179916471
7683,2.566743612,0.106996618
7684,1.817568541,-0.555213034
7685,0.890062094,-0.341238141
7686,-1.627571225,0.763801217
7687,-0.529436171,0.301517665
7688,-0.985919476,0.073006280
7689,1.890829682,-0.381666720
7690,-0.989482939,-0.819938600
7691,-0.326317728,-5.059146881
7692,0.257803112,0.838426769
7693,0.295116246,-2.563442469
7694,-0.268499970,0.972652674
7695,1.093466878,0.469947875
7696,0.000656010,-1.276732326
7697,1.477364182,-1.808532357
7698,3.593110800,0.482387513
7699,0.161513165,-0.009539208
7700,0.111338586,0.548652589
7701,-0.528713524,-0.319345206
7702,-0.718273699,-0.617098391
7703,-2.067863464,2.342476130
7704,-0.197812647,-0.301935405
7705,-1.280105591,-0.445551127
7706,-1.648491621,0.199114487
7707,0.261451900,0.308420897
7708,0.360144764,-0.390807092
7709,-0.472190320,-1.176550984
7710,-0.245252714,0.237486407
7711,0.723720133,-0.580700517
7712,-1.454809904,1.728527546
7713,0.368556082,0.900498688
7714,1.199335814,0.919650435
7715,1.716789961,-0.382422835
7716,0.279288232,0.187241569
7717,-1.493390203,-2.670581102
7718,-0.737606704,-2.003217697
7719,0.276526928,-0.013030906
7720,-0.078593850,-0.276758492
7721,-0.555967093,0.024199553
7722,0.486703306,0.899222553
7723,0.078424953,-0.508881509
7724,-1.255978823,0.023986848
7725,1.524672747,-1.733498573
7726,-0.229020447,0.513383389
7727,1.478972912,-3.852907896
7728,0.023068292,-3.460321665
7729,-0.391257644,-0.032643005
7730,0.732862890,2.111084461
7731,0.305584580,-0.035771493
7732,-0.439865649,0.010055793
7733,-0.492403477,2.963218451
7734,0.005746142,-1.850806713
7735,-0.394299984,-0.362313598
7736,-0.120050721,1.578281164
7737,-0.173967764,0.665970981
7738,0.792300284,0.062340640
7739,-0.341833621,1.463796139
7740,0.694655418,0.503341854
7741,-0.057429694,0.652367055
7742,-0.758916140,-0.899133921
7743,0.039524700,0.139667943
7744,-2.406115294,-0.070578523
7745,-0.344436765,-0.147115037
7746,-0.347335160,0.489012659
7747,-0.193417296,-2.007884026
7748,1.994125724,-1.231570363
7749,1.697714448,0.029787948
7750,2.950090885,4.236608028
7751,-1.631424189,0.119307660
7752,0.633080482,0.293999165
7753,-0.822303772,0.308030903
7754,1.490062594,-0.452071577
7755,-0.091282800,0.578730226
7756,0.459595859,0.072997130
7757,-1.872387528,0.249111965
7758,1.261830330,-0.720880806
7759,0.935108542,3.513176203
7760,-1.379787564,-3.055815935
7761,-1.201274872,2.872728109
7762,0.399403393,-1.003901005
7763,2.299025297,1.311594486
7764,2.386900187,-0.319756210
7765,1.867298841,-1.349686146
7766,0.179003730,-0.940707922
7767,0.224941805,0.817653477
7768,-0.568771839,-0.134976536
7769,-1.477309465,2.227994919
7770,2.923734188,0.387498915
7771,-3.346888781,-0.236475259
7772,-0.535816073,-0.157520711
7773,1.517569065,3.032536268
7774,-0.925093472,1.184578300
7775,-0.251057297,-0.623942494
7776,-1.859501719,-1.855928302
7777,-0.550574780,2.490489960
7778,-0.721461713,-0.412483573
7779,0.533537805,1.135031819
7780,2.637597799,0.840948343
7781,0.489116043,-0.826991498
7782,-1.402635217,-0.149287596
7783,-0.658059835,-0.439723194
7784,2.263270378,-2.321105480
7785,-0.203054026,0.108452216
7786,0.368619621,0.603280187
7787,-0.653590322,1.669337511
7788,-2.412705660,-2.052754164
7789,0.004780766,-0.063047037
7790,-1.609858513,-1.453595638
7791,0.629850984,0.347079307
7792,0.113632560,-0.840426385
7793,0.269363225,1.316788554
7794,-0.230579555,0.149578616
7795,-0.071746759,-2.208877087
7796,-0.800101995,-1.862416148
7797,0.386304528,-0.214341342
7798,-0.780504525,-0.505307555
7799,1.176930070,1.305385113
7800,-3.190022469,-0.747266233
7801,-0.888793826,2.259766340
7802,0.003525805,-0.187655777
7803,-2.788842201,-1.596566916
7804,-0.818643212,-0.481608093
7805,-0.871002555,-0.141201049
7806,-1.013928533,0.084732138
7807,-0.810790598,1.430555820
7808,0.184148595,-0.400918186
7809,0.021450570,-0.543384671
7810,0.458632171,-0.110818461
7811,1.844189525,0.335291356
7812,0.825271308,-0.008491918
7813,0.609512687,-0.582615554
7814,0.928540587,1.211828709
7815,0.950898767,-0.268962741
7816,0.064282708,-0.389841288
7817,0.752330482,1.268811822
7818,0.713207364,-0.179917559
7819,0.982419252,0.970115960
7820,-1.748083711,0.639422357
7821,1.852769017,-0.551052511
7822,-0.236289352,-0.109334409
7823,2.029155493,-1.048813343
7824,1.039450526,-0.529757738
7825,2.027217388,-0.499662638
7826,-0.025264693,-0.492959410
7827,-1.336189628,-1.116422534
7828,0.735420704,0.697219670
7829,0.367661476,1.212477446
7830,0.035100028,-0.691325307
7831,0.149723217,0.090727195
7832,-3.469120026,-0.338694662
7833,-0.928725839,2.983484507
7834,1.182577372,1.743181586
7835,2.372291803,-0.259669214
7836,0.141404793,-0.182440177
7837,1.385627508,-0.721235454
7838,-0.568672180,-0.397194535
7839,-0.098762639,-0.136854529
7840,-2.271479368,2.102123260
7841,0.798340440,-1.809096456
7842,0.134174094,-0.541974783
7843,0.949803591,1.712053299
7844,0.443640351,2.362247705
7845,-0.660364091,-0.395200759
7846,0.179319769,-0.120792262
7847,-0.676690102,-1.138984084
7848,1.755161524,-1.420653462
7849,0.551004708,-0.189184949
7850,0.010718907,-0.352772683
7851,-0.032179546,0.317496806
7852,-0.011878192,-1.392735481
7853,-0.423231274,0.111461863
7854,-1.583489299,0.751490474
7855,0.755480766,-0.308590770
7856,0.208210841,-0.427215904
7857,2.529005051,1.142536283
7858,-0.190975547,-2.475306511
7859,0.018840218,0.611276388
7860,-1.334475994,1.523351073
7861,1.782475829,0.756508052
7862,-0.612635434,-1.531234980
7863,-3.448931694,1.305818439
7864,-0.084874690,0.401098996
7865,-0.743630648,0.176566586
7866,-1.457312584,1.552108765
7867,-0.629743755,1.233494997
7868,1.828403354,0.980393350
7869,-0.670255482,-1.003927231
7870,-0.356607586,1.935805440
7871,0.991637647,-1.354108095
7872,1.322951555,-1.960474968
7873,-0.853242218,1.432475567
7874,-0.944744408,-0.187201381
7875,0.163997948,-0.286122769
7876,-0.805321157,-1.396346092
7877,0.983845830,-0.084632047
7878,-2.733417273,1.250054836
7879,2.097716570,1.004014492
7880,1.176825166,-0.383441269
7881,0.237495050,0.328545153
7882,0.512382448,0.080814593
7883,-0.036874391,-2.126013517
7884,0.620179474,-0.158714175
7885,2.053282499,0.215069413
7886,-1.760283947,-0.987034023
7887,-0.171709538,0.585185409
7888,0.974494219,0.529536307
7889,-0.025127998,-0.350897312
7890,-0.335232735,0.401415735
7891,-0.226241499,0.239846051
7892,-0.399633348,-0.628569782
7893,-0.859692097,-0.085854538
7894,0.404100388,1.234743834
7895,0.066391036,-2.221663237
7896,-1.025090456,-0.098322958
7897,0.696116626,-0.213176623
7898,1.238087654,-2.878568411
7899,1.245513558,1.964411736
7900,0.276705503,-0.808423877
7901,2.763154268,2.150606394
7902,0.498223811,0.154834911
7903,-0.263634294,-0.165761352
7904,0.063704818,-0.073845983
7905,-0.754938245,0.414660454
7906,0.485208273,-0.251285046
7907,0.974782109,-0.410651863
7908,-1.292204261,-0.835612953
7909,0.496206433,-1.020809889
7910,-0.544006407,0.750471532
7911,-0.255632907,0.056427021
7912,0.586430848,0.642314136
7913,-0.323687702,-0.310462236
7914,-0.294259191,0.655573726
7915,1.498588085,1.303413868
7916,1.823401928,-1.159159303
7917,-1.328915119,-0.910597503
7918,1.458460689,-0.454879165
7919,2.449074745,0.195911139
7920,0.007532090,0.300312519
7921,-0.517596245,-0.822908998
7922,0.414251119,0.815607190
7923,0.299985319,-2.404297590
7924,-0.331363201,-0.723228157
7925,-0.164112017,0.280953318
7926,1.026259184,-0.573103607
7927,-0.481483519,1.988521218
7928,-1.237351537,-0.477632403
7929,-0.444419980,-0.193020850
7930,-0.403321147,0.979680479
7931,0.244947717,3.591823101
7932,0.781954110,0.977427125
7933,-2.615157127,1.048954129
7934,-1.016788125,-1.951683879
7935,-0.864793539,1.048438191
7936,-1.834312797,-0.971681952
7937,-1.821116090,-0.074607931
7938,0.300430596,-0.282838047
7939,-1.704859734,-1.793345451
7940,-1.497565031,-0.069309950
7941,0.968620360,0.062125381
7942,-1.024556875,-0.277673900
7943,-1.737309813,-2.476811647
7944,0.306076258,-1.195307732
7945,0.164077848,0.589273214
7946,-0.356708705,0.954555154
7947,0.397841543,-0.107245192
7948,0.508563519,-1.325608253
7949,-0.530686200,0.591964424
7950,0.831893206,0.277994990
7951,-0.027221827,-1.052794576
7952,-2.139451981,-2.665328264
7953,-0.230139837,-0.159900397
7954,-0.297945827,-0.281727374
7955,2.731094122,-1.459380031
7956,-1.398206711,-0.099328920
7957,-0.391619384,0.736029029
7958,0.429024100,-1.500065923
7959,-1.418634653,-0.562602818
7960,2.230232477,-0.906031251
7961,-0.574044228,-0.481877685
7962,2.553982019,-1.436541319
7963,-0.278020710,-1.803827643
7964,1.421163917,1.127265811
7965,1.386753917,3.140862465
7966,-0.487591714,-1.703347087
7967,1.048570037,0.064366952
7968,0.160442993,-1.063545465
7969,1.786781549,1.256793022
7970,-1.601938605,0.040840916
7971,-0.612091005,-1.307311654
7972,1.291905880,-1.338333845
7973,-0.003445388,-1.879505515
7974,1.130106807,0.701729476
7975,0.181288764,0.032258414
7976,-0.064255431,0.203378692
7977,-1.128796577,-0.081019633
7978,2.983894825,-2.233395815
7979,-0.076022215,3.062656641
7980,-1.150987983,-0.481813312
7981,-0.329598993,1.407201767
7982,-0.016279763,0.216012642
7983,2.805772781,0.260789871
7984,-0.403586417,2.010710478
7985,-2.031992912,2.134690523
7986,1.828183532,0.057835735
7987,-1.645825744,-0.792469203
7988,-0.733416378,-2.977155209
7989,1.278883100,-0.133292452
7990,0.921567321,-1.804142237
7991,1.374848723,1.484216809
7992,-0.121259019,0.364182651
7993,2.168339252,0.452945083
7994,-0.387297273,-0.025980964
7995,-1.116843820,-0.056337729
7996,-0.379223615,0.231140390
7997,0.134058222,0.134773299
7998,-2.179150820,1.033676982
7999,0.436986715,2.353705883
8000,-0.763517797,-2.045005560
8001,1.038247466,2.138991594
8002,-0.625500262,-2.162787437
8003,-1.857808590,0.385707259
8004,-1.219364405,0.892742872
8005,0.609908998,-0.034014154
8006,-0.613648474,-0.749223351
8007,0.058128871,-1.802482009
8008,0.120374903,2.001107693
8009,0.582549334,3.435166836
8010,0.821824491,-0.198818579
8011,-1.147346497,0.940199494
8012,0.788316131,0.797363281
8013,1.525242925,-0.642769694
8014,-1.432007790,-1.086992025
8015,-0.976114213,-1.108560324
8016,1.473932147,0.109467745
8017,-1.386128664,-0.309449255
8018,0.314731181,0.785692751
8019,0.306155294,-1.589970589
8020,0.966100931,-1.130012989
8021,-0.976848781,0.395798743
8022,-0.235403463,-0.867465794
8023,0.546083212,1.153262496
8024,-1.661317229,-1.539649725
8025,-1.124490738,0.379394591
8026,-0.170997947,-0.660555005
8027,-2.554695845,-1.313416958
8028,-0.215663940,2.616673470
8029,0.361527354,-0.137766361
8030,-0.814125001,-0.233789667
8031,0.627498388,2.265004158
8032,0.581601918,-2.410983086
8033,1.628746748,-0.284036219
8034,-1.344533205,2.118439198
8035,-1.671177983,0.542862177
8036,-1.678354025,1.505460501
8037,0.134033069,0.272955269
8038,0.295734316,-3.032407999
8039,-0.379848003,0.185203165
8040,-2.106234789,-3.735260010
8041,0.058127493,0.278456450
8042,-2.055619001,0.642270684
8043,0.154432669,-0.080900379
8044,-1.585993052,-1.106701612
8045,1.691809177,2.547565222
8046,-0.223830804,3.029792547
8047,0.239662036,-0.190166399
8048,-0.244863957,-0.036168922
8049,0.942465603,0.349902779
8050,0.142655864,0.648190796
8051,0.007102778,-1.362700820
8052,3.176146269,-0.899373114
8053,1.458836317,0.494877279
8054,0.104516543,0.574683905
8055,0.710687280,0.388397515
8056,-0.036577273,-2.036893368
8057,0.627129197,-1.538947940
8058,-0.212493256,0.567947626
8059,-2.147392750,-1.882611156
8060,0.428534746,-3.688437939
8061,-1.187414885,-0.189299628
8062,0.160117730,-2.295284986
8063,1.353594542,-0.237570316
8064,-0.001222805,0.516244531
8065,1.741892934,1.455934644
8066,-0.634854913,-1.404365182
8067,1.928833485,-1.381950617
8068,-2.183711767,-0.038997836
8069,-2.494136572,-2.555667162
8070,0.927222431,1.984767795
8071,0.988720715,-0.155062363
8072,-0.810061812,1.426429868
8073,1.497661829,-0.939257443
8074,0.423248559,-1.418307543
8075,2.593940020,3.969771624
8076,0.150068209,-0.547078609
8077,-0.820681751,-1.327028394
8078,-1.102133632,1.722382545
8079,-0.159082159,-0.300784826
8080,-0.095720731,-0.597639501
8081,-0.775696456,-0.493037164
8082,-1.995281816,-1.757279873
8083,0.389073282,-0.812009990
8084,0.451274335,0.771869183
8085,-1.497104049,0.131107733
8086,-0.977666199,-0.299848527
8087,0.025342112,1.173209667
8088,1.724950552,-0.638922393
8089,-0.127049744,0.299385488
8090,-0.571035147,1.158123136
8091,-0.654981732,-1.265219569
8092,-1.353137136,-0.409727752
8093,0.323258191,-0.546877980
8094,0.719517350,1.020250440
8095,-1.631766558,-0.950738132
8096,0.024529027,0.145637929
8097,-2.063934803,-1.701243877
8098,0.586958230,2.652176380
8099,0.415694565,0.460078567
8100,0.554890573,0.460274845
8101,-1.753004313,0.600041211
8102,1.582369208,-0.118986376
8103,-2.512880325,1.409493804
8104,-0.570692301,1.019008160
8105,2.979465008,-0.988890707
8106,-0.526773393,-3.187000751
8107,0.223928168,0.922460556
8108,-1.248221278,-1.937787414
8109,3.513464451,1.336356401
8110,-0.254448533,0.126035452
8111,0.272639424,0.397144377
8112,0.149841130,-0.240132704
8113,-0.519102216,0.203651190
8114,-0.078362308,-2.420400858
8115,1.068487644,-1.005350113
8116,0.593891621,2.038693666
8117,0.617336035,0.123916209
8118,0.119644217,0.104673721
8119,0.890267611,-0.450853795
8120,-0.698202908,-1.855990887
8121,-1.104709387,0.476887822
8122,1.006210089,0.466316253
8123,-0.907934785,-0.975733638
8124,-0.553108573,-0.894083381
8125,-0.644549310,-1.322675943
8126,0.039683755,-0.209683701
8127,0.533998847,1.020210266
8128,1.057218313,-0.649866998
8129,0.317770332,-1.721543550
8130,-1.142124057,-0.741709054
8131,0.559535921,1.659125686
8132,-0.533142447,1.355656266
8133,1.372625232,2.329378605
8134,2.401000261,1.414703369
8135,-0.991410077,-0.443116128
8136,0.698873997,2.087074280
8137,-0.909594595,-0.781116366
8138,-0.299979746,-0.902962685
8139,0.046545688,2.201340437
8140,-0.435263157,0.218475282
8141,-1.828745961,-1.321345210
8142,-5.058222771,1.747281432
8143,-0.738321602,1.686040998
8144,-0.209595755,1.502346992
8145,-1.059200287,1.065740705
8146,-0.761643350,-0.689976215
8147,-1.000628948,-0.618852437
8148,-0.618574023,0.991761029
8149,-0.509298146,-1.225767136
8150,0.265364975,-1.646703243
8151,-2.848132133,-1.519374490
8152,0.448447943,0.684815705
8153,-0.469435185,-0.417052031
8154,0.610748589,0.424032182
8155,0.120834097,-0.141643137
8156,-0.143471405,-1.830016613
8157,0.377759576,-0.566105843
8158,0.195408210,-0.372641176
8159,-1.425616503,-1.931664228
8160,-1.075632334,-1.201006293
8161,-1.869058371,-0.097730152
8162,-0.745898843,0.899792612
8163,-0.544258356,1.237563968
8164,0.279839575,-0.025896557
8165,0.319417894,-1.368900180
8166,0.373161942,2.394185781
8167,-2.163030148,1.740099549
8168,0.351058990,1.556810498
8169,0.904450655,-1.100953579
8170,1.422739148,0.770207226
8171,1.057821393,0.021541715
8172,-0.965108514,0.424475372
8173,0.238150045,1.241916656
8174,0.572508752,-0.344597608
8175,0.012274770,0.621987104
8176,-1.341321111,1.977120757
8177,-0.494917631,0.677620709
8178,0.475610852,-0.184823617
8179,-0.876373470,0.204789370
8180,-0.624109566,1.512792587
8181,1.137944460,0.270662814
8182,0.165253505,0.570119679
8183,0.736819804,-0.991409659
8184,-0.548379242,3.531970024
8185,-0.333661795,-0.102313921
8186,-0.269269407,1.061389923
8187,-0.283848912,-0.794280112
8188,0.626018822,-0.035870980
8189,0.144419491,-0.381715804
8190,-0.524148822,0.171622500
8191,-1.627731919,-0.451716900
8192,-1.433831334,-0.656409681
8193,-1.220445633,2.105948925
8194,0.465880036,-0.628960192
8195,0.732833087,0.170721799
8196,0.503331959,0.800827622
8197,-0.320088655,-0.526839733
8198,0.134543493,-0.116693176
8199,-0.105053559,-1.471539974
8200,-0.648775160,-0.078783736
8201,0.753989220,1.304437518
8202,-2.743357182,-1.370806813
8203,1.579704523,-0.098771401
8204,-0.413891524,-0.111994460
8205,-0.849925876,2.086194754
8206,0.447257102,2.578037262
8207,-0.168886721,-1.592242837
8208,0.395280540,-1.458889604
8209,1.232180715,-1.148193955
8210,0.281007260,0.099689573
8211,1.211683393,0.226957753
8212,0.485563576,-0.474937946
8213,-1.024992228,0.000441186
8214,-1.567269087,1.590743780
8215,0.135110587,-1.222567677
8216,-0.189046934,0.110314265
8217,0.108347580,0.626588762
8218,0.249334484,-0.862023175
8219,-1.069801927,-2.826577187
8220,-0.398668230,-0.924175560
8221,1.490325093,2.037253380
8222,0.962070704,-0.838192403
8223,-0.492169321,0.574933767
8224,-1.910863042,2.307094097
8225,-0.319127619,0.415519059
8226,0.525072217,3.434075594
8227,1.131642699,1.106721163
8228,-1.848282456,0.265079647
8229,-0.021990174,0.111108907
8230,0.557368159,0.892793179
8231,0.894111574,-0.371313453
8232,1.358784437,-0.497630030
8233,-1.633882999,0.813095748
8234,-0.671802878,-1.139685631
8235,0.290141881,1.767872334
8236,3.362432957,-3.113847733
8237,-1.528951406,1.690649152
8238,0.189574808,-1.261514068
8239,0.673809230,1.256442904
8240,-1.308290005,1.123507619
8241,-0.482270867,-0.470899731
8242,-1.103494883,0.338585585
8243,-0.084627084,-0.164980143
8244,-0.137568817,-1.571896911
8245,2.151055813,-1.694224834
8246,0.678221703,1.347044826
8247,1.572990060,1.699084282
8248,0.164074600,-0.033137802
8249,-0.135236293,0.484622240
8250,-0.316597104,0.241711766
8251,0.712270617,0.002290151
8252,-0.137213737,-0.064592749
8253,-0.262655497,-0.076886795
8254,-0.866958857,0.835596621
8255,0.017773150,-0.495630562
8256,0.342972875,0.069678657
8257,-2.559250116,0.654167116
8258,-0.112076782,0.393527865
8259,-0.659158230,-0.318926036
8260,0.583794117,-0.798630893
8261,1.341996670,1.178187728
8262,0.050749443,0.834518790
8263,0.094534896,-0.483956039
8264,-0.508182406,-0.147073776
8265,2.351853371,-1.027056575
8266,-1.458170414,-2.283949614
8267,1.744109273,-0.162001804
8268,2.765388012,-2.257402897
8269,-1.557160020,-0.353040665
8270,-0.241829917,-0.152330622
8271,-0.171590880,-0.321563601
8272,-0.235438660,-1.016091824
8273,-3.884770870,-0.166041747
8274,0.447822988,0.676312625
8275,-1.107972145,0.053225946
8276,-1.307071686,-0.569959044
8277,-0.603189647,-1.274815440
8278,-0.132816687,0.651555598
8279,-0.526662230,0.738098443
8280,-0.037233490,0.701736927
8281,0.882435322,0.977077663
8282,0.697012246,1.627862692
8283,-0.454748839,-1.457177639
8284,-1.592514396,-0.300417721
8285,2.313085079,-0.151626006
8286,1.357928038,-1.941479445
8287,-0.268899739,-0.233549878
8288,-0.654908419,-1.766514659
8289,-2.957593203,-0.711207986
8290,-1.788961411,0.143322825
8291,-1.414979696,-0.833947539
8292,0.355233431,-0.057605311
8293,1.413725138,0.051484302
8294,1.563677549,-2.240278721
8295,2.133810759,0.119189382
8296,-1.048445106,-1.253170729
8297,-0.079154767,-0.941123664
8298,0.613507152,0.761150897
8299,0.923899174,0.361528546
8300,-1.471021414,-1.246217132
8301,1.406860828,0.832949996
8302,0.083092459,-1.461654663
8303,-0.127970353,0.736509681
8304,-0.732567966,2.145231724
8305,1.946532369,0.766581833
8306,1.801328659,-1.755777597
8307,0.536239743,0.743549526
8308,-2.650882006,-0.264302969
8309,2.539395571,1.300939679
8310,-0.170344695,-2.746077538
8311,0.080653280,0.332736313
8312,-0.136188537,2.131906748
8313,0.625083804,-0.055061150
8314,1.952391267,2.798318386
8315,-0.120814160,0.324124306
8316,-1.378864646,0.639203966
8317,-0.174620539,0.030290263
8318,-0.055717751,0.319096684
8319,0.348104268,1.663264036
8320,0.013254674,-1.885053754
8321,1.297463059,2.370500565
8322,3.665583611,2.211425304
8323,-1.010326624,-1.412829041
8324,-1.419797182,-1.703897238
8325,-0.866623342,-3.032011509
8326,0.132461295,0.520220578
8327,-0.669123530,0.959830403
8328,2.707745552,-0.314640224
8329,-0.021162190,0.378591478
8330,0.997664571,-0.565792680
8331,-1.760807395,2.031437397
8332,-0.219575629,2.035418987
8333,0.632417142,-0.860826075
8334,0.714862704,-0.576955497
8335,3.742185116,-0.304384857
8336,-0.752366722,0.823686302
8337,-1.473190069,-0.279193878
8338,-2.264181614,-1.401271820
8339,-0.927660346,0.047371011
8340,1.205315351,-0.581676722
8341,-0.718737662,0.893888175
8342,-1.066044331,-0.995256782
8343,2.996521711,1.397894859
8344,-0.241146594,-0.450569212
8345,-0.245913863,-2.934945107
8346,0.066654198,-0.962998688
8347,0.884230793,1.214092016
8348,-0.064066693,-0.385536939
8349,0.141914159,-0.923859537
8350,0.062520437,0.401201427
8351,-0.073476195,-0.943485320
8352,0.507055104,0.418734133
8353,2.630344152,1.895684481
8354,1.378050804,-0.832704842
8355,0.497123450,0.912929296
8356,-0.015982777,-0.051369507
8357,-0.674766004,-1.340509176
8358,-0.102317601,0.149978951
8359,-0.185570419,-0.257505834
8360,-1.331066370,0.534183204
8361,1.678148389,-3.821502924
8362,-0.221067026,-0.202427968
8363,0.207099319,0.840615392
8364,0.677572668,-0.330872774
8365,-1.167155266,0.530706048
8366,-0.820646942,0.107480653
8367,0.062173948,-0.190126330
8368,0.448686987,0.177443162
8369,0.453318298,-2.173105240
8370,0.726557374,1.248957276
8371,-0.887904763,1.094345927
8372,-0.654859483,1.846240640
8373,-1.387013912,-0.428599983
8374,0.015882399,0.385122746
8375,1.934623122,3.612663507
8376,3.335470915,-0.186181948
8377,0.432669550,1.609828234
8378,1.349668384,-1.366621494
8379,-0.161585987,-0.129405245
8380,-2.002859116,-1.374765873
8381,0.353903800,-0.599735558
8382,1.107677817,0.932414949
8383,-1.390301704,1.463968039
8384,0.583421588,-2.398743391
8385,-2.182038546,0.047419172
8386,-0.384303510,-0.176783174
8387,-0.696835637,-1.170840383
8388,2.047819376,1.223993540
8389,0.476311356,0.572176039
8390,1.779034495,-0.522047460
8391,-0.238543466,0.244712949
8392,-0.197288215,-2.334273100
8393,-0.876855731,1.078338623
8394,-1.371590376,0.691316366
8395,-0.179648787,0.026715454
8396,-0.600113988,-0.296774834
8397,-1.681844950,-0.634971023
8398,1.192333460,0.175255090
8399,-0.888815224,1.477395415
8400,-0.605247557,-1.457951784
8401,-0.153966144,0.386469960
8402,-0.980903447,0.033599202
8403,-1.276551485,-0.786925375
8404,-0.094202749,-1.436088085
8405,-0.881571889,-2.142054319
8406,-0.310135454,-0.242546245
8407,-1.780589223,0.831288159
8408,-3.843169928,1.034582615
8409,0.966402352,0.878206491
8410,-2.134174585,-2.034362555
8411,-1.655702114,-0.732972682
8412,1.107898235,0.517262220
8413,-0.739915967,-0.763465881
8414,1.432448745,-0.419736117
8415,-0.191949308,-0.066766202
8416,1.219208717,1.226393700
8417,1.036568522,-1.037221074
8418,-1.194395781,-2.193537235
8419,-1.419354796,-1.165706277
8420,-0.090879939,-1.501972556
8421,3.363233805,1.652795553
8422,1.620936990,-0.635131121
8423,-2.077669144,-0.932057023
8424,-0.645519674,0.437910229
8425,1.361008763,0.252973497
8426,0.285673261,0.158015832
8427,-0.085287087,0.257338822
8428,-0.367438883,1.746254325
8429,-0.294689089,0.048733756
8430,-0.858475029,0.971445918
8431,-1.358919978,-1.233512282
8432,0.071573973,3.563035250
8433,0.767205238,-0.670921385
8434,0.941392541,-0.453318447
8435,1.395663261,-1.489590883
8436,0.224730507,1.122357965
8437,0.368138313,0.865898311
8438,0.548004925,-1.526743293
8439,1.506507516,0.727651358
8440,-0.295333505,-0.134784758
8441,-1.394657135,-0.258734971
8442,-0.418498039,-1.599942803
8443,3.055914402,-1.003690600
8444,0.102396309,-0.892781913
8445,0.250393152,1.713475347
8446,-1.839920878,-3.076362371
8447,-0.863620818,-0.819541037
8448,0.545838714,0.168072388
8449,-2.448867559,-2.280138493
8450,1.336872816,-0.647089481
8451,-1.907153130,-1.002017379
8452,-1.090392947,-1.022315979
8453,-0.789782465,0.712597489
8454,0.937933564,-0.753846288
8455,0.206663772,-1.172742844
8456,-0.215817332,-0.444453955
8457,-1.447291732,0.299419522
8458,-1.229349613,0.073765203
8459,-0.506514728,1.694916368
8460,0.147174343,0.508884966
8461,-1.359554052,0.529276073
8462,-0.010181404,-0.486281723
8463,0.380126119,1.572144866
8464,1.035937786,-1.105318069
8465,-0.900004685,0.996701181
8466,-0.043287739,0.780430794
8467,-2.573153734,-1.225381851
8468,0.157148242,-0.433395773
8469,0.239837885,-2.740675688
8470,0.357799292,-1.336266041
8471,-1.457654953,0.672427475
8472,0.638283312,-0.468108803
8473,0.169311225,1.392829299
8474,-0.142562658,-0.169439077
8475,1.659280777,1.593934059
8476,-1.218375921,0.188946396
8477,2.338821650,-0.533480704
8478,1.275076032,-2.077909231
8479,0.413519174,0.301330835
8480,2.375651360,-1.562838554
8481,-3.826632738,-0.253453702
8482,-0.023772452,0.337177873
8483,-0.496023864,1.747904778
8484,-1.859565496,2.200536013
8485,0.869014382,2.035873652
8486,-0.096888095,-0.406536579
8487,0.348665386,-0.676717341
8488,-0.131770909,3.744661808
8489,-2.033144236,-0.347569793
8490,-0.063704878,0.375322968
8491,-0.939846039,-1.097952247
8492,0.293586314,-0.396195263
8493,2.185048342,1.790393591
8494,1.174655676,-0.651282430
8495,0.646969438,-0.347093582
8496,-0.233501151,-0.444068819
8497,-0.832979381,1.726615787
8498,0.245503709,-0.834931314
8499,-0.482556194,0.234768420
8500,2.198051214,0.085938878
8501,-0.662036896,-0.650323033
8502,-0.882146478,-0.794930339
8503,-0.350941569,-0.996151686
8504,-0.766762733,0.738067687
8505,-0.611262679,1.101759315
8506,1.171007276,-2.144789934
8507,-0.770848513,-0.134518221
8508,0.517154753,-1.322647095
8509,1.549152732,1.561585784
8510,1.727764130,0.204976559
8511,0.147001669,-0.089517690
8512,1.976058841,-1.135532975
8513,-0.848292172,-0.616171956
8514,0.596551180,4.088007927
8515,1.439877510,1.146108031
8516,-0.353958309,-0.107341692
8517,-0.840039313,-1.601627111
8518,0.057945535,-1.863571644
8519,-0.640121460,0.609782338
8520,-0.093606912,1.247250199
8521,0.355187476,0.377595872
8522,0.562397778,-1.911737561
8523,-0.254971534,-2.337871313
8524,0.811865389,0.827951372
8525,-0.784805954,-2.312105417
8526,0.790612578,0.507514358
8527,-1.186715484,-0.015142421
8528,0.345549285,-0.093680017
8529,-1.404773951,0.178795233
8530,-0.612892449,-0.233633891
8531,-0.345705450,0.821352661
8532,0.095043220,-0.655800581
8533,-0.614774764,-2.608087540
8534,0.294089764,-2.050155640
8535,-2.702495575,-0.238226160
8536,-0.749388158,2.812409878
8537,-0.353474408,-0.324988037
8538,-0.115520336,-0.833769560
8539,-1.220556259,0.369806439
8540,-2.292969465,-0.743252635
8541,-0.019184202,0.085961811
8542,-1.670891047,-2.981215000
8543,0.147109225,0.198637784
8544,0.192147717,-0.137696087
8545,-0.405251443,0.756970227
8546,0.466480881,0.331344813
8547,-0.043372270,-0.808703899
8548,0.492379665,-0.099816166
8549,-1.542806983,-0.334706187
8550,0.611663640,0.403535604
8551,1.529582262,0.750872672
8552,1.784327030,1.317523003
8553,-0.080776960,-1.152231693
8554,-1.058475971,0.421958297
8555,-0.469772488,0.468859971
8556,0.292823046,0.088312581
8557,-0.693145752,0.355661720
8558,0.875760615,1.910287261
8559,-1.994284034,0.264901966
8560,-0.442810118,-2.933101892
8561,-0.605947912,-0.566141248
8562,-0.267842591,0.720533490
8563,-0.072692312,-0.158054501
8564,-0.195037454,1.451373458
8565,-0.190244824,0.471340865
8566,-1.967355728,1.054640651
8567,-0.106477566,0.155136496
8568,-0.121367961,0.089240670
8569,-2.493770361,-1.086354375
8570,1.027805567,2.621650696
8571,0.389389545,-0.666471660
8572,4.425093651,1.720316291
8573,-3.841819525,-1.546589732
8574,-1.661853671,0.561897755
8575,-1.866271734,-1.702835917
8576,0.440303326,-0.288569778
8577,-0.455395937,-0.922153294
8578,0.033442538,-0.768244863
8579,-0.916981936,0.232576072
8580,-1.594446182,-2.062728643
8581,-0.457169086,0.426603913
8582,0.004360400,-0.523081779
8583,0.494760185,0.159023136
8584,-0.335244209,0.128732964
8585,2.090265751,-0.009551588
8586,-3.258296967,-0.163554072
8587,-0.324937046,1.739493251
8588,0.341524482,0.606203914
8589,0.292359740,-1.805259466
8590,-0.845819771,1.116788030
8591,-1.439594865,-1.424141884
8592,1.647371650,0.129435182
8593,0.133798391,0.061072811
8594,1.654641032,0.104267173
8595,-1.241611004,2.287571192
8596,0.237386256,-0.779184401
8597,0.286596090,-0.067006797
8598,1.350129843,0.619673252
8599,1.621045828,-1.857259274
8600,1.876055121,-0.278047562
8601,-1.452825189,-0.552783608
8602,-1.265690446,-2.274720907
8603,2.760368824,1.735751748
8604,-1.034570575,-1.411752224
8605,-0.017634615,0.442465723
8606,-2.092540026,1.336466312
8607,-0.207692981,1.539215565
8608,0.457359523,-1.526887774
8609,0.069068961,0.298745036
8610,-0.306127578,1.530821800
8611,0.103699163,-0.353288472
8612,-0.840836167,-2.322868347
8613,-0.707827389,-0.633891165
8614,-0.855201602,-2.914340258
8615,-2.143751383,-0.845287204
8616,0.571518719,-0.372678995
8617,-0.198425159,0.002487765
8618,0.242054939,2.636710167
8619,1.536844850,-0.397717386
8620,-2.342178583,0.879322290
8621,-5.736372948,1.334926844
8622,-0.130812541,0.548630297
8623,0.313928038,-0.839134634
8624,-1.498831511,0.882278442
8625,-0.771775126,-0.053886734
8626,-0.830404937,0.170336753
8627,0.258939505,0.857222617
8628,-0.201096624,-1.732381344
8629,0.518072486,-0.631855786
8630,-1.001097441,0.200455606
8631,-0.952881098,-0.968523204
8632,-0.688808978,0.371980339
8633,-0.023817483,-0.805766165
8634,1.682761431,-0.390869528
8635,0.225595400,-0.431948185
8636,0.313151956,0.030006617
8637,-1.908366919,-1.688694954
8638,-2.488176107,-1.779389977
8639,-0.989946187,1.942490220
8640,0.030463582,1.983256221
8641,-0.248820454,0.691628516
8642,0.352391094,-2.174254894
8643,0.145293713,0.454399675
8644,0.705708444,1.444652081
8645,-0.492325127,-0.379072726
8646,-1.092227817,-0.171881840
8647,-0.123593174,-0.122304901
8648,-0.292189300,0.521359622
8649,-0.562216461,0.528134048
8650,-1.444468379,-1.360077500
8651,-0.351014495,0.095968500
8652,0.193841353,0.656354606
8653,-3.114077806,-0.302268744
8654,1.671366930,-0.481107801
8655,-0.761970103,-0.887670994
8656,-1.151776910,0.349822581
8657,0.501092136,0.579618156
8658,0.472747087,-0.512063444
8659,2.274816275,2.203579903
8660,-0.637571216,0.905253649
8661,0.011236396,-0.196340516
8662,-1.221342802,-0.149215132
8663,-0.401517987,0.626461685
8664,0.082813792,-0.277924180
8665,-0.274754882,0.631528318
8666,-2.283554316,-0.458707392
8667,-1.243615031,-0.662191451
8668,-1.893262386,0.067135066
8669,1.015421271,4.144600391
8670,-0.211338326,0.850286782
8671,0.677876055,1.019552708
8672,-0.286585569,0.374806166
8673,-0.934201777,-0.176606104
8674,1.618874431,1.059157252
8675,1.750968337,-1.442111015
8676,-0.591279447,0.805447757
8677,-0.201453611,-0.229229569
8678,-1.495542884,0.380673110
8679,-0.786074877,-0.627967775
8680,-1.330021024,-0.143095151
8681,-1.045596838,-0.330863595
8682,-0.214352831,-1.309626579
8683,-1.541051984,-0.558317184
8684,0.358882904,-0.176994994
8685,0.578525662,0.304664165
8686,0.230112746,-0.113055594
8687,-0.203233197,2.690965652
8688,0.326485425,-0.242694080
8689,1.482671738,-0.554532468
8690,-0.894688845,-0.605599642
8691,-2.293337822,0.996157229
8692,0.259124607,0.127142400
8693,0.264345646,1.055940509
8694,-0.478621602,0.121716209
8695,-0.209485143,0.260223567
8696,0.159650326,-0.622479916
8697,0.141601413,0.125754088
8698,-0.929306448,-0.895945549
8699,-0.056710165,-0.170648962
8700,-0.024068214,5.124435902
8701,0.394342273,0.139401302
8702,-0.626560688,0.287906557
8703,-0.757259309,0.582954943
8704,0.099170916,0.971522272
8705,0.097743489,-0.779151618
8706,0.023690179,0.153213859
8707,2.117654562,1.170863509
8708,0.077638216,0.401688039
8709,-0.337002188,-0.280318737
8710,-0.045892324,0.166455358
8711,0.044782292,0.186730281
8712,-0.680101097,-0.593358159
8713,0.844614983,0.132558629
8714,-0.243070155,0.603056192
8715,-0.091456324,0.181620151
8716,2.213070393,-0.079048052
8717,0.952134132,0.819855452
8718,-0.129052743,0.191845939
8719,0.349084765,0.836474955
8720,1.611178398,-0.905008435
8721,0.304748833,0.456473261
8722,0.537700653,-0.108878806
8723,0.432265669,-1.656355619
8724,0.223688185,-0.180491745
8725,0.892424107,-1.581123590
8726,-1.580778241,-0.213923484
8727,2.205567837,-0.894711316
8728,1.312348843,3.362299204
8729,1.379840136,0.484274149
8730,0.127226517,0.601074398
8731,0.072744474,2.478615046
8732,-1.128942847,0.391366750
8733,0.087507248,-0.390284210
8734,-2.913379669,-0.839993060
8735,0.087255284,-1.360096097
8736,-1.729320288,0.816325009
8737,0.087700635,0.908986926
8738,0.574232042,-3.091579437
8739,0.098122030,-1.129032493
8740,-0.586332440,1.842563510
8741,-0.704410136,-0.054215211
8742,-0.037066173,0.068129003
8743,1.058048606,1.933113933
8744,-0.880508482,-0.140140116
8745,-0.051621161,1.193663120
8746,2.133470058,-1.778573394
8747,0.416122764,-0.488117814
8748,0.745689571,0.590299308
8749,-0.178165168,0.378383785
8750,-0.223533586,0.782864332
8751,0.233317152,0.349188030
8752,-0.512586236,1.426204562
8753,0.887172937,-0.046899449
8754,0.773732543,-1.146278024
8755,-0.475304842,0.166305467
8756,1.010779023,-2.143342257
8757,-3.701012373,0.265718758
8758,-0.490382373,0.234382644
8759,-2.740531206,0.958749890
8760,0.421380430,0.538501620
8761,0.000941020,-0.322149813
8762,0.371043533,3.116335392
8763,0.905630887,-0.539637029
8764,-0.116964199,-0.346340954
8765,-0.220260233,-0.138937503
8766,0.646054983,-1.591022134
8767,-0.483567744,-1.890181661
8768,0.579263508,0.753783166
8769,0.599720716,0.320221424
8770,-1.516190648,0.031796895
8771,1.101332664,-0.598920405
8772,-0.023221288,2.201738596
8773,-0.613398254,0.589728177
8774,0.723421037,-0.245237082
8775,-0.895339370,-0.192332894
8776,0.314852685,-0.042009570
8777,-0.721912086,0.518307030
8778,-1.515473962,-1.380049825
8779,-0.150305241,-0.096290842
8780,-0.422425628,0.612554729
8781,0.179562613,0.747566819
8782,0.368139356,0.516259611
8783,1.172750711,1.552871823
8784,0.593860805,-0.710163713
8785,-1.973473072,-1.011889696
8786,-1.460318804,0.171648264
8787,2.107795715,2.340140104
8788,-0.067181602,0.139068276
8789,0.201466367,-0.614386559
8790,1.033372760,0.287137270
8791,0.056186832,-0.552606881
8792,0.961405754,-0.865766227
8793,1.624713898,-0.755395651
8794,-0.979823112,0.360906303
8795,0.081108518,0.891660511
8796,0.063417114,0.141936153
8797,-1.042434216,0.051765364
8798,-0.564919114,1.797419906
8799,0.069425613,-0.610731065
8800,-3.428230524,1.933624268
8801,0.436037302,-0.392530888
8802,0.113999054,-1.135882378
8803,0.401461571,0.656108260
8804,4.309505939,0.261361510
8805,-0.663183808,0.754371285
8806,-1.833639503,-1.216820717
8807,-1.703296900,-1.464332461
8808,0.325638950,-0.127242833
8809,0.271717489,-0.026633399
8810,1.281232357,1.788017631
8811,-1.911546707,0.821826398
8812,-0.668172956,0.243386492
8813,-0.174067214,-0.207593799
8814,-0.820491672,0.643496335
8815,1.288127780,-0.603130817
8816,-0.918926597,-1.075415492
8817,-0.586560488,0.657008290
8818,0.807890534,-0.736871779
8819,0.692217946,0.241015896
8820,-1.426370144,-3.619275808
8821,-0.429080516,1.403762579
8822,-0.900742114,0.533343732
8823,0.002063416,-0.222978473
8824,-2.550594568,-1.755963206
8825,-0.613108039,0.838815629
8826,-1.736490965,-1.010619521
8827,-0.242237568,-0.441595644
8828,-1.175029635,0.213548452
8829,-2.493361473,-1.670708537
8830,-2.922261477,-0.634893894
8831,-2.411688089,0.764705062
8832,1.446276784,-0.126977131
8833,-3.054484367,-1.880387545
8834,-0.903620601,1.009165764
8835,-0.283201098,2.799112558
8836,-0.316875279,-0.200208575
8837,0.013783580,0.220499426
8838,-0.988008082,-0.986672461
8839,0.766906977,-0.162315264
8840,1.675888419,-0.180730715
8841,-1.182990432,0.718652964
8842,0.224368706,-0.251368433
8843,-2.456283092,2.082369328
8844,-2.377766371,-0.024909610
8845,1.829180598,-1.244999886
8846,0.523042977,0.077851437
8847,0.781069458,0.011045880
8848,0.643169343,0.721383512
8849,-0.377918482,0.469192356
8850,-1.889672637,0.036532477
8851,0.171252295,1.507497430
8852,-0.298123479,-1.289986014
8853,0.359868169,-0.129343569
8854,0.106776081,0.207375616
8855,-1.277142882,-0.898903966
8856,2.156801939,-0.932651162
8857,-0.249389842,0.389669120
8858,-0.988770604,0.668839693
8859,-0.995024562,0.141868576
8860,0.082730621,-0.282730967
8861,-2.200766802,2.196599483
8862,-0.062016003,-0.185001284
8863,-0.991961122,0.203687206
8864,-0.078081250,0.383016765
8865,1.573140264,-0.851616800
8866,1.105982780,-0.447120875
8867,-0.373688698,-2.112665653
8868,1.037562251,-0.536689222
8869,1.372184873,0.585019112
8870,-0.522005379,0.099202476
8871,0.249469176,-0.050222609
8872,1.539748192,-0.283935219
8873,-0.373631954,-0.160708457
8874,-0.725546241,1.627687931
8875,1.883259058,0.795659184
8876,1.259295464,-1.610290170
8877,-1.351420879,-0.496537536
8878,0.335765898,-0.160503402
8879,0.255504698,0.322811604
8880,0.854999185,1.006793737
8881,0.574723780,1.305542827
8882,0.462725610,0.211851642
8883,-1.100359201,-0.174728096
8884,0.032034256,-1.330009103
8885,3.172483921,0.327082217
8886,0.327969730,0.630385041
8887,-0.683122039,-0.551477730
8888,0.142933145,1.422905803
8889,-1.640343070,-2.228796482
8890,-0.273545235,0.910928249
8891,-0.775290132,1.039870381
8892,-0.750388324,0.456599712
8893,-0.724937856,0.548936129
8894,0.099930495,-0.179892883
8895,-0.816810906,-0.082993582
8896,-0.105185218,-0.604632735
8897,0.573738456,-0.141765013
8898,0.514124274,-0.782984555
8899,-0.591326296,-1.334958076
8900,0.412116081,2.436779261
8901,-1.452732801,-1.339655042
8902,1.711391807,-1.658771157
8903,3.919093132,-0.762423217
8904,0.279855192,-1.175335646
8905,-0.869206011,0.012080287
8906,1.001068592,-1.273949504
8907,1.105108976,2.277588844
8908,2.159713507,1.060010552
8909,0.957475066,-0.451161146
8910,0.848165035,-0.547803342
8911,0.666190505,0.412337780
8912,1.415409088,-0.419918209
8913,-1.064585805,1.231233239
8914,0.679385006,0.381629258
8915,2.085158110,-0.173135713
8916,-1.572846413,-0.212914526
8917,-1.380193472,-0.327865899
8918,-1.850400090,0.843706131
8919,-0.239979357,-0.238927528
8920,-0.876194060,-0.725926459
8921,-1.050793648,2.468847990
8922,-0.987022817,-2.339684725
8923,3.415113211,0.912506521
8924,-1.395112634,0.578007340
8925,-0.057200655,-0.732623816
8926,-1.865894437,-0.971239448
8927,2.183881044,-0.906539202
8928,0.654436290,0.126283586
8929,1.986313462,0.826151609
8930,1.809363365,0.594825029
8931,-2.623184443,-0.623780310
8932,-1.718031406,1.704602242
8933,0.368627101,-0.292656839
8934,-0.550662339,-0.109715998
8935,-0.853041470,-1.964356303
8936,-0.600948989,0.527616084
8937,-0.538221598,-3.395083666
8938,2.119129658,0.975215912
8939,1.307367563,-1.034363985
8940,1.387246728,-0.963612497
8941,-1.092562318,0.457732528
8942,2.169398785,-1.022093415
8943,0.158580691,-1.942952275
8944,-0.773235381,0.505859435
8945,-1.772594810,-0.644897223
8946,0.520086229,-0.035196703
8947,-0.714718044,-2.612486362
8948,-0.624465466,-0.446210355
8949,-0.255920470,-1.077052236
8950,1.985309005,-0.071997404
8951,2.916943312,-0.589079201
8952,-0.843880236,-0.635124505
8953,1.016465306,0.823821604
8954,-2.828261614,-0.086324766
8955,-0.821150959,-1.183759809
8956,0.376571804,0.199567020
8957,0.465383917,-0.205358922
8958,0.742955685,-0.467362821
8959,-0.357598573,-0.426500350
8960,0.417331338,0.088285990
8961,1.497296333,0.528681159
8962,0.301566929,0.709782958
8963,-0.729998231,0.351821482
8964,0.228579015,-0.100051604
8965,-1.043567896,-0.156044930
8966,-0.049225900,-0.226157159
8967,-2.100644112,0.951451719
8968,-1.757851601,-0.696360767
8969,-0.052681029,0.233174190
8970,-1.371767879,-1.378458023
8971,-1.433206558,0.799821436
8972,-0.203185767,-0.143450201
8973,-1.786735773,0.288172632
8974,-0.828175008,-0.320760667
8975,-2.549789190,0.927622676
8976,0.959056914,-0.633780360
8977,-1.988849044,-0.930996895
8978,1.277122617,-0.671072781
8979,0.690474868,-0.251229644
8980,0.169251546,0.267429441
8981,-1.637982488,0.063228846
8982,-0.069559276,-0.937226772
8983,0.627240241,-0.576604247
8984,-0.329942971,1.809011817
8985,0.226117462,1.821228743
8986,0.527554750,-0.216128945
8987,0.625534654,-0.988596380
8988,-2.131578207,-2.655499458
8989,-0.420462877,-0.378531039
8990,-0.181627631,-0.533521593
8991,-0.413048983,-2.439112425
8992,1.192160726,-1.493118763
8993,-2.451611757,2.166855097
8994,0.243811205,0.287308782
8995,1.390325904,2.370624304
8996,0.630749464,-0.530331731
8997,-1.299915910,-1.710820556
8998,-1.991093755,-0.625190437
8999,0.249049351,-0.288328916
9000,-2.048309565,-1.639056802
9001,1.987848043,0.581737339
9002,0.512192428,0.068444021
9003,-0.297393411,0.059784107
9004,0.161314487,-0.182554603
9005,0.458899677,-2.498776913
9006,-1.137047529,0.449724346
9007,1.832081914,-1.732535601
9008,-2.553609371,0.182019398
9009,-0.403742224,0.090093322
9010,2.747526884,1.230783820
9011,-0.487974852,-2.306744099
9012,0.775354862,-0.413565338
9013,0.235145047,1.471308351
9014,-0.656135201,-1.862416863
9015,-0.149697736,0.337716341
9016,-0.157473505,2.010841131
9017,1.986804843,-0.131651387
9018,0.334878653,0.036895584
9019,0.316914856,-0.084956229
9020,-0.411820382,-0.146967456
9021,-2.338346004,0.887099206
9022,-0.615379810,0.177667320
9023,1.318881273,2.273993254
9024,0.036827788,-0.180876330
9025,0.948232114,-0.151959628
9026,0.070405357,0.945477545
9027,-0.049843147,0.678176284
9028,-1.121024609,2.674991608
9029,0.387848377,-0.230159685
9030,-0.624527752,1.416292071
9031,-0.543077230,-3.362516403
9032,0.993060470,-2.112425089
9033,1.282701731,-2.500432730
9034,0.116258442,-0.418367088
9035,1.745685339,-0.112899482
9036,0.389914274,0.543319583
9037,0.401749820,0.588773608
9038,0.618045092,0.562586665
9039,-0.821936488,-0.357957602
9040,-0.562303364,0.223554939
9041,0.170144290,0.944177687
9042,-0.821689725,-0.098589726
9043,0.259183109,0.054942042
9044,-0.484737426,0.459383428
9045,-0.163608089,-0.128926590
9046,0.839575350,-0.260545820
9047,0.686171293,1.977239847
9048,0.375031352,0.330278903
9049,-0.722616553,0.366938651
9050,1.036925673,-0.354335397
9051,0.583404005,1.888337731
9052,1.062391043,-0.833997428
9053,-0.394362420,-1.296366811
9054,0.281262487,1.912353992
9055,2.338172197,-2.560440302
9056,-0.306858867,-0.184649333
9057,-0.663941026,0.277507305
9058,-2.063941240,0.851461351
9059,-0.580286145,-0.393145025
9060,-0.293895781,-0.254885077
9061,0.892361283,2.280986547
9062,-0.611093163,-2.369472265
9063,1.502655029,0.803280234
9064,-1.382763386,-1.807791352
9065,0.567173243,-0.789169371
9066,-1.591887116,-0.875235200
9067,-0.420585513,-0.338877887
9068,0.402008981,-0.039104130
9069,-0.254786819,0.038668063
9070,-1.076313138,0.185866937
9071,-2.299605846,0.925388575
9072,0.079384461,-0.151113972
9073,0.433111817,0.075012468
9074,-0.107443877,0.569783807
9075,-0.438244343,-0.761369824
9076,0.224308819,-0.037573125
9077,0.869738460,-0.420881152
9078,0.385076106,1.226385832
9079,-1.128130794,0.791280329
9080,0.369060457,-0.048839062
9081,0.681724191,-1.360194445
9082,0.354155660,0.348893702
9083,-2.693281889,-2.616276264
9084,-1.375267148,-0.057050146
9085,-1.616514087,1.442774773
9086,0.096244484,-0.524833620
9087,-0.300167978,0.116928756
9088,-0.228554875,-0.069538809
9089,-0.183584392,0.883101046
9090,0.387987226,0.174237683
9091,-0.399589628,0.742907941
9092,0.625074804,-1.586959362
9093,0.893796802,1.068325400
9094,-0.726579249,-1.683187723
9095,0.271820009,-0.486537516
9096,1.357836246,1.873857975
9097,1.433708191,0.957778752
9098,0.828050077,0.138086841
9099,-0.467045099,-2.187796593
9100,-0.246415675,0.823197961
9101,-2.215955496,0.125094458
9102,0.052017890,-0.215334758
9103,-0.073440917,1.067043900
9104,0.244291186,0.235306039
9105,1.113919616,-1.572295904
9106,-0.255075425,0.211077258
9107,2.358311176,0.922225654
9108,-1.478772879,-1.417950511
9109,-1.188250542,-1.103658557
9110,1.198664546,-0.061450027
9111,0.954655468,0.024757253
9112,0.108893976,-0.009105868
9113,-0.556534588,-0.249905244
9114,-1.236775994,-1.070388675
9115,-0.250271022,0.117608145
9116,2.270295858,1.812167645
9117,-1.699946284,-0.007392243
9118,-3.080478907,3.220375776
9119,0.609762371,-1.082515121
9120,-0.304984123,-0.634207070
9121,2.695405722,-0.336793989
9122,-1.533142924,-0.429940224
9123,1.234815240,-3.131248951
9124,-1.274880409,-1.315526485
9125,0.128221795,1.174048185
9126,-0.611190975,-0.763123870
9127,-0.667864740,0.495629072
9128,0.909272492,0.537320793
9129,0.389758259,0.866210341
9130,1.088137388,-1.311003447
9131,-1.337990284,-1.498421192
9132,-0.582726598,-1.646391988
9133,0.158482909,-0.213834539
9134,-2.179226160,0.341379344
9135,0.196927950,-2.534372330
9136,0.288687766,-0.475334078
9137,1.068176746,0.243282124
9138,0.381296128,-0.219789758
9139,1.361165166,1.295134544
9140,-0.167844176,0.040556472
9141,-0.094867341,-0.422674000
9142,-0.752992034,0.756220818
9143,-0.077293433,-1.133251309
9144,1.669630647,-1.811310410
9145,2.008166075,0.072349854
9146,-0.280509770,-0.855878174
9147,-0.153599411,0.235764861
9148,1.136457443,-0.342403591
9149,1.515801787,-0.292416006
9150,-0.242283851,1.214809775
9151,-1.092655182,-0.100755975
9152,0.562361956,1.105773807
9153,1.785281658,-0.205062568
9154,-0.326801240,-0.102197990
9155,1.052373528,-1.408381462
9156,-0.708121121,0.625473559
9157,0.207937956,-2.663808823
9158,-0.308752775,-0.743730187
9159,0.871105313,0.836734951
9160,0.378873855,0.346029550
9161,-0.210654467,-1.556006789
9162,-0.248597175,-2.365064621
9163,-1.925596714,0.393986374
9164,-0.202500895,0.196551904
9165,-1.141550422,1.390498281
9166,-0.651558816,-0.556036055
9167,0.448403269,-0.105116032
9168,1.005671144,-1.140419483
9169,-0.385040611,-0.976146519
9170,1.005432010,2.426703930
9171,0.350561827,-0.190248296
9172,-0.037666172,1.039961457
9173,1.247834563,1.782124996
9174,-0.012491195,0.293808073
9175,-1.324381590,-3.099918365
9176,0.809247911,-0.005793308
9177,-0.099900715,0.216218770
9178,2.131448746,1.030708671
9179,0.170627162,-0.336818099
9180,-1.448358893,1.436882734
9181,2.740275621,1.963822126
9182,0.466167063,-0.537082791
9183,-1.375186443,-2.515570879
9184,1.149922013,1.308899999
9185,-0.744091153,0.815934002
9186,0.033479959,-0.401138008
9187,0.303062499,0.098730370
9188,0.335542560,0.070555456
9189,1.092824221,-0.522060275
9190,0.346010923,-0.635589004
9191,-1.152104497,-2.319524288
9192,0.968484759,-0.969816327
9193,1.638301015,0.521943629
9194,1.045116663,0.521888673
9195,-0.312259138,0.575843990
9196,-0.414122909,-0.413556874
9197,0.071430184,0.376788795
9198,0.997635901,-1.027202129
9199,0.013294307,0.171827272
9200,0.042741578,0.386026680
9201,-1.312339783,-0.763720632
9202,-1.173914909,-1.106513739
9203,2.988864422,0.879892588
9204,-0.057299763,-1.281380177
9205,1.586259007,-1.194228768
9206,0.916452765,-3.228378773
9207,2.658915281,-0.635778308
9208,-0.271524727,0.563213885
9209,-1.566580653,0.892673254
9210,2.088853359,2.255061626
9211,0.920790195,-0.352881700
9212,1.554975271,1.150695801
9213,0.431523085,1.415323973
9214,0.638733923,0.619260550
9215,0.316234559,0.711235166
9216,-0.063559383,0.953398407
9217,-1.836080194,3.094115496
9218,2.271003008,-1.275729299
9219,-0.360619873,-1.615744710
9220,0.082862884,-0.859666526
9221,-1.154124379,-1.687133193
9222,1.908927679,1.094533920
9223,-1.749182463,-0.494118571
9224,2.503399849,-1.210890174
9225,0.057534907,-2.839783192
9226,-0.548986852,0.022857737
9227,-2.132180214,-0.083164990
9228,2.428137541,0.708599746
9229,0.323592722,0.496786714
9230,0.015835615,-0.429332823
9231,1.255438805,0.837281942
9232,-0.230704933,-0.503240883
9233,0.824669242,1.621905565
9234,-0.175614864,-0.430692136
9235,-0.565917909,-2.216940880
9236,0.046411432,-0.962231159
9237,-0.237422049,0.017974336
9238,2.112417698,-0.101862691
9239,-0.971829414,0.054868467
9240,0.234047815,-0.167069107
9241,2.468331099,-0.030695666
9242,0.348827243,-1.314011097
9243,1.011850119,-1.398361683
9244,-1.302948475,-0.600311697
9245,-0.250721395,-2.987074852
9246,-0.791444540,-0.424555182
9247,3.629712820,1.166052222
9248,0.142108709,1.229704499
9249,-0.198527202,-1.334378242
9250,-1.676839828,3.212236166
9251,-0.274699956,0.283818126
9252,0.125117540,0.205394983
9253,1.460170269,0.838252485
9254,-0.393299699,1.536516786
9255,1.056997180,1.240313530
9256,0.663226128,0.127630591
9257,-0.227250412,-0.004258272
9258,0.947222590,-0.878072321
9259,2.235265970,0.954377651
9260,2.883627176,1.732482910
9261,0.734432459,-0.802064419
9262,-0.326848477,0.536211252
9263,-0.399505556,0.334822923
9264,0.685389102,0.404231101
9265,0.396473408,-0.103674054
9266,0.224247307,-1.241017461
9267,-0.159615725,-0.085076600
9268,0.580053151,2.051583767
9269,0.033623125,-0.588555455
9270,0.126144171,1.603261590
9271,-0.214498207,-0.272633106
9272,0.581755102,0.782815814
9273,-2.216555834,0.022497837
9274,-0.244802952,-0.663908541
9275,-0.223554850,2.421901464
9276,-1.003973603,-0.341510415
9277,-1.041976571,-0.395003468
9278,-0.048158217,-0.807518899
9279,-1.640491724,-0.273188978
9280,0.143477112,-0.108244255
9281,2.521197319,1.642582536
9282,0.508936822,-0.609262705
9283,-0.212719038,-0.040435936
9284,-1.136588216,-2.796937943
9285,-0.097149447,0.089282900
9286,-1.640232682,0.351803452
9287,0.259311616,-0.105069004
9288,0.201529384,-0.148736343
9289,0.735779405,1.466576815
9290,-0.168389052,0.130500153
9291,-0.094973713,2.312728882
9292,1.042097926,1.244062901
9293,0.656371653,0.382788867
9294,0.893568039,-0.142920658
9295,-0.320930094,0.616487682
9296,0.031031853,0.242746755
9297,0.531599641,-1.696676254
9298,-1.288379908,-0.334655523
9299,-0.011073458,-0.184609875
9300,-0.025617182,-1.268564463
9301,0.879784107,0.547567844
9302,0.928990304,1.402768850
9303,1.085546613,0.422792941
9304,1.903186202,0.556853652
9305,0.254135162,-0.043837935
9306,-0.243133768,2.866286039
9307,-1.065256953,0.622311413
9308,0.566404939,0.469216436
9309,-1.778599262,-2.503379822
9310,0.587253749,-2.323501825
9311,-1.242910981,0.093684897
9312,-0.359497666,-0.264401764
9313,0.520134747,0.232128650
9314,0.777257383,1.545301437
9315,1.443937063,1.239576936
9316,-1.081847668,0.010172877
9317,1.008222699,0.369347274
9318,0.397042692,0.465773284
9319,0.123636089,2.354241371
9320,0.146270558,-0.073543414
9321,-0.323914677,0.067343451
9322,-0.150883913,0.963495135
9323,-0.155512169,0.883461535
9324,5.391905308,1.701448441
9325,-0.264672041,-0.143241331
9326,0.808236539,-1.319512606
9327,0.309068054,-0.269319981
9328,3.300646305,-1.035727978
9329,-0.438229322,0.168638602
9330,2.098584652,0.260713011
9331,0.588141203,0.139173582
9332,-0.334343255,-0.501498461
9333,1.013770461,0.237716451
9334,-3.768197775,0.125957981
9335,0.691935360,0.400046229
9336,-0.932790279,-2.015494108
9337,0.303347170,1.211672783
9338,-0.228596464,0.035546254
9339,2.563290119,-1.068758488
9340,-0.580189705,0.165586308
9341,0.728713810,0.731509626
9342,-1.899364471,-1.395765662
9343,-0.227991283,-0.279367298
9344,-0.771657169,0.134962797
9345,-0.583951175,0.608777106
9346,0.537575483,0.900059879
9347,-1.970699787,-0.979554951
9348,-2.030332804,0.351912886
9349,0.301497519,-0.281714946
9350,-2.845710516,0.493276954
9351,-1.027216196,-0.617421329
9352,1.038452268,-0.549516320
9353,-0.775194585,-0.201791137
9354,-0.618348241,-2.494101524
9355,-0.178789005,0.066472627
9356,0.399862677,0.456094712
9357,0.513009906,1.872792006
9358,-0.543016911,-1.374812961
9359,-0.115926534,1.206319809
9360,-0.576898038,2.752115488
9361,1.440227747,-0.513826251
9362,-2.262697935,0.925326407
9363,0.399906725,-0.067587540
9364,2.280298948,4.835256100
9365,-0.019161316,0.725388050
9366,0.902453840,0.414786458
9367,1.294752002,-1.014649034
9368,1.473371029,-1.139899373
9369,1.998902321,-0.551327348
9370,-1.225449562,-1.478004694
9371,1.353863001,-0.913169324
9372,0.504385710,0.372049898
9373,-1.735348463,0.831295431
9374,0.840337455,1.772616744
9375,-0.709203839,1.277013063
9376,0.340019852,0.354143023
9377,0.384022534,-0.550704062
9378,0.651731849,-1.477428317
9379,-0.942184269,0.550173461
9380,3.594499350,0.101523809
9381,-0.028852973,0.574377716
9382,-0.543358505,0.395076275
9383,0.210228220,-0.123534895
9384,0.051875528,1.119211435
9385,0.412253588,0.263103276
9386,-1.706416488,-2.079902411
9387,0.513198793,0.654557109
9388,1.367279530,-0.257256687
9389,-0.159165859,0.100874975
9390,0.286254168,0.704704344
9391,0.086438939,0.299592406
9392,0.909938991,2.348321199
9393,-0.607973039,0.842062771
9394,0.819346547,-0.163098872
9395,3.289639950,-0.725413442
9396,1.406814933,0.220779866
9397,1.197879910,0.350860834
9398,0.000284902,-0.931783557
9399,0.431437492,1.242724657
9400,-0.624699295,0.198601589
9401,-1.785719275,0.235321254
9402,0.202310055,-0.385819346
9403,-0.608702540,0.580179453
9404,1.852883339,-0.511268198
9405,-0.333906204,-0.296446562
9406,-1.587913036,3.780797720
9407,-0.760984182,-0.218623817
9408,-0.046507753,-2.657501698
9409,-0.159353614,0.151920766
9410,-0.939340293,-1.008859038
9411,-0.715737462,0.708304703
9412,1.427674055,-0.117247313
9413,0.208155274,0.264867991
9414,2.118288040,1.304262161
9415,0.502933323,0.613237917
9416,1.550002933,-0.898996115
9417,-1.520087957,4.493653297
9418,-1.178788424,-1.004565954
9419,0.460128784,-0.610631049
9420,1.490822911,2.679423809
9421,-1.993572474,2.550657272
9422,-0.083722889,-0.574647605
9423,-0.145101711,-0.082541108
9424,-0.242635682,0.306124747
9425,0.856927991,-1.240303636
9426,-1.627506137,-0.092144303
9427,3.179155350,1.339355350
9428,0.682739079,-0.802563071
9429,-0.458685845,0.088374272
9430,-1.317305088,0.578988731
9431,0.814536512,-0.672034919
9432,0.584064066,1.367617488
9433,-1.955310941,0.632988930
9434,-2.079704523,-0.514801204
9435,0.402728766,-0.530772150
9436,-0.240416467,0.762804985
9437,-0.298792481,-1.013611078
9438,0.187671691,0.186683550
9439,-0.393139899,1.042827249
9440,-0.974431276,0.062548950
9441,0.246566638,-0.089892343
9442,0.252277285,0.614714622
9443,0.686510861,-0.096884914
9444,-1.056045771,0.592827499
9445,2.123340368,-0.207600191
9446,0.610768318,0.559076667
9447,-0.553409100,-0.668748379
9448,0.117585488,0.106448285
9449,0.449035823,0.852869272
9450,-0.557144642,-0.489488214
9451,1.302705407,-0.460749000
9452,-0.526587009,0.343986094
9453,1.110185266,0.063754126
9454,-0.114578083,-1.555186510
9455,-0.569222033,0.584911108
9456,0.774810851,-0.212737948
9457,-0.193131328,-0.407087803
9458,1.084305882,-0.874570072
9459,0.710276663,0.738360286
9460,0.206122324,-1.083427787
9461,0.532086968,2.280436993
9462,1.432713151,1.144146442
9463,-1.123915076,1.885276318
9464,-0.204966918,-0.008917927
9465,-1.249994278,-3.877886772
9466,0.169285834,-0.039824098
9467,0.696563959,0.119390100
9468,-0.029183751,-0.151275769
9469,-2.445478201,-0.888091445
9470,-0.993126690,-0.286972523
9471,-0.748320222,1.154937148
9472,1.099768758,0.027093707
9473,1.869055152,1.015290380
9474,0.052388206,-2.184748650
9475,-0.028899634,1.566554546
9476,-1.195807099,-0.234756455
9477,-1.864609122,-0.571783662
9478,2.587495327,2.200529575
9479,0.454140544,-0.100969143
9480,1.615824580,-0.894100010
9481,0.131653979,0.384151489
9482,3.326288939,0.819055736
9483,0.316554844,0.328276873
9484,1.123649120,0.875150084
9485,-0.926375687,-0.483227253
9486,1.147621274,1.120036960
9487,0.049872547,-0.323096693
9488,0.093841970,0.224997297
9489,0.141829133,-0.574110210
9490,-1.756127477,2.518319368
9491,0.266625136,0.358233839
9492,-1.628262877,2.597633362
9493,1.228430986,-0.208572924
9494,0.823890567,-0.409472823
9495,0.204617158,0.598562837
9496,-1.589896321,1.808835983
9497,2.950551987,-0.099889636
9498,0.659327924,-1.138580322
9499,-0.276273847,0.354485512
9500,-0.010892623,0.357398808
9501,1.301564574,1.320203424
9502,0.112439454,2.752996206
9503,-0.434178174,-0.839941144
9504,-1.007769823,-0.009275904
9505,0.738337398,-0.185596392
9506,0.926939189,1.384348392
9507,1.590976000,-0.810044110
9508,0.405752927,-0.753962755
9509,2.304990292,-0.587793887
9510,-0.536193013,-0.610715210
9511,-1.127824545,-0.931522071
9512,4.303070068,1.438011527
9513,-0.193331555,0.011063907
9514,0.592263997,-0.253199816
9515,0.974744320,-0.248964399
9516,0.564962447,0.355606258
9517,1.628346801,0.089047566
9518,0.019523025,0.004134206
9519,-1.167848110,1.611367345
9520,-0.798344135,-0.808333993
9521,1.364647150,0.687158465
9522,-1.204600811,-0.190977335
9523,-0.584659398,0.595953286
9524,0.478173524,-0.264444292
9525,0.196324259,-1.892063141
9526,-0.837500632,-1.230581760
9527,-0.346243024,-0.633885741
9528,-0.229545906,-0.148535669
9529,0.408411622,0.511973500
9530,-1.349919677,-0.784145772
9531,0.278946787,-0.442898899
9532,-1.136130452,-2.941929579
9533,-1.154385924,1.768632889
9534,0.181874067,-0.061614361
9535,-0.333057940,0.755855680
9536,-1.834529519,-1.219571948
9537,-1.039836645,0.420412123
9538,-0.637366414,1.117211461
9539,2.639588833,0.432730943
9540,1.655518770,-0.352416307
9541,1.323559523,1.254775405
9542,-2.665642023,2.690042019
9543,-0.631736934,-0.649903536
9544,-0.923966408,-1.071507335
9545,0.406869888,2.756362200
9546,-1.256910324,-1.488567591
9547,0.330676258,1.050721288
9548,-0.847779453,0.635249913
9549,-1.139245510,-1.125476718
9550,0.828572690,2.451376915
9551,-0.547701240,-0.170616269
9552,0.208186060,-0.045448411
9553,1.693250775,1.297610998
9554,-0.390115291,-0.227310479
9555,-0.024371155,0.882482827
9556,-0.504240453,0.982828557
9557,0.327354878,1.088741899
9558,-0.002123639,-1.124500036
9559,0.240018696,-0.399624348
9560,0.162048206,0.111723691
9561,1.516021848,-0.455486953
9562,1.372841954,0.977295876
9563,-1.954744816,-3.116075993
9564,-1.526829243,0.953267515
9565,-0.096979782,-0.530347943
9566,-2.416154861,0.575434268
9567,2.162509680,-0.486228377
9568,0.190557793,0.156925321
9569,-2.422218561,-1.396993160
9570,2.390657902,-2.403322220
9571,1.742059350,-2.594604492
9572,-1.271772742,-0.058244411
9573,2.685052156,1.462673187
9574,-1.320413113,-1.103071213
9575,0.070408389,-2.956217051
9576,0.087503009,-0.479103297
9577,0.326794118,0.583515704
9578,-0.070365809,-0.308749020
9579,1.358065486,-1.412620783
9580,-0.131589875,-0.061385497
9581,0.756467462,-0.109455161
9582,0.147388265,0.501378894
9583,-1.433885455,-0.357112288
9584,-0.650290847,-0.148629546
9585,0.242504060,0.590697289
9586,0.792976618,0.161959812
9587,4.059086800,-3.173128605
9588,-1.314777851,0.024173245
9589,0.128715426,-0.278080046
9590,0.244836792,-0.497190505
9591,-0.294997782,0.090517953
9592,0.451112986,0.676114857
9593,0.155190155,-1.705334425
9594,0.588923812,1.108899474
9595,-0.111160919,-0.609437823
9596,0.423568577,0.140013874
9597,0.747505546,0.562226474
9598,-0.310280889,0.721258521
9599,1.941549301,2.507931948
9600,2.724676371,-0.722668350
9601,1.466430902,-1.243569136
9602,0.256892860,0.441419870
9603,-0.232583553,0.071235850
9604,0.161254928,-1.268272638
9605,0.247547492,0.897127151
9606,0.487623960,2.621364355
9607,-0.683534026,0.422393829
9608,0.440191627,0.181708515
9609,2.094839811,0.672996998
9610,-0.080293790,-0.240295783
9611,1.590355992,0.407658666
9612,-0.691214681,-1.266053915
9613,-1.844953179,0.950224221
9614,0.216724887,-2.122623920
9615,-1.110456586,-0.091648139
9616,-0.256112874,0.835053205
9617,-0.809127450,-0.027903806
9618,-0.102605976,-0.212678790
9619,3.471475363,-0.064246282
9620,0.294774920,0.103097051
9621,-0.020709528,-0.253364831
9622,-0.501319706,0.083775058
9623,1.126901150,-2.593936443
9624,0.209343746,2.946190596
9625,-1.477822304,0.897134900
9626,0.396877378,0.904807508
9627,1.018079758,0.453408420
9628,-2.041546822,1.115637779
9629,-0.257192492,-0.443965614
9630,0.016455123,0.949341238
9631,0.901952803,0.803093731
9632,-1.748901486,-1.497923255
9633,-0.813975215,-2.301363230
9634,0.940848053,-0.710806668
9635,-0.016697964,1.756470203
9636,0.716171384,-0.510441244
9637,0.304081231,-1.256078839
9638,-0.753276467,0.276584417
9639,0.289941669,-0.895941198
9640,-0.206878543,1.062488198
9641,-0.859877408,0.978251934
9642,-0.290700108,1.185754538
9643,0.713770092,1.919848204
9644,-0.869712412,0.257827818
9645,0.800342083,1.060471177
9646,-0.673505366,-0.203104317
9647,0.182769656,0.213089749
9648,-1.215888500,2.570641518
9649,-0.722503781,0.906306982
9650,-0.144097999,0.118748873
9651,-0.780897677,-2.238924265
9652,-1.953461170,-1.115035772
9653,-0.013203515,0.083087362
9654,-1.722875118,1.199126363
9655,-1.298095345,-0.431067437
9656,0.639635682,1.244137168
9657,-2.006629944,4.356205940
9658,1.214321256,0.989615440
9659,-0.406499386,-2.464274168
9660,-0.469620526,0.007018106
9661,-2.740438461,-0.050563529
9662,1.181969166,-1.258240819
9663,-1.416215658,-0.157846153
9664,-0.898946702,0.344318479
9665,0.352128685,0.937970161
9666,1.236527443,0.576547146
9667,0.782261729,-0.819366097
9668,1.233721614,-1.625888944
9669,0.704118371,1.170309901
9670,-1.102057338,-1.749452591
9671,-0.217465654,0.029116878
9672,1.229051471,0.113462821
9673,-0.777749479,-0.581670582
9674,0.067408323,-0.626545966
9675,-1.068996787,-1.061158419
9676,-2.045521736,0.814770281
9677,-0.945357621,0.323707223
9678,0.506870627,0.656196475
9679,0.103418283,-0.124848999
9680,0.311165899,-0.178605050
9681,0.741323590,0.536496103
9682,-1.519848108,2.136301041
9683,0.653024256,-0.381997347
9684,2.840940714,2.036231995
9685,0.524171889,-0.515060008
9686,-0.122390687,-0.590774059
9687,-1.637464166,0.854876459
9688,-0.364766210,-0.525339901
9689,-1.092030883,1.089973211
9690,1.171511173,0.801877141
9691,1.644387841,0.361511707
9692,0.512774706,0.929323792
9693,-2.151434660,0.562314510
9694,-0.105355382,2.877461195
9695,1.273571134,-0.499686062
9696,-0.288665205,0.178459242
9697,0.399614722,-0.886411130
9698,-0.216840640,-0.160626948
9699,-1.252190709,-0.538180292
9700,-0.355743319,1.315397024
9701,-0.786552072,0.153005123
9702,-1.009509921,1.956397295
9703,-0.101922520,0.047234345
9704,-1.365972877,0.476783901
9705,0.269940674,0.449067295
9706,1.202487946,0.523385286
9707,0.884374976,-0.269294500
9708,0.083828323,0.859535575
9709,-0.292089611,-0.210756227
9710,-0.160591900,-0.777632356
9711,2.371652603,-3.684036493
9712,2.690361500,3.002949476
9713,1.245087385,-0.772167802
9714,-0.903045058,1.138701200
9715,-1.799844265,-0.196015060
9716,-0.863946736,0.586905181
9717,-0.482365787,0.389139682
9718,0.719027519,0.941950083
9719,0.085381165,1.065069079
9720,2.410086632,-0.998153985
9721,0.191930935,-0.162038565
9722,-0.213323385,0.999670625
9723,-0.108922489,-0.028865805
9724,0.649614215,-0.816455364
9725,-0.290439606,0.081068791
9726,1.925297618,0.200547472
9727,0.933152914,-0.549082637
9728,0.056725886,-0.150806338
9729,-0.432833612,-0.324645460
9730,0.111184068,-0.414679170
9731,1.026283741,1.527166486
9732,-2.047188044,2.075648546
9733,-0.108828552,0.432550728
9734,0.298748881,0.750047445
9735,1.271873236,-1.156439424
9736,-2.187385082,-1.033407331
9737,-2.519222975,-0.807450056
9738,0.816785514,-0.541770518
9739,0.891555011,0.950972676
9740,0.104806885,-1.019598126
9741,-1.094782829,-0.266166598
9742,-0.137090951,-0.654396236
9743,0.221598551,-2.884634972
9744,1.052367806,-0.422464222
9745,-0.648087025,1.196488023
9746,1.665361404,-3.011963606
9747,-0.575247049,1.729415298
9748,0.234991282,0.432330281
9749,-0.195664018,0.171053514
9750,-0.208468318,1.600123525
9751,-0.696510673,-0.995088458
9752,-0.623880625,-2.032862902
9753,2.639406681,-2.567059517
9754,-1.175631166,-1.308370471
9755,-0.190881893,-0.095373839
9756,0.219222367,0.717869520
9757,-0.584213436,-1.026994228
9758,-0.248487756,-0.957181275
9759,-0.825142205,-0.781121254
9760,-1.412284732,0.983691394
9761,2.417928219,-0.565178514
9762,-1.560409665,1.202101946
9763,-1.702197552,-0.014950392
9764,-0.253983587,-1.093560219
9765,-0.107980922,-2.511151791
9766,-2.989995241,0.884777009
9767,-0.652788222,-0.679065228
9768,1.187492609,0.120815799
9769,0.331800520,-1.698450327
9770,1.314578414,-2.121111393
9771,-0.378896594,1.466891289
9772,1.730871439,0.570883036
9773,2.032496929,1.952778459
9774,1.024014711,1.266051769
9775,-0.009763204,1.350387216
9776,-0.122940421,-0.690586567
9777,0.678158343,1.429203510
9778,-1.014631867,-1.563516140
9779,-0.349559516,-0.877024829
9780,-2.065440416,-0.304337144
9781,-0.735029221,-0.697431087
9782,1.103413224,1.596839547
9783,0.515028000,-0.260685563
9784,2.038171768,0.534825444
9785,-0.471875221,0.584831834
9786,0.212122887,0.532515705
9787,0.985695004,0.418976307
9788,0.668356121,-0.106404990
9789,0.002576862,-0.262566596
9790,0.335410565,-0.625584602
9791,0.305945814,-0.294106334
9792,-0.177904561,-0.634450972
9793,1.296105146,-0.731662810
9794,0.834906101,2.226010084
9795,0.176318869,-1.693571329
9796,-0.656089306,-1.917466998
9797,-0.844242275,0.043894991
9798,-0.370941639,0.776528060
9799,1.312825203,-2.123785257
9800,-0.975018382,1.193720460
9801,1.187978625,-1.005063772
9802,-0.970087647,0.714572489
9803,0.420768946,-0.200050622
9804,-0.327887058,1.619115472
9805,-1.482176781,-2.196880579
9806,0.384421200,-0.741101027
9807,-0.159712002,0.081318311
9808,-0.975065827,0.249303594
9809,-1.735483885,-0.092117935
9810,0.225944474,1.130538583
9811,-1.493874073,0.544423938
9812,1.487572432,0.101817712
9813,1.815203905,1.387186289
9814,0.211277798,1.074733257
9815,3.508618593,1.642437458
9816,1.207703471,1.653635859
9817,0.626752317,0.155394852
9818,2.042911768,1.015475988
9819,0.113801345,-2.010041475
9820,-1.331862450,0.938498855
9821,-0.309028029,-0.275053322
9822,-1.599438071,0.111323602
9823,-0.935877919,-1.003494024
9824,-0.224163696,-2.126875401
9825,-0.488106579,-3.209887981
9826,3.328315020,-0.217895910
9827,1.224487305,-0.241250932
9828,1.326726079,0.990342200
9829,1.645867229,-0.906749368
9830,0.778650522,-0.169553503
9831,0.156960204,-0.339997381
9832,-0.161671638,-1.639511228
9833,0.338919342,-0.503966093
9834,-0.194102421,-0.607190907
9835,0.276774585,-0.904546857
9836,-0.266165763,-1.728595853
9837,-0.511886954,0.529797912
9838,0.778482080,0.406549752
9839,0.284198612,-0.917003632
9840,-0.183047026,-0.022585733
9841,-0.748656988,-0.590306997
9842,1.519002557,-1.902448773
9843,-1.466475010,2.256894350
9844,-0.826790869,-0.321516454
9845,0.148712128,0.428608119
9846,1.199898958,-1.570560575
9847,0.357407898,0.623227954
9848,-1.220554471,0.110173211
9849,-0.286182910,-1.090174556
9850,2.515345335,1.774778962
9851,0.923882544,-0.393973678
9852,-0.203566954,0.482174993
9853,-0.136586919,-0.889018774
9854,-0.866239011,-0.417898893
9855,0.309314638,-0.843442738
9856,-1.826807380,0.086682498
9857,-0.675880969,-0.055785768
9858,-0.647362888,0.843132138
9859,-0.381070912,-2.657661438
9860,0.188236445,-2.206056833
9861,0.720844269,3.429851294
9862,-0.802361131,-3.257755995
9863,-1.742934108,2.222527504
9864,-0.657493889,-2.099444389
9865,0.280213624,-0.094855927
9866,2.046247005,2.083225489
9867,-1.278262138,1.727082849
9868,0.365614504,0.138577968
9869,0.044392105,-1.238915920
9870,1.453311920,-0.611835778
9871,0.759382010,0.222938538
9872,-0.168902487,-0.033550471
9873,-0.012213273,-0.477622092
9874,1.923536897,0.187532902
9875,1.707909584,0.197742894
9876,0.258867502,0.087543413
9877,0.858368218,0.440269560
9878,0.782194078,-0.052870475
9879,-0.176071346,-0.201869771
9880,-0.572724104,2.471113682
9881,-1.791178703,1.843143106
9882,0.468537152,-0.448522776
9883,0.530727446,-1.150081158
9884,0.667495012,-0.126721233
9885,-3.528075695,-2.536463261
9886,0.356699437,0.465860546
9887,-0.624493480,0.550905764
9888,-0.978732586,1.208424568
9889,-0.734962940,0.384674042
9890,-0.938118577,-1.175553203
9891,1.416454673,2.369189978
9892,0.853635550,2.290331602
9893,-0.130298406,0.673469365
9894,-1.129835963,2.488168955
9895,0.746314824,0.677820206
9896,1.469563723,-0.826860487
9897,-1.228804231,-0.496598184
9898,-0.765725672,0.149692371
9899,0.134245440,0.269277722
9900,0.503470540,-1.598388910
9901,0.928782463,0.531271458
9902,-0.377207667,0.467292100
9903,-0.033654857,1.440235853
9904,1.236377835,-0.638229728
9905,-1.479642868,-2.159818888
9906,-0.658446372,0.470621824
9907,-1.611876130,-0.852539361
9908,-1.774596930,-3.180294275
9909,0.224522561,1.122100949
9910,0.168963507,-1.954661131
9911,0.219159156,0.458342075
9912,0.194801584,-1.524178267
9913,0.024101067,0.366916090
9914,-0.100447789,-1.235778809
9915,0.294781536,1.003279090
9916,1.205489039,-0.063680060
9917,-3.374759674,0.836466432
9918,0.677277207,-1.025018930
9919,0.541395187,-0.611816764
9920,-1.633403301,1.317182541
9921,2.230155706,1.157634854
9922,-0.220163405,-0.102089792
9923,0.079010509,-0.337224692
9924,1.330097198,2.160792828
9925,-0.163967818,-0.148597270
9926,-1.163410425,0.751110315
9927,-0.552437425,-0.461873680
9928,-0.248131469,-1.171936631
9929,-0.255256772,0.086002067
9930,-0.343353510,1.345781326
9931,2.509860754,0.392651141
9932,1.352234960,2.552995920
9933,0.914724231,-0.914689779
9934,1.060790658,-0.611085892
9935,-0.821367919,0.964156866
9936,-0.285765588,-0.441755891
9937,0.546391964,0.139147997
9938,-0.494023442,0.756762266
9939,1.066200495,0.431746602
9940,0.469317853,-0.323908836
9941,-0.289889097,-3.216776848
9942,-0.791179657,-1.178893685
9943,-0.952398598,0.958414137
9944,-1.110886812,2.898862123
9945,-1.060276151,2.507817507
9946,-2.881720781,-1.161451101
9947,1.986135364,2.895250082
9948,-1.925663829,0.610959530
9949,0.211535648,0.327475041
9950,-0.096081853,0.891435862
9951,0.481753975,0.794140756
9952,-0.523331463,-0.570040047
9953,-2.011057138,0.005495035
9954,-0.188632116,0.058458596
9955,1.254176974,2.213788986
9956,-0.165440917,-3.105058670
9957,0.078463681,1.086257100
9958,-1.556645632,-0.144075066
9959,1.656328797,-0.792135179
9960,-0.519545078,-0.530017018
9961,1.507595420,0.553819537
9962,-0.889720321,-0.013745042
9963,0.844428957,-0.568130374
9964,0.717084587,1.059241652
9965,-0.366221696,0.378824353
9966,2.214735985,-0.957246244
9967,-0.770832658,1.612495065
9968,-2.667027950,-1.584132314
9969,-1.017314553,0.414441854
9970,1.024281740,-0.473493814
9971,-0.001382324,0.067908950
9972,-1.393992305,1.535230279
9973,-0.891235948,0.357597202
9974,1.300122619,0.663703978
9975,-1.302163482,-0.602852166
9976,-1.011147141,-1.655663610
9977,-0.934565902,-0.222566545
9978,0.191615120,-0.814604878
9979,-2.522699594,0.035284486
9980,0.674313545,0.048463371
9981,-0.518921971,-0.533649981
9982,-1.729815602,-3.458983421
9983,-0.448270112,-0.537854970
9984,0.752625585,-1.246788025
9985,-0.024493936,1.245995283
9986,0.197793052,-0.176739514
9987,-0.431566685,-0.364204377
9988,-0.408852339,-0.052616540
9989,0.872491598,-1.069667339
9990,-2.377808809,1.844831824
9991,-3.284368992,-0.593606532
9992,1.369451523,-1.232723355
9993,0.025467867,-0.921038270
9994,-0.594567597,-1.017380476
9995,0.087875046,-0.594762206
9996,2.025036573,-0.560967326
9997,1.977544785,0.563005328
9998,0.118173845,-0.198729068
9999,1.141883850,0.684056342
