index,acc_x,acc_y
0,1.244406462,0.194874868
1,0.483230114,-1.272338867
2,-1.244608402,0.591322839
3,1.909505367,0.110481977
4,1.480694771,-1.157377124
5,-0.101044223,0.390758634
6,-0.728711486,2.221113205
7,1.791863441,2.307129145
8,-1.040191531,0.021279484
9,0.491396099,-1.178807974
10,-0.086039476,0.300267041
11,-0.704549551,1.109843493
12,0.729776978,-1.301839948
13,-0.207303450,0.846219540
14,0.152299553,0.590747356
15,0.227398023,0.323835850
16,1.642460942,-0.521846771
17,-1.675850630,-1.666569829
18,-1.188989282,1.027512789
19,-0.128428683,0.183782980
20,-2.730106115,-0.629534125
21,0.339158267,-0.100998089
22,0.525105238,1.188269138
23,-0.711782098,0.079281747
24,0.607436597,0.313282430
25,-0.009519696,-0.500927567
26,0.496750563,0.095488295
27,0.440443516,0.815402389
28,-0.865376353,-0.318161011
29,-0.435902178,0.173834324
30,-0.510053515,0.133988082
31,0.899225235,1.716026068
32,2.067684174,1.101320863
33,-0.181323871,0.685543537
34,-0.043350041,-1.332679987
35,-0.465012908,0.252271980
36,-1.206741333,-0.909748435
37,-2.789273024,0.800701976
38,0.030783504,-0.148364261
39,0.308016419,-0.127731368
40,1.631703496,0.205715105
41,0.433740973,1.614746928
42,-0.675192654,0.551258385
43,-0.047274023,-1.233231783
44,1.109297037,0.369380593
45,-1.813224316,-1.090857863
46,-0.015006533,0.218168542
47,0.306658477,0.472089142
48,2.053427696,-1.643633604
49,-2.380805016,2.084226370
50,0.940225899,-0.459292740
51,-1.539194107,1.027732253
52,2.536306381,0.107485533
53,-0.694198728,-0.284030318
54,0.669476390,-0.873380899
55,0.142881185,-0.188189477
56,-0.353007913,1.589273810
57,-1.069346428,-0.559336603
58,-0.100624956,1.757241130
59,1.783395767,0.131540313
60,1.401121616,0.168212295
61,1.390728712,0.856155038
62,0.774387181,-0.215851545
63,2.071264744,-0.888768613
64,-1.500921845,0.538579345
65,-0.311966926,-0.463835925
66,0.401071161,0.144509852
67,-0.291739464,-0.199106842
68,0.768050611,-0.066355065
69,0.218380764,0.550531387
70,1.800180197,-1.348750353
71,-0.698662639,0.987433672
72,-0.924090028,1.718388915
73,0.215693474,0.646895707
74,-0.347340524,-2.569904566
75,1.981100798,-1.935326815
76,-1.016526699,-0.924053371
77,-4.303007126,0.210352510
78,1.033050179,0.367923051
79,-1.724575043,-2.072939634
80,-1.242829680,-1.643538237
81,-0.727982342,-0.112689674
82,-0.527482629,-0.745411098
83,0.390712440,-0.052182142
84,0.154196218,-0.053069733
85,-1.396037817,-1.015322685
86,-1.177955270,1.618434429
87,2.681531429,-2.590793610
88,0.888690948,-2.247133255
89,-3.405398369,-2.370063543
90,0.530796409,-0.524842739
91,-1.434608459,-2.559281349
92,-0.527676821,0.719651222
93,-0.100696519,0.643298209
94,-1.481854916,1.552268505
95,2.701434851,-1.436530113
96,-0.296456277,0.224082589
97,0.946907997,0.945475936
98,1.104906082,0.561076224
99,0.245232090,0.105415091
100,-1.311059713,4.169635296
101,-1.049613118,-0.325397462
102,-1.526456833,0.363260031
103,-0.837990761,2.528996229
104,0.314749032,-0.052603230
105,-0.028542932,0.065289676
106,0.325066745,0.230097473
107,-0.344036967,0.745367050
108,0.347045779,1.334747076
109,-0.714166045,-0.318800807
110,1.696161628,-0.144818172
111,1.576361775,2.016008377
112,-1.645873427,0.488822341
113,2.172607899,1.980301857
114,1.739716172,-1.714896679
115,-0.655471325,-0.452472568
116,-0.119560011,1.850270033
117,-1.454012156,-0.983037293
118,-0.232571408,0.201490849
119,1.224711657,-0.450153708
120,-0.120095901,0.461251855
121,1.552860498,2.390346289
122,-1.281697750,1.637675881
123,-1.812880993,-1.608773232
124,0.584403157,-0.990151286
125,1.300979614,1.650387287
126,-3.581777096,0.641186297
127,-0.219100416,-1.860471725
128,-2.645332336,-1.424710989
129,0.142852902,-1.162038088
130,-0.273162812,-1.492931962
131,0.075457267,1.667163491
132,1.222423792,0.177046210
133,0.517949581,0.244580001
134,0.336973697,0.245711610
135,-0.302889854,0.048256934
136,-0.621912479,-0.289448977
137,-1.916944146,1.537984014
138,-0.335273802,0.205209389
139,1.033396006,0.365143299
140,-1.306633353,0.890893459
141,-0.845767260,0.233062029
142,-0.161371648,-0.112323120
143,-1.430927277,0.235854626
144,3.598552227,-2.442410946
145,0.098602727,0.423952073
146,-0.656206727,-0.211813837
147,-0.973903716,-1.193347931
148,-1.163475871,-0.279785812
149,0.905132055,-1.369055867
150,-0.153146029,-0.667716265
151,-0.108733475,-0.669809699
152,0.235071778,0.732153654
153,-0.217669159,1.359842300
154,0.988119602,-0.889334559
155,-0.777718246,1.074619770
156,-1.151574850,-0.043673411
157,-0.714485049,-0.428333342
158,1.619157672,-1.291772723
159,-0.576214075,-1.125296235
160,-0.044994235,-1.189344287
161,-0.347742319,-0.292712212
162,1.782860994,-0.302437931
163,-0.080938645,1.326167107
164,-0.249219477,-1.601748466
165,-0.506283343,-0.089117110
166,2.229139566,-1.166906714
167,0.792628169,1.062315702
168,-1.955412507,1.820864916
169,2.639670134,-0.925880671
170,0.819778681,0.749350786
171,-0.875511110,0.988116026
172,-0.850888133,1.026491165
173,0.676240683,0.734714687
174,-0.837730110,-2.125297785
175,-0.987147689,-1.238286495
176,1.736633778,0.152957901
177,-0.499191314,0.569437087
178,-0.390746117,-0.780149579
179,-2.043873072,-1.607077956
180,2.036150455,0.435608387
181,-1.135388374,-0.840173125
182,-0.332125187,-0.581162214
183,1.180199027,1.216770411
184,1.269307375,0.311643243
185,1.910220623,-0.656408310
186,0.229790092,-0.457223564
187,1.991912246,1.475291014
188,0.641368866,-0.016311951
189,1.189600348,-0.481806576
190,0.749488294,0.096817359
191,-0.868934751,0.464526832
192,-0.832197785,-0.397596121
193,0.030864835,-1.471756935
194,1.296180010,1.432847381
195,2.297043800,-1.355227232
196,0.671814561,-0.295135915
197,-0.564893186,-0.358747602
198,0.488395303,-0.655440927
199,-2.363201857,-0.546388626
200,1.748166323,-0.066493720
201,-0.461906940,0.245892733
202,0.354448706,0.273445874
203,0.360948443,-0.931231737
204,0.089777946,-1.428261638
205,0.547846079,-0.187756181
206,1.012669086,-0.015891075
207,-2.165760279,-1.331455231
208,0.270840764,-0.529236853
209,-1.151806116,-1.443988800
210,-0.505485535,0.729062438
211,0.364240617,-1.009934425
212,-0.247217044,-0.644224584
213,-0.624857426,-0.234170258
214,-0.899284363,0.129917920
215,0.653394282,-0.905821800
216,-1.992405176,-0.118751645
217,1.976458311,-3.817993641
218,-0.246250033,0.076515988
219,-2.403218746,-0.693462133
220,1.982291579,-0.987442076
221,-0.201803684,0.314981252
222,1.531406641,-0.135622144
223,2.628471613,0.466007352
224,-3.887751102,-2.678948164
225,-1.485079169,-1.169449687
226,2.926389933,-0.337314039
227,1.613027692,0.770662069
228,0.162969261,1.147674441
229,-0.816826999,0.904087186
230,-0.119184449,2.131959438
231,-0.121418685,-1.875696063
232,2.240814209,1.702044368
233,-2.955422401,0.361426353
234,1.822535753,-1.982766271
235,1.257328868,2.493069649
236,0.843606234,0.933535814
237,-0.524782181,-3.509750843
238,0.761860013,0.359127820
239,0.986850977,0.054806367
240,-0.795034587,1.314791679
241,-1.432437658,0.114745259
242,0.306561947,-0.606535435
243,-0.569433749,1.388832092
244,-1.165099144,0.696954191
245,-1.387470245,-0.582582355
246,0.063298985,-0.247401848
247,-0.384422094,-0.044669390
248,-0.715628207,0.539844155
249,1.153740764,0.954331696
250,0.571833849,1.704863310
251,1.058498859,-0.284078956
252,-1.740519047,0.567681789
253,1.366104722,-1.787175894
254,0.126647159,-0.380921036
255,-1.187226653,-1.206503630
256,3.069397211,-0.371195644
257,-0.006628454,-0.095456094
258,-0.531238914,-0.110203795
259,-0.040008407,0.243250832
260,-2.022844315,2.901981354
261,0.090531938,-0.134156495
262,-0.103824951,-0.360940516
263,0.801594675,2.147273540
264,1.248071551,0.819097877
265,1.184960485,-0.818039060
266,0.218807638,-0.272999495
267,-0.089592561,0.185067624
268,0.115697920,-0.176867157
269,0.509769678,-2.074740887
270,0.341885686,0.197788015
271,-0.036362693,-0.665084362
272,-0.226237535,-1.686357021
273,2.037288904,2.374640703
274,0.043672193,0.269782901
275,0.200420678,-0.336250514
276,1.201279044,0.502447426
277,-0.561227381,-1.282935023
278,-4.349663734,-0.098364711
279,-0.490863681,0.137139767
280,0.015369125,0.265224010
281,-1.831709385,0.978565872
282,0.714753389,-0.309811085
283,-0.660201430,-0.772838950
284,-0.188882306,-0.043756664
285,0.497717470,0.612793148
286,0.497825891,-1.813499928
287,-0.342314005,0.848070800
288,0.289153814,0.563701153
289,0.091828667,-0.550974250
290,2.062786818,-1.916703224
291,-0.035498112,-0.232155770
292,-2.189257145,0.729697824
293,-0.951532781,0.237453341
294,0.605372667,1.521200061
295,0.027262166,-0.305847287
296,0.531252027,0.007485151
297,0.327601910,-0.123679101
298,-0.509193659,0.100234851
299,-0.561427116,1.177197218
300,-1.525385022,-2.795130730
301,0.771132350,0.279995233
302,0.062359944,0.159312725
303,1.160446882,-0.429765224
304,-0.215948626,-0.628527045
305,0.118739367,1.245337963
306,0.115981996,0.135026872
307,-0.607152641,1.086394787
308,-0.801626325,-0.874743581
309,0.105494380,-1.067671180
310,1.391432405,0.934062839
311,0.023286819,-2.946506500
312,0.807659626,-3.534364223
313,-0.095752098,-0.151602149
314,1.507161856,-1.591978669
315,0.095503658,1.531754017
316,-0.144958153,-0.299468130
317,-0.654016137,0.410632133
318,0.068582267,0.015647173
319,2.159736395,1.146215916
320,0.284543812,-0.732664049
321,0.017659932,-0.202668250
322,1.315743685,-0.313769519
323,-0.038510829,-0.948731363
324,1.785655379,-1.132317901
325,0.243870243,0.151250884
326,0.871424437,0.293393731
327,0.331836194,-0.579385757
328,0.708096325,-0.168270871
329,-1.554842830,-1.763860464
330,-1.510930061,-1.087355256
331,0.734138131,0.228039950
332,1.252849698,-3.114044189
333,-1.607663512,1.586391926
334,-2.918091536,4.193603039
335,1.872773170,-2.397347689
336,-1.281303644,0.213457465
337,1.383189917,-0.102265060
338,1.169372320,0.896486640
339,-0.881672263,-2.124516964
340,0.207355127,-0.415438771
341,-0.033479214,-1.269530296
342,0.995234191,1.958829641
343,-0.110614777,-1.238404393
344,0.236745432,-0.566107035
345,0.978876293,-0.304439723
346,-1.158312321,1.647443056
347,2.076873541,0.003256358
348,-0.102036506,-0.001489878
349,0.526284695,2.062149048
350,0.017550081,-1.835537195
351,-0.933952034,-1.587616682
352,-1.521328926,-0.143143445
353,0.571155071,0.971998930
354,0.995036364,-0.220908433
355,1.878163576,1.218674421
356,0.401479602,2.506820440
357,-0.099307150,0.725150168
358,-0.327907801,-0.905502737
359,0.705396891,1.356361866
360,-0.093565829,0.481008232
361,0.645299673,-0.561176360
362,-0.853252172,-1.040297866
363,0.134879082,0.856392443
364,1.013371587,0.262979388
365,-0.792094588,-0.385083079
366,1.137251616,-2.628885269
367,-2.143956900,0.848024249
368,0.690825522,-1.018632054
369,1.850128651,-1.535513401
370,-0.665598094,0.523212135
371,0.179397345,0.161942482
372,0.551234543,0.159664050
373,-0.171574354,0.395495415
374,-0.301588744,-0.131769985
375,1.676174879,-0.368946642
376,0.611620784,2.036062002
377,0.613763809,-0.046022132
378,0.320093602,0.264194816
379,0.098048255,0.181441247
380,0.840300798,1.290755868
381,-1.363452911,0.984860957
382,-0.099925280,-0.260627657
383,-0.174766660,-2.292477369
384,0.992049634,-0.188303888
385,0.641986370,-0.644530833
386,0.716739118,1.374365568
387,-0.743255019,-0.711442828
388,-0.379549503,-3.111834049
389,-0.263562173,-0.531845152
390,3.249475479,-2.166096449
391,-0.586304188,-0.508695245
392,2.759262562,-0.308507562
393,0.949945927,-2.432451010
394,0.864725888,0.144981533
395,3.832615376,1.010810137
396,-0.081813902,-2.977198124
397,0.021317124,-1.503254175
398,-0.120092988,-0.336599767
399,-1.278148174,-0.265214205
400,-0.695601225,-0.733190417
401,-0.696693420,-0.587926388
402,1.506731033,-0.597853601
403,0.088112801,-0.130003095
404,1.726603031,2.350897789
405,0.416188002,0.576963186
406,0.368927598,1.092234015
407,2.270779133,0.908267081
408,1.089767814,-0.851587832
409,-0.105152875,-2.144898176
410,-0.477124810,-0.615933359
411,0.068997346,0.816728950
412,1.191036701,-0.565268755
413,-0.630644321,1.798215270
414,-0.250308037,0.891174674
415,3.397865534,-0.717635214
416,-0.094835579,-0.590010524
417,0.507537782,0.206928894
418,1.066619635,-0.481867611
419,0.345714599,3.245196104
420,-0.552531362,3.145722151
421,0.100886077,-0.163692847
422,0.136766165,-0.071887486
423,0.386487186,0.060022190
424,-1.254038811,-0.776164055
425,-1.424179673,4.327870369
426,-1.275469422,1.107232809
427,0.008394524,-0.435255706
428,0.575131476,-0.311955482
429,-1.091910601,-0.788911223
430,0.214601889,0.287040919
431,-0.642465591,0.225978822
432,-0.228583246,-0.190558836
433,-1.505834460,-0.737562299
434,0.178932011,-0.181252137
435,-2.783169746,0.511032403
436,-1.472471118,0.411859900
437,0.978582442,1.453826427
438,1.729953527,-1.518586040
439,-1.664231062,-0.231803060
440,1.178830981,-0.177393377
441,-0.047948033,0.918899596
442,0.084869549,1.826333404
443,-1.049595594,0.261431038
444,0.610293627,0.206753492
445,3.192394495,0.482006073
446,-0.849779606,-0.349802464
447,1.839142919,-0.608419180
448,-1.524868965,-1.819700003
449,-0.369821697,-0.323787987
450,0.812795103,3.081483364
451,-2.042482853,0.303183705
452,-1.732626200,0.257622123
453,0.541188776,1.449451804
454,-0.811680973,0.144907176
455,-1.417898417,0.466951191
456,0.729660511,-0.314061880
457,-0.347895026,-0.314463854
458,0.673623443,-0.034036905
459,-0.366827190,1.061162591
460,-0.901085913,-0.536849260
461,0.234746277,-0.289716661
462,-1.025258541,-1.271084905
463,-0.432134092,-1.702530384
464,0.325257003,0.585762203
465,1.193950772,1.074888468
466,2.300188780,2.178140640
467,0.290309340,1.017819405
468,2.556800127,-4.469249725
469,0.050950337,0.541197240
470,-0.262230158,-1.733981013
471,0.132355213,0.110124439
472,1.559772253,-0.835133255
473,0.233510956,0.379559338
474,0.225411311,-0.497165591
475,-0.055472925,-0.239530534
476,0.002378106,-2.116722822
477,3.180055618,0.631641269
478,0.669189095,0.144239426
479,-0.910463095,-0.627963245
480,-2.302732944,0.052335262
481,0.602511346,-0.411424279
482,0.918769479,-0.567006886
483,0.982460856,2.877501011
484,-0.025770426,-1.334508896
485,-0.984413087,-0.068265915
486,-0.048904173,3.157299757
487,1.213062167,0.362769604
488,0.542919278,1.368409872
489,-0.229221120,0.055523261
490,1.344833136,-0.604439914
491,-1.920485854,0.836083651
492,0.282651961,0.025492273
493,-0.093875133,0.241120815
494,-0.027427450,-0.439970791
495,-0.981196821,1.690008879
496,1.745791435,0.582437277
497,0.133598700,-0.252553850
498,-0.462510288,1.737334013
499,-0.177719802,0.083299510
500,-0.728869736,-2.614060163
501,-0.640933156,0.097486839
502,0.413670719,-1.350746632
503,-0.720511317,0.745482564
504,-1.233159065,0.289648592
505,-0.751202464,-1.895143151
506,0.301183075,1.781383991
507,0.308226049,-0.882119060
508,0.269774467,0.170827255
509,-0.813728213,1.951235414
510,-1.303014994,-0.747081578
511,0.483081132,1.546303391
512,0.204414889,0.335029662
513,-0.185311511,-0.476724744
514,-0.018558979,-2.193616152
515,0.084460117,0.415638208
516,2.443196058,-0.640456975
517,0.074905694,0.140359491
518,-0.343689322,2.963923931
519,-0.730920374,0.724335849
520,0.723492205,-1.587111712
521,-0.728558064,0.317082167
522,-0.210868537,1.398625731
523,1.219832420,0.157979563
524,2.614673853,-0.234010234
525,-0.967007637,-0.848448277
526,-0.322182685,-0.856665730
527,-1.185685754,-0.285634458
528,-0.705101728,-1.125352859
529,3.294642448,0.644832373
530,0.279052019,-0.545446873
531,0.121946491,-0.140626371
532,2.310963631,-0.640605271
533,0.486713946,-1.015370846
534,2.420142889,-0.813242555
535,0.830051780,-0.497853756
536,-0.164399356,2.397830725
537,2.170876741,-1.226310611
538,1.380855560,0.756112516
539,-0.239284277,0.559027791
540,0.251923382,-1.414929390
541,-0.946942151,1.231237411
542,-0.394635350,0.053844973
543,3.491369963,0.915189028
544,0.731631398,0.359873056
545,-0.443526208,-0.181586921
546,-1.366076708,0.262739539
547,0.435983449,0.163976744
548,0.711979866,-1.101621509
549,-0.516791463,-0.265946686
550,-1.388914227,-0.908767819
551,0.318983942,1.541595459
552,0.412375808,-1.864976645
553,-0.328178078,-0.009497821
554,0.931901097,-1.999034166
555,1.568239689,-0.200413048
556,1.064489484,0.408225209
557,-0.338606358,2.420799494
558,0.065759167,-0.191941381
559,-1.277833223,-1.857410908
560,0.030995235,-0.145496234
561,0.042361438,-0.245194316
562,1.508520007,-0.409858495
563,-0.142910421,0.164139107
564,0.973895788,0.587356627
565,1.283618450,-1.281947136
566,2.000610590,-1.004081488
567,-2.941936016,0.947945833
568,0.246014476,2.492738724
569,-0.315828413,-0.064078592
570,-1.900469065,-0.775759697
571,-2.098506451,1.210981607
572,-1.977206588,-0.378078580
573,1.588434935,0.597835898
574,-1.327010155,-0.034839287
575,0.815674186,0.466060460
576,-0.214752585,-0.804428279
577,-0.641444564,0.437625736
578,0.087895349,-0.625897408
579,-0.096734703,-1.619054675
580,-0.833474219,4.107899189
581,0.122061968,-3.031408310
582,1.650154829,2.036914825
583,-0.124584183,0.857774377
584,-0.412691265,0.102839842
585,0.636888742,1.541341424
586,0.311831623,1.436147332
587,1.280554652,-0.624655604
588,-0.417183757,1.251615286
589,-0.761546373,-1.423794866
590,2.263996840,2.021129847
591,0.012998126,-0.311580360
592,-0.477823436,0.596263766
593,0.220904306,-0.011589771
594,-1.670930147,0.321608663
595,2.919891596,-1.483201981
596,-3.738138199,1.034936070
597,1.011346936,1.804757714
598,0.373448133,-1.390963793
599,-2.365797281,0.393505514
600,0.891532421,0.319159448
601,-0.666936576,-0.539210856
602,-1.277864099,-1.693195701
603,-0.449674159,-0.102598369
604,1.265790582,-0.703019142
605,-2.184049606,2.255166054
606,-0.622477174,-3.526681900
607,-0.345862985,0.161483973
608,-0.077002168,-1.041674852
609,-1.087733150,-0.381272316
610,0.090162575,-1.161745071
611,1.407870293,1.673757434
612,-2.050776720,0.709877849
613,2.909336329,0.392817914
614,-1.154441595,0.826252699
615,0.391843796,0.907830238
616,-2.390125513,1.486676455
617,0.874643624,0.573261857
618,1.151990294,0.198180974
619,0.875091612,0.387449026
620,-0.389715791,1.693346858
621,1.416524291,0.297381163
622,-0.559093595,-0.381531119
623,4.328841209,1.953012466
624,-2.302203417,0.090212256
625,-0.863167524,0.498899490
626,-1.497237325,2.104406595
627,1.899930120,1.471075296
628,0.959936857,-0.519050717
629,0.928293586,0.028064936
630,-0.127300143,-0.115439728
631,-1.128881693,0.967384160
632,-0.652064681,0.557959557
633,-2.477039337,-0.718900383
634,1.080999494,-0.416700631
635,0.582806647,1.068692565
636,0.467053413,-1.001339078
637,0.127308995,0.005216765
638,-1.153840184,1.006526589
639,0.064282954,0.143940538
640,0.222976923,-4.299463272
641,0.630018115,-2.108234644
642,-2.464164972,0.971193314
643,1.269438982,1.103055954
644,0.505739748,-0.132245481
645,0.641319275,0.374958098
646,0.967388928,1.047897816
647,-1.038980246,3.306089640
648,0.773844302,-2.537835121
649,0.567812085,0.549020052
650,0.929768920,1.579002261
651,-0.088530898,-1.765153050
652,0.028908137,-0.307154238
653,-0.747482538,-0.569098711
654,0.059973527,1.927927613
655,-0.497774214,0.296649814
656,1.236760736,1.133659124
657,0.175420880,0.522999227
658,-1.070797443,0.180322468
659,0.330697477,-0.706510067
660,-1.607185960,2.594288349
661,0.478206366,3.696920395
662,-0.186002389,0.089848414
663,1.024594784,-0.270734102
664,-0.948295712,-0.902225018
665,0.605297208,0.177757218
666,-0.134324953,-0.200605258
667,-0.303836286,0.150203288
668,0.082947642,0.905258298
669,0.172060728,0.113872260
670,0.087130561,-0.153343990
671,-0.644865632,-0.177957088
672,-0.898196399,1.593570828
673,-0.771058023,1.119319439
674,-0.388017714,-2.310164213
675,-0.120523930,-0.190790176
676,-0.833592415,0.521210313
677,-1.603790283,-2.080413342
678,-0.906164348,-1.119009495
679,-1.624059916,-1.152889252
680,0.978110969,1.611238718
681,0.289891332,-3.196974754
682,0.224346593,0.328495920
683,1.156005621,0.475302875
684,-0.185118735,-0.523856223
685,0.272552490,2.250490904
686,-1.795189619,-0.854798913
687,1.366429329,-0.342298627
688,1.248622417,0.317694008
689,-0.090007626,0.351877630
690,-0.198306903,0.451107860
691,0.464039564,-0.572711468
692,0.409198433,2.074577093
693,-0.356453359,-1.086505651
694,-1.744261146,-1.858674049
695,-0.373575181,0.841816366
696,2.444955111,2.133141756
697,-1.648492575,0.398314357
698,0.367816210,1.095142841
699,-0.473251283,0.270385742
700,0.154222712,0.446507424
701,-0.571600080,-1.182705402
702,-2.830708504,0.561638474
703,-0.571075618,2.528425694
704,-0.676435471,-0.513477504
705,-1.679434419,1.033465505
706,-0.341120362,1.352127552
707,-2.983101130,0.437847733
708,0.402578801,1.492724180
709,1.502270222,0.925643921
710,-0.496918112,3.121993542
711,0.109032571,0.556758702
712,-0.172625721,-0.178795755
713,2.124609470,-0.206114978
714,1.191091537,-1.158321261
715,-2.494249821,0.870591044
716,-0.041184574,1.623122692
717,-0.036866993,-0.521064460
718,0.838630795,-0.165837258
719,-0.431399822,-1.263899326
720,0.668451607,-0.838486254
721,0.637941241,-0.274675310
722,-0.827111006,-1.390485883
723,-0.256112576,-1.093724728
724,-0.292506427,-0.045101188
725,-1.369544983,0.361654282
726,-0.497845113,-0.888131797
727,0.210849226,-0.352211297
728,-1.680169821,-3.554927826
729,2.182050943,2.356768131
730,1.795749187,-3.180631638
731,0.096675023,0.325453520
732,-1.055501699,1.236529231
733,-0.155479088,0.132290453
734,-1.521076441,0.292339414
735,1.082927108,3.152302265
736,1.223909497,0.130311981
737,-1.241776586,1.033450842
738,1.301381946,0.729873717
739,1.074173570,0.134550408
740,-0.142907187,0.460265368
741,-2.416226625,0.750809073
742,-0.756523907,-0.215030134
743,1.058352232,-0.124402523
744,-0.365206301,0.381043911
745,2.655100346,0.178979933
746,0.416967273,-1.053313375
747,0.132618427,0.431235909
748,0.105932057,0.340166628
749,0.915682077,-0.969388068
750,0.786295176,0.798976064
751,2.204107761,0.679826975
752,-2.190493822,-1.736772180
753,0.160913959,0.176285952
754,-0.592840731,0.364453554
755,1.716419339,-0.718760669
756,1.304797888,-0.435837865
757,0.469474703,-0.413117588
758,1.802717924,-1.858574748
759,0.880869508,-0.860667288
760,0.134879112,-0.090917468
761,1.345649004,-0.615025878
762,0.728276074,-1.133493423
763,0.769196212,0.576479852
764,-1.861813426,0.351249576
765,-1.076668859,-0.027889609
766,2.509191751,2.478427649
767,-0.385440230,0.425673306
768,0.082988702,0.326466650
769,-1.706231117,-0.206152827
770,0.787084877,0.436282337
771,0.351564914,0.933508575
772,2.638999224,-0.080588102
773,0.331041038,-1.640048742
774,-0.089324057,-0.305291772
775,1.719203472,1.012537956
776,-0.059475027,-0.461785227
777,-0.741814256,-0.966436923
778,-1.345416307,0.268920243
779,-0.125328064,0.722464800
780,-0.430126965,-0.528153539
781,-0.136460409,0.159747168
782,-0.039109230,-0.473748744
783,-1.544035077,0.890185475
784,-0.494151026,0.647724509
785,0.759446442,-0.562015772
786,-0.173459381,0.765399814
787,-1.739921451,-0.668636918
788,1.039412975,0.661854386
789,-0.421132118,1.959993362
790,2.589531422,1.146241903
791,-0.507331729,-0.617322743
792,1.751223803,-0.438887775
793,-1.004981756,2.144413710
794,0.225763291,-0.380360395
795,0.551723003,0.855334342
796,0.592879891,-0.122648895
797,-1.223622084,-0.706550300
798,-0.444886297,0.523493111
799,-0.673958719,0.754442394
800,-0.874454141,-0.028087407
801,-0.142367244,0.288952529
802,0.207732379,-0.927557945
803,0.156232208,-0.028862083
804,0.300731808,-0.949768662
805,-1.943839073,-2.478164196
806,2.758171558,-1.072118998
807,-0.309546053,-0.457155198
808,-0.329221129,-2.045294285
809,0.504049361,0.142334908
810,-0.318661124,1.250739813
811,0.773799658,-0.688823819
812,3.343698740,2.783286572
813,-1.145949006,-1.170188904
814,0.180424988,0.072265700
815,-2.701948643,1.645736456
816,0.401473939,-1.478626132
817,2.402217150,0.609267592
818,-0.754771948,0.722508788
819,-2.150324821,-0.093796730
820,0.957712531,-0.229668140
821,0.289361179,0.155415118
822,0.188371986,0.295473546
823,0.477968127,-0.240256891
824,-0.557885110,1.014814854
825,-0.431369871,-0.526462853
826,0.030407526,-0.187992990
827,-0.628833294,-0.938442707
828,-2.968229532,1.189486504
829,0.632251382,-0.538458169
830,0.010431819,0.499879897
831,1.806575298,0.146491081
832,-0.898893595,-0.344768345
833,0.476141214,0.529458165
834,-0.066511661,0.335429966
835,-0.417454511,0.695445955
836,-0.247085422,-0.068605624
837,-0.477995634,-0.613869071
838,-1.183388948,-0.400281787
839,-0.599474370,0.254483312
840,-1.119939566,-0.092393816
841,1.242933035,-0.227151275
842,0.996470273,1.905059218
843,0.349853218,-0.139975980
844,-0.106232814,0.286068946
845,-3.012734890,0.936604083
846,1.953689337,-1.216429353
847,0.000281655,0.861384392
848,0.142216235,-0.486644626
849,-0.789803863,-0.101027220
850,-0.988622069,-1.456376553
851,-0.214434192,0.060615901
852,0.668120146,2.088305950
853,0.814401865,-1.344707489
854,-0.114018500,-0.111097328
855,0.758801341,2.625093460
856,-0.344535440,0.072066396
857,1.386505365,-1.172635198
858,-0.848029435,3.265845776
859,0.919805050,-0.585253894
860,-0.025423169,-2.328063965
861,-0.752789676,2.191901445
862,2.107239723,0.527974367
863,-0.211613223,-0.676094532
864,-2.035061359,0.092908263
865,-1.219108939,1.973241329
866,0.251838624,-1.458735347
867,1.281047583,0.989132524
868,0.228571698,0.191639304
869,-0.580451131,0.833081841
870,-0.029009137,0.994916975
871,2.964217186,-0.447310269
872,-0.377564728,0.439996123
873,-0.937637150,1.755862594
874,-1.324426413,0.916007161
875,0.730983377,0.354419708
876,0.994777441,-0.823157430
877,0.146192193,0.341663420
878,0.230333462,-1.153944016
879,0.547962546,-1.794664621
880,1.171290636,0.319152415
881,0.043112732,-0.636641860
882,-1.557135463,-0.110137388
883,-0.672963977,1.239349723
884,-0.069307968,0.528172493
885,0.116946906,-1.397883534
886,0.610221386,0.062838972
887,-0.329460829,-1.692697287
888,0.572121978,-0.731203854
889,0.930568933,-1.879061341
890,0.178151265,0.589794099
891,1.167809844,-1.000911236
892,0.853738308,-0.122815892
893,-0.148038536,-0.217104465
894,-0.344411641,-1.208782911
895,-0.227778301,1.559746027
896,0.420979768,-0.772026062
897,2.195123196,1.751221418
898,-2.084970951,-0.531941891
899,0.624003649,-0.132551640
900,-1.535115004,-2.348890305
901,-1.228284836,1.310893059
902,-0.661266625,0.735856712
903,1.844453573,-0.253168911
904,1.437818646,1.183451414
905,-0.231921166,0.006695312
906,-0.810988426,-0.061652213
907,0.113242984,0.346725017
908,-0.779384375,-2.696266174
909,0.189548254,0.640104294
910,0.401974142,0.137014329
911,-0.365734905,-1.626197577
912,0.332241446,0.725674927
913,-0.798699379,0.645651460
914,-0.414643824,1.262287736
915,0.659801185,-0.656380236
916,0.303609848,-1.704215527
917,-0.074121065,-0.211839676
918,0.171011284,0.640844822
919,0.148690253,-0.007693011
920,1.497612596,0.977429450
921,-1.040410757,0.793895483
922,0.357751578,0.729575038
923,-0.469068825,-0.002679974
924,-1.239961147,0.451900929
925,0.162955999,-1.345086098
926,0.746647239,0.658133268
927,-1.319062233,-0.743018985
928,0.269368321,0.096055008
929,-2.284725666,1.668295622
930,-0.270997345,0.515258014
931,0.047274347,1.605254769
932,0.421951145,0.231344223
933,0.409891188,0.079424255
934,-2.055770397,4.006959915
935,0.010037441,0.966051877
936,-0.130000114,-0.724724233
937,-0.716694117,-0.300093710
938,3.552404165,-1.437710404
939,-1.349058867,-0.042618454
940,0.463000774,-0.711898923
941,-0.192750096,-0.166182309
942,-0.000127967,0.699278295
943,0.200332120,1.571484804
944,0.213521376,0.149717227
945,-0.369433522,1.320993423
946,0.752940953,0.431596279
947,-1.216831803,-0.703861356
948,1.703454494,-1.197984099
949,0.062027436,0.450380892
950,-0.916193604,1.157330751
951,-0.407209933,-0.928342223
952,-0.065957665,1.791998029
953,-1.355167627,-2.767430782
954,-0.323583335,3.020478010
955,0.593070269,-0.681021094
956,0.870259404,-0.303973138
957,-0.804771602,0.761873841
958,1.085703015,0.377759099
959,-0.479209542,-1.727493286
960,-0.962283373,-0.732349038
961,-0.139582515,-1.704086065
962,1.518533707,-1.187427402
963,-1.843330383,-2.169326782
964,-1.098433256,0.191686869
965,0.795425653,2.133145332
966,-2.561688423,0.075413913
967,-0.800936937,0.401381403
968,0.757772088,-0.524099886
969,-0.123342037,0.487624407
970,1.255534172,1.060818434
971,-0.288371205,0.573132515
972,0.429776490,0.537576020
973,-0.875564575,-1.536720514
974,2.551628590,-1.291943073
975,0.152830452,0.795047343
976,-0.255197436,-0.199907243
977,-2.373460293,-1.107969522
978,0.514883578,4.913085461
979,-0.234642476,-0.365709901
980,-1.377787113,-1.237066269
981,-1.182426214,-0.679254770
982,1.110959530,-0.863130093
983,0.314038098,-0.316666782
984,-0.730144322,0.814045966
985,-1.132388949,0.931144238
986,0.554986835,3.740637302
987,2.096741199,-1.163653135
988,0.098386988,1.225259781
989,-0.144717842,-0.115179107
990,0.141267076,0.082350515
991,2.468623638,1.404915094
992,-1.139213204,1.267322302
993,-0.221450120,-0.156904653
994,2.103999615,1.137694478
995,-1.198792219,-0.433266521
996,0.217543960,-0.151483312
997,0.490210652,-0.521111906
998,-1.167074084,0.909032464
999,-0.544881582,-0.241707653
1000,-0.569397271,1.001137733
1001,0.647043169,4.576900959
1002,1.183917165,0.506538868
1003,1.291001081,-0.955212772
1004,-2.942010880,-2.357123375
1005,2.136331081,-1.126254797
1006,0.301491141,-3.238735437
1007,-0.062533379,-0.441975832
1008,-0.377554268,-0.697711945
1009,1.318058014,-0.579088449
1010,0.879981101,0.793819547
1011,0.229690358,0.982170880
1012,1.714272857,-0.573615015
1013,0.081803977,-0.625148118
1014,-0.702753961,0.283172518
1015,0.421691597,-0.573949873
1016,-1.611113548,-0.785559237
1017,-0.741894782,2.037266254
1018,1.771613359,1.690493584
1019,0.830386281,-1.579817653
1020,-2.046768427,1.818728447
1021,2.389299870,1.976981401
1022,0.470044881,-0.853856027
1023,0.707315087,-0.184762985
1024,-0.006447151,-0.682960629
1025,0.340790868,-1.183911204
1026,2.602246761,1.575019956
1027,-0.610942960,-0.372651756
1028,-0.217820033,0.852279305
1029,0.924029946,-2.898463011
1030,-0.248201162,-1.505065680
1031,-1.312345505,1.352133632
1032,2.512713194,0.131758824
1033,1.782846451,-1.141883731
1034,-0.784821630,-1.942034125
1035,1.284789681,0.467583656
1036,2.864542007,-1.587650537
1037,1.439242840,0.793245435
1038,0.066080153,-1.841353297
1039,-0.886646092,-0.285316944
1040,0.157820180,0.109506182
1041,-0.531370938,0.875520825
1042,0.270636678,0.726841152
1043,-0.125609756,0.351284921
1044,-0.333990633,0.412497461
1045,0.680924356,1.957092166
1046,-0.479931504,-0.679265440
1047,0.806470573,0.967568994
1048,-1.782550931,-2.102400780
1049,-0.488878906,-0.371780515
1050,0.413016856,-0.745900393
1051,-1.007171392,-0.394086748
1052,-0.040390868,0.277112424
1053,0.182740375,0.026694097
1054,0.033948407,-1.246159196
1055,-0.680242181,2.293712378
1056,-0.162385195,-0.422661781
1057,-2.289020538,0.169416636
1058,0.452782273,-0.313341349
1059,-0.175743461,0.197346121
1060,-0.294179976,1.158478618
1061,-2.002530575,-0.388181388
1062,0.250691593,0.469688267
1063,-0.053155940,-0.172636405
1064,-0.553861558,0.767733216
1065,0.372154772,1.527586341
1066,-1.371129513,1.840300679
1067,-0.914962053,-0.290799052
1068,0.601324737,0.551154792
1069,-1.199038625,-0.985321999
1070,-0.420834541,-0.046402704
1071,-0.981038988,-0.804784298
1072,0.446676761,-2.539697647
1073,0.142682835,1.126269341
1074,-0.881782889,-0.764982045
1075,0.823947728,-1.020959139
1076,-1.223968506,-1.055934668
1077,1.021462917,-1.056859016
1078,-0.536601603,0.372593760
1079,-1.231689811,0.405767679
1080,-0.486622512,0.140056327
1081,1.076138973,0.048787110
1082,0.638901412,-0.050317910
1083,-0.021057948,-0.567011595
1084,-1.349337697,0.656215429
1085,0.299683332,1.194380164
1086,-0.504117548,-0.091745019
1087,-0.581900477,0.853674829
1088,-1.942695379,-0.015072942
1089,-0.730817378,-0.788351417
1090,-0.521958888,1.571358562
1091,1.045320392,1.712322950
1092,0.160111129,0.023031376
1093,1.015192866,2.349200249
1094,-0.398629665,-0.818848968
1095,1.652225018,-1.631065607
1096,-0.917006910,0.708950758
1097,-0.615185916,-0.476311922
1098,0.443438888,-0.593662262
1099,2.627405643,-1.645533204
1100,2.907971859,-1.867187977
1101,0.240463406,1.135284185
1102,2.466489077,0.181669533
1103,-1.499617577,-1.467430711
1104,-0.478380144,-0.259020001
1105,0.038717523,1.269189000
1106,0.710956812,-0.585956097
1107,0.153774440,1.115267634
1108,0.033147998,-0.182394162
1109,2.540970564,-1.094650030
1110,0.954363465,1.005332589
1111,-0.020769034,0.686153293
1112,-0.990567863,0.022210121
1113,-0.186678052,-4.248836517
1114,-0.658691466,2.672799826
1115,0.269350499,0.751825094
1116,-0.610471249,0.225000605
1117,0.571809053,-2.054841995
1118,0.893849730,-0.881121874
1119,-0.235061914,0.380528837
1120,0.209618807,-1.060644627
1121,2.635007620,-0.739505410
1122,0.044403195,-1.245790124
1123,-0.149646804,-0.596573532
1124,-0.066728503,-1.020770073
1125,-2.326395512,-1.140337706
1126,-0.080306955,-0.339557648
1127,-0.343694389,-0.341250300
1128,-1.096964002,0.130687699
1129,-1.397915602,0.260060668
1130,0.594210088,0.579961061
1131,-0.952891350,-1.844207525
1132,0.587643147,1.920386434
1133,-0.373417437,2.560945988
1134,0.334027141,0.023467820
1135,2.040529728,-1.134222150
1136,-2.229078054,-0.686638594
1137,0.123532191,1.351031542
1138,-0.703603983,1.041005850
1139,0.439828783,-0.958848298
1140,0.333897710,0.839369059
1141,1.356137156,-0.147876844
1142,0.965810418,0.893553555
1143,-2.073224545,1.432767749
1144,2.078418732,0.654041648
1145,0.327545226,0.271991163
1146,0.931016922,-2.700096846
1147,0.931093752,0.540067255
1148,-1.485178471,-0.627035618
1149,0.184365511,-1.377941132
1150,-0.164997980,-0.599441171
1151,-1.260130048,-3.678585529
1152,-0.661476552,-0.750696182
1153,-0.760956049,2.802022457
1154,2.289921284,-1.254213333
1155,-0.183937490,-0.773599982
1156,-0.426037520,0.301788747
1157,1.844948649,1.404450297
1158,0.635883689,-1.120028853
1159,-0.436535507,0.995051980
1160,1.382780075,-0.507635355
1161,0.327833951,-0.860768378
1162,-0.914270639,0.522508025
1163,-0.133385211,-1.239238501
1164,0.109684542,-0.196219087
1165,0.106141388,0.508189678
1166,0.591158152,0.638332725
1167,0.152511597,-1.849694729
1168,-0.505021989,0.535712779
1169,0.377186775,-0.087005943
1170,-1.060662031,1.594485521
1171,0.159250140,-0.708500504
1172,0.628141224,2.031156540
1173,-0.998113275,2.673592329
1174,-1.854524493,0.011262476
1175,-0.559976816,2.063518047
1176,-0.423958480,2.278285027
1177,-0.039128304,-0.592481911
1178,1.655560613,0.037462831
1179,-1.291361213,1.116707444
1180,-0.202837005,0.217698991
1181,0.094293714,1.856551409
1182,2.272958279,0.385533214
1183,0.968408465,-0.647821188
1184,-0.263397902,0.276236027
1185,1.037660956,0.132758275
1186,0.139097780,-0.199220747
1187,-0.256037056,0.931472659
1188,0.610206127,1.325595737
1189,0.407856166,-0.589963675
1190,-0.406928778,0.213651270
1191,-0.437182635,-0.696478784
1192,-0.166696295,-0.054620340
1193,-0.336274743,-0.148121715
1194,-1.794500589,-0.477962852
1195,-0.651774228,-0.355714560
1196,-0.142416477,-0.927062631
1197,1.914889812,-1.343368053
1198,-0.544898272,-0.797629893
1199,-1.762196779,-0.013714731
1200,2.004997492,-0.380607843
1201,0.423588753,-0.257858098
1202,-0.071989104,-0.133131966
1203,0.766336203,1.244832993
1204,0.396761626,-1.308138132
1205,-0.064838819,1.147699356
1206,0.227550626,0.015415996
1207,-1.204480410,-0.997745275
1208,0.647580028,-0.871816516
1209,0.979171872,-0.406965554
1210,0.817124546,0.393502712
1211,-3.452889681,1.384769082
1212,-1.338454485,-0.672088385
1213,-0.033725541,0.178289771
1214,-2.639842987,-1.006816864
1215,-1.182755589,-0.693380415
1216,-0.538717031,0.525772870
1217,-0.562395871,-1.775801420
1218,0.379395455,0.037171062
1219,0.116547443,0.086407490
1220,-0.324671030,-0.061695457
1221,1.576677084,2.164378405
1222,-0.129902914,-1.044314742
1223,-0.063069642,0.615758896
1224,-0.472381681,-0.566055179
1225,-3.469481945,1.530884027
1226,1.237889886,-0.945245147
1227,0.069600515,0.665714502
1228,0.669576228,1.108308554
1229,1.424082518,0.519953489
1230,0.066827513,0.036992241
1231,-0.566757381,0.171527624
1232,0.607248545,0.790015936
1233,-1.460671306,-0.151624978
1234,1.176936150,1.019000173
1235,-0.150927573,0.098319173
1236,-0.226043373,-0.170379892
1237,-1.252799511,-0.461544782
1238,-0.451131791,0.350385189
1239,0.004932977,0.147388771
1240,3.143646002,-0.122283161
1241,1.705768824,0.382408828
1242,-0.073882744,0.183705509
1243,1.840801477,-0.271405548
1244,1.659696221,0.170544356
1245,-0.725702405,-0.129030406
1246,3.282160282,0.042707622
1247,-1.485786438,-0.114317298
1248,0.107627794,0.394525498
1249,-1.324643612,-1.817082167
1250,1.759903312,2.531936407
1251,-1.078165174,1.314260244
1252,-1.531623721,0.570716560
1253,-2.118072748,0.088127285
1254,1.125807166,1.032316566
1255,-3.125496626,0.713603020
1256,0.004814694,0.273382217
1257,0.538066804,0.872140169
1258,0.536848366,0.477324545
1259,-0.167880177,0.412398607
1260,-0.795542836,1.078514099
1261,-1.786108375,-0.774280667
1262,0.023963690,-3.669316292
1263,-1.248331785,3.914605141
1264,0.965650678,-0.769480646
1265,0.477427691,0.401048750
1266,-0.460559815,-0.313651681
1267,-1.348347306,-1.677513838
1268,0.637058973,0.117248736
1269,0.423695445,-2.169577122
1270,1.147621393,1.232995629
1271,-0.114259377,0.672122240
1272,-1.046916842,0.289385587
1273,1.447071671,0.207127690
1274,-0.057975736,-0.296074390
1275,-0.504045963,-3.208538294
1276,0.127085611,-0.212501153
1277,-1.852911472,1.233892560
1278,-0.890253544,-0.211513609
1279,0.223805875,0.174802333
1280,-0.716333508,0.703522682
1281,0.048694275,1.172461867
1282,-0.663806677,0.241048425
1283,0.963429809,1.609630942
1284,-0.066141412,0.398750722
1285,0.138982341,-0.193171561
1286,-0.399662048,-1.004149556
1287,1.487132549,-2.349209785
1288,0.937919974,-1.504510283
1289,1.502381206,0.081222527
1290,-0.667889118,-0.032505222
1291,0.200040281,0.478768110
1292,-0.954392791,0.402585387
1293,-1.360602975,-0.372250497
1294,-0.542949975,1.116303682
1295,0.354538500,-0.313194722
1296,4.305088997,-1.180431247
1297,0.510968745,-0.112584144
1298,-0.326278478,-1.309745550
1299,-0.325123936,0.227800757
1300,1.501821160,-1.083810806
1301,2.097402334,-1.164453983
1302,0.408268392,0.861545682
1303,0.164498121,0.708476067
1304,0.870161593,-1.789551020
1305,-0.408356130,1.070024729
1306,-1.600976825,-0.299690664
1307,-0.806950808,-0.938245654
1308,1.384899616,-1.608757257
1309,0.998192668,0.965624094
1310,-1.086343527,3.104681730
1311,2.274644136,-1.773282170
1312,0.830119133,-0.576695919
1313,0.486091673,1.608982563
1314,0.387726367,2.013208389
1315,0.907149851,-0.219881773
1316,1.216524124,0.041756272
1317,0.011330433,-0.325840950
1318,1.578181386,1.354698300
1319,1.948238254,-1.803735971
1320,-2.245511055,0.040311962
1321,0.888461649,0.058355451
1322,0.391035795,-0.914643884
1323,-0.638873577,1.199344039
1324,-0.582806230,0.835518241
1325,0.261824071,-0.206558764
1326,-0.134599313,-1.021726131
1327,-0.496051699,-1.074332118
1328,-0.251691014,0.094042912
1329,3.292685032,1.653902054
1330,0.091895700,1.615973234
1331,-0.525657654,0.452385455
1332,1.895648360,-1.825959206
1333,0.313788444,-0.793928564
1334,0.653946817,0.098764837
1335,2.823711157,2.950510263
1336,-0.819140315,0.792624414
1337,-2.183426619,1.405256748
1338,0.312606514,0.025981862
1339,-0.046792783,-0.110955611
1340,0.227880657,0.125823319
1341,-1.581407905,-1.884332895
1342,-0.297399670,-2.080070496
1343,2.196481705,-1.638122559
1344,1.000719786,-0.053327888
1345,-2.943120718,0.973125577
1346,-1.669289351,0.586380959
1347,-0.679385006,0.979276955
1348,2.418522358,1.411416054
1349,1.155884385,0.240833953
1350,0.342114180,1.104755402
1351,1.115948796,-2.147634983
1352,1.282656789,-0.369479746
1353,0.049023986,-0.158720911
1354,-3.205607891,1.711005211
1355,-1.278852344,-0.864254415
1356,-0.905885518,-0.387684226
1357,-0.741270900,-1.031239629
1358,1.345323682,-1.053889751
1359,0.089874797,0.259734869
1360,-0.766846359,0.200593814
1361,1.029895306,0.013910852
1362,0.198872104,0.442558944
1363,2.970705509,-0.725957751
1364,-0.508301735,-0.719624221
1365,-0.161415219,-0.376241416
1366,0.698665917,-1.116974711
1367,-1.337334752,-0.113270730
1368,0.777138591,-0.377828062
1369,0.577140868,-0.832627952
1370,1.433381557,1.497012854
1371,-1.392678142,-0.483239442
1372,2.399428129,2.372133017
1373,0.323089063,0.020456448
1374,-0.414972842,0.011893518
1375,1.114435554,2.310948849
1376,-0.102260210,-0.159528673
1377,-0.120020211,0.029341504
1378,-0.615463138,-0.863909960
1379,-0.140361741,0.616120994
1380,-1.440203786,0.045535192
1381,0.222133890,-1.447200179
1382,-1.364949226,-0.396387845
1383,-0.256057411,-0.058758914
1384,0.551808000,0.318216383
1385,1.088752031,0.510108590
1386,0.643450975,-0.724561691
1387,0.754019558,1.181097984
1388,-1.207823753,0.313042611
1389,0.038296975,0.639965534
1390,-0.975478172,1.053880930
1391,-0.155633479,-0.093383335
1392,-0.255811274,-2.059456587
1393,1.783735752,0.720306158
1394,-1.055432796,0.673851252
1395,-0.146239847,0.897376299
1396,-0.147687957,0.449426889
1397,0.423291087,-0.346586466
1398,1.004691839,-0.728836656
1399,0.391777754,0.296119064
1400,-0.024091244,0.443333656
1401,0.949396372,-0.575711429
1402,-0.489212602,-0.036516339
1403,-0.794506192,3.352035761
1404,-0.106619954,-0.749426007
1405,0.732743979,0.354347229
1406,1.061396837,-2.673513651
1407,0.092287064,-0.341085404
1408,-0.332900703,1.436943889
1409,1.505078673,1.806367278
1410,-0.903662086,1.970437050
1411,-1.949559331,-0.388360977
1412,-1.930486917,-0.785268188
1413,-1.382522106,-1.350066900
1414,1.688760519,-1.137228370
1415,0.246074900,0.334542602
1416,-3.320319176,0.680042624
1417,0.874183774,-0.028396551
1418,-0.171256557,-0.409908295
1419,-0.046036005,-2.716185331
1420,0.092684671,0.764438689
1421,-0.266140133,2.161219597
1422,1.317246795,0.631877303
1423,0.906022072,0.571619809
1424,-0.985835373,2.442508698
1425,3.540220499,-1.825006008
1426,0.412846506,-0.286336362
1427,-0.630182803,0.640856028
1428,-0.120888442,-0.103007182
1429,0.785128534,-1.988251448
1430,-0.852927506,-0.962048948
1431,0.297537804,-0.352711111
1432,-0.511058688,1.299721360
1433,0.673514903,-1.108132601
1434,-0.235205412,-0.887370169
1435,-0.015413042,0.220863104
1436,0.981888771,-0.980317473
1437,-1.953529596,1.890604019
1438,-0.253746897,0.791322351
1439,-0.515885115,0.163192213
1440,-0.828008652,-1.023808956
1441,-0.639766812,-0.674686134
1442,-2.261857033,-0.127534628
1443,-0.353398085,-0.330455661
1444,1.506330967,-0.265261084
1445,-0.791297138,1.154126167
1446,-0.564683080,-0.917895973
1447,0.672010541,0.556673408
1448,-1.558568001,-0.926867545
1449,-1.884223461,0.025055140
1450,-0.376847893,-0.078502297
1451,-3.297415495,0.145424366
1452,-1.679833531,1.209869862
1453,2.851452351,1.660010457
1454,-0.305858880,-2.039897919
1455,1.280831575,-0.041120201
1456,1.094203234,-0.750575483
1457,0.424016476,-0.523419499
1458,0.360116869,0.120104775
1459,-0.777630925,0.423727930
1460,0.595455408,0.828903854
1461,-1.550299525,-0.358630836
1462,2.032546282,0.077697456
1463,1.210967898,2.421519995
1464,-2.707375050,-0.146059990
1465,-0.928286076,-1.548074007
1466,-0.633615375,0.520688951
1467,-0.121869765,-0.270095915
1468,1.441561222,-0.026663013
1469,0.378373057,0.139384598
1470,0.665744364,-1.097249746
1471,0.235590413,-0.556590438
1472,1.380327582,-0.829113126
1473,-0.218226045,-0.392076731
1474,0.217005178,0.098809674
1475,-0.396862984,0.820037663
1476,1.728242159,-0.946852028
1477,-0.462053806,-1.299456239
1478,0.852214634,0.881663620
1479,0.515718699,-0.729811311
1480,-0.699707329,-1.605228186
1481,0.240628123,0.284171700
1482,0.273418128,-0.022974821
1483,0.938669324,-0.493073702
1484,-0.453497827,-2.805797815
1485,0.347737134,-1.198755860
1486,1.123387575,-1.686426163
1487,-0.034446359,-0.189192206
1488,-0.233347908,-0.782890499
1489,-0.445329189,-0.581754327
1490,-0.403876305,-0.543237150
1491,0.360991269,-0.146326035
1492,1.045246482,0.511152208
1493,-2.235994101,2.103113413
1494,0.415533602,-1.006144166
1495,-0.409501553,0.629617214
1496,-0.142162472,-0.432993591
1497,-1.879210353,-0.417862743
1498,-0.939356148,0.486053407
1499,-0.069858365,-0.215647042
1500,-0.016625464,-0.800442278
1501,1.496973753,-0.604851604
1502,2.718920708,0.671173275
1503,0.232565522,1.811769724
1504,-0.521332264,2.770954847
1505,0.147716671,1.902768373
1506,-0.233643770,-0.458736539
1507,0.070521556,0.732659101
1508,0.536839485,-0.066743061
1509,0.313382596,-0.284696758
1510,-0.171199083,0.031318527
1511,0.935965538,0.694843173
1512,-0.920871019,-0.518556595
1513,-0.079168648,-0.743725061
1514,-2.107731104,1.362612605
1515,0.342115462,0.740454197
1516,-1.559018731,-1.303900242
1517,0.028486526,0.181941584
1518,0.334097862,0.489195943
1519,-1.454434395,0.485800922
1520,-0.521824598,-1.330253839
1521,-0.762066424,0.157482445
1522,0.152676344,0.274105638
1523,0.428916842,-0.257426232
1524,-0.412963152,1.166757584
1525,0.364844382,-0.506148338
1526,1.145371914,-0.381737322
1527,-0.090237692,1.464080334
1528,-0.459464967,-0.406048328
1529,-0.961939454,0.057084441
1530,-0.887760401,-0.042826056
1531,0.541621447,-1.989511490
1532,-2.903767824,-0.348448962
1533,-1.753198862,-0.409495950
1534,1.050590992,-0.620408297
1535,0.467787266,1.545729160
1536,1.219517708,-2.565464497
1537,0.500370741,1.912567019
1538,2.338742256,2.325661421
1539,1.219513655,3.291055441
1540,-0.742159367,0.728813887
1541,-0.580164969,-0.606261730
1542,-0.516665578,1.478112459
1543,-0.787744403,-0.241584897
1544,-0.455124140,1.506261110
1545,-1.020247698,-0.502949178
1546,0.455282986,0.441348314
1547,-0.958517432,-0.734593213
1548,0.220350996,-0.221600637
1549,0.544967353,-0.321996003
1550,-3.495219946,0.024838805
1551,0.485380650,1.309864759
1552,1.072087049,1.143659592
1553,-0.652901292,0.066140771
1554,-0.122643694,1.274082899
1555,-0.574497223,2.419814110
1556,-2.154533863,-0.935385883
1557,1.484282970,0.420328796
1558,0.822419763,-1.050022364
1559,2.494025469,0.537957013
1560,2.621109962,-0.258726835
1561,-2.442822933,-2.066685677
1562,-0.370803982,1.265568256
1563,-0.143772334,1.369630337
1564,2.108765602,-2.431844234
1565,2.971454620,1.898484707
1566,0.298372775,0.568364382
1567,-0.503245056,0.574222445
1568,-0.525097847,-3.036356688
1569,0.612140656,-0.571166337
1570,0.684714317,2.152900457
1571,1.538615584,-2.899214506
1572,-0.161358058,0.518935978
1573,-0.272451282,0.351843178
1574,-1.431585193,-2.365235567
1575,0.146511614,0.454211354
1576,-0.013032317,-0.893895566
1577,-1.222210646,-0.363999784
1578,-1.473643780,-0.440160036
1579,-0.335592717,0.863521695
1580,-0.026687123,-1.109108925
1581,1.112913132,0.474754512
1582,-0.987813652,0.845672607
1583,1.155727148,-0.861267984
1584,-0.786639571,-2.168592453
1585,0.400186479,-1.569681883
1586,-1.112535238,0.966868758
1587,-0.324168503,-2.089195251
1588,1.549460769,0.120763272
1589,-0.574341536,-0.190030456
1590,0.511682451,1.043766618
1591,0.592878878,0.508275509
1592,-0.081905946,-0.147205472
1593,0.259957939,-0.642407715
1594,-0.393690407,1.084624529
1595,2.456745863,1.279370666
1596,0.717297792,0.999020457
1597,-0.976180136,-0.867067695
1598,-0.079848081,0.824410081
1599,-0.249844998,0.424826682
1600,0.177044854,0.157972902
1601,0.834540606,-0.832406998
1602,-0.809103549,-1.060988903
1603,-0.355956405,-0.515852928
1604,-0.800154209,-0.625004053
1605,0.959337711,-0.131509185
1606,1.232914448,2.340373516
1607,-0.612879157,-0.189320430
1608,0.651638865,-0.538213313
1609,-0.143528089,-0.428022027
1610,0.814223468,-0.062670238
1611,-0.736788273,-1.069731355
1612,-0.479142547,-0.299699247
1613,0.873868704,0.650498986
1614,0.036442704,0.187040657
1615,-0.809291422,-1.781307697
1616,-2.625315189,-0.528059721
1617,1.430207849,-1.378329515
1618,-1.652417541,-0.903974712
1619,-0.652393460,0.664553642
1620,-1.474592209,-0.154852390
1621,-0.217884302,0.329320759
1622,0.900695562,0.272755563
1623,0.139814645,-0.201417714
1624,1.789658785,1.573639870
1625,-0.397400439,0.049382098
1626,-1.616027355,-1.925871849
1627,1.802547336,0.804567337
1628,-2.163995266,-0.588241398
1629,0.131492734,-0.620952964
1630,-1.308815479,-0.457297146
1631,-2.064644337,0.778429151
1632,0.719354868,-0.102120541
1633,-0.112954438,0.014780939
1634,-1.294268847,-1.088674307
1635,0.460763514,1.546192527
1636,2.087133646,3.314785957
1637,1.370161533,-0.547556341
1638,0.951608121,3.641637802
1639,-1.092274189,0.135847151
1640,-0.293776035,-3.307788372
1641,0.279314995,0.227968007
1642,-0.239876986,0.575207353
1643,-0.358004570,-0.569019914
1644,-0.313159108,0.442583829
1645,-0.434025526,1.206188560
1646,-1.203104734,1.141735554
1647,1.228077054,-0.039196815
1648,-1.032039762,0.491108119
1649,1.574931622,-1.147284031
1650,0.715159714,-0.493726492
1651,0.144825459,0.519577265
1652,0.726353943,-0.782928050
1653,-0.797218680,0.574051201
1654,-0.110544831,-0.622203946
1655,0.192355871,-1.496648312
1656,-0.439532995,0.277099550
1657,-0.305018425,-0.069696337
1658,-0.701942861,-0.870957851
1659,0.580712020,1.030847907
1660,3.646713018,0.302087605
1661,1.031549573,-0.332482457
1662,0.923647344,-0.053363368
1663,-0.112084627,-2.043507576
1664,-0.195618272,-1.280152798
1665,2.209020853,-1.167940736
1666,0.405974895,-0.185472831
1667,0.001954716,1.848337889
1668,0.416909933,-0.601074457
1669,-0.745981514,1.177164793
1670,0.183279991,-0.253214836
1671,-0.168322444,-0.021945711
1672,2.268166542,-1.192230344
1673,-0.372292370,-0.597385168
1674,-0.164940029,-0.372775257
1675,0.832297087,-0.561681211
1676,-0.270216227,-0.116571575
1677,-1.049208760,1.036222935
1678,0.055397484,0.022833260
1679,-1.158908963,0.433898270
1680,-0.277243912,-0.846544027
1681,-0.342263132,-0.088101216
1682,1.412554026,1.370684028
1683,-0.402893990,0.390495121
1684,0.193749502,0.428081691
1685,1.069578290,2.013579130
1686,-1.705811024,0.816239119
1687,0.053298995,-0.156995490
1688,-0.019478083,-0.585210562
1689,-1.076423526,0.210934639
1690,-3.927725315,1.756097555
1691,-0.751685977,-1.028627753
1692,2.602517128,-1.145967841
1693,-0.615509868,-0.491285503
1694,0.093209989,0.609130502
1695,0.926222861,4.981626511
1696,-1.069742680,-0.821498215
1697,-0.217868060,0.447826684
1698,-2.047750711,0.897138715
1699,0.325476468,-0.169533119
1700,0.963720441,3.082684994
1701,0.365801334,-0.386327505
1702,-0.742860258,-0.885858417
1703,-0.234958798,-0.125682116
1704,0.638676167,-2.528797150
1705,-1.999009252,0.947618961
1706,0.781874955,1.920451641
1707,1.128791332,0.304632515
1708,-0.539258540,-1.579506040
1709,1.696325302,-1.049725652
1710,-0.196998045,-1.457968354
1711,-0.164448380,0.052767776
1712,0.210037708,-1.209344387
1713,0.459313780,0.328611076
1714,3.250891209,-1.108429313
1715,0.214988917,-0.555144489
1716,-0.126618832,-0.156104326
1717,-0.247373283,-1.689960003
1718,-1.172906160,0.434473932
1719,0.634537399,-1.112633467
1720,-0.584227026,1.340092778
1721,-0.874535561,-0.156330511
1722,1.126456499,0.228057012
1723,0.322600722,-0.277783245
1724,-0.625117004,-1.435862303
1725,-0.030976072,-0.556950688
1726,2.008726597,1.298068047
1727,0.508434653,-1.069289565
1728,0.330008447,0.136326760
1729,-0.095941737,-0.111131303
1730,-1.517105579,-1.389358878
1731,0.254234016,0.058869749
1732,-3.025848866,-2.853024721
1733,1.183779597,-2.209813595
1734,2.025882006,-0.202189177
1735,-0.642921627,1.174082398
1736,1.424518704,0.241906941
1737,-0.765254140,1.208702087
1738,-1.031872392,0.984617710
1739,-0.609057426,1.473212004
1740,-0.204571962,1.210195303
1741,-1.459561467,-0.630821228
1742,-1.720872402,1.669780970
1743,-0.398238868,-0.535150468
1744,0.637285829,-0.136746660
1745,2.567569733,-2.765913486
1746,-0.174200982,0.169620022
1747,-1.282621622,2.074998856
1748,0.302512884,0.213518679
1749,0.531812549,0.222278506
1750,0.054474473,-0.378373712
1751,0.566209972,0.141655773
1752,-0.086303234,-0.773152828
1753,0.255410969,-0.681501091
1754,0.097544521,3.264413118
1755,1.051294804,0.449977994
1756,-1.251838803,-1.298221588
1757,-0.502656758,2.561424494
1758,-0.251096517,-0.784397900
1759,0.266584069,-0.603248358
1760,-1.447907805,1.745215893
1761,1.146477818,-0.924940586
1762,0.148445964,-0.181784675
1763,1.185659170,-0.651835442
1764,-2.087394476,-0.542783499
1765,-0.351423293,0.344657660
1766,0.077073023,0.947828948
1767,-1.159415722,0.919741750
1768,3.449927568,-0.404583246
1769,-0.092165112,-0.191649020
1770,-1.352616787,-1.788775802
1771,-2.221405506,2.076271772
1772,1.676452398,0.896432579
1773,0.096857578,-0.123341098
1774,0.573992193,2.184695721
1775,3.607565165,-1.141597271
1776,-0.498501241,0.249446496
1777,0.845869005,-0.829372704
1778,0.756609321,-0.656213999
1779,-0.388889551,-1.032258987
1780,-0.687590837,2.521099806
1781,-0.319420606,-0.412829280
1782,0.093549013,0.453464270
1783,-0.438031286,-1.073853254
1784,-0.708682775,1.029617310
1785,0.741014004,0.630159795
1786,-0.141896963,-3.327786922
1787,1.293510079,-2.197134256
1788,-0.559213281,-1.300767183
1789,1.863231063,-0.689819276
1790,-0.662409961,0.135146111
1791,-0.803202152,-1.172706723
1792,-0.134618998,-0.039933458
1793,0.099494696,-3.283310890
1794,0.810922384,0.647124290
1795,0.615304351,2.064125776
1796,1.468071222,1.086385131
1797,0.844504952,0.278064460
1798,0.795807421,0.651254296
1799,1.094944954,-0.589180171
1800,-0.637191355,0.302608013
1801,-0.205405504,-0.223121643
1802,-0.547758400,0.021246850
1803,-1.118866563,1.552780986
1804,-0.431723177,-0.589408100
1805,0.707042575,0.645301938
1806,0.408885360,1.475185513
1807,-0.329468966,-0.365646154
1808,0.054014646,0.315627366
1809,0.010908469,0.436800450
1810,0.467490435,-0.904294014
1811,-1.102492213,-1.373834252
1812,-0.069433555,-0.194294289
1813,0.037011985,-0.172400951
1814,1.376389265,-0.939194798
1815,-0.129887998,-1.058859229
1816,-2.193024874,0.919218004
1817,0.987333059,-1.688380361
1818,-0.274910092,1.099474192
1819,-0.216737568,-0.356637061
1820,-1.071399450,0.782188952
1821,1.126516700,0.309851617
1822,-0.077767067,0.771613419
1823,1.261493564,1.219473004
1824,-1.183492780,-0.126393035
1825,-0.167797804,0.148473591
1826,1.522422552,1.054186463
1827,-1.887704730,-1.111504316
1828,0.519751370,-1.292050600
1829,0.235348314,0.457155049
1830,1.995248199,0.063415632
1831,0.624270499,1.446372151
1832,1.269603252,-0.924866557
1833,0.370707214,0.504490495
1834,-0.241606474,0.531721234
1835,0.322237730,-0.355024278
1836,-2.113542318,0.759334683
1837,-0.699632287,-1.635243893
1838,-2.170704365,0.459684730
1839,-0.282659709,-0.334607840
1840,-0.213234484,-0.897073388
1841,-0.887957990,0.577773213
1842,-0.772532403,0.013485789
1843,-0.860934794,-0.314185023
1844,-0.499665141,-1.188047647
1845,0.395475775,2.114341736
1846,-0.216335863,-0.257405400
1847,-0.980416894,0.376429200
1848,-3.292504311,-1.524556160
1849,1.363164067,0.538636148
1850,-0.037214994,-0.364984512
1851,0.430081785,0.498857558
1852,0.020962693,0.603186250
1853,-0.421548069,-0.222779512
1854,-0.729152322,-2.745704651
1855,0.351928741,-0.026111338
1856,-0.878348053,-0.231990948
1857,-1.133158445,-1.732933044
1858,0.246473253,-0.787697017
1859,-2.112762928,2.035735846
1860,0.927432060,0.280503273
1861,0.505326748,-3.171049595
1862,-0.194718093,-1.242315173
1863,1.380635142,-2.439882040
1864,0.247525424,0.540728867
1865,-1.380060673,-0.828153491
1866,-1.403915644,-1.732236624
1867,-0.448113859,0.562211335
1868,-0.274100840,-0.091543168
1869,1.401613951,-1.277744055
1870,1.176584601,-0.404445887
1871,-0.316090912,0.243799657
1872,0.025705665,-1.405991673
1873,0.429607451,-1.358220458
1874,-0.732568145,0.276204348
1875,-0.369412035,3.203013897
1876,-0.284640104,-0.262189895
1877,0.501905620,0.824452758
1878,-1.646469116,0.229706287
1879,0.745831907,0.881598592
1880,-0.240358815,0.098490462
1881,-1.555761218,1.089412808
1882,-0.359774441,-0.339868367
1883,0.116791606,-0.265752733
1884,-0.991944730,0.462327421
1885,0.510019541,0.002777100
1886,-1.053820014,-0.961859286
1887,-0.905656159,0.229003012
1888,-0.323450297,2.130249500
1889,0.200185061,-0.362525403
1890,-2.483550787,1.466725230
1891,-2.458240509,-0.683245242
1892,0.327978849,-1.606106877
1893,0.647671700,0.437214017
1894,-0.651733518,-0.292271018
1895,1.065944672,-0.936092615
1896,0.402809381,0.427374035
1897,-0.412440181,-0.295022875
1898,-0.561149478,-2.401174784
1899,-0.887793720,0.278362513
1900,-2.447417736,1.319066882
1901,2.427783489,0.346318185
1902,-1.125257492,-1.132081628
1903,-0.658573329,-0.093344286
1904,-2.050889015,-1.090559363
1905,-0.130678639,-0.331895530
1906,1.328400731,-0.980762780
1907,-0.476940125,-0.172748864
1908,1.275409341,-0.123317637
1909,0.894202709,-0.649839818
1910,0.153969973,0.739334285
1911,0.083069012,0.117372163
1912,0.443141729,-0.076965533
1913,0.377439767,-0.602931738
1914,-1.675436616,0.313408315
1915,-0.864376724,0.797866225
1916,0.739910424,0.666921496
1917,0.805013478,-0.023551356
1918,-0.142113507,0.949294567
1919,-0.083485648,0.895516634
1920,1.398588181,-1.069033742
1921,0.338031530,-1.802062750
1922,-1.329429030,0.638682008
1923,-0.816467524,-0.106997475
1924,-0.256402016,-0.106731609
1925,0.666402280,0.221010387
1926,2.890963554,0.657448351
1927,-0.218974903,-0.052869264
1928,0.505521297,1.817452073
1929,0.413939059,0.037975773
1930,-1.389372945,-0.564680099
1931,-0.991611838,-1.471202850
1932,2.077609301,1.915833950
1933,0.735688806,0.427804887
1934,-0.117574811,-0.788395405
1935,-1.628804088,2.480236530
1936,-1.138758063,1.429028273
1937,-1.201800823,0.085475266
1938,1.151401758,0.333200097
1939,-0.643335164,-0.475057244
1940,-0.252521485,0.339274108
1941,0.580734611,-0.938397467
1942,-1.541531324,-0.385913074
1943,1.067997217,1.147586226
1944,-1.085580707,0.191774756
1945,1.486590028,0.929392934
1946,0.533927143,0.480504960
1947,0.472400993,-0.237904981
1948,1.389528275,0.875579357
1949,2.443487406,1.165207982
1950,1.592810631,-1.501721859
1951,-0.098607719,-0.151251420
1952,0.249066651,1.401694059
1953,-0.288447917,0.632985771
1954,1.525982618,-1.021393657
1955,-1.812209845,1.437305093
1956,-1.343190312,-0.888632953
1957,0.815290153,1.830538511
1958,-0.399189651,-0.315410167
1959,2.535179615,0.700890541
1960,-0.309515893,0.081918485
1961,0.135360956,-1.635614514
1962,0.103858083,-0.912522912
1963,-0.565394700,-0.048976466
1964,-0.353712320,-0.414009392
1965,0.395359159,1.191893220
1966,0.204954192,-0.211807936
1967,1.042347789,2.123597145
1968,0.311207831,-0.709433496
1969,-1.482190251,-0.320255518
1970,-0.714745224,1.320585966
1971,-0.179090068,0.684216321
1972,-0.026963711,-0.503502607
1973,-0.538536072,-0.926000476
1974,-0.768456936,0.972003877
1975,2.693589449,-0.778001904
1976,-0.124000892,-0.154518217
1977,-0.842366576,-0.486054599
1978,0.129155457,-2.328915119
1979,-0.070402913,1.441838980
1980,-0.658675015,-0.850633502
1981,-0.661679447,1.151974320
1982,-0.886086822,1.159475923
1983,-0.631885350,0.426996350
1984,-1.246054411,-0.099357039
1985,0.065028459,-0.503805995
1986,3.136754036,1.042908072
1987,-2.040127277,1.804652452
1988,-0.106764346,0.824210823
1989,-0.064419471,0.304931760
1990,-0.895528495,-0.495387197
1991,0.174367607,0.262958556
1992,0.458754152,0.658553064
1993,0.892009616,-2.521272182
1994,0.004128531,0.032452703
1995,-1.054551244,-0.232278585
1996,0.745589137,0.074442685
1997,0.304162383,0.478179395
1998,0.277493119,0.104331128
1999,-2.445471525,1.014384031
2000,0.664019644,-0.202828452
2001,0.909892976,-0.828844249
2002,-0.903418243,0.403473079
2003,-0.825040162,-1.331559896
2004,0.385191441,0.104146063
2005,0.107708275,-1.381274939
2006,0.062024117,-0.085848570
2007,0.743407845,-0.653992951
2008,-0.815198421,-0.126303345
2009,0.520606160,-0.712661028
2010,-1.781707883,0.695736468
2011,-1.050788641,0.101225868
2012,-0.118839473,-0.591853976
2013,0.295767516,0.661960423
2014,-1.324485540,1.999980807
2015,2.057684183,-2.934981585
2016,0.307866037,-0.861872435
2017,-2.304370165,-0.250697374
2018,-0.627402425,-0.361293197
2019,0.622195184,1.634189487
2020,1.199903607,-2.413584232
2021,-0.396196425,0.191671237
2022,0.259994745,-0.383019596
2023,0.840309858,-0.314814597
2024,-0.897838175,-1.068228483
2025,2.204408407,2.718945980
2026,0.348656356,0.949369133
2027,-0.023148030,-0.330502182
2028,-0.613153338,0.280558586
2029,-1.084528923,-0.486349404
2030,-0.024413541,0.168727279
2031,1.310713053,-1.541362405
2032,0.350697696,-0.162069455
2033,0.273875773,-1.082356334
2034,1.746575832,0.134436905
2035,0.929094195,-2.011770487
2036,0.656584442,-0.675240815
2037,-4.699168205,-1.467657566
2038,-0.995281756,0.151131973
2039,0.398162097,-0.090555005
2040,-0.091368198,-0.173265815
2041,0.590675294,-1.939612269
2042,-0.976990461,0.058440149
2043,0.305396348,0.478974104
2044,-0.262039959,0.208343074
2045,0.089106590,-1.200331688
2046,-0.805169582,-0.184103221
2047,0.096130230,-0.579756200
2048,-0.145942762,0.254081398
2049,-0.200150728,-2.767582417
2050,0.539364755,-0.610049605
2051,0.863888621,-1.265999794
2052,0.134705037,-0.157121524
2053,0.377529144,0.355773509
2054,-0.160906836,0.142375857
2055,0.538910210,5.048689842
2056,0.848042548,1.453416824
2057,0.313003182,0.884729385
2058,-0.011631012,-1.698819518
2059,-0.814184308,-0.328275770
2060,2.186463356,-1.141656399
2061,-2.060511112,1.281250715
2062,0.389034748,-0.336304188
2063,0.299504638,0.088993676
2064,-0.533907115,1.296938419
2065,-0.723839998,-1.334558606
2066,-1.564211488,1.429815054
2067,1.655936241,1.145164847
2068,0.239053130,0.265092194
2069,-0.714695096,-1.011486888
2070,-0.560307562,1.131890893
2071,-1.795464754,-0.784656227
2072,0.782294989,0.358219445
2073,-0.946361661,1.617039442
2074,-0.396428525,-2.318030119
2075,0.025440378,1.073493600
2076,-0.812006950,-0.431603909
2077,-0.972151101,0.673741281
2078,0.037831254,0.577731550
2079,-0.203760475,0.630159259
2080,1.910088181,1.108748198
2081,-0.192182004,2.190646172
2082,-0.727625430,-0.795119047
2083,0.091132089,0.187967286
2084,-0.221313685,0.233972162
2085,-0.338561028,0.343305379
2086,-0.951330900,1.716533899
2087,0.223167390,-0.295891434
2088,-0.619822085,-1.641769648
2089,1.352271438,-1.064483643
2090,-2.036057472,-1.057739258
2091,0.090701163,-0.484454930
2092,-2.809545040,0.362718761
2093,-2.161211729,1.054230571
2094,0.683039427,0.911424816
2095,-0.086644523,0.223002136
2096,-0.129599795,0.901550651
2097,1.415682554,-2.008861542
2098,-0.558474123,-0.420160264
2099,1.870474815,-0.894399285
2100,-0.037299618,1.548153281
2101,-0.210291684,2.501642704
2102,1.957226992,0.029704690
2103,-0.705488682,4.740765095
2104,-0.492989600,2.043968678
2105,2.443606615,-0.104303434
2106,-1.159248352,1.525382519
2107,-0.623782575,1.251804709
2108,-1.347352386,0.538428068
2109,0.540348768,-0.016393200
2110,0.115832523,2.503445148
2111,-0.088227227,1.114159226
2112,-0.631727636,-0.104874626
2113,0.470045209,-0.939504921
2114,-0.271208882,0.993887544
2115,0.590158582,-0.737576008
2116,0.501551330,-1.203810573
2117,-0.627030313,-2.148923874
2118,0.050295711,-2.882029057
2119,-1.461371541,1.000406623
2120,2.079735994,0.123616174
2121,-2.924957752,-0.900359213
2122,-0.225100487,0.563625515
2123,-0.058986269,3.004093885
2124,-0.615277648,0.376012683
2125,0.981766939,-0.405041337
2126,3.073414564,4.270964146
2127,0.017121941,-1.018003941
2128,1.188526154,-0.642806590
2129,-1.389593601,0.022934020
2130,0.976076126,-1.314391494
2131,0.886408150,-0.636794329
2132,1.418088436,1.055643797
2133,-0.885398149,0.400453329
2134,-0.764985025,0.236694127
2135,-2.424740791,-1.504181862
2136,1.255574942,-0.869064748
2137,2.581899166,1.754526615
2138,1.637093306,-0.155051917
2139,-0.343069434,-0.125443265
2140,-2.172848463,0.300603449
2141,-0.129141480,-1.051160097
2142,-0.906149745,0.579497218
2143,0.351732969,-0.042388182
2144,-2.907496929,-0.356624424
2145,-0.842321634,-0.019798949
2146,0.234993011,-0.116091497
2147,0.460436761,0.610449433
2148,0.130692646,1.911307096
2149,2.320178509,-1.272133470
2150,-0.793548882,-2.483527422
2151,0.013804141,0.599431574
2152,-1.249097109,-0.236268833
2153,-2.631372213,-1.382280707
2154,-0.440902412,-0.718957841
2155,1.470766187,2.169203758
2156,0.802897513,-0.146608591
2157,0.089288473,-0.644268692
2158,-0.149147317,-0.495495975
2159,0.969524503,-1.974468350
2160,0.300986350,0.607994556
2161,-0.075309440,1.029237032
2162,0.954294145,0.386882097
2163,2.291368008,1.505792022
2164,-0.083130747,1.020233274
2165,0.231272936,1.184141874
2166,-0.506879091,1.647720695
2167,-0.709718466,-1.420734525
2168,-0.424517870,0.274320692
2169,-2.474113941,0.099725723
2170,1.485767484,-2.178387403
2171,-1.549861073,1.314016342
2172,0.649322987,-1.615293741
2173,-0.155637696,0.264080435
2174,-0.594121635,1.563609481
2175,1.184792757,2.889395714
2176,-0.605544209,0.323629975
2177,1.234771013,0.800263345
2178,-1.189420223,0.722065389
2179,-0.080245942,-1.229788184
2180,0.451011419,-1.121052146
2181,-1.132230997,-0.631774366
2182,-0.551759481,-1.771873593
2183,-0.908535480,-2.280460835
2184,1.541694999,1.759570360
2185,-1.526871800,4.821307182
2186,-0.724144399,0.696044683
2187,-0.505418539,-0.768424094
2188,0.120435894,0.321096748
2189,-0.090205051,0.243917689
2190,0.779298723,0.681869507
2191,0.442110270,0.411630243
2192,-0.869751930,0.300471067
2193,-3.150165319,-2.479334831
2194,-1.406932712,-0.605311751
2195,-0.100997180,-0.234486997
2196,0.727005482,0.037759088
2197,-0.699999809,0.228518605
2198,0.890897095,0.094803005
2199,-1.072573781,-1.908949614
2200,-1.482520461,0.467031747
2201,-1.112898827,-0.420184463
2202,-1.064795017,-0.642178297
2203,0.474494696,-0.041827012
2204,-2.267394543,0.441928059
2205,-2.246433258,0.411179483
2206,1.116875410,1.322930217
2207,0.820406556,-0.942624986
2208,-0.635874510,-0.001797974
2209,-1.805005074,0.131016374
2210,-3.070372820,-0.011738181
2211,-0.506402612,-1.062835813
2212,0.531307518,3.067625046
2213,-0.753936708,0.140956551
2214,0.074833453,-2.034126282
2215,0.876672387,-0.889437318
2216,-0.042213894,0.699995756
2217,-0.276342213,0.267963111
2218,-0.920720994,-1.946127653
2219,-0.450041115,-1.159275413
2220,-0.768719673,-1.054790497
2221,-0.702026844,-1.772642732
2222,-0.926251829,2.183051586
2223,-0.163036704,1.777383566
2224,1.793313742,-0.046021372
2225,-0.649469316,0.436302841
2226,-0.370875895,-1.205929279
2227,0.438992381,0.135977149
2228,0.054587908,1.547049880
2229,-1.288141131,-0.531304836
2230,0.267782599,0.054479107
2231,1.083272219,2.876554966
2232,0.467352241,1.403418422
2233,0.131094590,0.025514787
2234,0.277686834,1.416281700
2235,0.173464179,0.112626046
2236,-0.551285386,1.128010273
2237,1.657759190,1.130160093
2238,-2.160378933,-0.799260437
2239,-0.871045232,1.369094372
2240,0.784620583,0.904533505
2241,0.286092460,0.718049705
2242,0.373296052,-0.023875888
2243,0.530094981,-0.322196066
2244,-0.714046836,0.320916355
2245,-0.375901043,-0.041278750
2246,-0.873383701,1.371817470
2247,-3.155682087,-1.880438805
2248,2.072554588,-3.928421259
2249,-1.029126167,-1.399398923
2250,1.975380182,-0.614363968
2251,1.654353976,2.310119629
2252,-1.171825290,1.876083255
2253,0.053336337,0.424046516
2254,0.290041119,0.015221724
2255,-0.120859027,-1.517523050
2256,0.051508103,0.926720560
2257,-0.261858463,-0.486708641
2258,0.192881629,2.152386189
2259,0.992011428,0.796314776
2260,1.132224321,0.203569055
2261,0.667034507,1.324800968
2262,2.334520340,-0.090915218
2263,-1.209880114,0.368546098
2264,3.239856720,4.984151840
2265,0.850609124,0.454925418
2266,1.252328157,0.694752276
2267,0.809178710,-0.032028444
2268,-0.799094915,-1.210291624
2269,-0.247175276,0.465411127
2270,0.766443491,0.199098244
2271,0.407229841,0.330787569
2272,-2.326268435,-1.279701471
2273,-0.270491362,-0.470749259
2274,-0.958991528,-0.295097709
2275,-0.221199542,-0.169337124
2276,0.539038181,0.653917968
2277,1.492447853,0.122498639
2278,1.779137611,-0.356878966
2279,2.505889416,0.524471700
2280,1.196726799,-1.267519116
2281,0.256817460,2.248255968
2282,-0.240236223,0.242778540
2283,-0.954146743,2.033407211
2284,0.801477313,-0.073078424
2285,3.406830311,-0.953070998
2286,-0.897685170,0.436408281
2287,0.058699187,-0.141428232
2288,-2.001287222,1.030589581
2289,-0.315479249,1.015232921
2290,-0.378620207,-0.539823890
2291,-0.223375440,0.242599845
2292,0.960140944,-2.558293581
2293,0.807474315,0.528076112
2294,1.719814420,0.030680537
2295,-1.575296998,-0.412492633
2296,-3.550089836,1.340992928
2297,-0.241943449,0.119205706
2298,1.264184356,-0.746925175
2299,2.132156372,-2.675559282
2300,1.011619687,-0.604660928
2301,-1.710116148,-3.770253658
2302,-0.057013337,-0.233227640
2303,1.372620344,0.251566350
2304,0.150635332,-0.033544518
2305,-0.153811261,-0.321600169
2306,2.191698074,1.945730567
2307,0.266638696,-0.093402848
2308,-0.320744932,-0.008374833
2309,1.004298091,-3.690365553
2310,-0.900940120,2.267711878
2311,0.512001753,-0.662138939
2312,1.154165030,-0.144052014
2313,-0.844497740,-0.215486392
2314,0.224935651,-2.768820524
2315,0.109324411,-0.218704090
2316,-1.394017458,-0.449251056
2317,-0.270152867,-1.295261860
2318,3.056925058,0.614063859
2319,-1.213101983,-1.107896805
2320,0.443171442,1.191214442
2321,0.898382068,2.416955233
2322,-0.204048797,-0.390085578
2323,0.279206246,0.987726152
2324,-0.436096847,-0.949692428
2325,0.305472165,-0.214906916
2326,-0.209078848,0.012197226
2327,-1.609578609,-0.855584204
2328,-0.414310217,-0.669810295
2329,0.210248858,0.211578444
2330,-2.549371719,-3.284715176
2331,-0.700829506,0.159013256
2332,-0.573284447,-1.204099536
2333,0.548009634,-0.007231791
2334,2.190063953,-0.521937966
2335,1.114295959,0.197883502
2336,0.155140251,0.312182188
2337,-0.283533782,0.952964902
2338,0.317047507,0.858756185
2339,-0.135731325,-0.767897010
2340,0.579147041,-0.414487779
2341,-1.295049310,-1.770248890
2342,-0.705329418,0.959600329
2343,-1.005584717,-0.019350618
2344,0.629991949,-0.691993415
2345,3.051889181,-0.161135927
2346,0.171722487,-0.005105760
2347,-0.286648959,-0.857232869
2348,0.006524442,1.347790480
2349,0.392892957,1.562490225
2350,-0.162385076,0.066951580
2351,0.022094533,0.193899244
2352,-2.395101786,1.519167662
2353,0.361245275,0.103108376
2354,0.318337560,-0.149983317
2355,1.116669893,-0.476347387
2356,-1.246148467,0.251433402
2357,0.043912202,-0.413853526
2358,-0.850798011,-0.140487000
2359,-0.204971328,-0.055299014
2360,-0.968779325,-0.709950686
2361,-1.763022900,-1.436518669
2362,-0.679564357,-0.196773559
2363,-2.152785540,-0.238354743
2364,-1.460866332,-0.661165118
2365,1.640131593,0.255561113
2366,-2.514053345,-1.117372274
2367,-0.957590342,-1.261616468
2368,0.000919342,-0.372592032
2369,-0.561077893,0.070982158
2370,-0.729057133,0.260941148
2371,-1.046158433,1.028613806
2372,0.203889370,-2.662236691
2373,0.289265752,-0.080386341
2374,0.581777811,0.864003479
2375,-0.094219483,0.746017158
2376,0.533836842,-0.626649618
2377,1.266280651,-1.470304132
2378,0.392298102,0.588929892
2379,1.235602975,1.114185810
2380,0.986588895,-2.141094208
2381,0.291947007,-0.091781095
2382,-1.349815607,1.286518693
2383,-0.108950377,1.178596973
2384,-0.328612804,-0.660428166
2385,-1.188082933,0.231975913
2386,-0.404533267,-0.541533649
2387,-1.069618344,2.632524014
2388,-0.389999509,-1.419360399
2389,-1.687888861,-0.679741740
2390,0.382851511,0.708418608
2391,0.361750901,0.164587528
2392,0.996529698,1.830978751
2393,1.967324734,1.812515736
2394,1.510692596,-0.773873150
2395,0.356342316,-0.918384314
2396,-0.128046826,1.294082403
2397,0.342746943,-1.984808922
2398,-0.406246543,-0.456267506
2399,-0.282173276,-1.241752744
2400,-1.356348515,-0.562843561
2401,-0.006366491,-0.662000358
2402,-1.137469172,-0.331615478
2403,0.531745791,-2.196976185
2404,-0.814556301,1.119855404
2405,-1.764269352,0.221913874
2406,0.585944116,-0.271234900
2407,0.029316425,0.415989280
2408,-0.509307861,-2.293554068
2409,-1.439676642,-1.089947343
2410,1.867806077,1.204996347
2411,-0.157229364,-0.332668573
2412,2.325997353,-1.641290903
2413,-1.341273665,3.669750214
2414,1.120826364,2.398765564
2415,-1.119167328,0.576216459
2416,0.958730996,-2.459506273
2417,0.092301033,-0.434426814
2418,-0.054623723,0.338478148
2419,0.748609602,1.053825498
2420,0.920596063,-0.816811681
2421,-1.847341537,1.830782056
2422,-0.352386445,0.865946114
2423,-0.233504251,0.686002135
2424,1.499324322,2.332446814
2425,0.566297531,-2.151916981
2426,-2.748755455,0.363693297
2427,-0.679897189,-1.011565566
2428,-0.040682465,0.062958218
2429,0.585286319,-0.036188126
2430,-0.679544568,-0.201814950
2431,0.109898455,-0.117603794
2432,-0.870658696,0.084264755
2433,2.202243805,-1.994365573
2434,-2.214144468,-0.551348209
2435,0.054392301,0.309090912
2436,0.607413709,-1.276939988
2437,1.633495927,-0.257433683
2438,-1.645594239,-1.075392962
2439,-1.688747525,0.772068381
2440,0.897133470,-0.278223395
2441,-0.161758304,1.407998085
2442,0.751388788,-0.366988450
2443,-0.266909927,-0.663656652
2444,-2.398230314,-2.462655067
2445,0.848807037,-0.031978779
2446,-0.380873084,0.104760215
2447,-0.935599029,0.938923240
2448,0.216696486,0.053627193
2449,-0.442885429,-0.205836430
2450,1.749127507,-1.140262008
2451,-1.183307052,-0.329050839
2452,0.362201244,-0.787238419
2453,2.300025463,-1.902977467
2454,0.721010387,-0.265042245
2455,0.786312222,0.181967735
2456,0.598079562,-0.285378575
2457,-0.113390744,0.628906786
2458,0.185847431,-0.373639971
2459,0.839825988,-0.271771669
2460,0.584442377,1.043675423
2461,0.528972745,0.639622688
2462,1.171832204,-1.175631523
2463,0.351170748,-0.961414218
2464,0.809064388,-1.337092042
2465,0.819250822,0.382213563
2466,-1.125957489,0.757272005
2467,0.342764825,0.499577969
2468,0.161817640,1.683881640
2469,1.795130730,-4.519743443
2470,0.192713529,-0.856223166
2471,0.090148032,-0.187364370
2472,0.134494245,-0.146044895
2473,0.155183911,-1.412331700
2474,-1.521872163,0.398710370
2475,1.525059700,-1.552770615
2476,1.309164286,0.407498121
2477,-0.203320056,0.562185526
2478,-1.094195604,-0.619741917
2479,-2.001950502,0.077539921
2480,-0.087500840,-0.232768834
2481,2.557411909,0.182642907
2482,-0.507335544,-0.055824116
2483,-4.340401173,2.000647545
2484,-1.803118110,1.868511081
2485,0.781119525,-1.879809856
2486,1.723243237,0.384367079
2487,-0.024617739,0.798537135
2488,0.177832529,-0.157453477
2489,-0.935072303,1.770636320
2490,0.882044196,-0.564184189
2491,0.266492188,0.253927648
2492,0.078267455,0.107970417
2493,0.332562923,-0.007096881
2494,0.575562537,-0.583801329
2495,1.640005589,1.661690712
2496,-1.009290457,-0.295818448
2497,0.173782021,-0.295274496
2498,0.961866736,1.403146386
2499,1.472925305,-1.030234337
2500,-1.419028282,-0.431910813
2501,2.912150621,-1.052121401
2502,0.185032755,1.027380943
2503,0.849775136,1.415347457
2504,0.918942928,0.211952627
2505,-0.417852014,0.290961385
2506,1.563386202,1.820421219
2507,0.061045825,0.186871931
2508,0.219996721,-1.025957584
2509,-0.613200486,0.380241722
2510,-0.789270937,0.374234229
2511,2.190744877,0.017742820
2512,-1.118847370,0.724218011
2513,-1.061086297,0.484866709
2514,1.195062637,-1.265841246
2515,0.017444829,-0.230940744
2516,-0.673964620,0.120414481
2517,-0.628736198,1.229527473
2518,-1.000283122,-1.158274889
2519,-1.643676162,-0.860452712
2520,1.061217666,1.464723945
2521,2.625596046,1.138451219
2522,3.624314785,-0.008924097
2523,1.093712091,0.984860718
2524,-0.500000894,0.720799327
2525,0.068075299,-0.140713096
2526,0.355508417,0.504486799
2527,0.358819932,-1.158923268
2528,-1.224312782,-0.740554094
2529,0.193607628,-0.586196125
2530,2.213263988,-1.478956461
2531,-0.384308815,1.882618308
2532,0.948236465,0.530126870
2533,-2.064639091,0.593446136
2534,-0.553187966,-0.527409077
2535,0.557610095,-0.248327345
2536,-0.573989570,0.498873711
2537,0.493040949,-1.223775268
2538,-0.654015422,-0.766716838
2539,0.940074801,-1.021013856
2540,1.201231718,0.482959509
2541,0.046444628,-0.224470511
2542,-1.308441401,0.121492386
2543,-0.603871405,0.705425739
2544,-0.325881690,-0.095690727
2545,-0.168573081,1.088974118
2546,0.278421491,0.754388809
2547,0.152523324,-0.491910994
2548,1.239629507,-0.157548398
2549,1.757448435,1.030156374
2550,-1.775215149,-0.158779621
2551,-0.165792972,-0.071468294
2552,0.784168959,-0.272142202
2553,-0.911552668,2.704454422
2554,1.950707912,-0.572139025
2555,-0.974392414,-0.246366620
2556,0.550519288,-0.737943709
2557,-0.663717389,-0.406642437
2558,1.259550691,0.289710075
2559,-0.336235881,0.541098118
2560,-0.352287084,-0.475065470
2561,-2.284039974,-3.406231880
2562,0.374337792,0.461268783
2563,-0.759416223,-0.144725263
2564,-0.140861750,-0.998519897
2565,0.606932223,-0.172283903
2566,-0.533890367,0.432546377
2567,-1.262750030,-0.766246259
2568,1.578566313,-1.974765658
2569,0.053260334,0.278871328
2570,-0.139786363,-1.563201308
2571,0.904617310,-1.026342630
2572,1.909709692,0.736927986
2573,-1.304518580,-1.632244110
2574,1.226391315,0.726897478
2575,2.467803240,-0.057142209
2576,-0.559878111,-1.102563620
2577,1.907474875,-0.509475350
2578,-2.894193888,0.423416674
2579,-0.627799153,0.170829296
2580,2.132378101,-0.823990583
2581,-1.239084363,-0.968152046
2582,0.364750326,0.059668105
2583,-1.536159515,-0.846167743
2584,-0.034556538,-0.707093358
2585,-0.392758846,0.721688628
2586,-1.380698562,1.086160421
2587,-0.418088078,0.722529173
2588,0.146547720,1.467863202
2589,1.196627140,-0.248841137
2590,0.184652001,-0.158007115
2591,-0.282185793,0.587688744
2592,-0.682861447,0.887123823
2593,-0.450778067,2.677267313
2594,0.942492068,1.482861161
2595,0.672783911,2.310450792
2596,0.320490062,-0.522086859
2597,-0.122602120,-0.589540422
2598,0.959031940,0.033003405
2599,0.283449948,-1.990679383
2600,-0.267481416,0.549430847
2601,2.158280849,-0.268979400
2602,0.479491711,1.748509169
2603,-0.057810545,-0.768977046
2604,-1.168968916,0.529632688
2605,-0.602024138,-1.179889560
2606,-0.242577255,-0.865235209
2607,3.008732557,-0.336168557
2608,-0.546412468,-0.925082803
2609,2.263640881,-0.334455550
2610,-0.786351919,1.877032280
2611,0.321704090,-0.826543570
2612,0.564446628,-0.121309586
2613,-1.043539286,1.302614093
2614,-0.658528984,2.987587214
2615,1.244527102,1.921620965
2616,-0.785471797,0.402479172
2617,0.142524213,0.046843901
2618,2.003705502,-0.361197740
2619,0.133019090,-0.509173989
2620,-1.498004913,0.163861573
2621,0.359299183,0.764635742
2622,-0.496634573,0.278945923
2623,-1.373177290,-0.047422528
2624,0.266980976,-1.884167314
2625,-0.098291054,-0.402073324
2626,-1.043147922,0.618665397
2627,-0.684741557,1.784280777
2628,-0.290122390,1.367068648
2629,0.319581747,-2.717594147
2630,0.956939459,-0.866023362
2631,1.002175450,-2.182747364
2632,-0.285425991,-1.328380108
2633,0.065588847,0.370334983
2634,1.165917873,-1.540543675
2635,0.334546268,-0.555817842
2636,-0.505065560,1.288754463
2637,2.770501852,1.976109862
2638,-2.919415474,0.607900023
2639,-1.397719741,1.732392550
2640,0.945395827,-1.151872635
2641,-0.723451078,-1.435910583
2642,0.911875069,-0.305826187
2643,-1.427394986,2.481796980
2644,-2.300099611,0.043484092
2645,-0.024214387,1.698898554
2646,-1.870666265,-0.211990237
2647,0.332628667,-0.078797325
2648,-0.261247218,0.054123338
2649,0.299429685,1.277688503
2650,-0.005292684,-1.304924488
2651,0.606094182,-0.624334574
2652,0.535906017,0.816598058
2653,-0.228452832,-0.288752526
2654,0.798312068,-1.399991035
2655,-0.398728192,-1.238280296
2656,-0.273761511,-1.001671314
2657,-0.845305681,-0.222362280
2658,2.118388176,1.202309132
2659,-0.136192665,-0.165439129
2660,-0.453944623,-0.009109557
2661,0.500986457,-0.142065257
2662,0.487068653,-0.982364476
2663,0.506510079,-0.185117990
2664,2.158488512,1.834417224
2665,0.467739940,-0.504085660
2666,0.603367209,0.872926116
2667,2.052828789,1.102304816
2668,-0.580609918,-0.549349308
2669,-0.102245942,0.195732549
2670,0.656624198,0.117350876
2671,-1.253283501,0.001304567
2672,-0.675825536,-0.002454743
2673,-2.274878502,-0.905615211
2674,0.925357878,-0.613507032
2675,-1.245180011,3.481993675
2676,0.690456867,0.924288094
2677,0.111905798,0.209838197
2678,-0.869073808,0.246595144
2679,-0.083791614,0.129879832
2680,1.391605139,-2.051917076
2681,0.020881087,-0.358824730
2682,-2.404339075,1.884273529
2683,-1.210537195,-0.379781067
2684,0.520057857,0.763576031
2685,-0.158149600,1.764289021
2686,0.749384820,0.614296019
2687,-0.535234690,-1.416533709
2688,-0.521003723,0.282209396
2689,-0.392067045,-0.138921857
2690,0.499495029,0.937290609
2691,0.280016124,-1.075248718
2692,-3.353312731,-3.906779766
2693,-0.522793353,0.422988057
2694,-0.868007481,0.006322689
2695,0.082957193,-0.453788370
2696,0.467947662,0.339565426
2697,-0.801985383,-0.050484881
2698,-0.660822511,-1.565687418
2699,-0.173901945,-0.302990496
2700,0.030561823,0.351820201
2701,-0.257960409,3.293936253
2702,0.607725322,-0.158042416
2703,-0.821980894,1.283736348
2704,-1.662016034,0.512239099
2705,0.860771716,2.344973564
2706,-0.184131294,-0.019504823
2707,1.534633636,2.503153086
2708,2.338426590,1.360901475
2709,0.785532475,-2.455888748
2710,-0.559481859,0.090438962
2711,0.105674826,0.188443422
2712,-0.425936580,0.032801438
2713,0.115031391,0.471444190
2714,-2.758795738,0.916669965
2715,1.499432445,0.004219867
2716,-1.318507195,0.463207006
2717,-0.621047735,-0.066980645
2718,-0.303515136,0.182645500
2719,-0.290359944,-1.190513492
2720,0.207702950,0.101193085
2721,-0.979806840,1.121475101
2722,3.229277134,-2.131702423
2723,-0.409921467,-1.659350872
2724,-0.130700991,-0.321645111
2725,-0.665730715,-0.879177213
2726,-1.418921828,-0.266789168
2727,-0.227470398,-1.526204586
2728,-2.392197371,1.381105661
2729,1.420894027,0.324423254
2730,-0.198682964,-0.450698227
2731,0.223357379,-0.050305076
2732,-2.245710850,-1.626284957
2733,1.987150908,-0.047652483
2734,-1.480181217,-0.515746474
2735,0.402015358,0.251130462
2736,-0.448039293,0.536084890
2737,-0.495463818,0.885822952
2738,-0.384586841,-0.949848056
2739,0.339347601,-1.916132212
2740,0.257440299,0.535133243
2741,1.705996037,1.090709448
2742,0.249658674,1.206699848
2743,0.772203147,1.019230843
2744,-1.633328199,-0.175466776
2745,-0.179979593,-0.009119727
2746,0.345273495,0.063489527
2747,0.037034944,1.593341112
2748,0.106285505,-0.676920116
2749,0.956597209,-1.128583193
2750,-0.939775586,-0.824171901
2751,2.352386951,-1.385093808
2752,-2.334959984,-0.477382779
2753,0.961978137,-2.623950481
2754,-0.570809364,-3.786927938
2755,0.829033315,0.171274349
2756,0.030888557,-0.590981126
2757,-0.174820200,-0.162862360
2758,-1.549192309,0.284043252
2759,-2.127928257,1.962620497
2760,-2.252917290,-1.580548525
2761,-0.777172208,0.615044713
2762,-0.136697739,-0.137268528
2763,-1.502209425,1.402993441
2764,-1.797060609,0.362769127
2765,0.242654026,0.313452989
2766,1.004254341,-0.318046808
2767,0.508528352,-0.058573175
2768,-1.017748713,-0.378824115
2769,1.331696630,0.837722003
2770,-1.178739071,0.164483547
2771,-0.109013572,0.675423563
2772,-2.668836832,-2.016251564
2773,-3.612520933,-0.134121537
2774,2.187437057,-1.664379001
2775,-3.804073095,-1.355388880
2776,-1.647552371,0.602934599
2777,0.183127761,0.030364942
2778,-1.602753639,-0.841048896
2779,0.931815386,0.092986606
2780,2.308494568,1.228272915
2781,0.641120076,0.998941720
2782,-2.889573574,4.246084213
2783,0.419119060,-1.076670527
2784,-1.724538207,2.039373636
2785,1.416387081,-2.465810776
2786,-2.759170532,0.152647495
2787,-4.254883289,-1.329266071
2788,-0.606817245,-1.100976825
2789,-1.045450926,1.713037014
2790,-1.745036125,0.068359017
2791,2.137580395,0.308325887
2792,-0.134509087,-1.032830954
2793,0.541913331,0.384947062
2794,-2.541771650,1.368549109
2795,-0.397127867,-1.726468563
2796,-0.430809319,1.243791223
2797,3.916346550,-0.216219544
2798,1.022282600,1.386710167
2799,-0.701102376,-0.821103096
2800,0.598573506,1.202616096
2801,0.262528241,1.421225429
2802,-1.853491426,1.001451492
2803,1.219939947,-1.863628983
2804,-2.227860928,-4.520689487
2805,0.930327892,0.973011255
2806,1.364814639,-0.162422627
2807,-1.758430004,-1.578150511
2808,2.320351362,-2.029960871
2809,-3.165021896,0.413534343
2810,0.174029991,0.338794947
2811,-0.483483791,-0.332366228
2812,-1.544025660,-0.463365555
2813,0.488569558,-0.477907419
2814,0.254109442,-1.226980448
2815,-1.040505171,0.978654385
2816,-0.857702911,1.739621282
2817,-2.580651283,0.977707863
2818,1.158549547,0.464510262
2819,-0.096760541,-0.479019105
2820,-1.222248197,0.071729779
2821,0.573810577,-2.504307747
2822,0.221208215,0.159178123
2823,0.086370587,-1.965027690
2824,1.269152045,-1.355934143
2825,0.690424681,-0.428788662
2826,-1.372020245,2.160117388
2827,-2.242508173,1.369676232
2828,1.009908557,-0.517942131
2829,-0.050796598,-0.619176149
2830,-0.465109408,-1.576250672
2831,0.335341185,0.694767892
2832,0.223843992,-1.511656880
2833,-0.366039872,-0.404250443
2834,-0.972156286,-0.020691201
2835,0.311612308,-0.214777380
2836,-0.846976697,1.175176501
2837,1.444247484,-1.650382996
2838,0.646008015,2.317088127
2839,-1.050550103,1.192514777
2840,-0.228142589,0.376915872
2841,-1.931500912,-0.805055022
2842,-0.002198398,-1.826209068
2843,-0.043038577,0.438794255
2844,0.411042392,0.309179008
2845,1.032421708,0.223150402
2846,-1.012808919,-2.999324560
2847,1.228962421,0.045927532
2848,-1.442299843,1.255642056
2849,1.160099983,0.068470478
2850,0.575994492,0.620340049
2851,-0.782413483,-0.041935101
2852,0.111838333,1.311568260
2853,-1.705616236,-0.985224545
2854,0.007363036,-1.175558448
2855,-0.338335395,1.623839974
2856,-0.191288739,-0.255891770
2857,0.598164558,-0.829355001
2858,-0.541748524,-2.241566658
2859,-1.483316660,-0.640601397
2860,-0.672962129,-0.463938206
2861,-0.495154560,-0.256142497
2862,0.281694323,0.229431406
2863,-2.190363169,-0.297511935
2864,-0.012919717,0.955191612
2865,-1.328154087,0.925542414
2866,0.782551467,1.150239587
2867,0.105544165,1.637952805
2868,-0.920476854,-2.237073183
2869,0.637809873,-0.986575186
2870,-0.693602622,-0.539438963
2871,-1.394211054,-0.153069854
2872,-0.246466041,-0.008902453
2873,-0.770546436,0.289745897
2874,1.134777784,0.297946155
2875,2.757291317,-0.437509596
2876,1.251981974,0.627619267
2877,-1.121385098,-0.962624431
2878,-1.486527205,-0.615255713
2879,0.360794961,-0.193587810
2880,0.522669017,2.312498331
2881,0.451342940,-0.289716542
2882,1.078884363,-0.180634081
2883,1.484751225,2.140349388
2884,-0.462618113,2.032778740
2885,1.326277614,1.815051794
2886,-1.107033730,0.428714603
2887,1.458724499,-1.181856513
2888,0.026118010,-1.229424953
2889,0.546184063,0.407688588
2890,-0.957045496,-2.482638836
2891,-0.245247349,-0.316058695
2892,-1.426208258,1.052775979
2893,2.310247898,1.866842031
2894,-0.878108203,0.375643700
2895,-2.468423367,0.409969628
2896,0.728192031,-1.280628800
2897,-0.127211198,0.156367034
2898,-2.789549828,0.283975303
2899,1.634884357,-1.089805007
2900,-0.144107461,0.691843987
2901,1.354115367,1.016719460
2902,-1.948446870,-2.137925625
2903,-2.181037426,1.230375886
2904,-1.278383493,-0.664872766
2905,4.852681637,-0.005384684
2906,2.315130234,-1.024519324
2907,-0.320204616,-1.217476368
2908,-0.779491186,-0.506670237
2909,0.022421423,0.557051837
2910,-0.217099994,-0.472452581
2911,0.074977770,0.011972696
2912,0.124803931,-0.444922507
2913,-0.809317112,1.264458179
2914,0.937062144,0.337823391
2915,0.510529220,0.206632078
2916,-0.022379279,-1.097385168
2917,-0.991074800,-0.794042349
2918,0.004181027,-1.435822964
2919,0.754734397,1.171232104
2920,0.828495979,0.227147430
2921,-0.695356786,0.071660288
2922,-2.041902065,-0.150298625
2923,0.316716284,-0.180307984
2924,0.815227449,-0.359051257
2925,-0.066066854,-0.492804259
2926,-0.893441260,-2.758179665
2927,0.344148785,0.141005397
2928,-2.326979876,-1.223080754
2929,-0.090416320,1.842249870
2930,0.501429856,-0.033548497
2931,-0.656810343,0.396261692
2932,1.063468218,-0.093991458
2933,0.451085001,-0.206732973
2934,1.576242208,-0.878083587
2935,-1.564300895,-1.330850601
2936,0.771987975,0.877616525
2937,-0.125492424,0.236248702
2938,0.334652454,-0.109775051
2939,-0.858039498,0.053617656
2940,-0.181748450,0.101734638
2941,-0.037415780,-0.340959847
2942,0.562637031,1.315041304
2943,0.262208343,0.362592489
2944,-2.005416155,0.673388839
2945,0.525344491,-0.714885950
2946,0.043485280,1.317246795
2947,0.640869141,-2.517338276
2948,1.722580791,-1.767580867
2949,0.508985281,0.393198311
2950,-0.830699205,0.148433253
2951,0.116512418,0.836721778
2952,0.087690189,0.687616348
2953,-0.755245030,3.356503725
2954,1.354836226,2.171028852
2955,0.725127220,-2.346750736
2956,1.575313568,0.022503965
2957,-0.433471322,0.224576533
2958,0.432927907,-0.591033340
2959,-0.181296587,-0.022261258
2960,-3.910412312,-0.601483643
2961,-1.987658501,1.100868225
2962,-0.438068748,-0.341659397
2963,-2.336088657,3.015802622
2964,-0.803630173,-0.109221250
2965,-0.929547966,1.216673613
2966,0.663201392,-0.151558369
2967,0.033512644,0.806047142
2968,-0.295157015,1.317178965
2969,2.887078285,-0.826476872
2970,-0.176293612,-2.209465742
2971,-0.249140143,0.720073402
2972,-0.295942754,0.620205522
2973,0.671047568,-0.385423750
2974,-0.561344445,0.736920476
2975,-0.375003517,0.018620789
2976,0.119161278,-1.228449583
2977,0.229182035,0.305987716
2978,-0.493904531,2.449172497
2979,-0.386246264,1.141453147
2980,-0.340955883,-0.219682261
2981,-0.423337758,-0.715255439
2982,-1.062479138,-0.154095232
2983,1.851165652,0.394760936
2984,-4.311395168,0.757626295
2985,-0.019172192,-0.858798683
2986,-0.602795303,-0.384263158
2987,-0.749902666,0.955144405
2988,-1.667966366,2.248335123
2989,0.769537330,0.144901425
2990,-0.270211577,-1.730213523
2991,0.565456808,0.494918466
2992,0.177050442,-0.365622759
2993,-0.505913675,0.261612803
2994,-3.298541784,1.332669377
2995,-0.871282458,2.040703058
2996,-0.100796059,1.467213035
2997,-0.104501985,-0.406887233
2998,-1.672452331,-0.785649240
2999,-0.763903022,0.267249137
3000,0.259780735,-0.425028890
3001,1.524798393,-1.475142598
3002,-0.011682272,-0.983196497
3003,-0.099529929,0.577454448
3004,-0.468786687,-1.225942731
3005,-1.580622554,-1.451307297
3006,1.647415519,0.171130568
3007,-1.166729212,-0.324838936
3008,2.472295761,0.106387824
3009,-0.688700199,0.239022166
3010,1.867728829,-1.240470290
3011,1.804990292,0.629117966
3012,-0.190218627,-0.125442013
3013,0.100185558,-1.352563381
3014,0.049756207,1.629421115
3015,1.490557194,0.797771931
3016,-0.446486324,0.118164897
3017,0.175088644,-0.845534980
3018,-1.546270132,-1.048484325
3019,-0.662151337,-0.732864082
3020,-0.262386620,0.237952471
3021,1.338056207,-1.588737726
3022,1.025639892,0.689611733
3023,-4.013761997,-1.165567875
3024,-0.525854468,-0.331496596
3025,1.071726203,1.320837855
3026,1.063387275,-1.652961016
3027,2.275762320,-1.312165141
3028,4.342864513,-1.942433834
3029,2.187568188,-1.241486311
3030,-0.406341195,-0.201218873
3031,-2.140036106,-1.001366019
3032,0.742614329,-0.783511817
3033,-1.315111756,0.327645451
3034,-0.509336233,1.546371222
3035,1.617613196,-1.222943068
3036,-1.452503085,0.285897732
3037,0.243502408,-0.195733324
3038,-2.734893560,-0.380491644
3039,-0.118506908,-0.052192330
3040,-3.318734884,-1.852154493
3041,-0.665232360,1.179532051
3042,0.978772640,-0.292989165
3043,0.704464257,0.237195879
3044,0.870041132,-2.186417341
3045,-1.918185115,1.251243591
3046,-0.128452241,-0.594229341
3047,0.005699549,0.984879971
3048,-0.255181789,-0.827800333
3049,1.618859529,1.237848520
3050,0.288448244,0.792274296
3051,-0.152345881,-0.415725797
3052,1.342152596,-1.474411368
3053,0.054780908,0.138550967
3054,1.710034966,-1.966802239
3055,0.746380568,0.295345604
3056,-0.388202369,-2.840794086
3057,1.097544432,0.979294479
3058,0.467542082,0.868424773
3059,0.879351139,-0.848885119
3060,-0.912115991,2.887154579
3061,1.239784479,0.835943639
3062,-0.046153311,0.668656528
3063,0.336088806,0.307962537
3064,1.333336353,2.085862398
3065,0.150489479,0.537070870
3066,1.447395921,1.115017056
3067,-1.059655786,-0.843115032
3068,0.316535175,-0.121433944
3069,-0.498791873,-1.162665606
3070,0.010924477,-0.104236133
3071,0.325974345,-0.148106515
3072,-0.964780092,-2.320410252
3073,-0.399633199,0.542763233
3074,-0.698247910,-0.261219651
3075,1.640175581,0.030831799
3076,2.543141603,-0.538667798
3077,0.092836067,1.834841251
3078,0.119124249,1.254547954
3079,0.177296877,1.104100227
3080,0.390236199,-0.195513457
3081,-3.180315733,-1.614641428
3082,0.937007904,1.746054530
3083,0.098715097,-0.231431842
3084,1.131401658,0.205209151
3085,3.816770554,0.941773236
3086,-0.534535408,-1.364207149
3087,0.551612258,0.666496634
3088,0.050533891,-0.652267694
3089,-0.203144908,-1.602019906
3090,1.058351517,-0.322761118
3091,-6.129091263,0.838377476
3092,0.117635787,1.330226421
3093,0.717776656,0.661977470
3094,-0.776389003,-0.120839983
3095,0.628417492,1.819122910
3096,-0.527134120,-1.539721489
3097,0.036947977,-0.152664661
3098,-1.316996217,0.933421791
3099,0.903227687,-0.461377949
3100,-0.996054769,0.472244114
3101,0.382973492,-0.315042377
3102,-0.574369848,-1.155384302
3103,0.817394435,-0.225360617
3104,1.125787020,-0.819374204
3105,0.502191424,0.547797322
3106,1.153119206,-3.389711618
3107,-0.250502139,2.878211498
3108,2.447646618,-0.187223613
3109,0.356938094,0.395945877
3110,-0.209238321,-0.470128059
3111,0.029029049,-0.143289819
3112,1.170786858,-0.443734765
3113,4.204532146,0.110875696
3114,0.993577719,1.545608997
3115,2.079332829,1.428833365
3116,-1.241458654,-1.428577065
3117,-2.943460226,-0.402969599
3118,-1.443443656,1.541960239
3119,-0.175199628,0.125756830
3120,1.181164622,-2.243418932
3121,-1.153685689,1.937079310
3122,0.708552182,1.175596595
3123,1.069870830,0.101627149
3124,1.292592525,-0.155996203
3125,-0.799433947,0.569979310
3126,1.539496183,0.298969239
3127,2.297646761,-0.683121204
3128,-1.512075186,0.168686897
3129,0.563569069,0.753053725
3130,-0.157032013,3.274433136
3131,2.473683119,-0.630815268
3132,0.128077731,-0.090243660
3133,-0.935527205,-0.800335705
3134,0.036604114,0.518154383
3135,0.579712629,-0.198910549
3136,0.694159567,-0.094543062
3137,-0.219145238,0.249474660
3138,-0.056397945,-0.138655961
3139,0.282529771,0.732709110
3140,-1.372340798,-0.151890635
3141,-2.564422607,2.020970106
3142,1.687008739,0.254488766
3143,1.437273979,0.208402678
3144,1.303429604,1.193292975
3145,-0.908320010,1.005797744
3146,0.102132782,-0.260718286
3147,-0.861250937,0.515740037
3148,-0.621295035,-1.238479137
3149,2.422128677,-0.131397218
3150,1.999289513,0.831728399
3151,1.469789028,1.889367461
3152,1.727270961,0.222376898
3153,-0.611282229,-0.513956547
3154,0.228460193,-0.742834091
3155,0.527554870,-0.303384811
3156,0.232787520,0.155504555
3157,2.522380352,-1.287699103
3158,0.201427996,-0.085663289
3159,-1.733726144,-2.179019451
3160,-0.363171518,1.141296744
3161,-0.477498412,-0.620892465
3162,0.473830551,-0.166348904
3163,2.380025148,-0.380131960
3164,0.247280478,-1.470430613
3165,-0.451835334,0.705451131
3166,-1.310522079,-0.257481098
3167,0.558771908,-1.005032778
3168,0.351866245,1.977366924
3169,-0.372365475,-0.492189765
3170,0.212907314,0.609906614
3171,-1.967300653,-0.402583122
3172,0.116150230,0.153547138
3173,0.075275518,0.654200733
3174,0.857532620,-1.371663451
3175,0.156025261,-0.112559348
3176,-1.538711309,-0.882389605
3177,0.901708722,0.728807271
3178,0.936214507,2.111447573
3179,-2.028847933,-0.774231732
3180,1.804642200,-1.280807972
3181,-1.381505966,-0.292780757
3182,1.840007663,-0.176421136
3183,-1.581458092,0.231230319
3184,0.057310477,0.883918583
3185,0.614943802,1.497016311
3186,0.013723888,0.412863016
3187,0.764844120,-0.544719040
3188,-0.692465305,0.976332664
3189,0.219351903,0.332852989
3190,-0.892796695,1.571595073
3191,-0.599435389,1.933096170
3192,0.890462160,1.383322477
3193,0.065579973,-0.298657358
3194,1.678548813,-2.723529339
3195,-0.956516147,1.728091717
3196,-1.167939782,-1.616787791
3197,0.449558079,-0.489780009
3198,-0.063709877,0.159303844
3199,0.263780177,-0.988658667
3200,-0.084312320,-0.466731042
3201,-0.046447992,-2.403944731
3202,-0.905607104,-1.283034921
3203,-2.518971443,-1.399510622
3204,2.222837687,1.585567474
3205,1.112342715,0.494725317
3206,-1.636061907,2.235383511
3207,-0.072683439,-0.507110834
3208,1.128794670,1.096711516
3209,1.007935166,0.416643143
3210,1.209257007,0.442669272
3211,-0.655422926,-1.053093195
3212,0.996811688,0.045551635
3213,-1.297507286,0.301261693
3214,0.732428133,0.793193102
3215,0.937573254,-0.213359028
3216,-1.092700720,3.086585760
3217,-1.163285494,-1.061008930
3218,-0.997323990,-1.533014894
3219,-0.038542755,-0.155175954
3220,0.547518790,0.419965297
3221,-1.273405552,1.665663123
3222,-0.296751767,-0.576035976
3223,0.032818705,0.860022783
3224,0.975855827,0.683409214
3225,0.059528954,0.368957698
3226,1.714100122,0.081857443
3227,-0.285703480,-0.804478228
3228,-1.071404338,0.311942905
3229,1.225421190,-0.830678582
3230,-0.729227781,0.705421209
3231,2.294672728,1.967576265
3232,-0.729423940,-1.208777905
3233,2.748473406,-0.809375882
3234,0.170048341,0.090547107
3235,-0.338447362,-1.073040366
3236,-1.919185877,1.702886105
3237,3.751181602,1.074533701
3238,-1.474906206,-1.342060566
3239,-0.153056249,-1.059504986
3240,0.367227197,0.733633637
3241,3.123861074,-0.426596135
3242,-0.751215339,-0.717523098
3243,0.887303233,-0.068056449
3244,0.740217984,2.538448572
3245,0.191462636,-0.057170093
3246,-1.168095589,2.512144804
3247,-0.878292143,0.087514818
3248,-0.117206112,0.512614369
3249,-0.941478312,1.837865829
3250,1.550363541,-2.442667723
3251,-0.958511591,0.429386079
3252,0.132498085,0.933922231
3253,0.076030970,2.940077066
3254,-0.852700591,-1.241269827
3255,0.054919004,-0.186149031
3256,-0.467780590,-0.747380137
3257,1.619724631,0.599083424
3258,2.401059866,0.318761408
3259,-5.305126190,-1.801167369
3260,0.121363953,-0.114888109
3261,1.482123137,0.759836555
3262,1.068955421,-0.324546427
3263,1.809675336,0.439698935
3264,-1.601269484,-0.307710409
3265,1.889916658,0.453071773
3266,-1.518072605,1.688098550
3267,0.202378601,-2.392413855
3268,1.098081589,1.192641616
3269,-1.876576662,0.684082031
3270,-0.222488582,-0.254286915
3271,-0.910422564,0.236145675
3272,-1.591506600,0.304602385
3273,-0.049981639,-0.444346905
3274,0.061090771,0.249061480
3275,-3.932157516,2.672463179
3276,-1.408251762,0.406504810
3277,-0.918678463,0.295813501
3278,0.575857043,0.710865557
3279,-0.312321395,0.144272640
3280,1.217868567,-0.551269591
3281,-1.992059231,-1.560941339
3282,0.082416818,0.634353042
3283,1.658811808,2.100130796
3284,-1.309230089,1.043032646
3285,0.504851341,-2.130271196
3286,0.804846823,0.186508417
3287,-1.560219646,1.807349682
3288,1.012661457,0.870216787
3289,-1.482223272,-3.489197016
3290,-1.020015359,4.340683937
3291,-0.554710388,0.103567421
3292,0.550241709,-0.421368599
3293,2.150275707,-0.082771301
3294,-0.197835281,0.073574811
3295,-0.347348154,0.034338564
3296,-0.988417685,0.519843578
3297,0.439818114,-0.114632830
3298,-1.160869837,0.734297395
3299,0.829676986,-2.219868183
3300,-3.477662563,-2.379708529
3301,-0.063588031,0.563793838
3302,1.654997349,-1.303985953
3303,0.218060762,-0.182599485
3304,-0.897294760,0.470570982
3305,1.623717546,-0.489766926
3306,-0.972121358,0.429905236
3307,-2.350046635,1.488209724
3308,0.924824476,0.531712830
3309,-0.337419599,0.013540320
3310,-0.106963299,2.108412504
3311,0.107260853,0.607005656
3312,-2.236041069,-0.657470345
3313,0.098875590,1.166296005
3314,0.392155588,-1.531502008
3315,0.660250545,-1.218299627
3316,2.863169670,-2.294735670
3317,-0.676939547,-0.481490701
3318,-0.694600463,-0.040891737
3319,0.543394744,1.009993672
3320,-2.507211208,1.206901431
3321,-1.313567519,0.432229459
3322,-0.636796713,-0.338875890
3323,1.098708630,1.784496307
3324,-1.141867518,0.307735294
3325,-0.180570960,-1.083180428
3326,0.375758767,-2.767272711
3327,0.716382742,-0.357474416
3328,-0.838235259,-0.600969434
3329,-1.166377783,1.274174690
3330,-0.111580595,0.057089709
3331,3.022181034,-1.401452303
3332,1.471016765,0.377796113
3333,-1.471381307,-1.005081773
3334,-0.727029204,-0.213512316
3335,-0.224275142,0.450127721
3336,0.361396909,0.370680571
3337,-0.865987897,0.050283492
3338,-0.378742188,0.035577789
3339,0.110124595,0.091197193
3340,-3.043279886,-1.187935352
3341,0.464389682,2.306443691
3342,-1.008106232,-0.753705859
3343,-0.773036301,0.569093704
3344,0.557369292,0.935215950
3345,2.471750975,0.406515241
3346,1.278509021,-1.041334033
3347,2.178934097,-0.735216916
3348,-0.813771605,-0.025372058
3349,1.802090287,1.625556469
3350,1.074770451,-1.065750599
3351,1.039957762,-0.567114234
3352,0.394841373,0.723774076
3353,2.338540077,3.047637224
3354,0.154879600,-0.450937271
3355,-0.517565489,0.649214447
3356,0.614654303,-0.567508280
3357,-0.360933483,0.184168100
3358,0.638162076,0.356789827
3359,-0.869598866,-1.424562335
3360,-1.111610651,0.296382427
3361,-0.374187946,0.091559611
3362,1.076053143,1.591907620
3363,1.959196568,-0.670426607
3364,0.595770776,-0.046319835
3365,0.858194292,-0.192634284
3366,0.027121119,0.658128083
3367,0.726034284,-0.462921649
3368,-1.218308210,-1.107094765
3369,-0.535075366,0.509790659
3370,0.415250182,0.479355663
3371,0.859396696,-2.058696032
3372,0.131541997,-1.259065628
3373,0.273839980,0.292999446
3374,-0.525093079,0.481210053
3375,0.085879385,-1.124677896
3376,-0.757852912,0.031711698
3377,-1.532736540,-2.467636108
3378,0.851133347,1.120484471
3379,0.606697798,-0.524689794
3380,0.800064564,0.061601996
3381,0.422694087,-1.521795034
3382,-0.157152563,0.053433217
3383,-1.198511839,0.466701925
3384,0.322118461,3.780051947
3385,-2.573912621,0.075753391
3386,0.286038637,-0.059702851
3387,-2.116882801,-1.614324212
3388,-0.525073469,2.238763094
3389,-0.804219246,0.380770206
3390,-1.118052244,0.610131383
3391,-0.426394761,1.566298604
3392,0.257935226,1.358723402
3393,0.840981305,-0.691952825
3394,1.605896115,-0.608211577
3395,0.282268941,0.707944274
3396,-0.713553727,1.527448535
3397,1.698079348,-1.444252968
3398,-0.391927421,-0.113522053
3399,0.443386525,0.893931866
3400,0.056869745,0.883888960
3401,1.424267530,-1.634111524
3402,-0.097831607,-0.530702710
3403,-3.304214478,-2.034066916
3404,-1.011660457,0.276204854
3405,-0.189340681,0.112805337
3406,0.368361831,-0.146017179
3407,1.164680958,-0.522242308
3408,0.193153605,-1.042648792
3409,-2.530129671,-0.883219957
3410,-0.133441627,-2.614505291
3411,0.272679657,0.775457203
3412,-0.490284652,1.592929959
3413,0.772131801,0.159581095
3414,-1.014947653,-0.733515501
3415,-1.158893108,0.783574939
3416,0.673751056,-0.651171803
3417,-0.073354572,-0.098776497
3418,0.958109140,-0.571801364
3419,-0.688324630,4.042031288
3420,0.105583906,0.369318098
3421,-1.903413773,-0.680724263
3422,0.294745326,0.048944239
3423,0.421018362,-0.311807245
3424,-0.043928303,0.000143528
3425,1.081783056,1.061506391
3426,0.786073565,0.088228054
3427,0.804021835,-0.144935727
3428,2.034108639,-1.461401582
3429,-0.352415442,-0.507328033
3430,-0.382001400,2.104731560
3431,-0.497051060,0.600542307
3432,-1.777248263,1.837146282
3433,2.335117817,0.138497204
3434,-0.370062232,0.833585560
3435,0.280766666,1.750159144
3436,1.379948735,1.400665164
3437,1.227452397,-0.529227257
3438,-0.140516460,1.044671059
3439,0.167425409,-0.452946603
3440,2.322397947,0.314250529
3441,0.229820997,-0.101318613
3442,0.856596768,1.254680395
3443,0.733330011,0.022305906
3444,-0.422081441,-0.744970024
3445,-0.379710436,0.925948799
3446,-0.306598842,-0.372495890
3447,0.117410578,0.075480394
3448,-0.329482794,0.219971985
3449,1.436097741,1.775217295
3450,-0.608084440,-0.340088278
3451,-1.425698161,-0.353148311
3452,-1.238281488,0.790212393
3453,-0.137952849,2.353016853
3454,0.464860737,0.132085726
3455,-2.466551542,-0.272243381
3456,-1.343519688,-0.507675469
3457,-0.687846184,0.318784475
3458,-0.157092661,0.042602662
3459,-1.259649158,-2.430938721
3460,1.200899243,0.948288143
3461,4.197115421,-0.766717672
3462,1.063941836,0.934006631
3463,1.704204082,0.291861087
3464,-3.941031933,0.582580447
3465,-0.235720098,1.289802432
3466,-0.440115541,-1.332548618
3467,1.141530752,0.348326802
3468,1.394360781,0.574687541
3469,0.804658651,0.037084684
3470,-0.387883127,-0.606432557
3471,-0.244969621,-0.574624777
3472,-0.505170941,1.680705428
3473,0.592808783,0.840799034
3474,0.370670319,-2.686160088
3475,-0.338615298,-2.052194595
3476,-0.371573657,-0.358801425
3477,-0.309540510,-0.086010054
3478,-0.626892447,0.587737918
3479,-0.938817978,-0.457037508
3480,0.464305133,0.535976291
3481,-0.428083420,0.129270390
3482,0.268543839,2.514573336
3483,1.096030593,-0.001509294
3484,-0.137144566,0.167724848
3485,0.697258234,-0.997796297
3486,1.302615523,0.157418162
3487,0.327229053,-0.261184990
3488,0.396927953,1.451541543
3489,-0.145788819,-0.603144050
3490,-1.267719388,-0.427547783
3491,1.230928659,0.790786386
3492,-1.180726290,0.003447950
3493,-0.793628216,0.010143057
3494,-0.643396854,1.597176909
3495,-1.082405806,-0.630048633
3496,-0.742863238,-3.770502090
3497,0.004920781,-1.155769587
3498,-0.505771875,-0.407145172
3499,-0.148348153,0.020878362
3500,-1.900290966,0.840390563
3501,0.828342438,0.216101333
3502,1.181124687,0.420252651
3503,-1.367640615,-1.653033733
3504,1.365901828,0.206219673
3505,0.517638803,2.095005035
3506,-1.649717331,2.602570772
3507,0.561270773,0.260769755
3508,-0.090283751,-3.811276436
3509,-2.408226967,-2.051132202
3510,1.081021070,-0.633325279
3511,0.200029790,0.994741201
3512,1.466172099,-0.492224544
3513,-0.587557554,-0.086606383
3514,-1.002705693,0.830751777
3515,0.467349768,-1.946342826
3516,-0.277979225,-0.039758563
3517,1.249800563,0.119197108
3518,-0.770976245,0.477413058
3519,0.143506348,1.299155831
3520,-0.760480762,0.199398637
3521,-4.662207603,1.527089953
3522,0.033767581,-0.737042725
3523,0.148026288,-0.302615821
3524,-0.738007426,-1.203919649
3525,-1.092596173,1.034127235
3526,-0.094898805,-0.493438721
3527,-0.120797917,-0.307593226
3528,2.432280302,-1.525597930
3529,-1.247797489,1.040637255
3530,-1.859980464,0.219676077
3531,-0.336704463,1.214554667
3532,1.115049839,2.629827499
3533,1.868027329,0.275190473
3534,-0.539565206,-0.243886739
3535,-1.328679562,-0.417344719
3536,-1.063436747,-1.987158537
3537,0.219285250,-0.481237113
3538,1.302650690,-0.344829440
3539,-0.140520722,0.309814125
3540,0.260695934,0.043394908
3541,-0.265904039,0.094252698
3542,-0.755591750,-0.442294359
3543,-1.774621844,1.595558167
3544,2.579266071,-3.189193964
3545,-0.893365085,-0.263210356
3546,-1.044262886,0.310701847
3547,0.015761800,1.827746034
3548,1.195993900,-0.724667549
3549,2.465937376,-0.978069365
3550,-0.693977594,-1.001721501
3551,-2.272656918,-0.502974689
3552,-0.051116705,-0.221355975
3553,-1.214811087,-0.551170170
3554,-0.306278169,2.229964495
3555,-0.809675097,0.291607201
3556,0.494536549,-0.137553006
3557,-2.026778698,3.600280523
3558,1.191223025,0.046755049
3559,1.363268852,-0.638302922
3560,4.775776863,-0.419586062
3561,0.966844141,-0.819586158
3562,-0.408391118,-0.378822803
3563,0.188802123,-0.057458699
3564,-0.286370158,-0.331876338
3565,0.658202887,1.146502614
3566,1.311904669,-0.814017355
3567,0.463050365,1.072307825
3568,-1.790327549,-0.828031778
3569,0.403768182,0.041858371
3570,0.064721227,0.301595718
3571,-0.553133607,0.165196180
3572,-0.093902692,-0.117154025
3573,0.625956714,0.162568748
3574,-0.016459741,1.787886143
3575,0.384376913,0.328781724
3576,-2.127336025,0.990984619
3577,0.234198362,-0.794867277
3578,0.671127021,0.678038418
3579,-0.106532462,0.201016471
3580,0.384999663,0.680549026
3581,2.449719429,-1.083507657
3582,-1.533158660,3.086658478
3583,1.445574999,-2.061287403
3584,0.657131433,-0.167826891
3585,1.278238535,0.666912615
3586,-1.249443889,-3.114500761
3587,-0.184345633,-0.382129371
3588,-0.081751883,-0.662415862
3589,-1.455346942,-2.437814951
3590,-0.096756637,-0.153177053
3591,2.003432274,0.323195040
3592,0.816019833,-0.162768885
3593,-0.834014118,-0.296357125
3594,-0.228186026,0.908173382
3595,1.348132491,-0.284855962
3596,0.521029651,-0.365309000
3597,0.834438562,-0.633150578
3598,0.537712634,1.241832256
3599,1.061393142,0.686025381
3600,0.266583234,0.654043257
3601,-0.364232719,-0.060545616
3602,1.288891792,0.308847576
3603,1.830941081,-0.139329225
3604,-1.179204226,-0.618715048
3605,-1.887028694,0.556217909
3606,-1.859942675,2.494971991
3607,2.339513063,2.378162861
3608,2.074320793,-0.187813878
3609,-1.312415719,1.072899699
3610,-0.292256832,0.460395575
3611,0.604102194,0.908878505
3612,0.321150512,-0.297368169
3613,-0.513088465,2.374666929
3614,0.446561098,-0.045412816
3615,-0.757197022,-0.560527921
3616,-0.359229326,0.147090465
3617,-1.434802055,-2.333376169
3618,-0.369196981,0.247372508
3619,-1.553648710,1.452222347
3620,0.081552833,0.748576164
3621,1.330765247,1.336241484
3622,-0.597010553,0.334813952
3623,-1.435915947,0.424508899
3624,-0.702105343,-1.128379107
3625,0.149291426,2.065311432
3626,1.131078005,0.702949047
3627,-0.455071867,0.105154037
3628,0.423580915,-0.077444606
3629,-1.350276709,-0.915397167
3630,0.824297607,-0.007563125
3631,-0.341183394,-1.353753805
3632,-0.589722395,1.971873999
3633,-1.234878898,2.699070692
3634,0.732454538,0.223985761
3635,0.977957249,0.394332558
3636,-0.008857956,0.170463935
3637,1.876888990,3.714739323
3638,-1.218835831,1.458129168
3639,-2.485538483,1.196309328
3640,2.578295708,-1.116171241
3641,-2.736027718,0.043654919
3642,-0.970359206,-0.046422750
3643,1.427472353,0.877641320
3644,2.591982841,-2.645231724
3645,0.446076989,-0.117491335
3646,0.451783240,0.445761561
3647,-0.697183847,-1.668485999
3648,-0.369614363,-0.168943033
3649,0.305073678,-0.336492360
3650,-0.538884997,-3.336342573
3651,0.340006828,-0.523374915
3652,-3.205842257,0.491253257
3653,-0.553123474,-0.538397551
3654,-0.178702131,0.785552025
3655,-0.106138580,0.679269493
3656,-1.442510843,-1.802511215
3657,0.147193283,1.257149100
3658,0.174901739,0.114223309
3659,-0.857857108,0.527083039
3660,0.682340860,0.762696564
3661,0.455692083,0.375164092
3662,2.720668554,-0.015311971
3663,-0.544628143,-0.103757337
3664,0.050513253,-0.219348401
3665,0.483853430,0.189792946
3666,-0.237688705,-0.155300736
3667,0.711561382,-0.944511235
3668,-0.569585264,-0.645559311
3669,0.783129334,1.399150848
3670,1.335811377,-0.644337177
3671,0.953447759,0.440061986
3672,-0.586284697,-1.090572596
3673,0.636076868,0.373838305
3674,-0.183187425,1.448077679
3675,-1.463221908,1.930649757
3676,-1.645494938,-0.404883862
3677,0.757111788,-0.870082855
3678,1.196832180,-0.620066345
3679,-0.799613416,-1.025818586
3680,-0.459828019,-1.762138128
3681,-0.882332623,0.899530530
3682,0.527083337,-0.085201740
3683,0.202894837,0.432670146
3684,-1.162052631,-0.464933753
3685,-1.794182420,-1.639743328
3686,-2.203858614,-0.500840187
3687,1.632274866,-0.871503353
3688,0.769858479,-0.176442966
3689,0.125331461,-0.986426651
3690,-0.054630667,0.291693509
3691,0.550051033,-0.160782009
3692,-0.314202935,0.355383337
3693,-0.187032104,0.033498049
3694,-2.396822691,-0.047735453
3695,-0.708286107,2.307372570
3696,0.096604019,-0.866778731
3697,-1.320100904,0.484774292
3698,-0.143803060,-0.131075531
3699,0.291423887,-0.031362910
3700,-2.490631342,-1.030684114
3701,-0.121250242,1.623771071
3702,1.169446230,-0.683517277
3703,-2.377455711,2.400652885
3704,3.026443005,-3.448796272
3705,1.368710995,2.148113489
3706,-0.450731307,0.545761824
3707,-0.449230462,-0.564458132
3708,1.047973633,-0.516860187
3709,-1.149506569,-1.666021824
3710,-1.397658110,-0.869649649
3711,1.041152000,-0.449402094
3712,0.812271833,-1.140066743
3713,-0.206185699,-1.010456920
3714,1.215189219,-0.653687656
3715,1.091224432,1.430048943
3716,0.762038291,0.045302600
3717,0.755674005,-1.117549539
3718,-2.593302727,0.897382021
3719,1.659135222,-0.074898422
3720,0.182491347,-0.461094916
3721,1.933488607,1.029325962
3722,-0.507343233,0.307055652
3723,-0.912118435,-0.391931891
3724,1.069250464,0.757682621
3725,0.127718925,-0.007757425
3726,0.200072527,-1.410558343
3727,-0.420750737,-0.404725552
3728,-0.592964530,0.136856198
3729,-2.325214624,1.818227768
3730,0.112290636,0.583441377
3731,-0.363578260,-0.731175065
3732,-0.736651301,0.865208685
3733,1.713754177,-1.402191162
3734,-0.558978975,-1.217419386
3735,-0.706885993,0.645563006
3736,0.332211077,-0.915994287
3737,-3.171542406,-0.936549604
3738,-0.578622401,-0.009681702
3739,-0.643423855,1.706282616
3740,1.235818863,0.203656346
3741,-0.230254769,-2.032027721
3742,0.153325260,-0.021073630
3743,-0.333928168,0.772360682
3744,-0.388175368,-2.433957338
3745,0.894424736,-1.323606730
3746,-1.879324317,-2.594018221
3747,1.076323032,-0.608632386
3748,-0.748931468,0.115911409
3749,-3.324711084,0.768242657
3750,0.707570553,5.058003902
3751,0.439291477,-2.386103868
3752,0.127390683,0.224116668
3753,2.359699249,-2.061200857
3754,-0.682832479,0.296028376
3755,-0.116034254,0.114791185
3756,-0.011264781,0.300903976
3757,1.196484089,0.629445672
3758,-0.851375699,1.381371379
3759,-0.809916973,-3.084634542
3760,-1.382073045,-2.105197430
3761,0.577582717,0.863451660
3762,1.108894825,0.567109466
3763,-0.043062817,0.574684083
3764,1.138671637,1.001446962
3765,1.442628503,0.040534794
3766,-0.126122743,0.934813201
3767,-0.376378477,0.115287222
3768,0.889301300,-2.420554876
3769,0.807315469,1.204310417
3770,-0.200042933,0.510317981
3771,-0.506907821,-1.878276825
3772,-0.438500226,0.756343842
3773,0.497626126,-1.447860718
3774,2.251801729,-0.322526366
3775,0.017595410,-1.608230829
3776,-1.691299558,0.933732748
3777,-2.171955824,0.009428322
3778,0.219125748,0.010718611
3779,0.668898284,-1.847477555
3780,0.058642030,2.896081209
3781,1.306898832,0.780727088
3782,0.551181912,-0.727047503
3783,-0.373219281,1.025017142
3784,-0.566542327,-2.990318298
3785,0.044104896,-0.259897888
3786,0.256756604,0.850245357
3787,1.095654964,-0.557770252
3788,-0.992426157,1.018862724
3789,-2.137169600,-0.508594692
3790,-0.088844538,-1.834532738
3791,-0.183986172,-0.418011010
3792,-3.654316902,1.221998453
3793,-0.004618108,-1.144313097
3794,1.699791551,1.819293499
3795,-0.265977234,1.221900702
3796,0.044247910,-0.271776676
3797,-0.219792828,-0.132737175
3798,-1.037292957,0.508385658
3799,-0.780421376,0.607713163
3800,0.632757962,-1.992985487
3801,1.257399082,-0.362372279
3802,1.306014895,1.025015712
3803,1.776187897,-0.868022680
3804,-1.436500072,0.559019208
3805,-2.129812717,0.976487279
3806,1.574276805,-0.308716238
3807,0.161877126,0.661878526
3808,1.466738939,1.134196043
3809,-2.177321672,-2.690638542
3810,-1.850393176,0.140700340
3811,0.575522780,-0.350287914
3812,0.830320179,-0.387314200
3813,-0.841674924,0.178107738
3814,-0.362532973,-1.638548851
3815,0.625376165,0.041758187
3816,-0.701059163,-1.141916037
3817,1.543324232,0.199373126
3818,0.329876244,-0.302664757
3819,0.071860470,1.472776651
3820,-0.706171274,-0.288228273
3821,0.149912909,-0.497161686
3822,-1.058864355,-2.205353498
3823,0.342044920,-0.784140110
3824,1.112068415,-0.043175131
3825,-0.015273318,1.276801705
3826,-0.178833142,0.243168637
3827,-0.888501823,0.291121483
3828,0.500435412,-0.732659042
3829,-1.277029276,-0.018119574
3830,0.783877552,1.635333538
3831,-3.220609188,1.657788515
3832,-1.002136230,-0.322979778
3833,-0.220628560,-0.498193085
3834,-0.142163560,-0.040982541
3835,0.064742051,-0.318015337
3836,-0.223644882,0.350105166
3837,0.343592256,0.085898325
3838,0.372383118,0.128427103
3839,0.083099648,0.530621350
3840,0.116078794,0.253599375
3841,2.091159105,1.961201191
3842,-2.819111347,-1.744538426
3843,1.399659872,-1.139647961
3844,-0.052585475,0.639264226
3845,1.005248547,-1.495718002
3846,0.616475344,-0.205068842
3847,0.437311977,0.842263341
3848,0.199628711,1.544567466
3849,0.547330737,0.038619556
3850,-0.616367340,-1.188302755
3851,0.701650858,-0.674402654
3852,-1.359679461,0.181362331
3853,0.615123212,-0.849842250
3854,-0.501461148,2.138114929
3855,-0.974166632,0.500638962
3856,0.432100922,0.219619602
3857,1.429134727,1.235285163
3858,0.635792613,-0.918918431
3859,-2.027894497,0.077450871
3860,0.677795708,-0.190827936
3861,2.666841030,2.844089508
3862,1.476556182,2.035977840
3863,-0.019778013,-1.519808292
3864,1.437138796,-1.396130919
3865,-0.338248283,1.383906364
3866,-0.111646444,-0.094558865
3867,-0.169006526,-0.175211787
3868,-0.843802691,0.931387246
3869,0.994127035,0.405818760
3870,1.306180835,0.249334276
3871,-0.183468461,2.134319782
3872,-2.182303429,0.859322190
3873,-0.503256142,-1.177129865
3874,2.780275345,-1.523378491
3875,-1.351568222,0.348927408
3876,-0.166497380,0.013195210
3877,-0.413921773,0.159841150
3878,2.097410202,0.287118018
3879,-2.577668667,-0.205647588
3880,-0.930387795,1.331850290
3881,0.159764171,0.498435974
3882,0.462089032,-0.999762595
3883,1.572398901,-2.216632128
3884,0.486893833,-1.777463436
3885,-0.135021240,0.033243015
3886,-1.809431314,-0.232781947
3887,1.201622725,-0.312947690
3888,0.930903256,1.497472286
3889,-0.595828474,0.657572269
3890,-0.513194561,1.892437696
3891,0.742421806,0.890993953
3892,-1.425350666,-2.084074020
3893,-0.852659643,-1.621801853
3894,-2.145094633,0.583537519
3895,-0.317156464,-0.180102944
3896,-1.345705032,-0.401287228
3897,-0.411658257,1.255346537
3898,-0.572349250,-0.878577769
3899,1.436776757,0.655052185
3900,-1.768071294,-1.221670508
3901,0.516798615,1.623325467
3902,-1.366539001,4.152005672
3903,0.982259274,-1.340247989
3904,-0.487209111,0.159656197
3905,0.406976461,-1.975901484
3906,-0.216770858,-0.093259566
3907,0.088165611,1.272824168
3908,0.293937802,1.173567533
3909,-0.887321591,0.012020290
3910,-1.001827836,-0.708098233
3911,-0.609655142,-1.592549801
3912,-0.789727092,0.071307063
3913,0.804094672,0.437487990
3914,0.028880954,-0.412401736
3915,1.160460711,0.697272897
3916,1.818928003,-1.744869113
3917,0.042018153,-0.428421855
3918,2.525999308,1.740599155
3919,-0.183506548,-0.777317882
3920,1.129618764,1.959879994
3921,-1.508715391,-3.067228079
3922,1.490532279,1.663414240
3923,-1.101522923,-0.021560937
3924,0.829549611,0.588150740
3925,0.140590638,-0.521899343
3926,0.010662463,0.459864169
3927,0.331647694,1.127520561
3928,-0.496233225,0.077506900
3929,0.649097085,1.616646051
3930,-0.669990659,-1.270263910
3931,1.207428455,-0.468695045
3932,-2.074976683,0.751981258
3933,-1.706868649,0.984565020
3934,-1.001712084,-0.733474553
3935,0.188219905,-0.602585733
3936,-0.254397303,0.850261211
3937,0.545229733,-0.264565527
3938,-1.688862324,-1.344322085
3939,-0.161304161,-0.068336047
3940,-0.648650765,-0.799656451
3941,1.661358476,-0.143565431
3942,1.096616268,1.400924325
3943,0.847832561,-2.308539152
3944,0.652681947,0.027821999
3945,0.109727614,0.979356527
3946,0.815491199,-1.043018937
3947,1.260118604,0.967824519
3948,-1.278119564,2.663053036
3949,-1.346780419,-0.013040543
3950,-0.512613893,1.120016575
3951,-0.382635802,-0.129576087
3952,0.920445204,0.934298515
3953,-0.192247003,0.928649545
3954,-0.292207181,0.564884007
3955,2.395063400,-2.445221901
3956,0.234186977,0.048701387
3957,-1.178712726,-2.340987921
3958,-0.604353487,1.336753607
3959,-0.830855131,0.024136305
3960,-0.563338995,-1.075745106
3961,-0.506961942,-0.280319273
3962,-0.699001670,-0.766013265
3963,-1.826429725,0.617136121
3964,0.453788906,-0.860477448
3965,1.330271959,-0.263929784
3966,1.049859285,-2.054655790
3967,0.023217782,2.147187710
3968,0.515305221,1.303679943
3969,-0.922531009,2.450067043
3970,-0.036516070,1.761231661
3971,-0.249602377,-0.496948779
3972,-0.363847435,-1.414706349
3973,0.863367081,-0.034753624
3974,-0.231821820,1.353419304
3975,-0.412656784,0.237492427
3976,-1.237864137,-1.979154348
3977,0.268365651,0.447964311
3978,-0.816182077,0.412333250
3979,0.943320632,-1.713659286
3980,-0.233691916,-0.175208718
3981,-0.185610235,-0.490469366
3982,-1.472985387,-0.662672043
3983,-0.133619189,-2.780533075
3984,1.727617025,0.185062289
3985,-0.201931909,0.187792182
3986,-0.140331909,0.849806428
3987,1.424110532,-1.164254785
3988,0.024378523,-0.213475108
3989,0.203727603,-0.033401877
3990,0.749593854,-1.532837033
3991,0.306141078,-0.487443268
3992,-0.104105815,0.301653713
3993,-0.106667563,0.539336860
3994,-1.134775400,-1.477383256
3995,0.262160182,0.249851733
3996,0.153684676,-0.025600113
3997,-1.914264679,-0.358076781
3998,-2.111025810,-0.058242798
3999,-0.575811386,-2.132479191
4000,-3.048509598,-3.861336708
4001,0.482756436,0.736238599
4002,-0.087632105,1.966635346
4003,-2.290912151,-0.693668485
4004,-0.456477880,0.445152223
4005,0.818579495,2.002060652
4006,-0.006044000,-0.008221567
4007,-0.990159512,0.510289907
4008,-2.011327267,0.775682867
4009,-1.854093552,0.488553524
4010,-1.069863439,0.416675746
4011,1.080369830,-0.139884055
4012,-0.064586088,1.055427551
4013,1.287926912,-0.794735610
4014,-0.056928471,-0.553650856
4015,0.889855742,0.651513159
4016,0.498001426,0.062306099
4017,-0.447971344,0.167260736
4018,1.001734614,-0.731644690
4019,1.494590044,0.617607474
4020,1.400236249,-1.365320444
4021,-0.960545778,-0.079385519
4022,1.057965159,0.077310890
4023,-0.032873631,-2.914352417
4024,0.488014251,-1.048767686
4025,-1.041677833,0.864885747
4026,-0.047066167,0.784266949
4027,-0.791803360,1.006010175
4028,-1.429791689,0.004645228
4029,0.999312222,-1.738471985
4030,-1.370109081,2.576944351
4031,0.406710625,0.243702769
4032,0.388977885,0.009682894
4033,-0.760106683,-0.078760222
4034,1.159806728,1.764654875
4035,0.558589101,2.049799919
4036,-0.361082792,-2.053469419
4037,0.176670194,0.725202322
4038,-0.853963017,-0.071075797
4039,0.369786471,-0.303635299
4040,0.268998086,0.913173974
4041,1.461481810,1.288876534
4042,3.041957378,-1.063773751
4043,0.264999211,-0.662318707
4044,-1.463264704,-0.735199392
4045,2.050230503,0.227793202
4046,0.202927783,0.539485753
4047,0.622543097,-0.550595045
4048,0.784411728,0.179502249
4049,0.122236125,-0.096583359
4050,2.112391472,1.550057054
4051,-0.723726630,2.346671820
4052,-2.121935844,1.055871129
4053,0.697245181,1.452062249
4054,-1.783442497,-0.236243278
4055,0.776842117,0.441243887
4056,0.585426450,-0.926655412
4057,-0.065056741,0.803922057
4058,0.467017889,-2.072755337
4059,2.120971441,1.095170856
4060,0.689275146,0.004270017
4061,0.531851649,-0.090040460
4062,-0.438797712,0.294358552
4063,-0.508873463,0.611407995
4064,1.515937328,0.102442659
4065,0.483822823,-0.376321673
4066,0.012540817,-1.498781204
4067,-0.098467328,0.669050574
4068,-1.086194277,0.377837300
4069,0.186788574,1.157117248
4070,1.695086956,-0.201714098
4071,0.337587982,0.564548194
4072,-0.290983558,-0.555909276
4073,-0.208346531,0.531970203
4074,-0.128882408,-1.119525671
4075,1.250308633,-0.421880066
4076,-0.281602770,0.092124760
4077,-1.938333750,-0.235608816
4078,0.727770984,0.974011481
4079,-0.511105895,-0.795741022
4080,-1.249988675,-0.460419357
4081,-0.372418463,-1.029468894
4082,-1.544586658,-1.180887699
4083,-0.687465131,-1.044389963
4084,0.324899733,-0.039567441
4085,0.300758541,-1.459277511
4086,0.319748878,0.150000930
4087,-0.404757410,1.688616514
4088,0.004235715,-0.491057277
4089,-0.316316277,0.105222136
4090,-1.161598086,0.702987850
4091,-0.863219798,-1.541378975
4092,1.505389452,-0.273823857
4093,-0.027842959,-0.168343931
4094,-0.508639395,0.047926791
4095,-0.157017678,-0.127598971
4096,2.434815884,-0.925379574
4097,0.883946121,-1.333010554
4098,-0.525736094,1.042712450
4099,1.510822892,0.952957928
4100,2.600874424,-1.379016280
4101,-1.035043120,-0.600419044
4102,-0.800672650,-0.490906924
4103,-1.289913177,-0.819809914
4104,2.679822922,1.331265926
4105,-0.500785112,-1.280472517
4106,-0.558726549,-0.354508460
4107,-0.380296886,0.187203526
4108,0.389156401,-0.247221306
4109,-1.236417055,1.082710385
4110,0.231631637,-0.161097735
4111,-0.481507957,-0.210527837
4112,-1.880132556,2.271572351
4113,-0.921950519,-0.987428606
4114,1.665246248,1.163569808
4115,1.633604288,2.034189224
4116,-0.110719159,-0.145568073
4117,-1.159083962,-0.636414170
4118,0.257399797,2.518938780
4119,0.615868390,0.444188893
4120,0.142904088,-0.171476364
4121,0.782340646,1.441462278
4122,3.211938381,-0.847286046
4123,-0.352101564,2.952495813
4124,1.280514479,-0.287118793
4125,-1.358217359,1.631271243
4126,-0.130142361,-0.822957218
4127,1.636350274,0.623480618
4128,0.463356078,1.591954350
4129,0.287535459,1.017325759
4130,2.075226307,-1.458588123
4131,1.105510116,-2.270423889
4132,0.961348355,0.031332120
4133,-1.023895383,-1.023681402
4134,0.935490251,1.175976515
4135,-0.697271943,-0.313978076
4136,-1.628092766,-0.006344676
4137,1.041313291,2.191245079
4138,0.080908753,0.200645387
4139,-1.780128241,-1.671057940
4140,-0.374621183,3.319414616
4141,-0.576768398,-0.547662020
4142,1.172129631,-0.145713180
4143,0.499238521,-1.177541733
4144,0.166873753,-1.285327315
4145,0.093040287,-0.085160136
4146,-1.435057402,1.152876377
4147,-0.673906326,-0.710317254
4148,0.225119084,-0.609343767
4149,1.616700649,0.960208118
4150,1.983720899,0.108993351
4151,1.582022429,-1.345213294
4152,0.936232269,0.594293773
4153,0.134649843,0.340584427
4154,2.072858334,-1.101523876
4155,-0.830535412,1.354946613
4156,1.129518509,0.028582253
4157,0.005197514,-0.236526966
4158,0.505290151,1.406268477
4159,-0.383433580,0.252148807
4160,1.473388076,1.025593519
4161,-0.702650845,-1.100694418
4162,-0.721624255,-0.189829946
4163,0.184407830,-1.382322788
4164,-2.099029779,3.390962601
4165,0.482119024,-0.199815050
4166,1.101105809,-0.090994999
4167,-0.524532914,-1.699798584
4168,1.269321322,2.134661674
4169,0.300898433,-1.020241380
4170,1.024248838,1.130782962
4171,-0.800901175,-0.308426917
4172,0.592612803,-0.743495047
4173,0.387840092,0.692184269
4174,0.158924580,-2.083744049
4175,1.623466253,-0.792144299
4176,0.171411738,1.023189425
4177,1.859513044,-2.512321234
4178,-0.368721247,-0.680690169
4179,-0.140353382,0.165089190
4180,0.713418007,-1.304847002
4181,1.417176247,-1.844599724
4182,-2.686151981,-1.494757175
4183,0.614779651,0.686378777
4184,0.213870406,0.555746198
4185,-0.113802835,-0.011554457
4186,-0.431515932,-1.202031612
4187,-0.140364468,2.716996193
4188,2.184626102,1.249569535
4189,-1.873617887,-2.895512581
4190,0.156353414,-0.029798828
4191,-1.004206419,-1.209217310
4192,0.516367912,0.671095490
4193,-2.374013186,1.270029187
4194,-1.251469851,-0.184211254
4195,-3.249752283,-0.788081884
4196,-0.921847105,-0.782028437
4197,0.949046075,1.195257306
4198,-1.945832253,-0.928560495
4199,-1.815095663,-0.029060602
4200,-0.905723989,0.133196622
4201,0.393726945,-0.785975099
4202,1.390736580,2.174622297
4203,-0.305814862,1.450183272
4204,0.290248275,-3.512017250
4205,-0.709248841,-0.129706919
4206,1.129360199,-1.203100085
4207,-0.035224438,1.156093597
4208,-0.536932111,1.129582167
4209,-0.466656387,-0.568152666
4210,0.796056747,0.338552237
4211,-0.149664789,0.794084191
4212,2.065619707,-2.278812408
4213,-2.464455843,1.478932142
4214,-0.034899879,-0.241972506
4215,0.896626234,-0.948938310
4216,0.269382238,0.916563392
4217,-0.853373230,0.534452796
4218,3.487359047,0.388095737
4219,-1.035641313,1.368236065
4220,0.730396330,4.871778488
4221,-0.138391748,0.686672449
4222,-0.846280217,0.329038084
4223,-0.950944543,-0.387915850
4224,-0.944525361,0.623218656
4225,0.428328514,-1.285155416
4226,-1.109443426,1.089837313
4227,0.412095815,-0.095872216
4228,1.757242203,0.876977205
4229,0.157635152,0.010741043
4230,0.141328588,0.166860223
4231,2.359673023,-0.293792129
4232,-0.069358543,0.032888949
4233,-0.517919242,-0.637504637
4234,-1.444971085,1.520080090
4235,1.168234587,-1.271914840
4236,-0.175309643,0.184294969
4237,-0.810128331,-0.476027489
4238,-0.393363833,1.902411819
4239,-0.159169719,-0.342323452
4240,1.705354214,-0.691731751
4241,0.152702481,2.047027588
4242,0.256847978,-1.325833797
4243,-1.077329755,-1.311889887
4244,0.609846532,-0.232307851
4245,-1.048084497,0.221752703
4246,1.342192888,-0.098048687
4247,0.606917858,-1.341975331
4248,1.959752202,1.861004829
4249,-1.679299116,-1.748221040
4250,-0.168605983,-0.115383513
4251,-1.424858332,0.757536173
4252,0.184763774,0.097687736
4253,0.274275899,-0.096964821
4254,0.411557198,-1.037684560
4255,0.171545953,1.635667920
4256,1.209331036,0.456899226
4257,-2.825647354,1.823652744
4258,-1.278801918,-0.912878871
4259,0.831366599,1.059070826
4260,1.077032566,0.492068887
4261,0.107392296,-0.216176227
4262,-0.561009884,0.127731457
4263,-0.785690665,0.128372610
4264,-0.817786455,1.026107430
4265,-0.711592555,1.093749523
4266,-0.494718939,-1.555937290
4267,-2.738345623,-0.100620687
4268,2.547281742,1.593279600
4269,1.999659538,-0.756881118
4270,-0.561375022,-2.059412956
4271,-0.147913545,-0.167265207
4272,2.078088284,0.070629954
4273,-0.653439760,0.632877290
4274,0.301337600,0.392351151
4275,3.050600052,3.260810375
4276,1.071614265,0.924360752
4277,-0.627671123,0.360293329
4278,-0.458439052,0.837656260
4279,-0.384881258,-0.331952512
4280,0.411774874,-0.941347063
4281,1.293572426,1.083654761
4282,0.338144690,0.103022590
4283,0.347704679,0.246019557
4284,0.532423854,-1.478273749
4285,-0.554019034,-1.467028379
4286,1.676085114,-0.819313645
4287,0.936385095,0.237021476
4288,0.444928467,-0.054385014
4289,0.155200168,-0.064607129
4290,1.733955979,1.740988493
4291,-2.112334728,0.639842629
4292,1.008215666,-0.869115114
4293,-0.148864388,0.143816024
4294,-1.826593399,-1.161149502
4295,2.651816130,-2.415684462
4296,1.440486670,-0.168647289
4297,0.862742364,2.247260094
4298,-1.662851453,0.915150166
4299,0.241304323,0.850698829
4300,-1.218556643,-0.688548803
4301,-0.241275951,-0.925424695
4302,-0.057839137,0.133050233
4303,0.561748028,1.384805083
4304,0.407808155,2.026235342
4305,-0.623404741,1.867537022
4306,1.642729402,0.467556119
4307,-0.786922038,0.082494318
4308,-0.021392219,-0.277121395
4309,-1.573089242,0.163043499
4310,0.753225207,1.153767824
4311,-0.304078728,0.635943651
4312,-1.630120277,0.636253655
4313,0.916674733,-0.770977795
4314,0.338357508,1.802937269
4315,0.870446086,-0.938456237
4316,3.149772882,-1.881385446
4317,0.433324724,-0.235526025
4318,1.934996486,-0.415453553
4319,0.423742682,-1.095991611
4320,-0.732319415,-1.276391745
4321,-0.735650063,-0.651151419
4322,0.265222073,0.469394624
4323,0.127941728,-0.171355367
4324,-1.758452535,0.436297089
4325,0.077563055,0.177763626
4326,1.559199572,-1.241376877
4327,-0.254582942,1.327921748
4328,0.033833928,2.696002245
4329,-0.391918063,1.622077107
4330,1.648435354,-0.018635392
4331,0.784775198,0.246664435
4332,-0.876489401,0.317630321
4333,-0.929272234,-0.176479548
4334,-1.233060837,0.753583908
4335,0.315257251,-0.223287493
4336,2.451188087,0.049173363
4337,-0.930645943,-2.115256786
4338,0.167831600,-0.141407996
4339,0.041447777,0.567116559
4340,1.010383129,0.700228333
4341,1.496536613,-1.691112995
4342,-0.884552181,-0.123362198
4343,-0.147003487,-0.303055376
4344,0.024334934,-0.496719748
4345,0.024434626,0.617453814
4346,-1.209230661,-1.247154832
4347,-0.735320866,-0.043642864
4348,-0.272031009,0.217414290
4349,-1.782655001,-0.010586977
4350,-0.602027178,-1.057541251
4351,1.150500655,-0.151769936
4352,1.320863485,-1.227827787
4353,0.266181916,0.890294075
4354,1.733853579,0.297789097
4355,-0.062067866,-0.164921030
4356,-1.895607352,0.485485196
4357,0.090654880,2.196175337
4358,-0.690599322,-0.244793311
4359,0.149014622,0.069232240
4360,-2.596397638,-1.726279974
4361,-1.022796869,2.823606253
4362,0.066779546,-0.140188068
4363,0.343167484,0.213218570
4364,1.146185637,-0.594884694
4365,-0.465540498,0.484193861
4366,0.004182279,-1.936801553
4367,-0.647625744,1.021874428
4368,0.461335778,0.567883730
4369,-1.118973494,-1.296367049
4370,1.956835270,-0.521403611
4371,0.319381744,-0.428008109
4372,-1.952677488,-1.987916112
4373,-1.270838261,0.060391784
4374,2.920081377,-1.139217973
4375,-0.340826660,1.219309330
4376,0.175973177,0.315455437
4377,0.182752073,0.757642627
4378,-0.490557790,0.981697619
4379,-0.280397415,-0.832004607
4380,-0.142375946,-2.338352442
4381,-1.344749212,1.401027918
4382,0.933615923,0.959270179
4383,2.372764111,3.123721838
4384,-0.389585912,-0.171715915
4385,-0.596135616,0.475802064
4386,-0.105305612,-0.625336051
4387,0.199933678,-0.760721684
4388,-0.460461557,0.275076270
4389,1.294847131,-0.237316102
4390,1.089173794,3.332731009
4391,0.390823573,-0.141014159
4392,0.149946898,0.899393857
4393,0.587399423,0.754723430
4394,1.669801474,-1.817700982
4395,0.102904953,0.262781262
4396,0.543867469,-0.554909587
4397,-0.092231885,-0.280182064
4398,-0.411295831,0.425955176
4399,0.679506421,0.923164010
4400,0.388938218,0.411177248
4401,0.045311362,2.043554783
4402,-1.982630968,0.055983067
4403,0.276993662,3.465285778
4404,-0.614302695,0.452785462
4405,0.066434592,-1.027445555
4406,-0.924695730,-0.920435965
4407,-1.036043286,-2.484264851
4408,-3.030390024,-2.573682547
4409,-0.247013673,0.555083096
4410,-0.156791463,-0.834505260
4411,1.469574690,-1.012861967
4412,0.262805879,0.789794922
4413,0.028795987,-0.351209551
4414,-2.465396166,-0.327358991
4415,0.198342294,-0.065839790
4416,-1.711059332,1.959097981
4417,1.336959839,2.847223282
4418,-0.070617922,1.252937317
4419,0.890951812,0.130493104
4420,-0.313905239,-1.355227947
4421,0.494501621,-0.784914136
4422,0.844857335,-0.626980543
4423,-2.302666664,-0.903639078
4424,-0.229209036,-0.444666147
4425,-0.988238215,-0.033949018
4426,-1.376071215,0.397150338
4427,-2.463372231,0.387294114
4428,-0.576675057,-0.799686551
4429,-1.066233039,0.285997748
4430,0.229866445,-0.210598737
4431,0.762447059,0.189488411
4432,-0.583163798,1.697702169
4433,-0.013496041,-1.630096078
4434,0.378725290,-2.412766695
4435,-0.713035464,0.928527296
4436,-0.419354290,-0.208449826
4437,0.191263512,0.070935652
4438,0.469961643,0.699925959
4439,-1.065573335,0.511336744
4440,0.488500983,0.913975000
4441,-0.503846169,-0.976293743
4442,-2.417026520,1.545150757
4443,-0.341192186,-0.486334264
4444,-1.235136867,-0.536434412
4445,0.199114621,-0.192532659
4446,-0.470431358,0.157181323
4447,-0.254153609,-0.004603758
4448,1.205070615,-1.515757322
4449,-1.739524841,0.843200922
4450,2.595953703,0.748144746
4451,0.551553249,-0.632621706
4452,1.772594929,1.644185305
4453,0.207405716,-0.378620028
4454,0.180109918,0.352304161
4455,1.093792319,0.289913356
4456,-0.388689309,2.068344116
4457,-0.213759303,-1.831660986
4458,0.128417492,-1.077126622
4459,0.476795912,1.500847101
4460,-0.174099743,-1.712788343
4461,-1.441889286,-0.907780766
4462,-0.160491556,2.219030380
4463,2.043485165,-0.062304303
4464,-0.540342331,-1.611513257
4465,-1.136763811,0.346922785
4466,0.194151089,0.019572446
4467,0.185481638,1.253110647
4468,-0.006019622,-0.009663120
4469,0.690899551,-1.219347477
4470,-0.199089304,0.049003240
4471,2.484992266,0.418236017
4472,-0.327760488,0.933282733
4473,-0.058099765,0.165271804
4474,0.147524461,-0.087103166
4475,-0.579786837,0.695965171
4476,-0.083544597,0.222052813
4477,0.742334604,-0.663984537
4478,-1.160326719,0.774302959
4479,-0.757244825,-1.406012535
4480,0.651526093,0.403738976
4481,-0.797258794,-0.606567144
4482,-0.180276439,0.370838165
4483,0.068204612,1.622952580
4484,0.008811306,-0.161340326
4485,0.551618457,1.273177147
4486,0.048140645,-1.593515038
4487,0.357607663,2.382070303
4488,-1.138769031,0.194489911
4489,0.156368315,-0.346730083
4490,0.670439303,0.910153091
4491,0.931880832,0.418914288
4492,1.024769783,-0.147984698
4493,2.700928450,-0.453344345
4494,0.726482451,-1.502022147
4495,0.091143385,-1.332851291
4496,0.461984515,0.563873112
4497,0.248993769,-1.176393509
4498,0.209773779,-0.810267031
4499,-2.545694828,2.511000633
4500,0.458814681,-0.709960818
4501,-1.154744983,1.920206070
4502,0.180190206,-2.000554562
4503,-0.342814058,-0.197177321
4504,0.547365606,1.537794471
4505,-1.662471533,0.202502400
4506,0.018399104,-0.917948365
4507,-0.829909623,-0.034088552
4508,0.574407339,-0.353537083
4509,0.883881867,0.039698377
4510,-0.547517478,-1.061234236
4511,0.642384470,0.494731367
4512,1.107360363,-1.058393478
4513,-0.111501202,-0.240655124
4514,2.054634571,-1.143831015
4515,-3.346920252,-1.227673292
4516,-0.135445550,0.128909916
4517,0.820848703,0.232168019
4518,-0.193904504,0.104240701
4519,-0.184352428,0.042015001
4520,1.857547045,0.049520575
4521,-0.306116760,-0.658825397
4522,-0.028124044,-0.180851400
4523,0.182700798,0.043979056
4524,2.068028927,1.764223814
4525,-0.480392843,-0.479006380
4526,-0.575484276,-1.900060534
4527,-2.055661678,2.125877142
4528,-1.533977032,-0.371938616
4529,-0.627066553,0.113443628
4530,-1.881390452,1.272262573
4531,-0.353781015,0.201261252
4532,0.363704920,-1.170172453
4533,-0.662684381,1.395747185
4534,-0.162793994,-1.131067753
4535,-0.584643066,0.784869254
4536,-1.097355247,0.386763901
4537,0.046598502,0.445397526
4538,-0.755300403,-0.670617938
4539,0.097286582,-1.376985431
4540,0.720963359,-1.185091257
4541,0.188796356,-0.178321317
4542,0.685348928,-0.385797292
4543,-0.300182879,-1.747764111
4544,-0.813076615,1.402899742
4545,-0.241246134,0.174754634
4546,-1.603619337,2.164184809
4547,1.768682480,1.683289051
4548,0.364999712,0.232780755
4549,-0.017188244,1.218539834
4550,-3.340631485,-0.712129951
4551,0.510791719,1.498277903
4552,0.154057473,-0.745919466
4553,-3.604201317,-0.713992596
4554,0.949388266,0.134606302
4555,-0.935425997,0.534572005
4556,-2.373276234,1.534526825
4557,2.743144274,-1.300450087
4558,1.039584160,-0.242732495
4559,0.467775881,0.218371943
4560,0.794805110,0.364071071
4561,-0.820697725,0.602097631
4562,0.696862280,-0.004592124
4563,-0.152636871,0.983940840
4564,-0.507637203,1.585364461
4565,-1.014129639,2.367877960
4566,-0.622369528,-1.333355546
4567,-0.159425870,-0.172524258
4568,2.940751076,-0.706572115
4569,-1.875205398,-1.486274481
4570,-1.675453067,-0.280064166
4571,-0.334849864,-0.339331299
4572,1.151590228,-0.532796919
4573,-0.588521719,0.283043087
4574,1.112450361,-0.883926928
4575,0.222442746,0.054747440
4576,2.559196711,-0.264725804
4577,-0.249779910,-1.993277669
4578,-2.147685766,0.834996283
4579,0.666219294,-1.078445792
4580,-0.276137412,-0.295717716
4581,0.539365888,1.288580894
4582,-0.035957493,0.165054560
4583,-0.022369593,-0.323151439
4584,-0.273199320,1.121062398
4585,0.658057332,1.076283693
4586,-1.235336542,2.261496782
4587,-1.454557061,-0.164229363
4588,-1.707811832,0.323703319
4589,0.128956780,0.067006968
4590,0.924666762,0.583277524
4591,1.032902122,0.599476814
4592,4.161602020,0.373755932
4593,0.120684966,-0.823518336
4594,0.812972665,0.061279640
4595,0.046886198,0.777925968
4596,-0.121110335,-0.571549773
4597,0.303859890,1.606115818
4598,-0.852900028,-0.179357648
4599,-0.799468398,0.769295156
4600,0.736136854,-0.706021428
4601,-0.132605404,-0.069726966
4602,1.778133154,1.579460621
4603,0.692203164,0.352834791
4604,-0.178065434,0.479472101
4605,-0.686927080,-2.888267040
4606,-0.668408036,0.943550766
4607,0.585828781,-1.835413933
4608,0.371912658,-0.721912503
4609,0.215234101,-0.619821310
4610,-1.056992054,-0.490607411
4611,1.198473930,-0.545391858
4612,0.561464548,0.990095198
4613,1.826031327,3.701828957
4614,-0.210198388,0.527191758
4615,0.940042675,1.075511932
4616,-0.116601080,-0.167896926
4617,-2.015347004,-0.547481418
4618,0.791670680,0.648481727
4619,1.541921735,-0.088240229
4620,-0.150163278,0.225877345
4621,1.529142261,-1.738671064
4622,1.152856350,0.768997312
4623,1.580401659,-2.689670324
4624,0.291987270,0.209062725
4625,1.581844568,0.375052333
4626,0.006939687,-0.291221619
4627,0.926925898,-0.511665821
4628,-0.183163434,-0.048389181
4629,-1.544125080,0.083395362
4630,-2.454514027,-2.039047480
4631,0.701079130,0.010583788
4632,0.609679282,0.079276532
4633,-0.086966529,0.825518966
4634,-1.410377979,-0.036884248
4635,2.487500668,-0.208658263
4636,0.716480017,-0.354947269
4637,-3.885074854,-0.586117148
4638,-0.127921104,2.134435892
4639,-3.000186682,3.874169350
4640,0.238822401,-1.287485838
4641,-0.329225302,-1.337120771
4642,-0.301772267,-0.070594043
4643,0.020772573,-0.237986341
4644,1.514928222,0.720461845
4645,0.239984989,0.682666540
4646,-0.446935773,-0.086120695
4647,0.770922303,-0.925862312
4648,-1.199706793,-0.121366799
4649,1.724789023,-0.941727042
4650,-1.833631635,1.329895854
4651,-1.800144315,-0.093585461
4652,1.825612187,-0.429745972
4653,-0.173865587,1.628999949
4654,0.071189664,-0.036725000
4655,0.896711528,3.146890402
4656,0.434855670,-1.130738974
4657,1.471046686,-1.643154144
4658,1.207689047,-1.877551198
4659,1.516283154,-1.762295008
4660,-1.228144169,-0.869425297
4661,0.593585253,-1.074911118
4662,0.292472720,-0.363294333
4663,5.228769302,-2.178280115
4664,1.381361008,1.167835474
4665,1.131260872,-2.070055962
4666,-0.094576605,0.575082481
4667,-0.227948859,-0.417426229
4668,-0.215748012,-0.208691180
4669,0.117781326,0.176208049
4670,-1.116886854,0.058462381
4671,-0.395674884,-0.133465931
4672,0.370920658,-0.056956902
4673,1.190566063,-2.751047373
4674,-0.427821696,-0.415140927
4675,-0.772679925,-0.234547034
4676,-0.345215023,-0.532030702
4677,-0.501182199,0.388905585
4678,1.598370910,-1.617951274
4679,-1.102718115,-1.223904848
4680,0.565486789,-0.522717595
4681,0.286381662,-0.002613409
4682,0.993885398,1.066315532
4683,-0.625792027,1.362822413
4684,1.871037245,2.995371103
4685,0.004585904,0.218915150
4686,-0.827157021,0.601963639
4687,-0.026878912,-0.221578479
4688,0.048220098,-0.052703112
4689,-0.001086328,0.368673116
4690,-3.175303698,-0.108560473
4691,0.786865711,0.803017974
4692,-0.434344649,1.588034391
4693,3.148024559,-0.341499120
4694,1.968943715,-1.068729877
4695,0.076918066,-0.665005088
4696,-2.289889097,0.707431555
4697,-1.127466917,-2.425836325
4698,0.254680574,0.044756517
4699,2.347680807,-1.310786128
4700,1.425462008,-1.098279953
4701,0.668108881,-0.489892960
4702,0.835895717,1.551772118
4703,-0.493774027,0.909774780
4704,2.253590822,-3.874229670
4705,0.428171784,-0.042208947
4706,-1.147300720,-1.244782567
4707,0.162435949,-0.219665214
4708,0.606384397,0.105204940
4709,-0.487004876,-0.332119048
4710,-0.583253324,-1.022829771
4711,1.302356362,0.288865268
4712,0.379644632,-2.766067028
4713,-0.183972701,0.123646542
4714,1.482221365,-0.150090367
4715,0.802266300,0.059525810
4716,-1.158168674,-0.590033352
4717,-0.156673342,-0.282358587
4718,0.002215240,0.290080726
4719,-0.544750571,1.941953421
4720,0.590736389,-0.694136739
4721,-0.420600474,-0.374815375
4722,-0.781268179,1.678344727
4723,-2.073729992,3.815966368
4724,0.472886354,-1.028787255
4725,-0.264358640,0.144359380
4726,1.087975860,-0.943383932
4727,0.928783178,0.588389754
4728,1.432080984,-0.423117906
4729,-1.589116812,-0.845398664
4730,-0.985030890,0.197135866
4731,1.310019016,-0.321220219
4732,-1.132101297,1.038362622
4733,-0.793301463,1.434946299
4734,-0.471918970,2.844267130
4735,0.217207730,-0.529020727
4736,0.293819249,0.795964599
4737,-0.465672314,-1.464618802
4738,-0.147551984,0.313874602
4739,0.103349179,0.812057018
4740,0.809074700,-0.259578258
4741,-0.512495995,1.037974596
4742,0.759016633,-1.449222922
4743,-0.573640943,-0.855515003
4744,-1.120995760,-0.421856910
4745,0.136584640,-0.372166216
4746,2.761987925,0.125219449
4747,2.595428228,0.143750831
4748,-1.595304489,-0.210280061
4749,-0.702597499,3.041205406
4750,-0.055847060,0.464387357
4751,-0.725175858,-0.659884095
4752,-2.311638355,0.702314615
4753,-2.852582932,-1.348529816
4754,0.238746017,0.176227719
4755,1.671086311,-0.031684298
4756,-0.506875157,-0.257924080
4757,-2.430295229,1.127689123
4758,1.625479221,-2.848846436
4759,0.166686863,-0.682150841
4760,0.767607212,0.652476907
4761,0.798164606,-1.305021524
4762,-2.809237003,1.897521615
4763,-0.162451997,-0.721273780
4764,0.151537955,0.213994548
4765,0.007453300,0.191627428
4766,0.389197409,0.456554115
4767,0.163773060,-1.430506825
4768,0.058023814,0.307090580
4769,0.385734916,-1.097725630
4770,-0.992607713,1.139587760
4771,-0.066983819,-2.288812399
4772,1.031437516,0.051810585
4773,-0.089367270,-0.631575406
4774,-0.608155847,-0.706776202
4775,2.037928820,-0.418069541
4776,-1.707780242,2.659761429
4777,-0.552387655,0.681072295
4778,0.717064619,-0.969965816
4779,1.573453188,0.103983670
4780,3.150372744,-0.431160599
4781,0.252074242,-1.345163822
4782,2.046834946,-0.196313828
4783,0.629177630,-0.466532201
4784,-1.976301670,0.952139378
4785,0.740810633,0.165652975
4786,1.058393478,-0.047153924
4787,0.588966727,0.856812000
4788,-0.849081874,-0.268806845
4789,1.024179220,0.708892465
4790,-0.691596866,-0.832727492
4791,0.225308806,-0.478761643
4792,-1.037582874,1.118355036
4793,0.476474822,-0.643099487
4794,-1.312520027,1.229244471
4795,0.125451773,-1.815799117
4796,-0.258373678,-1.281327963
4797,1.135093212,0.738188922
4798,1.694075823,-0.374914885
4799,0.614182591,-0.018456381
4800,1.381596804,-1.177907705
4801,-1.510232806,1.923763752
4802,-0.152857602,0.157251596
4803,1.139282942,0.074334741
4804,1.434266806,-0.316585690
4805,0.316777259,-0.020453356
4806,-1.079476118,-1.034642220
4807,1.455197334,0.630281806
4808,-1.503967762,-1.206918001
4809,-0.189964324,-0.049104422
4810,1.267385840,-1.431978345
4811,0.302107900,-0.381602198
4812,0.017269343,-1.784741640
4813,-1.347519040,-0.382559538
4814,-2.061092854,-0.330930769
4815,-0.063933872,0.214404583
4816,-1.009020090,0.975117028
4817,-1.248886585,-1.085295439
4818,0.586292505,0.943828583
4819,-1.008090734,-3.445375204
4820,-0.566182673,-0.064908974
4821,-1.380328655,0.728187978
4822,0.593049884,-1.543109655
4823,-1.481093049,2.251532316
4824,0.346314967,1.012247324
4825,-0.020700941,-0.158413172
4826,0.565904081,-0.418378264
4827,-1.197311997,-2.195656776
4828,-1.071730733,-1.176463485
4829,-1.661564350,-0.546933472
4830,1.221505165,2.102286577
4831,-0.245051414,1.752474904
4832,-0.569911778,-1.698344231
4833,-0.615929842,-0.831581831
4834,0.681654155,0.773531973
4835,-0.090312265,0.366306663
4836,-0.695904195,1.151664615
4837,-0.889032304,0.924023032
4838,0.232424855,-1.940473080
4839,-1.205512404,0.723514199
4840,-0.402979553,1.364861250
4841,0.296997279,-0.123345733
4842,1.608830452,-1.491485119
4843,-0.570435882,-1.612728238
4844,-1.393446207,0.178668439
4845,1.544018984,0.452309132
4846,0.688266098,-0.255428612
4847,-0.775900245,-5.003615856
4848,0.025867216,0.267211169
4849,0.796087027,-1.279937148
4850,-1.336078286,-0.150078356
4851,-0.875097632,0.082138836
4852,-0.411286563,-0.249992162
4853,-1.246846914,-4.169400692
4854,0.546252728,0.560476720
4855,0.143536478,-0.563716829
4856,-0.859820724,-1.057468295
4857,-0.312482685,0.855931699
4858,-0.379717827,-0.547475159
4859,-0.964912415,0.272587776
4860,1.598681927,0.633477926
4861,0.031868875,-0.746864796
4862,0.247515768,-0.060027193
4863,0.011543989,-0.407288671
4864,3.205417395,-0.811891019
4865,-0.087914519,0.706162274
4866,-1.347306371,0.185625583
4867,0.871546745,1.670029044
4868,1.167536736,0.831453919
4869,0.179700106,1.972079158
4870,-0.683484197,-0.886743307
4871,0.169507608,-0.087333895
4872,0.487308979,0.228202969
4873,-0.521477342,-0.102451287
4874,0.880038202,0.527714849
4875,-0.698213100,-1.991213441
4876,1.158647418,-1.803268909
4877,-0.159792066,-0.738362670
4878,-0.298205495,-0.097873293
4879,-1.036354780,1.450439453
4880,-0.431428581,2.148682117
4881,0.568995178,0.417321473
4882,-1.719412208,-0.259798288
4883,-1.448628068,1.628257275
4884,-1.259763002,-0.284990728
4885,-2.020791769,0.392189682
4886,0.192756653,-1.780640841
4887,-0.057213068,-0.101957232
4888,0.389414668,-0.126445085
4889,1.278992176,-1.911617160
4890,-0.198667824,-0.842378736
4891,0.392052889,1.308788896
4892,0.792923689,1.398880124
4893,1.016542196,-0.820247173
4894,0.457941443,-1.482499480
4895,0.870365858,-0.861275852
4896,0.019455330,-0.262081772
4897,0.972315788,-0.129180253
4898,2.838135958,-0.718457937
4899,0.061256442,0.169579685
4900,1.705389023,2.504477262
4901,-0.112106480,0.143803537
4902,-0.560826182,0.292787075
4903,-0.589076757,-0.532811821
4904,1.104579926,-0.214929491
4905,1.260056138,0.042362981
4906,0.298865706,-0.045226451
4907,0.044315677,0.360796124
4908,1.581768513,-0.365211815
4909,0.423768520,0.434240162
4910,-1.057727098,-0.195852816
4911,0.560987473,1.204398632
4912,0.266608059,0.543478072
4913,0.161210150,-3.028021336
4914,0.569176316,2.678934813
4915,0.036740303,-2.315883160
4916,-2.223257065,-1.023706436
4917,-1.973777294,1.332686663
4918,0.143865824,-0.163807660
4919,-1.033097506,0.121433079
4920,-1.906485319,0.637524843
4921,-0.034823813,-0.156717852
4922,0.547218740,-0.695111334
4923,-2.442350864,-2.257661581
4924,-4.299391270,-1.633988619
4925,0.784332037,-0.214101791
4926,0.239002705,0.026937980
4927,-3.788523674,0.850682259
4928,-3.036353588,-4.273651123
4929,0.303629994,-0.212478608
4930,0.742328882,-0.162844926
4931,-0.939653635,0.872867823
4932,-0.471692473,-0.520446718
4933,0.365210474,-1.631632090
4934,-0.773212552,-0.169359863
4935,0.331064343,0.066829644
4936,0.543853760,-0.807096422
4937,-2.337548256,-0.778463006
4938,0.991116464,0.815412283
4939,-0.645531774,-0.671303511
4940,-0.255086750,0.117445849
4941,3.295136929,0.772177219
4942,-0.753812671,0.461983919
4943,-0.349408507,-0.426155150
4944,1.480682731,1.316255808
4945,-1.109217405,0.026668727
4946,0.258650661,-0.339199960
4947,1.136788011,0.010462876
4948,0.116723597,0.039899588
4949,2.215091944,-0.772617579
4950,0.962436378,0.088767588
4951,2.418035984,-0.300493896
4952,1.896530628,1.886320710
4953,0.157468036,-0.843255699
4954,3.315812826,0.229931504
4955,-0.093809158,0.165085897
4956,0.771084130,2.330812216
4957,-2.219874382,-2.345368862
4958,-1.256574750,0.196870387
4959,-0.122047141,-0.276585102
4960,-0.373294353,0.551985145
4961,-1.092601061,1.123132348
4962,0.231193706,0.495239347
4963,1.147273660,-1.141267657
4964,-0.734116375,-0.163559198
4965,0.148328528,0.120425776
4966,0.372199982,1.332089663
4967,1.622635365,0.652782977
4968,-0.308137298,-0.752616763
4969,-1.089123607,-0.822465658
4970,0.801805973,-1.126178503
4971,-0.028243225,0.762165606
4972,1.286589861,-0.179374576
4973,-1.745538354,-1.379437208
4974,1.161925435,-0.924687028
4975,0.910518765,-0.020183487
4976,0.070566416,-1.729840994
4977,-0.047667451,-0.220288277
4978,-0.439277977,-0.613308609
4979,0.739968956,-3.490307570
4980,1.289379239,-1.529462576
4981,0.412756741,2.348021507
4982,0.070719168,2.098628998
4983,-0.637982666,0.100696519
4984,0.864609480,-0.128877327
4985,0.429369628,3.189213753
4986,0.759436846,0.667679667
4987,0.007860541,-1.361581445
4988,0.627476752,-0.418536067
4989,1.259993076,-0.559721410
4990,0.452914268,-2.594970942
4991,-2.659887791,-0.766997933
4992,-1.468106031,-0.723875761
4993,-1.198560119,-0.724109054
4994,-0.302805752,0.572872758
4995,0.802985728,-1.659648180
4996,-0.925280452,-2.031714916
4997,-1.439365029,0.895092070
4998,2.498944521,-1.033661366
4999,-2.297597885,2.071548939
5000,0.140945897,0.156687021
5001,-0.719843686,1.222237825
5002,0.379174352,-0.267589360
5003,-0.797675014,0.559258401
5004,0.492413700,0.055192448
5005,3.504417658,1.932130337
5006,0.042210490,-0.148662627
5007,0.010939837,-1.072681665
5008,2.507506132,0.036063880
5009,-2.779925823,-1.631759763
5010,-0.053080857,0.726768374
5011,0.140786171,0.013239486
5012,-0.244699851,-0.230045438
5013,-1.672624111,-1.122581363
5014,0.282754987,-0.080796167
5015,-0.815440297,1.056608200
5016,-0.037668332,2.244364738
5017,-1.002909184,-0.357299268
5018,-0.231047824,-0.101791218
5019,1.848015547,0.321378171
5020,-0.965635598,0.589004993
5021,0.144429684,1.184509754
5022,-1.129745364,-0.034498453
5023,-0.562263489,0.092136532
5024,1.013120413,0.057404160
5025,1.485134125,-5.175833702
5026,1.307483435,-0.189143732
5027,0.420524091,0.398433149
5028,-1.796751976,0.502346694
5029,0.686193526,-1.707646012
5030,-1.026013732,-0.099403322
5031,1.167135715,-0.106170580
5032,-0.094929665,0.046831794
5033,-0.518872142,1.902451158
5034,0.340050757,-0.151386991
5035,0.056432441,1.092530608
5036,-0.779257298,-0.823378325
5037,-1.461173415,-1.677970171
5038,-0.680855989,-1.150418758
5039,-0.332791865,0.703892946
5040,-1.274107337,-0.150409222
5041,-2.135381222,-0.774984241
5042,0.057114735,-0.154405937
5043,-0.389408052,0.895872355
5044,0.595823169,-1.357858539
5045,0.973729134,1.403435469
5046,-1.304841757,0.367346048
5047,0.188687921,0.166329682
5048,0.341250032,-0.257890999
5049,-0.309320986,0.062618889
5050,-0.190218329,1.142566204
5051,0.164667979,0.602522433
5052,0.234768346,0.054269362
5053,-0.052686453,-1.356390476
5054,-0.141237974,0.012626767
5055,0.225604028,-2.110462904
5056,1.701642990,0.276221514
5057,0.716735005,0.775638759
5058,-0.208386779,1.997221708
5059,-0.758318603,2.662498713
5060,-0.941720366,-0.234833628
5061,-0.075256288,-0.705581784
5062,-1.241928220,-0.876805544
5063,-0.062345825,0.449071079
5064,0.050122708,-0.498335660
5065,-1.727613807,1.406803131
5066,-2.093099594,2.149841785
5067,-0.905707777,-0.685412526
5068,-0.731373966,0.502602518
5069,-0.716720700,0.376335323
5070,-0.564752400,1.183015585
5071,-0.718039513,0.127437919
5072,-0.598645270,-0.040063232
5073,-0.104744434,0.763140798
5074,0.811907768,0.098554991
5075,-0.213047802,0.077136293
5076,0.502126694,0.144631892
5077,-0.769974828,-0.870145917
5078,0.271840870,2.805571556
5079,0.312618345,1.025307775
5080,1.142738342,-0.134572238
5081,0.734876573,-0.203902707
5082,-0.491666436,-2.705666065
5083,2.291646719,-0.621639192
5084,-0.089419767,-0.439364344
5085,2.138449669,0.207589954
5086,0.117817611,-0.347667515
5087,0.100817651,-0.202083811
5088,0.532724500,-1.119026661
5089,1.718341231,-0.759185433
5090,-0.029785452,0.248920396
5091,-0.485287905,-0.161207795
5092,0.644634604,-0.912789524
5093,1.971362472,0.746816397
5094,0.036287099,-0.847992003
5095,0.919018507,-1.632707000
5096,0.767247438,0.176889554
5097,0.428628266,0.238839969
5098,-0.455564797,-0.736781895
5099,-0.192041263,2.472847462
5100,-0.352380246,-0.061714426
5101,-2.050468683,-1.252537251
5102,-0.793696702,2.770694733
5103,-0.997680426,-2.135079384
5104,0.034693956,0.976024508
5105,0.411734253,-0.807556570
5106,1.401673317,-1.340155602
5107,0.513876200,1.027604103
5108,1.610374808,-1.231090784
5109,0.960353076,0.631911099
5110,0.397663951,-2.110834599
5111,0.214622289,1.343448400
5112,0.244388252,0.617469072
5113,0.526438355,-0.169999123
5114,0.365613282,0.092379726
5115,-0.222923517,-0.824784756
5116,0.089417294,-0.200359717
5117,0.304966748,0.189129204
5118,0.812801480,-0.014709719
5119,0.710937202,0.765551507
5120,0.187576115,-0.549929440
5121,-0.978219986,-1.905522108
5122,0.318928570,1.732104540
5123,-0.373978674,0.305286914
5124,0.385185719,0.640026450
5125,1.432452321,0.172557741
5126,0.426405370,0.285654902
5127,1.616654634,-1.967933655
5128,0.780215859,-0.202600032
5129,-0.076338768,0.192859679
5130,-0.247686431,-0.132330015
5131,3.400620461,-0.611787975
5132,1.798841715,1.800902724
5133,0.439672828,0.564538002
5134,0.094672985,1.006001592
5135,1.595170498,-3.292937040
5136,0.317460895,3.959935427
5137,0.517470002,-0.146997318
5138,0.972936273,-0.322152078
5139,1.638135314,0.508206487
5140,2.153091908,1.032229900
5141,0.201761365,-0.311963141
5142,0.363091886,-1.814788580
5143,-1.580114365,0.253349066
5144,-2.471753120,2.553944588
5145,0.521467090,1.721502781
5146,1.335708380,2.044181824
5147,0.530660570,-0.525039554
5148,-1.160218120,-1.894947052
5149,-0.608150482,-0.233714044
5150,-1.526364326,0.693189919
5151,-0.280897290,1.413827896
5152,0.222359657,0.803037286
5153,-3.133342981,0.460978687
5154,1.536041498,0.104148470
5155,0.390572846,-0.302569240
5156,-2.367454052,-1.254066467
5157,0.780879021,-0.797492325
5158,0.406575888,1.821372151
5159,-1.431484222,0.202159286
5160,-0.205688834,0.364123344
5161,-2.079755545,0.770315528
5162,0.223792017,-2.069431782
5163,-1.330466509,1.451363564
5164,0.526646614,-0.880166411
5165,0.130838454,-0.459261268
5166,1.139021873,-0.325221181
5167,0.169474244,0.063161716
5168,-0.104688019,-1.846702933
5169,0.480274677,0.429811418
5170,-0.178304732,-0.238930404
5171,-2.457173586,-0.405104637
5172,-0.083792090,-2.128484249
5173,-0.793307960,1.392394900
5174,-0.349807739,-0.149614379
5175,-1.069288731,0.594560564
5176,-0.761355996,2.230692863
5177,-0.787035227,-0.932540059
5178,-0.204148158,-0.179843262
5179,0.272819579,-0.181605607
5180,2.153380632,0.776721478
5181,0.059235081,-0.243237197
5182,0.252096891,0.304984778
5183,-0.994265556,-0.486968160
5184,0.307291389,-0.101210095
5185,0.303954899,0.219034046
5186,-0.219699830,1.018728733
5187,-1.132188797,2.447629452
5188,-0.296711475,-0.217661709
5189,-0.929682732,-0.633999527
5190,0.421211839,-0.366223127
5191,-0.172230080,1.725064754
5192,0.241791710,-0.148924232
5193,0.218629301,-0.380480766
5194,0.893218815,-2.071448326
5195,-2.993572950,-0.947288275
5196,-0.923852921,-0.529450417
5197,0.938260257,0.170666963
5198,0.603568673,0.046728633
5199,0.387559503,0.156625658
5200,0.300566167,-0.372662246
5201,0.781793654,-0.453423738
5202,-0.065140128,-1.350543857
5203,0.214978009,0.168433696
5204,-0.211809710,0.112504944
5205,0.372788966,0.040824920
5206,0.181204408,-0.085250705
5207,-0.690582693,-1.468187690
5208,1.917297602,-2.160046577
5209,-0.603725135,-1.346709013
5210,1.371427655,0.641335249
5211,-3.044616938,0.723349094
5212,0.879585922,-2.835873604
5213,-1.820287228,0.039207101
5214,-1.358363032,0.504828691
5215,0.553895593,0.326149672
5216,0.947270155,-2.147876740
5217,-0.079194508,-0.142372161
5218,1.686702728,0.316398919
5219,-0.082719602,-0.449803174
5220,0.202079982,-0.159753621
5221,2.109741449,2.119930029
5222,1.428240776,-0.097300209
5223,-0.065817200,1.120606422
5224,-0.210891142,0.211473837
5225,-1.887620926,0.981232822
5226,-0.281563252,1.969884157
5227,-3.216485023,-0.173136830
5228,2.079998016,-0.035374328
5229,-2.430685759,2.629573584
5230,-1.567645192,2.006685972
5231,0.699183404,1.538683414
5232,1.209674716,1.591010213
5233,1.341710329,0.387244940
5234,0.732903361,-1.309756994
5235,-0.835729897,-0.995138168
5236,-1.683352947,-0.682769597
5237,-1.150825500,-0.734221578
5238,-1.546567202,-2.140737295
5239,-2.037722111,0.024051726
5240,-1.178053379,-0.121101022
5241,0.199098676,0.914352953
5242,-1.355080009,-0.290972590
5243,-0.144094869,-0.733387470
5244,0.119496502,-0.230627581
5245,0.500292003,-0.413664609
5246,0.113707662,0.256481767
5247,0.344215512,-0.191595927
5248,-0.836367846,0.157117933
5249,0.036756396,-0.856172800
5250,0.182893038,-1.650906563
5251,0.755048275,0.896636009
5252,0.511532664,-1.006064296
5253,-0.373637944,-0.725490272
5254,-2.150269508,-1.210290074
5255,-0.945989192,0.653215170
5256,-0.523820519,1.117951155
5257,-0.740948141,0.831779957
5258,-3.356965065,0.553803742
5259,1.236150146,-2.331297398
5260,-0.020631826,0.547798932
5261,-0.893056512,-1.811089754
5262,-3.577182055,-0.974198878
5263,-0.219986394,0.010459248
5264,-0.609395266,0.322369546
5265,-0.245531932,0.165407240
5266,-0.278376937,0.729712605
5267,-2.078408003,-0.076503515
5268,0.147861272,-0.210023180
5269,-0.546571553,-0.137383088
5270,-0.988711894,0.401622415
5271,1.368206859,-0.869987607
5272,2.641921997,-1.646498680
5273,-0.060389124,0.181878209
5274,-0.624293506,0.941748857
5275,-1.092579842,-1.761896849
5276,1.093497038,0.250605106
5277,0.750218272,1.756745696
5278,1.640772820,-2.837790966
5279,-0.031881876,-0.214889362
5280,0.031285152,1.323623419
5281,-1.088900208,-0.628056645
5282,0.230926752,0.319851696
5283,-0.048611216,-0.566908240
5284,-0.600126922,-0.215737537
5285,0.105135977,0.364336193
5286,-0.708628476,-0.736495376
5287,0.477721095,-0.820034564
5288,0.369108170,0.994729638
5289,-0.723900437,-1.828348994
5290,-1.532962084,-1.384537458
5291,-0.124080978,0.110074118
5292,0.525301516,0.456285596
5293,0.079633050,1.136217594
5294,1.236274600,-3.200690269
5295,-1.832070351,1.740127087
5296,0.483787000,0.984240770
5297,0.233979017,0.735435247
5298,-1.777914286,0.774585247
5299,1.355604529,-1.255669355
5300,0.711743474,-0.154403478
5301,-0.129665762,-0.181760699
5302,-1.519260764,4.093098640
5303,-0.115910888,-0.084663272
5304,1.349046230,1.434481859
5305,-0.701384842,-1.124591827
5306,-0.803117275,1.087166548
5307,-4.185247898,-1.206362486
5308,-2.317528486,0.596139371
5309,-0.851547718,-0.622811079
5310,0.052357227,-0.870642543
5311,2.597222090,2.714823723
5312,0.495112777,-1.014941931
5313,-0.477109909,0.630432665
5314,0.157099605,-0.224712610
5315,-1.633070469,-1.303771973
5316,0.928860128,1.656640291
5317,1.174019337,0.491877258
5318,-0.837297082,-0.953897953
5319,-1.949111223,1.551253915
5320,-0.633749127,-0.323088944
5321,-1.991051674,-2.950883389
5322,0.510946155,-0.114510432
5323,-0.625967860,2.112033844
5324,0.905232012,-0.758013725
5325,-0.850510716,1.858337045
5326,-0.381633937,0.094095387
5327,-1.653488994,-0.250520170
5328,-2.886457443,-0.690269947
5329,-1.312902451,2.753116608
5330,-1.692422867,0.084504366
5331,-1.459772348,0.192251801
5332,-2.025660038,1.237077594
5333,0.904460490,-1.660559297
5334,0.552562594,-0.432640165
5335,0.042987354,0.385542601
5336,-0.346526921,-1.238929987
5337,-0.510953724,0.257626891
5338,0.519807696,0.053870603
5339,0.517327845,-0.015672958
5340,0.566652656,0.861600399
5341,-0.825672448,1.780625582
5342,1.694718719,-1.047196984
5343,-0.496395648,-0.735462308
5344,-0.732009649,-0.904111028
5345,-1.076300144,-2.678372622
5346,0.892956734,0.693462133
5347,-0.728107095,-0.696137667
5348,0.556338251,1.239691257
5349,-0.463726759,-0.928094864
5350,-1.527679443,0.610439956
5351,0.746586323,-1.431311488
5352,-0.096466839,-0.194022298
5353,-0.032824695,0.415213645
5354,0.225331798,0.128965139
5355,0.941832781,0.747123659
5356,0.295804173,0.043050133
5357,-1.873249531,0.588370085
5358,-0.742378533,-0.844506979
5359,-0.275876403,-0.444545269
5360,-0.054868780,0.321273446
5361,0.776720464,-1.346441031
5362,-1.262111187,1.313494086
5363,-0.828073263,1.828088760
5364,-1.023529530,-0.549785733
5365,0.548677325,0.562407672
5366,0.911293924,2.406653643
5367,1.138880730,-0.458218008
5368,-0.683772624,-0.597413659
5369,0.998220801,-1.288638592
5370,0.443037748,-0.383284450
5371,1.099015594,-0.712387264
5372,0.240364194,0.751763761
5373,2.798174858,3.334276676
5374,0.465747625,0.203001082
5375,-0.249222517,0.209074795
5376,-1.976813316,-0.332799554
5377,1.015930057,-1.761850476
5378,-0.320048690,-0.332479894
5379,2.678892374,2.296736479
5380,2.034759521,2.338301659
5381,-0.674907923,-0.445253521
5382,0.650288224,-0.941387773
5383,0.361528516,0.074291945
5384,-0.720680535,-0.845934153
5385,-0.249010324,-0.145936698
5386,0.206455320,-0.150684983
5387,-0.228694469,-0.129161760
5388,0.861579895,-2.248701572
5389,1.715672374,0.177640438
5390,-0.352560639,-2.069103956
5391,-0.078472652,0.536978781
5392,-0.131799251,-1.667958260
5393,-2.033868551,-1.383023500
5394,-0.480318904,-0.974525928
5395,0.450794131,-0.038952991
5396,-0.680531919,-1.778965473
5397,0.448885858,-0.263260484
5398,0.706418931,-1.379817605
5399,1.620004058,1.467605233
5400,1.248350382,-1.001275182
5401,-0.525136769,0.340519935
5402,0.298036158,0.386899680
5403,-0.703771830,0.598812938
5404,0.928931892,-0.178282917
5405,0.268444300,0.066546611
5406,0.042338759,-0.460571706
5407,-0.197354198,-0.270093709
5408,0.442290992,0.549724281
5409,-0.503218174,-0.945955813
5410,1.899317741,-0.239451766
5411,1.984604716,-0.172194913
5412,1.070707440,-1.972135663
5413,0.658607543,-0.711540163
5414,0.384164691,0.897687018
5415,1.600211978,-1.151919723
5416,0.799636722,0.683204174
5417,0.773147762,-0.502831936
5418,-1.144759536,0.087149620
5419,-0.748532355,0.028492749
5420,-1.138485789,-0.971151412
5421,-0.966770649,-0.417220712
5422,0.259629697,0.302202463
5423,0.068499513,0.159837574
5424,-0.069242947,0.459418058
5425,0.263190269,-3.530826330
5426,-0.147109091,-0.991933763
5427,-0.105940223,-0.624590755
5428,-0.637775481,-1.856311083
5429,-0.572570682,-1.422564030
5430,-1.324237466,-0.567257166
5431,1.129967928,-0.765522242
5432,0.221451104,0.335018754
5433,1.049312711,-0.121839404
5434,2.705047131,0.999818265
5435,-0.552547634,-2.022389174
5436,0.649275959,1.846685648
5437,-0.934310675,1.568540096
5438,-1.389214158,1.803574800
5439,-1.103168488,0.000579014
5440,0.659824908,-0.920047104
5441,-1.042759180,0.431027442
5442,1.146619678,0.424577266
5443,0.274935424,1.931196690
5444,-1.865452290,-0.232367337
5445,0.418930650,0.734725893
5446,1.589091539,-1.804434776
5447,0.324190408,-0.403159976
5448,0.929666996,0.443993866
5449,1.731339455,-0.888806403
5450,-0.845220208,1.901254416
5451,0.593864799,-1.367528439
5452,1.022041202,0.857565105
5453,0.611993730,0.086495772
5454,-0.567101002,-0.169580713
5455,-0.163513780,-1.002970099
5456,-0.666759014,0.171422005
5457,-0.490497559,0.208896995
5458,-1.027284145,-2.202919960
5459,0.090724185,0.124502771
5460,-0.476804137,-1.594138741
5461,0.057768837,-0.194673330
5462,-2.261162519,1.616222382
5463,-2.086458206,2.434012413
5464,-0.005141646,1.120103598
5465,0.116806626,-1.438285708
5466,1.519506931,0.408912867
5467,0.258379430,0.303981066
5468,0.091883585,0.828354359
5469,-0.701858521,0.973632216
5470,1.302056193,-1.881346226
5471,-2.105937243,1.262927651
5472,-1.845133185,-1.790183067
5473,0.911942840,-1.365827084
5474,1.889515996,0.357014656
5475,2.595387697,0.085629351
5476,-0.659343064,1.599043608
5477,-0.758937001,-0.436755449
5478,0.660298765,0.158262745
5479,-1.582818508,0.661776602
5480,-0.944439828,0.654255211
5481,-0.285397053,-0.874513030
5482,-0.347808838,1.912507296
5483,0.720685124,-2.256731987
5484,2.041047573,1.014747977
5485,0.375519931,0.718101263
5486,1.056294560,0.789296687
5487,1.614199996,-0.916969597
5488,-2.183241367,0.869744778
5489,0.202858269,0.103681512
5490,-0.479885548,0.661613703
5491,-0.004415933,-0.183977395
5492,-1.120819092,-2.310927868
5493,0.122739993,-0.230791926
5494,0.459885627,0.246726125
5495,-0.500409067,0.158605695
5496,0.124662697,-1.001860976
5497,-0.008309199,0.926145434
5498,-0.120510511,-0.146794617
5499,2.361937761,-2.285594225
5500,-1.094367266,0.709931970
5501,0.339347988,0.923823178
5502,-0.489110023,0.384723306
5503,0.435517251,1.830709219
5504,-1.009638906,0.149288788
5505,-0.097107776,0.720443606
5506,-0.330706596,-0.739592850
5507,-1.158887506,-0.298439682
5508,-1.358958960,-1.720636845
5509,-0.023277897,-0.002952076
5510,-0.822925091,-0.407338440
5511,0.540529311,0.703907669
5512,0.996764600,-0.197106645
5513,1.284555197,-2.040437698
5514,0.234306604,0.217662796
5515,1.017150879,0.411223888
5516,0.744218290,-1.027384162
5517,-0.642965317,0.851330638
5518,-0.236596063,0.034983888
5519,-3.650942087,-0.221569300
5520,1.328322530,-0.826221824
5521,-1.201883197,-2.156926155
5522,-0.109007820,0.231358647
5523,-0.699662745,0.638849318
5524,0.281559944,0.070294075
5525,0.177597404,-0.115394473
5526,-0.859745264,0.419049144
5527,-0.746391892,1.112123609
5528,1.088547111,1.334053993
5529,0.069244295,-1.055259228
5530,0.327345282,1.396060109
5531,-0.277935207,-0.359233916
5532,-0.515316904,2.319334984
5533,1.309748888,0.017987974
5534,-1.240547657,-0.475472510
5535,-2.291285038,-0.620387435
5536,2.323104382,0.489820600
5537,0.426401675,0.730526507
5538,-0.120826386,0.527349472
5539,2.972052813,-0.748092473
5540,-0.699472547,1.463352799
5541,0.010066979,-0.399325639
5542,0.033496976,-2.161440849
5543,-1.975902081,-0.465504289
5544,0.060189649,0.525057256
5545,0.641967118,-0.516892910
5546,-2.017659903,-0.048611104
5547,0.202024326,-0.156668946
5548,0.218074575,0.399477869
5549,-0.305654794,0.166802898
5550,0.258934498,0.068333171
5551,-1.895063400,0.679980636
5552,2.200035572,-1.526943326
5553,5.074394226,0.638862967
5554,0.545304656,3.035140038
5555,-1.323646188,0.626042128
5556,-0.902131438,1.094442368
5557,-2.544419527,-0.020016253
5558,-0.472505093,0.711633444
5559,0.022214636,0.326552540
5560,1.106678486,-0.808101237
5561,0.059418522,-0.391097218
5562,0.267382026,2.493198872
5563,1.336504102,0.698356152
5564,-0.127150655,1.437558889
5565,-2.058913469,-0.755059958
5566,-0.429371446,-0.054507688
5567,0.258538514,0.443604141
5568,-0.110551551,0.414342374
5569,-0.147104770,0.025484933
5570,0.440250218,0.383499354
5571,-0.362533629,0.547498047
5572,0.308044970,-0.406672180
5573,0.159786999,0.476132572
5574,1.489009738,1.153799176
5575,-1.246373653,-0.556241870
5576,-0.363608927,1.298925877
5577,0.320141017,0.113946036
5578,-1.047943950,-1.680478096
5579,0.077896148,-1.551322699
5580,0.199588612,1.044260502
5581,0.041078590,0.197734207
5582,-2.027050734,0.943777561
5583,-0.654063106,0.325552642
5584,1.636363983,-0.868469059
5585,0.469949067,0.422464967
5586,1.485293388,-0.960300684
5587,-1.485349894,0.007308960
5588,0.343434751,-0.707333267
5589,-0.740590274,-2.578067303
5590,-2.841547251,-0.557521105
5591,0.049356163,-0.401841372
5592,-1.350035787,1.420651674
5593,0.731944919,2.011726379
5594,-1.387644410,0.101384163
5595,-0.103796504,0.845877886
5596,-0.610337138,1.502906919
5597,-0.556097448,1.186296105
5598,-0.229755938,2.315482140
5599,0.515111089,1.091213584
5600,0.213112131,0.145049512
5601,-2.200850010,0.781350613
5602,0.886086226,-1.891791344
5603,0.215684801,-0.344401419
5604,-0.974218726,-0.442957729
5605,1.231867313,0.023871318
5606,-1.618182182,0.918702602
5607,0.583807170,0.176167861
5608,-0.132776052,-0.155184239
5609,-0.910085559,-1.176847219
5610,2.939163923,-1.374466419
5611,-0.360460550,1.728232980
5612,-0.322079927,-0.619836807
5613,-0.006853334,0.328307569
5614,-0.419103742,0.218918547
5615,-0.033322453,-0.678980291
5616,-0.275390536,0.588705897
5617,-0.498710394,0.099985443
5618,-1.211572051,-0.196619153
5619,1.544179440,-3.082173586
5620,-0.091217965,-1.226139426
5621,-0.763177276,0.062559247
5622,0.156926915,1.038174272
5623,-0.309261948,-0.544149995
5624,0.259390920,0.289269447
5625,1.488153934,-0.986568511
5626,2.823173046,3.962731123
5627,-0.241593391,-1.455563307
5628,0.003326148,-0.418132842
5629,2.143800735,-0.496954858
5630,1.198135018,-0.815960467
5631,-0.570946693,-1.665144682
5632,0.355273068,-2.453046322
5633,-2.551056147,0.808663309
5634,0.518895209,2.091700554
5635,-0.072453693,1.065111876
5636,1.033128738,-0.336502939
5637,0.228151500,-0.381446123
5638,1.441235542,-1.085416198
5639,2.179026365,0.762951910
5640,1.011109591,1.007301688
5641,0.204225004,-0.996784747
5642,-0.168910697,0.798003912
5643,2.008943796,1.353614092
5644,0.083047748,-0.096565187
5645,-0.932936311,-2.031030416
5646,1.198328376,-1.570424199
5647,-0.115667738,0.591995478
5648,-0.905196846,0.091948092
5649,0.138793513,0.017219312
5650,-0.130337596,-1.356893897
5651,-0.599999428,0.931921601
5652,0.244785666,-0.054425597
5653,0.655293524,-0.052042108
5654,0.977941871,0.553466082
5655,-1.317953587,-1.024121404
5656,-1.008701563,-0.669007480
5657,-0.228144020,0.460202545
5658,-1.009402275,-0.256262422
5659,-0.663874686,-1.854515314
5660,0.287596881,0.970049679
5661,-0.949242115,1.151688218
5662,-0.147831604,0.151853547
5663,-0.641885757,-0.615867734
5664,1.071787596,-0.191346362
5665,2.474623442,-0.213959813
5666,-0.009007171,-0.315774769
5667,-1.933774590,0.828028023
5668,-0.379009932,0.473675072
5669,-0.633685946,-0.625549316
5670,-0.376659274,0.312434435
5671,0.167392597,-0.056585334
5672,-0.497879952,1.069390774
5673,0.589413524,-0.300083101
5674,-1.455331087,-0.341769159
5675,-1.361686945,-1.113048673
5676,-0.485797435,0.640654802
5677,-0.013901606,1.614424109
5678,0.165945798,0.127334625
5679,0.339289308,0.396946728
5680,0.329613924,0.474368066
5681,-0.479697555,2.140775681
5682,1.574597836,-1.941668510
5683,0.292728692,2.230528593
5684,0.007734895,-0.703811944
5685,-0.958852768,0.227766290
5686,-1.777580500,-2.126028299
5687,0.925714910,2.042459488
5688,0.270294338,-0.902594090
5689,-0.115257517,1.085500598
5690,0.024597168,-1.165610075
5691,-2.639624834,-0.419987828
5692,-0.269937158,0.858819544
5693,-1.876688480,-1.823550463
5694,0.929194272,0.840632617
5695,0.258466095,0.808430076
5696,-0.896802545,-2.884459496
5697,-0.313244700,-0.841385722
5698,1.697959900,1.110147476
5699,-0.253101617,-0.259059966
5700,0.459211141,0.383916169
5701,-0.087697983,-1.671985626
5702,-0.648623705,-0.150897086
5703,0.665172517,-0.716016829
5704,-0.790766239,-0.440758765
5705,3.221675396,-0.475706816
5706,-1.538015127,-0.342568159
5707,0.257469922,-0.323504180
5708,-0.415120393,1.187328339
5709,0.288692206,-0.093367964
5710,1.840635777,-1.320689917
5711,-0.111501925,1.788243413
5712,1.046336293,-0.407356381
5713,-0.730871797,-0.334011793
5714,0.211492658,0.226514339
5715,0.122670092,0.340190798
5716,-0.594847500,0.564049363
5717,-0.751650631,0.362957746
5718,-1.294884205,1.527587771
5719,-1.127365112,1.252739072
5720,0.324743330,-0.111096442
5721,0.765494168,-1.372988582
5722,0.439818591,-0.052954294
5723,0.895909965,-0.799169183
5724,-0.683432579,-0.008266568
5725,-0.975495100,2.569168806
5726,-1.235464096,-0.155064344
5727,-0.088629000,0.339454085
5728,-0.106049620,0.086932041
5729,1.970695972,-0.166852221
5730,0.480552912,0.008117732
5731,3.890443087,1.157994509
5732,-0.716855228,0.050361484
5733,0.967443347,0.331522733
5734,-0.064936094,0.380655229
5735,-0.717076957,0.323983341
5736,-0.632116616,1.009211063
5737,-1.160657763,-0.555074215
5738,0.044805355,0.324104279
5739,1.644257307,0.195715636
5740,0.256702662,0.327717215
5741,0.804112852,-1.692570448
5742,0.354306489,-0.090792701
5743,0.502619982,0.157879829
5744,0.752848625,-0.549784720
5745,0.051818736,0.250669569
5746,-2.869857550,1.389023423
5747,0.913417697,0.436442345
5748,0.046387307,0.752245903
5749,-0.159306869,-1.221102476
5750,2.008364201,-0.054390214
5751,0.174178988,-0.009454608
5752,-1.246248007,1.856129766
5753,1.017221808,1.248107314
5754,0.531485796,2.728602886
5755,-2.412209034,1.362087250
5756,1.257852554,-0.297219515
5757,-0.671888232,-1.044476151
5758,-1.104162574,-1.290189028
5759,0.710662484,0.764611304
5760,2.330978394,-0.395254582
5761,-0.634715497,-1.596775889
5762,-1.462411404,-0.804598987
5763,0.848450303,-0.575306892
5764,0.006161600,-1.441414356
5765,-0.308530867,1.431979895
5766,-1.457707286,0.506050706
5767,0.021662354,0.146655798
5768,2.053212404,0.120229244
5769,0.474456936,1.037006140
5770,-3.259392977,0.174474776
5771,0.429220587,-0.066387855
5772,-0.343434095,-0.469641864
5773,-1.921898127,0.166470289
5774,-0.408900499,1.718606472
5775,-1.182013392,2.397456169
5776,-1.473497868,-1.088033557
5777,2.727951765,1.681728363
5778,-2.831801176,0.913002133
5779,2.885083914,0.604137719
5780,-0.373295188,-0.064258590
5781,-1.899672627,0.861992836
5782,0.609216392,0.029120063
5783,1.340173125,-0.029365748
5784,-3.029383421,3.558914185
5785,-1.107606411,1.726679206
5786,-0.853201509,4.055621147
5787,1.868718982,1.443836689
5788,-1.452070236,-3.367429972
5789,0.302618593,0.234104350
5790,0.093761362,0.738116145
5791,-0.535991549,-0.464196503
5792,0.399615496,0.255758971
5793,1.560060501,-0.304636091
5794,0.510798156,-0.264081925
5795,-0.627534986,0.392205715
5796,0.650781572,0.553484261
5797,-0.252282500,-2.788762093
5798,3.156075954,-0.897969007
5799,0.210122168,0.398616493
5800,-3.240486860,-0.411125422
5801,-1.162147999,1.054997921
5802,0.213997900,-1.115423322
5803,0.075602837,0.674351156
5804,0.090155840,-0.776360154
5805,0.670395732,-1.894089222
5806,-1.282559872,-0.730946779
5807,-0.593082547,-0.962003291
5808,1.453078389,0.044259623
5809,0.621630073,0.791713119
5810,-0.805991054,-2.306338787
5811,0.826695502,1.907691002
5812,-0.416162193,1.077201962
5813,0.066087201,0.373269856
5814,-1.378035307,-1.677337885
5815,-0.876933455,0.555419743
5816,0.018176779,2.072348118
5817,-1.679908872,-0.692414701
5818,1.855944753,0.255518168
5819,-3.675762653,-0.371238083
5820,2.213805437,0.112613127
5821,1.735303283,0.671673775
5822,2.082819939,1.161494255
5823,0.297463238,0.054811060
5824,0.084548473,-3.060424805
5825,0.885990858,-0.446891606
5826,1.050362229,0.006286949
5827,0.466024220,1.030725837
5828,-0.123168260,-1.061537266
5829,-0.992436528,-0.670127571
5830,0.003060319,-0.331266135
5831,1.411881685,0.906538785
5832,-1.015761018,-0.165839434
5833,-2.446458817,0.290492833
5834,0.447295785,0.374059677
5835,-1.276161790,-1.331923723
5836,-0.322914183,-3.703306198
5837,-1.601046920,-0.366587043
5838,1.577421904,-1.020353556
5839,0.626684308,-2.028635979
5840,-0.543186784,0.375789225
5841,2.729711056,-1.933002949
5842,-0.183704883,-0.115160726
5843,-1.289364815,-0.680035353
5844,-0.018717289,-1.392590284
5845,-1.577127934,1.251027465
5846,-0.103068903,1.258098483
5847,1.058166981,-0.363848329
5848,2.020506382,-0.957550645
5849,-0.116481900,-1.496385574
5850,-1.518975258,-0.846665621
5851,0.261087865,0.057708520
5852,-2.421783447,-2.667518616
5853,1.059846401,-0.362884492
5854,-0.223959744,1.581357241
5855,-0.298578233,0.097174190
5856,0.266431063,-0.298650503
5857,0.890140474,0.254965693
5858,0.102909394,-0.392566800
5859,-1.479854107,-0.729918718
5860,0.304898769,-0.088625632
5861,1.374365330,0.587849498
5862,-0.067592770,0.310639620
5863,-0.144595772,-0.185037315
5864,-2.393991947,-1.061784148
5865,0.033841699,-1.413319945
5866,0.139989302,1.103978157
5867,-0.362300247,-0.894391656
5868,0.490160823,-1.551958084
5869,0.298960000,-0.380138814
5870,2.765843153,1.999352098
5871,-0.355851829,0.203515470
5872,0.617409587,1.214032173
5873,-2.290312529,1.026425481
5874,-0.919956505,1.071050048
5875,-0.356316447,-0.445299506
5876,0.281900376,0.294900328
5877,1.915487409,0.687952697
5878,-1.108596325,0.779965103
5879,-0.393682688,0.435646087
5880,2.278504610,-0.450211883
5881,0.089763850,1.463151813
5882,0.637243748,-0.027883649
5883,-0.179605365,-2.476243019
5884,-2.470953941,1.108194232
5885,-0.553750217,-0.079231903
5886,0.639749587,-1.199003696
5887,0.123974025,2.126271009
5888,0.008028742,0.035700310
5889,0.063836187,0.366253197
5890,-0.067087792,1.245423675
5891,0.531225741,-0.631861329
5892,-0.368315458,0.130908906
5893,-1.595277905,-1.376682639
5894,-1.397076964,-1.222145438
5895,-0.444069147,2.506631136
5896,-0.046453238,-1.105484605
5897,-0.983495474,-0.086718440
5898,0.090601824,-0.050634816
5899,1.487295270,-0.175642356
5900,0.703295887,0.245482892
5901,1.511338234,0.570198178
5902,0.301716149,-0.447046250
5903,0.166481346,0.091928139
5904,0.361580282,-0.740418434
5905,0.787491262,0.190820128
5906,-1.964205384,-0.189339459
5907,0.582493782,-1.845998764
5908,-0.382422388,3.007077217
5909,-0.076898217,1.172836185
5910,-0.132242188,0.338516682
5911,-1.362629294,-2.033629894
5912,-0.151756704,-0.083877251
5913,0.574680507,0.608260632
5914,-0.963560998,-0.499272823
5915,-0.189241037,1.078473449
5916,-0.669094682,-0.356402427
5917,-1.033272147,1.681707978
5918,-1.824660778,1.034543514
5919,0.739758670,0.434091151
5920,-1.854753256,1.100119352
5921,0.026025616,-0.330768734
5922,-1.138821721,-1.553905487
5923,0.087437488,-0.273374677
5924,0.484986395,-0.610114455
5925,-0.398607790,2.894979239
5926,-0.029914044,0.897795856
5927,-0.582935810,1.694186091
5928,0.531759918,0.091238111
5929,1.228556991,-1.609248161
5930,0.173033267,-0.648011327
5931,0.320492476,0.316314638
5932,-0.964898705,-0.682988644
5933,0.540713429,3.872417927
5934,1.597914219,0.388203084
5935,0.575898170,-0.983334243
5936,1.695058703,1.219203949
5937,0.630850971,0.014059067
5938,-0.644216061,-1.385775328
5939,-0.375144482,1.323688030
5940,0.505373120,0.652108908
5941,0.258106053,-0.401676118
5942,1.117444634,0.325518936
5943,0.959448695,2.020583868
5944,-1.442407131,-2.050962925
5945,0.537080348,1.064594746
5946,1.193542361,-0.005773630
5947,1.884500384,-0.168111175
5948,0.650971770,-0.497749865
5949,-0.003714442,-1.466668010
5950,1.836041927,-1.403087378
5951,0.494934916,-1.207757950
5952,-0.433167458,-0.428970933
5953,-0.146049574,0.275312513
5954,-0.261961639,-0.289505780
5955,-0.125119999,0.765970409
5956,-2.502207279,2.010151386
5957,1.898497820,-1.752356529
5958,0.021460798,-0.289919764
5959,-3.002900362,-3.243175030
5960,0.117654800,-0.116715558
5961,0.259376049,-1.513237476
5962,-0.354808927,0.749332309
5963,0.558866799,-1.312192917
5964,-0.453924179,-1.118445158
5965,0.269107580,-2.609425545
5966,-0.361581981,-0.012702726
5967,0.416461468,-0.988351226
5968,-0.259552121,2.439694643
5969,0.037937880,-0.151935279
5970,0.244546413,-1.440541029
5971,-3.954559326,-1.868753910
5972,-0.274492145,0.060642794
5973,-2.016289711,0.660832763
5974,1.177207708,1.812036514
5975,2.887136459,-0.546294630
5976,0.650947273,0.203707367
5977,0.105985485,0.734362602
5978,-0.682837367,-0.042963818
5979,0.050804526,-0.351235986
5980,-0.341992080,-0.203238368
5981,0.540466964,-0.261428148
5982,-0.105301067,1.127380967
5983,0.251771450,0.156703591
5984,-0.376846254,-0.070587218
5985,-1.778896451,1.190758228
5986,-0.325523436,0.324435174
5987,0.120288342,1.067080021
5988,1.573858261,-1.700202703
5989,0.447874844,-1.622325420
5990,-0.154058784,-1.136674643
5991,-0.063711762,-2.303495884
5992,2.599267960,2.000627279
5993,0.755304694,-3.138295412
5994,0.019521177,-3.387596846
5995,0.860524356,0.562867999
5996,0.868793249,-0.018191099
5997,0.737417221,-1.031130314
5998,-0.350980550,0.273600101
5999,0.042447820,-0.233870044
6000,-0.606532335,-1.293437719
6001,-0.101489909,1.245330691
6002,-0.667214394,0.458864331
6003,-1.518154383,0.964563847
6004,-0.114110015,-0.221826196
6005,-0.115235388,-0.111223571
6006,0.158752620,1.890820503
6007,-0.153392777,0.188261762
6008,-0.249158889,1.565479159
6009,-0.047603704,0.229196861
6010,0.113823406,0.002753586
6011,0.203096092,-0.462877512
6012,0.277833462,0.003300756
6013,2.280580997,2.982225418
6014,0.516185462,2.527883291
6015,0.480603576,-0.631586492
6016,-0.175460905,1.009149194
6017,-0.013567477,-1.108550906
6018,-0.694576144,0.427503765
6019,-0.289567947,0.134207457
6020,-0.841905892,0.705866814
6021,1.740883589,2.340915442
6022,-1.693618298,3.497184277
6023,1.962003708,-0.310197473
6024,-0.077453226,-2.546316862
6025,-1.361601591,0.908354402
6026,-0.262088776,-0.009884965
6027,-0.539020777,0.534032822
6028,-0.687754154,-0.362095863
6029,-1.942915916,-1.852407932
6030,-0.072464772,1.658686519
6031,0.052705392,-0.563264906
6032,0.273679614,-2.343139172
6033,-1.560329437,-1.193204641
6034,0.116516411,-0.326818287
6035,-0.947481155,0.560041308
6036,-0.423147500,0.006779507
6037,0.783802927,-0.699886382
6038,1.002691031,0.264515102
6039,0.128397107,0.489202321
6040,0.898810625,-0.320138872
6041,0.132290095,0.710716903
6042,-0.482325286,-0.116633587
6043,1.683888793,1.967214942
6044,0.043292411,2.123215675
6045,1.501162529,-0.103641361
6046,-2.465575933,-0.646329045
6047,0.907368064,1.081238151
6048,-0.578705907,0.108102866
6049,-0.203307524,0.104352489
6050,-1.936018467,-0.563972235
6051,0.458165526,-0.679771185
6052,0.149404883,4.412755966
6053,-0.163963705,-1.152712226
6054,0.440730989,-0.243887126
6055,0.090847313,0.902078748
6056,1.001582026,-0.907305062
6057,-0.120547891,-1.912638664
6058,1.061233759,-1.047735572
6059,-0.259974897,0.132122993
6060,-0.313554823,1.233971119
6061,0.095222071,0.231691375
6062,1.135743380,-2.497097492
6063,-1.461707234,1.240816355
6064,-2.513480663,-2.208047867
6065,-0.260433257,0.001242679
6066,2.769964218,-0.314712703
6067,0.895982265,-1.518580675
6068,0.296033025,1.819263697
6069,1.801959395,1.356227398
6070,-0.106973842,0.401795089
6071,1.341654778,0.570289373
6072,0.353049487,-1.854322314
6073,2.008421898,0.008762501
6074,2.185501814,0.410266131
6075,1.293168068,-0.486691296
6076,-0.859240472,0.660096824
6077,0.132572502,-0.207368731
6078,2.127240181,1.433268309
6079,2.061406612,0.238096908
6080,1.746788740,-1.906364322
6081,0.596339703,0.078631699
6082,0.581200600,1.660350561
6083,-0.229802564,-0.579093695
6084,-0.044022076,0.346476406
6085,0.183004886,-0.114886202
6086,-0.779965460,0.461974978
6087,-0.695656180,-1.851629019
6088,-1.277263880,0.140608668
6089,0.681396425,0.974204600
6090,1.566539764,0.493545949
6091,1.058143377,0.438275456
6092,-0.562734485,1.008330107
6093,0.364823669,0.980862737
6094,1.480679750,1.367000461
6095,1.609507084,0.220772743
6096,-0.881858706,1.323877573
6097,-0.031646848,-0.474414706
6098,0.484646410,-0.526167274
6099,-1.155465007,-2.015135765
6100,1.385082960,1.175038815
6101,-0.118470103,-0.239419669
6102,0.113573290,0.153001666
6103,-0.253544360,-0.091428317
6104,0.490467668,0.669843197
6105,1.538494706,0.287382603
6106,2.216756105,-2.494987965
6107,2.249245882,-0.220237255
6108,0.214892685,1.459486127
6109,0.224108055,-1.688635230
6110,-0.789765716,-0.440801024
6111,-1.822115183,0.282256901
6112,-0.368004084,-0.715983808
6113,1.174847603,1.786876440
6114,0.085857920,0.247038752
6115,1.237940192,2.401571035
6116,-0.768296301,0.446667582
6117,-0.938963652,-2.922227859
6118,0.428346276,0.372317523
6119,-0.292901665,-2.519487381
6120,1.165198326,2.925905943
6121,-1.748999834,0.050989628
6122,0.230210096,0.336596102
6123,-1.513628602,0.125565112
6124,-0.503345013,0.629060864
6125,-0.519298017,1.217682719
6126,0.075212657,0.420517653
6127,-1.602952957,2.811881304
6128,-2.913176537,-1.909598708
6129,-1.300627947,-1.136664629
6130,-0.608700812,2.588401079
6131,2.113371134,-0.500502169
6132,0.653057218,-1.207960248
6133,1.520010352,-0.255251944
6134,-2.361415625,-1.630565286
6135,3.344360113,3.120712280
6136,-0.560105979,0.220882311
6137,2.259332180,-1.644304633
6138,-0.187488630,-0.618508339
6139,-0.804214478,-0.243491411
6140,0.337160766,-0.329972178
6141,-0.029414052,-0.180313572
6142,-0.535363734,1.844003439
6143,-0.033124562,0.354191333
6144,-0.574392438,1.211555839
6145,1.871559501,-0.004985467
6146,-1.232406139,2.414413929
6147,-1.709325790,0.448984325
6148,0.691785216,1.977590442
6149,0.545844018,0.697976232
6150,0.837127030,0.028750561
6151,1.625091791,-1.454644680
6152,0.358526200,-1.251397014
6153,1.642959476,0.330229133
6154,-1.665302277,0.276343524
6155,-0.416818857,-0.965955973
6156,0.322212845,-0.530023038
6157,0.885163426,-0.738022327
6158,0.961711764,-0.087542593
6159,-0.211200118,0.921357632
6160,-0.112290055,-1.061543822
6161,-0.754124999,0.976945281
6162,-2.461030483,0.413852632
6163,-0.051696181,-2.732329130
6164,0.394018888,0.349725991
6165,-1.628454924,0.337130904
6166,-0.141854197,-1.715504646
6167,-2.160950422,-2.450969219
6168,-0.900928438,-0.654882193
6169,-4.286165237,-0.110881686
6170,-0.801345050,0.964462817
6171,0.300930113,-0.308143079
6172,-1.065220118,-0.826780796
6173,-1.870668888,-0.900228858
6174,-2.672245979,1.984953284
6175,0.476548880,0.891405046
6176,-0.104091763,-0.180621639
6177,2.315852404,-0.430434078
6178,0.723330557,0.244708851
6179,1.541807532,-0.000184059
6180,2.344206333,-0.405778050
6181,-1.189390898,3.226583004
6182,0.633304358,2.646881819
6183,1.218123794,-0.456509858
6184,-0.052912764,0.224099010
6185,-1.176381707,0.512525439
6186,0.994475603,0.438087642
6187,0.053784609,0.732259214
6188,0.522964835,-0.638188481
6189,0.225535199,-0.019993270
6190,-0.092701644,0.207302064
6191,-0.208424762,0.081493899
6192,-1.203179479,-1.451403260
6193,0.459445238,-0.697069943
6194,0.612395406,0.822739720
6195,1.299430609,0.027813528
6196,-0.852118671,0.131095886
6197,-0.585855782,0.269522130
6198,-0.292699575,-0.106957406
6199,1.491343021,-0.751283824
6200,2.430532455,-0.390359640
6201,-0.040560365,0.619911969
6202,-0.032907855,0.533280015
6203,-1.715611458,-1.298525333
6204,-1.714726925,-1.146872163
6205,3.049024105,-0.165098250
6206,1.309251428,-0.288808197
6207,1.116434813,-0.118052788
6208,0.184501648,-0.217476934
6209,0.485062480,1.042689085
6210,0.130656987,1.828143597
6211,-1.427370071,0.402249217
6212,1.636009693,-1.785780191
6213,0.546923637,2.374017954
6214,-3.323014021,0.273376584
6215,1.898564696,-0.989792943
6216,-0.690348148,-0.668978631
6217,-0.078083515,-0.082600281
6218,-1.826710582,1.323309660
6219,0.264415205,-0.284119159
6220,0.445554614,-2.419354200
6221,-0.081555590,-0.346557021
6222,-0.057434082,-0.770285487
6223,-0.271714211,0.608962059
6224,2.135397673,-1.490929246
6225,0.311919332,-3.192329407
6226,0.100083232,-1.475452423
6227,0.403306246,0.889730453
6228,4.299141407,-1.304028392
6229,-0.549686670,1.264410138
6230,0.195488125,3.654952288
6231,-1.087995768,-2.899640799
6232,-0.357928753,0.322799742
6233,-2.252070904,-0.987852156
6234,0.632090509,1.005836368
6235,0.291199505,0.343258679
6236,0.654916465,-3.278955221
6237,-0.534395576,2.294833422
6238,0.797524750,0.424982905
6239,-0.152462706,-0.235966384
6240,0.811158895,-0.526354074
6241,0.252541274,-0.084663920
6242,-1.350351810,-0.045697451
6243,0.273644656,-0.749638319
6244,0.532659113,-0.294830561
6245,2.514957666,-0.475814849
6246,-1.050414085,-0.113791540
6247,-0.357049823,0.924974084
6248,3.071624756,0.922468781
6249,1.068180084,1.045832038
6250,0.325056374,0.600810289
6251,0.705483794,1.435410500
6252,-0.206611350,0.550294459
6253,-1.029100180,-0.393931746
6254,1.794404268,1.666106701
6255,0.327338994,0.445607156
6256,-0.602736712,-0.610048294
6257,-0.179077417,-1.103520155
6258,-0.186479717,3.067002773
6259,0.263510734,0.438801289
6260,-0.331818134,1.134301662
6261,0.043434218,-0.228753924
6262,0.018879473,-0.756947756
6263,-0.584212482,-0.293643981
6264,0.263558686,0.177987710
6265,-0.617565989,0.782530308
6266,-1.205621243,-0.106061220
6267,-2.901582003,-0.422508478
6268,3.723712683,1.362317443
6269,-0.587251544,-0.895560861
6270,0.877795935,-0.410223365
6271,0.139267862,-0.008510232
6272,-0.598137975,0.214512199
6273,0.047788143,-0.818595648
6274,-0.804424107,-0.440978885
6275,2.037631273,-1.752211332
6276,-0.143150389,2.389384747
6277,-0.115661994,0.884765983
6278,-0.869195700,1.980303407
6279,1.139281034,0.654463887
6280,-0.162345260,0.000228127
6281,-0.156260103,-0.151441738
6282,-1.133069754,-2.758433342
6283,-0.891850591,-0.872889757
6284,0.358252883,0.106753737
6285,-0.339273036,0.203957200
6286,-1.172146320,0.417576969
6287,-0.698961079,0.240216941
6288,0.025109053,-1.561473608
6289,-2.179496765,-1.341347694
6290,1.020525455,0.078773409
6291,-0.084935568,1.616973162
6292,-0.871826649,-0.870576262
6293,-0.341414332,-0.550506413
6294,-1.520613074,1.370263338
6295,-0.135516316,1.666343570
6296,-0.709340572,-1.081382871
6297,-0.606716275,0.310560137
6298,-0.768186033,0.063835293
6299,-1.955823421,0.465604961
6300,2.155612469,-0.662376881
6301,-0.497807205,-1.324505925
6302,2.013529778,-0.841605663
6303,-0.707492352,0.128622100
6304,0.066065803,-0.153651983
6305,0.233872950,-0.315493882
6306,-0.047350526,-0.921113133
6307,1.155684352,-1.155542970
6308,-1.399630070,0.130661726
6309,1.411949873,-0.557141721
6310,0.480823100,0.296729058
6311,-0.642342091,3.305244684
6312,-0.086198531,0.349205315
6313,0.311986506,0.050824672
6314,-0.485145569,-0.430268168
6315,0.987053633,-3.448518038
6316,0.024018407,-1.981950641
6317,-1.049918890,0.111239240
6318,-1.024761438,-0.700079322
6319,1.404128790,0.878642082
6320,0.792053759,-0.245149046
6321,-1.277886391,0.799196601
6322,-0.819452465,-1.292859435
6323,0.106361419,1.618758440
6324,0.753359318,1.047596455
6325,0.170682773,-0.781454623
6326,0.228792831,-0.719554305
6327,2.873106003,1.149469376
6328,-0.162652448,0.255597472
6329,-1.051505446,0.155290842
6330,-1.277026176,0.108147919
6331,-0.146404773,0.142077714
6332,0.062031955,0.183792099
6333,-1.215838909,0.679539025
6334,-1.154678226,1.608244896
6335,0.388262242,-0.748904228
6336,-1.410513639,0.061365247
6337,1.360066175,0.253259778
6338,0.774651945,0.112079822
6339,1.007629037,-1.286507487
6340,-1.601282835,0.377833247
6341,2.700516224,-1.988283396
6342,0.510667562,0.213303491
6343,-1.761169434,0.442723215
6344,0.847982109,0.635553122
6345,-0.504486918,1.376929283
6346,-3.255989552,-1.508644938
6347,0.775640070,-0.534381449
6348,0.405233085,0.348180503
6349,-0.878497720,-0.516648054
6350,0.088534534,-0.719181895
6351,0.897661686,-0.533798873
6352,0.990608454,-1.364004970
6353,1.776952744,0.683000803
6354,-0.639525533,0.073218003
6355,-0.188427463,-0.474710852
6356,0.263046443,-0.238378391
6357,-1.877666593,-2.005552053
6358,-0.126550838,-0.235946581
6359,-0.076581478,-0.065843463
6360,1.119024754,-0.203682020
6361,0.546138227,1.960326433
6362,1.370205998,1.001786232
6363,-1.183761239,2.085343599
6364,-0.018282056,1.307404518
6365,-1.914345741,1.026257873
6366,-1.309693098,0.976731002
6367,-0.103372216,0.879019201
6368,-1.200882196,0.639927506
6369,-0.735313654,-1.157691836
6370,-0.207328916,-0.502364814
6371,1.167945027,0.784494400
6372,0.154879376,0.601425588
6373,-0.696774185,-1.373449326
6374,-0.066846728,-0.691744685
6375,-0.836492360,1.095908642
6376,0.879927754,-1.488081694
6377,0.638094842,0.007934693
6378,0.817853570,0.213706017
6379,-0.368139505,0.549800456
6380,1.441253304,-1.537638664
6381,-0.338685989,-0.709828377
6382,0.376163483,-3.324376106
6383,-0.558912158,1.464277864
6384,-0.469358027,-0.520899355
6385,-0.555236399,3.235402107
6386,1.954284072,2.164360523
6387,0.376936048,-1.574936509
6388,-0.081754878,0.189851746
6389,2.462795973,-1.363094091
6390,-1.320716381,-1.470353603
6391,-0.651929379,-0.606432915
6392,0.235908389,-1.600010157
6393,0.313826561,-0.274550796
6394,-0.164585590,0.153271317
6395,-0.377090693,-1.088303804
6396,0.640799046,1.432063818
6397,-0.094398141,-0.840489626
6398,0.555505514,1.179503083
6399,0.558620811,-1.136642456
6400,-2.354619026,-1.664970636
6401,-0.006056607,-1.473756790
6402,1.023134947,1.423282266
6403,-0.181797028,0.094030447
6404,-0.593363583,-1.370832920
6405,-0.604924917,0.029782042
6406,-0.408589244,-1.266382217
6407,0.824869037,-1.268509507
6408,0.916884661,-3.413623810
6409,-0.284211457,-0.095856979
6410,-1.393957019,-1.529852390
6411,-0.848916769,1.625437021
6412,0.173453927,0.360028446
6413,2.461335182,0.000746652
6414,-0.364376873,0.314361811
6415,-0.341431141,-0.166151091
6416,1.157586336,-0.855188787
6417,1.619408846,-2.099778175
6418,-2.150621414,2.245233774
6419,-0.940395594,2.976724625
6420,1.062890410,-2.417007923
6421,-1.336256742,-0.101404920
6422,-0.123292498,0.095480032
6423,-1.613675594,1.024865270
6424,-0.161263853,-0.400644124
6425,-0.420802981,-2.440950632
6426,1.579745054,-1.485209942
6427,-0.868763924,1.665331841
6428,1.032068491,-1.746152759
6429,4.849545479,0.287686348
6430,0.213372648,0.141557097
6431,-0.663605213,-1.701873422
6432,0.933967710,-2.309060574
6433,2.216465950,-2.493203163
6434,1.067386985,-1.382247686
6435,-3.626373529,2.928546906
6436,-0.616903722,-1.647932887
6437,1.276469827,-1.359767556
6438,0.424926132,0.258954644
6439,0.763296366,0.170613319
6440,0.143501341,0.200412706
6441,-0.655897141,-2.034310818
6442,-3.375818968,-2.156114340
6443,0.515978754,-0.245677203
6444,-0.727241039,-0.399387419
6445,0.618091881,-0.773790121
6446,0.071931124,-1.982340097
6447,0.366582155,0.037515290
6448,0.340195537,-0.057167728
6449,0.114722356,-1.044614315
6450,0.202541113,-1.924757838
6451,0.241379052,1.458037019
6452,-1.357424855,0.138646156
6453,-4.054096222,-0.638205051
6454,-0.864402533,0.038927168
6455,0.044899583,0.156992674
6456,-0.085980952,-1.504562855
6457,-0.991976023,0.172614813
6458,1.217303038,-0.550604582
6459,2.377822399,-0.510147333
6460,-2.089170456,0.293348014
6461,-0.205847129,-0.684186697
6462,-1.086267114,1.031505227
6463,-0.179856747,0.811470032
6464,0.969555378,1.065002918
6465,1.302827597,-1.205487490
6466,-0.108948112,-0.019438505
6467,-0.098308153,0.408840895
6468,-1.903301716,-0.311334848
6469,3.037158489,-1.955853462
6470,-0.397592127,0.345955759
6471,-0.307077646,-0.085906900
6472,0.791537344,1.457704782
6473,-0.481738240,-1.362259269
6474,0.161522150,-1.719790578
6475,1.113399386,1.808115244
6476,1.502027512,0.073020086
6477,1.141502142,1.517628431
6478,1.413532257,-0.013989605
6479,-0.315323710,0.772656381
6480,-1.168353677,-1.892821789
6481,1.997594118,-0.361519963
6482,-1.268920183,-2.713068008
6483,-0.502349854,-1.810782909
6484,2.350934505,0.695490122
6485,0.989789009,-0.371914357
6486,-1.322303891,1.504155755
6487,0.328240812,-0.117866114
6488,2.386671543,-0.214961261
6489,-2.063624620,1.346673489
6490,0.761743903,-0.897506714
6491,-2.949049473,2.562594414
6492,0.467841327,0.544621229
6493,-0.386911154,0.033344924
6494,-0.417884588,-0.458054662
6495,-1.134260178,0.477606773
6496,-4.575534821,1.994986773
6497,-0.373672307,0.249839097
6498,0.262302071,-0.358680367
6499,1.180745959,0.028691038
6500,1.920732498,-0.158308983
6501,0.212492347,-0.140539870
6502,-4.708749771,0.310899734
6503,0.798822582,-0.452456504
6504,2.317358017,-0.676262617
6505,0.117578387,0.447989881
6506,-1.200481415,-1.024026513
6507,0.905997217,-1.189618349
6508,-0.628435671,0.771374345
6509,-1.292482138,-0.483286530
6510,-1.066289663,-1.085227251
6511,0.012589455,0.533694446
6512,0.977951407,0.131110817
6513,-0.382386565,0.968762875
6514,0.847364664,1.053882599
6515,1.116481304,-0.274277806
6516,-0.118787646,-1.506073475
6517,0.290793717,0.783405721
6518,-0.063390732,-0.748804569
6519,-0.676443458,-0.083213627
6520,-1.349420547,-0.293566346
6521,0.100550383,0.641960561
6522,-1.540610433,-0.103029728
6523,0.756865382,0.022096954
6524,0.206814647,0.442403316
6525,2.170442581,0.658465445
6526,-0.015145019,2.607137918
6527,-1.528601766,2.749810696
6528,-1.157506108,-0.810178816
6529,0.475783736,-1.577267766
6530,0.150486812,0.057927392
6531,-0.357306391,-0.210093006
6532,-0.785736859,0.727687955
6533,-0.529003263,0.376782298
6534,0.748293877,-0.573223114
6535,1.128302217,-0.523744881
6536,-0.477934897,-0.647572219
6537,0.196062237,0.511532784
6538,-1.831494093,0.156813323
6539,0.050865591,1.259151220
6540,0.478511930,-1.260883927
6541,0.617556572,1.933752179
6542,1.359416366,-0.213128984
6543,0.465384960,-1.207156658
6544,-1.626134634,-0.016963676
6545,2.218302250,0.791615486
6546,-1.413793325,0.815537512
6547,-0.600398839,-0.025809653
6548,-1.170565367,-0.070504546
6549,-0.827054620,-1.002041578
6550,0.955695868,-0.132240772
6551,0.180662096,-0.430170059
6552,-0.120160401,-2.034590006
6553,-1.821528673,1.291381836
6554,-0.401994914,0.568104386
6555,3.500692368,1.363067269
6556,-2.044058084,0.484649003
6557,-0.031263791,0.162572235
6558,0.925269485,1.338572264
6559,-0.720442593,0.275248259
6560,-1.364986062,0.313171864
6561,0.085668623,0.166133642
6562,0.118099868,0.571313858
6563,-0.004054576,-1.144640684
6564,0.236456692,0.777209103
6565,-0.335292846,-0.782065690
6566,-1.831254840,-0.086417675
6567,-0.258467019,-0.354391038
6568,-0.384136260,-0.608052373
6569,-0.500409782,1.311625004
6570,-0.370501161,-1.417800188
6571,1.514692068,-2.944036722
6572,2.203680277,-2.560191393
6573,0.829556525,0.719135463
6574,-1.555099010,-0.400558501
6575,-1.058716655,3.022248030
6576,-1.150532246,-0.494562566
6577,-0.752292812,1.381193519
6578,-0.936809897,-1.135733843
6579,-0.188233644,0.963452339
6580,0.400084257,-0.866432905
6581,1.976818323,-0.641541004
6582,1.570599794,-0.430333734
6583,-0.211603597,0.120620146
6584,-0.414843470,0.888367593
6585,-1.852180839,-1.652072430
6586,1.084481835,1.301036954
6587,0.051064968,-1.333587408
6588,-0.113346368,0.687922478
6589,-2.018896341,0.077798501
6590,-1.436716795,-2.427073002
6591,-0.274941802,-0.943928301
6592,0.061045706,-1.245339632
6593,0.867063999,0.329501271
6594,0.906742454,0.312209845
6595,-0.282893658,-1.547216654
6596,1.025469303,-1.171880245
6597,0.110687211,1.742601633
6598,-0.239400148,-0.303909332
6599,-1.334079266,-1.205470681
6600,0.061373178,0.129793033
6601,0.801307321,0.019826103
6602,-1.344043136,-0.037246525
6603,-0.078779377,-0.089050949
6604,0.140954882,1.892024517
6605,-0.932524383,1.386596799
6606,1.326524734,0.366814733
6607,0.089392409,0.308260262
6608,0.057607472,-0.324564904
6609,0.775341153,0.859314799
6610,0.538454592,0.015904339
6611,-0.418664008,-0.088040754
6612,0.041400135,-0.482637614
6613,0.713188112,0.406842649
6614,1.145284295,-1.288665414
6615,-0.658366859,-0.824550033
6616,0.450189620,-0.266700894
6617,0.298800170,1.637134314
6618,0.462259412,-1.115072727
6619,-1.054426551,-0.865275800
6620,-0.500570297,0.360718489
6621,-0.033505172,2.916778326
6622,2.029038191,-0.722445726
6623,2.267404795,3.084359169
6624,0.350644886,0.682298481
6625,0.658733070,-0.828119338
6626,-0.527584791,-1.093523741
6627,0.076487541,-2.751264334
6628,2.926714182,-2.136006832
6629,-0.511595786,-1.061568737
6630,-0.064395785,-0.086952329
6631,0.407177716,0.267220795
6632,-0.037269875,-0.342768967
6633,0.109017730,-2.812542200
6634,-0.547856569,0.039042927
6635,2.462532282,0.977041543
6636,1.369219422,0.586153030
6637,0.233690888,0.066242516
6638,-0.871708512,-0.043253273
6639,0.779570818,-0.713245869
6640,1.089973330,0.926613510
6641,0.924926281,0.680226862
6642,1.272953272,-0.228886306
6643,0.289138168,-0.031666778
6644,1.404264212,0.290234149
6645,-0.563230753,-0.727778077
6646,-2.330659389,-0.201147079
6647,0.926198840,2.785752535
6648,-0.559866071,-1.474793673
6649,-0.303507805,0.683959484
6650,1.261188865,1.232622862
6651,0.358217239,-1.394081831
6652,0.371663839,0.823448718
6653,0.782408476,-0.481320530
6654,0.336661339,-0.584326565
6655,3.489628315,0.741949677
6656,-0.575353205,-0.713057458
6657,0.480146945,0.355936736
6658,-0.074569076,-0.383593202
6659,-0.570079625,1.762593865
6660,-0.347733945,-1.013983250
6661,0.476805687,-0.779812694
6662,-0.093083896,0.337721735
6663,-0.435743183,0.679212570
6664,-0.130117595,1.604475379
6665,-0.144339144,-0.338152170
6666,-0.772121847,0.444502771
6667,2.468641758,-1.897624254
6668,0.613017321,-0.102125622
6669,-0.199874789,0.072440028
6670,0.388587236,-0.304290444
6671,0.317939252,-0.167355254
6672,0.314858258,0.027963605
6673,-0.498617649,2.828233242
6674,0.075593829,-1.899073243
6675,-0.380895257,1.307141900
6676,0.344140351,-0.319242537
6677,-1.729922652,-0.428406537
6678,2.310791731,0.115679264
6679,0.737091541,-0.148273230
6680,-0.031386033,0.221140295
6681,0.243619233,-0.206388652
6682,1.586212993,-2.945910931
6683,-1.326313496,-1.254741192
6684,-0.697759151,1.683965683
6685,-0.581908107,0.551641285
6686,-2.517540932,-1.076434135
6687,0.946325302,-0.268380702
6688,-0.370190442,-0.463458836
6689,0.724522233,1.067330956
6690,1.589832067,-0.197441757
6691,0.341495365,0.439347833
6692,0.048534110,0.935080469
6693,0.286220968,-0.109749496
6694,0.109385952,0.208026305
6695,-0.811741352,1.809278607
6696,1.252090693,-1.544778109
6697,-0.221840352,2.967203856
6698,0.979224026,-0.028685208
6699,1.121435642,-0.878843188
6700,0.371813416,-1.386699796
6701,-0.360040605,1.289881110
6702,1.954600215,-1.535751581
6703,0.417771518,0.436170489
6704,-1.358459949,-0.741065562
6705,-0.069870874,-0.558215618
6706,1.956964016,-0.081926256
6707,-0.063265488,-0.728557706
6708,-1.272880673,-0.313452363
6709,-0.953559518,-0.047054484
6710,0.439698428,-0.852243304
6711,-0.122266501,-1.178517699
6712,0.012530845,1.187780142
6713,-1.028443217,-1.285871983
6714,0.498279274,0.211653128
6715,0.181969285,-1.021665096
6716,0.348376006,0.169263363
6717,0.234513879,1.387327075
6718,-0.548582315,-0.156860426
6719,-0.367874146,0.616958141
6720,-0.123015396,0.081957266
6721,0.652661443,1.441234827
6722,-3.139274120,2.233497620
6723,-0.620662808,0.640736282
6724,0.090318650,-0.165897042
6725,-0.791862726,-1.207518697
6726,-1.125595331,-1.132738113
6727,0.032402404,0.227049336
6728,3.733869314,1.711508274
6729,-1.472096682,-0.004514217
6730,0.231485963,-0.175590768
6731,-1.981431484,-0.359494507
6732,0.924817622,0.774670720
6733,1.348420620,-0.134423345
6734,-0.831315279,0.276691616
6735,0.348706484,-0.552980423
6736,0.155866563,1.857987881
6737,0.293782592,1.032319903
6738,1.715353370,1.742330790
6739,1.382178903,-1.332912445
6740,0.161331266,0.356969118
6741,0.545506477,1.443461180
6742,-0.161924660,-0.543582916
6743,0.111014217,1.298513651
6744,1.761671305,0.662091255
6745,0.258267641,-1.728304625
6746,1.717740774,1.149029493
6747,-1.335891962,0.030054867
6748,-0.058955625,0.486189157
6749,-0.363374650,-1.030247688
6750,-0.136213154,-0.143147945
6751,0.171531543,-0.287252277
6752,-1.110046268,-0.369802475
6753,0.227749065,-0.336996496
6754,-0.095035568,0.126932532
6755,-0.677277446,1.196825266
6756,-0.706723452,-1.324678779
6757,-1.504577160,-2.227917671
6758,0.194568530,-0.746392131
6759,-2.821687698,-1.822075844
6760,-0.022651166,-0.294542670
6761,0.552294970,0.372683018
6762,0.022230595,0.212774143
6763,-0.480093956,-0.051833272
6764,1.101821184,-0.218368053
6765,-0.098365128,-1.018704057
6766,0.193780065,-0.906787992
6767,-2.034513474,-1.000553846
6768,1.820578337,1.907441378
6769,-2.814990997,0.549122572
6770,-1.434379816,0.574278235
6771,1.064089537,-2.320576429
6772,-0.842293739,-0.130036280
6773,0.235704198,0.675249100
6774,1.830792665,0.820048511
6775,-4.891321182,-2.149670601
6776,0.748172522,0.271359921
6777,1.188379884,0.263542116
6778,-0.312711358,-1.260122776
6779,-2.361896992,0.180188060
6780,0.882900596,-0.498883456
6781,-1.575894594,0.122608125
6782,-1.716386557,0.467502058
6783,0.370907664,-0.209570304
6784,0.951205850,-1.295669198
6785,-0.134000391,1.631917000
6786,0.456857562,0.308842361
6787,0.160070121,-1.392446995
6788,0.845390201,-1.679444194
6789,0.639474809,0.410914630
6790,0.500437200,0.620132327
6791,0.043681026,-0.158848435
6792,0.584176838,-0.074513279
6793,1.397151232,-0.677554071
6794,0.153981388,-0.070399195
6795,0.442784518,2.766077042
6796,2.165660381,0.970911264
6797,-0.273774058,-0.903001547
6798,-0.403219372,-1.755388141
6799,-1.736758471,0.594788313
6800,-0.986252844,-0.397111952
6801,0.370371491,0.663117051
6802,-1.660181880,-0.755754828
6803,0.239556968,-0.181564704
6804,-1.417080164,-0.769641638
6805,0.151658356,0.133362710
6806,-2.774803877,0.771537185
6807,0.022251485,1.019623518
6808,-0.645323753,-1.165779948
6809,0.239860356,-0.098100528
6810,-0.614596367,-0.513036728
6811,1.233933926,0.246521294
6812,0.337868810,-0.425577283
6813,0.524993002,0.517445445
6814,-1.512279272,1.198282480
6815,-0.882633567,-0.468153983
6816,-0.904526711,-0.918619692
6817,0.150621831,-0.112131029
6818,0.613450587,0.501743078
6819,2.795721531,1.114127755
6820,1.172708035,-0.337359965
6821,0.103196636,0.084908649
6822,-0.559065580,-0.993512511
6823,1.429526329,-0.725705385
6824,-0.481718779,-1.667527318
6825,0.139212802,-0.213212416
6826,-0.412373602,-0.305289805
6827,-2.374114990,0.637445092
6828,-0.295541137,0.594677210
6829,1.012520075,-0.226197600
6830,0.266666085,-0.419266403
6831,3.924295902,-3.834196091
6832,0.022687912,-3.559689283
6833,-0.536107779,1.454917073
6834,-0.875863731,0.510712862
6835,-0.818887770,-0.005357981
6836,0.612609565,2.196117163
6837,-0.434052825,0.445756882
6838,-0.254862666,1.419681907
6839,0.886884451,0.047305349
6840,0.332979321,0.492646992
6841,0.557724655,2.626698256
6842,-0.810029030,-1.832641840
6843,0.916273475,0.528557181
6844,-0.685388565,-1.168042660
6845,-0.274945289,0.107834503
6846,-0.316792727,0.102435425
6847,-1.792884111,-1.148562431
6848,1.052953482,0.388925731
6849,0.187221855,-0.392525852
6850,0.918800175,-1.553281903
6851,-0.055958144,-0.126929387
6852,2.181285620,0.072462052
6853,-0.906195819,2.531394005
6854,0.363734275,-0.788623810
6855,0.079950333,-0.571268559
6856,-0.349451631,-0.446584910
6857,0.028221756,-1.054625869
6858,3.649852753,-1.695743442
6859,0.918728828,1.303058147
6860,-0.395862877,0.876780391
6861,-0.689904153,1.301287293
6862,-2.616916180,-0.572870731
6863,0.322064936,1.180077076
6864,0.597711563,0.519116998
6865,0.125662297,-0.770610809
6866,0.310709894,-1.439753532
6867,0.636581242,1.030572534
6868,-0.414376259,-0.192816287
6869,1.759703875,0.788163900
6870,-0.394561023,1.290216923
6871,0.257025659,1.290530682
6872,-0.985622644,-0.535283625
6873,-0.746543825,-0.358763814
6874,1.008879900,-0.246185035
6875,-0.415251344,0.427951574
6876,0.735010743,0.778176606
6877,0.638469458,-1.935445428
6878,-0.577516735,0.850191236
6879,-0.020835876,1.833141088
6880,1.772964597,-0.376869798
6881,0.294938087,-1.997576714
6882,-1.141307712,-1.850679398
6883,1.217667818,0.671721101
6884,-0.072435021,-0.170253158
6885,-1.571503401,1.140117884
6886,-2.227070570,-1.262673020
6887,0.328160346,-2.014056206
6888,-2.062140226,1.583201408
6889,-0.089217037,-0.186695367
6890,-0.664039493,-0.265970677
6891,0.261616647,-1.755619526
6892,-0.677309632,0.179300219
6893,2.832733870,2.685477734
6894,0.849844337,-0.137298763
6895,-0.838208318,-0.328942001
6896,0.498587370,0.857922554
6897,-0.052522540,1.015781403
6898,0.092125133,0.132310748
6899,0.344840318,-0.579176307
6900,0.714387774,-1.028073549
6901,-0.043160271,0.520105422
6902,1.071985841,-1.053854465
6903,1.106249809,-0.975680888
6904,-0.001737161,0.882032692
6905,1.144358158,-1.270584822
6906,-1.277377367,0.551476359
6907,-0.877292037,0.967669487
6908,-0.453462243,2.773565769
6909,-0.041663378,1.690828681
6910,-0.758920133,0.438789368
6911,0.780474007,1.294562340
6912,-1.210239172,2.574665785
6913,-0.252170920,-1.727714777
6914,0.788699031,0.907499194
6915,-0.593343735,1.293446422
6916,-0.767620683,0.532931268
6917,0.355970114,0.392975658
6918,-0.601752400,-0.359959066
6919,0.982008815,0.974998951
6920,0.326063842,-0.473345965
6921,0.119776130,-0.907741904
6922,-0.340335906,-0.017881345
6923,-0.053506494,0.234972686
6924,-1.614545822,-1.745692134
6925,-0.023706298,-0.175211415
6926,0.505133390,-0.337618649
6927,-1.997703075,1.138229370
6928,0.920590162,0.581763148
6929,0.801503539,2.291039944
6930,-0.452345788,-1.758772373
6931,0.298571169,0.279607624
6932,0.353838235,0.084074445
6933,-0.326422632,0.032274127
6934,0.051935554,1.226146340
6935,0.832195997,0.825797200
6936,0.916397452,-0.680426121
6937,-0.230524540,-2.018158436
6938,-0.419064403,1.302830815
6939,1.408805490,-0.032872461
6940,0.111336261,1.999814868
6941,-0.352119714,-0.199657619
6942,2.279334784,2.715822220
6943,-2.722123146,-2.281249523
6944,-0.957004189,-0.635069191
6945,2.154965162,2.039965868
6946,-0.777074397,1.472836375
6947,-1.848829985,-0.369575799
6948,0.217802510,-0.809754610
6949,0.445655614,-0.209603339
6950,-0.190432668,-1.236203432
6951,-0.008196473,3.401354551
6952,0.738599658,0.606210709
6953,2.595163584,-0.698452652
6954,1.343817592,1.466579676
6955,0.333537042,-0.294758081
6956,0.795737565,-0.836223304
6957,2.185835123,1.018049717
6958,-0.144231915,0.082307316
6959,1.832391739,-0.571018100
6960,0.765563488,0.575455189
6961,1.015854597,-0.192638487
6962,-0.971438646,0.011920571
6963,-0.628740549,-1.658142686
6964,0.321145475,-0.139635026
6965,0.088896453,-0.903805852
6966,-0.537809432,0.546595931
6967,2.325185537,1.646062732
6968,-1.084319115,0.382677197
6969,1.181562543,-0.391663551
6970,0.329445750,-1.415854335
6971,0.425969541,0.271681815
6972,0.232143521,-1.576450229
6973,0.173455909,-0.205541432
6974,1.229873300,-0.832201362
6975,0.016506957,0.804170310
6976,0.398830414,-0.494831711
6977,-0.025046989,-0.655241847
6978,-1.322525978,0.099605203
6979,-0.077496968,0.149443358
6980,2.285873652,0.514839113
6981,1.363384008,0.820333004
6982,0.145470932,0.101097494
6983,-2.796039343,0.733270049
6984,2.556824923,-0.075161681
6985,-0.023528576,-0.141888052
6986,0.700847983,1.530597329
6987,1.139026880,-0.321432769
6988,-0.501599789,-0.195642307
6989,1.086167336,-0.159312382
6990,0.910762072,0.384018660
6991,-1.096282005,-0.397004426
6992,0.764712870,-0.154989004
6993,-0.294123828,0.072001770
6994,0.010910720,0.839035749
6995,0.789332569,0.373541445
6996,0.096969940,-0.285541236
6997,0.753602922,0.670574129
6998,0.209394813,1.140191078
6999,-0.803831100,-0.745080173
7000,0.053975582,-0.477451026
7001,-1.156738520,1.805287957
7002,-3.412770748,0.304297447
7003,-0.198714241,-0.477863461
7004,0.012625515,0.343034625
7005,-1.048454881,1.026602149
7006,-1.515972972,0.816266775
7007,-1.465727687,-0.852342188
7008,-0.245139033,-1.274285555
7009,0.939249873,1.404340625
7010,0.871035159,0.540174365
7011,0.030304953,-0.217044473
7012,1.738009334,1.774681568
7013,0.109864801,0.583488047
7014,-0.492372394,-0.861520290
7015,-0.349494457,0.705891371
7016,-2.053328991,-0.269810081
7017,-0.489467859,1.591160893
7018,0.870446980,0.063830726
7019,-0.652552545,0.949746966
7020,-0.230877876,-0.881463826
7021,-0.595440626,-0.668818414
7022,-0.806527495,-1.092319846
7023,-0.905162513,-0.420188665
7024,1.040344000,-3.460595131
7025,-2.732601166,0.467695057
7026,1.042431712,-0.278813541
7027,-1.727648973,-0.828310728
7028,3.710784674,-1.785331845
7029,0.142969310,0.043484360
7030,-2.483736992,-1.645230651
7031,0.530990243,-0.217567354
7032,0.013162741,0.156105489
7033,0.634072781,0.563003659
7034,-0.534068048,0.852770090
7035,0.748505354,-1.025095344
7036,0.087948501,-1.710905552
7037,-1.203951120,0.904250026
7038,-2.052681684,0.443824649
7039,-0.403159648,0.651975870
7040,0.489682019,1.090197802
7041,0.104810052,1.088731647
7042,0.464729309,0.806680739
7043,0.376302123,-0.550989091
7044,1.498183727,0.516237319
7045,-0.755287170,-0.911133170
7046,0.664075434,0.211810187
7047,0.081885740,0.896045387
7048,0.496453702,-0.434165895
7049,0.355399072,-0.521276295
7050,1.607114553,-0.849352837
7051,0.259687155,-0.887133956
7052,2.545108795,-2.597631931
7053,-0.776228786,3.435953379
7054,0.036646709,-0.188777655
7055,-0.149177581,-0.260504663
7056,1.190654993,0.506884456
7057,1.348184824,2.327418804
7058,1.199425936,0.182034463
7059,2.428374052,-0.597195745
7060,0.117580980,0.450709730
7061,-0.549765468,0.221722394
7062,0.643496454,0.466735959
7063,1.547248960,4.021773338
7064,1.399035215,-0.160677433
7065,0.193270802,0.170393616
7066,0.140125096,-0.161722854
7067,0.523361623,1.259636283
7068,-0.358217597,-0.167857394
7069,-1.263256550,-0.134461761
7070,-2.160920143,-0.256917059
7071,-1.095588803,-0.892504394
7072,-1.146254539,-1.552539825
7073,-0.178943455,0.093440190
7074,-2.463187695,-0.958656311
7075,1.853213072,-0.205213517
7076,-0.462871611,0.263107836
7077,0.970988214,-1.604011297
7078,-0.923709035,0.681750000
7079,-0.923205256,4.103491306
7080,0.659255385,-0.050835267
7081,1.244572401,-0.722000957
7082,-0.830574274,-1.742549896
7083,-0.418540806,0.024409659
7084,-1.730134964,-1.897935033
7085,-1.943963647,-0.087002113
7086,-0.653010607,-0.008045793
7087,-0.557970643,-2.112885475
7088,-0.428221345,-0.098374173
7089,-0.250260353,0.174409851
7090,-1.523097873,-1.172317505
7091,1.452659845,-0.849048316
7092,2.190517426,0.282853127
7093,0.102855295,1.754441381
7094,2.041366339,-1.001791358
7095,-0.304233432,0.104264289
7096,0.357933074,-0.841067553
7097,-0.379772514,1.569210768
7098,-0.809445143,0.102370515
7099,-0.179717585,0.162126228
7100,-0.033446513,0.840545177
7101,-0.636568666,0.522775948
7102,-0.636210382,0.651576519
7103,-1.567880034,-2.458614588
7104,0.379045725,-0.984786153
7105,-0.581823349,-0.315638006
7106,-1.002726674,-1.682726860
7107,-1.588956594,-1.825160265
7108,-0.592697144,-1.655882001
7109,-0.093798563,0.332427591
7110,-0.755299270,0.711813986
7111,0.268829733,0.446346074
7112,0.103401802,-0.921326697
7113,1.205837727,0.938110352
7114,-1.995928764,-0.464135170
7115,0.530369580,2.011189699
7116,0.175279275,-0.018024456
7117,0.674562454,-1.598997116
7118,-0.343622923,0.721934795
7119,-0.102217853,-0.313048542
7120,-0.239532009,-0.001688797
7121,-0.448426932,0.696238935
7122,0.376150966,1.312001944
7123,0.170192897,-1.079013228
7124,-2.693259239,-1.265394449
7125,0.682978630,-1.212665796
7126,-0.243849084,0.016907990
7127,1.104281306,0.804176688
7128,0.708427131,0.589594364
7129,1.346802831,-0.082694352
7130,-0.927385330,2.428786278
7131,0.544884562,0.021436229
7132,3.109050035,0.141423285
7133,-0.583077610,1.010061979
7134,-1.147628665,-0.067528933
7135,-0.606621981,-0.029809639
7136,-0.081384137,-0.179011643
7137,-2.520296812,0.461360216
7138,3.222871304,3.102247953
7139,0.472774088,0.389228791
7140,-0.888064504,0.152106673
7141,-1.426491261,0.526916981
7142,1.114837408,-1.774745703
7143,0.685917914,-0.900332749
7144,-2.094886303,1.327679753
7145,0.730288267,1.129421711
7146,-0.768864512,-0.781218410
7147,0.992887139,-0.808607817
7148,0.051372770,-0.202395350
7149,1.275163412,-0.842529953
7150,0.679108739,1.455554724
7151,0.770380259,0.443543375
7152,1.048397064,1.770377874
7153,0.184113652,0.369591415
7154,0.236325771,0.008673429
7155,-1.248445988,1.578376770
7156,0.869480968,0.263796419
7157,-0.725631595,4.515161991
7158,1.795689344,1.172296524
7159,-1.953848839,0.055302978
7160,4.479887009,3.150788069
7161,-1.159949541,-0.954356551
7162,0.465305895,-0.743414998
7163,-0.574791372,0.168389082
7164,-0.286395639,0.755242825
7165,-1.115241528,-0.344625354
7166,-0.007178050,0.160380930
7167,-0.338116109,-0.249923170
7168,-0.758836448,-0.097404696
7169,0.243866563,1.980332136
7170,-0.064716533,-0.285754979
7171,-1.114666343,-1.710698009
7172,0.125152349,-1.203557491
7173,-0.290031910,-0.114418626
7174,-1.630305290,0.895631790
7175,1.084212065,0.894351602
7176,-0.939066768,-0.462311238
7177,0.177705020,-0.583224475
7178,-1.714504957,0.090637684
7179,-0.069533683,-0.374994725
7180,1.312116265,0.703929365
7181,-0.341045141,-0.530279279
7182,3.065948725,0.625729382
7183,-0.322983086,-0.259613216
7184,-0.412814021,0.004797690
7185,0.276929736,-0.555491388
7186,-1.764425039,2.113328695
7187,-1.525361538,-1.471590042
7188,-0.148175627,-0.018939137
7189,-0.940668404,0.383312434
7190,-0.559863210,1.139780164
7191,-0.291209608,0.344925284
7192,-0.183209777,-0.890173137
7193,-0.043616343,0.173398852
7194,-0.359646231,0.336754948
7195,0.990499198,1.048885465
7196,0.812794447,-1.582802176
7197,0.471127808,0.278449416
7198,-1.473120093,-0.399915546
7199,0.095137060,-0.267444074
7200,-0.068200290,0.160469890
7201,-0.386123300,-1.391853452
7202,-0.968716562,1.105487466
7203,-0.130520061,-0.074010223
7204,-0.275546789,0.045539550
7205,-1.499285698,0.297288269
7206,0.828612506,0.057925075
7207,2.415768147,1.530191183
7208,1.604220271,0.603048444
7209,0.366528094,0.655782759
7210,0.004849352,-0.185630098
7211,0.259228706,1.335861444
7212,0.464853913,0.591595590
7213,1.218056202,0.095405124
7214,-0.490259767,2.249698639
7215,3.109521866,1.726241946
7216,-0.121832490,-1.215930581
7217,1.120689392,-0.373310685
7218,-2.826011896,0.282295465
7219,0.165809914,0.127577528
7220,0.653176427,0.527962267
7221,0.606459796,-0.338673890
7222,3.507072449,-0.891362906
7223,-0.606591523,-0.869688153
7224,-0.717839479,0.154066682
7225,-1.245161772,1.072226524
7226,-1.302642465,0.600752115
7227,0.734720111,0.681382418
7228,-0.974517763,-0.953705072
7229,0.186293811,0.426956087
7230,-0.582384229,0.572922826
7231,-0.380245328,-0.201993644
7232,-1.623304486,0.500453472
7233,1.096675634,1.924695849
7234,0.694090247,0.082838386
7235,0.070440590,-1.563713551
7236,-0.160583764,0.019706532
7237,0.544673145,-0.185915589
7238,0.790150642,2.111186266
7239,-0.173729211,0.196698800
7240,-0.125757962,2.146050692
7241,1.079919219,-2.228600502
7242,1.831487894,0.064307027
7243,-1.195363879,1.102176905
7244,-1.262456894,1.231605291
7245,-0.010261703,-0.227375984
7246,-2.086282969,1.535463333
7247,0.873265266,-0.177265108
7248,0.317057937,0.101618439
7249,-0.850488365,0.310034961
7250,-0.019079873,0.454607129
7251,0.647995591,-2.292441130
7252,1.391327620,-1.103658080
7253,0.177892447,-1.602267742
7254,2.176837921,-2.535822392
7255,-0.159387633,-0.334646046
7256,-2.035187960,2.374231100
7257,-1.253719807,0.482000291
7258,-0.190587834,-0.069201663
7259,-0.456860691,0.296893120
7260,-0.049141407,0.598178923
7261,-0.943165541,-0.205959558
7262,-1.384895563,-1.120411873
7263,2.912729502,-0.678097665
7264,0.308801651,-0.160785943
7265,0.288457304,0.346331686
7266,1.321885467,-1.435721397
7267,1.235980272,-1.870971203
7268,0.518372416,0.079218894
7269,-0.081948489,-1.669022322
7270,1.155116677,2.415629864
7271,0.310725391,-2.483098745
7272,0.173467159,-2.192121744
7273,0.153561994,0.496896267
7274,-1.012657881,-0.507002473
7275,0.690666914,-0.663558424
7276,-0.344587386,0.307413638
7277,-0.317905188,-0.795710504
7278,0.589628458,-0.837307215
7279,0.084953777,-1.000215292
7280,-0.963007689,-0.037940979
7281,-0.601089120,-0.725124717
7282,-0.703602314,0.035889298
7283,-1.986019969,0.553724051
7284,0.526863158,0.801262736
7285,-0.022003189,1.492333174
7286,-0.503488004,0.423673928
7287,0.884322882,-0.378996432
7288,1.210257530,-1.731455207
7289,-0.518007636,-0.182163686
7290,0.306161880,-3.390985012
7291,-1.805954099,1.103869915
7292,-1.669669747,0.477389991
7293,-0.401324213,-0.649330497
7294,0.899623156,1.179432273
7295,-0.834651828,-1.967126131
7296,-0.882647395,-1.662526131
7297,-0.205770731,-0.542052448
7298,0.187663287,-0.024743363
7299,0.531043291,0.837415278
7300,-0.598193109,1.167499304
7301,-0.685063362,-1.253833532
7302,0.285768002,0.701808274
7303,0.208743960,-0.492801279
7304,1.056127310,1.216943145
7305,0.193634927,0.749103546
7306,-0.075270772,0.216639057
7307,-4.543615818,-2.441988230
7308,1.205465317,3.186427832
7309,0.778365850,-1.022053361
7310,-0.169636041,0.454952151
7311,-1.928471565,-0.424628884
7312,-1.770500064,0.867745399
7313,-0.022067510,1.303591251
7314,-1.065761328,-0.476356924
7315,-1.414505720,1.384447813
7316,-1.579986095,0.948650956
7317,-0.641220987,-0.060562789
7318,0.461111784,-0.959366024
7319,0.636887670,-0.647539139
7320,1.175908446,0.408129632
7321,0.217949972,0.374650955
7322,0.323319048,0.492209524
7323,-0.520454764,-2.052102327
7324,-0.339630008,0.991261363
7325,-1.614863038,-1.334781885
7326,0.504404724,0.035668336
7327,1.652472734,2.902682066
7328,0.545168400,-0.614507854
7329,1.119416952,-1.210603237
7330,0.053106107,-0.477794737
7331,2.827448130,-0.667140841
7332,1.247657061,2.697417259
7333,0.372559011,-0.756731391
7334,0.608233690,1.335964084
7335,1.190011978,-0.044289470
7336,-1.863365293,-0.474375010
7337,0.403477788,1.947464108
7338,-1.633172393,-0.335446745
7339,1.275093794,-0.403300583
7340,-0.372428119,-1.895013094
7341,-0.610892892,-0.544970334
7342,2.375004768,-1.037922621
7343,-1.436719418,0.748297095
7344,-1.389479637,-0.767413795
7345,-0.152226508,-1.459946632
7346,0.557023764,0.345708936
7347,-0.721529603,-0.217164874
7348,0.540199399,-0.619599223
7349,0.828669190,2.751998663
7350,0.073864684,0.140256718
7351,-1.542802334,2.567627192
7352,0.573973596,1.520626307
7353,-0.219555974,-0.139137357
7354,-0.375541508,3.259111881
7355,0.475995183,-0.236991510
7356,-0.057360098,-0.832971454
7357,-1.511607170,0.742790222
7358,0.072306246,-0.135199830
7359,0.257173985,0.666772246
7360,-0.518904448,-1.508341551
7361,-1.980985522,-0.147952437
7362,-0.126519799,-1.102976322
7363,0.039767459,-0.072633937
7364,0.200456053,-0.298265606
7365,1.932074308,1.039970398
7366,1.603874207,1.916944265
7367,0.069667071,-0.325542629
7368,0.096059665,-0.414248228
7369,0.699773610,1.136456132
7370,1.023183346,0.598988652
7371,0.097676098,1.433956861
7372,-0.218904763,-0.787534654
7373,0.460919648,0.618016183
7374,-3.071156979,0.767480910
7375,-0.006533524,0.341850847
7376,-0.366856515,-1.104723930
7377,0.523712695,-0.050469130
7378,-0.538924277,-0.537593365
7379,-0.299089640,-1.433161974
7380,-1.302208662,-1.019157767
7381,0.389485538,-0.216716170
7382,-1.346508384,-1.165677428
7383,0.717461646,-0.660147011
7384,-0.588599503,-0.332532465
7385,-0.176180974,0.126490861
7386,0.310301304,0.160469875
7387,-1.038345695,-3.527179241
7388,1.464628220,-2.071552277
7389,0.514331698,-0.603774667
7390,-0.160737455,-0.784196734
7391,0.153762519,-0.535030842
7392,-2.647229195,2.710412025
7393,-2.511747837,-0.874429703
7394,0.760713279,0.816606402
7395,-1.581544876,-0.892767608
7396,-0.262187958,0.118575022
7397,0.141311109,-0.132067934
7398,-0.595064759,1.667166829
7399,-0.965646863,1.063466072
7400,2.716188908,-0.068300709
7401,-0.553252220,-0.735160887
7402,0.028943915,-0.313555211
7403,0.004166469,-0.158522904
7404,0.404406786,-0.044795141
7405,0.272572279,0.607621193
7406,-0.297481418,0.102953918
7407,0.788891256,-0.438622355
7408,-0.337353230,-0.002746858
7409,0.748466372,0.251114756
7410,1.383027077,0.728589773
7411,-1.160115242,-0.876856744
7412,-0.762438178,-3.437045574
7413,0.359086275,-0.123109527
7414,-0.277176082,-1.608116388
7415,0.955357313,0.284528822
7416,0.045015574,1.314719796
7417,1.075690746,0.070699885
7418,0.216648430,0.563875079
7419,0.544007957,0.980925679
7420,0.581810713,0.498990595
7421,1.184527755,-2.484377623
7422,-1.134719014,1.732921839
7423,0.230272532,-1.005187869
7424,0.309233129,-0.164886743
7425,0.657255471,-0.313792586
7426,-1.117672801,0.200193897
7427,-0.630439579,0.309481829
7428,-0.210500270,-0.512413025
7429,1.746172547,0.281707942
7430,1.239031315,-0.982860923
7431,1.224228859,-2.063348770
7432,-0.010248479,0.615518451
7433,-1.776424527,-1.656477451
7434,-1.352436662,1.446402788
7435,-0.167796597,0.079747453
7436,0.978667796,2.146403074
7437,-0.879238904,1.144799709
7438,-0.088368274,-0.903558195
7439,1.415357828,1.265848637
7440,-0.042728961,-0.536218286
7441,-0.554724455,0.881190300
7442,-0.394771099,-0.158120811
7443,0.102057219,-1.383779049
7444,-1.472605824,-0.963453531
7445,-0.795926511,0.166981205
7446,1.150474787,-0.292383939
7447,-0.206712753,0.160455436
7448,-0.513834834,-1.513884306
7449,1.861875653,0.394309729
7450,-1.706551194,0.015689149
7451,-0.361477613,0.109402403
7452,0.879470766,1.632133245
7453,-0.809945226,-1.885669112
7454,0.352249146,-0.552617848
7455,-1.964103222,-2.372442961
7456,1.562690377,-0.168515712
7457,0.875076830,-1.016525388
7458,-1.211681247,-0.793167889
7459,-2.679061890,-2.967057705
7460,-0.115092956,0.787421525
7461,0.847579539,-0.630278468
7462,-0.391669393,-0.320343643
7463,0.500807762,-1.428925633
7464,2.338824987,-0.387227684
7465,0.186988950,0.038685061
7466,-0.120387331,-0.136391461
7467,-0.467411548,1.081953764
7468,1.281955242,-0.198842153
7469,-0.595672369,-0.556881607
7470,1.455275893,-0.200662166
7471,-0.247964144,2.967194080
7472,-2.093238115,0.108275771
7473,0.650086224,0.220493063
7474,-2.230865955,0.064478636
7475,0.066339634,-0.192727596
7476,0.078682944,-0.471830547
7477,-1.639629722,1.018320322
7478,0.243716389,-0.184803858
7479,-0.122242287,-0.406567574
7480,-0.775673866,0.138596475
7481,1.086354494,-1.977496862
7482,-1.829450846,0.428992629
7483,-0.694711089,-1.520100355
7484,-0.530217886,-0.512636423
7485,0.409105331,0.121601842
7486,-0.169463187,-0.093179226
7487,-0.608455598,0.811011434
7488,0.886332572,1.811354399
7489,2.937454700,1.333782077
7490,1.427865505,0.140380144
7491,0.353464186,-0.404892564
7492,0.581764400,0.532739460
7493,-1.285191536,-1.328188539
7494,0.276951790,-0.233932406
7495,-1.170487404,0.417087436
7496,0.848435521,-1.003771424
7497,0.015785113,-0.674287856
7498,0.968042910,1.535704374
7499,-0.644349098,-1.079821825
7500,1.102015495,-2.159837723
7501,-0.857838154,0.423957825
7502,0.305707991,1.593884468
7503,2.682575941,1.981255054
7504,-0.327993304,-0.618963838
7505,-0.962046742,2.180180550
7506,-0.884433270,0.852298439
7507,-0.800312519,-0.038969159
7508,0.417790890,1.836673260
7509,-0.091125250,0.415932924
7510,0.628036141,-0.137621298
7511,-0.169210434,0.539478660
7512,-0.108500063,-0.979682386
7513,0.637312591,1.683868527
7514,-1.002186537,0.207346201
7515,2.649595976,-1.756400585
7516,-2.264827251,-1.786239386
7517,1.537212729,-1.322254777
7518,0.380777985,-0.887558699
7519,0.158351749,-1.290446758
7520,-1.488284945,1.147761941
7521,-0.082150109,0.191753715
7522,-0.044701505,0.158057734
7523,-3.525759220,-0.437167019
7524,0.092384398,1.477630854
7525,-0.043863013,0.835635245
7526,0.000547169,0.223352045
7527,-0.616627574,-0.848235011
7528,-1.090232730,-0.680929065
7529,0.097787142,-1.099520206
7530,0.129724249,0.438090920
7531,0.021328574,0.643974602
7532,-1.882861018,0.856914878
7533,0.094832391,1.492547274
7534,0.922244489,0.480690062
7535,-0.572124958,-0.321087360
7536,0.707759380,0.518682539
7537,0.353745878,-0.517558455
7538,-1.098793983,0.104153037
7539,-0.091707289,-1.229829907
7540,0.437827140,-0.325710267
7541,-0.204720974,0.366640598
7542,0.358662307,-0.039114937
7543,-0.658637226,2.522391081
7544,-1.900274992,-1.041260958
7545,2.770733356,0.848876536
7546,0.733495414,-4.405026436
7547,-1.577034116,-0.285736918
7548,-0.923703313,0.850264192
7549,-0.722175837,-0.208355337
7550,0.927471578,-0.401354134
7551,1.482048035,1.691147089
7552,-0.073275268,-1.464809060
7553,-1.057654858,-0.949649394
7554,0.287219644,-0.898247242
7555,1.192258716,1.022888660
7556,-1.578063488,1.763013601
7557,0.533185422,-2.380311251
7558,-2.697462082,-0.485165328
7559,-0.121722341,-0.613243580
7560,-0.457333565,-0.564370036
7561,0.644448698,-0.584028721
7562,0.787395716,-0.183309972
7563,-2.178356171,-4.206317425
7564,-0.887900174,0.121513739
7565,-0.084725976,-0.448745549
7566,-0.510380030,1.856342554
7567,2.138339043,0.903151870
7568,1.255572081,0.797405839
7569,0.222501889,-0.850102663
7570,0.765063345,1.717023969
7571,0.356085807,1.578129888
7572,1.327074170,-1.370975971
7573,-1.506814480,2.205357075
7574,-2.113110542,-0.467907220
7575,0.970868587,0.515884340
7576,-0.374480873,0.762687504
7577,-2.252962589,-4.186999321
7578,-1.414086103,-0.759578347
7579,0.158568650,0.280599177
7580,-0.055502523,0.259544313
7581,-1.354144096,2.119897842
7582,1.735169053,0.656432152
7583,-1.017587900,0.623812675
7584,1.518727660,-1.118996739
7585,-0.404968619,-0.959027410
7586,0.103773117,-2.396971226
7587,-1.277911425,-0.607283831
7588,0.999638319,0.774670362
7589,0.817095399,1.340930104
7590,-1.342901468,-1.417099714
7591,-0.203725427,-0.301992983
7592,-1.426767588,-0.412973523
7593,-0.034944631,0.967351377
7594,0.152447954,-0.103241697
7595,0.719088554,1.590139389
7596,0.731979489,0.606798589
7597,-2.189912319,3.496417522
7598,0.028853476,0.622083366
7599,2.006912231,1.215910196
7600,0.162835032,-1.653375626
7601,-0.812701464,0.010505766
7602,-0.848043144,0.817532063
7603,-1.439579368,1.280592322
7604,0.812492847,0.173266158
7605,0.801406085,-0.035032153
7606,0.273988187,-0.867192984
7607,-3.544934750,-2.895347595
7608,0.336080134,2.426501751
7609,-0.232817888,0.202204853
7610,0.422545195,0.030968361
7611,0.718076825,0.624264956
7612,2.128713369,-0.975979209
7613,0.237160444,-0.566294909
7614,1.263842583,-1.071901321
7615,1.124540806,-2.446255207
7616,0.266477108,0.525701523
7617,-1.371279597,0.269928694
7618,-0.211591721,1.675098658
7619,0.974311054,0.116825834
7620,-0.347244322,-0.237747461
7621,-0.775111377,-0.030299038
7622,-0.777964294,-0.627382576
7623,-0.421457678,0.279953003
7624,-0.851134777,0.048363447
7625,-1.614257693,0.328730583
7626,-0.326171756,2.672767401
7627,-0.845129251,-0.669437647
7628,-1.902624607,-2.112867355
7629,1.596794605,-0.644279480
7630,1.020381808,-1.915124774
7631,0.592872679,1.528231621
7632,0.499108762,0.224237174
7633,0.214091539,-2.105929136
7634,-0.031268522,0.257887691
7635,-3.461540699,1.159273982
7636,0.551312625,-0.630967259
7637,0.554657638,0.836859405
7638,0.385575950,-1.768762469
7639,0.369437099,0.063179374
7640,-1.009495854,1.006036162
7641,-0.856865525,-0.574031651
7642,-0.385468125,-0.826329947
7643,-0.391879380,-0.925540566
7644,0.174349308,-1.732251406
7645,0.428001612,0.460943073
7646,0.851613939,0.591833115
7647,0.011654958,0.531464934
7648,-1.311430216,-1.103137136
7649,0.633858263,-1.855364799
7650,-0.023708671,0.332663655
7651,-0.228937954,2.208093166
7652,1.141886473,-0.084266186
7653,2.502572298,0.115514338
7654,2.829465389,0.801664591
7655,-0.366656661,-0.655577481
7656,0.148870155,0.203354567
7657,0.656948864,0.580316007
7658,-3.490607262,-1.654064894
7659,-2.648892879,0.948339462
7660,0.913282096,1.120410562
7661,0.822422802,-0.134775400
7662,0.235692680,0.623071373
7663,1.064933062,-0.598483384
7664,-0.253603518,-1.015558839
7665,-0.391943038,-0.178627521
7666,-2.023272991,0.763355494
7667,-0.727400184,0.247407615
7668,0.249636322,-0.199860692
7669,2.568505764,-1.237272382
7670,0.364447653,3.017223835
7671,-1.957477689,0.170803308
7672,0.659597158,0.345638096
7673,1.028079510,0.271080077
7674,0.016574545,-0.164103419
7675,-0.057153746,0.851528943
7676,-0.623775959,-0.441615999
7677,0.081636518,0.847067714
7678,-0.854693472,1.731200218
7679,-0.377990127,0.179041371
7680,0.228529394,0.184748515
7681,-0.465097606,0.655732274
7682,0.140643135,-0.161111102
7683,2.633516312,0.158651590
7684,1.757177830,-0.510479927
7685,0.860023737,-0.313488156
7686,-1.623319745,0.734788060
7687,-0.515195906,0.294608653
7688,-0.946683645,-0.012230039
7689,1.873416066,-0.406697243
7690,-0.973433554,-0.784585714
7691,-0.312537789,-4.946174145
7692,0.251272619,0.820544660
7693,0.335097551,-2.509340286
7694,-0.260156870,0.946883440
7695,1.099708676,0.433096945
7696,0.022987694,-1.245400071
7697,1.507251024,-1.798308969
7698,3.610725880,0.481697440
7699,0.158644125,-0.008672570
7700,0.102215759,0.527643740
7701,-0.512561679,-0.309241474
7702,-0.680927932,-0.609728336
7703,-1.937197447,2.351118326
7704,-0.193621308,-0.293795347
7705,-1.247616768,-0.457518578
7706,-1.590890408,0.251654387
7707,0.256389618,0.300613105
7708,0.344875991,-0.383501559
7709,-0.418342590,-1.157844424
7710,-0.225162074,0.223759562
7711,0.713434279,-0.564181805
7712,-1.451731682,1.729056835
7713,0.357037961,0.882467866
7714,1.162829876,0.946116030
7715,1.673422098,-0.341288298
7716,0.265031159,0.167554229
7717,-1.511917710,-2.684823990
7718,-0.709836662,-1.927401304
7719,0.269300640,-0.013315490
7720,-0.084081523,-0.268853694
7721,-0.527544022,0.023479640
7722,0.392219007,0.866928995
7723,0.073320977,-0.494073093
7724,-1.239662647,0.036084428
7725,1.487758160,-1.703132749
7726,-0.220333397,0.552750409
7727,1.489990711,-3.831466198
7728,-0.040407181,-3.498892784
7729,-0.347898901,-0.100115716
7730,0.723923266,2.174362898
7731,0.309512407,-0.066414744
7732,-0.429257900,0.013599589
7733,-0.571518123,2.921484947
7734,0.029372573,-1.736773968
7735,-0.355727643,-0.351337910
7736,-0.096012875,1.559122205
7737,-0.173294455,0.649672747
7738,0.765294969,0.071601674
7739,-0.369619012,1.317508817
7740,0.682875395,0.486073613
7741,-0.033567518,0.657276273
7742,-0.765074134,-0.880142868
7743,0.037164725,0.134256110
7744,-2.332975626,-0.056259692
7745,-0.356525302,-0.098607123
7746,-0.331944525,0.431459129
7747,-0.206059337,-1.901539803
7748,1.968222976,-1.207994699
7749,1.737259388,-0.003598187
7750,2.925195456,4.204671383
7751,-1.633813024,0.173003793
7752,0.605257928,0.300322711
7753,-0.853252351,0.295949340
7754,1.439012885,-0.409437388
7755,-0.068673044,0.545008183
7756,0.446504951,0.073549747
7757,-1.812249660,0.159578681
7758,1.240630627,-0.659866333
7759,0.891928196,3.442679405
7760,-1.348490477,-3.009109735
7761,-1.167581558,2.823724747
7762,0.389882982,-0.982445717
7763,2.216242790,1.385237455
7764,2.338761330,-0.348492265
7765,1.837070704,-1.294650674
7766,0.135368273,-0.935009658
7767,0.213573262,0.793323278
7768,-0.554797411,-0.131134301
7769,-1.460752010,2.175076008
7770,2.884561539,0.409335256
7771,-3.329904079,-0.220454693
7772,-0.518238068,-0.151586860
7773,1.437296391,2.926226616
7774,-0.938021064,1.129567266
7775,-0.184572741,-0.628769577
7776,-1.851512909,-1.819929123
7777,-0.526096523,2.444590807
7778,-0.664189756,-0.374974072
7779,0.448848903,1.144591212
7780,2.593271494,0.793630719
7781,0.510464787,-0.788462996
7782,-1.411715627,-0.158791363
7783,-0.617344916,-0.425606489
7784,2.257539511,-2.377380371
7785,-0.214783400,0.082674608
7786,0.340643734,0.492927283
7787,-0.651372433,1.658479214
7788,-2.359713793,-2.028904915
7789,0.019512169,-0.093659759
7790,-1.579174638,-1.420801282
7791,0.613186479,0.336118191
7792,0.080255538,-0.769133687
7793,0.257195771,1.275916815
7794,-0.302067161,0.232224703
7795,-0.086734772,-2.156133175
7796,-0.770313561,-1.725391150
7797,0.376809686,-0.210102677
7798,-0.727764249,-0.496787906
7799,1.136937499,1.236003518
7800,-3.090989828,-0.737802029
7801,-0.882203043,2.199027061
7802,0.004608598,-0.182028770
7803,-2.765486240,-1.555187702
7804,-0.801657617,-0.467288375
7805,-0.842965841,-0.142986774
7806,-0.978098154,0.069064647
7807,-0.810083866,1.403842330
7808,0.180375516,-0.387356818
7809,0.029535502,-0.529035032
7810,0.501373410,-0.083843887
7811,1.825314999,0.241082489
7812,0.801600337,-0.014309708
7813,0.587925076,-0.564838290
7814,0.844439447,1.140900373
7815,0.930542707,-0.252318770
7816,0.062283106,-0.377050310
7817,0.765157402,1.329413891
7818,0.689741433,-0.170795172
7819,0.944312453,0.989529848
7820,-1.736325979,0.608915091
7821,1.841090441,-0.494289309
7822,-0.230135590,-0.106824100
7823,1.950873613,-0.985038757
7824,0.975798845,-0.496043980
7825,1.925425887,-0.454716653
7826,0.013151020,-0.550575972
7827,-1.316554308,-1.106101274
7828,0.715418100,0.670758009
7829,0.357754707,1.198322535
7830,0.049484670,-0.672488213
7831,0.144084185,0.087487452
7832,-3.391382217,-0.328579307
7833,-0.865101814,2.926194668
7834,1.175831079,1.790856242
7835,2.389555454,-0.299522340
7836,0.138467595,-0.178649113
7837,1.423698187,-0.674268305
7838,-0.555017650,-0.390014112
7839,-0.095022112,-0.133292466
7840,-2.241927624,2.066876173
7841,0.802067637,-1.775133014
7842,0.132680953,-0.523741424
7843,0.938416183,1.687549829
7844,0.389548421,2.277005196
7845,-0.642043591,-0.380593836
7846,0.169897899,-0.106568873
7847,-0.652762353,-1.075210452
7848,1.736053824,-1.350662947
7849,0.535527229,-0.181252480
7850,0.011557590,-0.344137967
7851,-0.032240700,0.309163988
7852,-0.114167273,-1.386205196
7853,-0.369498551,0.126276016
7854,-1.547797084,0.730294943
7855,0.742861092,-0.321491390
7856,0.196336508,-0.322329223
7857,2.493171692,1.133077979
7858,-0.207264543,-2.470429897
7859,0.020658663,0.607448518
7860,-1.268903494,1.535927296
7861,1.805198789,0.723685861
7862,-0.594313323,-1.476991415
7863,-3.384830952,1.339262486
7864,-0.072121710,0.371652931
7865,-0.723791301,0.160945833
7866,-1.470786333,1.559967041
7867,-0.625814140,1.204403043
7868,1.787355185,0.986574411
7869,-0.625778139,-0.966156125
7870,-0.347205728,1.890852451
7871,0.975342631,-1.335991740
7872,1.292649388,-1.938542128
7873,-0.853920221,1.418446064
7874,-0.919020176,-0.190859154
7875,0.159734011,-0.281166822
7876,-0.741681695,-1.381870985
7877,0.955890834,-0.073439158
7878,-2.678126574,1.203651428
7879,2.016827583,1.024103522
7880,1.153580785,-0.391946733
7881,0.231160179,0.316412628
7882,0.502716780,0.075204052
7883,-0.032842338,-2.062379360
7884,0.600595772,-0.155845433
7885,2.042533875,0.241951630
7886,-1.722887278,-1.014152408
7887,-0.136123791,0.592320442
7888,0.947065830,0.518240035
7889,-0.024573110,-0.336915731
7890,-0.320585608,0.385066420
7891,-0.218100771,0.230549961
7892,-0.389644891,-0.613845229
7893,-0.842734873,-0.087503582
7894,0.400975108,1.201067567
7895,0.138497472,-2.255156755
7896,-0.996330738,-0.101231277
7897,0.665699780,-0.203379303
7898,1.262989521,-2.837274551
7899,1.187981844,1.950862765
7900,0.265103579,-0.788914144
7901,2.659008265,2.133947134
7902,0.476218551,0.148545042
7903,-0.262167156,-0.161062479
7904,0.073718205,-0.070324518
7905,-0.735048771,0.392938554
7906,0.538178861,-0.182330728
7907,0.875766277,-0.464588463
7908,-1.240412354,-0.807083011
7909,0.441109538,-1.010082364
7910,-0.512669325,0.766824961
7911,-0.251098365,0.055775739
7912,0.547798276,0.629297674
7913,-0.309827983,-0.305200785
7914,-0.282747656,0.650667429
7915,1.499285221,1.264411688
7916,1.774778724,-1.169099331
7917,-1.309966326,-0.885523081
7918,1.404097795,-0.445507377
7919,2.411551476,0.174431697
7920,0.011755282,0.291507363
7921,-0.511641145,-0.769644499
7922,0.399062812,0.795403421
7923,0.245265305,-2.351125240
7924,-0.325875491,-0.749190927
7925,-0.160121232,0.273967445
7926,1.004786491,-0.548659682
7927,-0.482541203,1.951353431
7928,-1.221109867,-0.458384186
7929,-0.436984390,-0.176015332
7930,-0.410277635,0.982944310
7931,0.192328751,3.568561554
7932,0.772995353,0.962014139
7933,-2.578328609,0.995399177
7934,-0.972851276,-1.861016512
7935,-0.845549405,1.023511171
7936,-1.807034016,-0.954180956
7937,-1.753189683,-0.128343582
7938,0.286404073,-0.271075040
7939,-1.676402569,-1.784054279
7940,-1.432508349,-0.053441703
7941,0.926200151,0.101792231
7942,-0.995950222,-0.273734897
7943,-1.675645709,-2.393412113
7944,0.286986172,-1.174256086
7945,0.185281485,0.560380876
7946,-0.342680812,0.934190631
7947,0.386518121,-0.109790348
7948,0.527856767,-1.294169068
7949,-0.512608111,0.547952414
7950,0.806719840,0.267877132
7951,-0.062862813,-1.011621475
7952,-2.050791264,-2.627681732
7953,-0.272664666,-0.107455790
7954,-0.288936794,-0.277707875
7955,2.680100203,-1.423844218
7956,-1.354162216,-0.106374145
7957,-0.378600389,0.718303680
7958,0.389291197,-1.427318335
7959,-1.357635260,-0.563062966
7960,2.188854218,-0.897666752
7961,-0.591069400,-0.462296605
7962,2.496552706,-1.450195074
7963,-0.256228983,-1.772334099
7964,1.365049481,1.090701699
7965,1.388934851,3.144247770
7966,-0.477231264,-1.659957409
7967,1.017426133,0.064784899
7968,0.162555635,-1.033145428
7969,1.756142139,1.233093500
7970,-1.565454364,0.020894170
7971,-0.585678339,-1.277607203
7972,1.238921404,-1.315917850
7973,0.072285831,-1.919887304
7974,1.214459896,0.735647559
7975,0.177853793,0.034277167
7976,-0.062791333,0.199786767
7977,-1.105287433,-0.098427892
7978,2.933093548,-2.195788145
7979,-0.033219919,3.030022621
7980,-1.115828753,-0.481913149
7981,-0.299857259,1.432881355
7982,-0.011906197,0.204720438
7983,2.821889639,0.256395400
7984,-0.392650157,1.950108886
7985,-1.967839718,2.039319038
7986,1.765520692,0.027888820
7987,-1.642353296,-0.809302986
7988,-0.608190954,-2.945931435
7989,1.255007267,-0.116841778
7990,0.868729651,-1.733563781
7991,1.247732759,1.391298413
7992,-0.118312113,0.352937460
7993,2.092863321,0.398047239
7994,-0.370064080,-0.026474416
7995,-1.098163843,-0.059496880
7996,-0.367658556,0.223940477
7997,0.131375641,0.131760821
7998,-2.150516748,1.030861855
7999,0.438283205,2.357980728
8000,-0.788722515,-1.974614501
8001,0.973266721,2.130675554
8002,-0.633326352,-2.105484962
8003,-1.811726332,0.373210609
8004,-1.174506426,0.980683744
8005,0.595618844,-0.035471644
8006,-0.589076698,-0.730172157
8007,0.050521016,-1.772832274
8008,0.127463698,1.969332099
8009,0.574650884,3.375405788
8010,0.798168719,-0.196939841
8011,-1.142854333,0.954466939
8012,0.767490387,0.800668657
8013,1.520384312,-0.611514091
8014,-1.425289869,-1.021288276
8015,-0.950404048,-1.071844101
8016,1.409094453,0.087744825
8017,-1.364211202,-0.255129218
8018,0.305176079,0.754294634
8019,0.262783289,-1.582111835
8020,0.921361208,-1.081210613
8021,-0.952240705,0.384966731
8022,-0.218670353,-0.839287817
8023,0.552581429,1.195973039
8024,-1.715920210,-1.537100077
8025,-1.096762776,0.362770319
8026,-0.166314289,-0.623685598
8027,-2.437163591,-1.375895023
8028,-0.193947971,2.576985121
8029,0.400808990,-0.123591498
8030,-0.798173785,-0.224157363
8031,0.568461418,2.278285027
8032,0.544334054,-2.414599895
8033,1.604641318,-0.308910966
8034,-1.286580801,2.068745375
8035,-1.645239353,0.515506387
8036,-1.717393637,1.492919445
8037,0.129986539,0.267465144
8038,0.457557321,-3.112041473
8039,-0.368025184,0.179861501
8040,-2.147943497,-3.785438538
8041,0.053748608,0.267639786
8042,-2.102312565,0.605421543
8043,0.149175420,-0.078682624
8044,-1.538456082,-1.083631754
8045,1.526447773,2.427075863
8046,-0.223527089,3.031182051
8047,0.233529583,-0.185131997
8048,-0.238971576,-0.035658751
8049,0.917662561,0.340585530
8050,0.153042793,0.618800998
8051,0.026200235,-1.327131033
8052,3.132502079,-0.885974288
8053,1.450385809,0.489106238
8054,0.025698781,0.619383454
8055,0.685701847,0.378043145
8056,0.011633396,-1.996346951
8057,0.616528213,-1.458132863
8058,-0.205315873,0.549341977
8059,-2.108117819,-1.858643293
8060,0.451202810,-3.642875195
8061,-1.118046284,-0.144498467
8062,0.147849500,-2.223359346
8063,1.301078916,-0.238913655
8064,0.017882213,0.527263820
8065,1.720543146,1.426536798
8066,-0.626724660,-1.362611294
8067,1.847950339,-1.389330864
8068,-2.115601301,-0.061732292
8069,-2.410600185,-2.504086256
8070,0.882365406,2.004325628
8071,0.941234171,-0.158628851
8072,-0.796372056,1.422886848
8073,1.516836405,-0.834406435
8074,0.405209541,-1.362291455
8075,2.517021179,3.876175880
8076,0.143274829,-0.526938319
8077,-0.802130640,-1.300791502
8078,-1.060444951,1.715005994
8079,-0.150410995,-0.287877470
8080,-0.085059091,-0.579764485
8081,-0.801081777,-0.489149690
8082,-1.947563171,-1.774080753
8083,0.418661535,-0.701482654
8084,0.450918913,0.756292701
8085,-1.471040487,0.144026041
8086,-0.955121040,-0.295768797
8087,0.077117413,1.129776478
8088,1.721490860,-0.658565819
8089,-0.124696165,0.292413086
8090,-0.516539693,1.125588179
8091,-0.584244668,-1.228981256
8092,-1.315210342,-0.388318151
8093,0.307802618,-0.534357607
8094,0.686073720,0.988159120
8095,-1.600093246,-0.889919877
8096,0.023992047,0.141670644
8097,-2.043874741,-1.685644150
8098,0.619600773,2.534277201
8099,0.340987682,0.476474494
8100,0.532073855,0.447310060
8101,-1.756164908,0.592970908
8102,1.550151467,-0.030043997
8103,-2.492051363,1.331764460
8104,-0.560534418,0.993608057
8105,2.921130180,-1.031928658
8106,-0.538677871,-3.165949106
8107,0.259108573,0.942212582
8108,-1.285020113,-1.890084505
8109,3.472647667,1.300197959
8110,-0.244274065,0.123680577
8111,0.257975519,0.382576019
8112,0.145637065,-0.235585317
8113,-0.557041287,0.187731028
8114,-0.101663411,-2.398549318
8115,1.044455886,-0.991867840
8116,0.624197066,2.008070946
8117,0.564960599,0.119804844
8118,0.114506461,0.101055101
8119,0.862991989,-0.427102655
8120,-0.639905572,-1.820564032
8121,-1.123653412,0.542411327
8122,0.994804800,0.455327898
8123,-0.852643788,-1.020858526
8124,-0.518246531,-0.877608418
8125,-0.629193723,-1.314330935
8126,0.038598876,-0.202449545
8127,0.545127392,0.994652689
8128,1.040841103,-0.594955564
8129,0.299532771,-1.667489767
8130,-1.107200861,-0.721959531
8131,0.596543491,1.586244941
8132,-0.504548371,1.288368940
8133,1.372373343,2.286711931
8134,2.310730934,1.424367428
8135,-0.955371559,-0.430726051
8136,0.718935251,1.957639217
8137,-0.865098000,-0.770063400
8138,-0.288171589,-0.883147359
8139,0.055109218,2.180904627
8140,-0.418892384,0.214200735
8141,-1.835894227,-1.314237118
8142,-5.031090260,1.673781037
8143,-0.746527672,1.660663128
8144,-0.216709137,1.489852428
8145,-1.045040011,1.034388900
8146,-0.853659391,-0.654235303
8147,-0.988677025,-0.625159264
8148,-0.613564789,0.958868265
8149,-0.497817963,-1.237222314
8150,0.251142144,-1.596175551
8151,-2.763982773,-1.490337372
8152,0.413797289,0.642080545
8153,-0.459871769,-0.401685655
8154,0.599878728,0.406509757
8155,0.118171461,-0.139300048
8156,-0.123925209,-1.785113811
8157,0.394913375,-0.504224181
8158,0.200057924,-0.361198872
8159,-1.359288692,-1.921896696
8160,-1.004131556,-1.357046485
8161,-1.834689021,-0.095757902
8162,-0.713466525,0.902232170
8163,-0.526863158,1.204012394
8164,0.269468576,-0.023356603
8165,0.302973449,-1.312424421
8166,0.415420055,2.394868851
8167,-2.111520290,1.776602268
8168,0.356672049,1.514727354
8169,0.857821286,-1.012129664
8170,1.389249325,0.907408714
8171,1.040116072,0.004988432
8172,-0.931226671,0.416581869
8173,0.232974797,1.225959420
8174,0.553704917,-0.355283767
8175,0.020118089,0.583195925
8176,-1.394847155,2.147336006
8177,-0.462019354,0.652647972
8178,0.461661041,-0.232135877
8179,-0.840481162,0.196138382
8180,-0.597176790,1.533962250
8181,1.135655165,0.243951291
8182,0.179884195,0.559915841
8183,0.709885478,-0.980482697
8184,-0.596324742,3.453952789
8185,-0.324238628,-0.105992727
8186,-0.264731675,1.033896208
8187,-0.279863000,-0.760170281
8188,0.618382275,-0.050651789
8189,0.140767813,-0.372219443
8190,-0.505173206,0.162249684
8191,-1.578185558,-0.443488270
8192,-1.412761807,-0.621707082
8193,-1.308908939,1.996480465
8194,0.461483359,-0.616064012
8195,0.668586433,0.160952747
8196,0.481306762,0.768501878
8197,-0.377425313,-0.505518138
8198,0.132102028,-0.114435799
8199,-0.071358919,-1.405640006
8200,-0.616735995,-0.078522205
8201,0.776000917,1.261161685
8202,-2.728142738,-1.314808846
8203,1.571420074,-0.113560185
8204,-0.398593426,-0.111696243
8205,-0.797115326,2.039295912
8206,0.543067873,2.534024000
8207,-0.139756143,-1.549082637
8208,0.371401906,-1.426738858
8209,1.188039303,-1.079449415
8210,0.274010360,0.095821552
8211,1.167269230,0.232075840
8212,0.469311178,-0.462500930
8213,-0.981374681,-0.028371379
8214,-1.567770004,1.576925039
8215,0.124568164,-1.177454472
8216,-0.184722230,0.105985709
8217,0.122505300,0.587386608
8218,0.244418636,-0.834674001
8219,-1.040156722,-2.740238667
8220,-0.371906400,-0.856651425
8221,1.477194786,2.031717062
8222,0.898620665,-0.756865382
8223,-0.482794911,0.561228216
8224,-1.911013842,2.247259140
8225,-0.291175902,0.442619711
8226,0.511673570,3.325279474
8227,1.103419065,1.079528451
8228,-1.851565361,0.232615650
8229,0.016992226,0.105749726
8230,0.545060992,0.855366170
8231,0.872724533,-0.348415643
8232,1.322263837,-0.529101789
8233,-1.591063261,0.725938141
8234,-0.594092488,-1.106071949
8235,0.264658153,1.717821002
8236,3.343859673,-3.085299015
8237,-1.463619590,1.615840673
8238,0.282776594,-1.219666600
8239,0.639135420,1.181772232
8240,-1.293314934,1.155207157
8241,-0.497937679,-0.451364100
8242,-1.126575470,0.321490288
8243,-0.082554951,-0.162258297
8244,-0.147141755,-1.598037243
8245,2.110676289,-1.751574755
8246,0.648381948,1.293755174
8247,1.546512127,1.663490653
8248,0.050487161,-0.043314159
8249,-0.118455686,0.466370106
8250,-0.322563499,0.219183177
8251,0.694181442,0.003460156
8252,-0.133066729,-0.063344814
8253,-0.256123155,-0.111753166
8254,-0.818997383,0.809387326
8255,-0.037550062,-0.447521150
8256,0.345608950,0.058244761
8257,-2.490365982,0.678882480
8258,-0.141962320,0.359627962
8259,-0.731472731,-0.276139855
8260,0.567659736,-0.770279109
8261,1.368622899,1.141055822
8262,0.054266527,0.814528108
8263,0.120199367,-0.471132398
8264,-0.483430862,-0.167797565
8265,2.311736107,-1.064498901
8266,-1.447805643,-2.224414587
8267,1.718077660,-0.142327204
8268,2.698523521,-2.311021566
8269,-1.506431937,-0.313525736
8270,-0.228692025,-0.147795245
8271,-0.167702600,-0.312162101
8272,-0.219570398,-0.987591386
8273,-3.804808140,-0.204191208
8274,0.430326581,0.666008115
8275,-1.083008528,0.051944688
8276,-1.293836832,-0.551544309
8277,-0.571692824,-1.241845965
8278,-0.125924692,0.635096073
8279,-0.520087838,0.709205806
8280,0.026101351,0.764581621
8281,0.880848408,1.004217148
8282,0.678879023,1.534401417
8283,-0.452274084,-1.420442820
8284,-1.568768740,-0.301416665
8285,2.244740486,-0.163668662
8286,1.339236021,-1.829795361
8287,-0.267189741,-0.229146659
8288,-0.656058788,-1.796882272
8289,-2.948150635,-0.701997995
8290,-1.762392282,0.137733936
8291,-1.504177809,-0.786846280
8292,0.347533137,-0.023501560
8293,1.356801629,0.048569940
8294,1.483806372,-2.226125240
8295,2.080398560,0.074267738
8296,-1.023182631,-1.240025759
8297,-0.073338568,-0.889663339
8298,0.614213824,0.684022009
8299,0.860490680,0.371675849
8300,-1.439323187,-1.223366022
8301,1.357613802,0.870948613
8302,0.094053924,-1.428225994
8303,-0.120250657,0.723828316
8304,-0.745068908,2.148242474
8305,1.900359273,0.738508701
8306,1.726143837,-1.768064022
8307,0.499034762,0.706902027
8308,-2.607373238,-0.252841949
8309,2.575510025,1.270511866
8310,-0.176033497,-2.673438549
8311,0.080994837,0.309460163
8312,-0.267377734,2.164000988
8313,0.606689751,-0.055317987
8314,1.921929717,2.695482969
8315,-0.117441781,0.315336376
8316,-1.325977325,0.630830884
8317,-0.217528105,-0.003320128
8318,-0.054831740,0.308802754
8319,0.372011244,1.653936982
8320,0.016189039,-1.833074331
8321,1.285213828,2.304712296
8322,3.602144718,2.094946146
8323,-0.981541872,-1.379330873
8324,-1.448785186,-1.654134035
8325,-0.849715829,-2.966220140
8326,0.127605930,0.505173445
8327,-0.754667997,1.013251662
8328,2.670383453,-0.349543393
8329,-0.004790783,0.396292210
8330,0.972232342,-0.539787829
8331,-1.798721194,1.952240109
8332,-0.224866867,1.996469617
8333,0.629313707,-0.826304436
8334,0.687314034,-0.562213242
8335,3.683317184,-0.288997650
8336,-0.732828856,0.780789196
8337,-1.421803474,-0.220316529
8338,-2.212676048,-1.365058064
8339,-0.893358171,0.041925430
8340,1.174191713,-0.569377899
8341,-0.684852481,0.877148628
8342,-1.023754597,-0.990653455
8343,2.921877146,1.327491522
8344,-0.284186870,-0.502325833
8345,-0.296925545,-2.888958454
8346,0.075408041,-0.898013234
8347,0.960935295,1.246702075
8348,-0.055037260,-0.477374524
8349,0.134216517,-0.901519716
8350,0.083875179,0.418063283
8351,-0.038072556,-0.905576825
8352,0.559608936,0.406854570
8353,2.638423920,1.754369259
8354,1.358508229,-0.818658412
8355,0.470340669,0.900458455
8356,-0.008065686,-0.048269346
8357,-0.708986759,-1.326211572
8358,-0.115003049,0.290197760
8359,-0.179055601,-0.252457231
8360,-1.275638461,0.517903149
8361,1.699404836,-3.803151846
8362,-0.218883768,-0.200087264
8363,0.202972263,0.823721170
8364,0.660660207,-0.337710381
8365,-1.107829809,0.520331085
8366,-0.851493537,0.097428255
8367,0.060639068,-0.185629427
8368,0.438681126,0.169896498
8369,0.512508750,-2.161802292
8370,0.698056757,1.201516032
8371,-0.855411649,1.059221983
8372,-0.591987252,1.896566391
8373,-1.277101517,-0.429024458
8374,0.019387424,0.377638191
8375,1.884225607,3.595944405
8376,3.364656210,-0.172126055
8377,0.411378384,1.586965084
8378,1.340732336,-1.321750045
8379,-0.157344520,-0.125691533
8380,-1.811413288,-1.381334782
8381,0.342748642,-0.579607725
8382,1.092532516,0.900414705
8383,-1.368348598,1.452268839
8384,0.641486168,-2.356966019
8385,-2.140681028,0.001727819
8386,-0.355400503,-0.221931532
8387,-0.654405236,-1.201871395
8388,2.006891012,1.218535781
8389,0.601213098,0.519145966
8390,1.732642412,-0.498062074
8391,-0.232414246,0.239635095
8392,-0.131491065,-2.339069128
8393,-0.863693237,1.062851429
8394,-1.285112619,0.659065306
8395,-0.175278485,0.026025448
8396,-0.639354110,-0.262174606
8397,-1.647749782,-0.626764536
8398,1.172412395,0.155600727
8399,-0.864812195,1.464806557
8400,-0.582091928,-1.421530724
8401,-0.157486022,0.382604033
8402,-0.967677534,0.007868633
8403,-1.232264996,-0.774933398
8404,-0.076605678,-1.389795184
8405,-0.824581325,-2.104288101
8406,-0.298867851,-0.233785003
8407,-1.776161671,0.799780369
8408,-3.852659225,1.000028849
8409,0.915414691,0.875028014
8410,-2.018544436,-2.013090849
8411,-1.613613844,-0.713924825
8412,1.082685709,0.485884994
8413,-0.713849545,-0.739529371
8414,1.408237219,-0.376200229
8415,-0.186226219,-0.064428702
8416,1.166847467,1.202250719
8417,1.007040977,-1.020242095
8418,-1.153127789,-2.164630413
8419,-1.328760266,-1.143909216
8420,-0.078186899,-1.458430290
8421,3.299506426,1.669583559
8422,1.600345373,-0.635096550
8423,-1.991629601,-0.857280314
8424,-0.634616494,0.429619879
8425,1.337732315,0.246860474
8426,0.279433578,0.152646765
8427,-0.084181219,0.251835436
8428,-0.364875346,1.731958866
8429,-0.286305219,0.048920266
8430,-0.837496758,0.938785672
8431,-1.325562716,-1.242386580
8432,0.086317815,3.526055574
8433,0.752058864,-0.657111704
8434,0.841500998,-0.531866908
8435,1.348821640,-1.532638073
8436,0.228420272,1.093995810
8437,0.356809586,0.859266460
8438,0.575770617,-1.466776252
8439,1.473761559,0.722412288
8440,-0.287970275,-0.129836500
8441,-1.316292763,-0.217365816
8442,-0.369459629,-1.584353328
8443,3.076868773,-0.972121418
8444,0.074827164,-0.863799453
8445,0.212960988,1.708176851
8446,-1.826594353,-3.025142431
8447,-0.847363949,-0.780776441
8448,0.520328879,0.159649700
8449,-2.474192142,-2.326705217
8450,1.277712345,-0.609944284
8451,-1.849525213,-1.049276114
8452,-1.062506199,-0.904222846
8453,-0.753927708,0.751280665
8454,0.919645667,-0.743024468
8455,0.222626567,-1.181700468
8456,-0.206083030,-0.429842889
8457,-1.450909615,0.268456101
8458,-1.304895878,0.155611277
8459,-0.511950850,1.663107038
8460,0.147326618,0.497419238
8461,-1.349346042,0.516580820
8462,0.040605068,-0.463438094
8463,0.356459141,1.540890217
8464,1.059512138,-1.070903063
8465,-0.871311128,0.948250651
8466,-0.035401780,0.760842264
8467,-2.559412956,-1.244597316
8468,0.129347116,-0.406894028
8469,0.218867064,-2.694756031
8470,0.364343166,-1.287635803
8471,-1.392294288,0.655052662
8472,0.620703936,-0.435486436
8473,0.173850298,1.463243723
8474,-0.134478331,-0.166465104
8475,1.611588955,1.612537384
8476,-1.200719118,0.190815747
8477,2.344986200,-0.582132936
8478,1.248493433,-2.060184717
8479,0.406044841,0.289594620
8480,2.340023279,-1.505915284
8481,-3.806014299,-0.263710737
8482,-0.023488253,0.327721983
8483,-0.491657853,1.784462214
8484,-1.843636036,2.070219278
8485,0.867005289,1.971539497
8486,-0.091049522,-0.408574522
8487,0.342991710,-0.651061773
8488,-0.176347241,3.626601934
8489,-2.072511196,-0.335656226
8490,-0.063079372,0.364246070
8491,-0.869321942,-1.070239425
8492,0.284759074,-0.381634533
8493,2.120943069,1.758169770
8494,1.171046376,-0.614447832
8495,0.633602679,-0.290847331
8496,-0.229186803,-0.431167364
8497,-0.773918033,1.755237103
8498,0.245956913,-0.803048611
8499,-0.463304043,0.231812581
8500,2.181881428,0.120649695
8501,-0.647693574,-0.634169817
8502,-0.858112097,-0.731614828
8503,-0.378908098,-0.967337132
8504,-0.751628339,0.734082878
8505,-0.606507421,1.085715890
8506,1.137849331,-2.265391111
8507,-0.725143790,-0.169715405
8508,0.458980024,-1.295285463
8509,1.549474478,1.480168581
8510,1.660372853,0.199279338
8511,0.146491528,-0.083344251
8512,1.917927623,-1.127953410
8513,-0.829025686,-0.610524237
8514,0.529133677,4.004636765
8515,1.532112598,1.153031230
8516,-0.325541794,-0.038207144
8517,-0.896701694,-1.545234084
8518,0.057222247,-1.792762518
8519,-0.568249583,0.637196660
8520,-0.084819958,1.215898156
8521,0.348893762,0.366067916
8522,0.534913778,-1.908509016
8523,-0.227771103,-2.323487759
8524,0.803435206,0.807372868
8525,-0.809442639,-2.327689648
8526,0.772968471,0.505943358
8527,-1.162853718,-0.029237211
8528,0.335149646,-0.090518266
8529,-1.391756296,0.169896781
8530,-0.597628593,-0.231127203
8531,-0.342733800,0.810798168
8532,0.090909705,-0.635944545
8533,-0.561896205,-2.560538054
8534,0.308302939,-2.011877060
8535,-2.668384790,-0.261017948
8536,-0.707687020,2.771672964
8537,-0.344241619,-0.316676855
8538,-0.120052695,-0.814689875
8539,-1.192016244,0.357615858
8540,-2.206064701,-0.727671385
8541,-0.013424188,0.092096217
8542,-1.661249876,-2.896672726
8543,0.153650597,0.171930552
8544,0.186128423,-0.132265180
8545,-0.395052910,0.735981286
8546,0.450863659,0.322061926
8547,-0.043319240,-0.803340018
8548,0.475826502,-0.096508980
8549,-1.558153391,-0.355779648
8550,0.584062040,0.393864483
8551,1.471650958,0.729662716
8552,1.699101686,1.283516288
8553,-0.084406525,-1.060069561
8554,-1.027867198,0.373509526
8555,-0.463810086,0.445735067
8556,0.281106234,0.082543999
8557,-0.680607140,0.350592583
8558,0.764030933,1.827835798
8559,-1.912756920,0.326724827
8560,-0.457141072,-2.897634983
8561,-0.584682643,-0.523537874
8562,-0.259610862,0.699057460
8563,-0.070484035,-0.152147979
8564,-0.197064340,1.527667761
8565,-0.130535856,0.463543236
8566,-1.963226557,1.039100885
8567,-0.102948017,0.151371941
8568,-0.117156781,0.086255893
8569,-2.555702209,-1.061994314
8570,1.024581671,2.642309666
8571,0.392062485,-0.636174917
8572,4.370110512,1.711438060
8573,-3.813313484,-1.499661684
8574,-1.630004287,0.579200327
8575,-1.827422738,-1.660726786
8576,0.428223491,-0.275995880
8577,-0.445869207,-0.898802876
8578,0.027612448,-0.691989303
8579,-0.880012631,0.225844160
8580,-1.630963326,-2.017997026
8581,-0.433396101,0.414997667
8582,0.117045641,-0.497213900
8583,0.477057308,0.168606430
8584,-0.326168776,0.123155728
8585,1.985005856,0.007488180
8586,-3.155576229,-0.159987211
8587,-0.343987048,1.669474721
8588,0.335367829,0.588181734
8589,0.289944142,-1.782048225
8590,-0.846531153,1.100031972
8591,-1.417971134,-1.413049102
8592,1.602318645,0.134724170
8593,0.112715632,0.058030222
8594,1.641132832,0.096747592
8595,-1.199432254,2.232434511
8596,0.258749008,-0.751081228
8597,0.276674628,-0.063735351
8598,1.316294909,0.562065601
8599,1.577379823,-1.768472195
8600,1.820775509,-0.237723649
8601,-1.407272577,-0.536685526
8602,-1.183956861,-2.243854523
8603,2.654188871,1.687627792
8604,-1.041741371,-1.442068577
8605,-0.056892961,0.347084343
8606,-2.113471985,1.357244134
8607,-0.220954418,1.508278251
8608,0.434839934,-1.504510522
8609,0.038500026,0.273914903
8610,-0.315336883,1.467675090
8611,0.098397136,-0.333950877
8612,-0.849060118,-2.332501650
8613,-0.661815643,-0.640073657
8614,-0.893902957,-2.886058331
8615,-2.090596676,-0.800380945
8616,0.553020477,-0.369879752
8617,-0.193967581,0.004762948
8618,0.204052433,2.527010202
8619,1.483447552,-0.397296429
8620,-2.295386553,0.820879698
8621,-5.776596069,1.353907347
8622,-0.141450152,0.525396585
8623,0.299790859,-0.788094103
8624,-1.463227630,0.873246431
8625,-0.730081916,-0.053368062
8626,-0.774908602,0.134661078
8627,0.224389702,0.843687415
8628,-0.203335986,-1.705726624
8629,0.507389069,-0.608698487
8630,-0.965710044,0.180292279
8631,-0.879467726,-0.942034721
8632,-0.666077793,0.354723901
8633,-0.049165487,-0.774347425
8634,1.648730040,-0.447736681
8635,0.213068247,-0.418260634
8636,0.294565916,0.015804753
8637,-1.756556511,-1.569707274
8638,-2.437461853,-1.763213873
8639,-0.975505412,1.903060436
8640,0.032197326,1.936560392
8641,-0.239567995,0.674901485
8642,0.355766296,-2.102023602
8643,0.140316740,0.442196310
8644,0.721006155,1.428700924
8645,-0.440658152,-0.425249159
8646,-1.018532634,-0.169098020
8647,-0.120482743,-0.117543295
8648,-0.277831912,0.500078738
8649,-0.466291577,0.553918481
8650,-1.363966346,-1.302508831
8651,-0.346937954,0.089153558
8652,0.190941662,0.637325644
8653,-3.037997723,-0.286128044
8654,1.664289832,-0.389454097
8655,-0.721567512,-0.906161427
8656,-1.088471413,0.320378304
8657,0.485473126,0.559739888
8658,0.458715081,-0.499704301
8659,2.173568726,2.210202456
8660,-0.637841105,0.834085763
8661,0.063504711,-0.320170522
8662,-1.196821928,-0.149388880
8663,-0.402764857,0.650899827
8664,0.079393320,-0.271660209
8665,-0.272649199,0.608302116
8666,-2.289980888,-0.456708252
8667,-1.143737555,-0.622263372
8668,-1.980465651,0.093390942
8669,0.982072115,4.057890892
8670,-0.205850378,0.815651238
8671,0.672958553,0.996362448
8672,-0.230755329,0.449787140
8673,-0.854886353,-0.184173405
8674,1.525715709,1.025347948
8675,1.685636520,-1.444703579
8676,-0.525395155,0.785457611
8677,-0.195971221,-0.221303999
8678,-1.467773676,0.380659014
8679,-0.838808715,-0.674250901
8680,-1.280312061,-0.127039611
8681,-1.004655242,-0.314096212
8682,-0.270127296,-1.431357622
8683,-1.477249742,-0.550409198
8684,0.350284100,-0.174181044
8685,0.538797617,0.283272028
8686,0.222528249,-0.107805774
8687,-0.193378657,2.629522085
8688,0.313344777,-0.235818580
8689,1.430479050,-0.513909400
8690,-0.864810586,-0.591127276
8691,-2.191578627,0.973619938
8692,0.251965702,0.127077401
8693,0.265701532,1.040970325
8694,-0.467422396,0.116533861
8695,-0.201104864,0.251947284
8696,0.157643810,-0.604120433
8697,0.138089463,0.121884800
8698,-0.855476737,-0.918170691
8699,-0.053278625,-0.166217282
8700,-0.056458026,5.150987625
8701,0.391555130,0.124499567
8702,-0.610319376,0.280514717
8703,-0.739614308,0.560600102
8704,0.152775615,0.967302263
8705,0.099078000,-0.766238153
8706,0.023062434,0.148122802
8707,1.996745348,1.189790130
8708,0.193093419,0.405301094
8709,-0.328006148,-0.312044352
8710,-0.041216109,0.161644205
8711,0.042661071,0.182567701
8712,-0.660349786,-0.551279247
8713,0.817748368,0.121399567
8714,-0.237021223,0.588524938
8715,-0.090027675,0.177317843
8716,2.224345207,-0.026688427
8717,0.891803503,0.788783789
8718,-0.128447026,0.187255949
8719,0.367298156,0.874222755
8720,1.636914492,-0.983373165
8721,0.296769589,0.437760174
8722,0.521483898,-0.107852638
8723,0.401892185,-1.599714637
8724,0.217885315,-0.176027849
8725,0.883665085,-1.572166324
8726,-1.528801084,-0.279267311
8727,2.204099894,-0.902340710
8728,1.241710901,3.254475117
8729,1.352728128,0.447455764
8730,0.123519272,0.581290662
8731,0.081234932,2.472836018
8732,-1.104724526,0.419856995
8733,0.083063148,-0.377640784
8734,-2.830653191,-0.788880229
8735,0.106639206,-1.324606419
8736,-1.710420489,0.823922753
8737,0.045064509,0.911321342
8738,0.601885557,-3.041340828
8739,0.031521559,-1.251595855
8740,-0.595211864,1.796182394
8741,-0.693655670,-0.051404215
8742,0.056778193,0.121337742
8743,1.017297029,1.875033617
8744,-0.867574453,-0.069624186
8745,-0.053269386,1.170972109
8746,2.089943409,-1.783740878
8747,0.385222912,-0.464152604
8748,0.721444607,0.563226998
8749,-0.154644921,0.395522177
8750,-0.205061570,0.751832962
8751,0.224887252,0.338565707
8752,-0.521123230,1.404278874
8753,0.798459768,-0.068637922
8754,0.750225961,-1.089811683
8755,-0.454891145,0.170137227
8756,0.957936168,-2.092688560
8757,-3.648573160,0.329566419
8758,-0.476725519,0.224925488
8759,-2.691236973,0.961910844
8760,0.421509802,0.524686575
8761,-0.000259511,-0.312402844
8762,0.359497041,3.069512367
8763,0.884951830,-0.530665815
8764,-0.116058424,-0.337823808
8765,-0.215055317,-0.132935867
8766,0.634629309,-1.538828731
8767,-0.495690525,-1.861303926
8768,0.576560259,0.735949397
8769,0.583934665,0.300915956
8770,-1.475017786,0.027590752
8771,1.061256289,-0.626448095
8772,-0.002927862,2.065551281
8773,-0.616434693,0.581678987
8774,0.702627242,-0.233597994
8775,-0.875071883,-0.180283815
8776,0.307014406,-0.038501572
8777,-0.711170554,0.504313886
8778,-1.333067536,-1.336311936
8779,-0.144593775,-0.091837578
8780,-0.417776167,0.596347928
8781,0.178688660,0.733806968
8782,0.351595640,0.506139040
8783,1.091037869,1.485969543
8784,0.584285378,-0.652276874
8785,-1.850051761,-0.975994110
8786,-1.419600248,0.158363283
8787,2.037647009,2.310609818
8788,-0.065341659,0.135369554
8789,0.194377229,-0.595694125
8790,1.002395511,0.263867259
8791,0.053573489,-0.536585212
8792,0.904819489,-0.842178047
8793,1.588889837,-0.724266469
8794,-0.902420461,0.396818638
8795,0.031619549,0.848719001
8796,0.057604112,0.136337712
8797,-1.012698293,-0.035942316
8798,-0.571405053,1.770731330
8799,0.060580716,-0.574051619
8800,-3.413945675,1.906502247
8801,0.408845305,-0.373272002
8802,0.100729108,-1.088327050
8803,0.414794922,0.728906751
8804,4.269070148,0.235970452
8805,-0.607658863,0.753640056
8806,-1.814800262,-1.131894350
8807,-1.692763448,-1.461143374
8808,0.392145753,-0.045882106
8809,0.262665451,-0.030057684
8810,1.222158432,1.797502279
8811,-1.794929743,0.831493616
8812,-0.593011856,0.163036346
8813,-0.161068767,-0.199391484
8814,-0.761289954,0.645826340
8815,1.268209457,-0.589156270
8816,-0.852894783,-1.051768303
8817,-0.547685325,0.630664468
8818,0.716740131,-0.675233305
8819,0.672597766,0.236992925
8820,-1.347646475,-3.648144960
8821,-0.420908630,1.376165748
8822,-0.871954501,0.524103880
8823,0.000399046,-0.216035336
8824,-2.504250526,-1.743671417
8825,-0.608002961,0.814097583
8826,-1.683396459,-1.013070226
8827,-0.253474116,-0.466888756
8828,-1.137075186,0.194005981
8829,-2.502078056,-1.659735441
8830,-2.898789883,-0.598155499
8831,-2.385971546,0.770687640
8832,1.413563132,-0.135032460
8833,-3.005718231,-1.869925737
8834,-0.909522653,1.003455997
8835,-0.298717201,2.740550280
8836,-0.304818153,-0.193823978
8837,0.005894653,0.209454134
8838,-0.958440781,-0.940263033
8839,0.749308050,-0.163308233
8840,1.624120712,-0.149313897
8841,-1.180381417,0.694407582
8842,0.217432499,-0.242937386
8843,-2.448104382,2.010154247
8844,-2.323234320,-0.010934353
8845,1.790271401,-1.254932523
8846,0.500162482,0.075644635
8847,0.744428575,0.025827784
8848,0.613107264,0.691138685
8849,-0.369383007,0.447905153
8850,-1.872623920,0.037754357
8851,0.166330189,1.486625433
8852,-0.270639807,-1.263778090
8853,0.351508081,-0.127534047
8854,0.104030512,0.203025416
8855,-1.254905462,-0.893770874
8856,2.131141424,-0.936693907
8857,-0.245985508,0.380958110
8858,-0.986450672,0.602966964
8859,-0.970497072,0.145908207
8860,0.033904970,-0.218702480
8861,-2.218077183,2.127297401
8862,-0.058199704,-0.182011336
8863,-0.966800451,0.179957896
8864,-0.074609287,0.370571554
8865,1.526363850,-0.837929964
8866,1.126501918,-0.473563939
8867,-0.366871357,-2.119109154
8868,0.985915065,-0.541697741
8869,1.290734291,0.567443013
8870,-0.521909595,0.077428207
8871,0.242771059,-0.053155225
8872,1.476264358,-0.296288580
8873,-0.360714555,-0.165721282
8874,-0.776420236,1.493164301
8875,1.838670373,0.689067841
8876,1.254528999,-1.601995945
8877,-1.336833835,-0.469751030
8878,0.339659393,-0.096379787
8879,0.250568509,0.312903553
8880,0.851381838,0.970206857
8881,0.535039425,1.268460989
8882,0.468696654,0.170668215
8883,-1.074273944,-0.175033391
8884,0.028285116,-1.308071375
8885,3.179861307,0.281963825
8886,0.313600868,0.614787579
8887,-0.661344051,-0.536635935
8888,0.108050399,1.348122001
8889,-1.554476261,-2.237285614
8890,-0.222068310,0.875545621
8891,-0.784984827,1.020273566
8892,-0.741754889,0.459774554
8893,-0.704774201,0.530105710
8894,0.097144470,-0.176198676
8895,-0.795716643,-0.102106452
8896,-0.100628220,-0.582871795
8897,0.539859951,-0.126575708
8898,0.495606005,-0.730386376
8899,-0.559012473,-1.263729334
8900,0.360872418,2.367557526
8901,-1.371445656,-1.279801250
8902,1.696841717,-1.602040291
8903,3.871627569,-0.730832219
8904,0.263002276,-1.115199447
8905,-0.829393625,0.017374873
8906,0.971183062,-1.223240018
8907,1.173672676,2.168888807
8908,2.156901598,0.988942862
8909,0.942741036,-0.465538204
8910,0.829169273,-0.499683321
8911,0.652449071,0.398824304
8912,1.359369755,-0.411486328
8913,-1.040849924,1.224318266
8914,0.665976346,0.366611570
8915,2.024101257,-0.218869582
8916,-1.526212454,-0.232038617
8917,-1.358776450,-0.334657401
8918,-1.821304560,0.783759236
8919,-0.251873493,-0.267746687
8920,-0.901700437,-0.706412196
8921,-0.934818923,2.378933430
8922,-0.984200478,-2.325513601
8923,3.259419203,0.851262212
8924,-1.377479672,0.564331532
8925,-0.075282931,-0.688463688
8926,-1.832693815,-0.943478346
8927,2.225308180,-0.975155234
8928,0.599264026,0.153615445
8929,1.925885081,0.851070046
8930,1.779565930,0.623190105
8931,-2.615563393,-0.567200422
8932,-1.679623246,1.669458628
8933,0.459944665,-0.211870968
8934,-0.537477314,-0.107689649
8935,-0.826326847,-1.945005178
8936,-0.576150656,0.515395761
8937,-0.589805722,-3.434221745
8938,2.116688013,0.967939734
8939,1.249428511,-1.007582784
8940,1.362020135,-0.937821209
8941,-1.051186085,0.460736126
8942,2.091930389,-0.980672181
8943,0.173540592,-1.900720477
8944,-0.754545331,0.545444787
8945,-1.747613311,-0.608254671
8946,0.554705858,-0.022050112
8947,-0.745988607,-2.613355398
8948,-0.606902957,-0.431347251
8949,-0.241862893,-0.986922860
8950,1.952304840,-0.060547769
8951,2.890646935,-0.570312500
8952,-0.789832532,-0.575255871
8953,0.971594810,0.800732672
8954,-2.795912027,-0.085500717
8955,-0.795826852,-1.144119620
8956,0.383621275,0.163304269
8957,0.445629060,-0.178072959
8958,0.731177688,-0.472435772
8959,-0.343096197,-0.415446639
8960,0.421845376,0.067289107
8961,1.475383878,0.476630747
8962,0.295044899,0.701035678
8963,-0.703570902,0.339080781
8964,0.214756429,-0.101605356
8965,-0.956956208,-0.114794135
8966,-0.033009976,-0.190945059
8967,-2.115713120,0.980419576
8968,-1.696507692,-0.712182522
8969,-0.050971396,0.227418780
8970,-1.361972928,-1.405926704
8971,-1.375275731,0.826183617
8972,-0.199065834,-0.139447570
8973,-1.770651340,0.282205284
8974,-0.809028566,-0.307477951
8975,-2.539359570,0.902274430
8976,0.889629066,-0.557160497
8977,-1.929937124,-0.899332762
8978,1.243102670,-0.689958990
8979,0.654764831,-0.227170900
8980,0.132022738,0.262530863
8981,-1.627731562,0.044951648
8982,-0.076173842,-0.911956310
8983,0.620958090,-0.531985164
8984,-0.210643128,1.791326761
8985,0.248369098,1.757095098
8986,0.514804184,-0.209009871
8987,0.592882395,-0.976846814
8988,-2.072327852,-2.720672369
8989,-0.398666739,-0.327805310
8990,-0.169000000,-0.509174824
8991,-0.367511868,-2.406630039
8992,1.129400730,-1.438437700
8993,-2.416127682,2.144729376
8994,0.233667180,0.282706201
8995,1.348246694,2.325844526
8996,0.610678136,-0.509293020
8997,-1.237593770,-1.655242443
8998,-1.910713077,-0.704794705
8999,0.241678059,-0.283127785
9000,-2.006775379,-1.613387585
9001,1.910023451,0.571006775
9002,0.486531317,0.067077950
9003,-0.290231049,0.055348672
9004,0.158246607,-0.178449035
9005,0.419452995,-2.471871614
9006,-1.129594684,0.451196849
9007,1.788857222,-1.716464043
9008,-2.488651752,0.218491793
9009,-0.391429901,0.079757914
9010,2.713718653,1.272078395
9011,-0.515133619,-2.268092394
9012,0.754574835,-0.415765941
9013,0.191853046,1.485824585
9014,-0.618130922,-1.850831270
9015,-0.145861775,0.332460463
9016,-0.211553574,1.974200368
9017,1.941855192,-0.231528938
9018,0.326652050,0.035732888
9019,0.308877319,-0.082412153
9020,-0.428302050,-0.037380159
9021,-2.273839712,0.914422095
9022,-0.594644129,0.178366601
9023,1.295293808,2.297288656
9024,0.035851218,-0.174633965
9025,0.937967122,-0.065554261
9026,0.070707455,0.918515682
9027,-0.057095952,0.659188628
9028,-1.070870638,2.712556839
9029,0.377551854,-0.226210743
9030,-0.588722229,1.393601894
9031,-0.552930593,-3.287424088
9032,0.996709347,-2.021532536
9033,1.244480491,-2.461983204
9034,0.116095677,-0.407966197
9035,1.661849499,-0.116688251
9036,0.363279313,0.514117479
9037,0.394260883,0.579859257
9038,0.597744584,0.549431086
9039,-0.794837713,-0.413415909
9040,-0.540707767,0.215244159
9041,0.174434766,0.918460846
9042,-0.786687613,-0.090087175
9043,0.252295911,0.054769814
9044,-0.465066165,0.438206255
9045,-0.161554992,-0.127500474
9046,0.807319939,-0.273978263
9047,0.759591341,1.983021736
9048,0.362467140,0.315255493
9049,-0.698807538,0.361534953
9050,1.010964274,-0.344597489
9051,0.603569865,1.839565873
9052,1.012010813,-0.872724652
9053,-0.417548954,-1.248270512
9054,0.277880102,1.895432353
9055,2.257513046,-2.511822224
9056,-0.296369344,-0.179995701
9057,-0.639603019,0.265702724
9058,-1.923978806,0.844658136
9059,-0.518574536,-0.349094391
9060,-0.281773895,-0.239417344
9061,0.774316311,2.332608461
9062,-0.566572428,-2.349200726
9063,1.501883984,0.723716438
9064,-1.406761289,-1.799447775
9065,0.508883238,-0.696099758
9066,-1.613349676,-0.772196829
9067,-0.353646457,-0.308529019
9068,0.387297511,-0.040405139
9069,-0.251755655,0.028972724
9070,-1.065906405,0.180213317
9071,-2.339234352,0.925589621
9072,0.077038243,-0.145907640
9073,0.421469033,0.074970402
9074,-0.093246274,0.563116491
9075,-0.435168833,-0.739941001
9076,0.218898177,-0.034983002
9077,0.875586033,-0.383910447
9078,0.371202111,1.266462088
9079,-1.116080403,0.763131440
9080,0.393367171,-0.043281734
9081,0.656711757,-1.345617533
9082,0.348028988,0.355136037
9083,-2.632736921,-2.598980665
9084,-1.410402060,-0.041236758
9085,-1.566233397,1.403105140
9086,0.090307713,-0.509897709
9087,-0.290550411,0.115991026
9088,-0.220952570,-0.066279218
9089,-0.155281141,0.820323467
9090,0.349026352,0.144447640
9091,-0.381088465,0.719092250
9092,0.455663800,-1.435460329
9093,0.843481064,1.057813764
9094,-0.712418973,-1.661681652
9095,0.264900982,-0.469527811
9096,1.347788811,1.871771216
9097,1.402768016,0.937521100
9098,0.801459730,0.137257949
9099,-0.456897974,-2.165231228
9100,-0.260841787,0.803957880
9101,-2.163921833,0.108998448
9102,0.050700583,-0.210417330
9103,-0.056362890,1.132886767
9104,0.238981232,0.228960261
9105,1.123449206,-1.503068924
9106,-0.248417199,0.199651212
9107,2.301280260,0.892257273
9108,-1.420898676,-1.380322218
9109,-1.176070452,-1.061098814
9110,1.170447469,-0.074235879
9111,0.970945716,-0.082143009
9112,0.104657628,-0.007740179
9113,-0.577837944,-0.252145797
9114,-1.205465436,-1.034295321
9115,-0.244881973,0.114511482
9116,2.297865391,1.818164825
9117,-1.713793755,0.007775664
9118,-3.013033628,3.182206631
9119,0.605984032,-1.067247391
9120,-0.297550023,-0.614950597
9121,2.665401697,-0.410204351
9122,-1.509307146,-0.382759362
9123,1.210530519,-3.098222494
9124,-1.267070293,-1.284080982
9125,0.136764556,1.115549326
9126,-0.597494483,-0.729004025
9127,-0.634501219,0.468289316
9128,0.901575863,0.594500184
9129,0.354717910,0.779010653
9130,1.071457148,-1.298738360
9131,-1.240919590,-1.423930526
9132,-0.636048377,-1.606494546
9133,0.153135568,-0.208646163
9134,-2.182186842,0.265841633
9135,0.240608931,-2.540935040
9136,0.280429304,-0.458772600
9137,1.023293018,0.240098566
9138,0.460337222,-0.226152182
9139,1.349826932,1.286275148
9140,-0.165209755,0.034059122
9141,-0.091039523,-0.455447733
9142,-0.741528511,0.744040728
9143,-0.073277593,-1.081079483
9144,1.619186282,-1.755143881
9145,1.902735472,0.047511905
9146,-0.265268475,-0.832197666
9147,-0.149499521,0.229001343
9148,1.120816231,-0.341684818
9149,1.456325769,-0.309361935
9150,-0.220974505,1.207690954
9151,-1.044496894,-0.044304132
9152,0.451295257,1.119831920
9153,1.735445023,-0.183429405
9154,-0.311638147,-0.122488111
9155,1.013983846,-1.332640052
9156,-0.692989647,0.604455233
9157,0.181324840,-2.655081272
9158,-0.373816699,-0.745490432
9159,0.855874717,0.819734871
9160,0.368803620,0.339353383
9161,-0.268075526,-1.558753610
9162,-0.275315404,-2.371519327
9163,-1.887947679,0.374960810
9164,-0.186153606,0.211132377
9165,-1.097978592,1.393456459
9166,-0.631418824,-0.528728902
9167,0.435533941,-0.103915915
9168,0.969442844,-1.097981572
9169,-0.404962391,-0.945270777
9170,1.019365668,2.355787277
9171,0.344446123,-0.180583969
9172,-0.039238296,1.016306520
9173,1.212977886,1.749366045
9174,-0.011535237,0.285423696
9175,-1.315694213,-3.120544672
9176,0.704539299,-0.046918750
9177,-0.097760916,0.211337760
9178,2.086196899,0.990276277
9179,0.174202189,-0.362069130
9180,-1.460125566,1.341697335
9181,2.728981495,1.918717861
9182,0.455261111,-0.521191001
9183,-1.359166384,-2.497704506
9184,1.090086102,1.264865637
9185,-0.660664439,0.803185225
9186,0.032564621,-0.393258333
9187,0.296770453,0.096167617
9188,0.264800608,0.132337809
9189,1.085487962,-0.545554578
9190,0.335212767,-0.623825073
9191,-1.108999491,-2.281844139
9192,0.969164848,-0.992329836
9193,1.566357613,0.536436915
9194,1.041093111,0.381605357
9195,-0.302888036,0.552502275
9196,-0.398246169,-0.393527687
9197,0.069138028,0.362648129
9198,0.963286161,-0.997379422
9199,0.010350730,0.166259065
9200,0.042914856,0.375275373
9201,-1.273944139,-0.746811152
9202,-1.167647719,-1.024923801
9203,2.966055155,0.886623740
9204,-0.050555289,-1.280228376
9205,1.552924395,-1.164346695
9206,0.871194303,-3.162740946
9207,2.609106541,-0.643115640
9208,-0.266140372,0.540834844
9209,-1.508211732,0.863086581
9210,2.132225990,2.211835384
9211,0.918065727,-0.377861410
9212,1.536113143,1.051256299
9213,0.410897881,1.342037439
9214,0.634674191,0.614743352
9215,0.331978917,0.624646187
9216,-0.047990937,0.905746579
9217,-1.832576275,3.036427498
9218,2.276086807,-1.224521875
9219,-0.367365777,-1.570443153
9220,0.078387320,-0.836412013
9221,-1.159195662,-1.684449911
9222,1.851427078,1.086519241
9223,-1.682249904,-0.571640491
9224,2.383969784,-1.127698421
9225,-0.002507269,-2.762600899
9226,-0.458920062,0.067411005
9227,-2.024761200,-0.056280136
9228,2.369989634,0.698376119
9229,0.285082877,0.476458639
9230,0.016437747,-0.416626751
9231,1.222322822,0.827467859
9232,-0.223450303,-0.484323859
9233,0.791592896,1.592981339
9234,-0.173530340,-0.421873331
9235,-0.580132842,-2.212722301
9236,0.047860265,-0.944568157
9237,-0.232458562,0.017357068
9238,2.085882425,-0.076957308
9239,-0.955260158,0.071981430
9240,0.229582265,-0.161595970
9241,2.444588184,0.049749449
9242,0.350480139,-1.275254488
9243,1.016113162,-1.312183261
9244,-1.274031878,-0.583898842
9245,-0.210247934,-2.976191998
9246,-0.749807477,-0.424038649
9247,3.603827000,1.218457341
9248,0.148224249,1.201204658
9249,-0.193188667,-1.285077333
9250,-1.673802376,3.164180040
9251,-0.247833729,0.253332675
9252,0.120908707,0.202867374
9253,1.389000654,0.835019648
9254,-0.390168756,1.503942490
9255,1.037070036,1.221938133
9256,0.644349515,0.127547801
9257,-0.221844196,-0.005233090
9258,0.912583113,-0.866199076
9259,2.261023045,0.923778772
9260,2.825598955,1.726172328
9261,0.668219805,-0.791323841
9262,-0.322889984,0.526345730
9263,-0.378568411,0.329322904
9264,0.670333207,0.400917262
9265,0.414912105,-0.076107353
9266,0.220207244,-1.199023008
9267,-0.154695451,-0.085435167
9268,0.553196609,2.038412809
9269,0.030337900,-0.568916798
9270,0.114051625,1.546013117
9271,-0.207478285,-0.261533499
9272,0.652327299,0.713478804
9273,-2.286783695,0.092299640
9274,-0.207217589,-0.641203046
9275,-0.246447518,2.414090395
9276,-0.952319980,-0.306385219
9277,-1.025355816,-0.391690433
9278,-0.033975422,-0.784707904
9279,-1.582058191,-0.269693017
9280,0.118380658,-0.127630204
9281,2.493646145,1.640876055
9282,0.496384621,-0.594579160
9283,-0.207598686,-0.041000612
9284,-1.130450249,-2.742047548
9285,-0.093158931,0.083481781
9286,-1.696405172,0.327281803
9287,0.252678454,-0.102922335
9288,0.160298109,-0.096879080
9289,0.712057590,1.440097094
9290,-0.161685899,0.128112212
9291,-0.058085471,2.234694242
9292,1.066801429,1.122755527
9293,0.641639590,0.362134457
9294,0.865141332,-0.142565101
9295,-0.314571470,0.594797492
9296,0.029690133,0.234832168
9297,0.540537119,-1.675941706
9298,-1.191453457,-0.304397225
9299,-0.077335477,-0.179536045
9300,-0.011371642,-1.234599710
9301,0.866282761,0.558802903
9302,0.939243436,1.381257176
9303,1.004585028,0.445568413
9304,1.889728785,0.591616392
9305,0.234057516,-0.092439592
9306,-0.217573896,2.820722580
9307,-1.021481514,0.630923271
9308,0.546061456,0.461516500
9309,-1.787519217,-2.400359631
9310,0.580153584,-2.314533472
9311,-1.277941346,0.125865549
9312,-0.350698918,-0.269250333
9313,0.500129819,0.229317874
9314,0.816289425,1.438766599
9315,1.399037600,1.216646433
9316,-1.033991933,0.009373218
9317,0.957371712,0.361463547
9318,0.379361570,0.444391221
9319,0.085004166,2.218856812
9320,0.142447561,-0.072313197
9321,-0.290158927,0.077200919
9322,-0.125363261,0.931534827
9323,-0.152593851,0.848074913
9324,5.463545799,1.686549783
9325,-0.259873927,-0.138351947
9326,0.773257613,-1.288829088
9327,0.295154333,-0.259611100
9328,3.277368307,-0.991723359
9329,-0.410867244,0.169640720
9330,2.087351799,0.245727718
9331,0.574985445,0.138743997
9332,-0.328222275,-0.492567450
9333,0.981724262,0.235397726
9334,-3.698972225,0.155818105
9335,0.673689842,0.372660667
9336,-0.906788588,-2.020147085
9337,0.306282222,1.177130818
9338,-0.223169833,0.033485357
9339,2.513547421,-1.061541438
9340,-0.561100841,0.160608470
9341,0.699567497,0.716596305
9342,-1.729937553,-1.388354778
9343,-0.216876149,-0.337530136
9344,-0.767002583,0.130989194
9345,-0.612034857,0.666178882
9346,0.518293679,0.870209873
9347,-2.045951843,-0.955105066
9348,-2.005503654,0.368084788
9349,0.289854646,-0.268690765
9350,-2.856516361,0.451274514
9351,-1.023625255,-0.625438213
9352,1.007057667,-0.537911057
9353,-0.759828329,-0.205061182
9354,-0.599739194,-2.459377289
9355,-0.175516218,0.064880580
9356,0.389956206,0.448361784
9357,0.503965378,1.764563680
9358,-0.486137927,-1.422370195
9359,-0.104942814,1.154623985
9360,-0.547935367,2.685246706
9361,1.411234975,-0.471289456
9362,-2.235870600,0.892114639
9363,0.387028068,-0.065181985
9364,2.250148773,4.781907558
9365,-0.096017107,0.642267644
9366,0.939787269,0.345457196
9367,1.253501534,-0.971937656
9368,1.446507096,-1.117559195
9369,1.928307772,-0.443961740
9370,-1.176347852,-1.433000088
9371,1.298125863,-0.952587247
9372,0.496861130,0.358206779
9373,-1.707900882,0.829352856
9374,0.827607512,1.736221790
9375,-0.695907235,1.185250759
9376,0.335284114,0.454701990
9377,0.367923379,-0.537180603
9378,0.664529681,-1.407498479
9379,-0.911482334,0.536741793
9380,3.554608822,0.099663064
9381,-0.026844570,0.551816523
9382,-0.497490406,0.415077925
9383,0.205310524,-0.119266190
9384,0.082924776,1.089697719
9385,0.395347476,0.255659044
9386,-1.712903619,-2.105755806
9387,0.484997332,0.614663243
9388,1.377387524,-0.317182988
9389,-0.144375026,0.099829853
9390,0.281905502,0.685849547
9391,0.083188452,0.292914331
9392,0.886274159,2.233000994
9393,-0.578569174,0.803099632
9394,0.781290233,-0.166296721
9395,3.143631220,-0.624126911
9396,1.291699529,0.179637536
9397,1.240324974,0.300332367
9398,-0.014007837,-0.896126866
9399,0.422655284,1.205153823
9400,-0.637683749,0.145494327
9401,-1.702881098,0.245956659
9402,0.142080098,-0.377474487
9403,-0.585581422,0.570714235
9404,1.847683072,-0.432356298
9405,-0.314424753,-0.304816216
9406,-1.653754950,3.673575163
9407,-0.744444609,-0.201354682
9408,-0.094897628,-2.611521721
9409,-0.153693885,0.148707360
9410,-0.929607630,-0.976551056
9411,-0.725579441,0.689215302
9412,1.396343827,-0.085279927
9413,0.189325511,0.278732032
9414,2.100907803,1.341876149
9415,0.503801465,0.591775775
9416,1.466907978,-0.873396039
9417,-1.436959505,4.448958874
9418,-1.123478174,-0.876565397
9419,0.458192289,-0.590433180
9420,1.412689209,2.726786852
9421,-1.940084815,2.524908543
9422,-0.066999331,-0.576952457
9423,-0.140330076,-0.083174415
9424,-0.234124884,0.295953125
9425,0.819782734,-1.261088014
9426,-1.593769670,-0.097447425
9427,3.218476772,1.339838624
9428,0.657475889,-0.797931492
9429,-0.441754222,0.085404985
9430,-1.363209486,0.471533865
9431,0.789071739,-0.662699401
9432,0.566954315,1.249623179
9433,-1.908773541,0.616713822
9434,-2.032058001,-0.504411578
9435,0.385782719,-0.519644439
9436,-0.236070514,0.810823798
9437,-0.293210566,-0.984965146
9438,0.199109614,0.122834086
9439,-0.343617350,0.982110620
9440,-0.958624542,0.060221255
9441,0.240981549,-0.087763414
9442,0.246224657,0.603218198
9443,0.670888066,-0.101349466
9444,-0.965068221,0.626230240
9445,2.097896814,-0.192788154
9446,0.589553833,0.568146288
9447,-0.531690478,-0.673014879
9448,0.113721609,0.102887280
9449,0.469348192,0.917649865
9450,-0.537829101,-0.506060839
9451,1.331172109,-0.404936671
9452,-0.506247699,0.334034026
9453,1.077781200,0.035840221
9454,-0.105934024,-1.511413693
9455,-0.547005951,0.566068053
9456,0.762302041,-0.200871319
9457,-0.185806111,-0.393501222
9458,1.049555540,-0.838922918
9459,0.734053135,0.767614901
9460,0.234050035,-1.071284533
9461,0.484954894,2.191560268
9462,1.385340095,1.121724367
9463,-1.071961522,1.885997057
9464,-0.197850347,-0.008860495
9465,-1.243288040,-3.894060850
9466,0.164583266,-0.037471130
9467,0.664282382,0.105392277
9468,-0.028329762,-0.146046355
9469,-2.412444353,-0.894396901
9470,-0.865307331,-0.340457678
9471,-0.734748423,1.095311880
9472,1.073099375,0.023026034
9473,1.846316934,0.989979863
9474,0.056894064,-2.125987291
9475,-0.051117539,1.578376293
9476,-1.228045464,-0.237169176
9477,-1.828779936,-0.578197837
9478,2.555434227,2.214550734
9479,0.440625787,-0.098655351
9480,1.621060133,-0.858420134
9481,0.127575070,0.375559151
9482,3.294741869,0.836497009
9483,0.305395573,0.314432025
9484,1.097392797,0.848777115
9485,-0.911953390,-0.421971053
9486,1.106079221,1.111505270
9487,0.046820268,-0.306172550
9488,0.091406882,0.218116120
9489,0.144827142,-0.564241529
9490,-1.829887390,2.374689102
9491,0.258141905,0.347899556
9492,-1.470540285,2.701530933
9493,1.195378184,-0.226958483
9494,0.799219012,-0.395787954
9495,0.203068987,0.590141535
9496,-1.526243091,1.744869947
9497,2.847912788,-0.123135686
9498,0.695951700,-1.023183584
9499,-0.224011123,0.354798555
9500,-0.006537616,0.261352688
9501,1.218252182,1.308513999
9502,0.103401847,2.708674908
9503,-0.417011738,-0.793536544
9504,-0.976706386,0.105015099
9505,0.743135870,-0.149020106
9506,0.880218387,1.371662617
9507,1.559350491,-0.778922439
9508,0.366874307,-0.755096495
9509,2.299273491,-0.546699584
9510,-0.521980226,-0.573603392
9511,-1.099625349,-0.904516459
9512,4.171112061,1.479305506
9513,-0.186464995,0.011098169
9514,0.584146380,-0.271397591
9515,0.941530943,-0.218707129
9516,0.614227831,0.367123753
9517,1.567886710,0.093134195
9518,0.016142793,0.006577228
9519,-1.150159717,1.529105783
9520,-0.769947886,-0.794131696
9521,1.375311613,0.717824161
9522,-1.066875100,-0.174005747
9523,-0.570916772,0.582533777
9524,0.461838990,-0.258772075
9525,0.030008316,-1.813901305
9526,-0.831213057,-1.201747537
9527,-0.319705278,-0.644857824
9528,-0.308364749,-0.162471011
9529,0.395427048,0.456972539
9530,-1.289054155,-0.783606052
9531,0.267570019,-0.420049876
9532,-1.081453562,-2.751971960
9533,-1.158490777,1.725369453
9534,0.176632226,-0.060697291
9535,-0.327043980,0.704628825
9536,-1.786763310,-1.138836980
9537,-1.009668231,0.376326501
9538,-0.650799453,1.079701304
9539,2.605272532,0.438350320
9540,1.632099032,-0.359661758
9541,1.330474615,1.235394716
9542,-2.678406954,2.741443396
9543,-0.562254906,-0.650550246
9544,-0.930143535,-1.040285230
9545,0.344521999,2.762125731
9546,-1.373617172,-1.540529847
9547,0.352552503,1.015065670
9548,-0.835960269,0.564657092
9549,-1.119290113,-1.125677109
9550,0.831818938,2.438191652
9551,-0.524957240,-0.173756167
9552,0.202437356,-0.041872453
9553,1.609670639,1.231959462
9554,-0.381527781,-0.220500827
9555,-0.025498994,0.854773819
9556,-0.496987134,0.959152699
9557,0.323941857,1.060144424
9558,0.005227566,-1.073960185
9559,0.226095885,-0.388467163
9560,0.156579450,0.111219250
9561,1.472019672,-0.496002138
9562,1.316758156,0.933148861
9563,-1.949439526,-3.032363892
9564,-1.523983717,0.905526221
9565,-0.039087728,-0.581540823
9566,-2.355718374,0.727601707
9567,2.091388941,-0.404096842
9568,0.186014116,0.152526185
9569,-2.395372391,-1.398875356
9570,2.390623808,-2.331137180
9571,1.616484165,-2.554756403
9572,-1.280300856,-0.075932920
9573,2.588526011,1.386674285
9574,-1.298430681,-1.066641450
9575,0.125437573,-2.953898907
9576,0.079703361,-0.461235702
9577,0.317534745,0.566521704
9578,-0.067572489,-0.299272448
9579,1.331555963,-1.389400959
9580,-0.128360018,-0.058307376
9581,0.678556323,-0.059478845
9582,0.151700482,0.481778741
9583,-1.426947117,-0.303281546
9584,-0.619060159,-0.127957821
9585,0.247156411,0.570383787
9586,0.721233845,0.204214364
9587,4.063307762,-3.132189751
9588,-1.325162888,0.000031590
9589,0.123640805,-0.274984241
9590,0.239305735,-0.477424502
9591,-0.281433731,0.086974651
9592,0.447385758,0.661426842
9593,0.200538665,-1.679965138
9594,0.539945781,1.061547518
9595,-0.101235166,-0.590249062
9596,0.408925831,0.143477023
9597,0.752664924,0.535480678
9598,-0.227130726,0.645614743
9599,1.881782889,2.446928501
9600,2.683036804,-0.710794210
9601,1.458175302,-1.222894549
9602,0.237251401,0.440446764
9603,-0.225466534,0.068649359
9604,0.179205060,-1.259209394
9605,0.274766743,0.886145711
9606,0.479951382,2.445640326
9607,-0.667732000,0.412980825
9608,0.421947777,0.174969867
9609,2.023555040,0.661646783
9610,-0.078627400,-0.233341485
9611,1.516034484,0.385421753
9612,-0.660565495,-1.245870471
9613,-1.837760210,0.915392935
9614,0.221201301,-2.049001455
9615,-1.085943699,-0.083053812
9616,-0.238908455,0.786021888
9617,-0.796000898,-0.041960061
9618,-0.100734249,-0.207615972
9619,3.443482876,-0.185649455
9620,0.251755297,0.027981728
9621,-0.015993387,-0.248333812
9622,-0.470726788,0.084563956
9623,1.071094871,-2.559481859
9624,0.167770728,2.844428301
9625,-1.404366970,0.890703201
9626,0.383100718,0.860093951
9627,1.000595570,0.464689672
9628,-1.924160600,1.051765919
9629,-0.249730140,-0.432356834
9630,0.016730916,0.898460150
9631,0.870137930,0.795817673
9632,-1.747375727,-1.548615575
9633,-0.826346576,-2.275912762
9634,0.879006505,-0.675046742
9635,-0.017753944,1.641462922
9636,0.672933877,-0.501560271
9637,0.244789839,-1.153631806
9638,-0.718415499,0.252788663
9639,0.261905015,-0.849400163
9640,-0.215144739,1.039550185
9641,-0.828232944,0.927555084
9642,-0.262084246,1.197487712
9643,0.677824259,1.822476387
9644,-0.844295979,0.251680553
9645,0.790759325,1.027646065
9646,-0.653213739,-0.199239627
9647,0.172126576,0.210150555
9648,-1.189651370,2.558510065
9649,-0.686562657,0.905431390
9650,-0.141094074,0.116293296
9651,-0.759252369,-2.200891972
9652,-1.939052939,-1.068106055
9653,-0.132334307,0.067896210
9654,-1.696861267,1.186657429
9655,-1.250309706,-0.393393904
9656,0.607682347,1.207862139
9657,-2.131915092,4.417013168
9658,1.158772707,0.995856345
9659,-0.376658320,-2.556879044
9660,-0.447520077,-0.003947787
9661,-2.788706541,-0.244784892
9662,1.122971296,-1.195178270
9663,-1.325769544,-0.213753581
9664,-0.879902482,0.338869393
9665,0.343697637,0.904302895
9666,1.180024743,0.579891384
9667,0.727925658,-0.806089222
9668,1.228822470,-1.588041663
9669,0.678855538,1.142512918
9670,-1.094396353,-1.695522547
9671,-0.212006122,0.027651925
9672,1.165270090,0.117307484
9673,-0.708534896,-0.576338232
9674,0.094547592,-0.729285955
9675,-1.071779966,-1.042650223
9676,-2.033839941,0.791298985
9677,-0.928339481,0.285440058
9678,0.497958392,0.640670240
9679,0.100536078,-0.120851584
9680,0.301555544,-0.174884424
9681,0.722580910,0.528691053
9682,-1.464101434,2.043728352
9683,0.623879910,-0.396562904
9684,2.832795620,2.111944675
9685,0.512972653,-0.501898110
9686,-0.113227986,-0.571141362
9687,-1.547958374,0.843323708
9688,-0.348421305,-0.493542254
9689,-1.065524340,1.075736880
9690,1.151285648,0.798834264
9691,1.626375318,0.409220189
9692,0.445178330,0.919124186
9693,-2.140957355,0.527841330
9694,-0.130475715,2.866463423
9695,1.243195653,-0.496460259
9696,-0.287538707,0.193203703
9697,0.380985320,-0.864275873
9698,-0.210621670,-0.154803932
9699,-1.238196135,-0.538113415
9700,-0.321201980,1.247941256
9701,-0.760393739,0.150101230
9702,-1.002729774,1.859858871
9703,-0.096239723,0.046379507
9704,-1.334866762,0.452548683
9705,0.260274827,0.433547735
9706,1.178580165,0.502891421
9707,0.873611152,-0.250335276
9708,0.106616266,0.853517413
9709,-0.284833074,-0.202469528
9710,-0.184636354,-0.696732402
9711,2.355536461,-3.687099218
9712,2.589721680,2.971331835
9713,1.154763699,-0.781837940
9714,-0.871847034,1.091805458
9715,-1.724641442,-0.243956923
9716,-0.846650302,0.575553417
9717,-0.470140100,0.373529911
9718,0.763600826,0.949226081
9719,0.096612453,1.009914517
9720,2.417089701,-0.963853240
9721,0.189059794,-0.156736076
9722,-0.230952844,0.990771413
9723,-0.125623330,-0.035977270
9724,0.675171852,-0.822582245
9725,-0.211478710,0.054091215
9726,1.885737300,0.185772240
9727,0.905659735,-0.535759270
9728,0.052891061,-0.148167431
9729,-0.443604946,-0.278771698
9730,0.107701547,-0.402230263
9731,0.983004868,1.499913931
9732,-2.024455309,2.033652306
9733,-0.144021839,0.477485538
9734,0.291681647,0.727281868
9735,1.223948479,-1.158218622
9736,-2.176687956,-1.033788919
9737,-2.599169254,-0.786981523
9738,0.799312174,-0.527971268
9739,0.879154563,0.942751884
9740,0.112517536,-0.981896639
9741,-1.063994050,-0.259851456
9742,-0.159765184,-0.642704129
9743,0.159220308,-2.947502375
9744,1.043806791,-0.398941904
9745,-0.630302489,1.151385903
9746,1.627744317,-2.988038301
9747,-0.517336547,1.729129195
9748,0.228580251,0.416783065
9749,-0.189160436,0.165347457
9750,-0.167730048,1.501330733
9751,-0.688256383,-0.953504682
9752,-0.579125166,-2.014424086
9753,2.636635303,-2.543350220
9754,-1.150280595,-1.239873648
9755,-0.186203346,-0.094076216
9756,0.212564200,0.689934373
9757,-0.655356765,-1.090765238
9758,-0.307229996,-0.947887659
9759,-0.807606459,-0.747277498
9760,-1.378706813,0.958644032
9761,2.334478140,-0.500098705
9762,-1.570710778,1.130051374
9763,-1.669276834,-0.013196051
9764,-0.247332290,-1.060638905
9765,-0.067541838,-2.399508476
9766,-2.939363718,0.837262034
9767,-0.630450964,-0.658766806
9768,1.137208223,0.133997515
9769,0.369176418,-1.642767668
9770,1.265375137,-2.071347237
9771,-0.358563453,1.424438477
9772,1.691011667,0.568523526
9773,1.969949007,1.947636127
9774,0.998513103,1.282593846
9775,0.002720363,1.337137580
9776,-0.124886543,-0.672843695
9777,0.691843331,1.423620701
9778,-0.971387744,-1.518186569
9779,-0.340629458,-0.858776450
9780,-1.977187872,-0.280420065
9781,-0.586954057,-0.655018806
9782,1.206347108,1.535937071
9783,0.501089633,-0.261643797
9784,1.958850741,0.538261652
9785,-0.463143110,0.572722733
9786,0.207129344,0.514568269
9787,0.941273272,0.401584506
9788,0.648699999,-0.098450765
9789,0.002362944,-0.258373439
9790,0.295858204,-0.620641649
9791,0.295460880,-0.284220278
9792,-0.309160829,-0.589926720
9793,1.243978620,-0.724932015
9794,0.856182337,2.177046299
9795,0.164081454,-1.651944757
9796,-0.661698341,-1.875195622
9797,-0.833474576,-0.002319723
9798,-0.363092870,0.756795645
9799,1.295542598,-2.140022516
9800,-0.945108712,1.152844310
9801,1.112161398,-0.926669240
9802,-0.946959257,0.682921529
9803,0.417506129,-0.197716147
9804,-0.316954643,1.581769228
9805,-1.462201715,-2.192040205
9806,0.403753936,-0.746454358
9807,-0.155458465,0.079984024
9808,-0.968438625,0.313762307
9809,-1.696894884,-0.097541869
9810,0.227860436,1.099927664
9811,-1.478962898,0.543014050
9812,1.443560600,0.115787007
9813,1.758904934,1.379013419
9814,0.202608883,1.049871206
9815,3.443809986,1.572640538
9816,1.195145130,1.581556082
9817,0.609710813,0.149850696
9818,2.035315990,1.092733979
9819,0.051426649,-1.953792214
9820,-1.290375471,0.883303642
9821,-0.300627112,-0.262716532
9822,-1.573552012,0.096760631
9823,-0.903282881,-0.998886049
9824,-0.259359300,-2.079350948
9825,-0.535881937,-3.144827127
9826,3.389138699,-0.266505241
9827,1.184503555,-0.229971156
9828,1.336838245,1.004701138
9829,1.607656360,-0.904546618
9830,0.743078113,-0.156356424
9831,0.190802068,-0.313627839
9832,-0.188462079,-1.628475904
9833,0.326243907,-0.497277498
9834,-0.156528190,-0.596219301
9835,0.256341279,-0.901355863
9836,-0.272144675,-1.693474293
9837,-0.498523563,0.517156184
9838,0.765136957,0.398385167
9839,0.283079803,-0.882693589
9840,-0.152109116,-0.022114933
9841,-0.733512521,-0.569115281
9842,1.527328730,-1.824444294
9843,-1.409186840,2.235381842
9844,-0.807758689,-0.303096324
9845,0.146875739,0.416464984
9846,1.172329664,-1.568045735
9847,0.347313076,0.606952250
9848,-1.156079292,-0.005950332
9849,-0.290417671,-1.053052664
9850,2.511990309,1.726634860
9851,0.874364138,-0.384362936
9852,-0.200999007,0.463073224
9853,-0.157241732,-0.856075823
9854,-0.839455843,-0.379315615
9855,0.311788619,-0.824500859
9856,-1.797123671,-0.007065654
9857,-0.653257787,-0.044221029
9858,-0.598341703,0.838792384
9859,-0.409777761,-2.578859806
9860,0.190586746,-2.160102367
9861,0.706548333,3.415121555
9862,-0.781432509,-3.154501438
9863,-1.723053694,2.152192116
9864,-0.632730186,-2.068821430
9865,0.254268438,-0.037143413
9866,2.083206415,2.129201889
9867,-1.265670538,1.681030631
9868,0.356517315,0.113582350
9869,0.054582685,-1.235683322
9870,1.460039377,-0.587988496
9871,0.718119025,0.199687958
9872,-0.163099498,-0.032826655
9873,-0.005232021,-0.456556082
9874,1.932346940,0.119560540
9875,1.645736694,0.199037492
9876,0.252568066,0.083000973
9877,0.837059021,0.436338603
9878,0.762017965,-0.047474448
9879,-0.173422098,-0.198820084
9880,-0.591814578,2.376616478
9881,-1.713567972,1.796129942
9882,0.432417810,-0.441553324
9883,0.487691641,-1.087901950
9884,0.648159504,-0.127477750
9885,-3.622389317,-2.750846624
9886,0.344970107,0.436210692
9887,-0.595566094,0.547285616
9888,-0.964362502,1.164079905
9889,-0.720904410,0.372869670
9890,-0.889781117,-1.137770176
9891,1.477458000,2.236321211
9892,0.881006956,2.158856630
9893,-0.129725367,0.658111572
9894,-1.095394373,2.457981348
9895,0.697947621,0.664742470
9896,1.442557573,-0.791197777
9897,-1.186390877,-0.480642319
9898,-0.742626309,0.151181281
9899,0.130538836,0.292684615
9900,0.544724226,-1.593834639
9901,0.901679277,0.492604047
9902,-0.357885361,0.462249458
9903,-0.033298492,1.394044161
9904,1.211092710,-0.630356848
9905,-1.485194445,-2.125387907
9906,-0.633108854,0.439757049
9907,-1.585571408,-0.826871097
9908,-1.778897524,-3.158666372
9909,0.229012132,1.110078096
9910,0.181519449,-1.890169501
9911,0.220344290,0.439578742
9912,0.156958342,-1.511733413
9913,0.019689001,0.352498770
9914,-0.098502174,-1.323944449
9915,0.284842253,0.918504298
9916,1.132960439,-0.050988331
9917,-3.337439537,0.799816310
9918,0.599547267,-1.013041377
9919,0.525465250,-0.589082420
9920,-1.587624669,1.312012911
9921,2.189414501,1.118675470
9922,-0.213474572,-0.099409446
9923,0.077478684,-0.330321670
9924,1.401192665,2.127464771
9925,-0.160863608,-0.144065425
9926,-1.107654214,0.753232598
9927,-0.547008991,-0.480700195
9928,-0.242843807,-1.137142539
9929,-0.250287890,0.082924560
9930,-0.278089613,1.321644545
9931,2.410948753,0.350871384
9932,1.313414931,2.483664513
9933,0.888333201,-0.879039109
9934,1.042529702,-0.599994540
9935,-0.808204889,0.891490281
9936,-0.275649250,-0.427608341
9937,0.532478511,0.133184895
9938,-0.575823545,0.743632138
9939,1.130074263,0.360300064
9940,0.455267251,-0.322819024
9941,-0.214361101,-3.127192259
9942,-0.829761624,-1.141351581
9943,-0.926372707,0.934517384
9944,-1.090857983,2.856449127
9945,-1.015136003,2.482520819
9946,-2.773407459,-1.070854425
9947,1.900216818,2.821101427
9948,-1.929394603,0.640509725
9949,0.195142239,0.325738281
9950,-0.048726737,0.821599066
9951,0.462330729,0.786063015
9952,-0.496521175,-0.561204135
9953,-1.984864473,0.018663287
9954,-0.184536517,0.056394596
9955,1.172823787,2.205196857
9956,-0.170795321,-3.024408817
9957,0.067430027,1.072377443
9958,-1.542175651,-0.160790503
9959,1.601003408,-0.794294834
9960,-0.506898522,-0.516539097
9961,1.475968122,0.552570343
9962,-0.901336551,0.024112344
9963,0.802325428,-0.550613165
9964,0.695075631,1.029870987
9965,-0.352245897,0.363326520
9966,2.162042856,-0.943049073
9967,-0.762955487,1.574787259
9968,-2.638743877,-1.573439479
9969,-0.950036168,0.393781066
9970,1.040454149,-0.434591681
9971,-0.007790076,0.045425981
9972,-1.392436147,1.538698673
9973,-0.866037369,0.345935553
9974,1.309181571,0.645603538
9975,-1.312107086,-0.543629587
9976,-1.007300377,-1.639199018
9977,-0.914905369,-0.212239757
9978,0.222188890,-0.801960945
9979,-2.413385630,0.084766507
9980,0.654079318,0.054694518
9981,-0.470821053,-0.525337398
9982,-1.734295249,-3.446392059
9983,-0.406891048,-0.580119729
9984,0.717808604,-1.209310055
9985,-0.024552051,1.207044959
9986,0.193144321,-0.172208801
9987,-0.390559733,-0.370455146
9988,-0.390016973,-0.048070461
9989,0.854627669,-1.018116474
9990,-2.318202972,1.817981005
9991,-3.330567837,-0.572952628
9992,1.332098722,-1.216047168
9993,-0.029142141,-0.928582191
9994,-0.563952267,-1.014352560
9995,0.096265078,-0.574908853
9996,1.993629217,-0.573417187
9997,1.931275487,0.574299157
9998,0.117013760,-0.192615479
9999,1.102069139,0.663183093
