index,acc_x,acc_y
0,1.240302444,0.141057983
1,0.472069979,-1.201783180
2,-1.255275846,0.519337416
3,1.857096195,0.110200271
4,1.432285786,-1.154503345
5,-0.193384483,0.277791440
6,-0.661962569,2.203800678
7,1.861164808,1.943456769
8,-1.057805300,0.105616033
9,0.467073202,-1.169558048
10,-0.071048215,0.269804895
11,-0.521246910,1.190665126
12,0.596559882,-1.178235769
13,-0.188852936,0.838858128
14,0.038991988,0.648700535
15,0.221726388,0.311119914
16,1.608150601,-0.475351602
17,-1.538603544,-1.837043285
18,-1.253834486,0.963854313
19,-0.119922355,0.179699138
20,-2.649023533,-0.589337349
21,0.337293118,-0.100300387
22,0.512665510,1.211210966
23,-0.652052641,0.072542757
24,0.574520111,0.255913287
25,0.001832068,-0.484423161
26,0.550095737,-0.006030276
27,0.435609937,0.770422339
28,-0.809885979,-0.331367612
29,-0.432215869,0.173680350
30,-0.495905757,0.120590955
31,0.986791968,1.719831228
32,2.063237667,1.035751700
33,-0.170744851,0.678678274
34,-0.056410611,-1.302160978
35,-0.450909585,0.253273040
36,-0.905974150,-0.768442035
37,-2.781357050,0.749191940
38,0.030732643,-0.147664651
39,0.297576070,-0.123359635
40,1.436483383,0.085608728
41,0.541233182,1.538984776
42,-0.647961676,0.542558134
43,-0.017768830,-1.197655916
44,1.087654114,0.378882408
45,-1.778095365,-1.090097785
46,-0.016178187,0.210454866
47,0.302194238,0.467416316
48,2.050224304,-1.604403496
49,-2.382937908,2.097070217
50,0.900192738,-0.450221181
51,-1.498087168,1.024889350
52,2.529418707,0.117622823
53,-0.651473880,-0.279669762
54,0.656250060,-0.858134031
55,0.135667354,-0.179536387
56,-0.417800456,1.287041664
57,-0.953195453,-0.460367620
58,-0.076326691,1.753003597
59,1.741995811,0.053108208
60,1.317394018,0.111654520
61,1.341506481,0.856314540
62,0.758533716,-0.219517976
63,2.072496414,-0.776485622
64,-1.342801571,0.364157557
65,-0.307941794,-0.456625134
66,0.401324332,0.139305726
67,-0.262508750,-0.088454872
68,0.735912383,-0.061957419
69,0.198533490,0.524331152
70,1.579159856,-1.136325598
71,-0.721442759,0.979829788
72,-0.849467218,1.679496765
73,0.185858071,0.612377882
74,-0.356906712,-2.465439796
75,1.898360133,-1.937067866
76,-1.024595022,-0.909622669
77,-4.325092316,0.240742564
78,1.042701960,0.273139089
79,-1.885625362,-1.940544844
80,-1.323138237,-1.543169975
81,-0.715310872,-0.157717407
82,-0.532677948,-0.781699657
83,0.387229443,-0.047123656
84,0.152780250,-0.052431554
85,-1.342784286,-0.833287358
86,-1.175698876,1.667701602
87,2.554241657,-2.787938595
88,0.898289204,-2.151558399
89,-3.485054016,-2.446405888
90,0.510196328,-0.490806669
91,-1.336782813,-2.541471004
92,-0.514974952,0.704035103
93,-0.095734455,0.601776183
94,-1.523548007,1.490348220
95,2.896026134,-1.190029263
96,-0.292199105,0.220411867
97,0.921301425,0.904387295
98,1.153966904,0.518543482
99,0.237583682,0.103501588
100,-1.268459797,4.138991833
101,-1.021287322,-0.341359943
102,-1.552805901,0.336291075
103,-0.882866502,2.447774172
104,0.308500737,-0.054066129
105,-0.018782886,0.064916924
106,0.322577655,0.224279970
107,-0.340943515,0.830523670
108,0.386650473,1.363309383
109,-0.678391516,-0.311929822
110,1.775276780,0.040314212
111,1.512806654,1.919114828
112,-1.611664295,0.463456988
113,2.007083178,1.966939211
114,1.721526980,-1.708947182
115,-0.653283179,-0.602232575
116,-0.110889532,1.835535049
117,-1.386724472,-0.918887734
118,-0.200172603,0.174178049
119,1.201939583,-0.485251963
120,-0.119851373,0.432243496
121,1.487048864,2.373148441
122,-1.286437392,1.627927184
123,-1.677056551,-1.598421454
124,0.299949318,-0.943093300
125,1.339232922,1.602566600
126,-3.578227758,0.616876602
127,-0.160256147,-1.769499183
128,-2.614712954,-1.498791218
129,0.051546514,-1.005311966
130,-0.162267610,-1.568432212
131,0.127877712,1.673116922
132,1.206975460,0.161679178
133,0.512150168,0.250061601
134,0.336652637,0.232656717
135,-0.290983230,0.050805308
136,-0.594877720,-0.275781929
137,-2.029305458,1.472897649
138,-0.343424737,0.205007270
139,0.964674413,0.191194296
140,-1.407551885,0.837969422
141,-0.782140970,0.286812961
142,-0.156140864,-0.118099466
143,-1.337157249,-0.002919436
144,3.718563080,-2.359879732
145,0.106531195,0.417665809
146,-0.636928320,-0.198342353
147,-0.951668799,-1.217816234
148,-1.067191958,-0.338231206
149,0.790450215,-1.327742577
150,-0.138573766,-0.556010544
151,-0.071173787,-0.684948623
152,-0.010115981,0.723858953
153,-0.217854798,1.337658525
154,0.926618755,-0.881387174
155,-0.764863193,1.043074250
156,-1.137877345,-0.043891236
157,-0.704729199,-0.459802002
158,1.492102981,-1.324330568
159,-0.536480784,-1.069591880
160,-0.064674377,-1.226225615
161,-0.391897529,-0.296461821
162,1.737892866,-0.305462569
163,-0.044402786,1.300618410
164,-0.147567689,-1.588489532
165,-0.488315821,-0.093751147
166,2.207231045,-1.173269987
167,0.776171267,1.022318721
168,-1.911998391,1.871932745
169,2.611929417,-1.166589618
170,0.804881394,0.721292257
171,-0.860629916,0.898481727
172,-0.877397418,0.988621414
173,0.673829019,0.740544260
174,-0.835843325,-2.120497465
175,-0.972633719,-1.200831890
176,1.688847899,0.120752580
177,-0.448676407,0.528276563
178,-0.281436265,-0.768210113
179,-2.026798725,-1.676841259
180,2.009932041,0.398062170
181,-1.195656061,-0.901964664
182,-0.261286020,-0.514021873
183,1.168404818,1.152879953
184,1.204607010,0.511298120
185,2.065449715,-0.695366859
186,0.226115912,-0.457064480
187,1.973764539,1.479061007
188,0.626092613,-0.008440369
189,1.208631635,-0.488745630
190,0.735131741,0.096143216
191,-0.844926476,0.419215530
192,-0.916015148,-0.384370893
193,0.002390862,-1.388220310
194,1.167248011,1.392025709
195,2.252126932,-1.291800499
196,0.668833792,-0.288558483
197,-0.544379830,-0.336969107
198,0.469499379,-0.639602542
199,-2.145290136,-0.651263952
200,1.670513988,-0.163490921
201,-0.463445425,0.240277246
202,0.345088571,0.267191291
203,0.315541148,-0.890350103
204,0.129547477,-1.354345918
205,0.615796566,-0.203851104
206,0.912807047,0.006755650
207,-2.154069901,-1.282830358
208,0.245802999,-0.534163535
209,-1.047437906,-1.506118298
210,-0.498716474,0.723043025
211,0.402016580,-0.978318453
212,-0.258944482,-0.634570420
213,-0.597375512,-0.214876413
214,-0.894738555,0.046609640
215,0.627103567,-0.863471687
216,-1.944558144,-0.086913466
217,1.969844341,-3.642328262
218,-0.241363972,0.071700543
219,-2.383542061,-0.672850132
220,1.918159008,-0.921641409
221,-0.216182262,0.316302359
222,1.514621496,-0.250940979
223,2.613121748,0.370065093
224,-3.669200182,-2.569093466
225,-1.399923801,-1.168753386
226,2.865253925,-0.162004128
227,1.622668028,0.698773205
228,0.041194975,1.055363059
229,-0.804592252,0.906774938
230,-0.131656200,2.119845867
231,-0.143561035,-1.844695687
232,2.369606495,1.714440584
233,-3.013333321,0.169342756
234,1.692956567,-1.910777330
235,1.222626925,2.416586399
236,0.859583855,0.922741175
237,-0.537553310,-3.418496847
238,0.727775455,0.346587777
239,0.974901140,0.064685464
240,-0.801926136,1.168139458
241,-1.391059399,0.104530662
242,0.263772726,-0.784136772
243,-0.506909847,1.142093182
244,-1.027914524,0.705158353
245,-1.429309964,-0.612801969
246,0.063417509,-0.242376924
247,-0.225125104,-0.051463246
248,-0.737416208,0.642170906
249,1.169721127,0.907853663
250,0.581077635,1.669314027
251,1.104437828,-0.357889533
252,-1.577957153,0.551708221
253,1.377511263,-1.626658201
254,0.110604212,-0.360989094
255,-1.193985701,-1.185214281
256,2.960317612,-0.403629273
257,0.027505305,-0.106760100
258,-0.525707364,-0.102434970
259,-0.038795143,0.237085655
260,-1.995351076,2.846442461
261,0.089542024,-0.133873716
262,-0.095759071,-0.363200873
263,0.744189858,2.098938704
264,1.127368450,0.665487647
265,1.177536368,-0.816410303
266,0.210670918,-0.269042253
267,-0.092220828,0.178442791
268,0.111663952,-0.168787450
269,0.533488274,-2.073487997
270,0.332384408,0.189247206
271,-0.041894183,-0.653262079
272,-0.220905662,-1.652234554
273,1.970667839,2.280830383
274,0.044188879,0.265957117
275,0.154546678,-0.374097884
276,1.183842063,0.482192218
277,-0.425804704,-1.331098795
278,-4.339867592,-0.044507027
279,-0.471957982,0.139341205
280,0.015140116,0.258394331
281,-1.797470689,0.952678204
282,0.698667705,-0.285061538
283,-0.635740757,-0.733853459
284,-0.187370956,-0.043000773
285,0.506452322,0.634503067
286,0.662341356,-1.719045758
287,-0.302415788,0.818032086
288,0.278037697,0.578391373
289,0.089733876,-0.545296311
290,2.012742996,-2.113398075
291,-0.008340448,-0.200896665
292,-2.026530743,0.683040500
293,-0.879273355,0.293399096
294,0.602627814,1.500805140
295,0.027150590,-0.305133492
296,0.528211892,0.002974283
297,0.321821123,-0.121459737
298,-0.505061150,0.090340272
299,-0.566032767,1.154541850
300,-1.452661872,-2.849922895
301,0.741396785,0.271051824
302,0.082293287,0.138414890
303,1.134124517,-0.387141854
304,-0.181917250,-0.605079651
305,0.107056551,1.211784244
306,0.053952932,0.109734379
307,-0.605595529,1.069610834
308,-0.814450026,-0.816404283
309,0.089134961,-1.044218540
310,1.376351357,1.005671740
311,0.001715422,-2.795975447
312,0.742631376,-3.470394850
313,-0.094612211,-0.147266313
314,1.466285825,-1.538370490
315,0.056410640,1.507968187
316,-0.150274247,-0.290534258
317,-0.653926015,0.411153972
318,-0.156783551,0.138026491
319,2.113748074,1.092271686
320,0.295643449,-0.700988591
321,0.044738591,-0.180946887
322,1.294075489,-0.269706905
323,-0.066436291,-0.945031345
324,1.750381112,-0.848611057
325,0.239003792,0.148121282
326,0.713694870,0.426670760
327,0.323799253,-0.559640646
328,0.726254523,-0.164908588
329,-1.551731586,-1.714002609
330,-1.529812098,-1.010303617
331,0.691317141,0.218074292
332,1.255018353,-3.052416325
333,-1.743541718,1.507707119
334,-2.886394262,4.130995274
335,1.815159798,-2.351258278
336,-1.254484415,0.162202299
337,1.256939650,-0.072190955
338,1.206755519,0.888857245
339,-0.928907514,-2.070787907
340,0.121027343,-0.407516062
341,0.007620871,-1.234272480
342,1.132843018,1.884368658
343,-0.044470310,-1.039205432
344,0.228842556,-0.542224348
345,0.953205585,-0.290966809
346,-1.027098536,1.566402555
347,2.204296112,-0.047272764
348,-0.006912589,0.082129478
349,0.367312014,1.998571634
350,-0.033920288,-1.763246298
351,-1.180828691,-1.608848333
352,-1.508281708,-0.145017251
353,0.575905323,0.989637911
354,0.978666425,-0.053254008
355,1.872483015,1.163548470
356,0.564777613,2.528684855
357,-0.101532780,0.715568483
358,-0.420567274,-0.997283220
359,0.708858609,1.356270790
360,-0.093360461,0.420132399
361,0.637973547,-0.555110216
362,-0.716696501,-1.068523049
363,0.116890736,0.817809880
364,1.006562352,0.396567345
365,-0.770511985,-0.382507801
366,1.151280403,-2.549976349
367,-2.021602631,0.876703799
368,0.644675732,-0.915324628
369,1.836703420,-1.538325787
370,-0.621291697,0.413800001
371,0.178693414,0.377590477
372,0.542307734,0.161181599
373,-0.142021894,0.397012591
374,-0.295166105,-0.131510019
375,1.649464726,-0.375637025
376,0.565719366,1.974652290
377,0.598655045,-0.048130635
378,0.318836570,0.262775570
379,0.090357810,0.165383220
380,0.925988078,1.231694102
381,-1.284390926,1.014755487
382,-0.105746262,-0.259572208
383,-0.129422128,-2.272720098
384,0.990098059,-0.169351757
385,0.628065646,-0.631224692
386,0.804143369,1.403999329
387,-0.692278087,-0.715147972
388,-0.346715331,-3.039851665
389,-0.261286259,-0.535652280
390,3.276154518,-2.069276333
391,-0.584989607,-0.488225579
392,2.835006237,-0.261748433
393,0.920330405,-2.417545795
394,0.766649783,0.115200274
395,3.896926641,1.087730169
396,-0.054356992,-2.869982004
397,-0.174634337,-1.321144342
398,-0.122888975,-0.330414385
399,-1.264272094,-0.229284152
400,-0.668285310,-0.761800170
401,-0.683567524,-0.538137317
402,1.480947137,-0.566579401
403,0.087446660,-0.128026396
404,1.722612023,2.400710106
405,0.355632752,0.616448104
406,0.315035760,1.032472968
407,2.027155161,0.790743113
408,1.122513175,-0.834269464
409,0.031851023,-1.992038131
410,-0.503532648,-0.578245282
411,0.139540225,0.777595282
412,1.147609353,-0.477430940
413,-0.605175436,1.677997947
414,-0.115349546,0.917117119
415,3.092339277,-0.802886248
416,-0.090688646,-0.573276043
417,0.461471587,0.206754968
418,1.010094047,-0.470943421
419,0.342622429,3.175306320
420,-0.542379379,3.003671885
421,0.100372121,-0.159193605
422,0.133297890,-0.071621291
423,0.370313317,0.059943050
424,-1.253642321,-0.710466802
425,-1.387179852,4.230693340
426,-1.262344003,1.047696948
427,0.013959184,-0.434898019
428,0.565442204,-0.291519433
429,-1.060839891,-0.770400405
430,0.208256319,0.286950707
431,-0.560032547,0.082971513
432,-0.227116138,-0.182214081
433,-1.570213556,-0.735979319
434,0.178786397,-0.178725347
435,-2.797803879,0.547145605
436,-1.573658586,0.356327087
437,0.949998915,1.386543036
438,1.666953683,-1.488054276
439,-1.515905499,-0.298285961
440,1.207474589,-0.145524114
441,-0.100655079,1.013266563
442,0.075044900,1.800131321
443,-0.924064636,0.446921498
444,0.583653986,0.210448220
445,3.103270292,0.491939247
446,-0.874339759,-0.351604491
447,1.662510157,-0.599790394
448,-1.628051043,-1.847374558
449,-0.357839286,-0.310213566
450,0.683609009,3.016146660
451,-2.049667120,0.327423900
452,-1.632156968,0.263281226
453,0.570810437,1.486190200
454,-0.884515882,0.063425124
455,-1.369329214,0.264117658
456,0.647613287,-0.231670022
457,-0.344031006,-0.311980307
458,0.653170168,-0.055137038
459,-0.334645480,1.310846806
460,-0.903522253,-0.607154131
461,0.234820858,-0.280288339
462,-0.993892312,-1.252115726
463,-0.359902263,-1.638842463
464,0.325241029,0.554079056
465,1.063979030,0.934761643
466,2.272083759,2.206403494
467,0.389266521,1.036328554
468,2.647383928,-4.653362274
469,0.048619393,0.529014409
470,-0.175614357,-1.684506536
471,0.127921641,0.108127750
472,1.504048586,-0.755379081
473,0.231865674,0.372746825
474,0.221787810,-0.494177490
475,-0.054720499,-0.235197574
476,-0.115857601,-2.102620125
477,3.006880999,0.677699924
478,0.562288702,0.215325415
479,-0.895123839,-0.596304536
480,-2.281017780,0.095486283
481,0.598234415,-0.399655670
482,0.914518833,-0.513515890
483,1.046410561,2.701850414
484,-0.043374360,-1.259030938
485,-0.903038025,-0.130097151
486,0.064435072,3.072468042
487,1.161335349,0.434666902
488,0.398339659,1.382359028
489,-0.234365553,0.048853293
490,1.279957414,-0.616945326
491,-1.872015595,0.970694542
492,0.271355093,0.027219318
493,-0.088326484,0.230757982
494,-0.029065292,-0.433401376
495,-0.606462955,1.832691312
496,1.692828774,0.567570686
497,0.125293523,-0.245818898
498,-0.353527427,1.652003169
499,-0.173947543,0.084073931
500,-0.790137649,-2.434218884
501,-0.626915336,0.053376026
502,0.370131582,-1.491152406
503,-0.697549939,0.671540797
504,-1.163115621,0.300615847
505,-0.712537408,-1.695512533
506,0.323073924,1.838048458
507,0.266694963,-0.845359087
508,0.267702043,0.166629270
509,-0.761576533,1.937680006
510,-1.274622321,-0.730690897
511,0.498011470,1.444455743
512,0.220869258,0.319982827
513,-0.181898236,-0.472676337
514,-0.040391803,-2.118636608
515,0.083239414,0.404248923
516,2.476934910,-0.566710174
517,0.071173564,0.134950459
518,-0.308220297,2.881413937
519,-0.724059641,0.674877286
520,0.620013237,-1.539514780
521,-0.699912727,0.296527743
522,-0.203347072,1.374754667
523,1.004713535,0.197463349
524,2.476369858,-0.267827272
525,-0.989638567,-0.834821641
526,-0.334011495,-0.858830333
527,-1.201966882,-0.206286788
528,-0.680282652,-1.111474156
529,3.415402412,0.785351694
530,0.223203868,-0.803981304
531,0.111892074,-0.129882410
532,2.288961411,-0.687234223
533,0.413226604,-0.932447791
534,2.396402836,-0.862279058
535,0.808585405,-0.568947911
536,-0.136480466,2.410013199
537,2.138401508,-1.233277082
538,1.207572579,0.733950615
539,-0.196853161,0.544706464
540,0.314649343,-1.407444239
541,-0.874083161,1.179347515
542,-0.393219292,0.052430317
543,3.330324411,1.016438961
544,0.698884666,0.332246810
545,-0.383396924,-0.064412236
546,-1.313024998,0.222235024
547,0.431924909,0.156869069
548,0.657463789,-1.097262144
549,-0.518220484,-0.238809481
550,-1.311618209,-0.899602175
551,0.298359901,1.532533169
552,0.351443172,-1.946320772
553,-0.312685728,-0.014019787
554,0.899170041,-1.840104580
555,1.526142955,-0.210438997
556,1.014509678,0.404523969
557,-0.360918343,2.173433304
558,0.066078663,-0.186546609
559,-1.320446610,-1.771491289
560,0.027660716,-0.142807573
561,0.041250780,-0.238500327
562,1.437771797,-0.458084583
563,-0.147729695,0.159353048
564,0.944838643,0.576732397
565,1.270957947,-1.333188772
566,1.987685680,-1.087857127
567,-2.989650011,1.016021132
568,0.195932060,2.442573309
569,-0.304248124,-0.064465918
570,-1.667711258,-0.798302770
571,-2.013978004,1.117512107
572,-1.872702837,-0.380770445
573,1.572092414,0.600142896
574,-1.315214634,-0.015361562
575,0.894911468,0.535188198
576,-0.175614849,-0.784571409
577,-0.630997479,0.331336021
578,0.089658678,-0.614657760
579,-0.175821692,-1.570953369
580,-0.884092867,4.129065514
581,0.165068865,-2.928327084
582,1.506013870,1.886565924
583,-0.102024086,0.845227122
584,-0.419532478,0.106926218
585,0.618123591,1.468733549
586,0.292229950,1.410436630
587,1.336924434,-0.661296785
588,-0.449433237,1.195243120
589,-0.773310840,-1.393112779
590,2.302625656,1.991523504
591,0.019003153,-0.299661756
592,-0.441403657,0.570056140
593,0.215676442,-0.010889599
594,-1.663795948,0.336333662
595,2.801709890,-1.419128537
596,-3.766782999,1.007439733
597,0.894163370,1.651847839
598,0.471939683,-1.286566734
599,-2.284488440,0.277178138
600,0.870237827,0.319171846
601,-0.682353735,-0.551069140
602,-1.282747388,-1.563103557
603,-0.440772265,-0.100258552
604,1.241689205,-0.694739461
605,-2.135233879,2.291809559
606,-0.519050062,-3.498236418
607,-0.329006344,0.067594558
608,-0.063663781,-1.011138678
609,-1.100565791,-0.312762678
610,0.116941214,-1.102545142
611,1.342804193,1.629042268
612,-2.041995287,0.695559740
613,2.735516548,0.478946179
614,-1.133276939,0.809477925
615,0.429532766,1.020940423
616,-2.263863087,1.485218287
617,0.981674790,0.624829888
618,1.056169748,-0.009555399
619,0.760142326,0.385356903
620,-0.368192196,1.720970869
621,1.392395735,0.316745430
622,-0.545409381,-0.391296744
623,4.370400906,1.883879900
624,-2.226436377,-0.001971245
625,-0.842121065,0.451646090
626,-1.488890052,2.068931103
627,1.934794426,1.495284796
628,0.940914690,-0.505519629
629,0.875099838,0.094628945
630,-0.118944004,-0.107631825
631,-1.089000463,0.936496437
632,-0.826869488,0.659523129
633,-2.552828789,-0.618582606
634,1.071164966,-0.420766413
635,0.545766771,1.039524555
636,0.460204005,-1.000784993
637,0.118681312,0.009255978
638,-1.142638326,0.880445957
639,0.061744690,0.142830908
640,0.073981106,-4.331903934
641,0.636170864,-2.030742168
642,-2.407740355,0.867359698
643,1.263159156,0.993647814
644,0.449149042,-0.142069563
645,0.605975628,0.359859765
646,0.913702309,1.024148226
647,-1.146907330,3.220965385
648,0.681569457,-2.511375666
649,0.468807489,0.553306878
650,0.869397581,1.579660296
651,-0.050078511,-1.832683325
652,0.028764483,-0.292182237
653,-0.621538043,-0.575439930
654,0.122094005,1.831254125
655,-0.581019640,0.310992002
656,1.111430287,1.057134032
657,0.195066646,0.531200826
658,-1.023506045,0.179609001
659,0.378219843,-0.530509949
660,-1.565625668,2.575562239
661,0.486323684,3.682497025
662,-0.183005333,0.090269081
663,0.926005065,-0.328505546
664,-0.931639194,-0.808895230
665,0.570100009,0.175019279
666,-0.132661372,-0.193491191
667,-0.378532261,-0.041776061
668,0.076495819,0.840765953
669,0.166709274,0.112371832
670,0.084083661,-0.143924057
671,-0.623219013,-0.177514836
672,-0.824443281,1.582443357
673,-0.756622553,1.072157860
674,-0.394904763,-2.247849941
675,-0.115141168,-0.176758885
676,-0.828570008,0.515976787
677,-1.545437336,-2.073124886
678,-0.864561796,-1.049987435
679,-1.284104824,-1.327165961
680,0.891699612,1.870362282
681,0.263438761,-3.182238340
682,0.229314253,0.340840727
683,1.072789669,0.435517192
684,-0.174026430,-0.520764530
685,0.252090812,2.222957134
686,-1.737183571,-0.812258244
687,1.364722610,-0.348786384
688,1.256464839,0.307241917
689,-0.097186528,0.350554377
690,-0.193427280,0.445585340
691,0.431311607,-0.532587707
692,0.406480074,2.058909893
693,-0.296166420,-0.978678703
694,-1.602527380,-1.835471630
695,-0.370969832,0.815789461
696,2.504912853,2.139846563
697,-1.609303713,0.397015214
698,0.411552250,1.021274805
699,-0.471610010,0.269932717
700,0.136310354,0.404179513
701,-0.486388713,-1.183468938
702,-2.802971601,0.631635606
703,-0.562885582,2.499160051
704,-0.639058709,-0.497764051
705,-1.525132537,0.989663720
706,-0.365633339,1.343979836
707,-2.987715483,0.423909545
708,0.294242620,1.439588070
709,1.504955053,0.864891350
710,-0.550794601,3.107019663
711,0.096980251,0.538790703
712,-0.152357146,-0.171320602
713,2.113607883,-0.178721011
714,1.171603203,-1.029778600
715,-2.504689932,0.927431762
716,-0.090315491,1.795978308
717,-0.051624149,-0.507387400
718,0.861502528,-0.157857269
719,-0.464070797,-1.072131395
720,0.644546032,-0.808607638
721,0.616560221,-0.248842627
722,-0.772941232,-1.356106997
723,-0.216696709,-1.049226522
724,-0.280259341,-0.051810786
725,-1.337805986,0.407443285
726,-0.477685273,-0.956260741
727,0.208678335,-0.348418862
728,-1.638288498,-3.556685448
729,2.290507317,2.354586124
730,1.819258690,-3.188638210
731,0.095168777,0.313320279
732,-1.019830346,1.222427487
733,-0.152607232,0.128248513
734,-1.496544480,0.262980640
735,1.132823348,3.022848606
736,1.209406614,0.174685165
737,-1.158567786,0.950185299
738,1.288708806,0.758276701
739,1.003804564,0.132886752
740,-0.119917728,0.470760912
741,-2.368169546,0.775443316
742,-0.807046890,-0.124356300
743,1.037696362,-0.201681495
744,-0.330351770,0.377839804
745,2.400340080,0.236654937
746,0.393325329,-1.035386205
747,0.089132190,0.443340749
748,0.097950064,0.329386681
749,0.869376659,-0.938210070
750,0.756675541,0.734035492
751,2.191704512,0.677540839
752,-2.178991795,-1.729456663
753,0.170265928,0.154219732
754,-0.377989709,0.257776499
755,1.655009151,-0.702361524
756,1.212786436,-0.488894105
757,0.427114576,-0.462103814
758,1.751760721,-1.859541655
759,0.847905755,-0.827393413
760,0.184393406,0.068095326
761,1.577971220,-0.522239149
762,0.635932803,-1.000317216
763,0.751186728,0.549101174
764,-1.844508171,0.385477364
765,-1.068098307,-0.061938763
766,2.414665222,2.555297136
767,-0.373223811,0.395516336
768,0.080152445,0.317921817
769,-1.689092278,-0.194337457
770,0.757932663,0.412689984
771,0.343612880,0.912012398
772,2.588493347,-0.025374353
773,0.244340897,-1.600599051
774,-0.084431753,-0.296670496
775,1.698972583,1.067261577
776,-0.071772322,-0.442493558
777,-0.787211180,-0.945069075
778,-1.331083179,0.314733475
779,-0.177262187,0.742624164
780,-0.429720283,-0.525479376
781,-0.128672421,0.152270421
782,-0.038675159,-0.461197495
783,-1.572761774,0.847927570
784,-0.522273481,0.588281751
785,0.666799009,-0.500729978
786,-0.159840688,0.734718025
787,-1.509330630,-0.652193308
788,0.983336866,0.615919113
789,-0.360286385,1.825094342
790,2.618625402,1.320822477
791,-0.391498029,-0.682548463
792,1.784808159,-0.524251699
793,-0.990269184,2.106226683
794,0.215139598,-0.370216250
795,0.564743638,0.828467250
796,0.583921015,-0.125687063
797,-1.156402469,-0.744084120
798,-0.455639243,0.484016001
799,-0.652829230,0.726971745
800,-0.825727582,-0.046809256
801,-0.175620556,0.256351829
802,0.246628374,-0.888836265
803,0.155051440,-0.027862690
804,0.299315244,-0.941905499
805,-1.802736759,-2.380048990
806,2.648646116,-1.092110753
807,-0.318495959,-0.472987622
808,-0.338672757,-2.032319546
809,0.501948893,0.139415473
810,-0.324621886,1.250273347
811,0.798293591,-0.707492709
812,3.370984793,2.775361776
813,-1.120516539,-1.166843295
814,0.173622966,0.070408404
815,-2.593574762,1.552119017
816,0.368085116,-1.425147653
817,2.430879354,0.634747624
818,-0.727329254,0.700008392
819,-2.052936316,-0.092818201
820,0.901475906,-0.223660022
821,0.271621257,0.153350472
822,0.180298939,0.285058260
823,0.477588952,-0.238841325
824,-0.611067295,1.065331221
825,-0.523484945,-0.391467214
826,0.031675018,-0.179764271
827,-0.612239718,-0.911715269
828,-2.986387253,1.105633736
829,0.526195288,-0.439855933
830,-0.023067802,0.464499325
831,1.747607946,0.133426100
832,-0.952757239,-0.352298856
833,0.516141057,0.428062558
834,-0.060731106,0.329281598
835,-0.391056716,0.656599820
836,-0.232929558,-0.065580517
837,-0.578635991,-0.609066188
838,-1.131322622,-0.354171574
839,-0.578575671,0.250394583
840,-0.971181393,-0.168372065
841,1.264553308,-0.250401020
842,1.157229900,1.855484486
843,0.350317866,-0.138593212
844,-0.094048508,0.291948974
845,-2.931393147,0.988512635
846,1.852836728,-1.164245844
847,0.016472124,0.839516222
848,0.179972380,-0.430037022
849,-0.732634664,-0.071893781
850,-0.983775735,-1.375207663
851,-0.205675066,0.058345199
852,0.665074825,2.141411781
853,0.778463125,-1.364341497
854,-0.113069698,-0.110810831
855,0.775996804,2.822865725
856,-0.335393459,0.080337271
857,1.398922563,-1.160101533
858,-0.890867591,3.276799440
859,0.901066005,-0.408305943
860,0.025691390,-2.254126072
861,-0.716830850,2.169139862
862,1.932011127,0.521685898
863,-0.204925120,-0.658074379
864,-2.029920340,0.074365929
865,-1.209274769,1.887678146
866,0.257209003,-1.421833515
867,1.123178840,0.889867306
868,0.225200459,0.182328671
869,-0.567731738,0.817862391
870,-0.068351902,0.958436906
871,2.975962639,-0.411595196
872,-0.388774604,0.442759722
873,-0.930863678,1.646669269
874,-1.235933423,0.940103352
875,0.779377997,0.464852810
876,0.978029370,-0.767173767
877,0.183898330,0.421385765
878,0.159889907,-1.089854240
879,0.511555433,-1.813702703
880,1.184271455,0.346530437
881,0.020041302,-0.633430839
882,-1.547059298,-0.077892393
883,-0.668669403,1.240631223
884,-0.056079030,0.493588179
885,0.025940299,-1.397038698
886,0.598516047,0.191481397
887,-0.307637483,-1.679112792
888,0.564915955,-0.724410534
889,0.942172706,-1.826906204
890,0.145225704,0.514033675
891,1.042454958,-0.985976458
892,0.810263574,-0.107639074
893,-0.125508577,-0.198701173
894,-0.338268071,-1.125200391
895,-0.220225051,1.472829819
896,0.387682647,-0.759319007
897,2.163107872,1.747709394
898,-2.005068779,-0.514986515
899,0.653510630,-0.184492886
900,-1.524609804,-2.191039562
901,-1.061694026,1.301211953
902,-0.652437508,0.741575360
903,1.943023920,-0.133169308
904,1.409775138,1.147556782
905,-0.212142199,0.008058868
906,-0.807982564,-0.056303471
907,0.110007882,0.345852464
908,-0.924845695,-2.716843605
909,0.208215311,0.604616344
910,0.401418626,0.130313739
911,-0.381334305,-1.600167632
912,0.348468930,0.670441628
913,-0.789929628,0.640216470
914,-0.423887074,1.120651126
915,0.636671901,-0.694663167
916,0.314041018,-1.629558802
917,-0.072637938,-0.200141847
918,0.163566113,0.628323197
919,0.147041693,-0.006128806
920,1.443955779,0.973923981
921,-1.017482519,0.721363604
922,0.354026377,0.708823025
923,-0.460441083,-0.003721431
924,-1.194346070,0.461644053
925,0.144939303,-1.291300535
926,0.702167988,0.593541741
927,-1.267311335,-0.703692198
928,0.267982811,0.094580896
929,-2.247097015,1.641709805
930,-0.266398728,0.497787446
931,0.113083325,1.539971352
932,0.472186267,0.232659087
933,0.392703295,0.074290678
934,-2.039114475,3.968354940
935,0.010998825,0.947359145
936,-0.105896980,-0.636343360
937,-0.666286469,-0.272537410
938,3.525108099,-1.345607877
939,-1.287278175,-0.019661427
940,0.458397925,-0.682941914
941,-0.176591039,-0.159153447
942,0.012780063,0.684741676
943,0.228219315,1.499654293
944,0.204826072,0.142582789
945,-0.334595084,1.305682182
946,0.701983213,0.456211925
947,-1.230742574,-0.669686675
948,1.738271236,-1.160435915
949,0.061353508,0.440687120
950,-0.646071851,1.041214228
951,-0.354731888,-0.905869246
952,-0.210986614,1.791847706
953,-1.357084632,-2.732080460
954,-0.340929180,3.040505171
955,0.569111764,-0.666511953
956,0.831635833,-0.286916286
957,-0.810803175,0.719743371
958,1.126327872,0.347459525
959,-0.360536426,-1.807283998
960,-0.932824016,-0.747974813
961,-0.023200274,-1.827392578
962,1.470787764,-1.198955059
963,-1.796172380,-2.126047134
964,-0.563056290,0.192601681
965,0.785327077,2.052576303
966,-2.476264000,0.059674889
967,-0.800928056,0.443351209
968,0.809280574,-0.471899122
969,0.041545033,0.391828060
970,1.205489755,1.074646950
971,-0.276866138,0.497543514
972,0.418658733,0.498889595
973,-0.814711571,-1.502740264
974,2.404322624,-1.178163886
975,0.200254440,0.781816483
976,-0.262115717,-0.193730667
977,-2.423597336,-0.992106795
978,0.496265084,4.845115185
979,-0.147099763,-0.363512337
980,-1.298406839,-1.088861346
981,-1.065886140,-0.599331558
982,1.079460025,-0.834811151
983,0.323226750,-0.309705526
984,-0.634404957,0.749096930
985,-0.947001696,0.772661150
986,0.190181822,3.388204575
987,2.038025379,-1.179403186
988,0.097126648,1.169935346
989,-0.143505543,-0.113755055
990,0.139666960,0.081727788
991,2.352027178,1.383815289
992,-1.007562518,1.232528329
993,-0.137579247,-0.143215880
994,2.010112286,1.097490668
995,-1.177464962,-0.419341058
996,0.211240083,-0.151323006
997,0.483693868,-0.519345522
998,-1.167920709,0.846401930
999,-0.513568163,-0.239518538
1000,-0.526107788,0.983718932
1001,0.670503199,4.435067654
1002,1.224463820,0.517609000
1003,1.274096489,-0.927815437
1004,-2.919953585,-2.361794949
1005,2.044730663,-1.014471531
1006,0.470713377,-3.350848198
1007,0.092012644,-0.286458254
1008,-0.323111296,-0.666225135
1009,1.303454757,-0.553432882
1010,0.867544711,0.695761919
1011,0.232458681,0.930155993
1012,1.724140644,-0.590589464
1013,0.082805529,-0.608731687
1014,-0.703709245,0.299370587
1015,0.418914646,-0.561803877
1016,-1.566561222,-0.749866247
1017,-0.713997781,1.934774399
1018,1.756761551,1.733721018
1019,0.783758700,-1.599845648
1020,-1.989503741,1.817142248
1021,2.350167274,1.861301303
1022,0.434703767,-0.782521784
1023,0.695918858,-0.181285128
1024,-0.007917613,-0.677170873
1025,0.245158881,-1.115873814
1026,2.488444805,1.625523090
1027,-0.565928340,-0.346031666
1028,-0.238330767,0.835911632
1029,0.900640726,-2.803364277
1030,-0.276296914,-1.469179392
1031,-1.257537484,1.399473667
1032,2.370184660,0.207557410
1033,1.785311222,-1.085189939
1034,-0.835124135,-1.833859682
1035,1.236709952,0.467153579
1036,2.820927620,-1.633726001
1037,1.409706712,0.771417379
1038,0.033940375,-1.787595510
1039,-0.852736473,-0.253615201
1040,0.157265693,0.108845770
1041,-0.514498830,0.875175357
1042,0.225351691,0.727178156
1043,-0.128342867,0.342221200
1044,-0.329099506,0.413390934
1045,0.662573993,1.950584650
1046,-0.401131630,-0.707626343
1047,0.789111316,0.959680200
1048,-1.731339455,-2.033617735
1049,-0.467567205,-0.363076150
1050,0.425215721,-0.766757071
1051,-0.978436470,-0.389780283
1052,-0.041666429,0.266295701
1053,0.179583982,0.026631311
1054,0.052832335,-1.191201925
1055,-0.725597680,2.291290522
1056,-0.174581438,-0.407378078
1057,-2.296521425,0.124850631
1058,0.454632074,-0.309524775
1059,-0.156116068,0.183635458
1060,-0.303511828,1.184730053
1061,-1.863301039,-0.393670529
1062,0.250879884,0.468435764
1063,-0.053356722,-0.168481767
1064,-0.510540545,0.713991404
1065,0.480414599,1.541402578
1066,-1.360170484,1.792188644
1067,-0.847508192,-0.309897453
1068,0.745674014,0.429084718
1069,-1.147803187,-0.909788907
1070,-0.543866456,-0.057854280
1071,-1.367877245,-0.570801258
1072,0.416996092,-2.497612476
1073,0.116854876,1.093694091
1074,-0.929160118,-0.697991014
1075,0.769326866,-1.016609669
1076,-1.250804901,-1.069013834
1077,1.029225588,-0.952383757
1078,-0.520478725,0.363526464
1079,-1.109238148,0.467632055
1080,-0.468929112,0.125396520
1081,0.937508643,0.321740746
1082,0.632286787,-0.047910091
1083,-0.035492256,-0.546935499
1084,-1.319039106,0.654325545
1085,0.376098156,1.246967077
1086,-0.556519032,-0.137106299
1087,-0.608966649,0.779652297
1088,-1.861024261,-0.048339933
1089,-0.687094271,-0.813428998
1090,-0.542564273,1.495972276
1091,0.980410099,1.768647790
1092,0.158468634,0.022983138
1093,0.921095192,2.386824131
1094,-0.406100690,-0.781828642
1095,1.605507851,-1.599931717
1096,-0.912770867,0.626670659
1097,-0.595835090,-0.441772580
1098,0.430850446,-0.588181138
1099,2.515882730,-1.630274296
1100,2.973954201,-1.916331530
1101,0.207804903,1.091502905
1102,2.591091394,0.189967215
1103,-1.524200320,-1.435756922
1104,-0.459238887,-0.242384970
1105,0.039722875,1.217337012
1106,0.634558439,-0.569494247
1107,0.162118852,1.189032316
1108,0.033948947,-0.169421345
1109,2.455933332,-1.008002877
1110,0.858876705,1.003671527
1111,-0.025437696,0.658668518
1112,-0.927201927,-0.029761389
1113,-0.164332628,-4.101427555
1114,-0.669424057,2.694264650
1115,0.288160950,0.750042856
1116,-0.580725133,0.235424072
1117,0.474029183,-1.922295094
1118,0.816275239,-0.900794029
1119,-0.176908672,0.372266382
1120,0.152117491,-0.881407857
1121,2.550434828,-0.702243745
1122,-0.163212299,-1.041437507
1123,-0.143414497,-0.576876998
1124,-0.048120081,-0.949429274
1125,-2.175783634,-1.015038729
1126,-0.073330916,-0.333722651
1127,-0.355488539,-0.336928487
1128,-1.080153584,0.084496863
1129,-1.373648405,0.238615215
1130,0.598336756,0.636129558
1131,-0.940218687,-1.762632251
1132,0.744519532,2.075127125
1133,-0.377816856,2.600150108
1134,0.325725466,0.021978389
1135,2.101283073,-1.140107989
1136,-2.269021511,-0.626002789
1137,0.125384614,1.326441169
1138,-0.690610647,0.991672695
1139,0.448787630,-0.929322243
1140,0.378197908,0.837661743
1141,1.341534376,-0.146845564
1142,0.926841259,0.847027779
1143,-2.029132843,1.366567612
1144,1.954265594,0.522798717
1145,0.325398773,0.249982908
1146,0.973673880,-2.588858128
1147,0.909556150,0.460241616
1148,-1.500001192,-0.638156414
1149,0.187735915,-1.429598808
1150,-0.159640163,-0.593617976
1151,-1.234447837,-3.708134651
1152,-0.741761506,-0.756372690
1153,-0.710977256,2.725378275
1154,2.259375572,-1.140326142
1155,-0.039273918,-0.764946580
1156,-0.389009327,0.269246519
1157,1.765167117,1.337585449
1158,0.626429737,-1.128900886
1159,-0.417017668,0.963549614
1160,1.334901214,-0.384852111
1161,0.305289686,-0.896107376
1162,-0.902835250,0.503500462
1163,-0.085583642,-1.214980602
1164,0.107692212,-0.188386351
1165,0.077100322,0.459201634
1166,0.592481017,0.609369934
1167,-0.030808449,-1.831617594
1168,-0.518325031,0.501634181
1169,0.327913404,-0.282606840
1170,-1.072493196,1.529096484
1171,0.248991966,-0.716699898
1172,0.664744735,2.075581312
1173,-0.908674479,2.556760788
1174,-1.746733665,-0.082709312
1175,-0.662934780,2.007204056
1176,-0.370691895,2.206772327
1177,-0.080944836,-0.950401306
1178,1.747346282,0.045372635
1179,-1.320051670,1.143470407
1180,-0.167536154,0.252960652
1181,0.229625985,1.801047206
1182,2.064046144,0.193431199
1183,0.931507349,-0.569909513
1184,-0.266390979,0.271834165
1185,1.006471515,0.095593825
1186,0.128875718,-0.188497782
1187,-0.238968551,0.904446125
1188,0.523069263,1.387086868
1189,0.397803992,-0.598508060
1190,-0.405501246,0.212456703
1191,-0.401643634,-0.636823058
1192,-0.165373042,-0.052855194
1193,-0.323740304,-0.170304328
1194,-1.759529471,-0.474513650
1195,-0.615379333,-0.335807502
1196,-0.149669319,-0.908768952
1197,1.892955899,-1.554479003
1198,-0.514588058,-0.757973909
1199,-1.629765272,0.142674416
1200,1.909105301,-0.328691006
1201,0.447199106,-0.177337527
1202,-0.059426352,-0.097060308
1203,0.778495908,1.236418009
1204,0.474162072,-1.122635603
1205,-0.102621846,1.132727146
1206,0.222995922,-0.042258278
1207,-1.074215531,-0.984423816
1208,0.669470251,-0.851771772
1209,0.964417040,-0.397020727
1210,0.793183982,0.386706084
1211,-3.393952131,1.310475349
1212,-1.207615256,-0.670043588
1213,-0.035232283,0.172407597
1214,-2.668477297,-1.028881192
1215,-1.224749207,-0.657394886
1216,-0.533246517,0.516365170
1217,-0.617955327,-1.683851719
1218,0.367901206,0.033376262
1219,0.115691334,0.085537493
1220,-0.312295437,-0.059579682
1221,1.398845077,2.142008781
1222,-0.125403777,-1.084890723
1223,-0.249301553,0.618766010
1224,-0.462205768,-0.520208001
1225,-3.606586933,1.583462000
1226,1.295857310,-0.967656851
1227,0.106664069,0.537692308
1228,0.471597701,1.001891613
1229,1.458803296,0.506308734
1230,0.057324246,0.039906342
1231,-0.611198962,0.168611288
1232,0.602260053,0.755650222
1233,-1.394700766,-0.182535112
1234,1.148296833,0.985074699
1235,-0.148460135,0.096643209
1236,-0.223663434,-0.167732015
1237,-1.269170523,-0.407392979
1238,-0.417962641,0.372161686
1239,0.005033558,0.147177622
1240,3.104998589,-0.088583767
1241,1.395410538,0.417741895
1242,-0.073382825,0.178215429
1243,1.895632744,-0.274337202
1244,1.624637365,0.088927135
1245,-0.725045562,-0.130775079
1246,3.291378021,-0.078742594
1247,-1.475864410,-0.059479654
1248,0.105796620,0.389862508
1249,-1.297291875,-1.724174023
1250,1.781601667,2.605316639
1251,-1.052714586,1.279176354
1252,-1.202282548,0.761777163
1253,-2.210410833,0.035920709
1254,1.093549013,0.999994397
1255,-3.001780033,0.658030272
1256,0.007219649,0.265198886
1257,0.458279312,0.640990794
1258,0.262784839,0.345186174
1259,-0.161695480,0.413545132
1260,-0.838227928,0.956456244
1261,-1.770956397,-0.764306307
1262,-0.041630864,-3.698379517
1263,-1.426436067,3.741904259
1264,0.988675714,-0.626600027
1265,0.437714815,0.387021065
1266,-0.451800287,-0.310129941
1267,-1.270482421,-1.671833992
1268,0.619912863,0.164934635
1269,0.520067871,-2.207173824
1270,1.040302277,1.216223001
1271,-0.073710799,0.616054416
1272,-0.857746482,0.294347733
1273,1.385368824,0.235735357
1274,-0.042531025,-0.295569509
1275,-0.506514013,-3.091029167
1276,0.123874515,-0.197936371
1277,-1.930069327,1.065916181
1278,-0.876511812,-0.196166396
1279,0.180491537,0.155841365
1280,-0.699196339,0.681116223
1281,0.038553976,1.149028540
1282,-0.652976453,0.225720167
1283,0.898282528,1.599375248
1284,-0.202169955,0.282202184
1285,0.129656091,-0.173171967
1286,-0.405799061,-0.997322857
1287,1.445330143,-2.386981964
1288,0.920187771,-1.453653336
1289,1.473603725,0.129423469
1290,-0.654570937,-0.030733518
1291,0.199012220,0.472588301
1292,-1.009712219,0.327859521
1293,-1.341273665,-0.387331218
1294,-0.568238735,1.162392735
1295,0.348950207,-0.311744213
1296,4.213177681,-1.077739716
1297,0.503137946,-0.106825002
1298,-0.323402792,-1.204350829
1299,-0.320108384,0.224342853
1300,1.436439514,-0.890226483
1301,2.007921696,-1.024867535
1302,0.360710055,0.849967122
1303,0.158589542,0.696823537
1304,0.931424320,-1.753000140
1305,-0.428196907,1.062825680
1306,-1.621474981,-0.312949598
1307,-0.784109473,-0.909278274
1308,1.352083802,-1.597130895
1309,1.027532816,0.968765855
1310,-1.014161229,3.030834198
1311,2.196444750,-1.988477707
1312,0.799408078,-0.574383497
1313,0.501176953,1.565793514
1314,0.364264578,1.979846835
1315,0.767349839,-0.382131964
1316,1.153696537,0.047004342
1317,0.010460459,-0.305282861
1318,1.696011901,1.374800324
1319,1.972629547,-1.765022039
1320,-2.181045294,-0.111861318
1321,0.974484265,0.074533284
1322,0.374372959,-0.800760210
1323,-0.564687014,1.262534618
1324,-0.562004089,0.821809530
1325,0.276849866,-0.223853827
1326,-0.144972622,-0.977486134
1327,-0.423526824,-0.975558639
1328,-0.247049093,0.093248069
1329,3.326726198,1.748060703
1330,0.089914560,1.506081104
1331,-0.493977249,0.427497506
1332,1.780662298,-1.564980507
1333,0.314629495,-0.750779808
1334,0.599576294,0.090407625
1335,2.824983597,2.834499121
1336,-0.797861874,0.774478495
1337,-2.184804201,1.307550311
1338,0.275508642,0.024607528
1339,-0.044164885,-0.105562739
1340,0.222491264,0.119820103
1341,-1.546945333,-1.832194448
1342,-0.422552407,-2.055858850
1343,2.240462780,-1.660576582
1344,0.985823095,-0.151316226
1345,-2.858022690,1.015554667
1346,-1.574718595,0.607621849
1347,-0.646571040,0.951830626
1348,2.284593582,1.463450551
1349,1.320147753,0.161504343
1350,0.300994933,1.088862300
1351,1.096288204,-2.074277401
1352,1.272645950,-0.352768928
1353,0.029517531,-0.223721921
1354,-3.148329020,1.811355114
1355,-1.331679344,-0.920801282
1356,-0.846799672,-0.350489408
1357,-0.737541020,-1.014916182
1358,1.204138517,-1.155464053
1359,0.090433255,0.246764511
1360,-0.733214200,0.182833716
1361,1.036201239,0.188394636
1362,0.188647002,0.432956606
1363,2.971150637,-0.720959902
1364,-0.547420979,-0.723242939
1365,-0.156025603,-0.371456236
1366,0.637695849,-1.003915071
1367,-1.275825620,0.063250080
1368,0.750900984,-0.365546107
1369,0.482163936,-0.863208890
1370,1.378748894,1.367997169
1371,-1.392684102,-0.436375588
1372,2.331071377,2.376071930
1373,0.215504214,0.061320409
1374,-0.398053706,0.007003136
1375,1.076850295,2.248520613
1376,-0.126179069,-0.257209837
1377,-0.115719646,0.031250831
1378,-0.536877155,-0.878491402
1379,-0.116611376,0.561554015
1380,-1.439252257,0.034759194
1381,0.193574592,-1.391214967
1382,-1.270284653,-0.314357877
1383,-0.250461668,-0.059181053
1384,0.502180994,0.293937951
1385,1.151176929,0.484847635
1386,0.628284633,-0.701541722
1387,0.902529716,1.111850977
1388,-1.097920418,0.290367305
1389,-0.002003551,0.623769641
1390,-0.944003880,1.008448124
1391,-0.149384022,-0.090929091
1392,-0.375890970,-2.073537111
1393,1.769513845,0.655531943
1394,-1.042938590,0.652331114
1395,-0.130389512,0.872398913
1396,-0.138936937,0.445623666
1397,0.410290509,-0.324893445
1398,0.906566978,-0.768502533
1399,0.333620489,0.478370726
1400,-0.015144697,0.425890356
1401,0.933587074,-0.549479365
1402,-0.463876456,-0.053500548
1403,-0.856640160,3.342256308
1404,-0.114361703,-0.757005513
1405,0.717085540,0.282216698
1406,0.998142838,-2.545616150
1407,0.092799470,-0.330280691
1408,-0.343022555,1.409265280
1409,1.527036667,1.601079822
1410,-0.886357069,1.804652929
1411,-1.923745036,-0.321101129
1412,-1.907163620,-0.732427776
1413,-1.409110785,-1.452285051
1414,1.651196003,-1.126314759
1415,0.240118161,0.333809614
1416,-3.219786167,0.715222836
1417,0.846288860,-0.025589701
1418,-0.166295052,-0.403949916
1419,0.155316770,-2.508390903
1420,0.275108039,0.902396083
1421,-0.198149830,2.326924801
1422,1.331442595,0.483276844
1423,0.865035653,0.565240502
1424,-0.839995146,2.415808439
1425,3.511887074,-1.908592343
1426,0.402180910,-0.283874154
1427,-0.878408134,0.585480928
1428,-0.119546145,-0.100626998
1429,0.985043526,-1.961425066
1430,-0.890172005,-0.950323224
1431,0.580570459,-0.474219382
1432,-0.498946160,1.280293584
1433,0.867036879,-1.078336477
1434,-0.237177491,-0.861483335
1435,-0.014352785,0.214852571
1436,0.986813188,-0.995598376
1437,-1.876204967,1.877768040
1438,0.018599808,0.610950470
1439,-0.480486035,0.183033347
1440,-0.813096642,-0.996070921
1441,-0.657107472,-0.658465087
1442,-2.275103331,-0.167979717
1443,-0.384478986,-0.182927310
1444,1.469012022,-0.290230393
1445,-0.841263711,1.056077003
1446,-0.531137347,-0.909402609
1447,0.480331033,0.770414472
1448,-1.519299865,-0.860215068
1449,-1.844567180,0.023208871
1450,-0.361920118,-0.070862629
1451,-3.223023891,0.293302298
1452,-1.713053942,1.143255234
1453,2.795978069,1.568658590
1454,-0.297578514,-2.026186228
1455,1.301863432,-0.081228286
1456,1.025598764,-0.656349659
1457,0.382948339,-0.499965250
1458,0.350000739,0.118142530
1459,-0.795380712,0.324410319
1460,0.440207720,0.768609107
1461,-1.376433730,-0.525170624
1462,2.080991745,0.107641876
1463,1.160335779,2.436542034
1464,-2.523835182,-0.100137711
1465,-0.956045747,-1.581837654
1466,-0.641230643,0.567201555
1467,-0.118079454,-0.266440451
1468,1.350580454,0.015539415
1469,0.379140407,0.132563666
1470,0.658354342,-1.057187557
1471,0.217898086,-0.433270276
1472,1.393489003,-0.756299615
1473,-0.217288464,-0.385597944
1474,0.215180025,0.096375018
1475,-0.410725266,0.813804150
1476,1.735566854,-1.067526937
1477,-0.483101368,-1.279821277
1478,0.788956106,0.932261348
1479,0.478312761,-0.705530643
1480,-0.545227468,-1.576944351
1481,0.193482280,0.453154445
1482,0.255954981,-0.026060475
1483,0.968230784,-0.469497859
1484,-0.497555852,-2.701850891
1485,0.302065253,-1.159219027
1486,0.985416830,-1.479833722
1487,-0.034612048,-0.183546990
1488,-0.202957556,-0.766767621
1489,-0.441750646,-0.557143807
1490,-0.386389136,-0.521723926
1491,0.234756470,-0.195011765
1492,1.038095593,0.487860173
1493,-2.113227606,2.053401232
1494,0.406946003,-0.970656037
1495,-0.302196980,0.595899582
1496,-0.254535794,-0.505948782
1497,-1.759638548,-0.366197497
1498,-0.969994962,0.469257653
1499,-0.067636900,-0.210362732
1500,-0.027287304,-0.740569949
1501,1.376186252,-0.616017818
1502,2.652484417,0.615292788
1503,0.187723577,1.774336815
1504,-0.665411353,2.686848879
1505,0.105583608,1.838145018
1506,-0.209646583,-0.302834153
1507,0.068696320,0.708576679
1508,0.518800795,-0.061328784
1509,0.301693201,-0.272194117
1510,-0.231186658,0.049443189
1511,0.886541545,0.640092075
1512,-0.915203094,-0.527569413
1513,-0.144114196,-0.785864532
1514,-2.116599321,1.328840375
1515,0.381353289,0.675138950
1516,-1.643772364,-1.301601887
1517,0.023939097,0.168222457
1518,0.328964531,0.424434423
1519,-1.365211487,0.521853268
1520,-0.255542517,-1.210084319
1521,-0.727847934,0.154871851
1522,0.143245980,0.270767570
1523,0.414492816,-0.253206253
1524,-0.446902990,1.097986937
1525,0.359022915,-0.492627382
1526,1.058124542,-0.390055388
1527,-0.093197301,1.459121704
1528,-0.467306226,-0.425572127
1529,-0.942135751,0.145194113
1530,-0.850350618,0.005768597
1531,0.496543884,-1.880221963
1532,-2.885117292,-0.309554338
1533,-1.684402704,-0.459583998
1534,1.172748327,-0.598193288
1535,0.497952998,1.484167337
1536,1.185741067,-2.553133011
1537,0.420506537,1.741047621
1538,2.273002148,2.348042011
1539,1.241467834,3.306444883
1540,-0.717813671,0.713348746
1541,-0.580438495,-0.611580312
1542,-0.471235633,1.391524076
1543,-0.733206213,-0.275117397
1544,-0.535428166,1.394300103
1545,-0.967246652,-0.305205405
1546,0.463448346,0.421323150
1547,-0.943047106,-0.716873586
1548,0.217697233,-0.218112305
1549,0.541371584,-0.333937258
1550,-3.394154549,0.113284945
1551,0.467483670,1.246662617
1552,1.068848252,1.198979378
1553,-0.643111169,0.083252907
1554,-0.013759200,1.223189354
1555,-0.597118676,2.374081373
1556,-2.051134109,-1.000885129
1557,1.446947455,0.387582660
1558,0.802509427,-1.035446405
1559,2.471314907,0.466527075
1560,2.673260450,-0.193579614
1561,-2.306587219,-1.904116750
1562,-0.400898874,1.129669666
1563,-0.154435277,1.311604619
1564,2.155557394,-2.233410358
1565,2.877668858,1.692015171
1566,0.152766436,0.613398314
1567,-0.492587090,0.560301185
1568,-0.484909415,-2.776844025
1569,0.584893703,-0.574185848
1570,0.748869300,2.053041697
1571,1.589962602,-2.854912281
1572,-0.118629210,0.482612610
1573,-0.260730475,0.335324109
1574,-1.446601868,-2.371831656
1575,0.137704834,0.454494834
1576,0.052418947,-0.873296022
1577,-1.147760868,-0.342776179
1578,-1.410897255,-0.461009622
1579,-0.338997602,0.854569972
1580,-0.031581871,-1.105345726
1581,1.105919003,0.443303347
1582,-0.943210244,0.773548365
1583,1.152258158,-0.848509789
1584,-0.751769781,-2.147264004
1585,0.372560769,-1.564095140
1586,-0.872303843,0.906683087
1587,-0.314912975,-2.109946251
1588,1.524575949,0.075915873
1589,-0.559570193,-0.190813854
1590,0.501193643,1.029652238
1591,0.612443209,0.507861853
1592,-0.081264526,-0.145855278
1593,0.316453189,-0.530963898
1594,-0.386533141,1.038073778
1595,2.398324251,1.248775363
1596,0.724479079,0.997135341
1597,-0.892750680,-0.947157085
1598,-0.111025140,0.790907025
1599,-0.177155733,0.421629608
1600,0.162729219,0.147834629
1601,0.811490893,-0.812483847
1602,-0.796940029,-1.070288897
1603,-0.343768060,-0.506289721
1604,-0.700531840,-0.594190896
1605,0.954006910,-0.150966570
1606,1.196036577,2.278339624
1607,-0.586204886,-0.157627821
1608,0.516744316,-0.468493938
1609,-0.137166664,-0.429346502
1610,0.742386281,-0.068202905
1611,-0.700096369,-1.048494339
1612,-0.464635223,-0.278544694
1613,0.837804377,0.603083432
1614,0.037462387,0.180791572
1615,-0.817815483,-1.796544075
1616,-2.505149841,-0.561673045
1617,1.457896352,-1.282900810
1618,-1.707595229,-1.001145840
1619,-0.617172420,0.595406175
1620,-1.456683397,-0.095615268
1621,-0.210250795,0.319749981
1622,0.881071448,0.282051176
1623,0.136255711,-0.190215781
1624,1.604119182,1.550708055
1625,-0.376872718,0.048704036
1626,-1.384752035,-1.754220247
1627,1.795501232,0.731619895
1628,-2.158469200,-0.409174383
1629,0.064909816,-0.642036676
1630,-1.267739296,-0.484850824
1631,-2.033556700,0.770007133
1632,0.706219971,-0.107431382
1633,-0.129809976,0.083470255
1634,-1.248695135,-1.063721061
1635,0.394237220,1.495365739
1636,2.149430037,3.129561186
1637,1.320845127,-0.576376081
1638,0.907430470,3.621028900
1639,-1.056130171,0.151615322
1640,-0.312808037,-2.964718103
1641,0.268120557,0.223344594
1642,-0.209088206,0.573600292
1643,-0.241752863,-0.559026241
1644,-0.335592598,0.449746728
1645,-0.426418722,1.175755978
1646,-1.103991151,1.129173040
1647,1.229425073,-0.046173479
1648,-0.883058965,0.469558060
1649,1.571431160,-1.114777565
1650,0.547027349,-0.594305396
1651,0.210465789,0.448307753
1652,0.717227459,-0.768632889
1653,-0.820434332,0.548380971
1654,-0.105783671,-0.596818864
1655,0.197356880,-1.477999687
1656,-0.436415464,0.272189021
1657,-0.291066468,-0.067399703
1658,-0.633714914,-0.848476052
1659,0.614381194,0.879126549
1660,3.594560146,0.092162549
1661,0.998519301,-0.325699806
1662,0.892007291,-0.032536477
1663,-0.195980787,-2.242521286
1664,-0.228798747,-1.287168264
1665,2.202633381,-1.126238942
1666,0.406614929,-0.181603566
1667,-0.008453509,1.872964144
1668,0.451950788,-0.556240797
1669,-0.690425336,1.005837798
1670,0.176255107,-0.252430111
1671,-0.166082829,-0.021394135
1672,2.278133631,-1.249664307
1673,-0.349586397,-0.586029232
1674,-0.156758323,-0.356869698
1675,0.813632011,-0.543280423
1676,-0.258465409,-0.112407535
1677,-1.066912770,1.017202258
1678,0.046833668,0.021838764
1679,-1.145854235,0.418121397
1680,-0.389207065,-0.877406359
1681,-0.323468566,-0.082546264
1682,1.426505327,1.408691406
1683,-0.400993317,0.381108493
1684,0.187840089,0.417092532
1685,1.065755486,1.973775148
1686,-1.628717899,0.824234843
1687,0.051874675,-0.154694036
1688,0.007859766,-0.548207641
1689,-1.260600805,0.205238342
1690,-3.899558544,1.767022967
1691,-0.680648863,-0.936921120
1692,2.623214722,-1.087301970
1693,-0.573195457,-0.476365924
1694,0.009375609,0.598834634
1695,0.940039814,4.960944653
1696,-1.036328077,-0.863220751
1697,-0.209172234,0.446543097
1698,-1.981299877,0.948524594
1699,0.322048903,-0.159269899
1700,0.814984679,3.241143942
1701,0.417041898,-0.305403590
1702,-0.656011343,-0.912056386
1703,-0.100229159,-0.135819554
1704,0.614920378,-2.053382397
1705,-1.876167774,0.818085074
1706,0.763731122,1.874781728
1707,1.056602001,0.350613236
1708,-0.547364116,-1.527645707
1709,1.683379531,-1.075018525
1710,-0.265686184,-1.460852742
1711,-0.162920922,0.051767319
1712,0.185553551,-1.121203661
1713,0.420277387,0.312193274
1714,3.158513784,-1.142797470
1715,0.290144444,-0.457961321
1716,-0.121167988,-0.155422419
1717,-0.295639098,-1.596265793
1718,-1.252725959,0.489539683
1719,0.649995923,-1.041713595
1720,-0.534692764,1.334765673
1721,-0.779083610,-0.147400126
1722,1.096696496,0.249549195
1723,0.315419972,-0.270162344
1724,-0.638330162,-1.370953560
1725,-0.041030496,-0.552761078
1726,2.092160225,1.387788892
1727,0.511177540,-1.016949773
1728,0.287837714,0.129031599
1729,-0.084861569,-0.105460808
1730,-1.333809376,-1.404499173
1731,0.241591841,0.050750121
1732,-2.829670429,-2.715089798
1733,1.001057029,-1.819524765
1734,1.951173663,-0.174488917
1735,-0.430095255,0.890590191
1736,1.394607663,0.223376393
1737,-0.970314384,1.155767322
1738,-0.936315596,0.954476833
1739,-0.807892561,1.585688949
1740,-0.296344250,1.161810875
1741,-1.509335279,-0.605667651
1742,-1.698484063,1.701586366
1743,-0.422472000,-0.529183567
1744,0.594992161,-0.147353932
1745,2.607259512,-2.683108568
1746,-0.160704866,0.157413080
1747,-1.164864063,2.049805164
1748,0.296460450,0.207743675
1749,0.534446359,0.228743464
1750,0.052567750,-0.363735378
1751,0.437822282,0.257664859
1752,-0.103366435,-0.695357740
1753,0.159584701,-0.625742316
1754,0.125888944,3.288307905
1755,1.023516893,0.442609191
1756,-1.280735970,-1.278046131
1757,-0.545088112,2.507582426
1758,-0.228444934,-0.769732833
1759,0.326325357,-0.685289145
1760,-1.453863263,1.735614896
1761,1.076116920,-0.880089641
1762,0.145375952,-0.179270446
1763,1.164052010,-0.673773587
1764,-2.076620340,-0.544256389
1765,-0.336021215,0.334762156
1766,0.037090641,0.929417014
1767,-1.120636344,0.867480636
1768,3.445524216,-0.414464116
1769,-0.093592674,-0.181662410
1770,-1.353402138,-1.787395239
1771,-2.177686214,2.038646698
1772,1.609423280,0.810625792
1773,0.093351454,-0.121336505
1774,0.510950923,2.124309301
1775,3.533329487,-1.171043754
1776,-0.494236827,0.251146346
1777,0.864359140,-0.708743095
1778,0.649783313,-0.536500454
1779,-0.355563164,-0.993888259
1780,-0.548729539,2.357249260
1781,-0.195573509,-0.400754929
1782,0.221874833,0.426783085
1783,-0.404705942,-1.035445929
1784,-0.687222719,1.019993067
1785,0.767898083,0.593444049
1786,-0.132463336,-3.261109829
1787,1.256019831,-2.208582878
1788,-0.529201627,-1.267211437
1789,1.903254032,-0.754882634
1790,-0.569896281,0.125681162
1791,-0.898484230,-1.107519507
1792,-0.119588897,-0.034316376
1793,0.002525806,-3.241590738
1794,0.797473073,0.539269090
1795,0.610463440,2.033387661
1796,1.438452601,1.086766601
1797,0.838973403,0.266943008
1798,0.794734120,0.585647941
1799,1.027231455,-0.533051312
1800,-0.609887064,0.305094182
1801,-0.202045590,-0.218452215
1802,-0.543216467,0.012774393
1803,-1.110493898,1.474578619
1804,-0.430749774,-0.586704552
1805,0.603833258,0.447080165
1806,0.430439502,1.519245386
1807,-0.346500278,-0.361739367
1808,0.047360890,0.303248376
1809,0.022907898,0.431703240
1810,0.452214211,-0.896719694
1811,-1.096855164,-1.371925235
1812,-0.068178959,-0.191735685
1813,0.049448065,-0.158108354
1814,1.330046058,-0.868202329
1815,-0.070493996,-1.005632043
1816,-2.195043564,1.100674391
1817,0.958021879,-1.581131697
1818,-0.278933227,1.138412237
1819,-0.187817052,-0.339346707
1820,-1.052927732,0.748365641
1821,1.148351312,0.353412628
1822,-0.142763853,0.757661402
1823,1.153461695,1.123314500
1824,-1.235251188,-0.122516952
1825,-0.160103023,0.145193398
1826,1.499808908,1.030230165
1827,-1.920044184,-1.093672752
1828,0.454181254,-1.249012589
1829,0.228558511,0.458439738
1830,1.884441376,0.118134841
1831,0.599319339,1.455565333
1832,1.253150225,-1.027015686
1833,0.373337269,0.484599739
1834,-0.232541248,0.524651110
1835,0.315759301,-0.360422999
1836,-1.929830909,0.783465087
1837,-0.587435305,-1.536700964
1838,-1.981111765,0.435210586
1839,-0.026218861,-0.375473976
1840,-0.229692757,-0.823878288
1841,-0.819988370,0.575337529
1842,-0.793796778,0.043944508
1843,-0.899462759,-0.346648633
1844,-0.715777636,-1.396447897
1845,0.425618678,2.051849127
1846,-0.208583415,-0.265592992
1847,-0.922308743,0.364638507
1848,-3.295186281,-1.530793905
1849,1.295196056,0.508061886
1850,-0.077439815,-0.357285619
1851,0.440058649,0.496970832
1852,0.119865462,0.548623204
1853,-0.534372449,-0.289976597
1854,-0.670694053,-2.760365963
1855,0.388115019,-0.014612447
1856,-0.859764814,-0.222106040
1857,-1.224781156,-1.660588622
1858,0.277160406,-0.761435747
1859,-2.011559010,1.933914900
1860,0.872937322,0.309187770
1861,0.380362153,-3.058636665
1862,-0.200287491,-1.215468884
1863,1.392801762,-2.362665415
1864,0.233494624,0.519366443
1865,-1.454842091,-0.714228749
1866,-1.504252672,-1.735668778
1867,-0.434059620,0.537357152
1868,-0.261042178,-0.090623908
1869,1.429165602,-1.034304738
1870,1.092656732,-0.406595439
1871,-0.307240367,0.237739444
1872,-0.058451623,-1.498082399
1873,0.480429173,-1.382228255
1874,-0.589325547,0.453623652
1875,-0.409505010,3.178376913
1876,-0.279910922,-0.253603011
1877,0.474645317,0.813616872
1878,-1.568120837,0.302935362
1879,0.778878689,0.813395619
1880,-0.237548053,0.097039573
1881,-1.564113736,1.062523842
1882,-0.341089219,-0.298827112
1883,0.154136986,-0.264942348
1884,-0.932511806,0.450826019
1885,0.708017349,0.001491666
1886,-0.975916147,-0.967615664
1887,-0.878767133,0.200941831
1888,-0.206237331,2.126064539
1889,0.194168389,-0.355159819
1890,-2.370150328,1.717932701
1891,-2.439283371,-0.635143399
1892,0.275029659,-1.631038070
1893,0.640930057,0.419112325
1894,-0.622332871,-0.270666391
1895,1.029680371,-0.895480871
1896,0.378528357,0.422966123
1897,-0.384417832,-0.282278448
1898,-0.622406483,-2.352524281
1899,-0.933128774,0.273434639
1900,-2.446955681,1.196169138
1901,2.379083395,0.351760209
1902,-1.315585852,-1.351387501
1903,-0.637402773,-0.089882188
1904,-1.881575346,-1.139608264
1905,-0.131115571,-0.336014569
1906,1.319624186,-0.969733417
1907,-0.471324861,-0.165031493
1908,1.252128005,-0.135435581
1909,0.839415610,-0.611848474
1910,0.156396240,0.741870940
1911,0.081546195,0.116233729
1912,0.434420019,-0.081031986
1913,0.376795083,-0.594824314
1914,-1.559629679,0.280843854
1915,-0.853232741,0.780199766
1916,0.742735267,0.467386425
1917,0.799530566,-0.024287570
1918,-0.105528474,0.960833251
1919,-0.034156132,0.913721502
1920,1.366114140,-1.058918357
1921,0.275576591,-1.705872536
1922,-1.353741646,0.601739347
1923,-0.762416482,-0.119230717
1924,-0.241935074,-0.092670411
1925,0.632789969,0.124572992
1926,2.812744141,0.567388594
1927,-0.214360684,-0.050296001
1928,0.583234608,1.804767370
1929,0.405104458,0.039357051
1930,-1.381666183,-0.530663967
1931,-0.952335835,-1.419198275
1932,2.041054249,1.949826241
1933,0.716485441,0.413351208
1934,-0.126513362,-0.774812102
1935,-1.616704226,2.465277672
1936,-1.074412823,1.405722618
1937,-1.183295012,0.015902340
1938,1.243895054,0.380418420
1939,-0.658080101,-0.455937356
1940,-0.248861402,0.336506754
1941,0.422065496,-0.856371105
1942,-1.577442527,-0.433286577
1943,1.000675559,1.145684004
1944,-1.102137089,0.198444158
1945,1.449931622,0.907016754
1946,0.527751803,0.470139056
1947,0.467022061,-0.236775368
1948,1.354905128,0.790309608
1949,2.451769352,1.102984309
1950,1.581718206,-1.414389610
1951,-0.097094499,-0.145718873
1952,0.240016237,1.352292776
1953,-0.279962152,0.614824116
1954,1.404953718,-0.974458694
1955,-1.832912922,1.426259995
1956,-1.439494491,-0.719491243
1957,0.836219728,1.831131697
1958,-0.380112529,-0.309636891
1959,2.511237621,0.736987710
1960,-0.291886121,0.078760147
1961,0.208160162,-1.643290281
1962,0.101193756,-0.886588216
1963,-0.561826825,-0.047060609
1964,-0.290759027,-0.339610994
1965,0.438913047,1.150811195
1966,0.194094747,-0.192215279
1967,1.103979349,2.065769196
1968,0.306157470,-0.695217788
1969,-1.523505211,-0.093446255
1970,-0.769899964,1.290754795
1971,-0.175985903,0.679203033
1972,0.035166740,-0.529948592
1973,-0.474307120,-0.920341671
1974,-0.774379313,0.883490026
1975,2.624809742,-0.781881452
1976,-0.116007566,-0.147739857
1977,-1.009415388,-0.337404311
1978,0.151472509,-2.314109087
1979,-0.092304468,1.473487735
1980,-0.411437690,-0.731989384
1981,-0.675233185,1.182345748
1982,-0.754655898,1.108327389
1983,-0.609309077,0.417885095
1984,-1.235643864,-0.095913872
1985,0.065048173,-0.503615201
1986,3.113384724,1.058321834
1987,-1.981682181,1.740162015
1988,-0.114338756,0.811100900
1989,-0.063412458,0.298650444
1990,-0.834320426,-0.498202324
1991,0.170364723,0.258296221
1992,0.514658153,0.615862966
1993,0.834214330,-2.549034357
1994,0.020467713,0.089758635
1995,-1.043902397,-0.207747638
1996,0.738131583,0.081732452
1997,0.300154984,0.473461866
1998,0.272145778,0.105406202
1999,-2.482098579,1.059047580
2000,0.672380328,-0.193669409
2001,0.963216245,-0.764829636
2002,-0.864108026,0.388729453
2003,-0.530596673,-1.380722046
2004,0.112132639,0.161023408
2005,0.120642543,-1.336696267
2006,0.042736292,-0.034789205
2007,0.731548488,-0.646914899
2008,-0.777334332,-0.124466091
2009,0.530190647,-0.633668125
2010,-1.732241511,0.755725503
2011,-1.003439426,0.100064561
2012,-0.111388057,-0.583251417
2013,0.274520636,0.576502502
2014,-1.328957558,1.946555376
2015,2.000886917,-2.783788204
2016,0.327875167,-0.877626419
2017,-2.267813444,-0.260362625
2018,-0.596857727,-0.361131340
2019,0.600112081,1.574659705
2020,1.180475831,-2.610788584
2021,-0.397807956,0.187090963
2022,0.272905171,-0.370423496
2023,0.827574074,-0.290173888
2024,-0.889483333,-1.029225945
2025,2.177164555,2.659750938
2026,0.339601338,0.909223735
2027,-0.012316629,-0.322953790
2028,-0.568423629,0.270378500
2029,-0.945531011,-0.475000024
2030,-0.023955572,0.168065429
2031,1.337863803,-1.451001406
2032,0.349546164,-0.154040232
2033,0.207218826,-1.162180901
2034,1.714801908,0.138275802
2035,0.945719898,-1.967015862
2036,0.620406747,-0.656159163
2037,-4.633407593,-1.402165890
2038,-0.946730077,0.140629545
2039,0.384687722,-0.078564122
2040,0.017349303,-0.092975974
2041,0.614972353,-1.848001242
2042,-0.920883298,0.009190679
2043,0.293032914,0.467089713
2044,-0.252544343,0.206057504
2045,0.171180010,-1.266020775
2046,-0.771969676,-0.183107674
2047,0.091029897,-0.577720702
2048,-0.145949855,0.248104423
2049,-0.274709225,-2.633682251
2050,0.557634950,-0.606989086
2051,0.879164457,-1.121086001
2052,0.132173374,-0.152176708
2053,0.351083457,0.349831939
2054,-0.155838668,0.143540263
2055,0.478604347,4.884755611
2056,0.810621679,1.394072533
2057,0.247403130,0.846496820
2058,-0.076192260,-1.722926378
2059,-0.802939177,-0.314110309
2060,2.109455824,-1.045102477
2061,-2.011062145,1.307348251
2062,0.389513135,-0.333178103
2063,0.287698001,0.085998580
2064,-0.586107314,1.343286037
2065,-0.893160105,-1.399793386
2066,-1.569108605,1.363434315
2067,1.536968827,1.112868428
2068,0.229896426,0.275333762
2069,-0.742923617,-1.030791044
2070,-0.435153008,1.320495129
2071,-1.745094657,-0.797885180
2072,0.706603467,0.351767123
2073,-0.980678260,1.552563429
2074,-0.382155567,-2.223776340
2075,0.026428595,1.082628369
2076,-0.778152585,-0.410612106
2077,-0.962999940,0.665519536
2078,0.040667158,0.548281550
2079,-0.220288306,0.636164546
2080,1.879745364,0.955581844
2081,-0.165033892,2.119988441
2082,-0.704115033,-0.770995736
2083,0.088764273,0.182781875
2084,-0.220132992,0.230765015
2085,-0.321744531,0.317616373
2086,-0.971152306,1.733620763
2087,0.145973533,-0.200187743
2088,-0.686483443,-1.525441885
2089,1.295428514,-1.015919685
2090,-1.967268944,-1.018967390
2091,0.078882307,-0.419518232
2092,-2.761531830,0.351214409
2093,-2.063210726,0.914701819
2094,0.668771744,0.881789804
2095,-0.084552117,0.218468443
2096,-0.127419576,0.874667466
2097,1.449237585,-2.028046846
2098,-0.603056014,-0.434943855
2099,1.773750186,-0.843894780
2100,-0.071851015,1.492853999
2101,-0.127629280,2.362591505
2102,2.084420204,0.260250509
2103,-0.579574108,4.635090351
2104,-0.387080699,1.954363108
2105,2.432944775,-0.227151051
2106,-1.089578390,1.416009903
2107,-0.724164784,1.360429525
2108,-1.373937964,0.474683285
2109,0.530362666,-0.019066431
2110,0.039669737,2.510582209
2111,0.230152845,1.250799179
2112,-0.627120376,-0.075136438
2113,0.475631416,-0.899249494
2114,-0.321975470,0.867815197
2115,0.589296818,-0.733809292
2116,0.527386963,-1.187924862
2117,-0.575734377,-2.137613773
2118,0.071036339,-2.818473101
2119,-1.503226280,0.993186951
2120,1.955609322,0.140985459
2121,-2.878618240,-0.934166253
2122,-0.237266451,0.559324086
2123,-0.001091793,2.893849373
2124,-0.582857609,0.362972319
2125,0.963763952,-0.301460147
2126,2.862385988,4.253776073
2127,0.062615693,-0.981700122
2128,1.178483725,-0.640238583
2129,-1.335401773,0.023896396
2130,0.953809977,-1.332180142
2131,0.851095915,-0.629229546
2132,1.407162905,1.122408152
2133,-0.850192785,0.428134203
2134,-0.724836409,0.226794064
2135,-2.530970097,-1.316487551
2136,1.250919580,-0.875313461
2137,2.572106838,1.571886539
2138,1.586520195,-0.147879660
2139,-0.312381178,-0.113660447
2140,-2.186220407,0.327317357
2141,-0.136893839,-1.006629348
2142,-0.861793816,0.617048025
2143,0.321255535,-0.032374483
2144,-2.850524187,-0.222097516
2145,-0.798723400,-0.027757362
2146,0.223316729,-0.116883479
2147,0.487136960,0.722634315
2148,0.110520445,1.869184494
2149,2.357614279,-1.289471388
2150,-1.087318540,-2.419632435
2151,0.031571165,0.593735516
2152,-1.232419372,-0.200356409
2153,-2.512644291,-1.266840219
2154,-0.451160550,-0.700903773
2155,1.619982600,2.167485237
2156,0.809635818,-0.092127480
2157,0.109220743,-0.591873586
2158,-0.143714443,-0.478936791
2159,0.951175511,-1.960124969
2160,0.258701116,0.549976945
2161,-0.079963334,1.014575601
2162,0.904474795,0.246965885
2163,2.288157701,1.491263986
2164,-0.048230693,0.996073842
2165,0.263204783,1.145365238
2166,-0.494284570,1.678297639
2167,-0.721294701,-1.368261695
2168,-0.444614172,0.272417814
2169,-2.624220371,0.175940514
2170,1.190781832,-2.037453413
2171,-1.445776701,1.270033836
2172,0.417847395,-1.519111156
2173,-0.154919505,0.258969158
2174,-0.636510611,1.397572994
2175,1.200273752,2.850161791
2176,-0.580301702,0.281399250
2177,1.586620450,0.472235858
2178,-1.156530380,0.699039698
2179,-0.077906042,-1.188440084
2180,0.426299810,-1.090206742
2181,-1.119060278,-0.633721471
2182,-0.494066775,-1.770857453
2183,-0.919782937,-2.182424068
2184,1.536513329,1.551214695
2185,-1.508486032,4.590521336
2186,-0.671456099,0.725796759
2187,-0.471320063,-0.729781747
2188,0.121825591,0.312544286
2189,-0.100613862,0.256869882
2190,0.769736707,0.650623322
2191,0.433035433,0.422436178
2192,-0.841845870,0.290217698
2193,-2.984790802,-2.485847712
2194,-1.398509622,-0.567510545
2195,-0.102245457,-0.227695554
2196,0.721883535,0.016012274
2197,-0.658943474,0.233662039
2198,0.880677700,0.072994210
2199,-1.074390888,-1.979020000
2200,-1.474549055,0.472603470
2201,-1.100688577,-0.415847570
2202,-1.045974255,-0.634473324
2203,0.470838428,-0.043293349
2204,-2.202638388,0.427234352
2205,-2.246001720,0.414817035
2206,0.992164254,1.304860115
2207,0.829570174,-0.930974662
2208,-0.579344869,0.008105457
2209,-1.643853664,0.079691648
2210,-3.022240639,-0.058561027
2211,-0.500731051,-1.070468903
2212,0.623452604,2.982568264
2213,-0.731526911,0.150828928
2214,0.001475155,-1.829792023
2215,0.844438672,-0.898447096
2216,0.046895359,0.647994101
2217,-0.271444976,0.265092939
2218,-0.840174377,-1.838112354
2219,-0.398447931,-1.167011023
2220,-0.759264529,-1.060718060
2221,-0.669779360,-1.786270261
2222,-0.889220238,2.131728649
2223,-0.218742579,1.697654366
2224,1.784485102,-0.015188485
2225,-0.600425005,0.330794722
2226,-0.309050441,-1.087888002
2227,0.437761158,0.130035460
2228,-0.003810272,1.491558194
2229,-1.268646598,-0.514350355
2230,0.307995915,0.043427482
2231,1.058153868,2.772763729
2232,0.519359589,1.333532095
2233,0.133309186,0.036362991
2234,0.294519663,1.417662144
2235,0.161590964,0.073315889
2236,-0.447177738,1.162083149
2237,1.679700375,0.931215525
2238,-2.134886265,-0.806135476
2239,-0.856046319,1.364734173
2240,0.854986191,0.933292150
2241,0.282854915,0.688309848
2242,0.330769718,-0.033909012
2243,0.515294194,-0.313425332
2244,-0.713918984,0.326717436
2245,-0.365827084,-0.040510163
2246,-0.832635880,1.408515692
2247,-3.064003944,-1.869057417
2248,1.912883282,-4.124143124
2249,-0.992852926,-1.338242054
2250,1.991690159,-0.640260220
2251,1.640180707,2.276554108
2252,-1.047134995,1.887741804
2253,0.051178001,0.412279069
2254,0.281093508,0.015548224
2255,-0.070134401,-1.397900581
2256,0.081440419,0.838254869
2257,-0.244890690,-0.419089317
2258,0.197626635,2.112475395
2259,0.933536887,0.763952255
2260,1.304764032,0.034686208
2261,0.694503069,1.419610262
2262,2.273383379,-0.175200954
2263,-1.231500506,0.367868334
2264,3.265253305,4.865005493
2265,0.801933169,0.435099959
2266,1.260441542,0.662174523
2267,1.011320233,0.304951787
2268,-0.759998441,-1.127335310
2269,-0.341806829,0.737880766
2270,0.764328420,0.191330940
2271,0.403658807,0.317098737
2272,-2.201378584,-1.192791343
2273,-0.431339860,-0.434133232
2274,-0.872510254,-0.512991250
2275,-0.204937875,-0.163497299
2276,0.540870309,0.640424013
2277,1.473683834,0.100996919
2278,1.709988475,-0.333305866
2279,2.432921886,0.486828029
2280,1.164791584,-1.218941569
2281,0.197841972,2.137685537
2282,-0.047802955,0.235542715
2283,-0.840288877,2.000315666
2284,0.801955581,-0.067878321
2285,3.431752682,-0.874390244
2286,-0.867450237,0.420957446
2287,0.058033321,-0.140065610
2288,-1.910214543,0.967847228
2289,-0.312128127,0.947903454
2290,-0.356589019,-0.501003027
2291,-0.208957762,0.224572569
2292,1.049703598,-2.626590729
2293,0.773831904,0.518520117
2294,1.585043907,-0.110010803
2295,-1.475807905,-0.401277959
2296,-3.688201427,1.256551504
2297,-0.235376671,0.122480720
2298,1.135593534,-0.749045730
2299,2.054506779,-2.543209314
2300,0.924350083,-0.516322255
2301,-1.609476447,-3.630668163
2302,-0.056912921,-0.227510691
2303,1.232424140,0.281824470
2304,0.148839280,-0.033307314
2305,-0.163009748,-0.320617110
2306,2.115959644,1.965417027
2307,0.256319523,-0.091701373
2308,-0.310455322,-0.009862691
2309,1.266095757,-3.843741894
2310,-0.913698077,2.267294884
2311,0.508646429,-0.660144091
2312,1.031202435,-0.004999265
2313,-0.776712418,-0.197998121
2314,0.303181052,-2.776937008
2315,0.103471428,-0.211812168
2316,-1.362072945,-0.533046126
2317,-0.236018732,-1.299271941
2318,2.967903614,0.554080725
2319,-1.144994259,-1.093778729
2320,0.461880565,1.170510769
2321,0.820601940,2.263200998
2322,-0.204642564,-0.392114818
2323,0.257862061,0.933758080
2324,-0.377713919,-1.008110285
2325,0.300910234,-0.212905183
2326,-0.201045245,0.006073199
2327,-1.594439268,-0.877592921
2328,-0.400144398,-0.631512702
2329,0.200976580,0.196557790
2330,-2.446530104,-3.182273149
2331,-0.663738072,0.110394314
2332,-0.536105812,-1.128081322
2333,0.529825866,-0.010430075
2334,2.125710487,-0.529996097
2335,1.076128840,0.173308611
2336,0.162532717,0.264159739
2337,-0.268328041,0.919005334
2338,0.294215560,0.805867136
2339,-0.124830022,-0.744471431
2340,0.545468092,-0.407712787
2341,-1.300422668,-1.841603756
2342,-0.735396206,0.863452673
2343,-1.041401148,-0.050381988
2344,0.608949482,-0.680713236
2345,2.909227133,-0.232111782
2346,0.169401973,-0.006250390
2347,-0.292686880,-0.820697427
2348,0.042608112,1.296521544
2349,0.403897732,1.538868785
2350,-0.161253616,0.066376515
2351,0.021484936,0.187868729
2352,-2.380446911,1.249769568
2353,0.364489704,0.090799749
2354,0.296705186,-0.192165673
2355,1.121897936,-0.449277818
2356,-1.259273052,0.267673641
2357,0.000357658,-0.410246730
2358,-0.802393675,-0.118355051
2359,-0.200415790,-0.055343628
2360,-0.924941838,-0.705907404
2361,-1.704111814,-1.496492028
2362,-0.629981279,-0.186357528
2363,-2.182629347,-0.176976264
2364,-1.419283748,-0.677506030
2365,1.474939823,0.424825817
2366,-2.327039242,-0.967999697
2367,-0.977051556,-1.200759888
2368,-0.027307749,-0.365603268
2369,-0.544910550,0.053372800
2370,-0.687216341,0.234142900
2371,-1.047238827,0.953055739
2372,0.107924342,-2.593777418
2373,0.282865673,-0.074877523
2374,0.438858211,0.907840788
2375,-0.092890754,0.729806244
2376,0.530031979,-0.616135359
2377,1.127769113,-1.506020784
2378,0.395521581,0.572336853
2379,1.177007437,1.076767325
2380,0.990940154,-2.142295599
2381,0.289116025,-0.088604867
2382,-1.360099912,1.346507907
2383,-0.186773300,1.126200557
2384,-0.328646034,-0.644961953
2385,-0.914167583,0.265630007
2386,-0.400023818,-0.525204837
2387,-1.025117517,2.620902061
2388,-0.387123287,-1.372027993
2389,-1.678862929,-0.685321093
2390,0.381382078,0.664652526
2391,0.359767914,0.163780391
2392,1.013898969,1.808658481
2393,1.901779175,1.918438673
2394,1.477641582,-0.743768692
2395,0.299602568,-0.880736172
2396,-0.114412025,1.258522511
2397,0.309977829,-2.016362429
2398,-0.412187576,-0.441195518
2399,-0.280482352,-1.229610324
2400,-1.225627661,-0.472229660
2401,0.043424368,-0.687487841
2402,-1.094682813,-0.282933384
2403,0.569455862,-2.191133976
2404,-0.823522031,1.040673137
2405,-1.838788986,0.201289117
2406,0.573921561,-0.363908648
2407,0.008854985,0.488775790
2408,-0.436785489,-2.191637516
2409,-1.329649925,-1.119471550
2410,1.857046127,1.147295594
2411,-0.108021438,-0.349183738
2412,2.252750158,-1.752372503
2413,-1.328135490,3.548256159
2414,1.183952928,2.425365448
2415,-1.091624618,0.570259809
2416,0.867109835,-2.515173197
2417,0.091454819,-0.426691771
2418,-0.050524712,0.333958298
2419,0.704847991,0.966945052
2420,0.960421324,-0.772364438
2421,-1.863687158,1.907083273
2422,-0.331107140,0.844396055
2423,-0.253008276,0.671953797
2424,1.493225813,1.966933012
2425,0.496783972,-2.136838436
2426,-2.650681257,0.381610572
2427,-0.692686439,-0.987216890
2428,-0.028898671,0.027806468
2429,0.531290114,-0.015673399
2430,-0.687352955,-0.122116089
2431,0.108330958,-0.117497742
2432,-0.831134975,0.034716666
2433,2.228446007,-1.950408340
2434,-2.160257339,-0.607895374
2435,0.050441772,0.305074632
2436,0.507223427,-1.326081753
2437,1.588312745,-0.253582776
2438,-1.598453403,-1.180364728
2439,-1.651695609,0.767552197
2440,0.862706065,-0.247255564
2441,-0.155806854,1.404050946
2442,0.734716415,-0.361699551
2443,-0.261669040,-0.626977861
2444,-2.472281694,-2.467302799
2445,0.813721061,-0.021054566
2446,-0.372326195,0.105350263
2447,-0.937264264,0.867789388
2448,0.210865438,0.054107536
2449,-0.439818919,-0.200149015
2450,1.751422286,-1.107950687
2451,-1.181017756,-0.383185685
2452,0.332526803,-0.814894140
2453,2.293412209,-1.912242651
2454,0.748894870,-0.274463534
2455,0.586821020,0.158434689
2456,0.581748009,-0.279296577
2457,-0.196711123,0.597383976
2458,0.176431417,-0.371289015
2459,0.780263662,-0.234959245
2460,0.554123282,1.056938410
2461,0.524368048,0.592512488
2462,1.208007932,-1.176636577
2463,0.369291633,-0.955391645
2464,0.742370725,-1.517542481
2465,0.808798790,0.369498342
2466,-1.137374759,0.642029047
2467,0.337390751,0.493608952
2468,0.164735168,1.517044783
2469,1.868201494,-4.440621376
2470,0.171281219,-0.801304340
2471,0.088539436,-0.181084812
2472,0.130223125,-0.140249789
2473,0.189408898,-1.397055030
2474,-1.403181434,0.390162230
2475,1.513544440,-1.645417213
2476,1.169323564,0.448088080
2477,-0.197902352,0.543193519
2478,-0.763804436,-0.700451255
2479,-1.790641785,0.045113802
2480,-0.084748700,-0.226230443
2481,2.643177271,0.103913993
2482,-0.502300143,-0.050247326
2483,-3.991227150,2.203575134
2484,-1.741363883,1.846507668
2485,0.738908887,-1.909757853
2486,1.609413028,0.434901416
2487,-0.028130300,0.758597374
2488,0.149144754,-0.151803210
2489,-0.934285462,1.686532021
2490,0.880945861,-0.543262124
2491,0.133738995,0.241949141
2492,0.077572674,0.124815077
2493,0.322539866,-0.000397989
2494,0.600547969,-0.545868456
2495,1.606124520,1.634346128
2496,-0.972103715,-0.271618903
2497,0.175752744,-0.279308110
2498,0.980745852,1.222203851
2499,1.497408628,-0.976170361
2500,-1.322900534,-0.374421239
2501,2.937892199,-1.085505962
2502,0.222693950,0.942178011
2503,0.873379111,1.351811647
2504,0.712880075,0.203272656
2505,-0.403982580,0.286904216
2506,1.479487062,1.545263290
2507,0.061457030,0.186452314
2508,0.193057060,-0.995513499
2509,-0.563443840,0.361256659
2510,-0.790864348,0.368175209
2511,2.157832861,-0.002446868
2512,-0.688638389,0.744697809
2513,-1.046244740,0.481408060
2514,1.342731237,-1.254311562
2515,0.014058242,-0.225710794
2516,-0.755391717,0.048440352
2517,-0.578175783,1.158282638
2518,-0.893053651,-1.080200672
2519,-1.655171752,-0.800071239
2520,0.885540247,1.284834743
2521,2.582298517,1.065224051
2522,3.622721672,0.018692285
2523,1.122737885,1.012366414
2524,-0.471029937,0.576346934
2525,0.081153631,-0.157791197
2526,0.349913508,0.501993358
2527,0.327138007,-1.129628658
2528,-1.148900270,-0.749414325
2529,0.180817038,-0.579292715
2530,2.135876179,-1.432268500
2531,-0.382674277,1.845385313
2532,0.935129583,0.536665082
2533,-2.031176567,0.546678185
2534,-0.528211772,-0.509883165
2535,0.508210719,-0.298744500
2536,-0.540403306,0.540095687
2537,0.467681497,-1.227784634
2538,-0.627631366,-0.760317504
2539,0.828455687,-1.000298023
2540,1.252867341,0.548972309
2541,0.046379711,-0.220439821
2542,-1.343481064,-0.048777819
2543,-0.490797728,0.705152392
2544,-0.321828961,-0.095763527
2545,-0.347176224,1.761634111
2546,0.286922157,0.728685975
2547,0.152327567,-0.489056408
2548,1.328273535,-0.263428956
2549,1.696102619,1.033355951
2550,-1.691220284,-0.119553208
2551,-0.160717353,-0.069901630
2552,0.756885946,-0.247704193
2553,-0.926095307,2.642146111
2554,1.889405608,-0.662669957
2555,-0.885193110,-0.173393071
2556,0.539337873,-0.689369023
2557,-0.689224005,-0.331231594
2558,1.271002054,0.316071540
2559,-0.178521991,0.576193571
2560,-0.260673106,-0.554508448
2561,-2.220067978,-3.242371082
2562,0.328901172,0.418075979
2563,-0.710131288,-0.158178598
2564,-0.170294702,-0.973782957
2565,0.590235412,-0.172286302
2566,-0.515037596,0.395619124
2567,-1.036240220,-0.731617033
2568,1.376389980,-2.072514534
2569,0.049248673,0.267257661
2570,-0.201868534,-1.059841514
2571,0.899923563,-0.974436283
2572,1.908511758,0.782338560
2573,-1.261246562,-1.595578432
2574,1.192184687,0.827416480
2575,2.295664072,0.202654213
2576,-0.536852658,-1.090025544
2577,1.905397415,-0.484545827
2578,-2.862578154,0.458153903
2579,-0.587286174,0.121073529
2580,2.207836628,-0.661956608
2581,-1.076659918,-1.048961043
2582,0.333931774,0.115106694
2583,-1.468238831,-0.752003133
2584,-0.005234808,-0.637892187
2585,-0.673750877,0.702902615
2586,-1.380484581,1.046991229
2587,-0.387313664,0.695287645
2588,0.125772551,1.335052133
2589,1.170983553,-0.223692805
2590,0.169589490,-0.151501656
2591,-0.323196441,0.685433626
2592,-0.680102050,0.929935932
2593,-0.308094144,2.534187078
2594,0.919470847,1.466619730
2595,0.794314384,2.200328588
2596,0.307591915,-0.513185143
2597,-0.135135829,-0.585422277
2598,0.938802719,-0.031721316
2599,0.368120670,-2.082713604
2600,-0.266283631,0.546097636
2601,2.149546146,-0.277421653
2602,0.447329223,1.711410522
2603,-0.227967858,-0.789203525
2604,-1.146040797,0.529859662
2605,-0.482270479,-1.124703526
2606,-0.247972608,-0.779590487
2607,2.959198475,-0.291865557
2608,-0.552294135,-0.910052538
2609,2.181592703,-0.489977896
2610,-0.783238530,1.879390240
2611,0.243140936,-0.771657467
2612,0.545136273,-0.120332010
2613,-0.983178198,1.253276706
2614,-0.669195652,2.860376835
2615,1.257104874,1.730721712
2616,-0.911747694,0.422572494
2617,0.140461668,0.046549365
2618,2.014859915,-0.361467987
2619,0.158748269,-0.474593937
2620,-1.416831732,0.221593440
2621,0.340791762,0.757363737
2622,-0.476832420,0.271179229
2623,-1.268186688,-0.060045123
2624,0.248085082,-1.878963947
2625,-0.095749818,-0.402128190
2626,-1.037632465,0.566674769
2627,-0.728671730,1.622898579
2628,-0.311610818,1.365136981
2629,0.324388385,-2.565155268
2630,0.910149813,-0.816856802
2631,1.080845594,-2.257306576
2632,-0.307099819,-1.280043244
2633,0.081326082,0.346271873
2634,1.161748409,-1.563007236
2635,0.317471981,-0.521894693
2636,-0.502857387,1.301947594
2637,2.648393393,2.016133308
2638,-2.778040886,0.503360689
2639,-1.300149560,1.611392140
2640,0.990699172,-1.095794201
2641,-0.778407812,-1.541353822
2642,0.887091458,-0.280655116
2643,-1.363428712,2.361568928
2644,-2.239246607,-0.019753814
2645,-0.022127122,1.800433159
2646,-1.796229959,-0.380291939
2647,0.327921450,-0.064434350
2648,-0.255353332,0.054554913
2649,0.265461862,1.255477905
2650,-0.010244340,-1.314574242
2651,0.735455036,-0.549741566
2652,0.502224803,0.828001022
2653,-0.249519706,-0.367734253
2654,0.865598619,-1.370722771
2655,-0.395463109,-1.189835668
2656,-0.243015483,-0.974086523
2657,-0.943438053,-0.194184780
2658,2.100024700,1.142514348
2659,-0.157929331,-0.163760826
2660,-0.450415105,-0.011135980
2661,0.496096402,-0.141852975
2662,0.464992881,-0.959045112
2663,0.500787914,-0.181771040
2664,2.203633785,1.676884413
2665,0.459289104,-0.479153752
2666,0.552310050,0.838162184
2667,1.969699383,1.116145849
2668,-0.601143599,-0.523105025
2669,-0.101360932,0.181223258
2670,0.659381270,0.126060486
2671,-1.175804615,-0.048722208
2672,-0.650007248,0.003507674
2673,-2.061720133,-0.818324685
2674,0.942166388,-0.839228511
2675,-1.226810813,3.472583294
2676,0.680104733,0.880551696
2677,0.098361298,0.216459438
2678,-0.873820603,0.206168324
2679,-0.081466928,0.127559975
2680,1.345623374,-1.973751187
2681,0.024623916,-0.352305710
2682,-2.302519798,1.910061359
2683,-1.221164107,-0.398125827
2684,0.512774527,0.736694038
2685,-0.096474893,1.765733480
2686,1.024438739,0.615596056
2687,-0.614876628,-1.319236040
2688,-0.493850291,0.262943774
2689,-0.229764104,-0.252876580
2690,0.497232527,0.912595809
2691,0.304736972,-0.916927159
2692,-3.378588915,-3.764954090
2693,-0.499379277,0.402402818
2694,-0.867278159,0.004692636
2695,0.077804990,-0.454254299
2696,0.468593955,0.337897658
2697,-0.767967045,-0.049926788
2698,-0.639788747,-1.465785742
2699,-0.175307691,-0.301378250
2700,0.028020550,0.346435159
2701,-0.161500320,3.124743462
2702,0.597497702,-0.158773541
2703,-0.825520933,1.198941231
2704,-1.717973948,0.502929568
2705,1.014213920,2.104960203
2706,-0.181748986,-0.018985011
2707,1.403829455,2.438721657
2708,2.457964659,1.339497685
2709,0.713948488,-2.439321995
2710,-0.556600928,0.086296380
2711,0.100370072,0.173195884
2712,-0.419569194,0.034398559
2713,0.099980652,0.452729940
2714,-2.641221762,0.868065476
2715,1.491301894,0.060726583
2716,-1.188122988,0.638764977
2717,-0.593143940,-0.072476387
2718,-0.296907812,0.270311296
2719,-0.289244026,-1.152794123
2720,0.198751524,0.098412141
2721,-0.963481724,1.106719136
2722,3.151474476,-1.934898615
2723,-0.477004677,-1.579193592
2724,-0.141766325,-0.321293026
2725,-0.608320832,-0.825436950
2726,-1.414413214,-0.236647069
2727,-0.256880194,-1.439346075
2728,-2.326857328,1.155805826
2729,1.235869884,0.642119050
2730,-0.303771794,-0.358549416
2731,0.218500599,-0.048553664
2732,-2.146944284,-1.503947258
2733,1.797733903,-0.064229704
2734,-1.444796085,-0.481386125
2735,0.417939097,0.234705120
2736,-0.435010552,0.520057440
2737,-0.492020041,0.857785225
2738,-0.397754550,-0.915362477
2739,0.252607822,-2.021076441
2740,0.234625220,0.520642996
2741,1.759164929,0.915844679
2742,0.322813153,1.135401249
2743,0.690375090,0.990855336
2744,-1.565442324,-0.346285701
2745,-0.169164032,-0.011130325
2746,0.336976588,0.061856221
2747,0.163023546,1.348793745
2748,0.106048308,-0.676797330
2749,0.973451614,-1.046868205
2750,-0.920283079,-0.852844477
2751,2.175707579,-1.427037597
2752,-2.168441296,-0.644395173
2753,1.044262648,-2.765611410
2754,-0.450010657,-3.527869701
2755,0.753357053,0.146754310
2756,-0.035337314,-0.573334873
2757,-0.215302423,-0.115693688
2758,-1.472124696,0.296349108
2759,-2.140301228,1.922629356
2760,-2.194931030,-1.497362375
2761,-0.796888649,0.580817997
2762,-0.129643768,-0.131558284
2763,-1.235242963,1.360466361
2764,-1.693281174,0.412233055
2765,0.242858857,0.313308567
2766,1.115986824,-0.296911597
2767,0.521061122,-0.010649677
2768,-1.178801537,-0.482327580
2769,1.228203297,0.907008767
2770,-1.139541864,0.100790679
2771,-0.100635372,0.658209026
2772,-2.590582371,-2.020972252
2773,-3.632970095,-0.027504921
2774,2.202244282,-1.633403182
2775,-3.728717327,-1.206602573
2776,-1.596890330,0.575483799
2777,0.180810869,0.029659541
2778,-1.603911042,-0.821516693
2779,0.901491761,0.149474233
2780,2.234978676,1.235672832
2781,0.654206634,0.951401174
2782,-2.876764297,4.181147575
2783,0.333616138,-1.061442375
2784,-1.755040288,1.964886069
2785,1.421294689,-2.425479889
2786,-2.487139940,0.271764517
2787,-4.109460831,-1.324683428
2788,-0.568529010,-1.000766397
2789,-0.994640946,1.638016701
2790,-1.770342946,0.090069771
2791,2.020141125,0.197315514
2792,0.055030704,-1.195879102
2793,0.487754285,0.204122245
2794,-2.484714985,1.351694107
2795,-0.316628158,-1.713671684
2796,-0.441026866,1.202166319
2797,3.931252956,-0.297963500
2798,0.978302538,1.411289930
2799,-0.627065778,-0.749344409
2800,0.589660466,0.906799793
2801,0.195238367,1.390353322
2802,-1.580856323,0.996043503
2803,1.144110918,-1.843009114
2804,-2.205718756,-4.487494946
2805,0.984610796,0.910570621
2806,1.265939951,-0.168906137
2807,-1.698668718,-1.591434479
2808,2.355239391,-1.992603660
2809,-3.088707447,0.260825455
2810,0.163175389,0.333648115
2811,-0.454375565,-0.325320065
2812,-1.371481419,-0.485105217
2813,0.448310703,-0.451810628
2814,0.195954770,-1.188189626
2815,-0.966769874,0.995680332
2816,-0.841074765,1.732157946
2817,-2.641079426,1.301162601
2818,1.075332642,0.373218536
2819,-0.093184404,-0.467111319
2820,-1.235302925,0.156840563
2821,0.641821206,-2.473050833
2822,0.217912763,0.153847486
2823,0.087248802,-1.945141912
2824,1.258129358,-1.284510493
2825,0.719783127,-0.403444439
2826,-1.330649376,2.165869951
2827,-2.208818674,1.285084486
2828,0.984573483,-0.496176243
2829,-0.035395786,-0.601809025
2830,-0.590487719,-1.800040603
2831,0.324396104,0.677189708
2832,0.276950955,-1.445695877
2833,-0.445134699,-0.415226907
2834,-0.960477114,-0.012250125
2835,0.306110740,-0.204329148
2836,-0.806554198,1.121205688
2837,1.481782436,-1.584031224
2838,0.695257664,2.194001913
2839,-1.054209232,1.127753258
2840,-0.228112966,0.371403068
2841,-1.897183657,-0.718713641
2842,0.044672251,-1.649895906
2843,-0.065614752,0.403336108
2844,0.409421653,0.309056938
2845,1.015305877,0.302330047
2846,-1.070155740,-2.970217705
2847,1.193478703,0.013891645
2848,-1.409342051,1.219218493
2849,1.122279406,0.046184301
2850,0.575890958,0.556163847
2851,-0.784711182,-0.051089138
2852,0.147324055,1.329616427
2853,-1.668421268,-0.986554861
2854,0.011471078,-1.170504212
2855,-0.393946081,1.579071999
2856,-0.192795634,-0.256241381
2857,0.610310078,-0.828904867
2858,-0.508940101,-2.096925259
2859,-1.529951096,-0.694270492
2860,-0.649718344,-0.451971442
2861,-0.496071190,-0.249209464
2862,0.284890682,0.236344069
2863,-2.161513329,-0.288929641
2864,-0.011799388,0.978504300
2865,-1.239036202,0.848885834
2866,0.808302641,1.070335031
2867,0.165235594,1.577330232
2868,-0.834052145,-2.214144707
2869,0.490145564,-0.890189767
2870,-0.693084180,-0.539254725
2871,-1.438011169,-0.146074712
2872,-0.240386605,-0.008929722
2873,-0.731677115,0.305150509
2874,1.278796673,0.203531533
2875,2.660220623,-0.382496625
2876,1.244275212,0.609603763
2877,-1.086848855,-0.993920445
2878,-1.454303384,-0.579245567
2879,0.361202836,-0.190137446
2880,0.587224305,2.163721323
2881,0.436409920,-0.241760820
2882,1.030223250,-0.186303735
2883,1.454027891,2.134924889
2884,-0.484048963,1.953541398
2885,1.291330338,1.830953002
2886,-1.021440744,0.242338896
2887,1.379268169,-1.173036814
2888,0.067226350,-1.191947222
2889,0.577002525,0.314597696
2890,-1.040943980,-2.487658262
2891,-0.239656046,-0.311449945
2892,-1.383367181,0.972257733
2893,2.280173540,1.804329634
2894,-0.844437718,0.304900289
2895,-2.387399197,0.307504714
2896,0.682787895,-1.202038407
2897,-0.123742603,0.148553222
2898,-2.763101578,0.261487246
2899,1.619732022,-1.116691351
2900,-0.129854098,0.672938704
2901,1.283076763,0.905214906
2902,-1.865806580,-2.050305128
2903,-2.209053516,1.243948698
2904,-1.229694605,-0.654340863
2905,5.057102203,0.079704404
2906,2.287113667,-0.871950328
2907,-0.390453279,-1.164492249
2908,-0.908264160,-0.502483487
2909,0.024342291,0.557205141
2910,-0.216277093,-0.449407876
2911,0.076747254,-0.036062531
2912,0.123823427,-0.440921724
2913,-0.774914086,1.128538489
2914,1.034623861,0.282317400
2915,0.587717295,0.257885933
2916,0.051745772,-1.096325040
2917,-0.980420172,-0.792658567
2918,-0.014818192,-1.395037889
2919,0.732063413,1.158594251
2920,0.824469805,0.221975476
2921,-0.695816457,0.062707074
2922,-2.015296221,-0.173304737
2923,0.301318496,-0.169665366
2924,0.842801392,-0.338496476
2925,-0.064833902,-0.490916848
2926,-0.955447972,-2.785877466
2927,0.336721539,0.134809420
2928,-2.240944862,-1.147055387
2929,-0.038567055,1.944928765
2930,0.497630000,-0.034310512
2931,-0.648946106,0.441122979
2932,1.154865503,-0.113859355
2933,0.447633237,-0.207762197
2934,1.525383711,-0.929272294
2935,-1.496060491,-1.426850557
2936,0.715788901,0.903276324
2937,-0.124793701,0.225411668
2938,0.331767768,-0.106743708
2939,-0.672474623,0.085872948
2940,-0.060043752,0.112914562
2941,-0.036532342,-0.322801441
2942,0.503206611,1.286688328
2943,0.257974982,0.363134325
2944,-1.939415693,0.630492687
2945,0.491337419,-0.709541082
2946,0.046693306,1.303998828
2947,0.762514234,-2.396961212
2948,1.712582588,-1.777994752
2949,0.405382454,0.444213271
2950,-0.826537728,0.162277177
2951,0.117542475,0.802592874
2952,0.006381258,0.729418635
2953,-0.741149068,3.306237936
2954,1.451560259,2.079324007
2955,0.672421157,-2.200489283
2956,1.490844727,0.070973068
2957,-0.423873991,0.220512956
2958,0.510897577,-0.691601515
2959,-0.180189043,-0.022211600
2960,-3.688388109,-0.710864961
2961,-2.039914608,0.960165858
2962,-0.586352706,-0.161714524
2963,-2.342921972,2.861064434
2964,-0.767691374,-0.088280082
2965,-0.914958477,1.266303897
2966,0.589797139,-0.107362598
2967,0.110978179,0.761481047
2968,-0.303122818,1.072266459
2969,2.929306030,-0.909571111
2970,-0.113168120,-2.199418545
2971,-0.210360751,0.682206869
2972,-0.266018003,0.583833098
2973,0.621000171,-0.373564750
2974,-0.539273381,0.694458365
2975,-0.438509017,-0.104003131
2976,0.072427332,-1.155282259
2977,0.223244771,0.286529273
2978,-0.364361584,2.529741049
2979,-0.354249984,1.114356279
2980,-0.335764319,-0.215518206
2981,-0.416264713,-0.718509793
2982,-1.059840560,-0.174398988
2983,1.795947194,0.303538114
2984,-4.282354355,0.746024013
2985,0.091090858,-0.861298144
2986,-0.598680079,-0.379928499
2987,-0.812884450,0.997398555
2988,-1.539176941,2.332507133
2989,0.748283327,0.140199736
2990,-0.289756835,-1.766416311
2991,0.554083943,0.493311614
2992,0.169816405,-0.368218124
2993,-0.492472947,0.262844056
2994,-3.024693251,1.445350170
2995,-0.867204130,1.869224072
2996,-0.098888725,1.449944019
2997,-0.096371338,-0.402840763
2998,-1.752733469,-0.734657228
2999,-0.746686220,0.274145156
3000,0.251053989,-0.426101267
3001,1.521477580,-1.468899608
3002,-0.070449591,-1.083383799
3003,-0.091927812,0.552134037
3004,-0.499458432,-1.207651138
3005,-1.551895857,-1.421788692
3006,1.582592964,0.206288427
3007,-1.022850394,-0.311811864
3008,2.333230019,0.321352780
3009,-0.646283746,0.235647082
3010,1.850835323,-1.237137079
3011,1.771836877,0.603598356
3012,-0.181864440,-0.126246661
3013,0.111102387,-1.350750446
3014,0.042239733,1.629155517
3015,1.211282492,0.705060124
3016,-0.485612333,0.142041802
3017,0.327683210,-0.615988016
3018,-1.502796531,-0.772538424
3019,-0.626220584,-0.644428849
3020,-0.258499771,0.236120254
3021,1.242272735,-1.574354649
3022,1.009775639,0.677826047
3023,-3.966712952,-1.168860912
3024,-0.505556524,-0.325660437
3025,1.005799413,1.245522618
3026,1.019222260,-1.614633560
3027,2.274313450,-1.293770552
3028,4.289062023,-1.887757540
3029,2.194575071,-1.196240664
3030,-0.406551003,-0.196946532
3031,-2.127332449,-1.024449468
3032,0.709555089,-0.771712899
3033,-1.309775710,0.256086826
3034,-0.487986743,1.524043441
3035,1.517592072,-1.075256824
3036,-1.447304726,0.271579981
3037,0.237623602,-0.188410744
3038,-2.700442553,-0.377462208
3039,-0.049149275,-0.062228084
3040,-3.301846981,-1.742877960
3041,-0.777135670,1.139749289
3042,0.973052502,-0.266540259
3043,0.666343987,0.218775749
3044,0.840861201,-2.136381388
3045,-1.967900872,1.090620875
3046,-0.056793571,-0.558853388
3047,0.012441415,0.971392214
3048,-0.226001084,-0.808388174
3049,1.650786757,1.162424922
3050,0.298537791,0.787047327
3051,-0.144294322,-0.401534438
3052,1.251118541,-1.259167194
3053,0.053678691,0.133287847
3054,1.652268648,-1.971998453
3055,0.749441147,0.289196044
3056,-0.443988800,-2.586678505
3057,1.064368963,0.953443706
3058,0.464214534,0.813206255
3059,0.803007185,-0.832141519
3060,-0.899092555,2.785597324
3061,1.202314734,0.835325241
3062,0.016494323,0.645982742
3063,0.336514741,0.303232998
3064,1.363282442,1.982527971
3065,0.145113394,0.534931839
3066,1.432475805,1.128598928
3067,-1.046315312,-0.829637051
3068,0.311738014,-0.116920367
3069,-0.471465856,-1.130809903
3070,0.011465590,-0.103199318
3071,0.308148950,-0.162050962
3072,-0.835650682,-2.408229828
3073,-0.390696347,0.543324113
3074,-0.674790084,-0.283764511
3075,1.553765297,-0.024438426
3076,2.496862650,-0.473205894
3077,0.070667908,1.806201220
3078,-0.001683276,1.189380884
3079,0.374943733,1.083710670
3080,0.388429523,-0.194161296
3081,-3.164168119,-1.580870152
3082,0.934878409,1.725589633
3083,0.099908829,-0.224524289
3084,1.116465807,0.213195458
3085,3.767867565,0.698068082
3086,-0.456673801,-1.330458641
3087,0.533194304,0.599526882
3088,0.117989361,-0.614008009
3089,-0.175450951,-1.571699619
3090,0.953408599,-0.402708054
3091,-5.971388340,0.678152561
3092,0.077437609,1.328356743
3093,0.670528054,0.614199698
3094,-0.754498124,-0.125341564
3095,0.677304983,1.883153915
3096,-0.549856305,-1.510484457
3097,0.036403731,-0.151597738
3098,-1.334302664,0.883296072
3099,0.881352127,-0.446401447
3100,-1.112119555,0.545932889
3101,0.371570081,-0.330196381
3102,-0.547231436,-1.154928446
3103,0.764318228,-0.228032485
3104,1.104070306,-0.811567545
3105,0.491451740,0.292715728
3106,1.219748497,-3.271126509
3107,-0.342927098,2.742835283
3108,2.599384546,-0.123885751
3109,0.355373532,0.388883710
3110,-0.207061261,-0.468949556
3111,0.029291606,-0.142560825
3112,0.985439539,-0.484948039
3113,4.156399727,0.287886471
3114,0.907322049,1.436622381
3115,2.043087006,1.492480397
3116,-1.324049473,-1.484402061
3117,-2.808458567,-0.541521907
3118,-1.297243595,1.556591988
3119,-0.131341100,0.112133205
3120,1.080616951,-2.142196178
3121,-1.138400793,1.922242761
3122,0.710436344,1.180350780
3123,1.072633743,0.090132296
3124,1.279469013,-0.225495577
3125,-0.729336798,0.451405138
3126,1.561820388,0.331327587
3127,2.202422380,-0.654371262
3128,-1.456931233,0.187510490
3129,0.481184006,0.718902111
3130,-0.166183889,3.159974575
3131,2.623879910,-0.637294888
3132,0.127512187,-0.089529023
3133,-0.910225630,-0.866337359
3134,0.032806877,0.508598506
3135,0.572890282,-0.183810279
3136,0.665823281,-0.092752740
3137,-0.219422221,0.246326327
3138,-0.055856571,-0.137569427
3139,0.312825739,0.764023066
3140,-1.342476487,-0.039322972
3141,-2.546299458,1.945739865
3142,1.646825433,0.229947045
3143,1.235150933,0.390539944
3144,1.306223750,1.141608477
3145,-0.881117582,1.074316502
3146,0.113543049,-0.288258165
3147,-0.863457561,0.514405608
3148,-0.567570031,-1.230111837
3149,2.397007704,-0.071660757
3150,1.866507053,0.794815481
3151,1.561890125,1.799910903
3152,1.606542349,0.254950076
3153,-0.600596488,-0.495818406
3154,0.208519429,-0.837153673
3155,0.505122304,-0.317824453
3156,0.218900248,0.156977475
3157,2.475301027,-1.169878960
3158,0.194479004,-0.084454440
3159,-1.687166095,-2.183840275
3160,-0.383080244,1.084170341
3161,-0.658607602,-0.459990293
3162,0.457630694,-0.154706419
3163,2.473014116,-0.481937408
3164,0.209175318,-1.418203473
3165,-0.486962438,0.665322959
3166,-1.206993937,-0.208594799
3167,0.538728774,-1.004786134
3168,0.334451616,1.963590384
3169,-0.442560673,-0.450710177
3170,0.184652925,0.625308514
3171,-1.936912060,-0.433419347
3172,0.126317695,0.146328256
3173,0.079282396,0.611117899
3174,0.827278495,-1.356387973
3175,0.183067173,-0.137442499
3176,-1.542063951,-0.861070573
3177,0.808387160,0.702760518
3178,0.982999682,2.048602104
3179,-2.027865887,-0.716804445
3180,1.736892223,-1.195013165
3181,-1.308287859,-0.260676682
3182,1.730321646,-0.161120430
3183,-1.558501720,0.219147921
3184,0.048763856,0.931451380
3185,0.678754449,1.457175016
3186,0.008030433,0.385871291
3187,0.759543002,-0.531111598
3188,-0.657390773,0.982395709
3189,0.213185802,0.330540568
3190,-0.842960358,1.546020508
3191,-0.516944289,2.065999746
3192,0.880757213,1.316455722
3193,0.063095093,-0.284359723
3194,1.596185684,-2.665922403
3195,-0.978092909,1.674122930
3196,-0.979200304,-1.456955910
3197,0.432166040,-0.472248882
3198,-0.063260332,0.157082945
3199,0.193543583,-1.018746734
3200,-0.061623931,-0.381342739
3201,-0.182559609,-2.572814465
3202,-0.976930439,-1.196323037
3203,-2.493554592,-1.330496550
3204,2.205479860,1.450485826
3205,1.294600725,0.432455242
3206,-1.651304722,2.113038301
3207,-0.047038779,-0.440565765
3208,1.086412787,1.130830646
3209,0.975704551,0.417372406
3210,1.353719473,0.608776927
3211,-0.632892132,-1.016337156
3212,0.957483172,0.041221127
3213,-1.284036398,0.306642652
3214,0.679524541,0.798158765
3215,0.896363974,-0.211022258
3216,-1.067311287,2.941358328
3217,-1.140355468,-0.975691915
3218,-1.089346409,-1.538114905
3219,-0.038172111,-0.153508201
3220,0.521874785,0.417648256
3221,-1.238894582,1.442784905
3222,-0.264737457,-0.536020339
3223,0.025842844,0.797035515
3224,0.961521387,0.711069465
3225,0.063757516,0.361685336
3226,1.634026408,-0.020975471
3227,-0.294002593,-0.800956845
3228,-1.056173325,0.310649842
3229,1.190032482,-0.858432591
3230,-0.712887406,0.588110924
3231,2.272878647,1.904527664
3232,-0.786611378,-1.217101574
3233,2.794841290,-0.687738836
3234,0.164522469,0.088160500
3235,-0.330104619,-1.033173561
3236,-1.648126483,1.378164291
3237,3.696107864,0.902191520
3238,-1.429450750,-1.301432848
3239,-0.183547869,-1.034911633
3240,0.424680591,0.697156668
3241,2.877913713,-0.445396900
3242,-0.686846375,-0.714228034
3243,0.845136285,-0.086011007
3244,0.749871969,2.408902645
3245,0.212306470,0.015289500
3246,-1.115283132,2.393256664
3247,-0.843962431,0.087505192
3248,-0.048883036,0.385934591
3249,-0.962724447,1.775272131
3250,1.518677711,-2.391397715
3251,-0.946332157,0.414023459
3252,0.046784580,0.820068479
3253,0.194928646,2.705687284
3254,-0.794451416,-1.099563479
3255,0.055708885,-0.177560881
3256,-0.507954001,-0.801801682
3257,1.575840712,0.593423307
3258,2.418854952,0.250722289
3259,-5.085523129,-1.747748613
3260,0.121495575,-0.114527203
3261,1.397834539,0.796796620
3262,0.996459365,-0.257947415
3263,1.892220616,0.493147969
3264,-1.538702726,-0.314826697
3265,1.936432838,0.253931820
3266,-1.461409330,1.671609163
3267,0.194871843,-2.352137566
3268,1.022791028,1.175144553
3269,-1.988266706,0.714944959
3270,-0.221197203,-0.244111121
3271,-0.877051294,0.232799649
3272,-1.520098925,0.288461328
3273,-0.048179589,-0.448942482
3274,0.054245099,0.240686029
3275,-3.854588509,2.691711426
3276,-1.359995246,0.334136426
3277,-0.894639134,0.310132384
3278,0.530208766,0.679248154
3279,-0.298996150,0.139203265
3280,1.212882996,-0.513684750
3281,-2.204649448,-1.695140600
3282,0.059658833,0.604361236
3283,1.592285395,2.012163162
3284,-1.249224544,1.024332047
3285,0.304606438,-1.717229366
3286,0.910168171,0.161447883
3287,-1.431196570,1.808702230
3288,0.878583074,0.871190310
3289,-1.371634245,-3.525564909
3290,-1.147665143,4.114098072
3291,-0.546186328,0.109980166
3292,0.803291798,-0.539763451
3293,2.040383101,0.021474928
3294,-0.193006739,0.073815361
3295,-0.340371996,0.032642446
3296,-1.034644246,0.710789740
3297,0.375986457,-0.104698896
3298,-1.130322576,0.691257358
3299,0.818876445,-2.170723915
3300,-3.534582853,-2.485475302
3301,-0.054720875,0.535388887
3302,1.737386703,-1.174982190
3303,0.183030069,-0.161089361
3304,-0.919351041,0.439262211
3305,1.564942718,-0.565683544
3306,-0.890063524,0.367409110
3307,-2.196734190,1.524530888
3308,0.890359938,0.557484686
3309,-0.327539057,0.016156845
3310,-0.143864334,2.018691540
3311,0.111387044,0.604982436
3312,-2.144627094,-0.544927597
3313,0.093436219,1.165603042
3314,0.389102370,-1.538316846
3315,0.673665941,-1.203124166
3316,2.823926926,-2.329525709
3317,-0.736239612,-0.480678499
3318,-0.661332369,-0.045746058
3319,0.461107373,0.837408304
3320,-2.264435530,1.283110857
3321,-1.151260853,0.503908634
3322,-0.630156934,-0.311965317
3323,1.075443625,1.706123590
3324,-1.100014806,0.266050249
3325,-0.264029562,-1.002624035
3326,0.579066396,-2.891859293
3327,0.907164931,-0.369058669
3328,-0.860527992,-0.669121981
3329,-1.129528880,1.270066977
3330,-0.110850424,0.057155941
3331,2.994148970,-1.344692826
3332,1.443457961,0.365091741
3333,-1.471232772,-0.878318608
3334,-0.739132762,-0.221624315
3335,-0.090825051,0.468419909
3336,0.279786557,0.526248395
3337,-0.829079926,0.037459731
3338,-0.347914785,0.028734609
3339,0.108192801,0.090659723
3340,-2.934053183,-1.271229982
3341,0.564015269,2.302410126
3342,-1.050915480,-0.700440526
3343,-0.752431035,0.549302459
3344,0.414947778,0.917794824
3345,2.491702795,0.467384011
3346,1.290468097,-1.033592820
3347,1.957758427,-0.670369387
3348,-0.755634427,-0.023463011
3349,1.777933717,1.581285000
3350,0.937069952,-0.957662165
3351,0.980949819,-0.545519769
3352,0.332593799,0.778130412
3353,2.295380354,2.986047506
3354,0.157896519,-0.450777322
3355,-0.507497668,0.626223207
3356,0.586001694,-0.552959859
3357,-0.323677242,0.186607271
3358,0.508922696,0.353833199
3359,-0.929180145,-1.454170585
3360,-1.249625206,0.170751899
3361,-0.372378260,0.087647803
3362,1.067660809,1.511934280
3363,1.886101604,-0.681391060
3364,0.552739143,-0.044457708
3365,0.845626116,-0.168904185
3366,0.025016695,0.602172673
3367,0.711361468,-0.441173553
3368,-1.112199306,-1.119344473
3369,-0.536489487,0.246795833
3370,0.109588981,0.838085651
3371,0.840478480,-2.062834024
3372,0.146541089,-1.220337152
3373,0.253072917,0.332947254
3374,-0.583106220,0.484862387
3375,0.040560424,-1.086271524
3376,-0.716125667,0.012072176
3377,-1.465739727,-2.478493690
3378,0.831371546,1.073295832
3379,0.598847508,-0.531048775
3380,0.749389231,0.058101375
3381,0.393142581,-1.470023632
3382,-0.156262189,0.053302452
3383,-1.178804159,0.434359074
3384,0.309434950,3.631870270
3385,-2.472507477,0.065704823
3386,0.273512274,-0.057853960
3387,-1.973495603,-1.603537083
3388,-0.457027704,2.271156311
3389,-0.805892467,0.424204826
3390,-1.183269858,0.479180336
3391,-0.424651712,1.578891277
3392,0.238401249,1.335251331
3393,0.757697761,-0.680778325
3394,1.606332183,-0.562815607
3395,0.277900040,0.713226736
3396,-0.683943570,1.538708091
3397,1.724103212,-1.390732884
3398,-0.380011857,-0.109573178
3399,0.361606628,0.890452564
3400,0.027192086,0.825811446
3401,1.478115320,-1.508646727
3402,0.026347637,-0.396858573
3403,-3.216677666,-1.955227494
3404,-0.931636572,0.300681412
3405,-0.189047843,0.117644191
3406,0.368064433,-0.145924255
3407,1.155198336,-0.481110334
3408,0.193363935,-1.034858108
3409,-2.669402838,-0.849023461
3410,-0.108658135,-2.543392181
3411,0.262800485,0.750894248
3412,-0.485969633,1.557522178
3413,0.597536802,0.025685132
3414,-1.004713178,-0.734555125
3415,-1.181064725,0.718246043
3416,0.695089161,-0.672717035
3417,-0.157014579,-0.068475522
3418,0.885375321,-0.560216129
3419,-0.456701219,4.076082230
3420,0.100935385,0.369610667
3421,-1.866479635,-0.501031399
3422,0.285460353,0.042831663
3423,0.408142865,-0.296416521
3424,-0.038854048,-0.054931998
3425,1.113075256,0.918074489
3426,0.748450279,0.122182041
3427,0.718280554,-0.196442574
3428,1.961044192,-1.326428175
3429,-0.339094251,-0.487108767
3430,-0.372307986,2.094409466
3431,-0.496562719,0.573710024
3432,-1.802118540,1.801712513
3433,2.334808826,0.071950033
3434,-0.345225066,0.759195089
3435,0.286730886,1.737276196
3436,1.245525122,1.273057103
3437,1.302090526,-0.506696939
3438,-0.180924565,0.970048428
3439,0.154158831,-0.445399106
3440,2.330526352,0.319691598
3441,0.251954556,-0.131904051
3442,0.790499568,1.257447720
3443,0.701450825,0.048320234
3444,-0.424187124,-0.754844785
3445,-0.379267782,0.910045028
3446,-0.284522414,-0.357738942
3447,0.115855664,0.074363597
3448,-0.323117435,0.213610023
3449,1.440023184,1.796517134
3450,-0.604187608,-0.337079972
3451,-1.399531245,-0.389045507
3452,-1.233762383,0.777311206
3453,-0.213734314,2.283138037
3454,0.441095233,0.106549948
3455,-2.471161127,-0.213651299
3456,-1.382740736,-0.387885213
3457,-0.685317993,0.315117151
3458,-0.154532075,0.042668208
3459,-1.184581399,-2.316075325
3460,1.165750980,0.957114756
3461,4.232827187,-0.632532239
3462,1.010482669,0.929711461
3463,1.689974427,0.282226622
3464,-3.846042633,0.408396125
3465,-0.232666463,1.243748188
3466,-0.607488573,-1.340173721
3467,0.822217822,0.327305913
3468,1.368257284,0.601415217
3469,0.784563482,0.025680184
3470,-0.389069736,-0.605477929
3471,-0.254139960,-0.602253795
3472,-0.458531141,1.588262558
3473,0.547423542,0.836711645
3474,0.227137089,-2.394109726
3475,-0.339524508,-1.983287096
3476,-0.369859397,-0.352782816
3477,-0.300831437,-0.076589145
3478,-0.618137419,0.586770892
3479,-0.949500442,-0.405322671
3480,0.515620828,0.351290464
3481,-0.396899521,0.132017776
3482,0.261392593,2.537758589
3483,1.142097831,0.089104682
3484,-0.173314810,0.253109694
3485,0.707993567,-0.976958036
3486,1.284416318,0.226510867
3487,0.327888399,-0.265039802
3488,0.324667215,1.415953279
3489,-0.138579041,-0.596137404
3490,-1.194925070,-0.498029172
3491,1.290430784,0.741030157
3492,-1.133593798,0.058746278
3493,-0.775844216,-0.007621914
3494,-0.632844210,1.559228778
3495,-0.987889707,-0.684238434
3496,-0.719693780,-3.729563951
3497,-0.077363193,-1.160991669
3498,-0.501484871,-0.415062189
3499,-0.146910921,0.019454790
3500,-1.872361541,0.823916912
3501,0.802855015,0.225637764
3502,1.195344687,0.339739174
3503,-1.315931559,-1.631060362
3504,1.369397998,0.218866199
3505,0.535745144,2.064365149
3506,-1.599600673,2.608967304
3507,0.540380895,0.247649670
3508,0.154923290,-3.832921505
3509,-2.329865694,-1.901680350
3510,1.068429232,-0.648506939
3511,0.058865517,1.048831940
3512,1.430948019,-0.429133952
3513,-0.369352698,-0.141229630
3514,-0.836654365,0.904970288
3515,0.378200501,-1.909715176
3516,-0.244812876,-0.126514137
3517,1.215434551,0.117438830
3518,-0.730314016,0.474513501
3519,0.081194893,1.297763705
3520,-0.837509394,0.127602458
3521,-4.750721455,1.465579391
3522,0.003149629,-0.796542168
3523,0.169792712,-0.261767507
3524,-0.661088705,-1.177779198
3525,-1.058767200,1.017701268
3526,-0.080868311,-0.440350175
3527,-0.116170190,-0.300598621
3528,2.491245508,-1.417466760
3529,-1.226626039,1.016381025
3530,-1.935757160,0.303228199
3531,-0.362575799,1.141575933
3532,1.049678802,2.520006180
3533,1.926302075,0.213829875
3534,-0.407314777,-0.485852420
3535,-1.356476784,-0.419522524
3536,-1.040606976,-1.996378541
3537,0.214550704,-0.479788899
3538,1.213219762,-0.517143667
3539,-0.125922844,0.310723573
3540,0.256028354,0.044121429
3541,-0.267849982,0.093969584
3542,-0.852439940,-0.406499386
3543,-1.857143760,1.546279311
3544,2.361020565,-3.066089153
3545,-0.625864863,-0.143229604
3546,-0.994045734,0.194029212
3547,0.110415176,1.757691383
3548,1.218650937,-0.728566825
3549,2.502652407,-1.098330379
3550,-0.688747168,-0.949365020
3551,-2.135011673,-0.411220610
3552,0.020727396,-0.188408494
3553,-1.158574343,-0.516451836
3554,-0.293851495,2.098507881
3555,-0.778124511,0.274957061
3556,0.471934527,-0.134304225
3557,-2.013135433,3.622289181
3558,1.177968144,0.056545649
3559,1.327200770,-0.590401709
3560,4.595668793,-0.529657841
3561,0.970211864,-0.782049894
3562,-0.402512312,-0.372595876
3563,0.143344641,0.019719183
3564,-0.283389241,-0.331739187
3565,0.631801605,1.075641155
3566,1.240703106,-0.927873790
3567,0.421951532,1.050331712
3568,-1.791122317,-0.912628651
3569,0.395243526,0.039446373
3570,0.063305110,0.293847054
3571,-0.534418344,0.187456489
3572,-0.092985094,-0.117781438
3573,0.593234658,0.159518540
3574,-0.103070870,1.801165462
3575,0.378612757,0.312241495
3576,-2.134078979,1.059534192
3577,0.222999886,-0.762600839
3578,0.674464047,0.663125336
3579,-0.104337521,0.195905671
3580,0.380225301,0.670976460
3581,2.364916325,-1.094823599
3582,-1.490832210,3.050664186
3583,1.349098682,-2.155470848
3584,0.716084659,-0.176042378
3585,1.267525554,0.627174735
3586,-1.277895570,-3.223802805
3587,-0.276011914,-0.319786191
3588,-0.073449120,-0.649376452
3589,-1.515968800,-2.210986376
3590,-0.095332056,-0.151377082
3591,1.857119799,0.342854083
3592,0.772155046,-0.168178752
3593,-0.787793398,-0.282569945
3594,-0.321431071,0.714132428
3595,1.248070955,-0.228458062
3596,0.518672764,-0.360681653
3597,0.834630489,-0.694507122
3598,0.528949976,1.204781890
3599,1.095751882,0.680061817
3600,0.245606974,0.623228729
3601,-0.351046473,-0.058172390
3602,1.285121799,0.329931557
3603,1.726024032,-0.181904793
3604,-1.227900028,-0.552481771
3605,-1.872013092,0.536164284
3606,-1.810446978,2.251887083
3607,2.183910131,2.331751108
3608,2.084169149,-0.233493149
3609,-1.291869164,1.116599083
3610,-0.326990306,0.465044051
3611,0.600982368,0.843303859
3612,0.314713597,-0.294921964
3613,-0.417843908,2.194072485
3614,0.440278530,-0.034674022
3615,-0.800438106,-0.572935939
3616,-0.350400984,0.138440982
3617,-1.350490689,-2.382701397
3618,-0.363180429,0.238598511
3619,-1.545013905,1.462964416
3620,-0.224400729,0.702269793
3621,1.324559689,1.300894022
3622,-0.644132674,0.266099513
3623,-1.458671093,0.374555409
3624,-0.793369770,-1.129456758
3625,0.164701805,2.030555010
3626,1.149806261,0.695427656
3627,-0.454999477,0.077023149
3628,0.396922916,-0.009183697
3629,-1.512462854,-0.903250217
3630,0.823324680,-0.035266001
3631,-0.334792137,-1.334573627
3632,-0.595777988,1.825239897
3633,-1.274788141,2.690708399
3634,0.720046878,0.228599221
3635,1.121866465,0.206032634
3636,-0.008680714,0.169054732
3637,1.656391501,3.831410408
3638,-1.211374521,1.456647396
3639,-2.425931931,1.147699118
3640,2.529970169,-1.150517821
3641,-2.639021158,0.062509775
3642,-0.952795923,-0.043220252
3643,1.426088333,0.873403013
3644,2.510186434,-2.689655542
3645,0.445324004,-0.116687134
3646,0.438186705,0.433673590
3647,-0.675094545,-1.628656864
3648,-0.364893109,-0.159221411
3649,0.297436088,-0.343241870
3650,-0.502316952,-3.263448954
3651,0.354151011,-0.492858827
3652,-3.102101803,0.460000992
3653,-0.551410675,-0.500573337
3654,-0.152361333,0.762127340
3655,-0.099014513,0.670647562
3656,-1.221541166,-1.908013821
3657,0.146537542,1.230822563
3658,0.166190103,0.109830946
3659,-0.834868073,0.638488293
3660,0.679548323,0.758662224
3661,0.422982901,0.375913918
3662,2.748382807,-0.057201326
3663,-0.509858608,-0.104292072
3664,0.057133019,-0.217553928
3665,0.472197682,0.199381396
3666,-0.231149912,-0.150401369
3667,0.663828850,-0.940199196
3668,-0.571808875,-0.724972486
3669,0.763804317,1.284660101
3670,1.331094980,-0.592750669
3671,0.909706831,0.424210995
3672,-0.572751045,-1.118538857
3673,0.603265882,0.362902731
3674,-0.224076807,1.427514076
3675,-1.387482405,1.863270998
3676,-1.616991639,-0.399842054
3677,0.737567961,-0.863257289
3678,1.135283709,-0.584644198
3679,-0.806480050,-1.045563221
3680,-0.420614243,-1.738860369
3681,-0.901534677,0.886907935
3682,0.392738104,0.237132490
3683,0.195461586,0.419520795
3684,-1.191542029,-0.605806708
3685,-1.651608229,-1.645864725
3686,-2.144114971,-0.412557721
3687,1.636706591,-0.845069110
3688,0.734668314,-0.171653852
3689,0.155350685,-0.960518003
3690,-0.049326830,0.278365046
3691,0.537237704,-0.163526043
3692,-0.301789105,0.344252944
3693,-0.186341077,0.033553075
3694,-2.292465210,-0.033787608
3695,-0.752011478,2.288187504
3696,-0.005906880,-0.635493100
3697,-1.293221593,0.459968865
3698,-0.141263366,-0.122767240
3699,0.282660484,-0.025668297
3700,-2.417527914,-1.026754737
3701,-0.146911934,1.547844172
3702,1.031657934,-0.360174209
3703,-2.350520134,2.376755953
3704,3.028888464,-3.376961470
3705,1.347103119,2.372841835
3706,-0.410777569,0.529177725
3707,-0.444133073,-0.562160611
3708,1.049891114,-0.491669923
3709,-1.105034351,-1.545611620
3710,-1.372089624,-0.857992887
3711,0.993336260,-0.503777266
3712,0.816355109,-1.091673374
3713,-0.202023268,-1.067800283
3714,1.214365840,-0.650653958
3715,0.984405279,1.416760802
3716,0.732495427,0.035934985
3717,0.756752729,-1.090226889
3718,-2.467912197,0.998062074
3719,1.523848057,-0.031354040
3720,0.149675831,-0.465184629
3721,1.859225273,1.056952357
3722,-0.483494997,0.302532226
3723,-0.933625996,-0.316256344
3724,1.130384922,0.705644011
3725,0.132248938,-0.151340961
3726,0.395849705,-1.257125378
3727,-0.421559662,-0.356307954
3728,-0.580479801,0.195456386
3729,-2.536027908,1.783167839
3730,0.097493306,0.555915236
3731,-0.318568587,-0.730295420
3732,-0.673632443,0.865835011
3733,1.666365862,-1.494630337
3734,-0.535205960,-1.161148310
3735,-0.704941511,0.613900959
3736,0.316522002,-0.860362411
3737,-3.156858683,-0.854781687
3738,-0.568039894,-0.004587188
3739,-0.648734689,1.724960566
3740,1.251857400,0.293569475
3741,-0.221738636,-1.919315100
3742,0.152635783,-0.020553151
3743,-0.296756685,0.780573845
3744,-0.380881757,-2.461980104
3745,1.078663111,-1.292635679
3746,-1.840212703,-2.666101456
3747,1.037800074,-0.647834420
3748,-0.717095613,0.058601424
3749,-2.819007397,0.500183284
3750,0.701272964,4.985796928
3751,0.454070091,-2.347572803
3752,0.127408028,0.223026603
3753,2.315957785,-2.129039288
3754,-0.639881074,0.299284101
3755,-0.096042395,0.108578265
3756,-0.011816436,0.294074625
3757,1.122962952,0.454177469
3758,-0.758294642,1.260597706
3759,-0.790728450,-3.081324577
3760,-1.421285152,-1.982043862
3761,0.507353246,0.770369351
3762,1.050308704,0.512944937
3763,-0.040106528,0.575470090
3764,1.126294732,0.962590694
3765,1.338209271,-0.047322512
3766,-0.128604800,0.938258767
3767,-0.392792851,0.106344596
3768,0.950781703,-2.541449308
3769,0.828133523,1.179960966
3770,-0.193321303,0.507996619
3771,-0.433005303,-1.831558466
3772,-0.393039167,0.683226824
3773,0.444081485,-1.488487840
3774,2.247674227,-0.299726874
3775,-0.062539458,-1.593233824
3776,-1.686516881,1.041966915
3777,-2.242530346,-0.267343163
3778,0.213881105,0.010041170
3779,0.661410034,-1.732571602
3780,0.077630788,2.887334108
3781,1.321424842,0.774952590
3782,0.573315620,-0.476840645
3783,-0.387610704,0.969419122
3784,-0.568846345,-2.806343317
3785,0.040976219,-0.248709723
3786,0.233567268,0.745100021
3787,0.995326698,-0.532595396
3788,-1.012364984,0.982878506
3789,-2.134506226,-0.463591099
3790,-0.026768208,-1.763613224
3791,-0.182066724,-0.421439737
3792,-3.839130163,1.223964334
3793,0.008291662,-1.095021248
3794,1.642942071,1.748859644
3795,-0.301001281,1.272776127
3796,0.047100946,-0.273418486
3797,-0.208907172,-0.129946858
3798,-1.037387371,0.496289074
3799,-0.727847159,0.586145937
3800,0.594446123,-2.003654242
3801,0.992196798,-0.380303741
3802,1.398301601,0.908679247
3803,1.784836650,-0.816849589
3804,-1.434791446,0.537432492
3805,-2.098831415,0.887828588
3806,1.657521963,-0.259514272
3807,0.141309097,0.624101222
3808,1.241195917,1.140313148
3809,-2.097475290,-2.637084723
3810,-1.675129890,0.171137989
3811,0.574690223,-0.346798480
3812,0.800960898,-0.327754289
3813,-0.911955118,0.268062949
3814,-0.359544575,-1.616105080
3815,0.599267900,0.038309462
3816,-0.844720423,-1.086400270
3817,1.513039589,0.195318937
3818,0.317798704,-0.298325747
3819,0.127598330,1.475081921
3820,-0.703607917,-0.280804873
3821,0.163973063,-0.480295151
3822,-1.046128273,-2.073784590
3823,0.337875605,-0.733900309
3824,0.977617145,-0.052022442
3825,0.030531257,1.107479572
3826,-0.182765260,0.238919511
3827,-0.909290612,0.315343380
3828,0.372890770,-0.723923147
3829,-1.331102610,-0.100758523
3830,0.776135802,1.563401699
3831,-3.198760748,1.650577068
3832,-1.012371778,-0.284823149
3833,-0.152651161,-0.635114908
3834,-0.141129032,-0.040585477
3835,0.066606283,-0.308398008
3836,-0.217252418,0.344419032
3837,0.331486166,0.076900408
3838,0.370126575,0.126292422
3839,0.075258665,0.515674233
3840,0.112998784,0.241712719
3841,2.204755783,1.956201077
3842,-2.798523664,-1.665506124
3843,1.433688879,-1.038915634
3844,-0.057577126,0.644584537
3845,0.950929403,-1.449819326
3846,0.591740608,-0.197252527
3847,0.469887316,0.769825816
3848,0.243524790,1.668570042
3849,0.540675044,0.027687378
3850,-0.512962282,-1.219671726
3851,0.693993151,-0.684298754
3852,-1.319831610,0.168586478
3853,0.621167302,-0.858246148
3854,-0.436642408,2.091639996
3855,-0.927246451,0.481441200
3856,0.432879865,0.210670069
3857,1.433244944,1.200424075
3858,0.588705659,-0.887621641
3859,-1.993711710,0.123916745
3860,0.659317076,-0.186182946
3861,2.701474905,2.801287651
3862,1.503470063,1.993581653
3863,-0.090047956,-1.321225166
3864,1.335231543,-1.519461155
3865,-0.305645853,1.547194958
3866,-0.109966040,-0.093583941
3867,-0.152972594,-0.168656558
3868,-0.803663373,0.885020733
3869,1.005157351,0.505615413
3870,1.166947007,0.198019534
3871,-0.206835061,2.095516920
3872,-2.198751688,0.908228338
3873,-0.721845031,-1.116083860
3874,2.725743532,-1.551261067
3875,-1.185389876,0.353978127
3876,-0.165741533,0.013060528
3877,-0.373419225,0.127791643
3878,2.005770683,0.176883638
3879,-2.557362556,-0.066912889
3880,-0.936787486,1.297389030
3881,0.210843086,0.487338066
3882,0.437706083,-0.981797338
3883,1.605058074,-2.316480398
3884,0.491047978,-1.740143299
3885,-0.133985162,0.032912776
3886,-1.814716101,-0.236118913
3887,1.224709153,-0.300747335
3888,0.869234920,1.533848166
3889,-0.576170683,0.617877543
3890,-0.491338134,1.867812395
3891,0.734920859,0.871039450
3892,-1.584327817,-2.035629749
3893,-1.012701511,-1.641723514
3894,-2.100814819,0.573570013
3895,-0.312806606,-0.173877284
3896,-1.328499794,-0.300654292
3897,-0.426771373,1.519110680
3898,-0.515944242,-0.859123230
3899,1.237458825,0.637681842
3900,-1.659904003,-1.128129721
3901,0.644180536,1.722153068
3902,-1.389988899,4.146068096
3903,1.016350508,-1.326161146
3904,-0.483150423,0.156037435
3905,0.300566554,-1.900992155
3906,-0.210463583,-0.092720173
3907,0.082921535,1.269486547
3908,0.201122075,1.244446516
3909,-0.834194541,0.039121985
3910,-1.060075760,-0.697318912
3911,-0.492587239,-1.509199739
3912,-0.710455239,0.092313647
3913,0.754356503,0.522665083
3914,0.031451136,-0.411494613
3915,1.108811021,0.724456608
3916,1.642250061,-1.902881265
3917,0.041617788,-0.419741869
3918,2.404903650,1.869808197
3919,-0.174448341,-0.738760889
3920,1.075453997,1.969383240
3921,-1.497054100,-3.037053823
3922,1.471365571,1.579411983
3923,-0.967283547,0.085223764
3924,0.803776145,0.552047610
3925,0.136300653,-0.514346778
3926,0.011163767,0.452535570
3927,0.337290645,1.141071081
3928,-0.481488466,0.076077655
3929,0.783615708,1.642187119
3930,-0.662533522,-1.236952305
3931,1.040570498,-0.508178294
3932,-2.098521948,0.694393873
3933,-1.743937254,1.101871848
3934,-1.001148582,-0.700916529
3935,0.182286114,-0.584369957
3936,-0.248690009,0.816599965
3937,0.471300483,-0.347104877
3938,-1.649964690,-1.280152321
3939,-0.160546541,-0.067785904
3940,-0.471394926,-0.910732329
3941,1.659690380,-0.233810648
3942,1.115249395,1.372116208
3943,0.866615772,-2.327125311
3944,0.637822628,0.033294167
3945,0.102845982,1.032060504
3946,0.776054263,-0.992501497
3947,1.197374225,0.951552331
3948,-1.299212217,2.693628311
3949,-1.340196967,0.022897243
3950,-0.582757473,1.052923083
3951,-0.359705508,-0.135689080
3952,0.895270765,0.939573824
3953,-0.204406649,1.031557083
3954,-0.301298648,0.546949446
3955,2.490842819,-2.483452082
3956,0.220815629,0.046606213
3957,-1.139159679,-2.395585775
3958,-0.669511497,1.382152557
3959,-0.806498468,0.059167415
3960,-0.534872651,-1.035554409
3961,-0.504385591,-0.277663201
3962,-0.644341648,-0.739081979
3963,-1.726619959,0.558684587
3964,0.380333722,-0.763057351
3965,1.273386240,-0.394534647
3966,0.962285101,-2.031749249
3967,0.039754555,2.119623899
3968,0.447706789,1.253660083
3969,-0.948011220,2.412962198
3970,0.036642566,1.769739032
3971,-0.226969302,-0.475214541
3972,-0.419596493,-1.413443327
3973,0.792162776,-0.026816688
3974,-0.214462146,1.334453464
3975,-0.411622167,0.234877393
3976,-1.182576180,-2.060956717
3977,0.262733847,0.440755963
3978,-0.800350010,0.413998723
3979,0.974459231,-1.777070045
3980,-0.229317665,-0.171856284
3981,-0.174520567,-0.464564890
3982,-1.457356572,-0.645522416
3983,-0.250123024,-2.586746693
3984,1.737678170,0.222905159
3985,-0.084443606,0.208747596
3986,-0.129643738,0.800818145
3987,1.381234527,-1.048254609
3988,0.025359571,-0.206241652
3989,0.260278404,-0.082010239
3990,0.710569739,-1.510040164
3991,0.279064178,-0.496085912
3992,-0.102842875,0.287279278
3993,0.010625400,0.345070362
3994,-1.069053888,-1.478025556
3995,0.340857089,0.356374353
3996,0.151315585,-0.020815400
3997,-1.881573677,-0.416841090
3998,-2.109302759,-0.124143958
3999,-0.464990854,-2.249745607
4000,-2.973942757,-3.715382338
4001,0.413145006,0.672986865
4002,-0.042890549,1.902366281
4003,-2.243332386,-0.585088789
4004,-0.461448312,0.213261157
4005,0.824066281,1.956860423
4006,-0.077734113,-0.018855035
4007,-0.938487172,0.505703807
4008,-2.091058016,0.810993850
4009,-1.800009012,0.535533190
4010,-1.070789576,0.415812254
4011,1.105528831,-0.120439447
4012,-0.070059434,0.800000787
4013,1.083146811,-0.794937670
4014,-0.042846650,-0.533947945
4015,0.799376547,0.598957717
4016,0.480430424,0.056805596
4017,-0.426260591,0.159658670
4018,0.898077846,-0.750004768
4019,1.456642747,0.676200628
4020,1.351820707,-1.359333634
4021,-0.950489879,0.003603280
4022,1.073611498,0.081493825
4023,-0.065801382,-2.961091995
4024,0.442841798,-1.001583457
4025,-0.997830153,0.895631075
4026,-0.039484806,0.735958159
4027,-0.809960663,0.992821813
4028,-1.292485714,0.016392589
4029,1.026575208,-1.657185912
4030,-1.359242797,2.589947701
4031,0.444590122,0.248091638
4032,0.471791983,0.096051574
4033,-0.755494833,-0.094520137
4034,1.198002577,1.825760841
4035,0.498005122,1.973078966
4036,-0.424169302,-2.105237961
4037,0.002158046,0.706208944
4038,-0.801352084,-0.166489646
4039,0.354046285,-0.289057881
4040,0.219390705,0.873371959
4041,1.432270050,1.311319113
4042,2.979365349,-1.070220709
4043,0.357488900,-0.574554920
4044,-1.457579851,-0.716500759
4045,1.987694979,0.151958093
4046,0.194118127,0.521097541
4047,0.613071382,-0.555758715
4048,0.775854349,0.180733293
4049,0.119092576,-0.092506170
4050,2.074792624,1.416293383
4051,-0.730093896,2.332479954
4052,-2.143023491,1.050881743
4053,0.597526670,1.409360647
4054,-1.741166353,-0.229515329
4055,0.776603222,0.448444128
4056,0.511329055,-1.017795086
4057,-0.067703627,0.789411843
4058,0.579398632,-1.738700390
4059,2.001494884,1.078705668
4060,0.654288173,0.003403515
4061,0.497826159,-0.084009260
4062,-0.435064435,0.283953875
4063,-0.503641248,0.614158154
4064,1.369046211,0.106127396
4065,0.505227327,-0.508314431
4066,0.077357769,-1.522793055
4067,-0.100535497,0.637166739
4068,-1.048079967,0.371314943
4069,0.196568981,1.145001173
4070,1.644127488,-0.164929420
4071,0.334741622,0.548422337
4072,-0.285761297,-0.549308777
4073,-0.213389218,0.524294019
4074,-0.136372626,-1.048360586
4075,1.199870586,-0.390728056
4076,-0.276168227,0.085509852
4077,-1.934285879,-0.176142275
4078,0.719650865,0.974768519
4079,-0.468330562,-0.686353445
4080,-1.192924738,-0.450298667
4081,-0.389700085,-0.966785550
4082,-1.575026512,-1.206117272
4083,-0.684224010,-1.002784252
4084,0.318117082,-0.037146047
4085,0.247567430,-1.411930680
4086,0.293850422,0.303158283
4087,-0.444356769,1.634430528
4088,0.029855751,-0.443213463
4089,-0.191881210,0.064630181
4090,-1.133228779,0.677304506
4091,-0.880500913,-1.538807392
4092,1.439080954,-0.312356710
4093,-0.029432086,-0.162144214
4094,-0.505399287,0.039311908
4095,-0.148809627,-0.125498503
4096,2.276616096,-0.846193314
4097,0.933127999,-1.319725633
4098,-0.501934946,0.978508592
4099,1.467493653,0.868293881
4100,2.805916309,-1.367995739
4101,-0.993728280,-0.602095425
4102,-0.764613986,-0.487242609
4103,-1.492462158,-0.795485735
4104,2.690481663,1.314442515
4105,-0.430788159,-1.066824317
4106,-0.511133611,-0.356481314
4107,-0.247996509,0.225624859
4108,0.361039221,-0.237378091
4109,-1.251050234,1.068215013
4110,0.233185276,-0.170049772
4111,-0.470818698,-0.206578165
4112,-2.073976517,2.253759623
4113,-0.901917517,-0.971432090
4114,1.602927446,1.057616115
4115,1.603038788,2.111425877
4116,-0.107448690,-0.141338468
4117,-1.126275063,-0.628533244
4118,0.257532001,2.493713379
4119,0.578061700,0.451634079
4120,0.137127146,-0.162294984
4121,0.698109984,1.415245652
4122,3.213618755,-0.821392834
4123,-0.346578538,2.916917324
4124,1.202698827,-0.304400235
4125,-1.366767764,1.684144020
4126,-0.114542201,-0.725081325
4127,1.502649665,0.757742286
4128,0.302296996,1.281862855
4129,0.299802572,0.977230251
4130,1.992040873,-1.503024220
4131,1.017220020,-2.102125645
4132,0.960628092,-0.133643731
4133,-1.070948482,-1.018760085
4134,0.925841630,1.171001673
4135,-0.669990957,-0.309009105
4136,-1.614647269,-0.028528869
4137,0.849405110,2.130508423
4138,0.078924239,0.191202715
4139,-1.802110434,-1.745935917
4140,-0.453379273,3.270034075
4141,-0.538450301,-0.524730623
4142,1.141098499,-0.163087577
4143,0.472194016,-1.147722483
4144,0.279530227,-0.902342141
4145,0.095943853,-0.090636015
4146,-1.340894222,1.230423450
4147,-0.672779799,-0.729411721
4148,0.212926790,-0.596974313
4149,1.624975204,0.924642980
4150,2.158626795,0.187499821
4151,1.513945341,-1.307075739
4152,0.968383491,0.593913972
4153,0.134609476,0.333179265
4154,2.054660082,-1.071064591
4155,-0.791591585,1.352369428
4156,1.096452594,-0.024345987
4157,0.005597048,-0.230968490
4158,0.511354446,1.351122022
4159,-0.382161230,0.258950770
4160,1.440298676,1.002026439
4161,-0.694980145,-1.049637556
4162,-0.694422722,-0.188238159
4163,0.122833788,-1.334134221
4164,-2.026130676,3.384217024
4165,0.480173826,-0.197614953
4166,1.044620156,-0.106450006
4167,-0.476571918,-1.659399390
4168,1.242836595,2.123367548
4169,0.217470765,-0.998827636
4170,1.041611791,1.159080863
4171,-0.744422078,-0.291803151
4172,0.544443727,-0.704301894
4173,0.376173615,0.693127573
4174,0.079969645,-2.139724255
4175,1.585093975,-0.761115909
4176,0.154682577,0.983532786
4177,1.902317643,-2.330121994
4178,-0.363816887,-0.698273480
4179,-0.133365855,0.160095945
4180,0.691370249,-1.168962479
4181,1.530068874,-1.788977265
4182,-2.577778816,-1.450441360
4183,0.611323953,0.596130073
4184,0.208026946,0.594662905
4185,-0.111012600,-0.016989846
4186,-0.482007384,-0.968782663
4187,0.002536178,2.750900269
4188,2.185961962,1.225684285
4189,-1.881627917,-2.767832279
4190,0.154604778,-0.029675728
4191,-0.995028019,-1.196358204
4192,0.523265004,0.637185633
4193,-2.367293835,1.224615693
4194,-1.217796087,-0.099571705
4195,-3.190206051,-0.818868399
4196,-1.028738618,-0.733121395
4197,0.920746088,1.162343383
4198,-1.931954622,-0.888460398
4199,-1.796064138,0.012783051
4200,-0.804630756,0.091984987
4201,0.402349889,-0.767621219
4202,1.375427723,2.115195751
4203,-0.266423702,1.385819912
4204,0.242311180,-3.548479080
4205,-0.684947133,-0.123434789
4206,1.123880625,-1.012949228
4207,-0.030502014,1.124418378
4208,-0.564404011,1.093835473
4209,-0.472144425,-0.559345186
4210,0.754053354,0.331254601
4211,-0.247418702,0.854615211
4212,2.028867245,-2.344639063
4213,-2.340363979,1.395939589
4214,-0.033054020,-0.237074763
4215,0.867478967,-0.910707891
4216,0.267364115,0.869559348
4217,-0.823861659,0.547936440
4218,3.326709270,0.269043505
4219,-0.934139669,1.277046919
4220,0.699142337,4.890565872
4221,-0.136071235,0.679346561
4222,-0.820941389,0.328005373
4223,-0.831708789,-0.393060118
4224,-0.930662751,0.601628840
4225,0.436120987,-1.267857552
4226,-1.101063251,1.091198921
4227,0.403642476,-0.093868509
4228,1.795310378,0.777996063
4229,0.157647610,0.012158833
4230,0.138493568,0.161625028
4231,2.275616169,-0.212849513
4232,-0.028949343,0.022129804
4233,-0.433078945,-0.683026254
4234,-1.368270636,1.467677355
4235,1.266558409,-1.326448202
4236,-0.176306710,0.177286655
4237,-0.693521857,-0.417873859
4238,-0.247203767,1.967481732
4239,-0.154659331,-0.337769985
4240,1.690990806,-0.682694674
4241,-0.113312840,2.217533112
4242,0.261667371,-1.316553354
4243,-1.003911138,-1.207174897
4244,0.587275088,-0.237112358
4245,-0.989307761,0.376258790
4246,1.092581630,0.029859766
4247,0.660396576,-1.321935773
4248,1.919183969,1.679931164
4249,-1.635437608,-1.776927948
4250,-0.158867955,-0.112603761
4251,-1.363563299,0.705321431
4252,0.158511147,0.089410856
4253,0.269394815,-0.095533580
4254,0.371504545,-1.007035375
4255,0.092224531,1.438594103
4256,1.143269539,0.441965312
4257,-2.774140120,1.818898201
4258,-1.298662186,-0.872222066
4259,0.808779240,1.042400241
4260,1.053080559,0.463921994
4261,0.105651885,-0.208116233
4262,-0.552008510,0.120914966
4263,-0.732260466,0.169519871
4264,-0.794297516,0.999429345
4265,-0.703217745,1.178420782
4266,-0.501552522,-1.583899021
4267,-2.765639544,-0.119891554
4268,2.493939400,1.498154998
4269,2.185133457,-0.762238979
4270,-0.420043826,-2.109094620
4271,-0.150475055,-0.163054287
4272,2.179528713,0.149796993
4273,-0.631279230,0.625240207
4274,0.375821888,0.318250179
4275,2.875710487,3.331030130
4276,0.995704055,1.087166667
4277,-0.612559140,0.356781840
4278,-0.397515118,0.809429765
4279,-0.372930586,-0.328091323
4280,0.236659884,-0.840182364
4281,1.291036487,1.023229361
4282,0.330877453,0.100346483
4283,0.344464600,0.230221793
4284,0.505666316,-1.467470288
4285,-0.504271746,-1.355207920
4286,1.729372144,-0.928748727
4287,0.896575689,0.229603574
4288,0.433422953,-0.069476992
4289,0.150613070,-0.063119724
4290,1.595548272,1.622821093
4291,-2.059940815,0.602826715
4292,0.911708295,-0.889437437
4293,-0.141841173,0.138484955
4294,-1.884139776,-1.153078318
4295,2.652743101,-2.326710701
4296,1.411432743,-0.221597835
4297,0.775667131,2.161079645
4298,-1.632341266,0.961524546
4299,0.311734498,0.870569944
4300,-1.188806295,-0.629903793
4301,-0.221194386,-0.880159259
4302,-0.103017911,-0.023264810
4303,0.542408466,1.329075217
4304,0.387321830,1.992593646
4305,-0.593260288,1.712752342
4306,1.684372902,0.361516416
4307,-0.892678201,0.132212520
4308,-0.015967347,-0.271814793
4309,-1.480054259,0.163729250
4310,0.789510131,1.126242995
4311,-0.382957280,0.561439157
4312,-1.600836754,0.628309846
4313,0.778018355,-0.755583882
4314,0.327519447,1.766151428
4315,0.869443715,-0.944804966
4316,3.102563143,-1.777028799
4317,0.346939117,-0.377726078
4318,1.974904537,-0.444953024
4319,0.435193479,-1.126496792
4320,-0.661523938,-1.241113186
4321,-0.586345196,-0.501074255
4322,0.245661885,0.455863059
4323,0.099478006,-0.059526384
4324,-1.666019440,0.397808015
4325,0.073993072,0.172728866
4326,1.544424295,-1.261975765
4327,-0.253760636,1.294673204
4328,0.078141041,2.542537689
4329,-0.402826607,1.499894500
4330,1.606656313,-0.040266693
4331,0.711696565,0.205279380
4332,-0.841403842,0.290851980
4333,-0.932844818,-0.160074562
4334,-1.130447984,0.648992658
4335,0.314695835,-0.214863390
4336,2.404055595,0.061129268
4337,-0.940079272,-2.014324188
4338,0.160453707,-0.136950925
4339,0.034466550,0.529477835
4340,1.026200533,0.735365868
4341,1.563899994,-1.556619763
4342,-0.849851012,-0.117096588
4343,-0.151770055,-0.288686872
4344,0.020305514,-0.495821595
4345,-0.013744481,0.633248925
4346,-1.170107007,-1.130096436
4347,-0.730630338,-0.081371412
4348,-0.265070438,0.213580087
4349,-1.746342182,0.064734459
4350,-0.550853550,-1.036955476
4351,1.086710215,-0.270035595
4352,1.311877847,-1.183611274
4353,0.293281555,0.862063169
4354,1.671521425,0.332328051
4355,-0.064035177,-0.158177614
4356,-1.922776699,0.462999105
4357,0.086511329,2.192192078
4358,-0.678492725,-0.224636540
4359,0.146845877,0.068627372
4360,-2.551746368,-1.697228909
4361,-0.717641294,2.887127161
4362,0.068257660,-0.138802543
4363,0.316455245,0.188036993
4364,1.133091092,-0.600865066
4365,-0.448702961,0.448758602
4366,0.025942802,-1.860505819
4367,-0.591577411,1.101512194
4368,0.466261327,0.553603053
4369,-1.123710990,-0.926782489
4370,1.848983288,-0.534227967
4371,0.305742621,-0.426742584
4372,-1.929203987,-2.151616573
4373,-1.184042931,0.051057398
4374,2.858645201,-1.107814670
4375,-0.340082914,1.242284656
4376,0.174010798,0.314633906
4377,0.200346053,0.714113533
4378,-0.509309292,1.151167393
4379,-0.295809984,-0.916945636
4380,-0.104701996,-2.281373501
4381,-1.416875124,1.359027505
4382,0.987715244,0.935843110
4383,2.406715155,2.961127996
4384,-0.378421634,-0.186831445
4385,-0.508078814,0.503205657
4386,-0.098894373,-0.590133071
4387,0.134601086,-0.744793296
4388,-0.413048923,0.267639965
4389,1.291650891,-0.223244220
4390,1.112133741,3.433463097
4391,0.379655868,-0.125095487
4392,0.135793224,0.867840409
4393,0.602623522,0.753773093
4394,1.666461110,-2.054203987
4395,0.064177170,0.219427168
4396,0.495136976,-0.544514537
4397,-0.090882652,-0.272721887
4398,-0.410965979,0.376116484
4399,0.504221201,0.788460255
4400,0.375260621,0.408191174
4401,0.067510396,1.996349096
4402,-1.914287329,0.052374959
4403,0.288053751,3.311872244
4404,-0.500142932,0.455016851
4405,0.059833229,-0.980572104
4406,-0.938529372,-0.956050694
4407,-0.974584341,-2.365986347
4408,-2.981786728,-2.564979792
4409,-0.246301368,0.555341363
4410,-0.137128592,-0.758353949
4411,1.253489494,-0.944239378
4412,0.227987558,0.765208960
4413,0.027822256,-0.354870260
4414,-2.445565224,-0.380045742
4415,0.195147142,-0.066625088
4416,-1.624545932,1.886412978
4417,1.302592874,2.688025236
4418,-0.072175309,1.238138437
4419,0.835615337,0.137077168
4420,-0.318746388,-1.329993129
4421,0.495271057,-0.737678885
4422,0.793037832,-0.722099543
4423,-2.291291237,-0.874294043
4424,-0.125024050,-0.447626412
4425,-0.983754098,-0.056072295
4426,-1.364038467,0.379118145
4427,-2.449586153,0.371728599
4428,-0.590889513,-0.777419686
4429,-0.963502288,0.236110806
4430,0.223363519,-0.207823321
4431,0.722079873,0.186510131
4432,-0.579345465,1.677843809
4433,-0.010882914,-1.471804619
4434,0.312380791,-2.450115204
4435,-0.746190190,0.890313983
4436,-0.434700906,-0.218699232
4437,0.185490713,0.070752017
4438,0.394837618,0.720820248
4439,-1.054486990,0.498389482
4440,0.473926932,0.915394306
4441,-0.533257961,-0.959322155
4442,-2.334449768,1.571333170
4443,-0.268522620,-0.453714728
4444,-1.153713226,-0.395072818
4445,0.127065733,-0.094805494
4446,-0.379532695,0.173474431
4447,-0.263203084,-0.012048706
4448,1.119460702,-1.525647759
4449,-1.837025881,0.804940403
4450,2.514544249,0.787054598
4451,0.547395587,-0.632265806
4452,1.787034392,1.685955882
4453,0.203986704,-0.373046905
4454,0.167933911,0.338695794
4455,0.994644165,0.262703210
4456,-0.381346136,2.107250214
4457,-0.149172544,-1.815618753
4458,0.289422035,-1.024161696
4459,0.505212903,1.420446277
4460,-0.272050917,-1.518612623
4461,-1.459685206,-0.890342295
4462,-0.143918961,2.232248068
4463,1.875106573,-0.120206401
4464,-0.516736329,-1.442864418
4465,-1.126850367,0.360894054
4466,0.185541853,0.016875813
4467,0.222179502,1.137341619
4468,-0.063009590,-0.073172346
4469,0.682363570,-1.192298532
4470,-0.197301224,0.049202740
4471,2.154618025,0.284739137
4472,-0.305246025,0.891347945
4473,-0.058179747,0.163515732
4474,0.141130358,-0.085081212
4475,-0.557822347,0.665854156
4476,-0.052662961,0.152534008
4477,0.748302758,-0.641793907
4478,-1.197790861,0.687253177
4479,-0.758940816,-1.373188496
4480,0.273483336,0.678872466
4481,-0.797911644,-0.598029494
4482,-0.153441027,0.385223329
4483,-0.038426712,1.638958573
4484,0.007789558,-0.159047067
4485,0.542912960,1.258557916
4486,-0.017035842,-1.522202849
4487,0.425210714,2.268536568
4488,-1.184093356,0.258936942
4489,0.121353030,-0.300465763
4490,0.490706712,0.874217391
4491,0.919479966,0.400564641
4492,1.081732988,-0.002740249
4493,2.425695896,-0.396255195
4494,0.734128118,-1.503764987
4495,0.113448665,-1.404365063
4496,0.468514204,0.552689731
4497,0.239517048,-1.122152686
4498,0.342189670,-0.753277838
4499,-2.304585695,2.443371534
4500,0.445384234,-0.686700284
4501,-1.091206670,1.758301497
4502,0.165897846,-1.890298605
4503,-0.314205348,-0.206376195
4504,0.510234356,1.498402715
4505,-1.658528566,0.171600193
4506,-0.001501113,-0.881765246
4507,-0.775809228,-0.043910921
4508,0.584584475,-0.345001876
4509,0.865507185,0.041786600
4510,-0.362158239,-1.045808077
4511,0.729558647,0.489404976
4512,1.058986068,-0.963717520
4513,-0.107567884,-0.232993454
4514,1.940847874,-1.208546638
4515,-3.334903955,-1.195019960
4516,-0.134386867,0.127811998
4517,0.763369620,0.214480907
4518,-0.190630272,0.102980971
4519,-0.179210886,0.039356977
4520,1.809622288,0.055150401
4521,-0.294817120,-0.606004953
4522,-0.026994357,-0.178161442
4523,0.177040830,0.043606259
4524,1.872689247,1.698851347
4525,-0.470782787,-0.444718421
4526,-0.572551966,-1.740303159
4527,-1.988505125,2.184921503
4528,-1.512957573,-0.393496186
4529,-0.572945774,0.055839315
4530,-1.838299274,1.259115219
4531,-0.346503764,0.194763273
4532,0.364079058,-1.187311888
4533,-0.582949281,1.339473128
4534,-0.168562651,-1.046070337
4535,-0.607385039,0.727366328
4536,-0.860562921,0.318383694
4537,0.055702548,0.446673930
4538,-0.740547657,-0.655517876
4539,0.091145396,-1.169196963
4540,0.728917599,-1.138139486
4541,0.178194195,-0.147573560
4542,0.622091830,-0.329355508
4543,-0.266788781,-1.715993047
4544,-0.665562034,1.349309206
4545,-0.177668318,0.146983400
4546,-1.573352575,1.850685239
4547,1.752889156,1.622120857
4548,0.357724071,0.229487270
4549,0.015817650,1.207440972
4550,-3.288962364,-0.703728199
4551,0.511320174,1.376262665
4552,0.184354112,-0.680241466
4553,-3.630491018,-0.662668586
4554,0.964944601,0.244808137
4555,-0.846003592,0.518679202
4556,-2.403807402,1.515820265
4557,2.714906216,-1.312700391
4558,0.958522558,-0.223993093
4559,0.469844937,0.250962317
4560,0.761739373,0.347372264
4561,-0.816590488,0.597424984
4562,0.693421781,-0.013159145
4563,-0.173431724,0.957458138
4564,-0.460165083,1.382356763
4565,-1.031354427,2.258541107
4566,-0.634046316,-1.280599952
4567,-0.160221279,-0.163924977
4568,2.911785364,-0.639747739
4569,-1.921752095,-1.468795300
4570,-1.576726794,-0.242441714
4571,-0.359083563,-0.344711959
4572,1.144548774,-0.511615038
4573,-0.580048382,0.276124954
4574,1.066304207,-0.821180105
4575,0.213164046,0.053401545
4576,2.406913996,-0.342686534
4577,-0.309629858,-1.989707232
4578,-2.110694170,0.820608556
4579,0.663479030,-1.058021545
4580,-0.269084275,-0.258986443
4581,0.546164036,1.240953326
4582,-0.035003014,0.163591295
4583,-0.016082428,-0.317311674
4584,-0.206547260,1.223536491
4585,0.679432571,1.042662263
4586,-1.361409783,2.104561567
4587,-1.392303348,-0.141148835
4588,-1.590378284,0.285540283
4589,0.127364621,0.066042721
4590,0.959897637,0.525126517
4591,1.012187719,0.554437280
4592,3.988287449,0.187259167
4593,0.114747345,-0.823356867
4594,0.763100266,0.054457206
4595,0.037883699,0.758528709
4596,-0.120647132,-0.574735880
4597,0.322703481,1.553819060
4598,-0.826030612,-0.145683914
4599,-0.822654307,0.740947485
4600,0.630575895,-0.565538883
4601,-0.131626114,-0.068482302
4602,1.777147651,1.530362368
4603,0.638841689,0.337854683
4604,-0.173706159,0.478366673
4605,-0.686736703,-2.845370293
4606,-0.728028178,0.877345979
4607,0.512823224,-1.786807060
4608,0.353618562,-0.682630301
4609,0.211413443,-0.597888112
4610,-1.004037261,-0.475651354
4611,1.012616038,-0.581954122
4612,0.497029573,0.950916231
4613,1.783048153,3.742159367
4614,-0.202862948,0.522068322
4615,0.883984149,1.038828492
4616,-0.114102937,-0.157797888
4617,-1.696665168,-0.203979850
4618,0.786449909,0.629319787
4619,1.686174154,-0.120727018
4620,-0.139362827,0.209005967
4621,1.498139620,-1.625545144
4622,1.130663633,0.899431050
4623,1.588132620,-2.554949522
4624,0.289415628,0.209781662
4625,1.599973321,0.356082320
4626,0.008152775,-0.277068973
4627,0.973326862,-0.427330673
4628,-0.142011508,-0.153600588
4629,-1.481439233,0.149045467
4630,-2.398569107,-1.832621098
4631,0.625531197,0.029442340
4632,0.555437267,0.069724008
4633,-0.046525285,0.804445267
4634,-1.403562069,-0.061313808
4635,2.400743008,-0.087596223
4636,0.680543065,-0.330066800
4637,-3.904113770,-0.572579741
4638,-0.105407089,2.071025133
4639,-2.760231256,3.828259945
4640,0.235396117,-1.300314069
4641,-0.314992130,-1.317020178
4642,-0.289508820,-0.062842391
4643,0.020067677,-0.230019987
4644,1.450139880,0.645505965
4645,0.232821703,0.666712582
4646,-0.313652158,-0.073727816
4647,0.770604134,-0.917823434
4648,-1.201587796,-0.137644589
4649,1.719843149,-0.969061494
4650,-1.828691721,1.309698105
4651,-1.808607101,-0.139446169
4652,1.817138910,-0.450290948
4653,-0.140455753,1.602227569
4654,0.079020575,-0.033719763
4655,0.855529726,3.078850985
4656,0.516396821,-1.125248075
4657,1.722963572,-1.564199924
4658,1.340879560,-1.970740080
4659,1.391809702,-1.785077810
4660,-1.182024240,-0.858290672
4661,0.576480508,-1.060531974
4662,0.282397181,-0.339759231
4663,5.221222401,-2.095046043
4664,1.204941869,1.179101944
4665,1.126212239,-2.009114265
4666,-0.092458196,0.540681481
4667,-0.227449402,-0.409417242
4668,-0.198852450,-0.195720226
4669,0.114431717,0.169499189
4670,-1.133689880,-0.093212605
4671,-0.390119672,-0.132886037
4672,0.371771336,-0.058338638
4673,1.193557024,-2.739985704
4674,-0.414932638,-0.396093994
4675,-0.656569541,-0.244891182
4676,-0.199024782,-0.578411579
4677,-0.464747876,0.379884183
4678,1.597265959,-1.552407265
4679,-1.087675333,-1.194187880
4680,0.630901456,-0.409310699
4681,0.180402845,-0.003597016
4682,0.881887019,1.024699092
4683,-0.617207408,1.306957841
4684,1.767863274,2.855142593
4685,0.000521453,0.204844862
4686,-0.842004061,0.625948966
4687,-0.025692144,-0.220035985
4688,0.072987705,-0.075046062
4689,0.038458891,0.334507078
4690,-3.152336597,-0.105318010
4691,0.775896311,0.746858358
4692,-0.435667425,1.441223860
4693,3.257221222,-0.373715281
4694,1.981680632,-1.023165941
4695,0.066827506,-0.628270328
4696,-2.388715506,0.624334335
4697,-0.970490575,-2.409304619
4698,0.244704559,0.042143427
4699,2.260960102,-1.317082167
4700,1.334138036,-1.049106598
4701,0.638516426,-0.456718117
4702,0.899963140,1.671239376
4703,-0.448125660,0.890590310
4704,2.277506590,-3.818139553
4705,0.427376360,-0.035032943
4706,-1.139414072,-1.244884014
4707,0.156702504,-0.218758628
4708,0.579085052,0.111946791
4709,-0.143279314,-0.239865690
4710,-0.567647994,-0.978980422
4711,1.198731661,0.340153039
4712,0.474679828,-2.720017910
4713,-0.182208255,0.120678768
4714,1.466836929,-0.135265589
4715,0.787376404,0.063962810
4716,-1.096948981,-0.557403803
4717,-0.154140860,-0.280512214
4718,0.001569096,0.277227819
4719,-0.536752343,1.940927982
4720,0.873182058,-0.928498030
4721,-0.424913049,-0.340992808
4722,-0.780937076,1.622130036
4723,-2.036161900,3.692063093
4724,0.387791276,-1.001261830
4725,-0.273838967,0.173921213
4726,1.034221768,-1.026883721
4727,0.880189419,0.617051721
4728,1.422316074,-0.329538077
4729,-1.578945637,-0.944973826
4730,-0.973159194,0.330312848
4731,1.211615324,-0.292227805
4732,-1.045464635,0.989488184
4733,-0.763931215,1.316619277
4734,-0.648845196,2.791004419
4735,0.215969235,-0.525462687
4736,0.262878597,0.769064367
4737,-0.404227585,-1.426723719
4738,-0.143780649,0.312720984
4739,0.139600649,0.838173270
4740,0.776933193,-0.251782924
4741,-0.521940351,1.095566392
4742,0.744561255,-1.446248889
4743,-0.636647582,-0.813477039
4744,-1.133791685,-0.403628409
4745,0.134844899,-0.351113349
4746,2.670727253,0.052459165
4747,2.443440199,0.250875831
4748,-1.587935686,-0.204012275
4749,-0.778160572,3.054670572
4750,-0.055479120,0.447498083
4751,-0.680048108,-0.667556047
4752,-2.366973639,0.751224041
4753,-2.859439373,-1.251766324
4754,0.223681703,0.168843016
4755,1.523856640,-0.024648935
4756,-0.414259791,-0.249670684
4757,-2.317914009,1.115313530
4758,1.568610549,-2.734093666
4759,0.117414773,-0.661485851
4760,0.758797586,0.657317162
4761,0.731561065,-1.155793071
4762,-2.623971701,2.016630173
4763,-0.174304560,-0.718638062
4764,0.146888793,0.197992802
4765,0.008151693,0.185911953
4766,0.367732704,0.462145448
4767,0.163771272,-1.331283092
4768,0.054672450,0.304505140
4769,0.362354487,-1.070975184
4770,-0.960216105,1.113896966
4771,-0.332380533,-2.136924267
4772,1.025064707,0.043975849
4773,-0.048588961,-0.548735499
4774,-0.483653486,-0.748514712
4775,1.977396727,-0.695526838
4776,-1.662537694,2.589458942
4777,-0.539688766,0.655189991
4778,0.718381763,-0.957683206
4779,1.556844950,0.146754950
4780,3.113905430,-0.189539582
4781,0.217622548,-1.277352810
4782,1.938928008,-0.264871001
4783,0.627028584,-0.439821243
4784,-1.837009668,0.905772507
4785,0.707269549,0.163383022
4786,1.016873956,-0.031883627
4787,0.581998944,0.815448940
4788,-0.834602475,-0.236867785
4789,1.032417536,0.681499898
4790,-0.654705524,-0.831758618
4791,0.216285557,-0.474972874
4792,-0.940851331,1.177535057
4793,0.454929829,-0.623563051
4794,-1.299025416,1.212702870
4795,0.111121863,-1.738862991
4796,-0.162878782,-1.337970018
4797,1.105662584,0.689535499
4798,1.654123068,-0.500134349
4799,0.703592122,0.129774362
4800,1.268393517,-1.030986309
4801,-1.529252291,1.893935919
4802,-0.143308848,0.150809050
4803,1.164006472,0.081408083
4804,1.414008975,-0.304559410
4805,0.302276969,-0.019016176
4806,-0.951802015,-0.910890937
4807,1.430621147,0.699246645
4808,-1.509228826,-1.161282897
4809,-0.186234280,-0.048011295
4810,1.261004686,-1.357720971
4811,0.294451863,-0.378422022
4812,0.144071907,-1.690606713
4813,-1.269683361,-0.494290769
4814,-1.929885626,-0.360398114
4815,-0.062571071,0.176544130
4816,-0.986035049,0.970334888
4817,-1.177063942,-0.984183192
4818,0.680375755,0.976546824
4819,-0.935251951,-3.388637781
4820,-0.564383090,-0.069365054
4821,-1.467349648,0.831480265
4822,0.785398364,-1.489435077
4823,-1.454171658,2.126818895
4824,0.332083464,1.008626342
4825,-0.020223735,-0.157390758
4826,0.562890172,-0.421927541
4827,-1.338867664,-2.207161427
4828,-1.125331163,-1.372388363
4829,-1.597769856,-0.523171365
4830,1.255741000,2.137564182
4831,-0.247184172,1.690652132
4832,-0.597079098,-1.611087203
4833,-0.589420199,-0.800766826
4834,0.664756000,0.762172043
4835,-0.098847754,0.347279191
4836,-0.696989059,1.110926628
4837,-0.691285372,0.961063266
4838,0.194738150,-1.902376413
4839,-1.181695700,0.725123525
4840,-0.327651113,1.155786753
4841,0.397469133,-0.130316347
4842,1.577050209,-1.405543089
4843,-0.532476485,-1.597264647
4844,-1.348504066,0.199433953
4845,1.533293009,0.445049524
4846,0.653009534,-0.241601691
4847,-0.784202397,-4.870417118
4848,0.025088847,0.255933106
4849,0.874334097,-1.362889290
4850,-1.373342991,0.198215187
4851,-0.809838235,0.279548556
4852,-0.410312444,-0.246695012
4853,-1.160338283,-4.152833939
4854,0.525562227,0.552179456
4855,0.200514078,-0.614166617
4856,-0.870673895,-1.027707696
4857,-0.295758247,0.805165350
4858,-0.375330269,-0.547462821
4859,-0.928452313,0.234673351
4860,1.787840605,0.671072721
4861,0.056005180,-0.721982956
4862,0.239292949,-0.056508292
4863,-0.033056617,-0.351527661
4864,2.940493107,-0.840240955
4865,0.003259460,0.667094111
4866,-1.300971627,0.200167358
4867,0.854516745,1.642924190
4868,1.140707374,0.819402337
4869,0.227047592,1.909383535
4870,-0.695325613,-0.849866152
4871,0.153486818,-0.079182312
4872,0.463350266,0.223195851
4873,-0.520140529,-0.095199525
4874,0.855949998,0.513546586
4875,-0.716814101,-1.910977840
4876,1.052862763,-2.057320595
4877,-0.050941646,-0.735809326
4878,-0.284214437,-0.088625029
4879,-1.014514923,1.407782793
4880,-0.417579621,2.081249952
4881,0.526005983,0.397008002
4882,-1.762043118,-0.242787361
4883,-1.486555815,1.491462469
4884,-1.285841346,-0.247507721
4885,-1.913524151,0.437041223
4886,0.196930647,-1.740089059
4887,-0.096047878,-0.114387691
4888,0.383526623,-0.158981830
4889,1.193488598,-1.928134799
4890,-0.201704502,-0.786216676
4891,0.338376284,1.267420769
4892,0.765376151,1.376100302
4893,1.000869870,-0.778610229
4894,0.438231111,-1.511763334
4895,0.840053082,-0.828309953
4896,0.016732637,-0.260507703
4897,0.966032267,-0.203140616
4898,2.747066259,-0.678195119
4899,0.061164144,0.160913154
4900,1.578102589,2.457576752
4901,-0.109526873,0.141319722
4902,-0.777859926,0.309761763
4903,-0.574692726,-0.511254013
4904,1.099229574,-0.211992651
4905,1.232123256,0.032913022
4906,0.289903224,-0.044501565
4907,0.042778593,0.346673608
4908,1.532469273,-0.342927158
4909,0.418324679,0.377182901
4910,-1.174854159,-0.357560933
4911,0.351934075,1.301812172
4912,0.291622788,0.502732635
4913,0.141493410,-2.976803780
4914,0.488079488,2.298909187
4915,0.093801260,-2.289764404
4916,-2.201229572,-1.173532486
4917,-1.881338120,1.217693329
4918,0.056809783,-0.264994919
4919,-0.625721574,-0.227483690
4920,-1.760640621,0.626350164
4921,-0.034528580,-0.154491663
4922,0.545765936,-0.700792313
4923,-2.253260374,-2.211224318
4924,-4.276154995,-1.533254385
4925,0.728773057,-0.210197061
4926,0.232259005,0.024963710
4927,-3.784095764,0.859260559
4928,-3.023910284,-4.194828033
4929,0.294857621,-0.211689651
4930,0.806131482,-0.094637692
4931,-0.949579775,0.875305891
4932,-0.451298416,-0.489857078
4933,0.333984613,-1.635623932
4934,-0.763177276,-0.260487050
4935,0.318383783,0.065152839
4936,0.449649096,-0.761544943
4937,-2.206531048,-0.761053383
4938,0.977416098,0.767332792
4939,-0.655399144,-0.657234728
4940,-0.243310899,0.107472047
4941,3.169211626,0.766941011
4942,-0.734376192,0.457919955
4943,-0.343009055,-0.423241258
4944,1.434428573,1.202264190
4945,-1.022763848,0.008060932
4946,0.254815161,-0.335193843
4947,1.101591825,0.011388864
4948,0.193191350,0.064905763
4949,2.150149107,-0.697145104
4950,0.987582564,-0.045864165
4951,2.334270716,-0.318276525
4952,1.853842497,1.815957904
4953,0.164434284,-0.851839960
4954,3.292639017,0.270867348
4955,-0.093366399,0.162410513
4956,0.625455797,2.272005796
4957,-2.226923704,-2.328444242
4958,-1.228381991,0.188507691
4959,-0.120085627,-0.272536099
4960,-0.370783955,0.550604463
4961,-1.024678469,1.161899805
4962,0.241726637,0.477396071
4963,1.192255855,-1.103135228
4964,-0.664882481,-0.124671146
4965,0.138473704,0.113812946
4966,0.424920678,1.274858117
4967,1.620324850,0.679347515
4968,-0.316969037,-0.716353118
4969,-1.145614028,-0.760782957
4970,0.711552620,-1.103547692
4971,-0.025951734,0.739582121
4972,1.298334122,-0.266744316
4973,-1.610141277,-1.368514657
4974,1.140873432,-0.875112057
4975,0.894269705,-0.097860754
4976,0.105237961,-1.675432801
4977,-0.055973619,-0.309806824
4978,-0.427954108,-0.580533683
4979,0.740826309,-3.488957882
4980,1.233537197,-1.557330608
4981,0.333045870,2.371192694
4982,-0.175085247,2.177143335
4983,-0.633997977,0.082094744
4984,0.806225717,-0.067247733
4985,0.445614517,3.277390957
4986,0.703938425,0.657492280
4987,-0.009360909,-1.312590599
4988,0.608390272,-0.407416254
4989,1.266620636,-0.589344382
4990,0.431969881,-2.518054485
4991,-2.587226868,-0.699885249
4992,-1.539155722,-0.734295845
4993,-1.229709864,-0.658919334
4994,-0.278559357,0.548711419
4995,0.728190660,-1.617782593
4996,-0.889674187,-1.906303406
4997,-1.426894426,0.859684706
4998,2.456924915,-0.835255027
4999,-2.359247923,2.017983675
5000,0.141248792,0.148535863
5001,-0.706647754,1.221449375
5002,0.355908722,-0.242804185
5003,-0.744793594,0.579520583
5004,0.487034708,0.062732227
5005,3.482116699,1.820912361
5006,0.041648488,-0.147631854
5007,-0.081143022,-1.077795506
5008,2.544927120,0.040600717
5009,-2.911198616,-1.960041165
5010,-0.142141372,0.543193102
5011,0.140065417,0.013229294
5012,-0.241869360,-0.217162132
5013,-1.438336015,-1.109366179
5014,0.272744238,-0.077709250
5015,-0.826520324,1.028903365
5016,-0.150102094,2.252643347
5017,-0.942996204,-0.362194300
5018,-0.226168126,-0.096458934
5019,1.652927637,0.600103796
5020,-1.044493675,0.687486351
5021,0.128639579,1.074197292
5022,-1.086589098,-0.107471347
5023,-0.549136102,0.100835860
5024,0.993979752,0.004372895
5025,1.311806917,-5.148661137
5026,1.305505157,-0.231172010
5027,0.406962097,0.393601537
5028,-1.833340406,0.425124705
5029,0.666700244,-1.721501827
5030,-0.973498046,-0.077350855
5031,1.188879848,-0.081144929
5032,-0.131014302,0.134558827
5033,-0.563940465,2.052797556
5034,0.334460557,-0.150145605
5035,0.100894153,1.138647318
5036,-0.765705943,-0.810085356
5037,-1.444996834,-1.676621914
5038,-0.694414973,-1.134661198
5039,-0.319871902,0.655425847
5040,-1.236834288,0.011267424
5041,-2.046957731,-0.693749368
5042,0.056733225,-0.152493477
5043,-0.371234983,0.815632463
5044,0.384957910,-1.277595401
5045,0.988172293,1.199393272
5046,-1.093887210,0.368236005
5047,0.182419330,0.164205879
5048,0.331650019,-0.254238188
5049,-0.293722034,0.059224546
5050,-0.202940390,1.111812234
5051,0.155993536,0.560072303
5052,0.227110475,0.055191442
5053,-0.053139925,-1.306261539
5054,-0.115761638,-0.012697697
5055,0.207633883,-2.126041174
5056,1.590676427,0.255500615
5057,0.689953327,0.765831470
5058,-0.238943994,1.950477600
5059,-0.723584354,2.458088398
5060,-0.941048741,-0.246981472
5061,-0.167248726,-0.528824925
5062,-1.257948160,-0.840332508
5063,-0.063595086,0.412632078
5064,0.034591697,-0.483141899
5065,-1.774912119,1.324557304
5066,-1.776563287,2.049065351
5067,-0.915844858,-0.758353353
5068,-0.671964705,0.481625468
5069,-0.750856519,0.356736839
5070,-0.517485499,1.201250672
5071,-0.647438765,0.117743790
5072,-0.591562629,-0.042982548
5073,-0.083234668,0.766268849
5074,0.812375665,0.104774132
5075,-0.215645611,0.079834417
5076,0.452154547,-0.081695095
5077,-0.749588847,-0.840568185
5078,0.252150536,2.789590836
5079,0.270427108,0.992074728
5080,1.145201921,-0.080741554
5081,0.679720283,-0.185016021
5082,-0.623073697,-2.481049538
5083,2.314105749,-0.606362283
5084,-0.061756223,-0.478555918
5085,2.005041361,0.306274861
5086,0.175676510,-0.372267902
5087,0.098870113,-0.194000602
5088,0.463933349,-1.094173551
5089,1.673310041,-0.777619958
5090,-0.030700432,0.238955930
5091,-0.434734285,-0.162361294
5092,0.614757717,-0.873854578
5093,1.829982638,0.810958326
5094,-0.049123555,-0.721342504
5095,0.889591932,-1.620751619
5096,0.737222135,0.140889674
5097,0.426027775,0.174392268
5098,-0.436532676,-0.708683312
5099,-0.150454774,2.424240112
5100,-0.351690292,-0.070618778
5101,-2.016418457,-1.102436185
5102,-0.831455648,2.707308054
5103,-1.001244664,-2.195343256
5104,0.344734430,0.646541595
5105,0.446962625,-0.798848748
5106,1.429665804,-1.273002625
5107,0.503355742,1.027299047
5108,1.534967303,-1.342706442
5109,0.927560449,0.652610719
5110,0.462132096,-1.948135257
5111,0.108534247,1.270440698
5112,0.214879259,0.553642035
5113,0.515792787,-0.176543206
5114,0.359843075,0.081115671
5115,-0.238822699,-0.765919805
5116,0.090305477,-0.195247889
5117,0.297267407,0.179792687
5118,0.740399361,-0.036908537
5119,0.735119164,0.822261930
5120,0.158516467,-0.512188613
5121,-1.028086066,-1.900973439
5122,0.245268226,1.702412844
5123,-0.364011168,0.305404395
5124,0.265416414,0.550958753
5125,1.034582019,0.011152260
5126,0.419012547,0.273434579
5127,1.495104074,-1.909507036
5128,0.735876977,-0.176458865
5129,-0.071752027,0.180428579
5130,-0.247965947,-0.130503133
5131,3.308389425,-0.597275555
5132,1.683450699,1.754798293
5133,0.520557284,0.495531023
5134,0.157376766,0.993035018
5135,1.726874828,-3.260688543
5136,0.173116624,3.976081848
5137,0.517885983,-0.004038200
5138,0.944950998,-0.312731206
5139,1.547697186,0.396783143
5140,2.182248116,0.908789158
5141,0.197549000,-0.300764173
5142,0.286179215,-1.749520063
5143,-1.648014665,0.224703968
5144,-2.514054775,2.550143719
5145,0.812441826,1.768047214
5146,1.346541405,2.013215303
5147,0.544441223,-0.539539635
5148,-1.018580079,-1.913630724
5149,-0.406209588,-0.370213270
5150,-1.234827638,0.899885297
5151,-0.302187264,1.514246345
5152,0.200669229,0.788509190
5153,-2.938299417,0.440709531
5154,1.505081415,0.084607385
5155,0.390835166,-0.295744359
5156,-2.221976519,-1.311381578
5157,0.785064101,-0.783157229
5158,0.427199006,1.775027037
5159,-1.396606207,0.135191560
5160,-0.277301431,0.501644850
5161,-2.029547215,0.760401130
5162,0.201574206,-1.999774933
5163,-1.209340811,1.456934452
5164,0.508623481,-0.842229366
5165,0.125352800,-0.455036551
5166,1.085212231,-0.353585243
5167,0.168363184,0.060737759
5168,-0.137971818,-1.787610173
5169,0.464463949,0.394021273
5170,-0.174295112,-0.238481373
5171,-2.225950241,-0.487385392
5172,-0.050888181,-1.970138907
5173,-0.749762952,1.331122637
5174,-0.343248308,-0.145903289
5175,-1.114560962,0.548484862
5176,-0.733244717,2.165356159
5177,-0.802999258,-1.010064602
5178,-0.204705000,-0.179632753
5179,0.297441483,-0.058965333
5180,1.850648403,0.518467307
5181,-0.019991681,-0.222928062
5182,0.244473517,0.331812263
5183,-0.978294730,-0.483494431
5184,0.300763279,-0.098461173
5185,0.284801722,0.233685285
5186,-0.163432300,0.957057893
5187,-1.136023402,2.397803068
5188,-0.518492877,-0.309666187
5189,-0.823696375,-0.690192103
5190,0.344858617,-0.461409926
5191,-0.204539821,1.648104906
5192,0.167432636,-0.132561713
5193,0.206181198,-0.375933439
5194,0.681740761,-2.089616299
5195,-2.988336802,-1.145700336
5196,-0.684069514,-0.766960323
5197,0.866815686,0.164106220
5198,0.564487219,0.014283571
5199,0.358976960,0.154983103
5200,0.289449155,-0.374610364
5201,0.761061132,-0.422084391
5202,-0.042214930,-1.313702583
5203,0.212661371,0.167722687
5204,-0.211114272,0.112682864
5205,0.369851798,-0.023400933
5206,0.180238038,-0.085662551
5207,-0.579395175,-1.550937772
5208,1.891031981,-2.048671484
5209,-0.593815446,-1.277683854
5210,1.293445587,0.589844108
5211,-2.943654060,0.810119510
5212,0.857149303,-3.016556263
5213,-1.735764265,0.093584120
5214,-1.329997540,0.542804003
5215,0.520365357,0.337891012
5216,0.942082763,-2.091780186
5217,-0.078235701,-0.141202688
5218,1.630389094,0.269389242
5219,-0.096015021,-0.446140468
5220,0.183745235,-0.154486060
5221,2.012704372,2.068708420
5222,1.357804537,-0.086926572
5223,-0.072603904,1.073805928
5224,-0.206929922,0.201235503
5225,-1.828137159,0.902000546
5226,-0.256483078,1.834636092
5227,-3.043903351,-0.225652009
5228,1.983709216,-0.098593399
5229,-2.385251760,2.715641499
5230,-1.541134596,2.085689545
5231,0.647047997,1.528413773
5232,1.185947537,1.383335948
5233,1.213735461,0.332918257
5234,0.724722505,-1.297077775
5235,-0.737773657,-1.057193995
5236,-1.573924780,-0.733553171
5237,-0.970293701,-0.902305603
5238,-1.639187574,-2.050288677
5239,-2.007206440,0.049878955
5240,-1.204447269,-0.205199480
5241,0.159646183,0.856955945
5242,-1.310244441,-0.270386398
5243,-0.148852527,-0.710173666
5244,0.118648715,-0.224087045
5245,0.490384310,-0.406905293
5246,0.136798561,0.283905387
5247,0.314172149,-0.239629954
5248,-0.800357282,0.143378675
5249,0.013397872,-0.782430172
5250,0.179116726,-1.609434724
5251,0.724261522,0.878201604
5252,0.474650919,-0.956400216
5253,-0.440532893,-0.717308164
5254,-2.090695620,-1.155714512
5255,-0.937580824,0.648377657
5256,-0.516517162,1.118451238
5257,-0.715187967,0.793192744
5258,-3.273898840,0.494930983
5259,1.335698843,-2.186216831
5260,-0.024879564,0.523436606
5261,-0.834900916,-1.668164372
5262,-3.530215025,-1.023421764
5263,-0.208192289,0.012037318
5264,-0.632783532,0.398142099
5265,-0.244416550,0.161702484
5266,-0.277599573,0.687664807
5267,-2.003200293,-0.160723090
5268,0.142420724,-0.208386883
5269,-0.522163928,-0.143317029
5270,-0.910562575,0.341723502
5271,1.370419025,-0.831791818
5272,2.551315308,-1.583567500
5273,-0.059314266,0.173907042
5274,-0.615550160,0.881304383
5275,-0.840225339,-2.117275238
5276,0.955142021,0.151567712
5277,0.773320317,1.645779371
5278,1.609730005,-2.793956995
5279,-0.029893383,-0.214307368
5280,0.057197824,1.339489341
5281,-1.112923026,-0.620220006
5282,0.100929767,0.403567851
5283,-0.050619818,-0.559849679
5284,-0.575972080,-0.226324841
5285,0.107444033,0.355493933
5286,-0.717327416,-0.668895483
5287,0.515353262,-0.847043574
5288,0.354367286,0.963186502
5289,-0.773145914,-1.879262567
5290,-1.476444244,-1.200086594
5291,-0.123010181,0.108672947
5292,0.494059265,0.443552643
5293,0.061253496,0.956304967
5294,1.068606257,-3.239921331
5295,-1.847930670,1.708073020
5296,0.296175659,0.854207516
5297,0.218568742,0.693872273
5298,-1.733429670,0.748287678
5299,1.349818587,-1.246923208
5300,0.635323763,-0.155364200
5301,-0.129670978,-0.176129028
5302,-1.453577757,3.805479527
5303,-0.129868507,-0.173865616
5304,1.298474431,1.338000655
5305,-0.712389588,-1.095736861
5306,-0.634861112,1.032015324
5307,-4.109416962,-1.180258155
5308,-2.288960457,0.389479250
5309,-0.811337948,-0.517312944
5310,0.071130604,-0.822045088
5311,2.587210655,2.663959026
5312,0.508210659,-0.953854561
5313,-0.440787613,0.605521739
5314,0.124570712,-0.216741532
5315,-1.639503956,-1.293604493
5316,1.092709064,1.603959918
5317,1.039911270,0.560865879
5318,-0.722022653,-0.924657345
5319,-1.864423275,1.603174806
5320,-0.590592742,-0.281301558
5321,-1.931164980,-2.922912359
5322,0.487392306,-0.083405972
5323,-0.674812436,2.130398035
5324,1.100985408,-0.799236774
5325,-0.791840613,1.822254300
5326,-0.376140445,0.086776763
5327,-1.604947329,-0.157956496
5328,-2.577661753,-0.563319683
5329,-1.427356005,2.695384026
5330,-1.717976809,0.104235411
5331,-1.397194862,0.260830998
5332,-2.107198238,1.191173553
5333,0.815455317,-1.592199087
5334,0.534711778,-0.399384707
5335,0.044915214,0.353311062
5336,-0.291859508,-1.222089291
5337,-0.491763175,0.256597161
5338,0.496926755,0.046749122
5339,0.513751924,-0.010004888
5340,0.427015990,0.763139009
5341,-0.827892423,1.475819111
5342,1.593462825,-0.988875270
5343,-0.416116565,-0.723441184
5344,-0.718491197,-0.884068489
5345,-0.974942923,-2.658128262
5346,0.833697319,0.683492184
5347,-0.726037264,-0.667116046
5348,0.530545831,1.213772774
5349,-0.425809592,-0.898299932
5350,-1.521717072,0.600861073
5351,0.708025813,-1.373269320
5352,-0.091988035,-0.194922358
5353,-0.025953149,0.406462818
5354,0.237100154,0.145629376
5355,0.804972768,0.703240633
5356,0.296277553,0.029111626
5357,-1.824675441,0.579258263
5358,-0.633285642,-0.847454846
5359,-0.284349918,-0.471123219
5360,-0.058689401,0.301229686
5361,0.738756537,-1.368296027
5362,-1.208116055,1.236740470
5363,-0.844795763,1.851646304
5364,-0.822075844,-0.642849684
5365,0.575970590,0.525722146
5366,0.875882924,2.436921358
5367,0.904045820,-0.326888174
5368,-0.668715954,-0.661744177
5369,1.148542881,-1.280070543
5370,0.426871181,-0.475478530
5371,1.038414240,-0.580809295
5372,0.237673789,0.720142663
5373,2.713395357,3.220202208
5374,0.440263450,0.223858774
5375,-0.246214837,0.203277469
5376,-1.813481331,-0.358185649
5377,1.032033443,-1.654888511
5378,-0.151136696,-0.502835810
5379,2.669786692,2.293873072
5380,1.987661839,2.305820704
5381,-0.658282995,-0.417020857
5382,0.693104982,-0.880196095
5383,0.361043334,0.058184981
5384,-0.829889178,-0.823967814
5385,-0.602811873,-0.320964396
5386,0.192936361,-0.148663267
5387,-0.240122974,-0.104254827
5388,0.735238969,-2.124523640
5389,1.649221182,0.192624331
5390,-0.293091059,-1.892051816
5391,-0.079161778,0.528930843
5392,-0.156431139,-1.632014632
5393,-2.041135788,-1.361591578
5394,-0.377359390,-1.027009964
5395,0.418069214,-0.075496584
5396,-0.659224153,-1.894487143
5397,0.413839132,-0.252801776
5398,0.670184731,-1.407085896
5399,1.553473473,1.476802111
5400,1.243543148,-1.001060724
5401,-0.449857831,0.251002967
5402,0.297406912,0.375422001
5403,-0.702263415,0.579722524
5404,0.807438433,-0.253029943
5405,0.253333330,0.063128732
5406,0.076988250,-0.434456766
5407,-0.193957090,-0.269577205
5408,0.425283581,0.529924750
5409,-0.472317636,-0.894633949
5410,1.854111910,-0.325349331
5411,1.926087618,-0.176453993
5412,0.953299284,-1.935373664
5413,0.602898240,-0.606617808
5414,0.368610293,0.865970612
5415,1.597584248,-1.076547384
5416,0.778668106,0.737345219
5417,0.757711649,-0.483824760
5418,-1.055318356,0.153758466
5419,-0.753788114,0.027325869
5420,-1.025484562,-1.183489799
5421,-1.029239655,-0.473877311
5422,0.249728084,0.278918713
5423,0.068852708,0.158321455
5424,-0.073957793,0.455439895
5425,0.377410650,-3.407134056
5426,-0.134071290,-1.012382865
5427,-0.082092345,-0.638478994
5428,-0.636552572,-1.806997538
5429,-0.555098414,-1.380178928
5430,-1.240574837,-0.542541146
5431,1.060849428,-0.792079329
5432,0.216180682,0.338751107
5433,1.030535221,-0.117294222
5434,2.706808329,1.030635953
5435,-0.503482521,-1.970512033
5436,0.761111319,1.740305066
5437,-0.847382963,1.504395247
5438,-1.385726333,1.849575639
5439,-1.083675861,0.009472802
5440,0.618903637,-0.801329732
5441,-1.015960217,0.418636560
5442,1.127587914,0.437431604
5443,0.293015540,1.822836637
5444,-1.843305588,-0.095125020
5445,0.388986886,0.718628407
5446,1.631923676,-1.809974909
5447,0.297668457,-0.399553508
5448,0.909752369,0.416211367
5449,1.671207428,-0.848864377
5450,-0.850707769,1.881524324
5451,0.657382250,-1.445273876
5452,0.975071788,0.833949089
5453,0.606049836,0.084204696
5454,-0.556853235,-0.171997964
5455,-0.185301125,-0.932270229
5456,-0.617532730,0.171032786
5457,-0.491557300,0.202693194
5458,-1.077197313,-2.191139221
5459,0.089316577,0.123312801
5460,-0.478384644,-1.585322499
5461,0.042069674,-0.148939162
5462,-2.296440363,1.563437819
5463,-2.089085817,2.421486139
5464,0.043652713,1.152646422
5465,0.062304795,-1.278867483
5466,1.419343233,0.285620302
5467,0.254625976,0.300713241
5468,0.055419039,0.803534508
5469,-0.828491569,1.016677618
5470,1.279212832,-1.850999951
5471,-2.087666512,1.326599121
5472,-1.750280619,-1.797307491
5473,0.865898550,-1.335008383
5474,1.782339692,0.352359176
5475,2.401146412,0.184364557
5476,-0.642895877,1.533096552
5477,-0.641515017,-0.380286843
5478,0.622649372,0.151248351
5479,-1.592160225,0.642485857
5480,-0.956348836,0.606954157
5481,-0.283607960,-0.868469179
5482,-0.371431649,1.851583242
5483,0.569078326,-2.240879536
5484,2.023027420,1.026772976
5485,0.352160990,0.688689768
5486,1.057040811,0.786382735
5487,1.894854307,-0.841980696
5488,-2.147963047,0.990426779
5489,0.196351260,0.101350069
5490,-0.457252145,0.677028298
5491,-0.002770450,-0.182383329
5492,-1.160809755,-2.126976967
5493,0.120844893,-0.223185301
5494,0.435607314,0.254331917
5495,-0.497600496,0.157194957
5496,0.064332485,-0.905417025
5497,-0.013787342,0.920418262
5498,-0.114642814,-0.142726272
5499,2.304400444,-2.383297920
5500,-1.046808600,0.765182793
5501,0.290386379,0.868911207
5502,-0.413247108,0.406905174
5503,0.334155560,1.700284123
5504,-1.011476278,0.086369589
5505,-0.172102600,0.650685191
5506,-0.307344317,-0.731134832
5507,-1.230014086,-0.263133407
5508,-1.378214955,-1.614291906
5509,-0.023475301,-0.001809873
5510,-0.801343977,-0.386930794
5511,0.522444844,0.607667565
5512,1.030537009,-0.227432027
5513,1.132858038,-2.077219725
5514,0.232819080,0.213720620
5515,1.061980963,0.488657594
5516,0.727801681,-1.049957275
5517,-0.619357407,0.767361283
5518,-0.229225114,0.033214532
5519,-3.605427265,-0.229005933
5520,1.438306570,-0.811412930
5521,-1.210343719,-2.153090715
5522,-0.106043518,0.222149029
5523,-0.652242780,0.653227746
5524,0.266671836,0.069461443
5525,0.167353019,-0.113036998
5526,-0.865326941,0.426469743
5527,-0.766875684,1.088752031
5528,1.047610998,1.377689362
5529,0.067621589,-1.030157566
5530,0.316925138,1.339419723
5531,-0.303472877,-0.387557268
5532,-0.481116712,2.271084309
5533,1.298006892,0.028451890
5534,-1.190958261,-0.468878657
5535,-2.265573502,-0.568467140
5536,2.282948494,0.461841345
5537,0.447929621,0.685862184
5538,-0.121491164,0.502024531
5539,2.983481169,-0.902523935
5540,-0.692523897,1.405105352
5541,0.007351510,-0.391011953
5542,0.082256794,-2.123507023
5543,-1.955080628,-0.524020195
5544,0.100160934,0.481292963
5545,0.610596538,-0.517273009
5546,-1.950216532,0.043927789
5547,0.195309207,-0.155552566
5548,0.249383420,0.338808179
5549,-0.323397934,0.168634862
5550,0.254640728,0.066505268
5551,-1.921048403,0.472799540
5552,2.167633057,-1.507444382
5553,5.111241341,0.702422082
5554,0.583663404,3.075645447
5555,-1.095558882,0.533840418
5556,-0.826428413,1.067930102
5557,-2.528335094,-0.035896182
5558,-0.485459507,0.629105449
5559,-0.015978366,0.325004220
5560,1.099999189,-0.735471606
5561,0.062287904,-0.374955237
5562,0.326037884,2.473638058
5563,1.225054026,0.608547807
5564,-0.295033455,1.170123339
5565,-2.100702524,-0.825346947
5566,-0.399802029,-0.060633615
5567,0.251752675,0.419538200
5568,-0.121847257,0.399905980
5569,-0.145970404,0.024712356
5570,0.434792817,0.372454941
5571,-0.367785841,0.490645915
5572,0.306977332,-0.392483652
5573,0.154659271,0.474680573
5574,1.414223313,1.152039409
5575,-1.193856955,-0.597417355
5576,-0.410961270,1.223188400
5577,0.308748007,0.111903057
5578,-1.144188881,-1.653948545
5579,0.058452219,-1.547441602
5580,0.245808378,0.941882253
5581,0.039545227,0.192484334
5582,-1.999853015,0.949923635
5583,-0.652972937,0.334899902
5584,1.650974274,-0.843971610
5585,0.466472030,0.414248258
5586,1.392996073,-0.845640719
5587,-1.577161074,-0.040945768
5588,0.339567959,-0.704058051
5589,-0.376987815,-2.647135735
5590,-2.752734184,-0.557909966
5591,0.044088893,-0.391525388
5592,-1.658779144,1.425353765
5593,0.799359381,1.998510838
5594,-1.400147676,0.038776875
5595,-0.110113382,0.838046491
5596,-0.657565594,1.467048883
5597,-0.537839890,1.242743373
5598,-0.342321247,2.283957005
5599,0.499768615,1.052270055
5600,0.202664912,0.141245499
5601,-2.122843266,0.774594784
5602,0.784799576,-1.945652723
5603,0.201968580,-0.310006231
5604,-0.952512145,-0.375043035
5605,1.179321289,-0.001325577
5606,-1.577881694,0.948288679
5607,0.581548274,0.169585139
5608,-0.132027790,-0.144835562
5609,-0.903357625,-1.190567493
5610,2.920746803,-1.341465473
5611,-0.408678651,1.720118046
5612,-0.317894936,-0.601414442
5613,-0.004599790,0.327886671
5614,-0.413865089,0.218191087
5615,-0.185244411,-0.690020323
5616,-0.270987749,0.577125967
5617,-0.498301685,0.098284498
5618,-1.152557969,-0.184941188
5619,1.560240746,-3.159937620
5620,-0.057148248,-1.132221222
5621,-0.806897998,0.085122526
5622,0.171798855,0.947853625
5623,-0.309328526,-0.528849483
5624,0.189500794,0.279654294
5625,1.593346834,-0.931820393
5626,2.903839588,3.827353001
5627,-0.285512298,-1.371956348
5628,0.007457614,-0.395523578
5629,2.280486822,-0.525815368
5630,1.163176417,-0.777505875
5631,-0.703305423,-1.761425018
5632,0.340359837,-2.345653296
5633,-2.574501038,0.792453527
5634,0.492415607,2.033027411
5635,-0.011911582,1.106407166
5636,1.013610482,-0.367503554
5637,0.223452881,-0.380946457
5638,1.411039829,-0.964159846
5639,2.248472929,0.698450506
5640,1.009427190,0.961704016
5641,0.210912079,-1.003480673
5642,-0.141869113,0.743862808
5643,1.870104671,1.295671701
5644,0.144946098,0.030531764
5645,-0.942288518,-2.010028362
5646,1.124851346,-1.554428697
5647,-0.120328568,0.596422493
5648,-0.843079329,0.097586513
5649,0.142899707,0.022456527
5650,-0.099333644,-1.323136210
5651,-0.579481840,0.877386689
5652,0.237405211,-0.051871192
5653,0.643482685,-0.048530832
5654,1.036985755,0.493151844
5655,-1.250474215,-1.003370523
5656,-0.979866982,-0.672372639
5657,-0.250771284,0.512640417
5658,-1.001607895,-0.201302230
5659,-0.721387506,-1.824849367
5660,0.271046817,0.976183236
5661,-0.921748757,1.151534319
5662,-0.137760609,0.141089886
5663,-0.636422575,-0.663641453
5664,0.988795042,-0.226738021
5665,2.449390650,-0.151199788
5666,-0.009374224,-0.301434457
5667,-2.027989149,0.657645047
5668,-0.376539081,0.459591836
5669,-0.592342496,-0.608442008
5670,-0.373747170,0.308005303
5671,0.163808718,-0.056864411
5672,-0.345756471,0.889846623
5673,0.573877096,-0.288579911
5674,-1.419159889,-0.412875146
5675,-1.367226124,-1.016772270
5676,-0.459052175,0.616934299
5677,-0.065231904,1.568658829
5678,0.157733515,0.121528149
5679,0.320637435,0.429440320
5680,0.289184570,0.482407868
5681,-0.449499518,2.083718538
5682,1.571529627,-1.744920373
5683,0.319306225,2.187885046
5684,0.023957551,-0.687023401
5685,-0.933934927,0.176985547
5686,-1.780627489,-2.057893753
5687,0.831359267,1.879275560
5688,0.284102559,-0.864936292
5689,0.004624952,1.070599318
5690,0.049482942,-1.157347202
5691,-2.608125210,-0.386026978
5692,-0.218366683,0.819873095
5693,-1.858219385,-1.799254179
5694,0.891580224,0.825780153
5695,0.253560901,0.806617081
5696,-0.923016071,-2.836328506
5697,-0.275650144,-0.764779329
5698,1.688057661,1.090245605
5699,-0.245701104,-0.257164776
5700,0.489561737,0.378749222
5701,-0.062208176,-1.543100357
5702,-0.479433477,-0.362284750
5703,0.668377757,-0.747516096
5704,-0.762187839,-0.481678545
5705,3.196798086,-0.508648336
5706,-1.537177205,-0.234190792
5707,0.250455499,-0.322219223
5708,-0.389715552,1.155358553
5709,0.284505159,-0.089794032
5710,1.747520447,-1.317495704
5711,-0.162953451,1.754177690
5712,0.999245644,-0.257533222
5713,-0.683556318,-0.317127913
5714,0.223515034,0.296933651
5715,0.120680980,0.328016877
5716,-0.634063065,0.708261728
5717,-0.720845520,0.369452506
5718,-1.302678585,1.539283633
5719,-1.119285107,1.238541007
5720,0.323526531,-0.110971712
5721,0.778098881,-1.387379646
5722,0.431754619,-0.062358394
5723,0.917844415,-0.740772545
5724,-0.645732999,-0.011477098
5725,-0.932594955,2.552649736
5726,-1.239923716,-0.158811688
5727,-0.090279698,0.332275093
5728,-0.097630598,0.081314951
5729,1.918963671,-0.157106996
5730,0.452703565,-0.036163155
5731,3.783813238,1.470487237
5732,-0.681027353,0.065754339
5733,1.078850746,0.358914316
5734,-0.062352810,0.368667364
5735,-0.713040709,0.322441429
5736,-0.488056958,0.849925756
5737,-1.029286623,-0.527338386
5738,0.041922234,0.321190059
5739,1.555873871,0.282888472
5740,0.252494425,0.322434098
5741,0.741635680,-1.709804773
5742,0.338369399,-0.084780268
5743,0.442934990,0.217237234
5744,0.728351951,-0.531771660
5745,0.059858888,0.255180329
5746,-2.819659472,1.458956718
5747,0.886761844,0.402163476
5748,0.047493868,0.747907102
5749,-0.209025040,-1.308653474
5750,1.963210106,-0.074263409
5751,0.172782540,-0.007960497
5752,-1.205335975,1.782732368
5753,0.949848831,1.423749447
5754,0.534355044,2.769561529
5755,-2.235095501,1.458124638
5756,1.282247543,-0.227858201
5757,-0.672055840,-1.007151127
5758,-1.226568937,-1.099702716
5759,0.541181922,0.717268467
5760,2.294292688,-0.398337811
5761,-0.759624302,-1.580836654
5762,-1.472195387,-0.729029179
5763,0.802182496,-0.503607750
5764,0.028394282,-1.433436871
5765,-0.370020539,1.374128342
5766,-1.346595168,0.549682498
5767,0.007020950,0.253936291
5768,1.846579552,0.159766421
5769,0.479984432,1.026113391
5770,-3.309319496,0.157457948
5771,0.423829705,-0.063963413
5772,-0.331952184,-0.439347327
5773,-2.037890911,0.153484464
5774,-0.474403143,1.649622917
5775,-1.191384435,2.331421137
5776,-1.393017530,-0.854900420
5777,2.755117893,1.692730188
5778,-2.771761417,1.001293778
5779,2.879352093,0.623570263
5780,-0.363675565,-0.056679241
5781,-1.909100056,0.851359725
5782,0.597068906,0.039217763
5783,1.327149868,-0.088935703
5784,-2.994072676,3.665896893
5785,-1.067420721,1.756794214
5786,-0.880228281,4.013662338
5787,1.838812709,1.687240124
5788,-1.466318130,-3.226393938
5789,0.303405970,0.224569082
5790,0.098888911,0.734223008
5791,-0.328189969,-0.410113961
5792,0.389390200,0.248680145
5793,1.522931337,-0.317186892
5794,0.508553743,-0.260429263
5795,-0.570991039,0.349811375
5796,0.653814197,0.554673612
5797,-0.248424053,-2.696924925
5798,3.127983809,-0.921595097
5799,0.187908351,0.478597164
5800,-2.953650951,-0.531597376
5801,-1.152826190,1.036726594
5802,0.229740739,-1.074752569
5803,0.074177258,0.645549953
5804,0.104755476,-0.759331763
5805,0.571752667,-1.939895153
5806,-1.376106501,-0.719793737
5807,-0.574026108,-0.958480477
5808,1.417044878,0.308656216
5809,0.628144026,0.698543727
5810,-0.616086602,-2.360425472
5811,0.787602127,1.889188766
5812,-0.391326487,1.104749680
5813,0.057530690,0.360122383
5814,-1.392864466,-1.759779096
5815,-0.777700007,0.764885664
5816,-0.110672824,1.925137520
5817,-1.775884867,-0.770402431
5818,1.818913341,0.289060861
5819,-3.743508577,-0.358584702
5820,2.222499609,0.112278461
5821,1.677566051,0.613746285
5822,2.033864260,1.120714903
5823,0.283887744,0.054954261
5824,0.035737276,-3.169184685
5825,0.908289015,-0.468615890
5826,0.973786831,-0.030064762
5827,0.381668121,0.965385258
5828,-0.059787422,-1.024763227
5829,-0.951004922,-0.769585967
5830,0.007626340,-0.313162446
5831,1.493106484,0.816855311
5832,-0.991685152,-0.152199477
5833,-2.396022081,0.305798173
5834,0.444570929,0.369337022
5835,-1.202235222,-1.279888153
5836,-0.226611972,-3.670591593
5837,-1.526492596,-0.298244894
5838,1.521466970,-1.042142153
5839,0.619254231,-1.958464384
5840,-0.511489987,0.369426250
5841,2.664053440,-2.041140795
5842,-0.165955365,-0.108957231
5843,-1.169394493,-0.697636724
5844,-0.026953578,-1.431514144
5845,-1.513529301,1.266077161
5846,-0.117310576,1.244396210
5847,0.986327827,-0.421930373
5848,1.996828556,-0.928373337
5849,-0.075401157,-1.418961883
5850,-1.513253093,-0.781634450
5851,0.253880054,0.058093388
5852,-2.440341473,-2.644404411
5853,1.034318924,-0.359411329
5854,-0.328880996,1.541556478
5855,-0.294204444,0.092780516
5856,0.253853440,-0.290360451
5857,0.898094714,0.247497469
5858,0.106628485,-0.384695172
5859,-1.402948380,-0.726922274
5860,0.296575993,-0.085600927
5861,1.526010513,0.653048396
5862,-0.010350555,0.397459775
5863,-0.142066717,-0.175519258
5864,-2.394410372,-1.103079557
5865,-0.106861562,-1.426277161
5866,0.153590992,1.109039068
5867,-0.361419171,-0.887228191
5868,0.541698694,-1.531741977
5869,0.286001563,-0.359976083
5870,2.563251495,1.892856002
5871,-0.352174073,0.199368775
5872,0.701066554,1.209563017
5873,-2.196888447,0.936710179
5874,-0.958458781,1.025596619
5875,-0.344161034,-0.436757743
5876,0.276646078,0.276489049
5877,1.821841478,0.657476425
5878,-1.068734765,0.805488050
5879,-0.384906799,0.414671987
5880,2.262161255,-0.436166227
5881,0.201382264,1.371921778
5882,0.658227146,-0.020335272
5883,-0.231115460,-2.389054060
5884,-2.464681625,1.103958011
5885,-0.572563648,-0.105007008
5886,0.708344817,-1.207205057
5887,0.101808876,2.095644951
5888,0.020028751,0.053702768
5889,0.091127843,0.372220099
5890,-0.123204939,1.267653465
5891,0.450685203,-0.629868090
5892,-0.361064076,0.127809107
5893,-1.577769876,-1.377365470
5894,-1.361858726,-1.129169106
5895,-0.426952899,2.458604097
5896,-0.054139674,-1.082767129
5897,-0.959822178,-0.095322490
5898,-0.031614587,-0.160641417
5899,1.432019472,-0.146503434
5900,0.661322653,0.220161259
5901,1.487590313,0.590345979
5902,0.329401016,-0.424411654
5903,0.160704508,0.090199262
5904,0.370681167,-0.739255190
5905,0.786410093,0.183066010
5906,-1.949216247,-0.161289215
5907,0.558549225,-1.840399384
5908,-0.213621885,3.061256409
5909,-0.110967875,1.265458107
5910,-0.130649745,0.333332717
5911,-1.308576941,-1.917184114
5912,-0.150093049,-0.083593756
5913,0.565834463,0.593047202
5914,-0.905778706,-0.498652935
5915,-0.139614403,1.093264103
5916,-0.643222868,-0.321539193
5917,-0.981738150,1.662951350
5918,-1.817043185,1.032784820
5919,0.772713602,0.427250743
5920,-1.818675995,1.037143469
5921,0.028561696,-0.317514986
5922,-1.146384239,-1.547790766
5923,0.081805572,-0.260938853
5924,0.484743178,-0.594094336
5925,-0.323377311,2.867029428
5926,-0.022254989,0.849145412
5927,-0.562678635,1.718925595
5928,0.560913146,0.067498296
5929,1.374727130,-1.659453154
5930,0.207701623,-0.589047313
5931,0.310066223,0.413017333
5932,-0.947081089,-0.656171799
5933,0.341801226,3.567049742
5934,1.518016100,0.398844123
5935,0.473149180,-0.929219067
5936,1.745110750,1.146587014
5937,0.641884208,-0.051758692
5938,-0.589776754,-1.377800703
5939,0.059457779,1.282894254
5940,0.468781203,0.674020350
5941,0.254275858,-0.397994101
5942,1.092792511,0.305811286
5943,0.974372864,1.995916367
5944,-1.459312677,-1.986058116
5945,0.509527922,1.062739849
5946,1.185286522,0.192889050
5947,1.796215892,-0.099026196
5948,0.634198904,-0.489358246
5949,-0.010851264,-1.292525530
5950,2.185513020,-1.265803814
5951,0.469604850,-1.149863601
5952,-0.372442186,-0.451790899
5953,-0.138572857,0.274655282
5954,-0.257083178,-0.270406306
5955,-0.147536814,0.732011199
5956,-2.549016953,1.840059519
5957,1.856097460,-1.658632517
5958,0.018937923,-0.278755426
5959,-2.965877056,-3.234881163
5960,0.114829630,-0.113555007
5961,0.382916808,-1.566448927
5962,-0.242431074,0.740112305
5963,0.502092659,-1.297019720
5964,-0.382478952,-1.093947530
5965,0.294085860,-2.581824780
5966,-0.353215635,-0.012387924
5967,0.380037516,-0.987752914
5968,-0.159851775,2.322668552
5969,0.084688663,-0.085080743
5970,0.244685173,-1.304904342
5971,-3.815446615,-1.893862844
5972,-0.265665352,0.058650818
5973,-1.988163471,0.692264080
5974,1.041907907,1.805144310
5975,2.868039608,-0.519944370
5976,0.609854996,0.211497933
5977,0.129318848,0.696001172
5978,-0.670181930,-0.039214775
5979,0.045377031,-0.340343267
5980,-0.337461561,-0.204470485
5981,0.551064730,-0.254890770
5982,-0.177875593,1.099258542
5983,0.229237691,0.148023993
5984,-0.363459736,-0.063642994
5985,-1.823944211,1.153932095
5986,-0.320020646,0.322123140
5987,0.191353410,0.993959069
5988,1.534731865,-1.610922933
5989,0.431547344,-1.576099634
5990,-0.160281181,-1.119488955
5991,-0.086784482,-2.040598392
5992,2.587938786,1.982532382
5993,0.774662673,-3.114448309
5994,0.021095604,-3.338210344
5995,0.873101234,0.527313471
5996,0.805024385,0.051413059
5997,0.682547927,-0.966765523
5998,-0.343587518,0.253980279
5999,0.048020914,-0.222504407
6000,-0.578870058,-1.343736053
6001,-0.086994350,1.240272999
6002,-0.579107881,0.453774810
6003,-1.524504185,0.879614472
6004,-0.110780239,-0.216085240
6005,-0.114877492,-0.104197487
6006,0.182751089,1.750998616
6007,-0.151235208,0.187576056
6008,-0.186211541,1.476967335
6009,-0.045947187,0.221658096
6010,0.111237325,0.007559938
6011,0.196483806,-0.456898689
6012,0.269355297,0.003038488
6013,2.435658932,2.892500639
6014,0.530068219,2.544464111
6015,0.447356254,-0.585048199
6016,-0.179921061,1.014228344
6017,-0.000726700,-1.065420270
6018,-0.668874323,0.415180027
6019,-0.284306020,0.130444661
6020,-0.827443719,0.724408031
6021,1.620878339,2.206233025
6022,-1.602956295,3.338926077
6023,1.942173243,-0.280895531
6024,-0.075404108,-2.508323193
6025,-1.307586312,0.856259763
6026,-0.250051409,-0.002973728
6027,-0.503213882,0.524833083
6028,-0.640797436,-0.341879755
6029,-2.057732105,-1.655623555
6030,-0.064284205,1.542682528
6031,0.044626728,-0.551416278
6032,0.216544092,-2.326344967
6033,-1.566932321,-1.202356339
6034,0.138157696,-0.295722127
6035,-0.923510313,0.539586127
6036,-0.412888855,0.011084169
6037,0.789870739,-0.700678885
6038,1.005422592,0.298183948
6039,0.121517003,0.488868654
6040,0.899385929,-0.370098859
6041,0.118019246,0.697925508
6042,-0.501338542,-0.089542523
6043,1.584023118,2.000245571
6044,0.069532350,2.102365255
6045,1.490658879,-0.040184796
6046,-2.346394300,-0.555983424
6047,0.928313673,1.120011091
6048,-0.562246680,0.106942669
6049,-0.190335438,0.104770049
6050,-1.978183508,-0.673922062
6051,0.445782900,-0.661473155
6052,0.210569441,4.322909832
6053,-0.149345189,-1.122118950
6054,0.437535882,-0.234064385
6055,0.106826864,0.828658462
6056,0.957724690,-0.847051322
6057,-0.115568757,-1.849529743
6058,1.132462382,-1.027347803
6059,-0.231798336,-0.006358862
6060,-0.286358416,1.207893491
6061,0.094052814,0.225195318
6062,1.101846933,-2.442499399
6063,-1.369113207,1.215328336
6064,-2.557147026,-2.103836060
6065,-0.251008302,0.001542613
6066,2.764824390,-0.277601928
6067,0.768351138,-1.476226568
6068,0.441465616,1.847288132
6069,1.826440215,1.324101806
6070,-0.103174463,0.379046679
6071,1.300120711,0.519948840
6072,0.227099776,-1.867134094
6073,1.917616010,0.118960552
6074,2.116475105,0.349221379
6075,1.226716280,-0.405771971
6076,-0.829993904,0.590210259
6077,0.128709465,-0.194885418
6078,1.800711393,1.325906277
6079,2.014106989,0.290725708
6080,1.547490597,-1.931151509
6081,0.595839441,0.086741745
6082,0.518646598,1.521414757
6083,-0.233011961,-0.558449268
6084,-0.045949139,0.343111902
6085,0.189745501,-0.110047102
6086,-0.865436494,0.486479968
6087,-0.768628597,-1.906358242
6088,-1.062393427,0.120599389
6089,0.618200243,0.956004262
6090,1.557988405,0.490632087
6091,1.073072314,0.456022114
6092,-0.610099733,1.001155734
6093,0.346815437,0.983089268
6094,1.385094404,1.348524094
6095,1.590837479,0.111037374
6096,-0.895949364,1.321356535
6097,-0.027214348,-0.461381733
6098,0.395305723,-0.456280589
6099,-1.194706440,-1.996935129
6100,1.338669538,1.146639585
6101,-0.117752649,-0.227315575
6102,0.107961252,0.146431252
6103,-0.228149265,-0.102652222
6104,0.317968369,0.531286001
6105,1.493730187,0.292132646
6106,2.245289564,-2.444712162
6107,2.201925278,-0.250034928
6108,0.234305769,1.439816594
6109,0.189424038,-1.656436324
6110,-0.849279761,-0.482857347
6111,-1.683350563,0.259720206
6112,-0.381855339,-0.652092814
6113,1.124837160,1.776225328
6114,0.095825627,0.228262171
6115,1.086929917,2.534293175
6116,-0.747943938,0.432963610
6117,-1.008778572,-2.747974873
6118,0.422539532,0.359730959
6119,-0.107850075,-2.507819653
6120,1.139440656,2.889353037
6121,-1.649750948,0.086882532
6122,0.222121701,0.333277345
6123,-1.501509428,0.091537178
6124,-0.463925183,0.629219651
6125,-0.381860226,1.170067668
6126,0.074745193,0.424495876
6127,-1.540581346,2.671588898
6128,-2.900177479,-1.629172921
6129,-1.254630089,-1.074200988
6130,-0.640076578,2.544543982
6131,1.984022737,-0.469619453
6132,0.664108574,-1.188619614
6133,1.470699072,-0.266209602
6134,-2.335198164,-1.728478909
6135,3.327816248,3.162498474
6136,-0.545714676,0.218048096
6137,2.221387625,-1.629998088
6138,-0.171487853,-0.566668451
6139,-0.770302832,-0.216527998
6140,0.339601517,-0.326266646
6141,-0.029053476,-0.179071963
6142,-0.451413631,1.857140303
6143,-0.034553099,0.346588671
6144,-0.544160366,1.200029135
6145,1.762925148,0.035063788
6146,-1.328620434,2.292600632
6147,-1.513836145,0.440379202
6148,0.754740357,2.098006964
6149,0.518869817,0.687104404
6150,0.839031518,0.032421924
6151,1.591377497,-1.456872463
6152,0.310467988,-1.117789745
6153,1.632542133,0.336206555
6154,-1.596162796,0.303917289
6155,-0.457130253,-0.935258269
6156,0.308064491,-0.515938044
6157,0.752117395,-0.650742769
6158,0.875608921,-0.036268413
6159,-0.198039979,0.716217637
6160,-0.069152236,-1.030232906
6161,-0.732863247,0.978899479
6162,-2.461598635,0.603344321
6163,0.094091237,-2.610510349
6164,0.390737236,0.343451709
6165,-1.481065035,0.385055661
6166,-0.181444943,-1.656664848
6167,-1.840642929,-2.262134552
6168,-0.861944616,-0.633329451
6169,-4.158306122,-0.078147709
6170,-0.848982513,0.863349140
6171,0.301482379,-0.281818539
6172,-0.968326867,-0.803386271
6173,-1.784137011,-0.892925501
6174,-2.660735369,1.938259959
6175,0.450512528,0.849550009
6176,-0.120600641,-0.116222277
6177,2.178195477,-0.362272084
6178,0.711135030,0.251442641
6179,1.522330046,0.014440946
6180,2.210551977,-0.231154248
6181,-1.034936905,3.009774446
6182,0.616256475,2.651889563
6183,1.182560563,-0.519758940
6184,-0.055991422,0.215263128
6185,-1.125409722,0.495770663
6186,0.959129810,0.413873792
6187,-0.029460728,0.644117415
6188,0.508627057,-0.594969511
6189,0.220532313,-0.019809090
6190,-0.090446092,0.200365663
6191,-0.202970609,0.082290910
6192,-1.157589197,-1.409613609
6193,0.474943966,-0.681883752
6194,0.572888613,0.789550364
6195,1.144022942,0.079284236
6196,-1.004013300,0.192569256
6197,-0.555373788,0.286679238
6198,-0.265032679,-0.140331030
6199,1.439014077,-0.712085962
6200,2.218532562,-0.326355487
6201,-0.039256215,0.617354572
6202,-0.052160703,0.501920223
6203,-1.726132512,-1.119957209
6204,-1.673022509,-1.093415141
6205,3.136584282,-0.186021388
6206,1.196291804,-0.337560922
6207,1.216888189,-0.132246882
6208,0.154981017,-0.159052551
6209,0.499655783,1.021730423
6210,0.263531327,1.775269389
6211,-1.389185309,0.371259987
6212,1.660860062,-1.782982588
6213,0.375893384,2.303625345
6214,-3.139318466,0.241445422
6215,1.791255474,-0.878040314
6216,-0.667907655,-0.654299974
6217,-0.067824721,-0.046381220
6218,-1.801052451,1.281752348
6219,0.264590681,-0.282480508
6220,0.460972875,-2.479984283
6221,-0.075941645,-0.330061316
6222,-0.017081410,-0.700161159
6223,-0.383684933,0.695479989
6224,2.129818678,-1.473972797
6225,0.255444765,-3.181895494
6226,0.093773603,-1.421321392
6227,0.660124183,0.956267118
6228,4.253926754,-1.338243961
6229,-0.536280692,1.107532144
6230,0.317846268,3.665614128
6231,-0.988091230,-2.924912930
6232,-0.310683846,0.297900945
6233,-2.094875813,-0.894198179
6234,0.528745115,0.927669287
6235,0.288824320,0.341297090
6236,0.613711059,-3.247746468
6237,-0.572396994,2.290285587
6238,0.787304282,0.429674774
6239,-0.137267247,-0.232944667
6240,0.786326528,-0.524956048
6241,0.242315367,-0.079708360
6242,-1.343215108,-0.067738235
6243,0.262461901,-0.704159617
6244,0.497336090,-0.280617118
6245,2.469364166,-0.455187887
6246,-0.995103955,-0.122302122
6247,-0.430190980,0.952909470
6248,3.030551195,0.981416464
6249,1.059492230,1.017484426
6250,0.328739256,0.587145150
6251,0.640566826,1.433349967
6252,-0.208671629,0.547313750
6253,-0.937880754,-0.318771958
6254,1.712202549,1.609039187
6255,0.321909070,0.466136694
6256,-0.566237748,-0.582807004
6257,-0.186923802,-1.041552305
6258,-0.251952440,3.008092403
6259,0.253670126,0.370194286
6260,-0.310356528,1.115834832
6261,0.042749271,-0.219993114
6262,0.050081313,-0.700756669
6263,-0.580907702,-0.292383611
6264,0.261772901,0.175632447
6265,-0.596762300,0.757834435
6266,-1.155950665,-0.115753174
6267,-2.848804235,-0.396994233
6268,3.496242523,1.675785542
6269,-0.539826930,-0.901263356
6270,0.808933377,-0.327074677
6271,0.045402825,0.063802510
6272,-0.588293016,0.204894990
6273,0.134942710,-0.786696136
6274,-0.777128875,-0.422967821
6275,2.062917709,-1.742970467
6276,-0.132583499,2.374071836
6277,-0.147056118,0.929028869
6278,-0.870589077,1.860238075
6279,1.085761428,0.594766259
6280,-0.158024862,0.000095854
6281,-0.150175482,-0.146279022
6282,-1.113788724,-2.744257689
6283,-0.853690565,-0.887772560
6284,0.345423609,0.090188086
6285,-0.382888228,0.171344161
6286,-1.025196910,0.399512112
6287,-0.701865256,0.171874166
6288,-0.034249306,-1.469093323
6289,-2.305657625,-1.388427496
6290,1.012371778,0.067097396
6291,-0.132756680,1.627238035
6292,-0.846670508,-0.858163357
6293,-0.343836218,-0.528809547
6294,-1.547158122,1.378161550
6295,-0.102585353,1.646344304
6296,-0.709947348,-1.103129864
6297,-0.593683779,0.292752385
6298,-0.750070214,0.067755580
6299,-1.972439647,0.649371088
6300,2.150492668,-0.679330289
6301,-0.473078549,-1.277954578
6302,2.086803913,-0.869623840
6303,-0.662113190,0.139128238
6304,0.067253150,-0.150011569
6305,0.236184299,-0.311793238
6306,-0.128322780,-0.847464025
6307,1.062150836,-1.096195221
6308,-1.353137612,0.090024322
6309,1.268728733,-0.525979638
6310,0.472641379,0.294571370
6311,-0.552158773,3.198521852
6312,-0.078074276,0.343942046
6313,0.307661295,0.042455144
6314,-0.459846497,-0.390597314
6315,0.804641008,-3.474032879
6316,-0.027083635,-2.018586636
6317,-1.002842307,0.092382759
6318,-1.002488732,-0.686772883
6319,1.404937267,0.839012623
6320,0.747228503,-0.240208104
6321,-1.240838766,0.750882924
6322,-0.936526477,-1.333692074
6323,0.056098193,1.607434869
6324,0.706698716,1.010810733
6325,0.138337299,-0.738261223
6326,0.249498576,-0.700321794
6327,2.746642828,1.116445541
6328,-0.165231451,0.254015774
6329,-1.173585653,0.116123617
6330,-1.359919190,-0.006855726
6331,-0.136221886,0.137820184
6332,0.061480571,0.176244721
6333,-1.210696816,0.676882327
6334,-1.049718380,1.543748498
6335,0.407984674,-0.753179669
6336,-1.397046566,0.203814268
6337,1.439005136,0.189792976
6338,0.762780786,0.125446081
6339,0.991010070,-1.280199289
6340,-1.464513779,0.390451670
6341,2.874994278,-1.585146785
6342,0.498683035,0.194480002
6343,-1.798747182,0.515998006
6344,0.821645379,0.601326704
6345,-0.548635006,1.332936883
6346,-3.142419338,-1.572898984
6347,0.704303086,-0.496155560
6348,0.410406202,0.348804206
6349,-0.787549078,-0.517692149
6350,0.078571320,-0.709459186
6351,0.878922939,-0.524566650
6352,0.936708450,-1.336738110
6353,1.691172481,0.765488505
6354,-0.633066297,0.069602445
6355,-0.184079960,-0.455876827
6356,0.254345417,-0.236035943
6357,-1.738037229,-1.915678859
6358,-0.124613076,-0.227784202
6359,-0.107192397,0.047865629
6360,1.064049244,-0.232116759
6361,0.578873813,2.115814209
6362,1.392910242,1.019324541
6363,-1.095559478,2.103790998
6364,0.075742319,1.228034616
6365,-1.878696918,1.168041706
6366,-1.326809764,0.925463498
6367,-0.036399543,0.715225875
6368,-1.122084618,0.654363632
6369,-0.694294930,-1.160730124
6370,-0.280314922,-0.337407559
6371,1.133231401,0.860342860
6372,0.148103401,0.586825669
6373,-0.601253986,-1.381423593
6374,-0.044837236,-0.640188754
6375,-0.844992757,1.083997130
6376,0.822348058,-1.496921659
6377,0.625244379,0.006781053
6378,0.795540035,0.247075796
6379,-0.541673541,0.505144894
6380,1.448957443,-1.370284677
6381,-0.329293668,-0.709315777
6382,0.362154484,-3.230000257
6383,-0.498784423,1.462921858
6384,-0.405943453,-0.439588517
6385,-0.674178600,3.234774590
6386,2.101513386,1.978333592
6387,0.325890183,-1.528970003
6388,-0.079497516,0.180592045
6389,2.481703758,-1.381860614
6390,-1.357191563,-1.593230486
6391,-0.628706694,-0.584958434
6392,0.242444038,-1.477194428
6393,0.320521593,-0.226333797
6394,-0.172930241,-0.008768082
6395,-0.354619801,-1.105157018
6396,0.637576580,1.434499860
6397,-0.099104375,-0.789162040
6398,0.597069085,1.096206069
6399,0.525624871,-1.068025708
6400,-2.339083195,-1.665762186
6401,-0.024431646,-1.468847513
6402,1.037703633,1.277093887
6403,-0.178127751,0.092796877
6404,-0.623456538,-1.247451067
6405,-0.653928161,0.125439078
6406,-0.408334881,-1.221637249
6407,0.971391797,-1.231234312
6408,0.864520073,-3.381646872
6409,-0.260158837,-0.088343605
6410,-1.265109301,-1.366368771
6411,-0.793360651,1.735855699
6412,0.182493240,0.326155603
6413,2.421941996,0.071535870
6414,-0.356947184,0.313788354
6415,-0.334800541,-0.151049837
6416,1.121676207,-0.798408210
6417,1.520743132,-1.997969151
6418,-2.119572639,2.130500078
6419,-1.031308889,2.926307201
6420,1.040820718,-2.421284914
6421,-1.350182891,-0.087103292
6422,-0.123147435,0.093320176
6423,-1.627172709,1.002408981
6424,-0.149548158,-0.394985467
6425,-0.417298257,-2.407223701
6426,1.369467497,-1.598325372
6427,-0.403634459,1.959363699
6428,1.040496349,-1.728899837
6429,4.726113319,0.159981638
6430,0.244193137,0.224028707
6431,-0.640454412,-1.657537341
6432,0.994724870,-2.251745939
6433,2.079578161,-2.386075497
6434,1.090269566,-1.375380516
6435,-3.552083254,2.870991468
6436,-0.612407207,-1.681846261
6437,1.387750387,-1.247491121
6438,0.428114206,0.254415214
6439,0.708751082,0.136131272
6440,0.136997029,0.186608061
6441,-0.691638589,-1.941255093
6442,-3.313696384,-2.126360893
6443,0.695860445,-0.206328779
6444,-0.610731423,-0.419813573
6445,0.544004261,-0.822531998
6446,0.077174127,-1.945369959
6447,0.346565336,0.042248003
6448,0.332823217,-0.047003336
6449,0.101146251,-0.982919931
6450,0.062706470,-1.896080852
6451,0.219818532,1.368548632
6452,-1.329088449,0.144876987
6453,-3.886491299,-0.638376594
6454,-0.817523956,0.070726365
6455,0.042045072,0.144824058
6456,-0.097011387,-1.443345785
6457,-0.973417521,0.183685064
6458,1.180476308,-0.752819777
6459,2.263203382,-0.458680570
6460,-1.958701253,0.342427522
6461,-0.202342242,-0.667254150
6462,-1.086647272,0.970536888
6463,-0.128461778,0.861880541
6464,0.952208459,1.043609381
6465,1.328953147,-1.214004755
6466,-0.100837708,-0.102460623
6467,-0.096366540,0.398263335
6468,-1.734920025,-0.299005747
6469,2.904341221,-2.003470898
6470,-0.393204033,0.340661466
6471,-0.291522175,-0.076376408
6472,0.815188229,1.461705446
6473,-0.353760093,-1.254503608
6474,0.066800475,-1.601159930
6475,1.048343301,1.779678702
6476,1.471592903,0.078656778
6477,1.091952085,1.474673510
6478,1.208733916,-0.025549017
6479,-0.310188413,0.742171526
6480,-1.153635144,-1.988390923
6481,1.955402136,-0.334646374
6482,-1.264294386,-2.588892937
6483,-0.423716426,-1.873082876
6484,2.354942560,0.692315459
6485,0.935458183,-0.373664260
6486,-1.314608335,1.477745771
6487,0.359889865,-0.171101823
6488,2.094397068,-0.153391629
6489,-1.992396235,1.246563911
6490,0.805068731,-0.988807142
6491,-3.171587467,2.556669235
6492,0.489116907,0.530637741
6493,-0.383218527,0.029135212
6494,-0.398398429,-0.445707947
6495,-1.126605630,0.459220171
6496,-4.476561069,1.880962849
6497,-0.360675514,0.226363719
6498,0.253913403,-0.354675263
6499,1.142753243,0.018284082
6500,1.877125382,-0.141390890
6501,0.207956553,-0.139585629
6502,-4.428900242,0.650772274
6503,0.922854245,-0.514240444
6504,2.246268034,-0.666980743
6505,0.178275466,0.547315419
6506,-1.270789146,-0.910129189
6507,0.896920621,-1.132423759
6508,-0.517326832,0.848068118
6509,-1.287611842,-0.557935774
6510,-1.070320606,-1.047189951
6511,0.024241328,0.549547136
6512,0.947451949,0.111065656
6513,-0.383690387,0.969324708
6514,0.774928689,1.036560535
6515,1.038332343,-0.262951463
6516,-0.338770390,-1.145424366
6517,0.261498362,0.751873970
6518,-0.189150929,-0.973654866
6519,-0.710501492,-0.169742823
6520,-1.156877995,-0.310281515
6521,0.180775598,0.593402624
6522,-1.709928751,-0.214322448
6523,0.733216345,0.015856288
6524,0.493377209,0.353589535
6525,2.057326794,0.686194062
6526,-0.015427649,2.645890236
6527,-1.199676514,2.810472965
6528,-1.114590406,-0.765129924
6529,0.355196893,-1.353014827
6530,0.148732677,0.057533875
6531,-0.352982879,-0.208091050
6532,-0.731416464,0.712088108
6533,-0.475800425,0.359049082
6534,0.721433640,-0.560743928
6535,1.285860181,-0.477960646
6536,-0.473457754,-0.632368982
6537,0.148538530,0.421792477
6538,-1.838651657,0.169708610
6539,0.142994225,1.258008718
6540,0.303580731,-1.098373890
6541,0.669720411,1.907867670
6542,1.299701095,-0.200567260
6543,0.678171396,-1.085199475
6544,-1.601192832,0.001265764
6545,2.208293438,0.827248812
6546,-1.271023512,0.976375222
6547,-0.602310658,-0.027243819
6548,-1.205588102,0.022047043
6549,-0.829661310,-1.004167318
6550,0.883352995,-0.249964356
6551,0.179731488,-0.408266097
6552,-0.019168675,-1.953106523
6553,-1.795155048,1.160941482
6554,-0.374937534,0.559794307
6555,3.509361029,1.415178537
6556,-2.016562939,0.436198235
6557,-0.032430168,0.160566330
6558,0.854446948,1.284192801
6559,-0.691420078,0.283281326
6560,-1.494635105,0.260548234
6561,0.084031776,0.160914227
6562,0.114023894,0.574361026
6563,-0.029808104,-1.145933151
6564,0.261604428,0.720819294
6565,-0.367835999,-0.761561155
6566,-1.657588363,-0.074471414
6567,-0.302081168,-0.338029653
6568,-0.366147816,-0.577333570
6569,-0.503598809,1.288198948
6570,-0.358883440,-1.349189758
6571,1.505720735,-2.919751644
6572,2.150768042,-2.581361532
6573,0.834274292,0.673070431
6574,-1.512368679,-0.363807291
6575,-1.054604173,3.009294987
6576,-1.118668556,-0.468763530
6577,-0.638345957,1.358815551
6578,-0.918360114,-1.117636919
6579,-0.186433882,1.012470961
6580,0.400147736,-0.848389745
6581,1.784842491,-0.687787175
6582,1.553616881,-0.441634208
6583,-0.202668354,0.120172247
6584,-0.380024791,0.827177942
6585,-1.657387495,-1.668601632
6586,1.066586375,1.197052121
6587,0.040964782,-1.282143235
6588,-0.113533251,0.676244259
6589,-2.014007568,0.060366005
6590,-1.503842473,-2.465514421
6591,-0.307920098,-0.860671103
6592,0.076668441,-1.222957134
6593,0.847600639,0.316541553
6594,0.900996745,0.305525541
6595,-0.377626061,-1.445875883
6596,1.036729932,-1.093985081
6597,0.134547427,1.737920165
6598,-0.238444492,-0.298628569
6599,-1.343232274,-1.005163431
6600,0.061126746,0.128944337
6601,0.749035478,0.024988320
6602,-1.226454020,-0.040941298
6603,-0.076830387,-0.085102841
6604,0.277142853,1.832606316
6605,-0.920204699,1.374153137
6606,1.368328810,0.329069138
6607,0.109408438,0.191886529
6608,0.058486506,-0.321368307
6609,0.669052243,0.905921400
6610,0.549401343,0.016057292
6611,-0.446568459,-0.094861835
6612,0.040471867,-0.448757738
6613,0.733046710,0.428550243
6614,1.098988652,-1.282685637
6615,-0.599900126,-0.803694963
6616,0.425342858,-0.269282728
6617,0.288178742,1.614070535
6618,0.454339236,-1.034542561
6619,-1.030558825,-0.672928691
6620,-0.476200730,0.357069701
6621,-0.019504238,2.959875584
6622,2.010422230,-0.707377970
6623,2.204031229,3.128511667
6624,0.328622162,0.661133170
6625,0.602089286,-0.779442668
6626,-0.635508895,-0.964528918
6627,-0.000993967,-2.602270126
6628,2.746769905,-2.064654350
6629,-0.514141381,-1.073155522
6630,-0.005552113,-0.450523674
6631,0.378566951,0.221766651
6632,-0.038719617,-0.328294039
6633,0.070957780,-2.792100191
6634,-0.536013126,0.027221747
6635,2.480985165,0.944670439
6636,1.368077397,0.590976477
6637,0.225894839,0.065529481
6638,-0.808124900,-0.027403057
6639,0.686676681,-0.777536809
6640,1.108507395,0.963176608
6641,0.901880741,0.643406630
6642,1.274683595,-0.254641742
6643,0.273229986,-0.032800678
6644,1.412847281,0.275464356
6645,-0.585925102,-0.600987732
6646,-2.501530170,-0.423092723
6647,0.858783364,2.642772675
6648,-0.301729321,-1.492504239
6649,0.011126995,0.599651754
6650,1.085892916,1.113423586
6651,0.415614963,-1.442697644
6652,0.331816107,0.789186835
6653,0.754018903,-0.448238969
6654,0.328725547,-0.580639720
6655,3.438634872,0.701792836
6656,-0.584337890,-0.711625457
6657,0.501006901,0.350064188
6658,-0.068064630,-0.355748981
6659,-0.605303645,1.706806064
6660,-0.286026359,-1.013033032
6661,0.451934993,-0.698607624
6662,-0.082039341,0.337841719
6663,-0.428065360,0.653822780
6664,-0.151012421,1.538898945
6665,-0.140117049,-0.334353238
6666,-0.734761357,0.417101085
6667,2.545969009,-1.768641353
6668,0.598957241,-0.113526486
6669,-0.195523247,0.070631370
6670,0.382350624,-0.287325829
6671,0.319073558,-0.166896179
6672,0.309316278,0.039140526
6673,-0.792582512,2.626662493
6674,-0.025963962,-1.767724276
6675,-0.388574004,1.318378210
6676,0.338366836,-0.313867360
6677,-1.730224013,-0.374966800
6678,2.451246738,0.057872415
6679,0.699633658,-0.140922725
6680,-0.028234668,0.202138633
6681,0.235625774,-0.199608609
6682,1.620673656,-2.885888815
6683,-1.313808918,-1.271222353
6684,-0.698903501,1.553232074
6685,-0.574286938,0.525639296
6686,-2.476906538,-1.098743320
6687,0.899116993,-0.276763499
6688,-0.322082996,-0.447825789
6689,0.579362631,1.193711638
6690,1.558889389,-0.204095036
6691,0.298091888,0.431918114
6692,0.079059497,0.892207921
6693,0.331120551,-0.071522862
6694,0.106505215,0.203194827
6695,-0.806643486,1.733794212
6696,1.259907126,-1.536159992
6697,-0.439041674,2.879525185
6698,0.924858153,-0.014553033
6699,1.160995483,-0.874933779
6700,0.323677301,-1.302357197
6701,-0.274511933,1.306839108
6702,1.966984630,-1.659320474
6703,0.391196936,0.419345915
6704,-1.348513842,-0.723379314
6705,-0.074277580,-0.553500891
6706,1.918358564,-0.029601842
6707,-0.054021165,-0.675128579
6708,-1.206683993,-0.264908135
6709,-0.906712890,-0.033361971
6710,0.442150533,-0.853371561
6711,-0.122089237,-1.174000978
6712,0.047245987,1.150923252
6713,-1.019982457,-1.267823696
6714,0.514633298,0.128903165
6715,0.198773742,-1.038501620
6716,0.350395411,0.169253111
6717,0.160222828,1.410378337
6718,-0.545544863,-0.163731545
6719,-0.321732253,0.590009034
6720,-0.121040590,0.081809394
6721,0.625098646,1.405349255
6722,-3.081150532,2.062793732
6723,-0.593700171,0.621482253
6724,0.088756770,-0.160670906
6725,-0.795379519,-1.166743279
6726,-1.204449177,-1.115844369
6727,0.030982668,0.221211895
6728,3.649064302,1.653808236
6729,-1.498883367,0.012358695
6730,0.231257603,-0.169949055
6731,-1.919155359,-0.323941618
6732,0.815981209,0.673214972
6733,1.418086529,-0.087491900
6734,-0.778334677,0.251398116
6735,0.352809638,-0.525628984
6736,0.196512371,1.819145679
6737,0.332956672,1.063344717
6738,1.569959402,1.764508486
6739,1.428250074,-1.413440228
6740,0.155270979,0.346197098
6741,0.528904796,1.399119377
6742,-0.160003349,-0.525063217
6743,0.139366895,1.249255180
6744,1.711994410,0.586791754
6745,0.174129725,-1.808279037
6746,1.677847147,1.087188482
6747,-1.288274646,0.001009524
6748,-0.065133706,0.479631782
6749,-0.346593797,-0.986965775
6750,-0.132713601,-0.133219779
6751,0.169630527,-0.272121817
6752,-1.049271464,-0.313572764
6753,0.167271703,-0.335569680
6754,-0.094594553,0.125667632
6755,-0.646121681,1.178220153
6756,-0.691093206,-1.292069077
6757,-1.560637951,-2.027197361
6758,0.175429106,-0.677303314
6759,-2.734932899,-1.826508164
6760,-0.020971298,-0.275455296
6761,0.560668826,0.362323612
6762,0.025765322,0.199388862
6763,-0.408779234,-0.195756942
6764,1.059772491,-0.389003038
6765,-0.103123456,-1.021875739
6766,0.194159880,-0.891652703
6767,-1.898816586,-0.943776488
6768,1.717886925,1.967396975
6769,-2.790261745,0.446772397
6770,-1.448029518,0.498742700
6771,1.104045987,-2.259107590
6772,-0.751475692,-0.137193188
6773,0.228264138,0.649835408
6774,1.758691192,0.743220448
6775,-4.916662216,-2.130040169
6776,0.813455880,0.481827021
6777,1.184877276,0.297663391
6778,-0.245074391,-1.182129264
6779,-2.293812037,0.203319103
6780,0.851790011,-0.506908298
6781,-1.536259890,0.097969055
6782,-1.677186847,0.350427181
6783,0.377783895,-0.251496196
6784,0.924729109,-1.208514929
6785,-0.122543328,1.612715364
6786,0.454817772,0.309532076
6787,0.114833720,-1.388704300
6788,0.836042941,-1.674713612
6789,0.634431541,0.363532573
6790,0.464278519,0.623318613
6791,0.014947757,-0.120207749
6792,0.559470534,-0.074773937
6793,1.331187725,-0.687494636
6794,0.152174249,-0.070440054
6795,0.456131577,2.721729279
6796,2.170185566,0.924077690
6797,-0.130043447,-1.038016319
6798,-0.431662142,-1.719615459
6799,-1.732137918,0.788638949
6800,-0.924069166,-0.295646429
6801,0.395907849,0.527175784
6802,-1.639496446,-0.741915584
6803,0.227990553,-0.176298410
6804,-1.383964896,-0.710449398
6805,0.145355359,0.128068492
6806,-2.817869186,0.811659813
6807,-0.033428170,0.958432555
6808,-0.588011622,-1.080211401
6809,0.229810312,-0.095606141
6810,-0.633284807,-0.449732631
6811,1.314539433,0.396174610
6812,0.331218749,-0.398937374
6813,0.431245029,0.496560872
6814,-1.528289318,1.261013865
6815,-0.856146634,-0.458524674
6816,-0.735320330,-1.017163634
6817,0.098237187,-0.163087100
6818,0.608912468,0.467568874
6819,2.711812258,1.137896299
6820,1.155561209,-0.314147532
6821,0.104829371,0.087249838
6822,-0.437090814,-0.936365724
6823,1.384461403,-0.677797973
6824,-0.448823392,-1.636295080
6825,0.134949207,-0.198165178
6826,-0.384932220,-0.266116500
6827,-2.200225115,0.676075459
6828,-0.292642057,0.590828061
6829,0.990114152,-0.241853237
6830,0.260432720,-0.417227149
6831,3.928289890,-3.770398617
6832,0.048552096,-3.467700720
6833,-0.553541780,1.422062159
6834,-0.866966069,0.498458564
6835,-0.753715038,0.118535101
6836,0.624580741,2.203705311
6837,-0.424756825,0.412091970
6838,-0.245045841,1.443134904
6839,0.835427523,0.021899585
6840,0.372613430,0.446378350
6841,0.552141547,2.692539692
6842,-0.729578674,-1.735458612
6843,0.914841175,0.481470257
6844,-0.661465049,-1.151698828
6845,-0.271460950,0.104920909
6846,-0.299917966,0.101921543
6847,-1.762403846,-1.175659537
6848,1.212626576,0.381803751
6849,0.174033910,-0.398411036
6850,0.826265335,-1.542519569
6851,-0.052580714,-0.122228935
6852,2.074851036,0.062176585
6853,-0.854996681,2.459070683
6854,0.359460354,-0.761466324
6855,0.100356877,-0.667565823
6856,-0.342853904,-0.442605168
6857,0.003508240,-1.025909901
6858,3.659573078,-2.049723864
6859,0.870346367,1.282475233
6860,-0.248352706,0.937018394
6861,-0.667724967,1.239843965
6862,-2.554098368,-0.587097824
6863,0.369502038,1.079156160
6864,0.593541920,0.494283199
6865,0.101053126,-0.738961756
6866,0.526741147,-1.323646188
6867,0.590577602,1.075887084
6868,-0.411523998,-0.181083843
6869,1.680401206,0.567811072
6870,-0.384902865,1.288353205
6871,0.274409235,1.136013508
6872,-0.947295666,-0.549924314
6873,-0.638196588,-0.443742752
6874,1.057539582,-0.381633103
6875,-0.401593089,0.412375450
6876,0.715476453,0.745932341
6877,0.602006674,-1.718907118
6878,-0.576466322,0.846201003
6879,0.071965456,1.880062819
6880,1.684976101,-0.384670883
6881,0.227292657,-1.979063988
6882,-1.119544148,-1.934800386
6883,1.218663216,0.648204148
6884,0.030232310,-0.111019015
6885,-1.447713614,0.973784208
6886,-2.198460579,-1.277208328
6887,0.307898045,-2.132824659
6888,-1.997719646,1.565676332
6889,-0.088858314,-0.180293798
6890,-0.612687349,-0.269219607
6891,0.237207726,-1.788024545
6892,-0.738380611,0.147964656
6893,2.754217148,2.667207241
6894,0.825479269,-0.069604576
6895,-0.874819160,-0.347317398
6896,0.465510130,0.722602248
6897,-0.039506212,0.979606807
6898,0.091739960,0.130532041
6899,0.321262062,-0.569445014
6900,0.731336713,-1.022735715
6901,-0.039442312,0.490381956
6902,1.101424694,-1.122053146
6903,1.074304104,-1.127813220
6904,0.016881794,0.861952603
6905,1.117599010,-1.217771888
6906,-1.226270437,0.499675632
6907,-0.898871124,0.872841477
6908,-0.248892486,2.696627140
6909,-0.047346175,1.672398329
6910,-0.680938005,0.229962468
6911,0.662621856,1.078377962
6912,-1.254004836,2.398697376
6913,-0.329680622,-1.678345799
6914,0.777640045,0.885357618
6915,-0.531855881,1.342743039
6916,-0.756000519,0.484412909
6917,0.343562454,0.385746956
6918,-0.584862590,-0.355624497
6919,1.095260501,1.031470656
6920,0.273318470,-0.473706603
6921,0.141478807,-0.864297748
6922,-0.323637247,-0.017950274
6923,-0.072030917,0.218603760
6924,-1.549320936,-1.938100815
6925,-0.023401449,-0.169722050
6926,0.577975631,-0.233511865
6927,-1.942195654,1.126379728
6928,0.867433965,0.540953338
6929,0.760089278,2.129169464
6930,-0.488153815,-1.759884834
6931,0.292480618,0.280957133
6932,0.342540860,0.079568498
6933,-0.308027804,0.030977115
6934,0.011331081,1.206505537
6935,0.805554092,0.822559237
6936,0.900645554,-0.652684331
6937,-0.170182765,-1.906528234
6938,-0.461061895,1.209881663
6939,1.399764299,-0.034360349
6940,0.097739100,2.008002758
6941,-0.348648399,-0.193752706
6942,2.257799864,2.573942900
6943,-2.568058968,-2.157282352
6944,-0.932323575,-0.625094652
6945,2.133971691,1.946514606
6946,-0.738915920,1.412908316
6947,-1.741381288,-0.219399750
6948,0.207637399,-0.763040543
6949,0.419165701,-0.218260050
6950,-0.178280413,-1.272408247
6951,0.048608094,3.414550304
6952,0.722371936,0.552390516
6953,2.463703394,-0.495348036
6954,1.346186876,1.380942345
6955,0.329421520,-0.295471430
6956,0.774418354,-0.783523500
6957,2.274024725,1.007037044
6958,-0.138303325,0.075363725
6959,1.696541905,-0.549165428
6960,0.823294699,0.665160894
6961,0.999629378,-0.180215061
6962,-0.909112811,0.009486258
6963,-0.570877075,-1.663448572
6964,0.304955095,-0.255152524
6965,0.095418125,-0.857504487
6966,-0.553669631,0.555711091
6967,2.263467073,1.684352398
6968,-0.998210549,0.204181314
6969,1.188097358,-0.380765945
6970,0.314474165,-1.372296333
6971,0.428954542,0.222266778
6972,0.273922205,-1.522944689
6973,0.159141302,-0.195609033
6974,1.188170791,-0.749837101
6975,0.042374238,0.756859899
6976,0.394900262,-0.479031324
6977,-0.035819001,-0.626368046
6978,-1.377815723,0.049351022
6979,-0.076257199,0.147780851
6980,2.183414698,0.559069216
6981,1.287809134,0.559918106
6982,0.139543474,0.098913968
6983,-2.819728851,0.729610562
6984,2.467175722,0.011047482
6985,-0.025577128,-0.198136181
6986,0.695135832,1.518270016
6987,1.055745125,-0.222264573
6988,-0.490503013,-0.185393140
6989,1.076743126,-0.141700163
6990,0.884134948,0.312588751
6991,-1.048208952,-0.418297768
6992,0.741106033,-0.136218861
6993,-0.291236252,0.066601433
6994,-0.090731785,0.634034157
6995,0.709040761,0.270890236
6996,0.094958991,-0.274313927
6997,0.732382059,0.631153762
6998,0.211134881,1.045468450
6999,-0.799743891,-0.774598598
7000,0.059365585,-0.477522194
7001,-1.263734579,1.748408318
7002,-3.276258230,0.211717486
7003,-0.191137612,-0.463448703
7004,-0.013337761,0.367293686
7005,-1.018824577,1.012938976
7006,-1.293372273,0.897841930
7007,-1.399155617,-0.753097355
7008,-0.238226175,-1.240912437
7009,0.913913965,1.372979641
7010,1.050190330,0.597206473
7011,0.032083966,-0.212380812
7012,1.677656531,1.769292116
7013,0.093372717,0.589588702
7014,-0.475954592,-0.849002242
7015,-0.345930696,0.702255666
7016,-1.980934143,-0.230643451
7017,-0.489224613,1.546203613
7018,0.829372287,0.121661678
7019,-0.656408489,0.912735343
7020,-0.219612390,-0.917710781
7021,-0.620691776,-0.656949997
7022,-0.732127905,-0.934634686
7023,-0.857973397,-0.404651880
7024,0.949201047,-3.622775793
7025,-2.904803276,0.538567424
7026,1.029491901,-0.276091814
7027,-1.676992536,-0.802209020
7028,3.640832901,-1.688139200
7029,0.149893045,0.117132306
7030,-2.430971622,-1.657803774
7031,0.527550638,-0.068277501
7032,0.014746047,0.154370472
7033,0.636037350,0.597561896
7034,-0.495162129,0.823241472
7035,0.718137145,-1.023013711
7036,0.111471236,-1.600945950
7037,-1.172027349,0.852055311
7038,-2.103252888,0.475063205
7039,-0.394491434,0.596841276
7040,0.431261688,1.105389476
7041,0.124764957,1.042679071
7042,0.516463041,0.839370072
7043,0.357688457,-0.567031205
7044,1.458423495,0.486128122
7045,-0.783983827,-0.816187561
7046,0.651556075,0.204137832
7047,0.087717474,0.841661036
7048,0.489138722,-0.428004682
7049,0.356116086,-0.510153711
7050,1.726066828,-0.715639174
7051,0.241348594,-0.871872425
7052,2.318166494,-2.414530277
7053,-0.813737929,3.271308661
7054,0.033597991,-0.208473369
7055,-0.135086805,-0.249663696
7056,1.158237934,0.481916666
7057,1.362588644,2.256440878
7058,1.246829748,0.303555101
7059,2.476339817,-0.508223772
7060,0.109302603,0.454418659
7061,-0.516904533,0.208182961
7062,0.624827206,0.462419957
7063,1.479388952,3.985872030
7064,1.602278233,-0.189243555
7065,0.173047066,0.150732741
7066,0.134164959,-0.150861368
7067,0.427600980,1.171419621
7068,-0.346751809,-0.169772312
7069,-1.185953379,-0.128233075
7070,-2.044336557,-0.266850889
7071,-1.165749311,-0.757570326
7072,-1.123780131,-1.511500120
7073,-0.177611649,0.093999840
7074,-2.399325848,-0.927112579
7075,1.877691031,-0.229507938
7076,-0.443978965,0.256078124
7077,0.998464823,-1.535358906
7078,-0.970009565,0.684849203
7079,-0.951912045,4.123166084
7080,0.627921879,-0.075910091
7081,1.251840830,-0.654409170
7082,-0.838267863,-1.734948158
7083,-0.411896199,0.022522151
7084,-1.670244336,-1.928604841
7085,-1.913599730,-0.060775056
7086,-0.658263803,0.034380585
7087,-0.613315403,-1.832983017
7088,-0.424928278,-0.091751345
7089,-0.248615593,0.172562167
7090,-1.516661167,-1.112316132
7091,1.446677089,-0.790051281
7092,2.192827463,0.106852755
7093,0.026733547,1.657425165
7094,2.055242062,-1.053961277
7095,-0.299309820,0.090514235
7096,0.351016372,-0.797127128
7097,-0.424734801,1.559791684
7098,-0.811952770,0.073168464
7099,-0.164856821,0.153519809
7100,-0.051709034,0.762767434
7101,-0.634314001,0.457158446
7102,-0.647505105,0.652366757
7103,-1.455854177,-2.412728310
7104,0.361090422,-1.062344551
7105,-0.565073311,-0.310211122
7106,-0.972293437,-1.689887047
7107,-1.371701956,-1.965163469
7108,-0.497201443,-1.592923641
7109,-0.087558970,0.326813221
7110,-0.795684516,0.745992780
7111,0.258796602,0.407537788
7112,0.095267333,-0.953963518
7113,1.181848288,0.948937893
7114,-1.966358662,-0.458765775
7115,0.537720025,2.010372400
7116,0.172725320,-0.017957080
7117,0.662171483,-1.566210747
7118,-0.203148842,0.690492868
7119,-0.145052820,-0.300705075
7120,-0.232380137,-0.004829820
7121,-0.424935639,0.681032956
7122,0.398469001,1.303110600
7123,0.206474841,-1.007256627
7124,-2.607473850,-1.282960653
7125,0.718658686,-1.260177135
7126,-0.233905226,0.010004319
7127,1.094418883,0.800449073
7128,0.720539033,0.550057232
7129,1.261999249,-0.112947285
7130,-0.832093477,2.271474838
7131,0.471531987,-0.035077132
7132,3.098992586,0.152156681
7133,-0.436846912,0.973104119
7134,-1.137863278,-0.104437083
7135,-0.596912622,-0.030919909
7136,-0.093005739,-0.175913647
7137,-2.500751972,0.489737630
7138,3.175745487,2.968267679
7139,0.455957264,0.381679475
7140,-0.827116728,0.143036544
7141,-1.368884802,0.538148522
7142,1.063042164,-1.702484727
7143,0.653328717,-0.865448475
7144,-1.783379436,1.110586166
7145,0.733210325,1.107575178
7146,-0.641126871,-0.782500148
7147,0.978136301,-0.786669731
7148,0.042934533,-0.208067238
7149,1.203065038,-0.777080894
7150,0.740859449,1.376216888
7151,0.853723288,0.410510361
7152,1.006283164,1.678194165
7153,0.182541862,0.366175383
7154,0.194437504,0.118012249
7155,-1.222203255,1.494794369
7156,0.821829319,0.290711761
7157,-0.653172016,4.394113541
7158,1.755400777,1.019331455
7159,-1.939438343,-0.114599466
7160,4.504616737,3.010406256
7161,-1.163284183,-0.940350771
7162,0.441721886,-0.727224529
7163,-0.565650046,0.248517454
7164,-0.322738200,0.695975184
7165,-1.110104561,-0.341180682
7166,-0.007000356,0.158599317
7167,-0.333610147,-0.243916452
7168,-0.732941866,-0.115849264
7169,0.285659343,1.890661240
7170,-0.062694892,-0.277328730
7171,-1.091316223,-1.716473222
7172,0.212043196,-1.095684290
7173,-0.281450033,-0.110949755
7174,-1.629930973,0.844874620
7175,1.117783546,0.843915582
7176,-0.998576820,-0.563868642
7177,0.180676162,-0.572466254
7178,-1.578160405,0.140118003
7179,-0.066924728,-0.377467543
7180,1.179153919,0.806260526
7181,-0.209565639,-0.664639890
7182,3.058131695,0.676534891
7183,-0.299741000,-0.228934675
7184,-0.404063165,0.008075051
7185,0.310077071,-0.545152068
7186,-1.860975981,2.089970827
7187,-1.543020010,-1.443610311
7188,-0.125338286,-0.021667093
7189,-1.124046087,0.486809999
7190,-0.560153306,1.139873266
7191,-0.282011658,0.343787372
7192,-0.273424029,-1.047994971
7193,-0.041510753,0.165245011
7194,-0.356534243,0.329564393
7195,1.040409327,1.053560257
7196,0.802223802,-1.496231794
7197,0.566969156,0.307546794
7198,-1.430550337,-0.407338798
7199,0.094868392,-0.264365613
7200,-0.067477345,0.160715580
7201,-0.375952959,-1.345693707
7202,-0.987628102,1.058181524
7203,-0.151553690,-0.117580831
7204,-0.321226537,0.088972420
7205,-1.432213426,0.331755847
7206,0.966798425,0.008181810
7207,2.324893951,1.447640419
7208,1.602365375,0.552998722
7209,0.389944106,0.673240602
7210,0.004301557,-0.183436543
7211,0.207148433,1.002660751
7212,0.404776871,0.601495266
7213,1.228808761,0.078410767
7214,-0.457370907,2.204112291
7215,3.060794830,1.616845250
7216,-0.142192125,-1.185368657
7217,1.296034932,-0.373852849
7218,-2.785666466,0.333129644
7219,0.159008503,0.119853191
7220,0.630568683,0.507954955
7221,0.586260438,-0.329304338
7222,3.391893864,-0.905263543
7223,-0.590133309,-0.850113451
7224,-0.708262324,0.158260167
7225,-1.319656253,1.012371302
7226,-1.446542978,0.556858301
7227,0.834231198,0.686524630
7228,-0.973707199,-0.935145617
7229,0.180545092,0.419929624
7230,-0.588012218,0.561210573
7231,-0.470886767,-0.061204776
7232,-1.495993853,0.427597523
7233,0.913708329,2.118659973
7234,0.595657229,0.037418246
7235,-0.106701493,-1.560117722
7236,-0.152440190,0.028830171
7237,0.721165657,-0.198334694
7238,0.571651697,1.975118279
7239,-0.159240633,0.175283909
7240,-0.285163403,2.157680750
7241,1.103037477,-2.190999031
7242,1.851256967,0.031874560
7243,-1.414260626,1.025813103
7244,-1.254637718,1.294749379
7245,-0.010311428,-0.222861975
7246,-2.080852032,1.541797400
7247,0.740705371,-0.174712449
7248,0.309959292,0.101020455
7249,-0.843589842,0.303003132
7250,-0.027189741,0.460379124
7251,0.616931915,-2.314258099
7252,1.361604691,-1.074496627
7253,0.216630340,-1.579404473
7254,2.160831928,-2.557848454
7255,-0.157700986,-0.328539580
7256,-1.896175742,2.368087292
7257,-1.240552664,0.539678156
7258,-0.185079515,-0.068734720
7259,-0.449724525,0.291093528
7260,-0.051549867,0.590366006
7261,-0.775136232,-0.080694914
7262,-1.313989878,-1.106368780
7263,2.844000578,-0.664140224
7264,0.302445769,-0.159313947
7265,0.275714934,0.339033276
7266,1.264287233,-1.466508865
7267,1.207638144,-1.865771413
7268,0.467997015,0.095122926
7269,-0.065220758,-1.660463691
7270,1.173470616,2.329056025
7271,0.197160006,-2.356139660
7272,0.237782717,-2.117665768
7273,0.149843544,0.478190571
7274,-0.933861494,-0.517908275
7275,0.652765214,-0.649403274
7276,-0.343281865,0.305294275
7277,-0.317968816,-0.813889265
7278,0.574380696,-0.819923937
7279,0.099527232,-1.032989621
7280,-0.929016709,-0.032127202
7281,-0.545009136,-0.688599885
7282,-0.840397179,0.216742575
7283,-2.036410570,0.520679355
7284,0.486926347,0.852474570
7285,0.180270523,1.447323442
7286,-0.499400765,0.433278412
7287,0.860549212,-0.382676303
7288,1.223876476,-1.645003796
7289,-0.495978475,-0.187868923
7290,0.363797903,-3.240063667
7291,-1.808718204,1.159687519
7292,-1.592701077,0.522366226
7293,-0.422397554,-0.602658987
7294,0.876621664,1.113902330
7295,-0.832021594,-1.939638495
7296,-0.880507112,-1.661435843
7297,-0.192153722,-0.534057200
7298,0.183929816,-0.023303131
7299,0.510742366,0.801658094
7300,-0.617695689,1.078824162
7301,-0.940780640,-1.032539010
7302,0.282010674,0.683896959
7303,0.205714643,-0.484081119
7304,1.023710012,1.172700763
7305,0.201813549,0.748692155
7306,-0.051918238,0.207192302
7307,-4.435774326,-2.395827770
7308,1.376496553,3.394393921
7309,0.887864113,-1.145866156
7310,-0.149978936,0.418024421
7311,-1.915140271,-0.399476111
7312,-1.767444968,0.639910936
7313,-0.079606608,1.310720682
7314,-1.055697680,-0.444776207
7315,-1.406336665,1.377678752
7316,-1.589393139,0.893016815
7317,-0.621340990,-0.052774966
7318,0.407035530,-0.855016172
7319,0.632040858,-0.666163921
7320,1.069365025,0.477640271
7321,0.207109958,0.353402674
7322,0.319398820,0.464909554
7323,-0.460130394,-1.932037234
7324,-0.319437742,0.905241728
7325,-1.675388575,-1.230660677
7326,0.490272999,0.034916162
7327,1.449631929,2.916420698
7328,0.558865368,-0.602691650
7329,1.094338298,-1.220787168
7330,0.048040204,-0.468201458
7331,2.729665995,-0.608644009
7332,1.179565310,2.570261002
7333,0.366819561,-0.736089945
7334,0.691055417,1.171901941
7335,1.061743975,-0.028690338
7336,-1.822868466,-0.546474457
7337,0.408174574,1.892404318
7338,-1.611327887,-0.320078462
7339,1.275932312,-0.375208497
7340,-0.339984268,-1.908717990
7341,-0.565750837,-0.580129921
7342,2.399601221,-1.061788797
7343,-1.414121270,0.636632562
7344,-1.391238928,-0.846021891
7345,-0.218851030,-1.506702423
7346,0.585183203,0.391519308
7347,-0.814813375,-0.258568108
7348,0.658145547,-0.612843990
7349,0.632464528,2.603432417
7350,0.068252422,0.142178997
7351,-1.683825731,2.619765043
7352,0.492315948,1.613959074
7353,-0.200664908,-0.134470016
7354,-0.195664406,3.095047474
7355,0.441983283,-0.212260619
7356,-0.060061023,-0.809332311
7357,-1.536589265,0.715287924
7358,0.071018353,-0.131313488
7359,0.263694942,0.658208072
7360,-0.449144304,-1.447362423
7361,-2.223931074,-0.163468719
7362,-0.092266321,-1.039617062
7363,0.087452501,-0.086573407
7364,0.195238695,-0.291772723
7365,2.059182167,1.098770738
7366,1.334090114,2.027343512
7367,0.071403489,-0.311276436
7368,0.082629375,-0.406957179
7369,0.644124091,1.087779164
7370,0.943173528,0.578365624
7371,0.150737002,1.439993501
7372,-0.086042494,-0.668334961
7373,0.442031711,0.586796820
7374,-3.140382528,0.800451398
7375,0.015887128,0.311358839
7376,-0.377368689,-1.067253828
7377,0.518417656,-0.044351906
7378,-0.530161858,-0.504608274
7379,-0.254816860,-1.480848789
7380,-1.255819678,-1.054750919
7381,0.382940203,-0.212542459
7382,-1.293865204,-1.162740946
7383,0.553316057,-0.815134883
7384,-0.559049368,-0.287830532
7385,-0.170037702,0.126034051
7386,0.309243619,0.139881313
7387,-0.960833728,-3.604088783
7388,1.495550513,-1.916557431
7389,0.510993242,-0.580498517
7390,-0.102549657,-0.723720789
7391,0.146691725,-0.539798379
7392,-2.460664034,2.580935478
7393,-2.645225525,-0.866425335
7394,0.747045219,0.798082530
7395,-1.606089592,-0.877429962
7396,-0.264932871,0.096947461
7397,0.130995691,-0.127057880
7398,-0.575486779,1.735619664
7399,-0.976468682,0.907879293
7400,2.696953058,-0.014817312
7401,-0.521993816,-0.658412635
7402,0.014146559,-0.324881375
7403,0.003764501,-0.158038616
7404,0.362052351,0.002291024
7405,0.261901081,0.586323619
7406,-0.296716720,0.099136129
7407,0.776050925,-0.434864342
7408,-0.338059187,0.009311616
7409,0.733076930,0.257158071
7410,1.273736000,0.736605525
7411,-1.105758429,-0.931077361
7412,-0.721515059,-3.488472939
7413,0.353929222,-0.120591424
7414,-0.266606331,-1.596120596
7415,0.912195563,0.202235892
7416,-0.038095474,1.242399812
7417,0.996651232,0.061108902
7418,0.194842413,0.533527553
7419,0.561293244,0.957364023
7420,0.559652507,0.485299587
7421,1.111675024,-2.289527655
7422,-1.106605530,1.686611176
7423,0.182970718,-1.026752234
7424,0.309135973,-0.162085935
7425,0.823495150,-0.171321452
7426,-1.099792480,0.206467494
7427,-0.628226995,0.308885366
7428,-0.221711084,-0.502950788
7429,1.775093555,0.369403124
7430,1.247058630,-0.974464417
7431,1.049371243,-2.110362291
7432,-0.032302883,0.585201800
7433,-1.773502350,-1.743999124
7434,-1.325078607,1.410355568
7435,-0.166585505,0.078305796
7436,0.890907168,2.154051542
7437,-0.857574940,1.157192349
7438,-0.112916589,-0.972247481
7439,1.285093784,1.266711116
7440,-0.031484634,-0.536541820
7441,-0.556530595,0.854903340
7442,-0.355729461,-0.157400772
7443,-0.004835486,-1.339273691
7444,-1.405157328,-1.024599671
7445,-0.772337675,0.171732083
7446,1.071785212,-0.308171600
7447,-0.204554260,0.155454040
7448,-0.482116073,-1.506012321
7449,1.731821060,0.472210705
7450,-1.666861892,-0.018946007
7451,-0.352481365,0.099851690
7452,0.839774072,1.665403843
7453,-0.860082448,-1.838634729
7454,0.414464355,-0.506387949
7455,-2.214656591,-2.333058357
7456,1.533819675,-0.353391826
7457,0.777558804,-1.013697267
7458,-1.133138180,-0.826871395
7459,-2.817825556,-2.851721287
7460,-0.085253961,0.757140636
7461,0.850617766,-0.620177925
7462,-0.394397855,-0.315530390
7463,0.458018303,-1.363619328
7464,2.281464338,-0.370354593
7465,0.180787101,0.038492374
7466,-0.119538389,-0.135355711
7467,-0.448923409,1.048601866
7468,1.238866687,-0.192033514
7469,-0.535191298,-0.496603131
7470,1.428233981,-0.289539933
7471,-0.273316801,2.883230925
7472,-1.956915498,-0.003838301
7473,0.635062158,0.182929546
7474,-2.204015732,0.093706131
7475,0.064434215,-0.186958075
7476,0.080836006,-0.469601601
7477,-1.617628574,1.001802444
7478,0.249632373,-0.179229930
7479,-0.122642457,-0.400680304
7480,-0.770373762,0.119543679
7481,1.094621897,-1.995913744
7482,-1.831829309,0.418365777
7483,-0.653999329,-1.514800072
7484,-0.501367986,-0.520141125
7485,0.366180539,0.119933888
7486,-0.167127430,-0.091827065
7487,-0.613439977,0.789522767
7488,0.805964470,1.731046557
7489,2.669401169,1.356336713
7490,1.585062265,0.216898084
7491,0.346357346,-0.400269777
7492,0.564951003,0.531619549
7493,-1.237309456,-1.320252657
7494,0.273359537,-0.226403207
7495,-1.164772630,0.409144223
7496,0.844918013,-0.955770969
7497,-0.016213946,-0.666326106
7498,0.977182388,1.482807159
7499,-0.624508321,-0.903330445
7500,1.115394831,-2.142098188
7501,-0.734787166,0.414155722
7502,0.092451364,1.611615658
7503,2.613708019,1.928710461
7504,-0.272815824,-0.608811319
7505,-0.981197894,2.102571011
7506,-0.888921618,0.840541363
7507,-0.748194218,0.023112893
7508,0.455467701,1.863233447
7509,-0.082665779,0.408800900
7510,0.494215637,-0.039578810
7511,-0.044351220,0.792578459
7512,-0.089188159,-0.985939503
7513,0.664643526,1.592638612
7514,-1.181210279,0.355013788
7515,2.567438841,-1.793256521
7516,-2.264708281,-1.701305866
7517,1.485252857,-1.298591733
7518,0.378479958,-0.861292720
7519,0.169067234,-1.236072898
7520,-1.369547248,1.101500392
7521,-0.080088846,0.180177927
7522,-0.045892816,0.149687380
7523,-3.496672153,-0.567069173
7524,0.071043827,1.463341713
7525,-0.030273810,0.806474686
7526,0.010071451,0.220480919
7527,-0.581765890,-0.808920145
7528,-1.060036540,-0.569972932
7529,0.218921542,-0.859790385
7530,0.124302790,0.431035340
7531,0.016397936,0.601054490
7532,-1.845623612,0.801808894
7533,0.192885339,1.515414596
7534,0.882564843,0.579054713
7535,-0.530521750,-0.300514817
7536,0.661440909,0.490689635
7537,0.292462319,-0.503654480
7538,-1.192153454,0.046090364
7539,-0.069311500,-1.128474951
7540,0.423837364,-0.316661984
7541,-0.203000143,0.359342128
7542,0.344877243,-0.026769377
7543,-0.631077707,2.500341177
7544,-1.819709063,-0.875915349
7545,2.624380112,0.744538963
7546,0.815496445,-4.388686180
7547,-1.456742525,-0.328856587
7548,-0.858986378,0.847940803
7549,-0.829630733,-0.227253765
7550,0.943414807,-0.280245394
7551,1.509424210,1.647002935
7552,-0.186695635,-1.506511807
7553,-1.083429933,-0.941937923
7554,0.277793527,-0.773714125
7555,1.175199628,0.972085416
7556,-1.570820093,1.718625784
7557,0.656257808,-2.512988567
7558,-2.740596771,-0.463908255
7559,-0.114503115,-0.592061758
7560,-0.430491328,-0.597853899
7561,0.633317053,-0.566350698
7562,0.881547213,-0.240549266
7563,-2.073006153,-4.136523724
7564,-0.858680308,0.112988040
7565,-0.054662153,-0.433350444
7566,-0.507128417,1.761369348
7567,2.150936127,0.973698735
7568,1.073226929,0.767276287
7569,0.191780195,-0.812707245
7570,0.826126993,1.715088487
7571,0.235396355,1.565765142
7572,1.335125804,-1.365697145
7573,-1.454016209,2.304002762
7574,-2.077940941,-0.340128392
7575,0.961132467,0.500457823
7576,-0.350315928,0.732143342
7577,-2.195239067,-4.095439911
7578,-1.331285000,-0.520036757
7579,0.151423439,0.270234525
7580,-0.054924354,0.251782030
7581,-1.227432489,2.044990540
7582,1.673125625,0.734498739
7583,-1.116585255,0.696813703
7584,1.460488319,-1.075750232
7585,-0.316686153,-0.908776522
7586,0.195719004,-2.276408911
7587,-1.251516104,-0.507530570
7588,0.982404590,0.783237576
7589,0.767633677,1.341379166
7590,-1.368290424,-1.412461519
7591,-0.202017277,-0.301468909
7592,-1.367079139,-0.369259208
7593,-0.056166738,0.979886472
7594,0.147709236,-0.102236882
7595,0.684590697,1.591949940
7596,0.600448608,0.667920172
7597,-2.020889997,3.322400570
7598,-0.153514266,0.551723242
7599,2.151245117,0.909214616
7600,0.155662090,-1.643427134
7601,-0.800222456,0.053751647
7602,-0.775091112,0.793667674
7603,-1.446347356,1.218952417
7604,0.813462138,0.181914777
7605,0.714936435,-0.117304206
7606,0.249066979,-0.819136620
7607,-3.508803844,-2.837069750
7608,0.318464905,2.413481712
7609,-0.228736043,0.200132787
7610,0.418451905,0.032225303
7611,0.779863834,0.580324709
7612,2.178171635,-1.065813303
7613,0.132761359,-0.524469852
7614,1.187243462,-1.074078798
7615,1.111605167,-2.435631275
7616,0.528418779,0.521669805
7617,-1.413928032,0.076022565
7618,-0.183657899,1.600433230
7619,0.961998343,0.050998136
7620,-0.350371540,-0.231212646
7621,-0.738015771,-0.030632317
7622,-0.682318211,-0.595689654
7623,-0.416113079,0.277819484
7624,-0.705470264,-0.358571768
7625,-1.748681903,0.411237001
7626,-0.342749178,2.603028536
7627,-0.855206847,-0.706716239
7628,-1.919142365,-2.013229847
7629,1.579985499,-0.642306805
7630,0.928806901,-1.939434409
7631,0.573901653,1.524213791
7632,0.487314910,0.208681762
7633,0.182571083,-2.106167793
7634,-0.024915326,0.229729295
7635,-3.201462030,1.324887991
7636,0.539159536,-0.628609955
7637,0.502277076,0.831042767
7638,0.519593477,-1.630181789
7639,0.257177114,0.108855367
7640,-1.005460024,1.025061250
7641,-0.785989642,-0.537659883
7642,-0.338468790,-0.842125177
7643,-0.364598393,-0.929582715
7644,0.160646319,-1.607259989
7645,0.411932081,0.409974694
7646,0.852519274,0.568227053
7647,-0.041150648,0.525296688
7648,-1.167236567,-1.124408484
7649,0.768588722,-1.848407388
7650,0.233923584,0.321530938
7651,-0.383307785,2.081450701
7652,1.185710311,-0.163695335
7653,2.329545021,0.052630365
7654,2.799308300,0.826505542
7655,-0.367997587,-0.644320607
7656,0.144886136,0.195046082
7657,0.608113766,0.562047005
7658,-3.464396000,-1.602110386
7659,-2.469487429,0.778481960
7660,0.775355875,1.055028677
7661,0.812028885,-0.123420537
7662,0.119092703,0.510588109
7663,1.044212461,-0.560183942
7664,-0.337835252,-0.802564323
7665,-0.388792038,-0.175887823
7666,-1.894451618,0.676252842
7667,-0.709205866,0.234582707
7668,0.246613279,-0.187684551
7669,2.469849586,-1.332677007
7670,0.441346347,3.033419371
7671,-1.845088243,0.134936810
7672,0.665244877,0.355726004
7673,0.969265282,0.231880635
7674,0.015513107,-0.162229523
7675,-0.057735533,0.813956201
7676,-0.607175946,-0.427056551
7677,0.096850760,0.756072283
7678,-0.841608584,1.750610352
7679,-0.373566866,0.181850627
7680,0.225612819,0.181817979
7681,-0.457592160,0.663088620
7682,0.133555904,-0.153483123
7683,2.391386509,0.190590322
7684,1.823257923,-0.458122283
7685,0.815560043,-0.311715037
7686,-1.642352939,0.667279363
7687,-0.517951787,0.290404946
7688,-0.991987169,0.032421708
7689,1.808389902,-0.382766992
7690,-0.949653089,-0.772030234
7691,-0.315273255,-5.008209229
7692,0.234873533,0.796847641
7693,0.276106536,-2.392588854
7694,-0.220912561,0.936316967
7695,1.096231103,0.350097716
7696,0.044404566,-1.213135481
7697,1.528091908,-1.764299631
7698,3.552020073,0.565179944
7699,0.156680658,-0.008365422
7700,0.098444402,0.579554141
7701,-0.494041443,-0.303935677
7702,-0.622516096,-0.662912250
7703,-1.852721572,2.345752716
7704,-0.189012632,-0.291377366
7705,-1.177669764,-0.381074607
7706,-1.520788670,0.297331929
7707,0.249182239,0.294061720
7708,0.347619265,-0.376931578
7709,-0.518460870,-1.190593719
7710,-0.242780879,0.215677053
7711,0.675770164,-0.530944526
7712,-1.509876490,1.522492766
7713,0.331501007,0.845998228
7714,1.490795016,1.055822611
7715,1.664767981,-0.326448977
7716,0.248107478,0.159652993
7717,-1.481667519,-2.754519939
7718,-0.728625655,-1.872511983
7719,0.250227302,-0.010422661
7720,-0.097974494,-0.264070898
7721,-0.497849703,0.025131345
7722,0.220567167,0.790973067
7723,0.068590641,-0.491632670
7724,-1.233017683,0.036910728
7725,1.446521878,-1.640571594
7726,-0.219703227,0.602954328
7727,1.485152364,-3.752457619
7728,-0.103985310,-3.400110483
7729,-0.374091446,-0.044386912
7730,0.676580429,2.150940895
7731,0.314167738,-0.061709329
7732,-0.421636462,0.018538587
7733,-0.572621882,2.719789267
7734,0.131708026,-1.647023678
7735,-0.407685608,-0.324643612
7736,-0.154492378,1.587229729
7737,-0.162244514,0.626867890
7738,0.723242819,0.089244470
7739,-0.475113302,1.204343319
7740,0.649296999,0.444068909
7741,-0.001707226,0.646809459
7742,-0.779997885,-0.824061275
7743,0.037090838,0.129778862
7744,-2.322861671,-0.060480714
7745,-0.506963491,-0.064775646
7746,-0.248336002,0.377319455
7747,-0.268561840,-1.788464308
7748,1.900680900,-1.182978153
7749,1.719437599,0.018742286
7750,2.916376591,4.189859867
7751,-1.858823061,0.326768756
7752,0.585869908,0.417575330
7753,-0.615844190,0.247207522
7754,1.416586161,-0.437870085
7755,-0.040360462,0.518371105
7756,0.442173451,0.069609694
7757,-1.827642322,0.118321121
7758,1.155787945,-0.514919519
7759,0.903189898,3.352093935
7760,-1.270285606,-3.102506876
7761,-1.147756577,2.833488464
7762,0.391014457,-0.964516103
7763,2.130120277,1.055173516
7764,2.386973143,-0.353896439
7765,1.779406190,-1.373196006
7766,0.087561667,-0.930084527
7767,0.208011582,0.761459768
7768,-0.549251974,-0.125115663
7769,-1.470090628,2.137340069
7770,2.891776562,0.491969347
7771,-3.187756062,-0.106377125
7772,-0.512202799,-0.184062928
7773,1.211845160,2.513912201
7774,-0.825512528,0.840550959
7775,-0.009719640,-0.584950268
7776,-1.836441040,-1.850933194
7777,-0.483309776,2.398157835
7778,-0.688696206,-0.379806221
7779,0.324677825,1.164531946
7780,2.533102751,0.773721933
7781,0.513667285,-0.749235213
7782,-1.480774641,-0.178035080
7783,-0.591688693,-0.385861516
7784,2.155651808,-2.436180115
7785,-0.183703512,0.088325053
7786,0.329011977,0.355494171
7787,-0.663349986,1.587971449
7788,-2.271107912,-2.165789843
7789,0.079248019,-0.201664805
7790,-1.585644603,-1.494119406
7791,0.593314528,0.329878867
7792,0.080894411,-0.727083981
7793,0.170254171,1.222325444
7794,-0.431756258,0.365939438
7795,-0.095808268,-2.249922514
7796,-0.798938155,-1.721263409
7797,0.369389564,-0.204380244
7798,-0.716254354,-0.498550445
7799,1.280422568,1.338312149
7800,-3.253168344,-0.870538473
7801,-0.971851110,2.148339510
7802,0.007046189,-0.176333874
7803,-2.762279034,-1.554997563
7804,-0.780349374,-0.455539823
7805,-0.802923799,-0.162278697
7806,-0.935157418,0.060585201
7807,-0.754052818,1.340044260
7808,0.176643908,-0.388835162
7809,0.019088134,-0.515856504
7810,0.530756712,-0.106716394
7811,1.727333784,0.222987190
7812,0.705651104,-0.022164725
7813,0.606752276,-0.562335789
7814,0.881688476,1.197139263
7815,0.886629820,-0.284664661
7816,0.050080322,-0.367400885
7817,0.966225803,1.417207479
7818,0.663780510,-0.175649017
7819,0.901421547,0.935160756
7820,-1.781711817,0.565575361
7821,1.759758592,-0.562595248
7822,-0.223836824,-0.105027013
7823,1.949086666,-0.944967389
7824,0.919921398,-0.485838443
7825,1.881092787,-0.371103138
7826,-0.007887214,-0.561999559
7827,-1.280017972,-1.097476244
7828,0.702912986,0.644079566
7829,0.344534338,1.157212496
7830,0.049483716,-0.672493458
7831,0.143142894,0.086927377
7832,-3.245794773,-0.215517998
7833,-0.842287660,2.911243439
7834,1.101099372,1.788938999
7835,2.309551001,-0.284340322
7836,0.136175036,-0.168476999
7837,1.251759171,-0.661790550
7838,-0.526009262,-0.392181218
7839,-0.088422336,-0.129027158
7840,-2.085701466,1.988547802
7841,0.821988583,-1.672170520
7842,0.134187818,-0.511376143
7843,1.032357693,1.682490349
7844,0.504333973,2.375913620
7845,-0.608906388,-0.357258707
7846,0.164941609,-0.102946490
7847,-0.616109848,-1.157275677
7848,1.727707028,-1.344157338
7849,0.524443567,-0.174132198
7850,0.014374122,-0.336441755
7851,-0.030062739,0.293510497
7852,-0.152944475,-1.402868509
7853,-0.189151943,0.161578834
7854,-1.530947447,0.734255314
7855,0.731984019,-0.327065438
7856,0.204117537,-0.236617267
7857,2.453541279,1.128743410
7858,-0.327334046,-2.296770573
7859,0.023529017,0.601858020
7860,-1.259260774,1.479753852
7861,1.803832889,0.891269445
7862,-0.526689410,-1.546146393
7863,-3.588041306,1.495073795
7864,-0.070485130,0.380158693
7865,-0.690995038,0.181147262
7866,-1.291408539,1.604839802
7867,-0.645480812,1.102371216
7868,1.725791216,0.880165637
7869,-0.626889527,-0.909829974
7870,-0.345958143,1.891395450
7871,0.955261469,-1.303722978
7872,1.134383678,-1.915967464
7873,-1.005533457,1.444707870
7874,-0.842340708,-0.162765160
7875,0.156712949,-0.280998439
7876,-0.668101668,-1.336264849
7877,0.922587156,-0.038460601
7878,-2.626173019,1.095274210
7879,1.968959570,1.059098482
7880,1.128621221,-0.415121645
7881,0.221240535,0.310808241
7882,0.493703902,0.056949787
7883,-0.197366893,-1.928207755
7884,0.563618481,-0.140643239
7885,1.953198314,0.283377171
7886,-1.649383783,-1.013062000
7887,-0.123662040,0.660940111
7888,0.930999041,0.523430765
7889,-0.026199184,-0.325847089
7890,-0.315809250,0.374885142
7891,-0.218318462,0.231619462
7892,-0.332070589,-0.610161066
7893,-0.793835938,-0.107839540
7894,0.383055836,1.187335610
7895,0.193410993,-2.252633810
7896,-1.005792975,-0.099001527
7897,0.646415055,-0.185475498
7898,1.235634089,-2.936924219
7899,1.216005564,1.945018291
7900,0.269163907,-0.755297899
7901,2.560842037,2.246690750
7902,0.444384247,0.153967947
7903,-0.261129439,-0.153482616
7904,0.087422043,-0.067613885
7905,-0.690562367,0.366795272
7906,0.432175994,-0.142966777
7907,0.904126287,-0.477577031
7908,-1.234990358,-0.786135435
7909,0.345671922,-1.017977238
7910,-0.468029946,0.750802815
7911,-0.246982366,0.058162808
7912,0.580133617,0.605985940
7913,-0.304273784,-0.295759916
7914,-0.193751290,0.666131496
7915,1.439625502,1.244309902
7916,1.737989187,-1.279446721
7917,-1.310893893,-0.860394001
7918,1.423558831,-0.450933665
7919,2.323243141,0.196623415
7920,0.006576187,0.285712540
7921,-0.591161609,-0.845375657
7922,0.338267297,0.719957352
7923,0.179733992,-2.244643450
7924,-0.369375378,-0.712616444
7925,-0.157496810,0.276860178
7926,1.071876764,-0.517458856
7927,-0.454506278,1.833215833
7928,-1.218086362,-0.480770648
7929,-0.435182244,-0.171798676
7930,-0.411685467,0.937185645
7931,0.458350956,3.404291868
7932,0.761924386,0.956052065
7933,-2.568779230,1.053112268
7934,-0.819438934,-1.729570508
7935,-0.862798870,1.002774239
7936,-1.672550201,-0.914754391
7937,-1.529672980,0.060712695
7938,0.281950295,-0.271307677
7939,-1.629716635,-1.779723167
7940,-1.507758379,-0.098201811
7941,0.717404485,0.191601500
7942,-0.986989975,-0.285764039
7943,-1.739932299,-2.339722633
7944,0.258040130,-1.105749846
7945,0.187725231,0.547723770
7946,-0.337145805,0.929829180
7947,0.384221196,-0.105727360
7948,0.494208366,-1.237943769
7949,-0.521551609,0.552440286
7950,0.765623212,0.254497707
7951,-0.110245079,-0.978790045
7952,-2.156812429,-2.734655380
7953,-0.181970596,0.122222364
7954,-0.284173518,-0.270210326
7955,2.657212734,-1.421875000
7956,-1.312356234,-0.142971337
7957,-0.372376680,0.677007914
7958,0.434515417,-1.369797230
7959,-1.350243330,-0.569109976
7960,2.120181799,-0.841970623
7961,-0.577745318,-0.463958502
7962,2.469525099,-1.459147692
7963,-0.168902963,-1.781108856
7964,1.312063098,1.056330562
7965,1.468688011,2.864283562
7966,-0.509249389,-1.596747875
7967,0.945185125,0.037417766
7968,0.085728407,-0.982321501
7969,1.754517674,0.936100781
7970,-1.610609770,0.091083944
7971,-0.589961529,-1.255953550
7972,1.227213144,-1.313293576
7973,0.131760538,-1.862011671
7974,1.416203499,0.978932977
7975,0.172568604,0.035780992
7976,-0.060674768,0.193525270
7977,-1.058121681,-0.096639276
7978,2.800398588,-2.383952141
7979,-0.085410349,3.043858767
7980,-1.056556225,-0.464102566
7981,-0.273684502,1.420063972
7982,0.000421846,0.202460229
7983,2.832246304,0.270895571
7984,-0.396379322,1.927628875
7985,-1.915602326,2.048811674
7986,1.661567569,0.014800996
7987,-1.552464008,-0.800814509
7988,-0.588584304,-2.943895340
7989,1.239008427,-0.145985648
7990,0.803065896,-1.620386958
7991,1.178957939,1.259440184
7992,-0.119737126,0.350106746
7993,2.078282833,0.330918670
7994,-0.359044015,-0.026143283
7995,-1.033695698,0.018296286
7996,-0.368445009,0.221051320
7997,0.126457393,0.128125638
7998,-2.085778475,1.040728688
7999,0.503883243,2.311029196
8000,-0.754799306,-1.865745544
8001,0.956459880,2.066615820
8002,-0.611747205,-2.066927433
8003,-1.822292447,0.287380517
8004,-1.124397755,0.934322953
8005,0.586357176,-0.045062523
8006,-0.570527494,-0.671351492
8007,0.035890818,-1.681085348
8008,0.171402737,1.964231133
8009,0.566106975,3.351093292
8010,0.781922042,-0.189647362
8011,-1.106460810,0.947304845
8012,0.778791845,0.729398251
8013,1.482724905,-0.529840529
8014,-1.364634633,-0.952029467
8015,-0.948317349,-0.984154940
8016,1.356845379,0.039054111
8017,-1.333061337,-0.182299316
8018,0.333065629,0.675340295
8019,0.280537069,-1.388584971
8020,0.868779957,-1.040452361
8021,-0.911347389,0.378104806
8022,-0.212563992,-0.808336973
8023,0.522358894,1.213793278
8024,-1.608680964,-1.390730858
8025,-1.033438206,0.341073871
8026,-0.111099109,-0.622796714
8027,-2.388688087,-1.594979405
8028,-0.171401024,2.546899557
8029,0.343099415,-0.084709913
8030,-0.749932528,-0.173970908
8031,0.575586438,2.300541878
8032,0.556598902,-2.362804890
8033,1.580955982,-0.379518867
8034,-1.341063619,2.023555756
8035,-1.585252166,0.542174637
8036,-1.784928679,1.222645402
8037,0.126235709,0.258085459
8038,0.383509278,-3.220278740
8039,-0.364273161,0.163677767
8040,-2.048863411,-3.749720335
8041,0.054071829,0.263280243
8042,-2.046264648,0.709438086
8043,0.146834344,-0.077829279
8044,-1.481755733,-1.117647290
8045,1.619601727,2.474072456
8046,-0.259716839,2.950974703
8047,0.192855477,-0.162101358
8048,-0.231166378,-0.034029890
8049,0.876528084,0.354925394
8050,0.151821643,0.554735661
8051,0.039276779,-1.319205761
8052,2.896611214,-0.877546012
8053,1.466620445,0.492694259
8054,-0.034783244,0.610439956
8055,0.660673678,0.375900745
8056,0.038336873,-2.073595285
8057,0.645683646,-1.419826865
8058,-0.206085205,0.521478295
8059,-2.064965248,-1.751427770
8060,0.523114562,-3.513852119
8061,-1.091963768,-0.140955925
8062,0.176761359,-2.256674051
8063,1.218740702,-0.215761870
8064,0.016916633,0.528199196
8065,1.737749457,1.284836292
8066,-0.590067148,-1.336128712
8067,1.785004973,-1.409039021
8068,-2.048979044,-0.050065696
8069,-1.975608110,-2.439813614
8070,0.935128033,2.074974298
8071,0.969722569,-0.118656598
8072,-0.905752718,1.482526898
8073,1.518422127,-0.763328016
8074,0.505130470,-1.408054829
8075,2.649582624,3.839110613
8076,0.131870478,-0.521152616
8077,-0.801509976,-1.276526570
8078,-1.137695432,1.744972706
8079,-0.144618466,-0.281505048
8080,-0.084339999,-0.561536789
8081,-0.764061809,-0.537725806
8082,-1.840247035,-1.734110236
8083,0.395936489,-0.660041213
8084,0.454689443,0.721236885
8085,-1.520043850,0.159998178
8086,-0.920562506,-0.277250797
8087,0.129310191,1.135614872
8088,1.488374591,-0.613215268
8089,-0.120935455,0.277078480
8090,-0.468210816,1.031414151
8091,-0.568886459,-1.126675010
8092,-1.299850225,-0.362789571
8093,0.295357525,-0.493581533
8094,0.646068871,0.969771266
8095,-1.599467397,-0.902081072
8096,0.023966331,0.140805081
8097,-1.961336613,-1.649102926
8098,0.216908813,2.517901897
8099,0.261560321,0.573820472
8100,0.518927097,0.436698139
8101,-1.628495693,0.628888190
8102,1.521028042,-0.079462461
8103,-2.402815580,1.338735819
8104,-0.546680868,0.973840952
8105,2.696579456,-0.923347652
8106,-0.545703709,-3.020871639
8107,0.119219273,0.916338205
8108,-1.276503325,-1.940313101
8109,3.339272499,1.143331289
8110,-0.233237267,0.122884318
8111,0.252980590,0.355121404
8112,0.141656831,-0.216456145
8113,-0.575420260,0.282707632
8114,-0.077007830,-2.307139397
8115,0.975093246,-0.983646333
8116,0.644752502,1.578713536
8117,0.541729808,0.098202184
8118,0.113234900,0.101092428
8119,0.829498649,-0.422669470
8120,-0.395075440,-1.633887768
8121,-0.979366779,0.639559448
8122,0.974284172,0.439588666
8123,-0.683479428,-1.063103676
8124,-0.489306986,-0.792733014
8125,-0.609369636,-1.292022228
8126,0.048105676,-0.199461877
8127,0.524955630,0.980208158
8128,0.960808039,-0.622681081
8129,0.338871717,-1.605740786
8130,-1.125090480,-0.703179479
8131,0.611190140,1.554528475
8132,-0.479118288,1.250478983
8133,1.414572120,2.203163147
8134,2.167103529,1.481979012
8135,-0.976522684,-0.453568339
8136,0.712162375,1.947666645
8137,-0.740535378,-0.766263008
8138,-0.280777872,-0.863002181
8139,0.015843026,2.122363091
8140,-0.423247814,0.206448823
8141,-1.846335292,-1.248447776
8142,-4.943286896,1.400882602
8143,-0.896551728,1.626989365
8144,-0.223553598,1.478354454
8145,-1.082462549,0.944834709
8146,-0.824761629,-0.724824190
8147,-0.908007979,-0.579941988
8148,-0.574175894,0.927616835
8149,-0.599674165,-1.114207745
8150,0.227154613,-1.506243944
8151,-2.578562737,-1.508068085
8152,0.239917159,0.569297075
8153,-0.460241616,-0.398448050
8154,0.577841520,0.412620217
8155,0.115180016,-0.134785146
8156,-0.218479276,-1.750367880
8157,0.378460050,-0.555125773
8158,0.207562834,-0.341227889
8159,-1.405513048,-1.818393469
8160,-1.025713682,-1.399598122
8161,-1.798036933,-0.079000652
8162,-0.647569835,0.900592327
8163,-0.498587191,1.153572083
8164,0.261392444,-0.022169190
8165,0.303611994,-1.330033183
8166,0.142913222,2.528517246
8167,-2.033809900,1.716414452
8168,0.174531102,1.462143183
8169,0.839372754,-1.009556770
8170,1.447672367,0.847193003
8171,1.052842975,0.003646493
8172,-0.886824727,0.499832988
8173,0.226344541,1.208387733
8174,0.542046130,-0.373197824
8175,0.020685161,0.556099296
8176,-1.508177519,2.063025475
8177,-0.447535396,0.664329171
8178,0.475622714,-0.355228156
8179,-0.784549534,0.200095952
8180,-0.583652556,1.478460312
8181,0.896898985,-0.100345820
8182,0.131592631,0.618098736
8183,0.663318038,-0.935443997
8184,-0.609658301,3.345678806
8185,-0.318901986,-0.086710490
8186,-0.281123161,1.023172855
8187,-0.252254277,-0.718682885
8188,0.618779123,-0.049685121
8189,0.137168765,-0.366808027
8190,-0.478194118,0.152245969
8191,-1.560035944,-0.385412037
8192,-1.445675135,-0.381736249
8193,-1.240019083,1.895022154
8194,0.441700935,-0.585250616
8195,0.627848685,0.263666391
8196,0.455696166,0.775141358
8197,-0.445935518,-0.459978402
8198,0.129549101,-0.112010323
8199,-0.100010931,-1.364327073
8200,-0.416496664,0.078817248
8201,0.693872154,1.312267661
8202,-2.598875761,-1.320323944
8203,1.552046061,-0.148696348
8204,-0.391476005,-0.104835704
8205,-0.703953624,1.970943928
8206,0.581802547,2.552949667
8207,-0.138089567,-1.609638572
8208,0.373886079,-1.404006958
8209,1.162837505,-1.072516799
8210,0.256953925,0.092452116
8211,1.122914553,0.229358032
8212,0.457823426,-0.447451293
8213,-0.964732766,-0.055238515
8214,-1.503691196,1.411881447
8215,0.111914515,-1.124944329
8216,-0.169570968,0.099981129
8217,0.116392076,0.506657243
8218,0.228089407,-0.804428816
8219,-1.121977091,-2.680376530
8220,-0.325661898,-0.884769320
8221,1.468163133,2.040490389
8222,0.867366016,-0.727696419
8223,-0.484499723,0.530741692
8224,-1.860662103,2.508213997
8225,-0.390937686,0.359633297
8226,0.405848265,3.140353441
8227,1.055388927,1.068436503
8228,-1.812210679,0.180420756
8229,0.029781409,-0.094257414
8230,0.530620039,0.839765787
8231,0.869822085,-0.353442609
8232,1.267701030,-0.531766534
8233,-1.556236982,0.671567857
8234,-0.563050807,-1.035856724
8235,0.222195446,1.672750592
8236,3.312399864,-2.954591036
8237,-1.317250013,1.443696618
8238,0.233692408,-1.300761819
8239,0.588248372,1.098061562
8240,-1.261924267,1.131034970
8241,-0.473703802,-0.356710225
8242,-0.952051997,0.365995407
8243,-0.081557885,-0.156618387
8244,-0.123034358,-1.488896608
8245,2.126202583,-1.810460567
8246,0.622282922,1.224946737
8247,1.480392098,1.698297381
8248,0.027237415,-0.025016576
8249,-0.130238861,0.462432772
8250,-0.331897646,0.209720314
8251,0.683820665,0.013332946
8252,-0.131268352,-0.062036231
8253,-0.351933569,-0.140349135
8254,-0.798478723,0.761550546
8255,-0.013698369,-0.466102779
8256,0.354014069,0.063642949
8257,-2.316430569,0.695155680
8258,-0.151956558,0.367592186
8259,-0.781526804,-0.240076184
8260,0.528404474,-0.742172778
8261,1.288933873,1.076452732
8262,0.064937472,0.782140315
8263,0.143363565,-0.455888182
8264,-0.431259513,-0.146243602
8265,2.060681105,-0.885874331
8266,-1.473598480,-2.169112682
8267,1.693606019,-0.096218221
8268,2.743811131,-2.306065798
8269,-1.452972531,-0.320872009
8270,-0.254155755,-0.172376648
8271,-0.163423806,-0.309722930
8272,-0.207101092,-0.943344414
8273,-3.912438631,-0.215854675
8274,0.419072628,0.649637341
8275,-1.026518822,0.041790545
8276,-1.279063463,-0.530218720
8277,-0.638028681,-1.517640233
8278,-0.118094437,0.605526924
8279,-0.490917593,0.682511210
8280,0.048987746,0.690912843
8281,0.731526375,1.084173918
8282,0.614412725,1.500861406
8283,-0.468256772,-1.414465547
8284,-1.475620031,-0.312077433
8285,2.129943609,-0.175197482
8286,1.427060843,-1.772619367
8287,-0.267640769,-0.220066875
8288,-0.578820229,-1.823408365
8289,-2.883778811,-0.696694493
8290,-1.552843690,0.045724630
8291,-1.542638540,-0.813262999
8292,0.310676634,-0.015773922
8293,1.312561631,0.041283492
8294,1.303637743,-2.190086842
8295,2.035573959,0.112523884
8296,-1.027181149,-1.230380297
8297,-0.069978952,-0.817753017
8298,0.523117721,0.678222179
8299,0.882514238,0.207985535
8300,-1.474859953,-1.170212030
8301,1.260224700,0.808764935
8302,0.118339837,-1.407473683
8303,-0.117322698,0.696521282
8304,-0.615575254,1.956318974
8305,1.905816078,0.808518291
8306,1.698503971,-1.556662083
8307,0.480355382,0.677159727
8308,-2.396661282,-0.227780461
8309,2.446496248,1.184044600
8310,-0.267170668,-2.598850250
8311,0.075198233,0.294130951
8312,-0.198328391,2.121068954
8313,0.594759047,-0.041675251
8314,1.879075766,2.660720110
8315,-0.109003641,0.313802570
8316,-1.311649323,0.539732218
8317,-0.191278696,-0.117702186
8318,-0.050853796,0.301338851
8319,0.426303506,1.697714329
8320,0.022805989,-1.799509048
8321,1.246606350,2.230012417
8322,3.444434404,2.200834274
8323,-0.882586300,-1.313688993
8324,-1.461533189,-1.554594994
8325,-0.748715460,-2.964157581
8326,0.127631307,0.496628523
8327,-0.471836209,1.074262738
8328,2.680596113,-0.402604759
8329,-0.036219895,0.083732188
8330,0.978294432,-0.531694353
8331,-1.697735786,2.056614399
8332,-0.300341934,1.915874243
8333,0.684176028,-0.767449021
8334,0.689380407,-0.591299832
8335,3.536958456,-0.184445739
8336,-0.687829673,0.749282837
8337,-1.408487558,-0.287480861
8338,-2.150876522,-1.349272490
8339,-0.766150117,-0.026758909
8340,1.136235237,-0.553029776
8341,-0.710286617,0.792051196
8342,-0.979860306,-0.811990857
8343,2.946670771,1.359129906
8344,-0.477412164,-0.517217934
8345,-0.204592943,-2.899410486
8346,0.059826314,-0.876107097
8347,0.666908145,1.222412109
8348,-0.019645929,-0.457631767
8349,0.130408719,-0.885382414
8350,0.113675445,0.421826541
8351,-0.126720697,-0.868369162
8352,0.649640024,0.355103493
8353,2.591043472,1.686833620
8354,1.332748294,-0.768220127
8355,0.462630481,0.864647448
8356,0.000460103,-0.037034031
8357,-0.715431333,-1.299762845
8358,0.047800422,0.441447109
8359,-0.181348532,-0.245565116
8360,-1.295156479,0.509551942
8361,1.728452086,-3.677368879
8362,-0.216605186,-0.193161547
8363,0.183956534,0.802452803
8364,0.715214849,-0.274660349
8365,-1.136905193,0.509504080
8366,-0.858433485,0.086075954
8367,0.059983812,-0.181183338
8368,0.414495200,0.184722930
8369,0.718748093,-2.212799549
8370,0.906772494,1.079009056
8371,-0.919678032,0.788500667
8372,-0.716900587,1.752162218
8373,-1.223577738,-0.507073164
8374,0.017799042,0.364613265
8375,1.839728355,3.582938671
8376,3.336898327,-0.123928785
8377,0.466917723,1.564424515
8378,1.386531711,-1.311456919
8379,-0.151216805,-0.122868821
8380,-1.954620481,-1.093129158
8381,0.325843751,-0.548405409
8382,0.941200376,0.944872260
8383,-1.290867209,1.220106363
8384,0.638922691,-2.319932699
8385,-2.109255791,0.039118946
8386,-0.297762424,-0.258295774
8387,-0.661134243,-1.215523005
8388,1.956462502,1.205826163
8389,0.434326053,0.523561001
8390,1.649540901,-0.520396233
8391,-0.220454842,0.238782495
8392,-0.142804146,-2.235557318
8393,-0.849243283,0.988541186
8394,-1.168990970,0.561227143
8395,-0.173798203,0.025862863
8396,-0.565049171,-0.214876294
8397,-1.621886969,-0.635088801
8398,1.120314002,0.208424404
8399,-0.830842137,1.441752195
8400,-0.581351221,-1.381081820
8401,-0.166837066,0.367019594
8402,-0.934134841,-0.045891136
8403,-1.241505980,-0.729376018
8404,-0.030854702,-1.430122852
8405,-0.760468662,-2.130540371
8406,-0.296181917,-0.224897355
8407,-1.762600422,0.766005278
8408,-3.715007782,0.964394391
8409,0.930478811,0.883778214
8410,-1.986681104,-1.992637753
8411,-1.558732986,-0.706577063
8412,1.093559980,0.471080244
8413,-0.665457010,-0.757744253
8414,1.458006382,-0.451790333
8415,-0.181309730,-0.063204199
8416,1.130362630,1.117981076
8417,1.010979056,-1.020504117
8418,-1.131459713,-2.193819523
8419,-1.145314217,-1.195837259
8420,-0.058488935,-1.442847729
8421,3.187259197,1.688962340
8422,1.616832733,-0.513617396
8423,-1.994352221,-0.777580082
8424,-0.628943861,0.408507466
8425,1.349848390,0.243953735
8426,0.278090656,0.147524536
8427,-0.083700694,0.249941677
8428,-0.368119180,1.689096332
8429,-0.275216520,0.039070472
8430,-0.939080238,0.939702868
8431,-1.294428825,-1.121342897
8432,0.186861038,3.452725172
8433,0.737100184,-0.627073228
8434,0.925294638,-0.484317034
8435,1.302607775,-1.563758016
8436,0.224900290,1.085009694
8437,0.350932837,0.850393414
8438,0.678134024,-1.377078652
8439,1.433951735,0.709412515
8440,-0.272798091,-0.127958477
8441,-1.315216780,-0.182879537
8442,-0.179075003,-1.483222365
8443,3.138864994,-1.026033163
8444,0.270177603,-0.836326718
8445,0.260039687,1.700103521
8446,-1.728940725,-2.941448927
8447,-0.876217842,-0.674847424
8448,0.512259424,0.156008780
8449,-2.485899687,-2.307286263
8450,1.281727433,-0.584851086
8451,-1.857644439,-1.044622064
8452,-0.812505841,-0.780486643
8453,-0.822173059,0.824565470
8454,0.919712186,-0.706216812
8455,0.317316294,-1.013951659
8456,-0.219930559,-0.429278553
8457,-1.392466068,0.383981943
8458,-1.292023182,0.207036197
8459,-0.421520919,1.695475340
8460,0.136586040,0.486332864
8461,-1.233329296,0.473147213
8462,0.070718020,-0.473004848
8463,0.444522560,1.469807744
8464,1.268246412,-0.940878034
8465,-0.838323653,0.938333988
8466,0.006808966,0.754025698
8467,-2.460975647,-1.197869658
8468,0.118526936,-0.391803384
8469,0.305437088,-2.688739777
8470,0.316321909,-1.172644138
8471,-1.381456614,0.610290349
8472,0.576601267,-0.396705955
8473,0.238231182,1.364761949
8474,-0.124511436,-0.163983196
8475,1.631806612,1.600208879
8476,-1.128723383,0.315680176
8477,2.222690582,-0.866710186
8478,1.100922227,-1.988518834
8479,0.400844425,0.296222836
8480,2.354482174,-1.555215597
8481,-3.674780130,-0.311747789
8482,-0.017490301,0.311349094
8483,-0.471421540,1.808569551
8484,-1.871129155,2.073440552
8485,0.825157404,1.862230659
8486,-0.088683248,-0.412478238
8487,0.324031264,-0.572045684
8488,-0.190598994,3.620122671
8489,-2.080298424,-0.686702549
8490,-0.053483091,0.353844285
8491,-0.836788177,-1.060097575
8492,0.269518107,-0.355354369
8493,1.866746902,1.572834611
8494,1.143925905,-0.468408704
8495,0.618372440,-0.229265362
8496,-0.227010369,-0.419088513
8497,-1.168427467,1.903273106
8498,0.246186018,-0.770095468
8499,-0.444108665,0.225455701
8500,2.071296453,0.165281624
8501,-0.613412142,-0.620463014
8502,-0.791699946,-0.822616935
8503,-0.392289460,-0.919279277
8504,-0.721196413,0.720370173
8505,-0.598780215,1.062016249
8506,1.412791252,-1.896217108
8507,-0.747401118,-0.135132611
8508,0.464137316,-1.269702792
8509,1.502253175,1.464531541
8510,1.610605597,0.098417066
8511,0.142905042,-0.076143570
8512,1.776787639,-1.077581763
8513,-0.771229506,-0.624477744
8514,0.025067404,3.667531013
8515,1.715403318,0.932454467
8516,-0.348684341,-0.094280362
8517,-0.789771259,-1.473543525
8518,0.067112446,-1.744956255
8519,-0.387348592,0.653778851
8520,-0.045120046,1.242716193
8521,0.342690766,0.364033401
8522,0.682900906,-1.906468391
8523,-0.265472114,-2.202869415
8524,0.852210939,0.737623990
8525,-0.743192971,-2.222004414
8526,0.759975553,0.459008992
8527,-1.205516577,-0.026058465
8528,0.332176238,-0.090480663
8529,-1.353244662,0.136421680
8530,-0.594075501,-0.229458213
8531,-0.338714540,0.815334857
8532,0.090766393,-0.632975459
8533,-0.508948326,-2.517580271
8534,0.289027333,-1.991550207
8535,-2.560814857,-0.324098557
8536,-0.628397226,2.658658266
8537,-0.322294414,-0.295269370
8538,-0.099071562,-0.746049881
8539,-1.183403492,0.354333699
8540,-2.208389044,-0.881231725
8541,-0.014574587,0.092757285
8542,-1.618384957,-2.893870592
8543,0.149281263,0.149472177
8544,0.184353128,-0.133529037
8545,-0.361670107,0.704935551
8546,0.461732924,0.329319865
8547,-0.048893541,-0.754882932
8548,0.470979482,-0.096507497
8549,-1.382592797,-0.537510753
8550,0.537040055,0.344572902
8551,1.459624648,0.729393005
8552,1.595086455,1.222384334
8553,-0.139371783,-1.007941604
8554,-0.986237645,0.314827293
8555,-0.468069136,0.424057364
8556,0.277008504,0.081745371
8557,-0.657351851,0.333025992
8558,0.848087668,1.785382032
8559,-1.894170284,0.330157071
8560,-0.435257345,-2.901163578
8561,-0.544008017,-0.502057135
8562,-0.255695373,0.690110087
8563,-0.068115927,-0.151210546
8564,-0.373399615,1.203076363
8565,-0.133245215,0.520872712
8566,-1.959246635,1.006565571
8567,-0.099506319,0.148026139
8568,-0.109783709,0.082292661
8569,-2.462377071,-1.084637284
8570,0.876504540,2.529939651
8571,0.349164456,-0.581516027
8572,4.277545929,1.783059001
8573,-3.865761042,-1.400439024
8574,-1.533624887,0.602332115
8575,-1.824362040,-1.575049639
8576,0.403174192,-0.279271036
8577,-0.444057077,-0.855448723
8578,-0.074124336,-0.705393851
8579,-0.889486372,0.229141533
8580,-1.502942562,-2.101975918
8581,-0.424735367,0.415230751
8582,-0.012803137,-0.274288654
8583,0.455220312,0.174249619
8584,-0.322531313,0.119185008
8585,2.002958775,-0.009466622
8586,-3.092949390,-0.154040575
8587,-0.315777719,1.604218602
8588,0.319390863,0.553791165
8589,0.289934367,-1.759930015
8590,-0.883994579,1.079748392
8591,-1.309005737,-1.308845043
8592,1.457346797,0.221202463
8593,0.071424335,0.072699681
8594,1.644803762,0.080291495
8595,-1.145111084,2.246738911
8596,0.236629188,-0.787086308
8597,0.272718012,-0.053551842
8598,1.351978660,0.438177586
8599,1.638246775,-1.783173442
8600,1.766723394,-0.270237803
8601,-1.363892794,-0.554449022
8602,-1.107715845,-2.115964413
8603,2.574351311,1.636945367
8604,-1.141628027,-1.621544600
8605,-0.119395524,0.343147457
8606,-2.097645521,1.157640100
8607,-0.229804397,1.510140061
8608,0.420099020,-1.463297009
8609,0.041709259,0.294908226
8610,-0.297963142,1.461930871
8611,0.095605984,-0.334863186
8612,-0.653421879,-2.312898397
8613,-0.617167234,-0.634758115
8614,-0.838869154,-2.998802185
8615,-2.111687183,-0.783201218
8616,0.534523726,-0.362146795
8617,-0.189247757,0.003138915
8618,0.113124922,2.491264343
8619,1.452612162,-0.400191545
8620,-2.195896149,0.870105267
8621,-5.595931530,1.356289029
8622,-0.144311234,0.519804537
8623,0.282815695,-0.749605954
8624,-1.423602104,0.854971766
8625,-0.699984491,-0.069290012
8626,-0.790461421,0.115222633
8627,0.311110824,0.661134243
8628,-0.182046056,-1.612681389
8629,0.402618408,-0.535164714
8630,-0.939816892,0.143650323
8631,-0.846183419,-0.973937869
8632,-0.607778370,0.326549411
8633,-0.021896154,-0.702161193
8634,1.525869489,-0.450212538
8635,0.208150700,-0.412218153
8636,0.185906649,0.010588005
8637,-1.686639309,-1.479090929
8638,-2.397494078,-1.714066625
8639,-0.943579555,1.835631371
8640,-0.024982274,1.825667143
8641,-0.225801274,0.650449276
8642,0.367876768,-2.047140360
8643,0.143099353,0.416142523
8644,0.736489773,1.377703786
8645,-0.429794222,-0.517613769
8646,-0.807867765,-0.237047791
8647,-0.118899457,-0.116448089
8648,-0.278660536,0.459368080
8649,-0.373136699,0.578306019
8650,-1.298268318,-1.169153571
8651,-0.345960826,0.088254623
8652,0.186504766,0.625903249
8653,-2.905448437,-0.287359715
8654,1.566088319,-0.344692647
8655,-0.777429879,-0.851691008
8656,-1.067837596,0.187600017
8657,0.504478753,0.551310301
8658,0.446480930,-0.463395625
8659,2.126405239,2.148130178
8660,-0.662642360,0.700787187
8661,-0.014046639,-0.413946211
8662,-1.168796062,-0.170528322
8663,-0.405422807,0.663336158
8664,0.079968780,-0.265444100
8665,-0.269464463,0.574404836
8666,-1.983254433,-0.366940737
8667,-1.093617916,-0.547748029
8668,-2.037596464,0.221103191
8669,1.015418291,4.026672363
8670,-0.220259324,0.757899046
8671,0.640980303,0.808129311
8672,-0.170284867,0.378489494
8673,-0.817626357,-0.074833274
8674,1.420881987,0.828970671
8675,1.662209034,-1.353796005
8676,-0.481108218,0.822270513
8677,-0.196924478,-0.219966561
8678,-1.414057970,0.379565775
8679,-0.834710777,-0.690585136
8680,-1.093473434,-0.074882954
8681,-1.134811640,-0.437073797
8682,-0.310536504,-1.452102900
8683,-1.396704197,-0.464233220
8684,0.350221157,-0.173733369
8685,0.535131812,0.269293875
8686,0.226945460,-0.101754673
8687,-0.312387615,2.597758532
8688,0.295393974,-0.246999919
8689,1.381782651,-0.544554174
8690,-0.825484216,-0.565871596
8691,-2.154572248,0.961222768
8692,0.236071616,0.130232900
8693,0.252928555,1.000413418
8694,-0.462290049,0.133530870
8695,-0.192786247,0.244465083
8696,0.154488310,-0.603346169
8697,0.126305997,0.113174841
8698,-0.824623227,-0.861799002
8699,-0.050857153,-0.165068388
8700,-0.058772206,5.117319584
8701,0.382357240,0.117465116
8702,-0.584799588,0.260720223
8703,-0.678596318,0.553566277
8704,0.169511050,0.930070400
8705,0.103581145,-0.758077443
8706,0.022625342,0.146472111
8707,1.837893963,1.225069046
8708,0.229925275,0.452072620
8709,-0.322788090,-0.355299562
8710,-0.044988971,0.152986854
8711,0.041917168,0.177888408
8712,-0.664420784,-0.534829080
8713,0.783344567,0.119843259
8714,-0.221107811,0.570218980
8715,-0.085454091,0.168725565
8716,1.910551071,-0.091078326
8717,0.741429985,0.729641795
8718,-0.128708422,0.185186327
8719,0.334602565,0.839553356
8720,1.521524906,-0.989119768
8721,0.282540679,0.422055423
8722,0.519627035,-0.106816806
8723,0.367930949,-1.604755998
8724,0.216835186,-0.173415452
8725,0.889343441,-1.563813925
8726,-1.767573476,-0.333355725
8727,2.216377258,-0.892086446
8728,1.293374896,3.245484114
8729,1.292071700,0.430795163
8730,0.116273575,0.574856699
8731,0.341761768,2.524321079
8732,-1.080364466,0.412670195
8733,0.075809710,-0.366569042
8734,-2.804752350,-0.700893998
8735,0.193336964,-1.311749935
8736,-1.540230632,0.752084017
8737,0.004102021,0.855392337
8738,0.407301903,-3.032037973
8739,-0.090807661,-1.324937463
8740,-0.615301371,1.778081775
8741,-0.682329535,-0.048570588
8742,0.128656149,0.131094024
8743,1.020005226,1.858557224
8744,-0.866693497,-0.271803260
8745,-0.041829392,1.136178136
8746,2.066228151,-1.794410229
8747,0.349273294,-0.479114622
8748,0.738169730,0.483499080
8749,-0.097337842,0.462821186
8750,-0.198526070,0.717769861
8751,0.219187468,0.339740038
8752,-0.517562389,1.366062045
8753,0.592768192,-0.045585215
8754,0.709910274,-1.066384554
8755,-0.439391255,0.186669752
8756,0.960850358,-1.939541817
8757,-3.573033810,0.321462512
8758,-0.476843596,0.222820878
8759,-2.630269289,0.952414274
8760,0.421940953,0.490261883
8761,-0.004447140,-0.298918813
8762,0.341360331,3.001853704
8763,0.764300168,-0.525596559
8764,-0.112225801,-0.325715035
8765,-0.190397710,-0.115621500
8766,0.605254650,-1.547649622
8767,-0.417003721,-1.806365013
8768,0.587175965,0.717791200
8769,0.612905979,0.262288868
8770,-1.433324337,0.031982005
8771,1.092019558,-0.616023242
8772,0.075082414,2.016681433
8773,-0.619771719,0.573837996
8774,0.671351671,-0.225071535
8775,-0.842101812,-0.187692404
8776,0.292579323,-0.038240500
8777,-0.696636021,0.484290659
8778,-1.359095693,-1.319914341
8779,-0.143560976,-0.091824181
8780,-0.397330970,0.557809591
8781,0.176930696,0.716572881
8782,0.344492257,0.502462924
8783,1.036247134,1.490763068
8784,0.534286022,-0.618724585
8785,-1.778044343,-0.829405606
8786,-1.397815943,0.134378552
8787,1.951314330,2.353684425
8788,-0.064410396,0.132576689
8789,0.187060297,-0.596359074
8790,0.959743619,0.286143184
8791,0.049129635,-0.529702544
8792,0.941531897,-0.562469900
8793,1.577519298,-0.687241495
8794,-0.865004003,0.480480313
8795,0.062240362,0.828263342
8796,0.057216763,0.134317786
8797,-1.008305192,-0.110343635
8798,-0.499769092,1.793634057
8799,0.054533839,-0.569004059
8800,-3.603096724,1.923035145
8801,0.409131080,-0.361861736
8802,0.072418928,-1.043409109
8803,0.473746598,0.807150841
8804,4.225460052,0.197808444
8805,-0.661433756,0.601286232
8806,-1.805736184,-1.300400734
8807,-1.685392737,-1.463489056
8808,0.439198613,-0.137795091
8809,0.255981565,-0.028712533
8810,1.067522526,1.703580022
8811,-1.776915073,0.587157011
8812,-0.668596148,0.342482567
8813,-0.152364150,-0.192706257
8814,-0.724069178,0.711273074
8815,1.246609807,-0.593415439
8816,-0.854526401,-1.024614334
8817,-0.512429774,0.613641381
8818,0.804930747,-0.680494666
8819,0.669146955,0.196742803
8820,-1.317838073,-3.863140821
8821,-0.413921952,1.349510670
8822,-0.868242621,0.518007696
8823,-0.001571678,-0.209716558
8824,-2.476195812,-1.660212040
8825,-0.599844575,0.756761789
8826,-1.684557199,-0.954509616
8827,-0.330972552,-0.482082695
8828,-1.144812703,0.155505002
8829,-2.519119263,-1.568310618
8830,-2.903238297,-0.500001788
8831,-2.384803057,0.743345022
8832,1.393007278,-0.119659588
8833,-2.936063766,-1.840688467
8834,-0.648129702,1.081303120
8835,-0.242757082,2.736240625
8836,-0.305971473,-0.193066344
8837,-0.000268929,0.210264549
8838,-0.941943049,-0.990477920
8839,0.740750730,-0.167247415
8840,1.634537339,-0.167541027
8841,-1.163661480,0.655147135
8842,0.213416561,-0.242485747
8843,-2.375617504,1.999008536
8844,-2.269075394,0.043289423
8845,1.679173231,-1.303860307
8846,0.486706316,0.062810540
8847,0.723478854,0.015288848
8848,0.524545729,0.657208920
8849,-0.361052006,0.427974373
8850,-1.735498667,0.136469901
8851,0.180503368,1.362820625
8852,-0.248126388,-1.195322633
8853,0.341807008,-0.124915451
8854,0.101450123,0.194375694
8855,-1.222910404,-0.903102398
8856,2.117472172,-0.946053982
8857,-0.225715116,0.368915111
8858,-0.746962965,0.331787229
8859,-0.945004642,0.105401844
8860,-0.053063631,-0.159662634
8861,-2.149048805,2.056591511
8862,-0.053967636,-0.174651146
8863,-0.946078002,0.156099170
8864,-0.071915738,0.359029949
8865,1.539105296,-0.873866081
8866,1.141202331,-0.488856941
8867,-0.425799370,-2.122071981
8868,0.925391674,-0.472942114
8869,1.076211452,0.598840892
8870,-0.441056252,0.053455248
8871,0.233152434,-0.056803711
8872,1.494625330,-0.527391315
8873,-0.346296668,-0.163616553
8874,-0.697241962,1.549265027
8875,1.876523614,0.640999734
8876,1.142037392,-1.562223434
8877,-1.321744442,-0.439836621
8878,0.366622746,-0.051231623
8879,0.236182123,0.309267849
8880,0.802840948,0.907810390
8881,0.777278781,1.137178063
8882,0.364554703,0.152712494
8883,-0.930763364,-0.167478621
8884,0.027916685,-1.299542904
8885,3.036188602,0.268070757
8886,0.274976462,0.581032693
8887,-0.655322015,-0.565377116
8888,0.065377787,1.225980997
8889,-1.494203568,-2.297140837
8890,-0.244205385,0.897341490
8891,-0.779492795,1.009186983
8892,-0.727524042,0.392079771
8893,-0.652704775,0.525668621
8894,0.095102787,-0.169836476
8895,-0.850711882,-0.172604516
8896,-0.068927504,-0.598267198
8897,0.528462052,-0.254305482
8898,0.507128060,-0.659291744
8899,-0.541386127,-1.248054266
8900,0.328988850,2.443710089
8901,-1.300953150,-1.271876931
8902,1.612569332,-1.505841732
8903,3.865772486,-0.645871460
8904,0.275843084,-1.094286442
8905,-0.860389829,0.030104935
8906,0.919316769,-1.249445081
8907,1.128353715,2.114162683
8908,2.089206219,0.952284813
8909,0.934683084,-0.462545455
8910,0.828795314,-0.480412632
8911,0.629552484,0.370514303
8912,1.030086040,-0.670382202
8913,-1.071444750,1.201559424
8914,0.643880904,0.343547851
8915,2.012779951,-0.356888354
8916,-1.488645792,-0.253867567
8917,-1.340668917,-0.342131585
8918,-1.714322090,0.892382026
8919,-0.192178845,-0.271572232
8920,-0.928449929,-0.638779461
8921,-0.774763048,2.440776348
8922,-0.962180614,-2.283104897
8923,3.206243515,0.745159626
8924,-1.491201162,0.476076603
8925,-0.056107998,-0.483161151
8926,-1.818680286,-0.931409895
8927,2.255754948,-0.913969994
8928,0.446627855,0.225818455
8929,1.786928892,0.910288513
8930,1.735904455,0.634481251
8931,-2.690237522,-0.467092901
8932,-1.648727775,1.651528120
8933,0.416560888,-0.180860996
8934,-0.538063169,-0.109283835
8935,-0.825799227,-1.882073045
8936,-0.537658215,0.494510323
8937,-0.640975356,-3.426919222
8938,2.089647293,0.931356668
8939,1.259374857,-0.996712327
8940,1.290688753,-0.813998342
8941,-0.990597725,0.413920403
8942,1.910670042,-1.034953356
8943,0.180283427,-1.823361516
8944,-0.670551777,0.528621793
8945,-1.853930473,-0.531278968
8946,0.568802834,0.017350972
8947,-0.722955108,-2.593064308
8948,-0.595588684,-0.425011277
8949,-0.162520647,-0.936216891
8950,2.085470200,0.193855405
8951,2.862797737,-0.501281738
8952,-0.703292608,-0.559372663
8953,0.902096033,0.772450805
8954,-2.932230473,-0.002614975
8955,-0.664276004,-0.754826307
8956,0.408795476,0.143298119
8957,0.341399282,-0.028134406
8958,0.748016000,-0.459126472
8959,-0.318528175,-0.382236302
8960,0.372138470,0.071086094
8961,1.428999901,0.491245389
8962,0.274511963,0.671720386
8963,-0.677828848,0.339281976
8964,0.210609600,-0.097896740
8965,-0.987888336,-0.145106077
8966,-0.006321818,-0.251675278
8967,-2.093662262,0.917813718
8968,-1.482181072,-0.614538133
8969,-0.052620690,0.220575899
8970,-1.300622344,-1.379902482
8971,-1.429718971,0.887406826
8972,-0.191389635,-0.133452341
8973,-1.728451014,0.348321080
8974,-0.753689528,-0.300209165
8975,-2.505608797,0.833100617
8976,0.830945134,-0.331115335
8977,-1.853906870,-0.900900424
8978,1.207387805,-0.678005517
8979,0.639758170,-0.234594539
8980,0.248121262,0.287706435
8981,-1.626030684,0.041848555
8982,-0.105215192,-0.889639974
8983,0.526402473,-0.549650013
8984,-0.319119155,1.656304598
8985,0.144432172,1.573377728
8986,0.494003713,-0.205121800
8987,0.531707048,-0.946783602
8988,-2.044131041,-2.782157898
8989,-0.341542006,-0.281167597
8990,-0.161943763,-0.481569052
8991,-0.383805394,-2.309934616
8992,1.130318999,-1.370184064
8993,-2.398796558,2.081032515
8994,0.230682522,0.268909216
8995,1.367719889,2.303948164
8996,0.612522006,-0.483255565
8997,-1.239887714,-1.560997486
8998,-1.805305123,-0.697583079
8999,0.241656527,-0.283229560
9000,-1.941058755,-1.580982208
9001,1.899132133,0.567281127
9002,0.438730597,0.036655217
9003,-0.284974754,0.052526094
9004,0.155821100,-0.170228884
9005,0.400569886,-2.421724081
9006,-1.146829247,0.373443544
9007,1.777339458,-1.709237218
9008,-2.428605556,0.345809102
9009,-0.345354557,0.092440769
9010,2.696150780,1.184313297
9011,-0.299642026,-2.084025860
9012,0.720216155,-0.401167959
9013,0.261788368,1.213194013
9014,-0.662608445,-1.925048709
9015,-0.144682616,0.320289254
9016,-0.387128353,2.266415358
9017,2.076192856,-0.315418333
9018,0.317596704,0.037442625
9019,0.303047627,-0.077437386
9020,-0.285250962,0.152856231
9021,-2.137214184,0.873756647
9022,-0.559051037,0.171904773
9023,1.269107103,2.412285805
9024,0.036210891,-0.172167510
9025,0.934533417,0.052925020
9026,0.028390121,0.861486971
9027,-0.066391677,0.652778327
9028,-0.787046790,2.932713985
9029,0.363037735,-0.221193820
9030,-0.568435013,1.394828796
9031,-0.506107450,-3.227207184
9032,0.967096567,-1.867273688
9033,1.231043100,-2.428357840
9034,0.127679050,-0.394695133
9035,1.535451293,-0.137434393
9036,0.352788925,0.471614838
9037,0.384219855,0.576419175
9038,0.575605869,0.555326581
9039,-0.720703959,-0.500334620
9040,-0.513897896,0.205808863
9041,0.170609698,0.899411798
9042,-0.753526926,-0.056466401
9043,0.244971201,0.052809257
9044,-0.428429157,0.382838428
9045,-0.156865627,-0.126633167
9046,0.595292211,-0.210177630
9047,0.809524894,1.989990234
9048,0.347435921,0.340322793
9049,-0.665757000,0.354736507
9050,0.981035888,-0.271560460
9051,0.577131450,1.831568480
9052,0.955237150,-0.849341989
9053,-0.356800377,-1.207711458
9054,0.240619987,1.722298980
9055,2.141966581,-2.683157444
9056,-0.276231289,-0.176431984
9057,-0.596786141,0.237600043
9058,-1.924065709,0.836783886
9059,-0.534766793,-0.490214705
9060,-0.280947268,-0.236815125
9061,0.735489011,2.317825079
9062,-0.518317163,-2.272033930
9063,1.543555856,0.668278933
9064,-1.484432697,-1.787883282
9065,0.510842979,-0.671503067
9066,-1.660173059,-0.700249076
9067,-0.486528188,-0.523020864
9068,0.380245686,-0.031897470
9069,-0.246872991,0.027097644
9070,-0.981583834,0.159475446
9071,-2.324124813,1.012924671
9072,0.076126397,-0.144531772
9073,0.412734032,0.076514535
9074,-0.098104149,0.556031406
9075,-0.432830513,-0.703148365
9076,0.214279413,-0.036623329
9077,0.899954498,-0.357015610
9078,0.235371113,1.245159984
9079,-1.032165051,0.744847298
9080,0.366995275,-0.043763280
9081,0.634920359,-1.377173424
9082,0.342094004,0.354874194
9083,-2.638228178,-2.621840715
9084,-1.468967319,-0.043315303
9085,-1.481234670,1.306864142
9086,0.079666935,-0.498976350
9087,-0.271774918,0.111951992
9088,-0.213294879,-0.064515710
9089,-0.116714999,0.789825559
9090,0.329552799,0.113665208
9091,-0.394097090,0.701014280
9092,0.421930909,-1.415595055
9093,0.701780081,1.031911850
9094,-0.721099198,-1.633176208
9095,0.260669649,-0.476088613
9096,1.287629604,1.926559448
9097,1.394142509,0.910322428
9098,0.770544946,0.131746501
9099,-0.348022103,-2.191278458
9100,-0.274902314,0.804168284
9101,-2.124051094,0.073895633
9102,0.051072862,-0.205204353
9103,-0.156841964,0.981213331
9104,0.237978861,0.228302270
9105,1.020291328,-1.503938317
9106,-0.241393417,0.196101099
9107,2.261142492,0.779148936
9108,-1.609252095,-1.103853464
9109,-1.096180677,-1.006045103
9110,1.142879844,-0.082834564
9111,0.960545778,-0.111261070
9112,0.103793815,-0.007966736
9113,-0.590187550,-0.246846020
9114,-1.119589806,-0.984527111
9115,-0.239510477,0.114957958
9116,2.235379457,1.801177502
9117,-1.641813159,0.200150073
9118,-3.061803341,3.300204277
9119,0.594740629,-1.056687355
9120,-0.297414303,-0.596531630
9121,2.705344439,-0.440260410
9122,-1.500929594,-0.332864106
9123,1.132152796,-3.243613720
9124,-1.260293484,-1.165574312
9125,0.079886951,1.152862549
9126,-0.572002351,-0.725082397
9127,-0.632094204,0.459456176
9128,0.773996592,0.646484017
9129,0.342466652,0.729457796
9130,1.063831687,-1.265821695
9131,-1.228685260,-1.316505551
9132,-0.640782297,-1.519388080
9133,0.149133042,-0.194766715
9134,-1.995621324,-0.016613960
9135,0.264075994,-2.306807518
9136,0.278976619,-0.454745144
9137,0.977075100,0.219774693
9138,0.447232068,-0.206684589
9139,1.323763490,1.266040206
9140,-0.157831669,0.030808944
9141,-0.084996209,-0.493524790
9142,-0.726889968,0.705237150
9143,0.002937078,-1.140908241
9144,1.605881691,-1.585556746
9145,1.936088324,0.281988084
9146,-0.273702323,-0.804945707
9147,-0.146072924,0.227901414
9148,1.049159050,-0.351960838
9149,1.456544876,-0.319593847
9150,-0.214766949,1.200894475
9151,-0.944027960,0.122873604
9152,0.456137210,1.123667598
9153,1.587050915,-0.174856603
9154,-0.276391774,-0.137432769
9155,1.078150749,-1.294085503
9156,-0.594760597,0.591916263
9157,0.168681324,-2.658913612
9158,-0.424343258,-0.770083249
9159,0.873539209,0.812279105
9160,0.363034844,0.322233975
9161,-0.189066768,-1.490855932
9162,-0.360877872,-2.320251465
9163,-1.833607554,0.381046593
9164,-0.177656412,0.236838579
9165,-1.057795048,1.385794163
9166,-0.587568521,-0.520122528
9167,0.433025658,-0.102960274
9168,0.934692264,-1.086229682
9169,-0.402396619,-0.935184002
9170,1.088827968,2.215924740
9171,0.309857190,-0.151658237
9172,-0.069481142,1.004781723
9173,1.176673055,1.764422894
9174,-0.012463199,0.275156528
9175,-1.272371173,-3.147013426
9176,0.443985939,-0.167744875
9177,-0.096396655,0.205221787
9178,2.022992849,0.973354518
9179,-0.008231282,-0.410541952
9180,-1.580611825,1.350192189
9181,2.682508230,1.788312554
9182,0.416963488,-0.535404444
9183,-1.169673085,-2.314569712
9184,0.960210800,1.331777811
9185,-0.776895165,0.910720885
9186,0.030924248,-0.386447757
9187,0.284730226,0.094680369
9188,0.369757682,0.104915142
9189,1.213508368,-0.501948118
9190,0.331314355,-0.617765129
9191,-1.184870481,-2.111462831
9192,0.956778467,-1.004603744
9193,1.567790627,0.278359711
9194,0.681344092,0.409536064
9195,-0.260543406,0.519767880
9196,-0.392670810,-0.382653087
9197,0.065025099,0.347594380
9198,0.971894324,-0.961246252
9199,0.009773352,0.165595785
9200,0.036373656,0.366333365
9201,-1.211133718,-0.730063796
9202,-0.999589086,-0.810140908
9203,2.675314903,1.094656706
9204,-0.042866126,-1.280656457
9205,1.530753493,-1.188843250
9206,0.863575459,-3.084453344
9207,2.455683470,-0.691779256
9208,-0.251236916,0.520231605
9209,-1.477337360,0.757168293
9210,2.121881962,2.273519278
9211,0.874469280,-0.317606658
9212,1.392449498,1.176948309
9213,0.396551430,1.364532232
9214,0.650088310,0.597844779
9215,0.333668709,0.641199529
9216,0.018557772,0.878608584
9217,-1.724591732,2.836832523
9218,2.197961807,-1.024873495
9219,-0.349850774,-1.520425677
9220,0.077785730,-0.756397128
9221,-1.048336864,-1.636945486
9222,1.838693857,1.062791228
9223,-1.654340744,-0.580357552
9224,2.550146103,-0.944015980
9225,-0.084971011,-2.732070684
9226,-0.564580679,0.087288141
9227,-1.938899755,0.027347326
9228,2.293512106,0.760289490
9229,0.259029180,0.311776400
9230,0.014234006,-0.411298156
9231,1.179653049,0.807508528
9232,-0.218058407,-0.478300452
9233,0.729239583,1.526351213
9234,-0.158870608,-0.407594323
9235,-0.528941989,-2.138127565
9236,0.077471405,-0.876583815
9237,-0.225635111,0.016774325
9238,2.061699152,-0.129336834
9239,-0.997278690,0.252265930
9240,0.215677202,-0.158797011
9241,2.372694731,0.074649394
9242,0.401485562,-1.240616560
9243,1.007029176,-1.385885000
9244,-1.249335647,-0.532307267
9245,-0.153500438,-2.901283741
9246,-0.761130154,-0.396897525
9247,3.592278004,1.350315213
9248,0.163885325,1.151412368
9249,-0.190317631,-1.256397486
9250,-1.709360242,3.088877439
9251,-0.274403036,0.188311711
9252,0.111346528,0.185916588
9253,1.406081557,0.850182652
9254,-0.369320750,1.382718682
9255,1.022883058,1.172546506
9256,0.612330914,0.137870297
9257,-0.210346982,-0.007357888
9258,0.880993724,-0.817086220
9259,2.195822954,0.945203900
9260,2.855489969,1.767267585
9261,0.605114818,-0.662252009
9262,-0.309335977,0.518940926
9263,-0.376836717,0.329110742
9264,0.606140912,0.398421258
9265,0.520747423,-0.003519997
9266,0.209688857,-1.160493970
9267,-0.143737808,-0.083467692
9268,0.542587399,2.062502861
9269,0.032865345,-0.561244845
9270,0.156205669,1.434121966
9271,-0.203809053,-0.255640537
9272,0.671333551,0.748311758
9273,-2.246442795,0.227801323
9274,-0.141622558,-0.622907043
9275,-0.229131445,2.328459263
9276,-1.085205197,-0.279677808
9277,-1.133080125,-0.441902518
9278,-0.013131589,-0.746043086
9279,-1.491086960,-0.264700294
9280,0.042428166,-0.144297361
9281,2.450619936,1.650353432
9282,0.466893256,-0.561568439
9283,-0.200633198,-0.037485812
9284,-1.135781765,-2.730652094
9285,-0.091037132,0.072403304
9286,-1.643677831,0.363078743
9287,0.244178623,-0.100666434
9288,0.090791941,0.047044374
9289,0.627616048,1.412787080
9290,-0.155557841,0.125540346
9291,0.007178664,2.221041203
9292,1.172235966,1.046428680
9293,0.650032699,0.354350507
9294,0.839472950,-0.140982315
9295,-0.320655257,0.555147886
9296,0.025746616,0.216660142
9297,0.511379242,-1.621593475
9298,-1.199324846,-0.385952830
9299,-0.072754502,-0.006627068
9300,0.007915199,-1.205677271
9301,0.859065413,0.577882111
9302,0.917440772,1.355500102
9303,0.978275180,0.540184498
9304,1.904943228,0.659193277
9305,0.255652696,-0.130594105
9306,-0.097608313,2.571667194
9307,-0.986042202,0.607375562
9308,0.491997600,0.441485047
9309,-1.784178257,-2.275976896
9310,0.494668305,-2.262044907
9311,-1.276836038,0.127236217
9312,-0.344008088,-0.275113195
9313,0.499445140,0.220221803
9314,0.790779471,1.421445727
9315,1.215664625,1.210913420
9316,-0.972492576,-0.000069261
9317,0.860242486,0.360324174
9318,0.400862038,0.373653233
9319,0.212503895,2.321976900
9320,0.141002685,-0.072911173
9321,-0.256265044,0.085081369
9322,-0.151517957,0.921583116
9323,-0.160069346,0.817576170
9324,5.485270500,1.797309041
9325,-0.245406270,-0.132513762
9326,0.726495862,-1.252040267
9327,0.288577437,-0.256829351
9328,3.224961758,-0.931757927
9329,-0.361775339,0.182036847
9330,2.094546556,0.211890399
9331,0.569751620,0.132301256
9332,-0.329177022,-0.488385677
9333,0.848503888,0.179480940
9334,-3.562467813,-0.024381042
9335,0.629747868,0.360235363
9336,-0.759157181,-1.999215007
9337,0.322629690,1.165495515
9338,-0.217818961,0.033100329
9339,2.526591301,-0.953297257
9340,-0.549823403,0.154995799
9341,0.693714440,0.715506077
9342,-1.673102140,-1.382400990
9343,-0.045848131,-0.324883699
9344,-0.823152900,0.191972971
9345,-0.431761891,0.584675729
9346,0.511841536,0.852984548
9347,-2.038386106,-1.164549232
9348,-1.957064629,0.362766266
9349,0.285897374,-0.266756594
9350,-2.793712616,0.468306065
9351,-0.964697778,-0.652645111
9352,0.948716342,-0.479451954
9353,-0.728435099,-0.211400285
9354,-0.606638670,-2.496800423
9355,-0.175184503,0.061376408
9356,0.372756809,0.421110481
9357,0.468185097,1.716635942
9358,-0.412061930,-1.460767984
9359,-0.076302961,1.183247805
9360,-0.641328692,2.664237738
9361,1.372472048,-0.444219321
9362,-2.170895815,0.894626141
9363,0.381553888,-0.064655513
9364,2.114668369,4.831976414
9365,0.056116283,0.469151616
9366,1.141643405,0.414995313
9367,1.257573128,-0.962890148
9368,1.427078962,-1.096999407
9369,1.896968484,-0.428586125
9370,-1.150854349,-1.434622645
9371,1.271856308,-0.852719903
9372,0.476842552,0.339873105
9373,-1.624873757,0.836306274
9374,0.908604920,1.620377183
9375,-0.704393804,1.113923192
9376,0.325409979,0.435959816
9377,0.392692596,-0.495375127
9378,0.579497814,-1.315925479
9379,-0.902230561,0.505000889
9380,3.561460257,0.133203730
9381,-0.025052849,0.517126501
9382,-0.514680266,0.498635948
9383,0.193329722,-0.115171768
9384,0.113594383,1.114344716
9385,0.372521281,0.218730554
9386,-1.628772736,-2.108032227
9387,0.492823064,0.596169591
9388,1.350467801,-0.325252563
9389,-0.138759717,0.091014415
9390,0.273697585,0.670999587
9391,0.081563860,0.288236856
9392,0.915488541,2.121920824
9393,-0.603974521,0.764242530
9394,0.731811047,-0.166389689
9395,3.000751019,-0.686597586
9396,1.488581300,0.285786152
9397,1.247229099,0.234546319
9398,-0.009607941,-0.889411509
9399,0.419698179,1.151850462
9400,-0.735548913,0.038616940
9401,-1.631148100,0.232660472
9402,0.088687852,-0.561592162
9403,-0.568322957,0.552683175
9404,1.678404689,-0.502631843
9405,-0.267135948,-0.336353183
9406,-1.656844735,3.591830969
9407,-0.717993438,-0.195386082
9408,-0.087425351,-2.554881096
9409,-0.140232012,0.141982764
9410,-0.851463675,-0.956663072
9411,-0.732660234,0.634699941
9412,1.450707436,0.027644485
9413,0.181071028,0.314952344
9414,2.060470819,1.291826010
9415,0.492261946,0.570267498
9416,1.429750204,-0.959199071
9417,-1.332987189,4.294334888
9418,-1.150276065,-0.788824677
9419,0.437228501,-0.530247808
9420,1.409726858,2.636804819
9421,-1.860150099,2.552655220
9422,-0.130617142,-0.514887452
9423,-0.139613941,-0.083112709
9424,-0.221946925,0.288616091
9425,0.760228693,-1.267825484
9426,-1.600824952,-0.137043431
9427,3.231666327,1.264356852
9428,0.643951416,-0.769184053
9429,-0.440319955,0.089051992
9430,-1.388126373,0.369918346
9431,0.818213224,-0.681737721
9432,0.416139156,0.792129338
9433,-1.904393196,0.627153814
9434,-2.013828278,-0.481136560
9435,0.361530542,-0.517888069
9436,-0.321726561,0.787665129
9437,-0.264235675,-0.942907214
9438,0.194849253,0.065564007
9439,-0.444152683,0.976198077
9440,-0.802827358,0.101703405
9441,0.234388009,-0.085085809
9442,0.242951140,0.595169187
9443,0.675510645,-0.102782078
9444,-0.965441704,0.646947920
9445,1.998108864,-0.267897069
9446,0.567624092,0.580955088
9447,-0.485566318,-0.684276283
9448,0.112006500,0.102368265
9449,0.459489226,1.010949969
9450,-0.517691374,-0.500154853
9451,1.325120449,-0.325016320
9452,-0.496252239,0.335684061
9453,1.071079016,-0.036190853
9454,-0.156952739,-1.410096288
9455,-0.525918603,0.519304037
9456,0.733688712,-0.205040380
9457,-0.186196923,-0.395054281
9458,1.076177120,-0.839889109
9459,0.703988910,0.775467098
9460,0.276009560,-0.995024204
9461,0.473404229,2.198963642
9462,1.292876005,1.095303535
9463,-1.147237420,1.863204718
9464,-0.198459193,-0.008378481
9465,-1.224937558,-3.896129847
9466,0.157784998,-0.037393164
9467,0.622042894,0.121190071
9468,-0.028010435,-0.144513205
9469,-2.434510231,-0.920638680
9470,-0.902720273,-0.425244153
9471,-0.698355317,0.977341056
9472,1.050150752,0.061740264
9473,1.738966823,0.820882320
9474,0.036006272,-2.048568249
9475,-0.108937383,1.531418562
9476,-1.204635024,-0.254599363
9477,-1.784017563,-0.517476916
9478,2.506753445,2.129317284
9479,0.432867438,-0.108497381
9480,1.643964767,-0.847507715
9481,0.122384593,0.366219163
9482,3.401363373,0.764033198
9483,0.304677844,0.309924424
9484,1.042829156,0.887489378
9485,-0.914145648,-0.377580613
9486,1.104236484,1.108048916
9487,0.031362854,-0.290576071
9488,0.089566119,0.209548652
9489,0.140788451,-0.536674678
9490,-1.816452742,2.262227058
9491,0.259813607,0.353265643
9492,-1.462970257,2.598556757
9493,1.131077528,-0.193870276
9494,0.808820009,-0.346839875
9495,0.167030588,0.569911957
9496,-1.559695005,1.711048365
9497,2.735568523,-0.108018816
9498,0.712927818,-0.984505475
9499,-0.226681188,0.429061174
9500,-0.255152732,0.221053541
9501,1.179240108,1.272918344
9502,-0.003154501,2.477291822
9503,-0.323324919,-0.776651561
9504,-0.964374721,0.176147044
9505,0.730726302,-0.134676546
9506,0.798050463,1.331909895
9507,1.444816828,-0.748123527
9508,0.323048353,-0.713855147
9509,2.204987049,-0.401297331
9510,-0.514480948,-0.519782841
9511,-1.040438414,-0.882638216
9512,4.319390297,1.478710651
9513,-0.183094442,0.012650855
9514,0.575864375,-0.314237297
9515,0.925885677,-0.237126604
9516,0.683064520,0.239243358
9517,1.519094110,0.087848201
9518,0.010985397,0.007988685
9519,-1.207858562,1.574372292
9520,-0.765307426,-0.777921498
9521,1.385709405,0.773501813
9522,-1.003995419,-0.209203243
9523,-0.525602043,0.553795934
9524,0.459629267,-0.249939874
9525,0.012224674,-1.584792137
9526,-0.818948567,-1.201313853
9527,-0.287209809,-0.671270370
9528,-0.318611801,-0.160397917
9529,0.431827962,0.413154364
9530,-1.183934927,-0.642516851
9531,0.256789446,-0.407786250
9532,-1.118293762,-2.652488708
9533,-1.130511045,1.612362504
9534,0.175800458,-0.059780002
9535,-0.316049546,0.664525330
9536,-1.799652338,-1.371884942
9537,-1.086902618,0.425075710
9538,-0.627956927,1.046670079
9539,2.465860367,0.425503612
9540,1.605233073,-0.383882284
9541,1.327141881,1.205885172
9542,-2.624168634,2.678334475
9543,-0.562274277,-0.635679841
9544,-0.854388714,-0.898383260
9545,0.260813683,2.623870373
9546,-1.241740584,-1.524428606
9547,0.358060926,0.990223229
9548,-0.839764535,0.485414714
9549,-1.015830755,-1.135931730
9550,0.916852117,2.398721457
9551,-0.518894434,-0.176603541
9552,0.198408529,-0.041521527
9553,1.573030710,1.311597586
9554,-0.378124744,-0.220895812
9555,0.005993469,0.823454976
9556,-0.475429744,0.920809805
9557,0.300273687,1.057858586
9558,0.023850918,-1.069728374
9559,0.206631571,-0.366924554
9560,0.151463181,0.108545750
9561,1.469196320,-0.482318372
9562,1.331581831,0.890859127
9563,-1.872010231,-3.065757513
9564,-1.535954714,0.880603671
9565,-0.105477318,-0.619245470
9566,-2.356527567,0.663294137
9567,2.063292503,-0.485497028
9568,0.174361676,0.137241811
9569,-2.232411623,-1.330683947
9570,2.328671932,-2.417252779
9571,1.490557551,-2.480205774
9572,-1.153967381,-0.088067323
9573,2.659463406,1.262733936
9574,-1.207093239,-1.048750281
9575,0.170104012,-2.966306210
9576,0.075715303,-0.458665520
9577,0.315519691,0.548536122
9578,-0.062823564,-0.290338695
9579,1.335860491,-1.362601042
9580,-0.123877227,-0.055399071
9581,0.667164445,-0.047719814
9582,0.146306783,0.464190990
9583,-1.335687160,-0.320447862
9584,-0.616494060,-0.063830823
9585,0.241951331,0.537944019
9586,0.730261564,0.318246305
9587,3.991352797,-3.084410667
9588,-1.289151549,-0.021323681
9589,0.110497698,-0.264097124
9590,0.255039811,-0.392852902
9591,-0.277932495,0.088530384
9592,0.439866960,0.646327555
9593,0.226100802,-1.681336641
9594,0.783876419,1.050513268
9595,-0.101297766,-0.577936471
9596,0.393465251,0.148995340
9597,0.740189075,0.497350633
9598,-0.148705646,0.663365126
9599,1.973426700,2.424051762
9600,2.702800751,-0.653877079
9601,1.454751134,-1.206682801
9602,0.232623935,0.433298707
9603,-0.217518851,0.066543996
9604,0.047456563,-1.205889702
9605,0.314850748,0.882393956
9606,0.400315166,2.427264452
9607,-0.579372406,0.348288119
9608,0.415125132,0.173446193
9609,1.998701215,0.668983281
9610,-0.077430382,-0.227564201
9611,1.402119517,0.361128449
9612,-0.608164549,-1.275970936
9613,-1.813113213,0.897790432
9614,0.213028550,-2.055592299
9615,-1.067183256,-0.090682358
9616,-0.143636242,0.748140335
9617,-0.782053232,-0.004303098
9618,-0.098160580,-0.202158958
9619,3.402975798,-0.385463059
9620,0.343156636,0.068258584
9621,-0.015094128,-0.244087428
9622,-0.512845755,0.107484281
9623,1.028848171,-2.527029514
9624,0.206438199,2.831217766
9625,-1.371274948,0.828131080
9626,0.380291075,0.838591397
9627,0.939263225,0.438209027
9628,-2.081137419,1.049449205
9629,-0.251310349,-0.415920377
9630,0.056988042,0.817464292
9631,0.803574264,0.735681832
9632,-1.647046566,-1.668411970
9633,-0.770808697,-2.188841105
9634,0.861664057,-0.636518836
9635,-0.029356346,1.510928750
9636,0.648629546,-0.656512380
9637,0.235096574,-1.013470173
9638,-0.667835295,0.238957480
9639,0.215031311,-0.839572489
9640,-0.223153651,1.026778817
9641,-0.836559594,0.858246446
9642,-0.182030916,1.186870217
9643,0.526817203,1.586592078
9644,-0.880813658,0.237958342
9645,0.803923249,1.012977242
9646,-0.626866102,-0.199052036
9647,0.175029114,0.198682532
9648,-1.255452037,2.439794779
9649,-0.700216711,0.877631605
9650,-0.137913570,0.113587506
9651,-0.700015783,-2.179248095
9652,-1.747370601,-1.081820130
9653,-0.152461037,0.049372457
9654,-1.673742890,1.183806419
9655,-1.261070251,-0.411588997
9656,0.541678607,1.205504060
9657,-2.286404848,4.373527050
9658,1.070932508,0.957583427
9659,-0.347027540,-2.489792109
9660,-0.393174261,0.005896926
9661,-2.817905903,-0.303890705
9662,1.087126732,-1.166422248
9663,-1.187505841,-0.075637579
9664,-0.863314450,0.338321120
9665,0.316027403,0.858924031
9666,1.142574549,0.567280710
9667,0.501131773,-0.678066254
9668,1.169272661,-1.491321087
9669,0.688023865,1.096779466
9670,-0.993430614,-1.622585535
9671,-0.208685279,0.027812844
9672,1.125111341,0.119891047
9673,-0.666498780,-0.570843816
9674,0.105163850,-0.796670794
9675,-0.923708797,-0.899173737
9676,-2.055068970,0.778300643
9677,-0.946773469,0.224011406
9678,0.450262398,0.564102411
9679,0.099104866,-0.119702168
9680,0.293771267,-0.172038510
9681,0.690586150,0.586141646
9682,-1.331199050,2.037612915
9683,0.591394246,-0.378081650
9684,2.854082108,2.084972382
9685,0.473323226,-0.468827218
9686,-0.100031130,-0.546511650
9687,-1.545651793,0.900585771
9688,-0.351948977,-0.447443992
9689,-1.069564223,1.069247246
9690,1.189732075,0.843424022
9691,1.576254725,0.441627979
9692,0.411539733,0.888619363
9693,-2.111817598,0.484921873
9694,-0.193617657,2.788675785
9695,1.227737069,-0.529747069
9696,-0.285815418,0.195352703
9697,0.358107209,-0.831938863
9698,-0.197049201,-0.154015690
9699,-1.183504581,-0.530532956
9700,-0.295146435,1.199528456
9701,-0.749864817,0.166841686
9702,-1.033903718,1.903352499
9703,-0.088571146,0.044633433
9704,-1.122182488,0.516522765
9705,0.257038444,0.433520436
9706,1.138551474,0.488013625
9707,0.848028660,-0.237381399
9708,0.141427100,0.846074402
9709,-0.283807516,-0.197519064
9710,-0.200625598,-0.583890855
9711,2.266567707,-3.591143131
9712,2.628752708,2.925804615
9713,1.033475876,-0.729233623
9714,-0.641747296,0.993808329
9715,-1.573385477,-0.141828179
9716,-0.758971572,0.588074446
9717,-0.426768601,0.333695352
9718,0.790499866,0.961950481
9719,0.141089797,1.010865211
9720,2.479752064,-0.898574471
9721,0.186205417,-0.144464165
9722,-0.243205398,0.977793634
9723,-0.135135338,-0.028534297
9724,0.916141272,-1.031561613
9725,-0.156578779,0.140798092
9726,1.832127810,0.162443936
9727,0.914905787,-0.565758765
9728,0.050114833,-0.136264950
9729,-0.488298118,-0.223002627
9730,0.107008845,-0.396324754
9731,1.009768605,1.490995049
9732,-1.960028052,1.975268364
9733,-0.094618946,0.443681657
9734,0.293546885,0.709349036
9735,1.208274603,-1.161250591
9736,-2.080847740,-0.928724408
9737,-2.503055096,-0.628922999
9738,0.803113222,-0.538075328
9739,0.893094540,0.947286725
9740,0.106025994,-1.011071563
9741,-1.048556089,-0.249520913
9742,-0.253626913,-0.690112710
9743,0.032335460,-2.909448385
9744,1.009461045,-0.424950689
9745,-0.655306399,1.061716914
9746,1.547993422,-2.931319475
9747,-0.429912210,1.751500964
9748,0.232317030,0.402226597
9749,-0.188994572,0.165026262
9750,-0.124119475,1.546519637
9751,-0.668419600,-0.915058792
9752,-0.553845823,-1.952666044
9753,2.638172865,-2.502964258
9754,-1.303537488,-1.105578542
9755,-0.180957928,-0.093685851
9756,0.197245792,0.656364024
9757,-1.147437930,-1.228804350
9758,-0.325805783,-0.831859946
9759,-0.766614556,-0.745976329
9760,-1.382965326,0.944511533
9761,2.313688755,-0.408323109
9762,-1.674887657,0.958550632
9763,-1.579033136,-0.060094059
9764,-0.236063898,-1.016980886
9765,0.045428514,-2.242247343
9766,-2.925151825,0.578168988
9767,-0.609431744,-0.623264074
9768,1.073515654,0.141550317
9769,0.428279430,-1.547698021
9770,1.172583699,-2.097584724
9771,-0.339428157,1.344813108
9772,1.554324627,0.557237029
9773,1.792914510,2.116828918
9774,0.884910762,1.113485336
9775,0.009225994,1.300551414
9776,-0.143020079,-0.622771263
9777,0.749824286,1.348853588
9778,-0.903074265,-1.476205111
9779,-0.336360991,-0.854092360
9780,-1.876152277,-0.267861247
9781,-0.619156301,-0.711315155
9782,1.063683987,1.239565372
9783,0.492544860,-0.234002531
9784,1.914691925,0.528992653
9785,-0.567445159,0.637396157
9786,0.192953512,0.519641757
9787,0.909987211,0.383756131
9788,0.625757277,-0.095560044
9789,0.001835261,-0.251583904
9790,0.244921118,-0.578610718
9791,0.289711714,-0.280246496
9792,-0.353989482,-0.574889779
9793,1.172638178,-0.740214407
9794,0.889110029,2.157421589
9795,0.123482108,-1.536397576
9796,-0.701792479,-2.011266470
9797,-0.711479902,0.026362807
9798,-0.348550290,0.728078246
9799,1.287834287,-2.042624235
9800,-0.789347947,1.077284098
9801,0.961872756,-0.967681408
9802,-0.883919716,0.713296175
9803,0.412549317,-0.196340844
9804,-0.253323942,1.587852359
9805,-1.486811161,-2.160113573
9806,0.446268231,-0.728278041
9807,-0.154545084,0.078934804
9808,-0.891968012,0.198257983
9809,-1.622318983,-0.096136674
9810,0.235090658,1.062974930
9811,-1.430110335,0.504543304
9812,1.465348840,0.086059779
9813,1.714392543,1.326016903
9814,0.187336922,0.961600125
9815,3.280350924,1.567701578
9816,1.082169890,1.561511040
9817,0.581082523,0.146296218
9818,1.917946577,1.065396667
9819,0.092000365,-1.827501059
9820,-1.353602052,0.847517967
9821,-0.304488540,-0.257334739
9822,-1.438827991,0.109467745
9823,-0.980767846,-0.993180573
9824,-0.295713723,-1.998373270
9825,-0.576674700,-2.989048719
9826,3.440677643,-0.272960424
9827,1.155970573,-0.253780723
9828,1.342782140,0.826090693
9829,1.498930335,-0.942177773
9830,0.826394260,-0.361118793
9831,0.195084035,-0.313220948
9832,-0.071744740,-1.553225994
9833,0.320911050,-0.492212802
9834,-0.156340167,-0.572202444
9835,0.410717845,-0.864615023
9836,-0.285741508,-1.648042917
9837,-0.488207936,0.472956240
9838,0.699754059,0.396063298
9839,0.278114557,-0.854984224
9840,-0.074675448,-0.023130059
9841,-0.727159977,-0.548719823
9842,1.485479832,-1.881419182
9843,-1.453999400,2.207610369
9844,-0.816823006,-0.310227990
9845,0.136850148,0.412185013
9846,1.124296665,-1.571927547
9847,0.345395267,0.564524293
9848,-1.285549402,-0.054964215
9849,-0.303069830,-1.019219875
9850,2.566123486,1.725835323
9851,0.870047569,-0.385037243
9852,-0.193645716,0.442186594
9853,-0.268961132,-0.786396682
9854,-0.832543612,-0.347756475
9855,0.350886106,-0.890502632
9856,-1.879520535,-0.031837642
9857,-0.633635759,-0.048304409
9858,-0.567500472,0.801486135
9859,-0.435936183,-2.462209463
9860,0.199741423,-2.151119709
9861,0.710220098,3.736910105
9862,-0.826790571,-3.200535297
9863,-1.659890175,2.206372738
9864,-0.547346830,-1.934717298
9865,0.261604548,0.001695763
9866,2.090870380,2.186838627
9867,-1.159726501,1.669441223
9868,0.344345927,0.070950866
9869,0.053015366,-1.226452231
9870,1.317322254,-0.518421650
9871,0.669108748,0.241373003
9872,-0.162190422,-0.032375719
9873,-0.014337733,-0.449579537
9874,1.754055500,0.312440723
9875,1.589208126,0.268442780
9876,0.244979709,0.078193448
9877,0.807526886,0.395524561
9878,0.752954960,-0.057246599
9879,-0.165403143,-0.186964750
9880,-0.642928898,2.274312496
9881,-1.714857817,1.760352969
9882,0.402411878,-0.444216967
9883,0.454065204,-1.129872441
9884,0.648242950,-0.127037704
9885,-3.569299698,-2.797695637
9886,0.270039022,0.421440154
9887,-0.576339304,0.509473920
9888,-0.954175591,1.305234671
9889,-0.638243198,0.346194327
9890,-0.857682705,-1.119046688
9891,1.487011671,2.230914831
9892,0.821884036,2.134909391
9893,-0.145476580,0.670524478
9894,-1.034950376,2.456337214
9895,0.747753143,0.713139415
9896,1.376562476,-0.780837536
9897,-1.162427902,-0.440536618
9898,-0.727176487,0.148720443
9899,0.130079970,0.296817303
9900,0.220960096,-1.454491854
9901,0.826867640,0.515388846
9902,-0.328653842,0.455328166
9903,-0.166792065,1.351683855
9904,1.162750125,-0.599872768
9905,-1.496437669,-2.082741022
9906,-0.620238543,0.421833724
9907,-1.572352886,-0.727399647
9908,-1.776151061,-3.126903296
9909,0.272559911,1.056530476
9910,0.261894226,-1.739451885
9911,0.218668312,0.454348475
9912,-0.000943661,-1.451787472
9913,0.018255914,0.342672706
9914,-0.137088731,-1.356102943
9915,0.336501628,0.789805055
9916,1.397203207,0.026649170
9917,-3.168707848,0.761090398
9918,0.562693834,-1.083656788
9919,0.500030398,-0.542900980
9920,-1.562190294,1.287200928
9921,2.185868979,1.234851718
9922,-0.204369068,-0.097400576
9923,0.075033456,-0.320008844
9924,1.525450587,2.168019772
9925,-0.152139992,-0.131092370
9926,-1.036531091,0.805421591
9927,-0.502235591,-0.372506917
9928,-0.211270273,-1.141476631
9929,-0.246207237,0.086147144
9930,-0.248331666,1.297804594
9931,2.390848160,0.222185820
9932,1.418584704,2.341690063
9933,0.840284228,-0.860433877
9934,0.997884214,-0.587263584
9935,-0.649767995,0.910739839
9936,-0.265515864,-0.423509300
9937,0.513344705,0.131685778
9938,-0.596444368,0.821625113
9939,1.043435931,0.368146718
9940,0.446901321,-0.327908635
9941,-0.225935936,-3.053622484
9942,-0.931613564,-1.097312450
9943,-0.924507320,0.927997708
9944,-0.995175004,2.836464405
9945,-1.009764433,2.434009075
9946,-2.769309998,-1.092650175
9947,2.004322529,2.686101675
9948,-1.899255753,0.647733986
9949,0.189647943,0.313794553
9950,-0.056543529,0.844464660
9951,0.426051080,0.773620248
9952,-0.460860819,-0.550837457
9953,-1.931147695,0.049175203
9954,-0.181350946,0.057307117
9955,1.341998577,2.122586966
9956,-0.210616291,-2.976692200
9957,0.059547625,1.037006021
9958,-1.523102403,-0.214506000
9959,1.567089319,-0.865996242
9960,-0.486129850,-0.465307891
9961,1.373152256,0.581837177
9962,-0.931999981,-0.122158527
9963,0.792374372,-0.535231590
9964,0.683058143,0.995831490
9965,-0.342145115,0.352715105
9966,1.965343952,-0.970440865
9967,-0.864087284,1.548180461
9968,-2.622250795,-1.536626697
9969,-0.890505195,0.309800118
9970,1.058109522,-0.458181024
9971,-0.013784714,0.038157355
9972,-1.404341102,1.512631536
9973,-0.847507000,0.332863271
9974,1.340661287,0.684185803
9975,-1.296188116,-0.473693460
9976,-0.999194145,-1.652658701
9977,-0.893472135,-0.199151263
9978,0.277559727,-0.741101980
9979,-2.066315889,0.007017374
9980,0.637622476,0.049776744
9981,-0.460657090,-0.500771224
9982,-1.840210915,-3.333831787
9983,-0.297652841,-0.641144872
9984,0.697121024,-1.220596313
9985,0.005563106,1.168541551
9986,0.184433788,-0.163283199
9987,-0.382017434,-0.402941555
9988,-0.387172520,-0.055575594
9989,0.855006516,-0.968130767
9990,-2.280362844,1.777037859
9991,-3.519508123,-0.618224263
9992,1.340940356,-1.200805306
9993,-0.057393581,-0.913698316
9994,-0.568059623,-1.013084173
9995,0.088951617,-0.539966226
9996,1.972780585,-0.618695796
9997,1.829189539,0.576588035
9998,0.113978073,-0.187740341
9999,1.084825873,0.688117385
