index,acc_x,acc_y
0,1.279929161,0.208205447
1,0.492260337,-1.260837197
2,-1.266265154,0.597456813
3,1.936523676,0.126702785
4,1.548853874,-1.230001569
5,-0.103986263,0.438424110
6,-0.792049527,2.218348980
7,1.810127139,2.314079762
8,-1.050070167,0.011335701
9,0.505535603,-1.205102444
10,-0.093421757,0.307940811
11,-0.720887899,1.099113464
12,0.745264530,-1.331505656
13,-0.214047581,0.879614949
14,0.219098032,0.640151739
15,0.231833488,0.331940353
16,1.676090479,-0.554357052
17,-1.668655634,-1.712015152
18,-1.237573862,1.055140495
19,-0.129854307,0.185939863
20,-2.776857615,-0.621333838
21,0.342933178,-0.101750895
22,0.520047903,1.238110185
23,-0.734358430,0.075229406
24,0.617955565,0.328543782
25,-0.030198649,-0.516769409
26,0.571320415,0.103542849
27,0.441333711,0.834867239
28,-0.836559057,-0.323359370
29,-0.443621397,0.169938147
30,-0.527968705,0.136681035
31,0.934368253,1.825855970
32,2.099947929,1.139564753
33,-0.164392009,0.696476102
34,-0.036738515,-1.356474519
35,-0.475966454,0.254821122
36,-1.207697392,-0.778848886
37,-2.795542717,0.757006645
38,0.031189859,-0.153063834
39,0.316243529,-0.127708524
40,1.647680402,0.172086477
41,0.348568618,1.603712559
42,-0.690048993,0.559429348
43,-0.062451422,-1.274791956
44,1.150575519,0.377885938
45,-1.831033349,-1.100279927
46,-0.016376792,0.222011611
47,0.309658706,0.480458289
48,2.105754852,-1.699416399
49,-2.311367989,2.082141161
50,0.999011278,-0.466165274
51,-1.578904152,1.055192471
52,2.599543810,0.113549307
53,-0.716739893,-0.296855867
54,0.684130311,-0.892496824
55,0.146784008,-0.192154452
56,-0.379233807,1.588578582
57,-1.129917145,-0.541468799
58,-0.127557337,1.770375371
59,1.817271113,0.130588382
60,1.398544788,0.052492619
61,1.438756943,0.863631248
62,0.797947288,-0.217548564
63,2.163551092,-0.904793322
64,-1.526478887,0.540481091
65,-0.327916473,-0.478264391
66,0.433133483,0.164878413
67,-0.287054062,-0.224076271
68,0.776544154,-0.063548245
69,0.246135563,0.593816221
70,1.875897884,-1.296216726
71,-0.749992311,1.038614035
72,-0.974244475,1.735430479
73,0.222404122,0.661196768
74,-0.364446163,-2.606104374
75,1.995858908,-1.932185054
76,-1.046482325,-0.945836306
77,-4.386547089,0.210016459
78,1.048163652,0.369644463
79,-1.777945638,-2.083668709
80,-1.275066733,-1.684886932
81,-0.759426653,-0.153905123
82,-0.487230778,-0.778617442
83,0.402141899,-0.052272528
84,0.157192752,-0.054185975
85,-1.403006196,-1.054069400
86,-1.236917615,1.606010795
87,2.684796333,-2.620883226
88,0.955187082,-2.276104450
89,-3.544377327,-2.406560183
90,0.540046453,-0.533057749
91,-1.472000122,-2.512839317
92,-0.537709832,0.741199613
93,-0.106298804,0.660831630
94,-1.528714895,1.586633801
95,2.723298311,-1.463804364
96,-0.304883778,0.228883997
97,0.951514721,0.982476115
98,1.115663648,0.563298047
99,0.251049638,0.106971636
100,-1.245872617,4.119689465
101,-1.072169662,-0.323577195
102,-1.515048742,0.395488441
103,-0.819071651,2.570885181
104,0.337039351,-0.058809221
105,-0.033377215,0.070098944
106,0.326573342,0.234889284
107,-0.266606450,0.702519536
108,0.375965714,1.362984300
109,-0.739858866,-0.331001461
110,1.748736262,-0.089875147
111,1.485876322,1.936328411
112,-1.645311952,0.476206094
113,2.235248089,1.996906757
114,1.753500819,-1.734474778
115,-0.693680525,-0.481094360
116,-0.111891180,1.875451565
117,-1.467334747,-1.000837326
118,-0.247365624,0.215768024
119,1.238434076,-0.462368160
120,-0.112556018,0.508728325
121,1.551186800,2.427717209
122,-1.258845687,1.668875456
123,-1.902370572,-1.605256677
124,0.600111961,-1.020898104
125,1.337048173,1.707709074
126,-3.614712000,0.621960282
127,-0.215063632,-1.863327742
128,-2.696598768,-1.477118850
129,0.131222934,-1.190957308
130,-0.395644099,-1.451527119
131,0.114620075,1.746730089
132,1.252761722,0.199857309
133,0.525650084,0.242561772
134,0.350794286,0.254353106
135,-0.310207576,0.047009692
136,-0.641695023,-0.299159467
137,-1.848010778,1.522799134
138,-0.319242626,0.199228019
139,1.089988112,0.372899354
140,-1.264095902,0.900689721
141,-0.867963910,0.239366144
142,-0.164161071,-0.114666730
143,-1.448476911,0.260514736
144,3.566280365,-2.602687359
145,0.104238801,0.431602716
146,-0.673524618,-0.209617957
147,-1.080535769,-1.206391335
148,-1.194657326,-0.275291800
149,0.928798437,-1.396618962
150,-0.098240256,-0.729672194
151,-0.130950689,-0.675481200
152,0.174868345,0.734867334
153,-0.210087508,1.398123860
154,1.025601864,-0.916606426
155,-0.784662366,1.083849669
156,-1.173357129,-0.043412521
157,-0.741291821,-0.459279954
158,1.639249563,-1.313877106
159,-0.576314330,-1.170203567
160,-0.046521187,-1.250183582
161,-0.326629341,-0.301286936
162,1.818548679,-0.295192987
163,-0.078920141,1.367411971
164,-0.272850096,-1.592441320
165,-0.513470650,-0.087725230
166,2.286392212,-1.200378180
167,0.794669569,1.081779718
168,-1.963582873,1.868749499
169,2.654857397,-0.923645794
170,0.828476846,0.754469037
171,-0.869318366,1.001153827
172,-0.851390541,1.030987978
173,0.685444713,0.751619935
174,-0.837010682,-2.136902332
175,-0.990508139,-1.265933394
176,1.764960051,0.158207417
177,-0.501548171,0.594429553
178,-0.400155783,-0.727135062
179,-2.064688206,-1.602119207
180,2.055492401,0.449112713
181,-1.176246166,-0.833209634
182,-0.334087729,-0.685279310
183,1.187266946,1.231565356
184,1.302245021,0.268248171
185,1.902967691,-0.616562724
186,0.241883472,-0.464497060
187,1.966177464,1.451255441
188,0.659047127,-0.023939509
189,1.213831186,-0.490339518
190,0.758139789,0.100236788
191,-0.889601469,0.483281970
192,-0.877687037,-0.418822527
193,0.019761205,-1.538273573
194,1.349862456,1.454467177
195,2.314136505,-1.401942492
196,0.693261087,-0.297402352
197,-0.575795293,-0.366975486
198,0.502443969,-0.666045368
199,-2.483497143,-0.727482557
200,1.768282533,-0.042450339
201,-0.474647462,0.249681666
202,0.363337159,0.285511136
203,0.315125823,-0.960561514
204,0.141014695,-1.438121200
205,0.625598907,-0.274498224
206,1.060441613,-0.008966863
207,-2.180940628,-1.357441664
208,0.281702399,-0.536074042
209,-1.244257927,-1.509526730
210,-0.509788156,0.738788307
211,0.362640560,-1.024530292
212,-0.251327455,-0.658827066
213,-0.635870099,-0.245182723
214,-0.937672734,0.163485289
215,0.660784781,-0.917715251
216,-2.053294182,-0.131264567
217,1.969341516,-3.794079304
218,-0.250448346,0.078475296
219,-2.404932976,-0.719574869
220,2.000108480,-0.998400450
221,-0.204517186,0.329514474
222,1.626011491,-0.188332289
223,2.662551641,0.483145952
224,-3.927709579,-2.708956718
225,-1.524197817,-1.150357246
226,2.885382891,-0.333240420
227,1.676527381,0.777100205
228,0.187546790,1.199627757
229,-0.857219458,0.959153831
230,-0.120029151,2.150790691
231,0.002188981,-1.848301411
232,2.259348392,1.674109459
233,-3.081592083,0.376147270
234,1.806952596,-2.019886494
235,1.206374168,2.515083551
236,0.854845166,0.989339709
237,-0.533669710,-3.581522703
238,0.789159179,0.369621515
239,1.019222379,0.043714348
240,-0.765654206,1.359055281
241,-1.475649357,0.141586930
242,0.297262967,-0.580779672
243,-0.552888393,1.385439754
244,-1.189008355,0.726678729
245,-1.396235466,-0.529879570
246,0.065248564,-0.252789408
247,-0.430639923,0.018983841
248,-0.725182056,0.604510665
249,1.159935832,0.987678289
250,0.566982448,1.759371042
251,1.152274132,-0.303720355
252,-1.774304628,0.591354489
253,1.433201671,-1.802757263
254,0.133432418,-0.390249342
255,-1.187795877,-1.255850434
256,3.137242556,-0.337270737
257,-0.000949737,-0.100966647
258,-0.545061111,-0.111095071
259,-0.041026749,0.247428715
260,-2.008303165,2.925009966
261,0.092883311,-0.138390824
262,-0.111815274,-0.364450991
263,0.864077330,2.192404985
264,1.261260986,0.854554534
265,1.202929735,-0.834854245
266,0.221577257,-0.275411248
267,-0.101943940,0.189658299
268,0.118350439,-0.179749787
269,0.520059586,-2.189100266
270,0.348213404,0.201763764
271,-0.047587216,-0.683798969
272,-0.221227765,-1.752687216
273,2.088610172,2.463607311
274,0.046063431,0.274331301
275,0.201342821,-0.363075495
276,1.238663673,0.541349649
277,-0.616169870,-1.306817055
278,-4.526581764,-0.216556907
279,-0.552943945,0.145409137
280,0.013418578,0.270062923
281,-1.863078594,0.983571470
282,0.742230952,-0.321460038
283,-0.657952189,-0.796703339
284,-0.193725646,-0.044913184
285,0.512449741,0.632531762
286,0.515161633,-1.810389400
287,-0.352848023,0.874788105
288,0.326398343,0.577893198
289,0.094282925,-0.575110853
290,2.200284481,-1.920492530
291,-0.042929739,-0.243209377
292,-2.143585920,0.683948159
293,-0.996101975,0.232414126
294,0.669268012,1.539782882
295,0.027152911,-0.309431911
296,0.554050505,0.006644538
297,0.334464073,-0.125650778
298,-0.516946375,0.102764376
299,-0.545647323,1.273810625
300,-1.501958966,-2.843705654
301,0.799148202,0.283399284
302,0.042887006,0.173958749
303,1.186396241,-0.446574897
304,-0.233679220,-0.630514383
305,0.146819472,1.267780185
306,0.150354415,0.105951488
307,-0.635975480,1.131706834
308,-0.829272985,-0.941913366
309,0.097436696,-1.077988386
310,1.378236651,0.978229284
311,0.014533520,-2.992689371
312,0.827547491,-3.547422886
313,-0.098066688,-0.154257774
314,1.529681206,-1.620293617
315,0.101424053,1.560676336
316,-0.147802934,-0.307896495
317,-0.667141557,0.433822542
318,0.106121927,-0.003812574
319,2.235878468,1.119339705
320,0.300792575,-0.771266818
321,-0.005728096,-0.205601901
322,1.355247498,-0.251342624
323,-0.022261679,-0.964503825
324,1.808693171,-1.142181635
325,0.248252198,0.153765231
326,0.911580980,0.426535755
327,0.336081713,-0.587678015
328,0.730572581,-0.164069831
329,-1.526179194,-1.827180624
330,-1.527126551,-1.077184439
331,0.752734542,0.220591962
332,1.333735466,-3.144192696
333,-1.661054373,1.683143020
334,-2.947385788,4.196856976
335,1.885891438,-2.419625282
336,-1.324989319,0.219221354
337,1.396280527,-0.099225327
338,1.227305889,0.859647453
339,-0.872285128,-2.144120455
340,0.225914538,-0.375944316
341,-0.033139795,-1.318132162
342,0.997587979,2.045567274
343,-0.089740515,-1.309235573
344,0.238985792,-0.587051928
345,1.008961916,-0.288821846
346,-1.147262216,1.616884112
347,2.069587708,-0.025042802
348,-0.113899618,-0.048956871
349,0.598385692,2.082604647
350,0.015473247,-1.874765635
351,-0.880469799,-1.554134846
352,-1.541974545,-0.132505581
353,0.595382333,1.032167554
354,1.093334436,-0.298310786
355,1.973218918,1.244647980
356,0.557241380,2.653186798
357,-0.103760064,0.732885361
358,-0.288428307,-0.956796288
359,0.713220954,1.397755623
360,-0.107234016,0.513373494
361,0.665859401,-0.582612276
362,-0.859904766,-1.111797333
363,0.154861331,0.877424479
364,1.029005289,0.211397767
365,-0.819555223,-0.375046849
366,1.208700418,-2.676671982
367,-2.167301416,0.880388975
368,0.708408594,-1.049458623
369,1.866283059,-1.609187961
370,-0.655398428,0.513205469
371,0.220955849,0.117675751
372,0.574386001,0.134819105
373,-0.181091517,0.370109677
374,-0.314557314,-0.135969743
375,1.707121730,-0.358764410
376,0.662252188,2.112942696
377,0.632247269,-0.051015630
378,0.317014635,0.266641259
379,0.102592550,0.189842910
380,0.853647053,1.345658660
381,-1.379908085,0.973251700
382,-0.096217081,-0.265889794
383,-0.137896359,-2.378255129
384,1.027389407,-0.181619763
385,0.630437851,-0.658223569
386,0.695459604,1.462087870
387,-0.767030954,-0.743141532
388,-0.360407621,-3.126489162
389,-0.270940661,-0.565240622
390,3.282884121,-2.171125889
391,-0.611283064,-0.517789245
392,2.894627810,-0.283491075
393,0.971909404,-2.458189249
394,0.913925827,0.162578687
395,3.809726238,1.033607006
396,-0.109446943,-3.017570019
397,0.016415715,-1.549801111
398,-0.119256623,-0.341032982
399,-1.321609735,-0.294746161
400,-0.709002376,-0.764584422
401,-0.710606813,-0.590040803
402,1.543477893,-0.640928149
403,0.090210699,-0.133682802
404,1.768553615,2.410619497
405,0.395538360,0.603941202
406,0.374210864,1.114744902
407,2.295621634,0.948732793
408,1.084627748,-0.877276659
409,-0.123388499,-2.157415390
410,-0.499258697,-0.650011241
411,0.046885319,0.846000850
412,1.229844570,-0.590049565
413,-0.632042050,1.834244967
414,-0.232630253,0.879689336
415,3.462742329,-0.680262983
416,-0.107235312,-0.627989769
417,0.521094203,0.217115626
418,1.085515976,-0.497029960
419,0.310667306,3.254962683
420,-0.587760091,3.300309896
421,0.102897704,-0.166169107
422,0.139733016,-0.073187023
423,0.391713709,0.061106861
424,-1.259397388,-0.796478391
425,-1.466150165,4.466253281
426,-1.291432619,1.077521086
427,0.012944087,-0.452235311
428,0.597790539,-0.317859679
429,-1.127025604,-0.778829515
430,0.217290878,0.294030190
431,-0.613647401,0.261167526
432,-0.235197604,-0.194207579
433,-1.496458530,-0.813998103
434,0.184590980,-0.182506159
435,-2.812434912,0.467519879
436,-1.483317614,0.480427027
437,1.016482472,1.470919132
438,1.750398278,-1.524872899
439,-1.688159466,-0.230175138
440,1.194242835,-0.203944832
441,-0.060097128,0.889794707
442,0.066888601,1.880031705
443,-1.044497848,0.247384787
444,0.630832136,0.208636910
445,3.217016697,0.489096403
446,-0.871934533,-0.359595001
447,1.875616431,-0.593984544
448,-1.593216419,-1.892817736
449,-0.385030031,-0.336295217
450,0.871774316,3.004381657
451,-2.089468718,0.319546789
452,-1.771209717,0.261266589
453,0.576625466,1.499248862
454,-0.825197101,0.143233418
455,-1.431080461,0.417958558
456,0.741796732,-0.324821353
457,-0.357474804,-0.326004565
458,0.644500613,0.006034195
459,-0.415609658,1.108283281
460,-0.936464071,-0.525572538
461,0.241144508,-0.306942314
462,-1.021230221,-1.300824881
463,-0.437341273,-1.787573338
464,0.332406610,0.614676058
465,1.152518511,1.086002827
466,2.332696915,2.135003328
467,0.364647239,0.991817594
468,2.524033546,-4.429534912
469,0.044835400,0.555504978
470,-0.271045685,-1.741100073
471,0.134975374,0.111757651
472,1.576564074,-0.840074301
473,0.237610087,0.385586798
474,0.237745479,-0.519410729
475,-0.059469551,-0.249616265
476,0.003712296,-2.072305679
477,3.216330528,0.621544123
478,0.696716607,0.130256593
479,-0.936781824,-0.639549613
480,-2.291095018,0.092797399
481,0.618251324,-0.418786496
482,0.941450596,-0.589675426
483,1.079551578,2.849140882
484,-0.051680505,-1.414941072
485,-1.017906308,-0.079927683
486,-0.085571215,3.233349323
487,1.237348914,0.405058354
488,0.585569680,1.376179457
489,-0.233559176,0.065746076
490,1.351190567,-0.604369044
491,-1.944827437,0.873649955
492,0.288031340,0.024649084
493,-0.095738716,0.247371808
494,-0.028185971,-0.446531117
495,-0.983149469,1.730958462
496,1.788344383,0.566968739
497,0.140702993,-0.261168361
498,-0.457378298,1.761827588
499,-0.180802137,0.086009130
500,-0.715135634,-2.656334639
501,-0.649808526,0.117187329
502,0.471645296,-1.400739551
503,-0.729945540,0.773770213
504,-1.248349428,0.285758555
505,-0.735423982,-1.947515607
506,0.366477132,1.778182507
507,0.330457926,-0.896026731
508,0.275009155,0.177775741
509,-0.809560239,1.991144061
510,-1.344010949,-0.740733802
511,0.511750996,1.545137763
512,0.196454227,0.343561947
513,-0.193926662,-0.487233669
514,0.079184294,-2.292447805
515,0.084374696,0.434946477
516,2.559095383,-0.627338767
517,0.082991540,0.146920860
518,-0.354729772,2.978131056
519,-0.747858346,0.729223371
520,0.753540874,-1.619388342
521,-0.751048446,0.330874383
522,-0.207389757,1.415329695
523,1.244217396,0.258630157
524,2.640605688,-0.246494547
525,-1.009089470,-0.895605922
526,-0.310244262,-0.882888198
527,-1.246359229,-0.415968269
528,-0.717288256,-1.138416409
529,3.322755575,0.628962994
530,0.275484174,-0.597361565
531,0.125255391,-0.143776789
532,2.304516077,-0.689621806
533,0.480937690,-1.040200949
534,2.432226181,-0.893406749
535,0.862699389,-0.508460999
536,-0.204518348,2.427876949
537,2.189172745,-1.257568836
538,1.454467773,0.755162656
539,-0.274070263,0.547427297
540,0.264535010,-1.460474372
541,-0.962738156,1.243865013
542,-0.409441948,0.049791068
543,3.473284960,0.914554000
544,0.752572775,0.367546082
545,-0.410990834,-0.228430122
546,-1.395514011,0.258918107
547,0.446892858,0.166026413
548,0.710087001,-1.149531126
549,-0.529534936,-0.275713772
550,-1.414987326,-0.943628609
551,0.330650181,1.605841637
552,0.455955505,-1.940146208
553,-0.336342692,-0.009775214
554,0.940480888,-2.040621519
555,1.603858829,-0.182049856
556,1.081304789,0.436831176
557,-0.361916661,2.421047211
558,0.066795036,-0.196738839
559,-1.346700430,-1.863578558
560,0.040835727,-0.152263999
561,0.045237206,-0.254272968
562,1.538372040,-0.450869292
563,-0.139682829,0.173030853
564,1.004710078,0.630932510
565,1.260342836,-1.315901518
566,2.000414133,-1.021015406
567,-3.011555195,0.947638154
568,0.187772900,2.526326895
569,-0.324709386,-0.064550236
570,-1.958027601,-0.823964834
571,-2.081107855,1.213212132
572,-1.995349169,-0.383846641
573,1.619014263,0.597068369
574,-1.338303089,-0.002136961
575,0.862577260,0.461062193
576,-0.229979783,-0.828771234
577,-0.649810910,0.443360537
578,0.091335431,-0.645879507
579,-0.098052859,-1.665910363
580,-0.905373394,4.146087646
581,0.098921418,-3.079697847
582,1.714527011,2.048367500
583,-0.129263669,0.888626754
584,-0.429985344,0.110626392
585,0.657140732,1.557696700
586,0.313725650,1.468264580
587,1.261838555,-0.613097906
588,-0.453072727,1.268229604
589,-0.764878571,-1.447033644
590,2.292556047,2.049402714
591,0.013986498,-0.322421551
592,-0.536351621,0.583367348
593,0.224324793,-0.011781876
594,-1.732745647,0.359566510
595,2.931036949,-1.505146503
596,-3.657863140,1.084584475
597,1.097221851,1.836651802
598,0.374468982,-1.440848589
599,-2.388153791,0.402692020
600,0.916384280,0.338885844
601,-0.694057822,-0.580721796
602,-1.277639389,-1.676668644
603,-0.458398163,-0.105956301
604,1.282736897,-0.710682929
605,-2.197149992,2.265325069
606,-0.693852186,-3.528064728
607,-0.363181680,0.170058593
608,-0.106716514,-1.064795136
609,-0.985724330,-0.469288588
610,0.102962375,-1.207833767
611,1.470579743,1.631517887
612,-2.066966772,0.732001901
613,2.948235750,0.388200521
614,-1.195909619,0.864100218
615,0.427969933,0.926194906
616,-2.472089291,1.501489758
617,0.832250893,0.552738547
618,1.168527484,0.150485694
619,0.919671357,0.387454510
620,-0.372762978,1.754260659
621,1.428792715,0.285461277
622,-0.560386181,-0.346220553
623,4.354440212,1.968918920
624,-2.354013205,0.101252601
625,-0.880937874,0.513130307
626,-1.572323084,2.134694338
627,1.889844060,1.501274824
628,0.974200964,-0.543863654
629,0.980092287,-0.016694725
630,-0.131182641,-0.119943455
631,-1.138646483,1.001377344
632,-0.613999128,0.522269130
633,-2.574638605,-0.758183956
634,1.094333410,-0.411223412
635,0.614540756,1.108662367
636,0.441546082,-1.126208782
637,0.130082086,0.002696474
638,-1.208267689,1.025959730
639,0.066842951,0.147710934
640,0.296056807,-4.308084965
641,0.696993411,-2.159695864
642,-2.439598560,1.001577377
643,1.211933732,1.057381868
644,0.403606951,-0.017166585
645,0.685795546,0.356950074
646,0.977995276,1.076830149
647,-1.040250540,3.328741789
648,0.879880011,-2.526822090
649,0.607602000,0.564887941
650,0.951595902,1.586136222
651,-0.013400912,-1.829305053
652,0.030860316,-0.314269662
653,-0.777272999,-0.553423405
654,0.061702315,1.941460371
655,-0.525681615,0.378891468
656,1.259961247,1.171206713
657,0.170100614,0.560767889
658,-1.103122234,0.181992114
659,0.345744014,-0.733588398
660,-1.623792648,2.614856005
661,0.439837068,3.742862940
662,-0.189316869,0.091604389
663,0.975934684,-0.338902771
664,-0.943825960,-0.822459459
665,0.643579721,0.193501517
666,-0.143503219,-0.202414960
667,-0.364395261,0.154104471
668,0.038030513,0.939031482
669,0.174961597,0.115783103
670,0.089477360,-0.156519726
671,-0.669143438,-0.177588165
672,-0.913361073,1.599960804
673,-0.801411867,1.147496700
674,-0.419524193,-2.325286150
675,-0.122605309,-0.194357246
676,-0.850814104,0.533989191
677,-1.649346471,-2.098660946
678,-1.104703903,-1.103938222
679,-1.642870665,-1.192900181
680,0.995276988,1.624848962
681,0.338202298,-3.220598459
682,0.227945596,0.337115258
683,1.077192783,0.475501686
684,-0.186055332,-0.544354320
685,0.293462306,2.273362875
686,-1.813816309,-0.843329191
687,1.408929467,-0.367511332
688,1.244585037,0.332312167
689,-0.088632897,0.364836156
690,-0.206984609,0.474815249
691,0.474775434,-0.586289108
692,0.428116560,2.118787766
693,-0.321736097,-1.150748491
694,-1.783370733,-1.887991905
695,-0.380776942,0.849537969
696,2.480913162,2.131792307
697,-1.677345037,0.402114242
698,0.429587156,1.076186776
699,-0.478027850,0.281208932
700,0.162399322,0.457275867
701,-0.573759139,-1.157099247
702,-2.889559746,0.582715511
703,-0.576541126,2.547344923
704,-0.692421019,-0.529815078
705,-1.733937263,0.996705174
706,-0.374785513,1.403335810
707,-2.966028690,0.425813079
708,0.400858492,1.521525145
709,1.570859671,0.966487646
710,-0.464930028,3.114217281
711,0.115346998,0.569877148
712,-0.177098334,-0.183564156
713,2.181491375,-0.198598579
714,1.200725555,-1.223302245
715,-2.537538052,0.784106731
716,0.066693485,1.710648894
717,-0.038104892,-0.544240296
718,0.861412168,-0.091825485
719,-0.413454056,-1.333844423
720,0.680515409,-0.858784497
721,0.658032835,-0.285014272
722,-0.888134718,-1.419642210
723,-0.258563340,-1.130406618
724,-0.301508188,-0.045259595
725,-1.375101328,0.350878716
726,-0.520109951,-0.903387249
727,0.215152457,-0.368336141
728,-1.705503225,-3.605729342
729,2.229730606,2.336256027
730,1.774439812,-3.281093121
731,0.099867418,0.332559377
732,-1.080185890,1.320389867
733,-0.158080369,0.134498805
734,-1.541121364,0.314023495
735,1.071129322,3.127287388
736,1.255916357,0.079680428
737,-1.361217976,0.955594420
738,1.312423468,0.702279329
739,1.097398281,0.143823862
740,-0.145072579,0.462537229
741,-2.470394135,0.759077311
742,-0.795433521,-0.269100159
743,1.023686886,-0.071212173
744,-0.376080692,0.418067932
745,2.706008673,0.155805647
746,0.453250706,-1.093315840
747,0.152088314,0.427929074
748,0.105995320,0.350361943
749,0.914067864,-0.995866835
750,0.843115449,0.798249125
751,2.221306324,0.682242393
752,-2.233929634,-1.759267807
753,0.167054117,0.190262944
754,-0.634458959,0.366385937
755,1.738497019,-0.716556311
756,1.331933856,-0.394994527
757,0.376910746,-0.370031178
758,1.830882072,-1.889171720
759,0.912064910,-0.850233793
760,0.256741524,-0.102334142
761,1.339121819,-0.537290812
762,0.745061278,-1.117210269
763,0.777057946,0.592603326
764,-1.887999535,0.328936398
765,-1.104602098,-0.031252742
766,2.480215788,2.496767044
767,-0.390162408,0.439440250
768,0.085864469,0.336672068
769,-1.756219745,-0.247513890
770,0.833281934,0.438094050
771,0.358754307,0.960028231
772,2.718423605,-0.105529249
773,0.340764344,-1.690069079
774,-0.089773960,-0.311220288
775,1.754627943,0.990995407
776,-0.067297563,-0.484860539
777,-0.803351760,-1.017490149
778,-1.381562114,0.294412971
779,-0.076632619,0.649522781
780,-0.434545636,-0.535468459
781,-0.138781071,0.162518889
782,-0.046247229,-0.490685523
783,-1.584789515,0.851753116
784,-0.538544536,0.658537149
785,0.816552401,-0.585008383
786,-0.195317626,0.796815336
787,-1.695440769,-0.674854338
788,0.925898075,0.577557564
789,-0.488806605,1.972553492
790,2.643670797,1.164999962
791,-0.528408706,-0.639028788
792,1.772141933,-0.447335005
793,-1.016826987,2.177408934
794,0.234934971,-0.392568231
795,0.556756198,0.871417522
796,0.621750116,-0.120229617
797,-1.258563042,-0.744976938
798,-0.438663036,0.540838122
799,-0.685271740,0.769245446
800,-0.900607109,-0.037958205
801,-0.137840867,0.240000248
802,0.244265050,-1.000026941
803,0.158912241,-0.030635180
804,0.351198733,-0.984273195
805,-2.012239218,-2.482015848
806,2.796882153,-1.083561182
807,-0.291769147,-0.495437115
808,-0.282144427,-2.030256748
809,0.518365562,0.149574414
810,-0.315375179,1.264495850
811,0.780781090,-0.733137906
812,3.352799892,2.717745543
813,-1.209799767,-1.147152901
814,0.184284329,0.073834613
815,-2.741229534,1.746312141
816,0.414406419,-1.504604340
817,2.447826862,0.639804482
818,-0.778843701,0.716421962
819,-2.220801353,-0.061236203
820,0.982160389,-0.223340109
821,0.299472570,0.160138816
822,0.192010313,0.304249525
823,0.498626530,-0.249410287
824,-0.557735324,0.967822313
825,-0.392590761,-0.524339318
826,0.034027189,-0.193829894
827,-0.702735841,-0.980631411
828,-3.000812054,1.183169007
829,0.650873899,-0.556494296
830,0.031368881,0.512150109
831,1.865170002,0.147809684
832,-0.909221649,-0.296467960
833,0.373763531,0.554978132
834,-0.068315595,0.343488008
835,-0.425069898,0.708442092
836,-0.252281010,-0.071192756
837,-0.449877024,-0.676747561
838,-1.218738079,-0.406277776
839,-0.614324212,0.260461211
840,-1.115181208,-0.108280241
841,1.273011684,-0.221372500
842,0.987859726,1.938508749
843,0.356964588,-0.139947876
844,-0.114157252,0.283591300
845,-3.052105665,0.952823162
846,1.999098659,-1.241487622
847,-0.017456338,0.884697437
848,0.137275264,-0.495450020
849,-0.797726154,-0.094726264
850,-0.994624972,-1.500130177
851,-0.217914283,0.061064288
852,0.682962358,2.114490986
853,0.865116179,-1.348825812
854,-0.116504133,-0.114051133
855,0.753117621,2.631895304
856,-0.352324337,0.071922138
857,1.417523742,-1.194969416
858,-0.876144409,3.327128649
859,0.939802468,-0.584608912
860,-0.059098363,-2.393294573
861,-0.789765835,2.244349241
862,2.190258026,0.503815889
863,-0.220374629,-0.689277649
864,-2.065932512,0.115893900
865,-1.216257095,1.985316157
866,0.248385131,-1.479240060
867,1.201832414,0.995909810
868,0.230964884,0.202418774
869,-0.606373072,0.874564528
870,-0.037314296,1.024339080
871,3.012773037,-0.453165740
872,-0.371564448,0.437619925
873,-0.995437026,1.798169374
874,-1.364797950,0.942414880
875,0.683361828,0.320307016
876,1.001081109,-0.837839484
877,0.100720167,0.345173776
878,0.241443902,-1.148122668
879,0.623291552,-1.855647802
880,1.210985899,0.331016123
881,0.049991988,-0.639553189
882,-1.594388008,-0.121509001
883,-0.699185491,1.257047415
884,-0.071786501,0.544892848
885,0.162326455,-1.439427972
886,0.627583265,0.091216996
887,-0.335522950,-1.701092243
888,0.592490673,-0.747548282
889,0.966941059,-1.863849640
890,0.226212561,0.645810962
891,1.210487843,-1.031510711
892,0.867432714,-0.120001465
893,-0.152274713,-0.223086163
894,-0.356855780,-1.260354042
895,-0.196266487,1.616922021
896,0.431641698,-0.790898383
897,2.250787258,1.781134605
898,-2.132684708,-0.542109966
899,0.616538644,-0.153997451
900,-1.548809290,-2.369472980
901,-1.225472569,1.215534687
902,-0.675002337,0.765776813
903,1.904367208,-0.269383729
904,1.436027646,1.208852172
905,-0.236429662,0.007905308
906,-0.820305824,-0.075869754
907,0.118124358,0.354826152
908,-0.781675756,-2.767544985
909,0.226480812,0.673920810
910,0.408751428,0.143222019
911,-0.358171761,-1.681379080
912,0.337084293,0.749613464
913,-0.913058221,0.665540218
914,-0.426322818,1.265925288
915,0.697214007,-0.672512531
916,0.385617495,-1.724576712
917,-0.073943377,-0.216203243
918,0.168208987,0.667014122
919,0.152728990,-0.008288803
920,1.577539682,0.978291631
921,-1.070209026,0.793093085
922,0.368141800,0.736378014
923,-0.483135164,-0.001917839
924,-1.272202611,0.433806688
925,0.169516444,-1.401562452
926,0.759770095,0.669577479
927,-1.355415702,-0.751063228
928,0.274573177,0.100597069
929,-2.304062605,1.675597668
930,-0.280505657,0.536544442
931,0.024636326,1.660458565
932,0.389157027,0.239892691
933,0.420807540,0.080627866
934,-2.115471363,4.009467125
935,0.013042681,0.994533598
936,-0.137536764,-0.741382837
937,-0.737342715,-0.315172255
938,3.540682077,-1.344040036
939,-1.373054743,-0.031139851
940,0.478588790,-0.726444006
941,-0.196127996,-0.169254765
942,0.005968548,0.722578824
943,0.140374213,1.604330540
944,0.216527507,0.153116643
945,-0.350396156,1.357926369
946,0.790225029,0.435215950
947,-1.238704205,-0.730115771
948,1.728796721,-1.213064194
949,0.061744958,0.459152013
950,-0.926598132,1.164949656
951,-0.414592654,-0.951757193
952,0.070146203,1.800981045
953,-1.353775263,-2.788846254
954,-0.292404652,3.072638035
955,0.610120475,-0.702442288
956,0.884544194,-0.309516251
957,-0.823365688,0.764780879
958,1.115189552,0.384634823
959,-0.489015192,-1.734202623
960,-0.923588037,-0.806169510
961,-0.166846156,-1.703099012
962,1.511522055,-1.197278023
963,-1.893394947,-2.186925650
964,-1.049944401,0.150493383
965,0.828770638,2.162107706
966,-2.601022005,0.079294145
967,-0.810187161,0.444656938
968,0.753024876,-0.577694893
969,-0.060934544,0.489255428
970,1.326687098,1.062030077
971,-0.287069112,0.625772238
972,0.453746319,0.557487130
973,-0.882124186,-1.559451580
974,2.571649313,-1.305167913
975,0.204763308,0.885882139
976,-0.263803005,-0.205267772
977,-2.422292709,-1.125606537
978,0.518183708,4.954781055
979,-0.212807715,-0.408666611
980,-1.452322006,-1.203197122
981,-1.231610179,-0.704507053
982,1.118162751,-0.882589281
983,0.324043930,-0.324658096
984,-0.769819319,0.824033320
985,-1.144592047,0.936746597
986,0.579001784,3.811252594
987,2.134774208,-1.231012583
988,0.104210362,1.288090229
989,-0.146065369,-0.120220989
990,0.145863652,0.084437899
991,2.468610048,1.402383804
992,-1.186617494,1.262320399
993,-0.224718481,-0.165589958
994,2.151687384,1.120223045
995,-1.241777658,-0.447539449
996,0.221286923,-0.156579405
997,0.539360166,-0.544494867
998,-1.155395389,0.922335207
999,-0.562696934,-0.246947110
1000,-0.560667753,1.024251342
1001,0.550871968,4.662191868
1002,1.205903888,0.542903781
1003,1.311981916,-0.985717177
1004,-2.970067501,-2.391358852
1005,2.213191748,-1.194486499
1006,0.212196231,-3.294714928
1007,-0.030091286,-0.422975898
1008,-0.452469081,-0.745202661
1009,1.356286287,-0.675449908
1010,0.820321321,0.829750538
1011,0.245704398,1.003919005
1012,1.769109488,-0.598338008
1013,0.090293735,-0.645330906
1014,-0.717391193,0.297824323
1015,0.434161216,-0.579025745
1016,-1.640664339,-0.802577734
1017,-0.758283615,2.073848009
1018,1.819923520,1.687620044
1019,0.849885583,-1.626901865
1020,-2.096206188,1.816115856
1021,2.464672327,2.002638102
1022,0.540940881,-0.835886836
1023,0.734159768,-0.220218584
1024,-0.006827056,-0.702502310
1025,0.333813846,-1.211867332
1026,2.674549103,1.558373094
1027,-0.630425811,-0.394478381
1028,-0.191691130,0.876675487
1029,0.924359918,-2.849352837
1030,-0.247649610,-1.611536503
1031,-1.322895765,1.435429811
1032,2.534990072,0.098052070
1033,1.868341208,-1.214040756
1034,-0.801095843,-1.978087425
1035,1.325502992,0.470447212
1036,2.833395481,-1.727418900
1037,1.489499331,0.873008788
1038,0.070166290,-1.825531483
1039,-0.888724446,-0.305670351
1040,0.160289899,0.114270225
1041,-0.556032717,0.930024087
1042,0.279251367,0.731429815
1043,-0.127983958,0.356526136
1044,-0.331318736,0.427206695
1045,0.726873755,1.954841375
1046,-0.518955052,-0.714344382
1047,0.796911597,0.987595499
1048,-1.874994159,-2.195431709
1049,-0.502739131,-0.387397945
1050,0.466418505,-0.670617998
1051,-1.042873621,-0.402911842
1052,-0.039914228,0.283810109
1053,0.187936336,0.027387422
1054,0.015654325,-1.266299486
1055,-0.644932389,2.299384594
1056,-0.164462909,-0.433363140
1057,-2.308097601,0.172535837
1058,0.464730978,-0.314217418
1059,-0.181971103,0.204075724
1060,-0.302876055,1.203843474
1061,-2.022441626,-0.475269765
1062,0.269604951,0.473049879
1063,-0.054241493,-0.177256584
1064,-0.567137241,0.785063624
1065,0.402607888,1.538584948
1066,-1.379625559,1.869100094
1067,-0.941688418,-0.298067451
1068,0.601553559,0.537439048
1069,-1.198691368,-1.015114069
1070,-0.383025706,-0.065650076
1071,-0.995042026,-0.849968910
1072,0.478288233,-2.586277723
1073,0.155093372,1.152036071
1074,-0.911632478,-0.796440601
1075,0.857878327,-1.026469707
1076,-1.189369798,-1.076552033
1077,1.077013016,-0.950779676
1078,-0.567818344,0.377365470
1079,-1.270910144,0.414552212
1080,-0.496593446,0.148012459
1081,1.107092023,0.084691569
1082,0.649038255,-0.050000485
1083,-0.016990349,-0.578852773
1084,-1.384237885,0.685938478
1085,0.344531059,1.171335936
1086,-0.410510659,-0.087552667
1087,-0.590400636,0.858852863
1088,-1.993937731,-0.020153880
1089,-0.760400653,-0.769921064
1090,-0.492662013,1.574521542
1091,1.042343140,1.732535601
1092,0.163893983,0.023796570
1093,1.037807822,2.433948755
1094,-0.410798818,-0.845405221
1095,1.664174795,-1.644455671
1096,-0.975307107,0.717507124
1097,-0.635678053,-0.498188198
1098,0.452602357,-0.601182222
1099,2.703057528,-1.649588346
1100,2.953724623,-1.890396595
1101,0.252209932,1.164387465
1102,2.543298006,0.147168010
1103,-1.548179626,-1.470971823
1104,-0.482161105,-0.265680969
1105,0.019563884,1.376728535
1106,0.695459127,-0.607833028
1107,0.094678566,1.193590641
1108,0.036652409,-0.186008394
1109,2.609361649,-1.185931325
1110,0.987387598,0.999233067
1111,-0.010596005,0.724817753
1112,-0.994734526,0.009071767
1113,-0.148898482,-4.297931671
1114,-0.594387233,2.682645559
1115,0.252102762,0.763600349
1116,-0.633203506,0.230751976
1117,0.547283292,-2.168985605
1118,0.908794761,-0.911934197
1119,-0.267324120,0.438106477
1120,0.229583025,-1.073558211
1121,2.650246620,-0.685230315
1122,0.041985750,-1.303650856
1123,-0.158388346,-0.607402802
1124,-0.115587562,-1.054237247
1125,-2.380652189,-1.136214495
1126,-0.080849722,-0.346456319
1127,-0.355893135,-0.350038528
1128,-1.107853293,0.144010738
1129,-1.424223185,0.273408175
1130,0.544515550,0.640691936
1131,-0.964462638,-1.870294094
1132,0.660827696,1.896227598
1133,-0.402126908,2.575692892
1134,0.341921806,0.024592567
1135,2.057993412,-1.154003978
1136,-2.268866539,-0.724748373
1137,0.127932802,1.401450396
1138,-0.702304244,1.061843038
1139,0.472853601,-0.985473514
1140,0.169193149,0.831407547
1141,1.379530311,-0.172051281
1142,0.987103283,0.909239769
1143,-2.096321344,1.494967818
1144,2.167135715,0.700163186
1145,0.339770675,0.279120028
1146,0.937892914,-2.728301525
1147,0.968381047,0.523656607
1148,-1.518929839,-0.615359962
1149,0.122095346,-1.458624840
1150,-0.170703351,-0.619181395
1151,-1.299708605,-3.725203276
1152,-0.767121732,-0.740804136
1153,-0.795300603,2.857542276
1154,2.277130604,-1.295633554
1155,-0.232820690,-0.739663422
1156,-0.454155982,0.309540153
1157,1.899304390,1.426677823
1158,0.711603582,-1.103100061
1159,-0.427645087,0.993250012
1160,1.413996577,-0.525163531
1161,0.326427162,-0.849265158
1162,-0.941365957,0.555875361
1163,-0.137041837,-1.256886244
1164,0.110090353,-0.203019157
1165,0.129943639,0.437989950
1166,0.601733804,0.649030387
1167,0.155221224,-1.940750480
1168,-0.542383611,0.549913347
1169,0.398937404,0.096949250
1170,-1.038200378,1.635041952
1171,0.201082826,-0.768303275
1172,0.637138426,2.076036453
1173,-1.058029890,2.762003422
1174,-1.918751478,0.016130269
1175,-0.534471154,2.089542866
1176,-0.570940614,2.373806000
1177,-0.106173873,-0.571927071
1178,1.712289572,0.023245201
1179,-1.249196529,1.104268670
1180,-0.227832019,0.209608883
1181,0.129284754,1.876687884
1182,2.357913733,0.492967069
1183,0.991529465,-0.643275201
1184,-0.266485393,0.283598095
1185,1.087145329,0.147197902
1186,0.143749803,-0.213623136
1187,-0.279413462,0.950345755
1188,0.591197014,1.302465439
1189,0.420675874,-0.611677587
1190,-0.420819789,0.218797281
1191,-0.454678953,-0.732525170
1192,-0.172968030,-0.055526983
1193,-0.354278535,-0.123353302
1194,-1.867166281,-0.460142374
1195,-0.659547925,-0.366148084
1196,-0.127431393,-0.958579421
1197,1.937262535,-1.327668071
1198,-0.574464440,-0.810950279
1199,-1.827099323,0.008639991
1200,2.103255033,-0.421927333
1201,0.430640459,-0.294158697
1202,-0.079429559,-0.144002408
1203,0.753481984,1.343935370
1204,0.429496586,-1.322722435
1205,-0.058031373,1.202888727
1206,0.190416023,0.047257006
1207,-1.219632983,-1.058518887
1208,0.664618492,-0.908689976
1209,0.984190106,-0.411987543
1210,0.851152599,0.397063494
1211,-3.448205709,1.382278919
1212,-1.443369985,-0.711169124
1213,-0.034535464,0.181385070
1214,-2.647304535,-1.017682076
1215,-1.185570598,-0.699402332
1216,-0.541802168,0.530964732
1217,-0.588287890,-1.844690084
1218,0.396153033,0.041680887
1219,0.120330997,0.088590734
1220,-0.331413716,-0.062893197
1221,1.618201971,2.199718714
1222,-0.149835318,-1.085394144
1223,-0.142214060,0.647701919
1224,-0.494802117,-0.580323339
1225,-3.507761955,1.586050868
1226,1.139344692,-0.959411204
1227,0.054401055,0.681246042
1228,0.594360113,1.116300106
1229,1.501337767,0.503214180
1230,0.077232696,0.028636761
1231,-0.523472190,0.184768915
1232,0.614560962,0.810444176
1233,-1.524063945,-0.168466270
1234,1.224542141,1.013253808
1235,-0.154432386,0.100375801
1236,-0.234729648,-0.176583916
1237,-1.275125384,-0.454884946
1238,-0.474538684,0.390666485
1239,0.005257300,0.150947317
1240,3.172722578,-0.123152845
1241,1.696283579,0.362347603
1242,-0.075186528,0.186046302
1243,1.814132214,-0.360428512
1244,1.683210135,0.209554613
1245,-0.729562819,-0.126898110
1246,3.228868008,-0.000591040
1247,-1.566079021,-0.093667388
1248,0.110497959,0.400193721
1249,-1.319680929,-1.848359704
1250,1.782644629,2.573863983
1251,-1.102638960,1.339020967
1252,-1.573205829,0.574284434
1253,-2.094539642,0.107040673
1254,1.146528602,1.056516647
1255,-3.232573032,0.748173177
1256,0.005215112,0.276527762
1257,0.547035873,0.937506437
1258,0.574077725,0.505083442
1259,-0.172616392,0.425540149
1260,-0.814509928,1.046810031
1261,-1.810983181,-0.798054934
1262,0.026227057,-3.687348843
1263,-1.215674758,4.006744385
1264,0.996004820,-0.755410194
1265,0.491622865,0.422245085
1266,-0.481388450,-0.323519826
1267,-1.363893747,-1.690536976
1268,0.718398809,0.155165017
1269,0.406475663,-2.178586960
1270,1.098498464,1.269495487
1271,-0.137953654,0.686723471
1272,-1.065829515,0.287134379
1273,1.494245887,0.225763530
1274,-0.064086407,-0.295847654
1275,-0.444422483,-3.270111084
1276,0.129844174,-0.218106836
1277,-1.871618629,1.283231974
1278,-0.896572113,-0.231421709
1279,0.248787463,0.172455326
1280,-0.768824816,0.709706783
1281,0.053203523,1.189177632
1282,-0.680044174,0.264172733
1283,1.046566963,1.627165318
1284,-0.047528982,0.481313467
1285,0.142928496,-0.197702572
1286,-0.376703948,-1.008433342
1287,1.566736579,-2.324616671
1288,0.942700446,-1.522943258
1289,1.468122721,-0.002220437
1290,-0.674342573,-0.031971827
1291,0.206532121,0.493130922
1292,-0.985145688,0.378958285
1293,-1.332117319,-0.393546373
1294,-0.511011302,1.127985716
1295,0.364293158,-0.325775057
1296,4.342012882,-1.212598443
1297,0.528105021,-0.112842172
1298,-0.356023997,-1.361950636
1299,-0.333624691,0.232483223
1300,1.573847055,-1.106526136
1301,2.022540569,-1.186520338
1302,0.436899334,0.873728037
1303,0.164015055,0.722718656
1304,0.932519913,-1.778327703
1305,-0.406425357,1.081331849
1306,-1.553279638,-0.383496344
1307,-0.816306353,-0.947796941
1308,1.404371500,-1.665785789
1309,1.043491244,0.976327717
1310,-1.127980471,3.216705799
1311,2.353189945,-1.610119581
1312,0.839284360,-0.578214407
1313,0.509693265,1.650359273
1314,0.394032687,2.030239820
1315,0.913550854,-0.120710820
1316,1.319102049,0.065086186
1317,0.011995539,-0.330939353
1318,1.571243167,1.328475356
1319,1.989444256,-1.808199763
1320,-2.287121296,0.084394902
1321,0.928699970,0.048272312
1322,0.454080820,-0.988585889
1323,-0.630506873,1.129209638
1324,-0.572443426,0.870474458
1325,0.265777677,-0.195775941
1326,-0.137663960,-1.041227460
1327,-0.494003534,-1.099982977
1328,-0.258627057,0.097066648
1329,3.310683727,1.644195080
1330,0.089100346,1.665088892
1331,-0.542559445,0.458898485
1332,1.935742259,-1.865109921
1333,0.324609518,-0.810701489
1334,0.668888092,0.096519127
1335,2.924728394,2.966113567
1336,-0.850308359,0.823666692
1337,-2.217188597,1.430586100
1338,0.322861493,0.037593868
1339,-0.048983835,-0.113525875
1340,0.239656895,0.134440154
1341,-1.634128690,-1.817606211
1342,-0.318110853,-2.113173246
1343,2.211506128,-1.685177803
1344,1.047388792,-0.064004585
1345,-2.991877079,1.022457600
1346,-1.707147837,0.585991681
1347,-0.671303272,1.001905560
1348,2.456674099,1.430216670
1349,1.188139439,0.200350955
1350,0.346802145,1.160016894
1351,1.104775786,-2.187389851
1352,1.306050181,-0.373251438
1353,0.017893672,-0.200127304
1354,-3.156979799,1.820669174
1355,-1.325566530,-0.905903816
1356,-0.926903427,-0.406978965
1357,-0.767021298,-1.070746660
1358,1.357131243,-1.055630684
1359,0.090402059,0.266081542
1360,-0.797341168,0.218340009
1361,1.029332161,-0.003084995
1362,0.213303775,0.440346301
1363,3.011536360,-0.717731714
1364,-0.471716821,-0.719447911
1365,-0.167079061,-0.384995818
1366,0.724362969,-1.115334272
1367,-1.348991871,-0.163895488
1368,0.793598294,-0.387812376
1369,0.655947506,-0.904920816
1370,1.473716855,1.559624910
1371,-1.432123899,-0.543660641
1372,2.417231798,2.403714657
1373,0.343619674,0.051905036
1374,-0.425790071,0.014632300
1375,1.098767877,2.379865408
1376,-0.153798833,-0.141670763
1377,-0.123224095,0.029513899
1378,-0.630243957,-0.878649771
1379,-0.138959527,0.622189701
1380,-1.465706348,0.055416778
1381,0.228805572,-1.462990999
1382,-1.384293318,-0.374627888
1383,-0.259854764,-0.059792612
1384,0.561676443,0.331884921
1385,1.066411614,0.532588661
1386,0.651406884,-0.736691773
1387,0.716832221,1.177134991
1388,-1.218575716,0.322276354
1389,0.035531741,0.649608493
1390,-1.020209551,1.153687716
1391,-0.159359157,-0.094846725
1392,-0.239876747,-2.099689722
1393,1.874123573,0.722943664
1394,-1.050766230,0.711258054
1395,-0.140604749,0.915527403
1396,-0.153385356,0.458592176
1397,0.431564003,-0.355314732
1398,1.054884195,-0.722998857
1399,0.431022823,0.364847898
1400,-0.022976959,0.455404520
1401,0.974198163,-0.594854832
1402,-0.514951706,-0.024773315
1403,-0.785110533,3.366070747
1404,-0.083955050,-0.781301022
1405,0.811129570,0.423291028
1406,1.041487694,-2.697552443
1407,0.094953105,-0.349105060
1408,-0.345834196,1.481212854
1409,1.643551111,1.791675806
1410,-0.931265414,1.959273458
1411,-1.985366225,-0.336950302
1412,-1.954853296,-0.807652831
1413,-1.353900671,-1.371134281
1414,1.726929188,-1.159995675
1415,0.247511342,0.350449979
1416,-3.387164116,0.714353681
1417,0.899798155,-0.027377991
1418,-0.174916387,-0.417962015
1419,0.122231722,-2.784978151
1420,0.087669373,0.779931903
1421,-0.161811084,2.129436493
1422,1.359057188,0.619854689
1423,0.944124162,0.579932034
1424,-0.979194641,2.435178757
1425,3.594930172,-1.831460357
1426,0.411403120,-0.281958669
1427,-0.675583899,0.636974335
1428,-0.126078263,-0.106816739
1429,0.775950670,-2.039815426
1430,-0.837036192,-0.969939649
1431,0.340997308,-0.350550681
1432,-0.521772504,1.326579332
1433,0.648145199,-1.093109131
1434,-0.245451331,-0.910085738
1435,-0.017268354,0.224629641
1436,1.027893901,-0.974664927
1437,-1.990274549,1.910634279
1438,-0.190757483,0.848354816
1439,-0.549061298,0.166782647
1440,-0.843687534,-1.069257259
1441,-0.661584437,-0.700966179
1442,-2.285265923,-0.160476089
1443,-0.396466136,-0.318070054
1444,1.465481997,-0.367792517
1445,-0.804724991,1.176209092
1446,-0.581350565,-0.984920144
1447,0.685345173,0.568154991
1448,-1.515356541,-0.919705987
1449,-1.902617455,0.050007895
1450,-0.395120263,-0.087073959
1451,-3.295988083,0.191978693
1452,-1.720941186,1.265685081
1453,2.818044424,1.641811848
1454,-0.342602760,-2.095046759
1455,1.288174748,-0.007196724
1456,1.139047146,-0.772750854
1457,0.458292544,-0.539548457
1458,0.367465496,0.122519448
1459,-0.730478168,0.459855020
1460,0.600109935,0.836848497
1461,-1.541469574,-0.294937193
1462,2.021989107,0.145045042
1463,1.254650831,2.513980389
1464,-2.765877724,-0.130063295
1465,-0.942825437,-1.576841116
1466,-0.606837690,0.481707722
1467,-0.124302797,-0.277016699
1468,1.480696082,0.001421988
1469,0.385203600,0.143427432
1470,0.673240781,-1.119318485
1471,0.291344881,-0.578885376
1472,1.366959333,-0.875048578
1473,-0.224872395,-0.398696959
1474,0.220401004,0.104750596
1475,-0.385021478,0.820832849
1476,1.734015465,-0.938830495
1477,-0.450376987,-1.310202360
1478,0.885793984,0.831561565
1479,0.577558041,-0.742032409
1480,-0.727919817,-1.634239197
1481,0.213432193,0.311003804
1482,0.278520525,-0.023952097
1483,0.966162264,-0.514380515
1484,-0.448781252,-2.897078514
1485,0.358117193,-1.236552358
1486,1.180356622,-1.691303968
1487,-0.035887741,-0.192873985
1488,-0.255823106,-0.801566482
1489,-0.452472925,-0.589808464
1490,-0.407139838,-0.555371404
1491,0.373467565,-0.131119549
1492,1.071792722,0.534159422
1493,-2.287422419,2.111385107
1494,0.431729972,-1.020391941
1495,-0.338658094,0.591926098
1496,-0.150946587,-0.372476161
1497,-1.903286338,-0.465395451
1498,-0.954392612,0.516784012
1499,-0.071729258,-0.218787447
1500,-0.016130358,-0.809001267
1501,1.553009987,-0.657665491
1502,2.733352184,0.694427192
1503,0.261242330,1.849313498
1504,-0.470808804,2.832731485
1505,0.097925238,1.945229053
1506,-0.197657228,-0.488831878
1507,0.076796621,0.748479068
1508,0.553238869,-0.078472070
1509,0.320444375,-0.295584559
1510,-0.150083929,0.018702794
1511,0.961380363,0.718568981
1512,-0.943365574,-0.531395495
1513,-0.028698057,-0.739711165
1514,-2.105347157,1.356247783
1515,0.360019147,0.759074211
1516,-1.653555393,-1.359134912
1517,0.031378973,0.185132667
1518,0.311440319,0.491183579
1519,-1.500216842,0.512182415
1520,-0.558273077,-1.373024106
1521,-0.784846544,0.158739641
1522,0.158346623,0.276684612
1523,0.440407038,-0.251477838
1524,-0.413692296,1.206231594
1525,0.371952176,-0.521066964
1526,1.198753595,-0.386211395
1527,-0.108986683,1.502096653
1528,-0.465450853,-0.424015969
1529,-1.019042134,0.018027604
1530,-0.900947154,-0.050680816
1531,0.535938025,-2.068722963
1532,-2.919411659,-0.286821663
1533,-1.838567734,-0.377913117
1534,1.058478475,-0.605444849
1535,0.429768950,1.609645247
1536,1.233987331,-2.710368872
1537,0.507837832,1.903492212
1538,2.367255211,2.323837280
1539,1.196317315,3.358390570
1540,-0.759790838,0.747795284
1541,-0.592322707,-0.621660590
1542,-0.526068985,1.548003197
1543,-0.832578242,-0.186366439
1544,-0.446582943,1.546566963
1545,-1.108601809,-0.531421363
1546,0.489932269,0.456121147
1547,-0.993528008,-0.749576211
1548,0.232271999,-0.232060045
1549,0.558652639,-0.319890857
1550,-3.524403095,0.081142187
1551,0.499073952,1.352298975
1552,1.086618543,1.187013865
1553,-0.711394787,0.076215684
1554,-0.183098331,1.309450984
1555,-0.569602787,2.453375578
1556,-2.120420933,-0.939286470
1557,1.523947477,0.423955113
1558,0.825428605,-1.068220973
1559,2.616504192,0.599862337
1560,2.750618696,-0.205813050
1561,-2.361411333,-2.157422304
1562,-0.382009715,1.251049757
1563,-0.114711814,1.428109646
1564,2.119116783,-2.435421228
1565,3.065078020,1.989910841
1566,0.343146324,0.604205549
1567,-0.516272962,0.581609011
1568,-0.517747521,-3.085854292
1569,0.627799630,-0.583848000
1570,0.705308080,2.160352230
1571,1.540362597,-2.943063974
1572,-0.182054818,0.521279931
1573,-0.285017431,0.361557007
1574,-1.652138233,-2.321501732
1575,0.152422085,0.470078886
1576,-0.008600354,-0.914316535
1577,-1.249743819,-0.382204086
1578,-1.509421825,-0.438638031
1579,-0.348643452,0.870589256
1580,-0.027319431,-1.120649099
1581,1.152017117,0.488379627
1582,-0.977230310,0.870278716
1583,1.184497476,-0.845385611
1584,-0.808150887,-2.197803259
1585,0.443288684,-1.565987468
1586,-1.092552066,1.009391546
1587,-0.319090843,-2.139044762
1588,1.573629498,0.155371174
1589,-0.589929283,-0.197276682
1590,0.490578115,1.056627989
1591,0.597817183,0.539338708
1592,-0.083769098,-0.150995731
1593,0.278228015,-0.673322737
1594,-0.412078679,1.096988440
1595,2.483461380,1.303767443
1596,0.708371997,0.996499062
1597,-1.034254789,-0.936723828
1598,-0.072099626,0.844609320
1599,-0.312011808,0.399309695
1600,0.179969743,0.160982683
1601,0.860275626,-0.863435209
1602,-0.800850928,-1.074926853
1603,-0.362272084,-0.528578281
1604,-0.790706396,-0.647909641
1605,0.967142582,-0.110012077
1606,1.299795985,2.365047693
1607,-0.639393270,-0.195726842
1608,0.724664509,-0.486379087
1609,-0.146167442,-0.441069484
1610,0.832468390,-0.048556052
1611,-0.737449586,-1.104354382
1612,-0.488887131,-0.302988827
1613,0.866736054,0.665859699
1614,0.038509443,0.190914199
1615,-0.889012337,-1.787731409
1616,-2.638302326,-0.567742467
1617,1.508657455,-1.386120439
1618,-1.640025854,-0.890985072
1619,-0.694541574,0.692476511
1620,-1.512824297,-0.156895876
1621,-0.222051755,0.332801312
1622,0.918177545,0.283294410
1623,0.142869934,-0.204047054
1624,1.766435385,1.621532679
1625,-0.402563810,0.047142595
1626,-1.594190359,-1.946722031
1627,1.845353842,0.871043444
1628,-2.223796844,-0.628603518
1629,0.115113616,-0.641924143
1630,-1.364783525,-0.490871310
1631,-2.101846933,0.750630617
1632,0.737190485,-0.104597308
1633,-0.173706412,0.000595331
1634,-1.364318848,-1.138216019
1635,0.438041180,1.568554044
1636,2.125499964,3.318879128
1637,1.392168164,-0.565032303
1638,0.898388147,3.641685009
1639,-1.133805752,0.128157020
1640,-0.265262008,-3.369313717
1641,0.285169125,0.231838346
1642,-0.254862666,0.584792852
1643,-0.243229985,-0.617546201
1644,-0.347197235,0.518873692
1645,-0.439628839,1.220477939
1646,-1.218444109,1.190810680
1647,1.250459909,-0.037318911
1648,-1.050239325,0.538486362
1649,1.569145918,-1.159637332
1650,0.756549001,-0.529937983
1651,0.140309572,0.535904408
1652,0.714667320,-0.836390257
1653,-0.772899806,0.589174151
1654,-0.104146108,-0.635217428
1655,0.200806081,-1.542791367
1656,-0.448473394,0.302388608
1657,-0.309589028,-0.071596660
1658,-0.726937652,-0.907377481
1659,0.533892632,1.079806328
1660,3.662451506,0.331887066
1661,1.057837486,-0.313474566
1662,0.933088958,-0.067626752
1663,-0.071124792,-2.067373276
1664,-0.211176395,-1.335451841
1665,2.125032425,-1.124388814
1666,0.418064952,-0.188942149
1667,-0.005805355,1.905319810
1668,0.444540828,-0.630569875
1669,-0.770101428,1.218010902
1670,0.190233871,-0.258828521
1671,-0.172502100,-0.022116706
1672,2.331187725,-1.259041309
1673,-0.396210313,-0.629508853
1674,-0.166680217,-0.380074680
1675,0.853049457,-0.582777381
1676,-0.275129378,-0.116661310
1677,-1.076957822,1.060976267
1678,0.066683911,0.023839116
1679,-1.167539358,0.445968032
1680,-0.321742535,-0.839550614
1681,-0.347555995,-0.089949682
1682,1.425670505,1.426223516
1683,-0.400318265,0.401826322
1684,0.206370056,0.452317178
1685,1.090151548,2.082129240
1686,-1.697788358,0.843378782
1687,0.054461658,-0.162026569
1688,-0.032055855,-0.613586545
1689,-1.035857677,0.189428329
1690,-3.865031004,1.767712355
1691,-0.757846177,-0.987606287
1692,2.649582624,-1.186957002
1693,-0.623197377,-0.496182054
1694,0.045832895,0.590312779
1695,0.814705133,5.068078518
1696,-1.112550974,-0.840767384
1697,-0.219991863,0.451988608
1698,-2.062209129,0.923604846
1699,0.330436677,-0.174451590
1700,1.020223856,3.083429337
1701,0.423785448,-0.470821738
1702,-0.752385020,-0.915203512
1703,-0.296109766,-0.167366982
1704,0.680058122,-2.563736916
1705,-1.979654431,0.985579014
1706,0.796880841,1.941175461
1707,1.143665314,0.333007127
1708,-0.558945537,-1.588463068
1709,1.728204966,-0.967091441
1710,-0.214450464,-1.493124962
1711,-0.168181598,0.054611769
1712,0.174371958,-1.274829745
1713,0.468882024,0.336376667
1714,3.292647600,-1.129276514
1715,0.192800224,-0.598735929
1716,-0.123721585,-0.159252584
1717,-0.247896254,-1.692155361
1718,-1.287546635,0.439925790
1719,0.643138647,-1.139977932
1720,-0.601094544,1.372523665
1721,-0.937252343,-0.152038664
1722,1.134603024,0.232548982
1723,0.332927316,-0.288375467
1724,-0.626928210,-1.471280575
1725,-0.025527358,-0.562101245
1726,2.062813044,1.305666208
1727,0.355551720,-1.116062045
1728,0.352788985,0.142746568
1729,-0.102213457,-0.112531036
1730,-1.567986965,-1.455553889
1731,0.260831654,0.064249977
1732,-3.123878717,-2.917100668
1733,1.106376529,-2.249033928
1734,2.074297905,-0.220327795
1735,-0.625199258,1.230660319
1736,1.425428152,0.295081943
1737,-0.719071448,1.170106411
1738,-1.055179477,0.958843231
1739,-0.691012561,1.513255596
1740,-0.032479525,1.219101548
1741,-1.379185915,-0.603287995
1742,-1.696546793,1.686049461
1743,-0.373379320,-0.553785741
1744,0.652095199,-0.139881179
1745,2.576356411,-2.847317934
1746,-0.178272918,0.172798038
1747,-1.236261010,2.032305717
1748,0.307150751,0.216953874
1749,0.545891047,0.224472523
1750,0.075855911,-0.416802615
1751,0.584222019,0.104833841
1752,-0.103713036,-0.800463974
1753,0.277500451,-0.770835817
1754,0.092190005,3.300904751
1755,1.072877526,0.450767875
1756,-1.299281836,-1.389187813
1757,-0.512714088,2.600244999
1758,-0.239761591,-0.826047003
1759,0.288743228,-0.556808054
1760,-1.489304781,1.772089124
1761,1.167590261,-0.956974268
1762,0.150296375,-0.189187318
1763,1.154992223,-0.652206421
1764,-2.094613075,-0.499482423
1765,-0.365463257,0.351699769
1766,0.077947512,0.969679475
1767,-1.216263771,0.924945951
1768,3.473628044,-0.374375731
1769,-0.089014947,-0.196024001
1770,-1.385879636,-1.886127710
1771,-2.284273863,2.063210726
1772,1.704799771,0.916514874
1773,0.099129535,-0.126745299
1774,0.605444789,2.226480722
1775,3.603647470,-1.102766633
1776,-0.507464767,0.245619163
1777,0.908756137,-0.886290669
1778,0.780527115,-0.663402915
1779,-0.404639393,-1.066290498
1780,-0.653220654,2.612983227
1781,-0.370228618,-0.412742615
1782,0.172715545,0.383121252
1783,-0.458980024,-1.129483700
1784,-0.734679222,1.038277507
1785,0.799889982,0.638227701
1786,-0.164067745,-3.315222025
1787,1.333126187,-2.197218418
1788,-0.574132800,-1.330449581
1789,1.918556452,-0.702918172
1790,-0.678027332,0.143170998
1791,-0.716125548,-1.229986191
1792,-0.151324064,-0.035438210
1793,0.111884832,-3.285636663
1794,0.850628853,0.660947442
1795,0.625385284,2.093225956
1796,1.507583618,1.074049950
1797,0.847720623,0.288525581
1798,0.807579577,0.672258556
1799,1.131705165,-0.577656507
1800,-0.657633424,0.321339011
1801,-0.217182130,-0.245255426
1802,-0.566953778,0.026790164
1803,-1.130113840,1.651903868
1804,-0.435060084,-0.601015747
1805,0.753717780,0.639608502
1806,0.394103765,1.500886083
1807,-0.306436241,-0.401910841
1808,0.054366272,0.322862327
1809,0.007585597,0.451076835
1810,0.453134924,-0.920839190
1811,-1.174920082,-1.367748857
1812,-0.070394807,-0.198526993
1813,0.039941255,-0.175135374
1814,1.398193836,-0.957302809
1815,-0.143920124,-1.060727715
1816,-2.167979479,1.022955894
1817,1.006257772,-1.744672894
1818,-0.301864743,1.023113251
1819,-0.228032306,-0.366435260
1820,-1.081209540,0.803265631
1821,1.157547951,0.252908647
1822,-0.080165945,0.804847240
1823,1.293846250,1.249473691
1824,-1.188262343,-0.169051141
1825,-0.170550898,0.151123419
1826,1.532785892,1.051746368
1827,-1.843682885,-1.123998284
1828,0.565989375,-1.354814529
1829,0.231662989,0.473210156
1830,2.025017977,0.126969472
1831,0.657388449,1.490585685
1832,1.273512244,-0.936750472
1833,0.374187052,0.513768196
1834,-0.240835682,0.543529570
1835,0.334460735,-0.353310853
1836,-2.156210899,0.766697526
1837,-0.634381950,-1.710122466
1838,-2.184198141,0.462095261
1839,-0.377070963,-0.351989508
1840,-0.211034775,-0.878132582
1841,-0.903194487,0.590319157
1842,-0.796527743,-0.007202953
1843,-0.909554541,-0.300158441
1844,-0.567584217,-1.186673403
1845,0.449858308,2.272398710
1846,-0.237144798,-0.269579589
1847,-1.026571989,0.406900853
1848,-3.329756737,-1.516600370
1849,1.392858624,0.551250577
1850,-0.117652953,-0.305119038
1851,0.442992836,0.509768248
1852,0.080413066,0.474840105
1853,-0.476143062,-0.246602297
1854,-0.751017690,-2.797838926
1855,0.363385260,-0.028376438
1856,-0.909549654,-0.237652168
1857,-1.120497584,-1.784147501
1858,0.245629072,-0.873226643
1859,-2.153898239,2.039343596
1860,0.941650093,0.290718555
1861,0.482354403,-3.168956518
1862,-0.212657139,-1.272824883
1863,1.405788898,-2.515462637
1864,0.256116092,0.546227217
1865,-1.451336861,-0.872374058
1866,-1.413993597,-1.820262074
1867,-0.451417923,0.575592458
1868,-0.280269355,-0.095662147
1869,1.420373917,-1.278907776
1870,1.201807499,-0.414264411
1871,-0.326674789,0.253536582
1872,0.095779032,-1.426245689
1873,0.390572429,-1.508082747
1874,-0.817094266,0.230723143
1875,-0.413395286,3.264035225
1876,-0.294108927,-0.272666276
1877,0.531976521,0.844624162
1878,-1.675759315,0.262929082
1879,0.746249735,0.875361860
1880,-0.245282084,0.105130240
1881,-1.573977113,1.139754295
1882,-0.402834803,-0.366359174
1883,0.117378622,-0.289842337
1884,-1.018730521,0.472963363
1885,0.485089779,0.036347628
1886,-1.096811652,-0.983193636
1887,-0.930912912,0.237978995
1888,-0.328469038,2.080082893
1889,0.206784397,-0.375358403
1890,-2.583304405,1.442084074
1891,-2.471921206,-0.747227907
1892,0.346954048,-1.663141608
1893,0.668164313,0.464950234
1894,-0.672566473,-0.300346464
1895,1.074428678,-0.944372535
1896,0.413573861,0.437861651
1897,-0.433004260,-0.319648772
1898,-0.558627367,-2.415334225
1899,-0.933212876,0.233621001
1900,-2.499038696,1.474082708
1901,2.434805393,0.335285842
1902,-1.093872070,-1.126445055
1903,-0.672457397,-0.101503171
1904,-2.077311039,-1.025200248
1905,-0.137201115,-0.343586504
1906,1.362200022,-1.017315030
1907,-0.499528795,-0.180040956
1908,1.300859809,-0.157514393
1909,0.922644973,-0.649644077
1910,0.151016012,0.768166959
1911,0.086301222,0.120675087
1912,0.453325927,-0.075800195
1913,0.385811508,-0.611241996
1914,-1.725327969,0.259778082
1915,-0.877644002,0.816645682
1916,0.638640821,0.700145662
1917,0.828089654,-0.035263430
1918,-0.160543501,0.990533471
1919,-0.111475050,0.943832874
1920,1.404924154,-1.115071416
1921,0.336310148,-1.849806786
1922,-1.363416195,0.648766518
1923,-0.818911791,-0.114581823
1924,-0.268912613,-0.121138290
1925,0.670753896,0.236236632
1926,2.886126757,0.627002358
1927,-0.222550586,-0.053540971
1928,0.434887826,1.871617317
1929,0.424066484,0.035763916
1930,-1.436858654,-0.554850459
1931,-1.102078319,-1.484293699
1932,2.083014250,1.944671869
1933,0.757191300,0.435262144
1934,-0.098988771,-0.822178841
1935,-1.651921988,2.495902300
1936,-1.216657281,1.426528692
1937,-1.230435848,0.076111853
1938,1.197192788,0.337792426
1939,-0.690195978,-0.489446789
1940,-0.262890041,0.355668932
1941,0.625867724,-0.992376506
1942,-1.570193768,-0.421606958
1943,1.067350745,1.148738980
1944,-1.126106024,0.180502981
1945,1.557885170,0.923261404
1946,0.545719922,0.498669624
1947,0.475801378,-0.242952093
1948,1.365930915,0.873457193
1949,2.515552759,1.204766393
1950,1.567532182,-1.598691702
1951,-0.101201184,-0.155235261
1952,0.252873570,1.420931935
1953,-0.293164879,0.648886979
1954,1.471806049,-1.024763942
1955,-1.826308727,1.473126531
1956,-1.363841176,-0.878665268
1957,0.892271221,1.905690551
1958,-0.421454906,-0.356797248
1959,2.660463095,0.731607556
1960,-0.316956282,0.083495662
1961,0.075640202,-1.652284622
1962,0.141115636,-0.907957733
1963,-0.586477280,-0.047560960
1964,-0.398857713,-0.414452612
1965,0.422113657,1.189593911
1966,0.208789393,-0.216266811
1967,0.985378623,2.143137455
1968,0.387580931,-0.705350101
1969,-1.585253477,-0.401882708
1970,-0.749884367,1.368449450
1971,-0.181170687,0.702242076
1972,0.000205994,-0.540003896
1973,-0.585052311,-0.966703236
1974,-0.723865509,1.045528769
1975,2.731351137,-0.914374292
1976,-0.126380533,-0.157725871
1977,-0.881722808,-0.492472261
1978,0.089205533,-2.353541851
1979,-0.126231432,1.413028598
1980,-0.676919341,-0.810533524
1981,-0.628703594,1.170064092
1982,-0.873007119,1.182270288
1983,-0.653074145,0.433865458
1984,-1.261951327,-0.095173433
1985,0.066930331,-0.520470262
1986,3.166255236,1.050774336
1987,-2.088401079,1.861927629
1988,-0.053411186,0.835636616
1989,-0.069199950,0.315724969
1990,-0.922550082,-0.481562912
1991,0.177193925,0.271848112
1992,0.482896417,0.683272839
1993,0.900065064,-2.498280764
1994,0.031490207,0.074045181
1995,-1.082943678,-0.235661268
1996,0.764934838,0.078801893
1997,0.311786920,0.484421551
1998,0.283374727,0.106236815
1999,-2.560695648,0.991804361
2000,0.662316144,-0.212126493
2001,0.862943292,-0.833138406
2002,-0.916559100,0.415348470
2003,-0.825588048,-1.224789858
2004,0.408154130,0.135991812
2005,0.107753992,-1.418134570
2006,0.120912790,-0.079981685
2007,0.785756826,-0.668622077
2008,-0.843032420,-0.138009131
2009,0.529574215,-0.801077962
2010,-1.835313439,0.684092879
2011,-1.060346842,0.102775216
2012,-0.121804215,-0.611253023
2013,0.280809522,0.720707893
2014,-1.355222583,2.030699492
2015,2.144464493,-3.022303343
2016,0.325405091,-0.904177666
2017,-2.334316730,-0.243371069
2018,-0.644661963,-0.349466562
2019,0.603881598,1.695461154
2020,1.138026953,-2.440487862
2021,-0.411729246,0.196581349
2022,0.269349217,-0.398914337
2023,0.864980161,-0.320305437
2024,-0.935379148,-1.041370273
2025,2.258813620,2.830724478
2026,0.352725059,0.963247359
2027,-0.020250030,-0.338999540
2028,-0.628320098,0.282325804
2029,-1.101528764,-0.492403924
2030,-0.025195252,0.173903748
2031,1.321150899,-1.591558695
2032,0.361090899,-0.165873349
2033,0.230633736,-1.149461269
2034,1.777486563,0.148175627
2035,0.986667275,-2.063867331
2036,0.681516469,-0.688768506
2037,-4.782373428,-1.584083080
2038,-1.012634277,0.151950479
2039,0.412831128,-0.089237571
2040,-0.126946330,-0.157266498
2041,0.598287642,-1.990865111
2042,-1.038012862,0.038733780
2043,0.303954989,0.494537532
2044,-0.264930993,0.210595950
2045,0.099361345,-1.172464013
2046,-0.819949329,-0.180504277
2047,0.101215877,-0.595193982
2048,-0.148932621,0.258765072
2049,-0.207576036,-2.822080851
2050,0.504739344,-0.650188804
2051,0.890042067,-1.190558672
2052,0.137470320,-0.160605475
2053,0.390265048,0.366522759
2054,-0.164721563,0.146174282
2055,0.605278015,5.146291733
2056,0.852691531,1.471415162
2057,0.316284627,0.908280969
2058,-0.027626634,-1.758932352
2059,-0.834678531,-0.386690319
2060,2.236791611,-1.111448526
2061,-2.078157187,1.290003896
2062,0.397219956,-0.348748595
2063,0.306978971,0.089177020
2064,-0.456465840,1.291395664
2065,-0.642925978,-1.367753029
2066,-1.580267429,1.424203992
2067,1.762992740,1.195721745
2068,0.203679949,0.250886083
2069,-0.717080832,-1.054913521
2070,-0.585588038,1.154994965
2071,-1.822780848,-0.830770552
2072,0.804861486,0.351489246
2073,-0.869683981,1.633990645
2074,-0.456367671,-2.401888847
2075,0.012700115,1.089662075
2076,-0.835256517,-0.431530476
2077,-0.984989941,0.689912438
2078,0.040433560,0.588749468
2079,-0.205235705,0.643407226
2080,1.946599483,1.221660495
2081,-0.228437304,2.262260437
2082,-0.737686276,-0.805595696
2083,0.092919752,0.190791160
2084,-0.223674968,0.241290331
2085,-0.350239515,0.350974232
2086,-0.912086129,1.606572151
2087,0.266841054,-0.295452863
2088,-0.638004184,-1.694335818
2089,1.378455997,-1.102512836
2090,-2.150546312,-1.043528557
2091,0.088349402,-0.549992323
2092,-2.850611687,0.379477739
2093,-2.204816580,1.046192288
2094,0.676966608,0.925780475
2095,-0.087753169,0.225714102
2096,-0.116013460,0.923681438
2097,1.483313918,-2.038143396
2098,-0.589020908,-0.436245173
2099,1.911879420,-0.894740880
2100,-0.022921547,1.600091338
2101,-0.228268147,2.502693176
2102,2.031225204,0.029686332
2103,-0.670095563,4.787922382
2104,-0.489338994,2.067228794
2105,2.505961180,-0.090129897
2106,-1.203367352,1.533502817
2107,-0.491203040,1.265834928
2108,-1.363320708,0.584316909
2109,0.549370706,-0.015635693
2110,0.073299661,2.604752302
2111,-0.119404390,1.155386567
2112,-0.648476124,-0.100910485
2113,0.506687164,-0.978335798
2114,-0.301024288,1.062219620
2115,0.587669730,-0.741580367
2116,0.598793507,-1.178002954
2117,-0.718839645,-2.284770966
2118,0.047098279,-2.982315540
2119,-1.438943744,1.013864875
2120,2.110885382,0.134539008
2121,-2.985677242,-0.957608581
2122,-0.211285859,0.568437457
2123,-0.088280305,3.030085802
2124,-0.633475959,0.383296162
2125,1.010115027,-0.369035363
2126,3.078724861,4.325721264
2127,0.007570177,-1.033530474
2128,1.193128347,-0.645343542
2129,-1.403572440,0.015991092
2130,1.004793644,-1.334935546
2131,0.913748503,-0.646568418
2132,1.386814237,1.045220613
2133,-0.910812795,0.448586911
2134,-0.781009316,0.231748357
2135,-2.541071892,-1.528358698
2136,1.283747673,-0.896470845
2137,2.602275133,1.787996292
2138,1.674683571,-0.163571566
2139,-0.354392767,-0.127553940
2140,-2.213426828,0.404027194
2141,-0.124937415,-1.070287466
2142,-0.971916437,0.596067071
2143,0.365043461,-0.033989862
2144,-2.932441473,-0.334422469
2145,-0.868170381,-0.016208231
2146,0.239120156,-0.118490458
2147,0.438113123,0.628171563
2148,0.128431335,1.967140675
2149,2.356148481,-1.236364007
2150,-0.781341076,-2.467581034
2151,0.013905085,0.620972037
2152,-1.274187803,-0.249171063
2153,-2.658412933,-1.390986681
2154,-0.455695808,-0.753687978
2155,1.598791957,2.231188297
2156,0.827613354,-0.118272774
2157,0.092461824,-0.647677124
2158,-0.147105306,-0.508251250
2159,0.989631295,-1.994233251
2160,0.305622756,0.654974103
2161,-0.070000537,1.047333241
2162,0.933588564,0.374935985
2163,2.227130175,1.562762976
2164,-0.098541632,1.048105240
2165,0.235235125,1.234083056
2166,-0.489553660,1.697772264
2167,-0.711320043,-1.501432300
2168,-0.438474715,0.324914545
2169,-2.456207752,0.067425966
2170,1.481974602,-2.245527267
2171,-1.567025900,1.348605394
2172,0.626456857,-1.626940727
2173,-0.158042550,0.276990145
2174,-0.605396628,1.600720406
2175,1.155121088,2.925006866
2176,-0.618391037,0.336838543
2177,1.302549958,0.751864851
2178,-1.212350607,0.729743540
2179,-0.076501146,-1.254860759
2180,0.445812464,-1.176323652
2181,-1.178486228,-0.656203866
2182,-0.513923228,-1.853919029
2183,-0.895527959,-2.313647747
2184,1.382457256,1.754009962
2185,-1.559989333,4.881635189
2186,-0.751098990,0.752215505
2187,-0.497780144,-0.815642476
2188,0.117722794,0.333544105
2189,-0.077678360,0.237812683
2190,0.805240452,0.692871630
2191,0.431702971,0.379674196
2192,-0.885808885,0.304585814
2193,-3.189611673,-2.467962503
2194,-1.417307377,-0.621653199
2195,-0.100054093,-0.241936699
2196,0.758842170,0.023308627
2197,-0.709864140,0.229976207
2198,0.922838032,0.115968794
2199,-1.113141775,-1.898806095
2200,-1.525217652,0.474940509
2201,-1.124958992,-0.421016663
2202,-1.085121870,-0.649898887
2203,0.491569579,-0.043658197
2204,-2.306450367,0.421423584
2205,-2.303783894,0.441225946
2206,1.170793772,1.436560392
2207,0.882199764,-0.936245680
2208,-0.653559804,-0.020300359
2209,-1.820428610,0.120545745
2210,-3.100548267,-0.016715825
2211,-0.525547087,-1.055373073
2212,0.515549541,3.175514698
2213,-0.783121288,0.137283906
2214,0.221654475,-2.091937065
2215,0.909403741,-0.938652277
2216,-0.077600256,0.724141479
2217,-0.282619059,0.274316221
2218,-0.968711972,-1.949842095
2219,-0.503167987,-1.108634353
2220,-0.820965767,-1.070140839
2221,-0.726692379,-1.814431310
2222,-0.954662502,2.200916529
2223,-0.171956837,1.784893513
2224,1.858302355,-0.121612102
2225,-0.603347421,0.449335277
2226,-0.361002028,-1.222785473
2227,0.450165331,0.144534111
2228,0.037157506,1.622421503
2229,-1.304911613,-0.541026235
2230,0.289402604,0.011268616
2231,1.203873396,3.000951767
2232,0.449548244,1.412571430
2233,0.135997534,0.023012251
2234,0.283074021,1.422949553
2235,0.175175935,0.122237183
2236,-0.581237912,1.155285478
2237,1.650065422,1.194524646
2238,-2.200750351,-0.814397454
2239,-0.904408693,1.405062318
2240,0.757481098,0.934314609
2241,0.290753156,0.746792793
2242,0.386557966,-0.021246985
2243,0.531725645,-0.336572349
2244,-0.716541231,0.316954494
2245,-0.381985009,-0.041883916
2246,-0.908671856,1.335633278
2247,-3.191353559,-1.879666805
2248,2.015083790,-3.920429945
2249,-1.040161371,-1.391902685
2250,2.072183609,-0.693529367
2251,1.708617926,2.287178040
2252,-1.124327898,1.849855185
2253,0.052322179,0.434540123
2254,0.298497051,0.017606396
2255,-0.135775208,-1.548075676
2256,0.077919930,0.970525920
2257,-0.279468715,-0.473872185
2258,0.220165282,2.145094633
2259,1.125232458,0.779082417
2260,1.171760440,0.157279372
2261,0.667772174,1.289929867
2262,2.391885996,-0.060536191
2263,-1.215668917,0.406456679
2264,3.274366856,4.847256660
2265,0.872532725,0.463449091
2266,1.213612676,0.730505228
2267,0.841761827,-0.052247718
2268,-0.837600887,-1.317836523
2269,-0.223351359,0.460491538
2270,0.778068781,0.202154368
2271,0.422143191,0.336035401
2272,-2.347935677,-1.320685148
2273,-0.256614447,-0.515844584
2274,-0.928235173,-0.262598574
2275,-0.224343151,-0.172617197
2276,0.547763228,0.671146214
2277,1.522930741,0.100027382
2278,1.826109290,-0.351617008
2279,2.683715105,0.618800998
2280,1.148503065,-1.263746023
2281,0.267087221,2.267072916
2282,-0.223078728,0.254584789
2283,-1.018558741,2.066958666
2284,0.824415028,-0.073999763
2285,3.420506001,-1.037297010
2286,-0.937633336,0.407367170
2287,0.059986778,-0.144279078
2288,-2.046002865,1.046677947
2289,-0.333114326,1.035334229
2290,-0.388099194,-0.551762819
2291,-0.233484238,0.251444608
2292,0.993258953,-2.789718151
2293,0.814443707,0.540059090
2294,1.727793455,0.082255751
2295,-1.622114301,-0.402268589
2296,-3.496578217,1.365316868
2297,-0.248819336,0.122399226
2298,1.280447841,-0.766631722
2299,2.181138515,-2.718177557
2300,1.021001816,-0.614070296
2301,-1.730528712,-3.819094658
2302,-0.057337623,-0.236898825
2303,1.397490263,0.251027822
2304,0.154748246,-0.034750931
2305,-0.158100367,-0.338401616
2306,2.250171900,1.905989408
2307,0.272501528,-0.094420925
2308,-0.326981813,-0.009375475
2309,1.003689766,-3.659699440
2310,-0.934137523,2.318625927
2311,0.529648662,-0.684352338
2312,1.198367357,-0.170650184
2313,-0.868630230,-0.225790799
2314,0.229590058,-2.810392380
2315,0.109492496,-0.222957283
2316,-1.457820296,-0.305572748
2317,-0.239846110,-1.314692140
2318,3.081930399,0.717927992
2319,-1.254141331,-1.142677546
2320,0.465553701,1.217629075
2321,0.885372519,2.455897570
2322,-0.209000543,-0.400451303
2323,0.276905209,1.010179043
2324,-0.474297523,-0.959321678
2325,0.310026944,-0.217938647
2326,-0.218797892,0.016096376
2327,-1.664380670,-0.877992868
2328,-0.386460513,-0.680931509
2329,0.213542953,0.213688195
2330,-2.598536015,-3.304792166
2331,-0.726215363,0.172114223
2332,-0.597183883,-1.238169312
2333,0.556024730,-0.003702573
2334,2.244029522,-0.527609229
2335,1.206332207,0.200998604
2336,0.147644654,0.317744017
2337,-0.282096773,0.975361049
2338,0.326289445,0.877455175
2339,-0.146728739,-0.782779038
2340,0.593236148,-0.419478774
2341,-1.382826805,-1.787865162
2342,-0.725398779,0.997915924
2343,-0.987582326,-0.016728491
2344,0.660991311,-0.722862422
2345,3.105575323,-0.167960256
2346,0.175309718,-0.005779825
2347,-0.292156160,-0.881224513
2348,0.024585405,1.383298635
2349,0.390317678,1.619124174
2350,-0.165601879,0.068204656
2351,0.023969464,0.197820038
2352,-2.422017097,1.553240895
2353,0.350428998,0.105156623
2354,0.348262370,-0.119291604
2355,1.119166255,-0.487264931
2356,-1.272760987,0.248946249
2357,0.005681574,-0.376200080
2358,-0.873083115,-0.145318508
2359,-0.210952282,-0.057477944
2360,-1.001985192,-0.757740974
2361,-1.747718573,-1.441663980
2362,-0.688557982,-0.183035731
2363,-2.187628031,-0.212252915
2364,-1.490059614,-0.656777084
2365,1.675797939,0.287584364
2366,-2.526667833,-1.042636275
2367,-0.966240823,-1.255137205
2368,0.060427189,-0.413757682
2369,-0.583015263,0.067502916
2370,-0.775720000,0.252783060
2371,-1.027461171,1.004287481
2372,0.191224217,-2.695204496
2373,0.299828947,-0.079665147
2374,0.586522698,0.820964098
2375,-0.095542543,0.767608523
2376,0.551029921,-0.651197374
2377,1.258562088,-1.555834532
2378,0.397652030,0.600782335
2379,1.281071782,1.160418987
2380,0.964699388,-2.126427650
2381,0.300788701,-0.101934046
2382,-1.376996040,1.329979062
2383,-0.134267867,1.133971453
2384,-0.339127541,-0.684719205
2385,-1.229943156,0.196164489
2386,-0.410165071,-0.551423907
2387,-1.098904729,2.693468094
2388,-0.371929049,-1.451380730
2389,-1.763071179,-0.702306032
2390,0.390991956,0.732864082
2391,0.367339045,0.170774966
2392,1.006898522,1.881492257
2393,2.095763922,1.798360944
2394,1.531932354,-0.783680618
2395,0.374197006,-0.950660169
2396,-0.123090670,1.326479912
2397,0.369281352,-2.058625460
2398,-0.415655226,-0.473711878
2399,-0.289936244,-1.243562937
2400,-1.378229976,-0.559167504
2401,0.028714895,-0.663902700
2402,-1.183594823,-0.338958621
2403,0.576627970,-2.265819550
2404,-0.858978868,1.143175125
2405,-1.770731449,0.162883282
2406,0.634291172,-0.264539212
2407,-0.000213861,0.372880936
2408,-0.513866842,-2.292054176
2409,-1.429035783,-1.096698284
2410,1.925694823,1.241401434
2411,-0.142616361,-0.360051423
2412,2.373376369,-1.663018942
2413,-1.430879116,3.700140953
2414,1.137835145,2.422048330
2415,-1.165801167,0.560278416
2416,1.036450624,-2.475865364
2417,0.097791299,-0.449068218
2418,-0.057057831,0.347779602
2419,0.775649965,1.121712923
2420,0.922299623,-0.834857225
2421,-1.880651236,1.944456577
2422,-0.348346114,0.873505235
2423,-0.248273939,0.707780123
2424,1.546375275,2.391611099
2425,0.590518236,-2.233907938
2426,-2.807359457,0.400679111
2427,-0.654135585,-1.077934623
2428,-0.041622192,0.084755890
2429,0.585178435,-0.044333458
2430,-0.695699394,-0.165533662
2431,0.112843424,-0.120588742
2432,-0.939036965,0.095023513
2433,2.205422640,-2.045034170
2434,-2.252576828,-0.584650040
2435,0.057467312,0.314550012
2436,0.669630349,-1.241128206
2437,1.649991751,-0.271475673
2438,-1.650613189,-1.042758226
2439,-1.742852449,0.810807586
2440,0.916907728,-0.292060047
2441,-0.170079589,1.446593761
2442,0.786245942,-0.381817997
2443,-0.277052581,-0.683636427
2444,-2.334961414,-2.483094454
2445,0.872005284,-0.016413286
2446,-0.390484869,0.105855748
2447,-1.001231313,0.961155891
2448,0.220843583,0.056122277
2449,-0.450911462,-0.208446532
2450,1.787471175,-1.139050961
2451,-1.218919277,-0.321989894
2452,0.370118111,-0.762839854
2453,2.365672112,-1.898156762
2454,0.691636026,-0.254426479
2455,0.743593633,0.213850379
2456,0.611545622,-0.293047100
2457,-0.065345854,0.595150828
2458,0.200795963,-0.386373222
2459,0.924089670,-0.214082062
2460,0.629377127,1.070539474
2461,0.541130543,0.653668225
2462,1.187058449,-1.207731962
2463,0.409503907,-0.934226632
2464,0.844397902,-1.354068398
2465,0.841439247,0.396253109
2466,-1.145275116,0.803223610
2467,0.347901434,0.515990734
2468,0.142653137,1.735960126
2469,1.770293593,-4.544865608
2470,0.197680026,-0.875162482
2471,0.092291363,-0.190590322
2472,0.136764020,-0.148676053
2473,0.162823260,-1.455633163
2474,-1.525170565,0.437135875
2475,1.578621626,-1.579611063
2476,1.325096846,0.451536357
2477,-0.207525492,0.582436621
2478,-1.044322610,-0.699921370
2479,-2.063934326,0.118419409
2480,-0.089729622,-0.238463074
2481,2.530199051,0.235706151
2482,-0.518064797,-0.054057568
2483,-4.375980854,2.029257059
2484,-1.835352421,1.897036076
2485,0.845417500,-1.956949472
2486,1.762690425,0.366184235
2487,-0.037820004,0.827816129
2488,0.170242071,-0.163090140
2489,-0.973647594,1.864824653
2490,0.909172535,-0.573828518
2491,0.245154202,0.253728628
2492,0.071709096,0.070520818
2493,0.340050399,-0.009997928
2494,0.591482341,-0.599861026
2495,1.679680109,1.682213783
2496,-1.054638386,-0.335305601
2497,0.178438038,-0.302145422
2498,1.016291499,1.457753778
2499,1.491386294,-1.047588348
2500,-1.456356406,-0.467690825
2501,2.942948818,-1.108859897
2502,0.230957478,1.030205011
2503,0.753443778,1.455744743
2504,0.926799715,0.187779382
2505,-0.426704526,0.299533725
2506,1.657420516,1.921980739
2507,0.061817277,0.190809041
2508,0.221408814,-1.063023567
2509,-0.622732282,0.385038257
2510,-0.804472625,0.379055887
2511,2.215221167,0.040083289
2512,-1.098811984,0.690125585
2513,-1.085512042,0.504501224
2514,1.195661545,-1.317422628
2515,0.017917719,-0.236035526
2516,-0.676253557,0.100872189
2517,-0.672411323,1.255699754
2518,-1.036367655,-1.178895354
2519,-1.676489592,-0.942230761
2520,1.104169011,1.488421440
2521,2.634212732,1.168308496
2522,3.735169649,-0.029260740
2523,1.140200377,0.938532054
2524,-0.468953103,0.734242737
2525,-0.028593004,-0.177601814
2526,0.361076236,0.517470896
2527,0.321453005,-1.202035904
2528,-1.238253355,-0.799804091
2529,0.201840386,-0.587478340
2530,2.247209549,-1.500517845
2531,-0.365041643,1.941877484
2532,1.002475739,0.567649424
2533,-2.068493605,0.602046549
2534,-0.568620086,-0.536469817
2535,0.568215132,-0.260795563
2536,-0.588846326,0.505858421
2537,0.569760561,-1.183353662
2538,-0.675542355,-0.791591346
2539,0.977929354,-1.044408917
2540,1.153442025,0.425189495
2541,0.046031896,-0.229413897
2542,-1.283797026,0.128991008
2543,-0.632240832,0.744676113
2544,-0.330662906,-0.095263191
2545,-0.153757736,1.092769265
2546,0.273428589,0.765154719
2547,0.147598073,-0.504182756
2548,1.268201828,-0.106134534
2549,1.822802186,1.029077053
2550,-1.835514307,-0.153639436
2551,-0.168587983,-0.073151141
2552,0.806533754,-0.284334809
2553,-0.936699569,2.790169477
2554,1.953645587,-0.599894941
2555,-0.934365749,-0.300457537
2556,0.563271582,-0.716878533
2557,-0.705621302,-0.371032715
2558,1.295214295,0.311671972
2559,-0.322870314,0.562665105
2560,-0.373210430,-0.479467481
2561,-2.252897501,-3.431190014
2562,0.391744703,0.472637057
2563,-0.785530686,-0.146262407
2564,-0.125200391,-1.015971184
2565,0.635473609,-0.174894989
2566,-0.539289773,0.453524113
2567,-1.247316360,-0.793501735
2568,1.630762458,-1.963790417
2569,0.053806394,0.286857486
2570,-0.118735194,-1.608406425
2571,0.878175497,-1.053442001
2572,1.979598284,0.768328190
2573,-1.338263392,-1.661050320
2574,1.301704168,0.723052979
2575,2.518610716,-0.064546652
2576,-0.562467396,-1.143510222
2577,1.969897270,-0.473781466
2578,-2.884115219,0.427288353
2579,-0.642116606,0.196856782
2580,2.117300034,-0.880408585
2581,-1.223877549,-0.943080068
2582,0.376934171,0.024869796
2583,-1.561090708,-0.866866708
2584,-0.050932616,-0.717738986
2585,-0.419750005,0.777370214
2586,-1.413762927,1.103451252
2587,-0.439863622,0.748206496
2588,0.139918998,1.521683216
2589,1.246594071,-0.269597650
2590,0.188195407,-0.160453141
2591,-0.297773272,0.611406922
2592,-0.699436128,0.915019393
2593,-0.391343921,2.699168205
2594,0.963136554,1.485721707
2595,0.635271728,2.326941013
2596,0.325303048,-0.536529899
2597,-0.126336187,-0.605525851
2598,0.995194376,0.048135854
2599,0.304305732,-1.999390602
2600,-0.271892935,0.566937625
2601,2.196439743,-0.288870096
2602,0.480383873,1.802532911
2603,-0.026861548,-0.802428067
2604,-1.196280479,0.534788370
2605,-0.617799699,-1.209169149
2606,-0.230525434,-0.883927763
2607,3.064277887,-0.334595323
2608,-0.546143770,-0.962641656
2609,2.311990738,-0.297557235
2610,-0.806121171,1.915369749
2611,0.336089730,-0.824398100
2612,0.581745446,-0.130439520
2613,-1.064141750,1.309685707
2614,-0.697253883,3.054458141
2615,1.312841773,1.898939490
2616,-0.845401585,0.430548191
2617,0.147344872,0.047798604
2618,2.031068802,-0.381198257
2619,0.126683831,-0.503717542
2620,-1.537501097,0.156518996
2621,0.386564255,0.784550846
2622,-0.508972287,0.287827194
2623,-1.444354653,-0.070716619
2624,0.244987607,-1.928543806
2625,-0.104386896,-0.416925430
2626,-1.076894283,0.627713084
2627,-0.720561624,1.816788435
2628,-0.282359660,1.398211479
2629,0.333057225,-2.784524918
2630,0.986351490,-0.909569800
2631,0.933603525,-2.172108412
2632,-0.275215000,-1.329801083
2633,0.059246078,0.387042850
2634,1.202990174,-1.489409804
2635,0.348557651,-0.570083320
2636,-0.512792528,1.286824703
2637,2.804369450,1.978610039
2638,-2.964906216,0.570187211
2639,-1.461299181,1.703735828
2640,0.917867303,-1.160137892
2641,-0.805537820,-1.383671522
2642,0.919272542,-0.336108387
2643,-1.430710077,2.501368523
2644,-2.377397537,0.049747944
2645,0.010966748,1.731999755
2646,-1.960023165,-0.211835504
2647,0.339378417,-0.091527656
2648,-0.267059386,0.053770550
2649,0.307557762,1.309782743
2650,-0.035187632,-1.344356298
2651,0.622476459,-0.637040615
2652,0.561416268,0.843960643
2653,-0.223321050,-0.254492223
2654,0.784224868,-1.424429178
2655,-0.420848012,-1.256915808
2656,-0.318236172,-0.999130964
2657,-0.866640508,-0.283753395
2658,2.147261381,1.208679557
2659,-0.120797142,-0.176752672
2660,-0.469986558,-0.007995784
2661,0.516545355,-0.145490736
2662,0.487724215,-1.030256629
2663,0.521448672,-0.189553633
2664,2.106190205,1.900576234
2665,0.478337288,-0.526646495
2666,0.614745259,0.889088511
2667,2.054553270,1.076391220
2668,-0.558654308,-0.542662382
2669,-0.106871411,0.203282982
2670,0.660729825,0.117822468
2671,-1.271028280,-0.021953404
2672,-0.703247547,-0.019433290
2673,-2.371684313,-0.810173810
2674,0.876466215,-0.542050600
2675,-1.188226461,3.447798967
2676,0.786707222,1.122132182
2677,0.120223150,0.208087698
2678,-0.901108742,0.211922318
2679,-0.085971564,0.133112103
2680,1.415375233,-2.130951643
2681,0.024286337,-0.368438989
2682,-2.440837860,1.986555934
2683,-1.256424785,-0.373341322
2684,0.535618007,0.775659442
2685,-0.129599407,1.738868833
2686,0.793856442,0.626637876
2687,-0.558772326,-1.436538458
2688,-0.469534814,0.315515220
2689,-0.368656725,-0.150477886
2690,0.504954219,0.953022838
2691,0.298367590,-1.086471558
2692,-3.384887218,-3.910952806
2693,-0.529106081,0.433446497
2694,-0.865727663,0.025781814
2695,0.088384494,-0.468810022
2696,0.463990271,0.341735601
2697,-0.817706108,-0.045201749
2698,-0.686293483,-1.579714537
2699,-0.178693160,-0.308422804
2700,0.031557374,0.357133627
2701,-0.295286924,3.364135504
2702,0.617135644,-0.155054897
2703,-0.836265624,1.307736516
2704,-1.739903212,0.524220586
2705,0.865323603,2.466686249
2706,-0.190050185,-0.018730314
2707,1.554363489,2.540991545
2708,2.384204388,1.406323075
2709,0.779138863,-2.499390364
2710,-0.572710454,0.092568502
2711,0.109694555,0.193233594
2712,-0.429605544,0.030861959
2713,0.121593460,0.486960262
2714,-2.799357414,0.953670919
2715,1.576965213,-0.040268183
2716,-1.320278764,0.500429273
2717,-0.646199107,-0.065987781
2718,-0.321593314,0.163481534
2719,-0.312388808,-1.201567173
2720,0.215809107,0.101206139
2721,-0.997105837,1.143850923
2722,3.228761196,-2.204884291
2723,-0.441495419,-1.652700663
2724,-0.129500613,-0.302686661
2725,-0.714936018,-0.926493347
2726,-1.413820148,-0.274613202
2727,-0.247283340,-1.559106112
2728,-2.382206678,1.358524442
2729,1.461255074,0.306162119
2730,-0.074907601,-0.469629765
2731,0.223199740,-0.050500214
2732,-2.272116423,-1.666908026
2733,1.986523747,0.009538114
2734,-1.523074746,-0.546070099
2735,0.392719954,0.268836558
2736,-0.467572749,0.550155878
2737,-0.502823412,0.909900963
2738,-0.394968361,-0.996419549
2739,0.325501680,-1.911046505
2740,0.262330383,0.549957216
2741,1.752795696,1.112985849
2742,0.216911227,1.226942778
2743,0.817374289,1.042345166
2744,-1.695573568,-0.104992926
2745,-0.187669337,-0.002778448
2746,0.353737116,0.066146769
2747,-0.037997320,1.588620901
2748,0.100050934,-0.670172155
2749,0.989234507,-1.174634457
2750,-0.962568879,-0.833015084
2751,2.396802425,-1.418600321
2752,-2.393052101,-0.464431763
2753,0.897121787,-2.614024401
2754,-0.519600034,-3.846076012
2755,0.848628521,0.177226692
2756,0.044806860,-0.600160658
2757,-0.210611030,-0.185623467
2758,-1.631642222,0.387863874
2759,-2.165874958,1.990396500
2760,-2.326204777,-1.619148612
2761,-0.777387679,0.657986641
2762,-0.139713213,-0.138635889
2763,-1.536056995,1.444556236
2764,-1.806178331,0.347538531
2765,0.247579336,0.318141282
2766,1.040159702,-0.305300176
2767,0.472906947,-0.056947079
2768,-1.130877733,-0.399962902
2769,1.349264622,0.876426280
2770,-1.236766815,0.114139855
2771,-0.123974845,0.681913197
2772,-2.657177925,-2.053146839
2773,-3.672041178,-0.096709132
2774,2.205120802,-1.709011555
2775,-3.830111504,-1.409622431
2776,-1.683012486,0.634625554
2777,0.188889280,0.031089822
2778,-1.658477545,-0.866699398
2779,0.950811505,0.075284503
2780,2.399834156,1.229606509
2781,0.642739356,1.018325686
2782,-2.945431948,4.332753658
2783,0.449055076,-1.134555459
2784,-1.743667483,2.050686836
2785,1.415850878,-2.510452747
2786,-2.835033894,0.064125299
2787,-4.287558556,-1.337860823
2788,-0.622103214,-1.123280168
2789,-1.075352788,1.738430262
2790,-1.789839268,0.058152318
2791,2.141393661,0.364411652
2792,-0.149747252,-1.066445708
2793,0.554784298,0.353878438
2794,-2.586187124,1.396967173
2795,-0.392943025,-1.743819237
2796,-0.339302629,1.227730632
2797,3.953137398,-0.179756165
2798,1.051129103,1.391703725
2799,-0.740573704,-0.837394357
2800,0.601187825,1.203692555
2801,0.234526828,1.566462040
2802,-1.865360737,1.032162786
2803,1.264214039,-1.885724783
2804,-2.213053942,-4.501739979
2805,0.904899895,0.898335218
2806,1.396151066,-0.147287697
2807,-1.744927287,-1.551112533
2808,2.357931614,-2.029132128
2809,-3.214849234,0.431474328
2810,0.177899852,0.346903592
2811,-0.498431534,-0.316835433
2812,-1.620465755,-0.461263418
2813,0.494494349,-0.493399382
2814,0.256468028,-1.293342471
2815,-1.079839468,0.937091827
2816,-0.856799006,1.812994599
2817,-2.519600153,1.024642348
2818,1.192484856,0.490868896
2819,-0.101304904,-0.492121756
2820,-1.188320875,0.098919511
2821,0.589902461,-2.534210443
2822,0.227866590,0.164056420
2823,0.093104482,-2.016029835
2824,1.251558542,-1.336020589
2825,0.652587891,-0.421734184
2826,-1.401866555,2.167551517
2827,-2.264991999,1.422327995
2828,1.030907273,-0.521673799
2829,-0.066473499,-0.623212337
2830,-0.332608640,-1.536280394
2831,0.330994129,0.690222919
2832,0.204829156,-1.554581881
2833,-0.397292256,-0.430900097
2834,-0.989308536,-0.024833336
2835,0.318223417,-0.216076225
2836,-0.844223857,1.209626198
2837,1.484566689,-1.714249134
2838,0.686152816,2.374459267
2839,-1.044110298,1.193675280
2840,-0.232403010,0.385464251
2841,-2.012267828,-0.841585457
2842,0.065016627,-1.815907240
2843,-0.018840376,0.477442652
2844,0.426401436,0.311661631
2845,0.975862980,0.208618134
2846,-1.030085325,-3.042671204
2847,1.274029016,0.043895356
2848,-1.489238858,1.310601234
2849,1.188405871,0.082144946
2850,0.561984718,0.656159639
2851,-0.794812441,-0.038054012
2852,0.104230985,1.324148417
2853,-1.740953207,-0.969505548
2854,0.009069860,-1.205045223
2855,-0.326448441,1.667118073
2856,-0.197006956,-0.263222516
2857,0.560123920,-0.821108222
2858,-0.558429360,-2.338980913
2859,-1.513392925,-0.591908932
2860,-0.689760149,-0.470306247
2861,-0.502552629,-0.260959655
2862,0.292317688,0.234818012
2863,-2.218853951,-0.301864296
2864,-0.011163436,0.983941793
2865,-1.336937785,0.996213377
2866,0.788636804,1.259108543
2867,0.008346748,1.614144921
2868,-0.906766593,-2.318444014
2869,0.666877508,-1.092060566
2870,-0.709329128,-0.547705472
2871,-1.543359995,-0.122719407
2872,-0.250829160,-0.008876890
2873,-0.790425599,0.296994984
2874,1.181713343,0.298990041
2875,2.785105228,-0.437475741
2876,1.270078778,0.641291261
2877,-1.157082081,-0.943910182
2878,-1.518957615,-0.656638980
2879,0.373710841,-0.196681365
2880,0.482541025,2.356387615
2881,0.453814924,-0.348317027
2882,1.100076556,-0.173935384
2883,1.565130472,2.189819813
2884,-0.449125051,2.066671610
2885,1.321408629,1.878650665
2886,-1.148996353,0.476195097
2887,1.479266405,-1.181152344
2888,0.021892279,-1.244353175
2889,0.588742554,0.394859016
2890,-0.940058947,-2.508990049
2891,-0.247423351,-0.323707312
2892,-1.443824291,1.088290572
2893,2.351931572,1.919569969
2894,-0.882775486,0.398668647
2895,-2.541412354,0.365080714
2896,0.717465401,-1.346749902
2897,-0.129736766,0.159540474
2898,-2.906593561,0.299741864
2899,1.676951289,-1.113363385
2900,-0.160446197,0.714723945
2901,1.469838858,1.031314373
2902,-1.980478168,-2.136361599
2903,-2.176453352,1.211451292
2904,-1.302428007,-0.656545281
2905,4.876378059,-0.013635755
2906,2.375655651,-1.074090004
2907,-0.318424821,-1.260377407
2908,-0.766376019,-0.499503136
2909,0.025607016,0.575261056
2910,-0.188553065,-0.524708271
2911,0.087048613,0.022632860
2912,0.143880442,-0.469725907
2913,-0.822111309,1.292667747
2914,0.862070918,0.309824705
2915,0.518638372,0.182291836
2916,-0.047520876,-1.130869985
2917,-0.991949916,-0.808814585
2918,0.034668982,-1.462248683
2919,0.793712556,1.237791896
2920,0.834840059,0.254222661
2921,-0.726507723,0.107850306
2922,-2.064881086,-0.167684108
2923,0.324640423,-0.190629080
2924,0.768705606,-0.394189596
2925,-0.066304438,-0.516746938
2926,-0.863812864,-2.797543526
2927,0.349757671,0.144207999
2928,-2.330586433,-1.213484049
2929,-0.179410189,1.877277970
2930,0.512605727,-0.034112383
2931,-0.671087623,0.391902626
2932,1.171976805,-0.033802152
2933,0.461716592,-0.213416293
2934,1.564017892,-0.872976780
2935,-1.520079732,-1.325990796
2936,0.801557004,0.934824765
2937,-0.126016185,0.246499836
2938,0.345551312,-0.112345390
2939,-0.834319174,0.089950621
2940,-0.147664785,0.123437762
2941,-0.039694618,-0.347186148
2942,0.567571342,1.341446877
2943,0.268620789,0.372954607
2944,-2.027997494,0.688612640
2945,0.487398386,-0.674433112
2946,0.054193314,1.322908282
2947,0.662389278,-2.550142288
2948,1.699506044,-1.757897973
2949,0.534683824,0.388172597
2950,-0.837937057,0.146086991
2951,0.121248834,0.851928413
2952,0.125203490,0.681200147
2953,-0.831199765,3.412447453
2954,1.360049963,2.257901669
2955,0.731206894,-2.418727875
2956,1.562911510,0.073988736
2957,-0.443975925,0.227276072
2958,0.470986217,-0.600704849
2959,-0.187893987,-0.023224887
2960,-3.954930544,-0.718276381
2961,-2.045452118,1.124022603
2962,-0.413508654,-0.457299680
2963,-2.384042025,3.049175978
2964,-0.812016070,-0.125813499
2965,-0.939316392,1.218769908
2966,0.675989866,-0.091682613
2967,0.038684703,0.815928936
2968,-0.223303676,1.328105330
2969,2.913525343,-0.862459540
2970,-0.129322290,-2.219787836
2971,-0.224835992,0.748661876
2972,-0.295478791,0.626635015
2973,0.686295629,-0.381701678
2974,-0.562531710,0.764825284
2975,-0.441367418,0.031098902
2976,0.159403741,-1.235498190
2977,0.232487962,0.311490536
2978,-0.544314027,2.527850389
2979,-0.407832623,1.106545687
2980,-0.347874790,-0.224878341
2981,-0.425403237,-0.709674835
2982,-1.091634989,-0.159905970
2983,1.875339746,0.389442950
2984,-4.399890900,0.756113529
2985,0.039284766,-0.903755248
2986,-0.609851718,-0.387471765
2987,-0.757391214,0.995749116
2988,-1.686693549,2.372139931
2989,0.784727693,0.142156407
2990,-0.269714594,-1.749027729
2991,0.586056232,0.508896649
2992,0.181239694,-0.376205564
2993,-0.522704482,0.269036382
2994,-3.321503162,1.317693472
2995,-0.931919992,2.054318905
2996,0.026203014,1.464667082
2997,-0.106162697,-0.414516300
2998,-1.828447700,-0.698291719
2999,-0.718962431,0.278049290
3000,0.270031273,-0.436131775
3001,1.539482713,-1.495769739
3002,-0.056078911,-1.008874893
3003,-0.119153522,0.581313908
3004,-0.481320441,-1.263992429
3005,-1.629066467,-1.425959110
3006,1.659722328,0.144115865
3007,-1.193120003,-0.313469887
3008,2.515820742,0.126557648
3009,-0.703557253,0.247149050
3010,1.882639885,-1.251049995
3011,1.836773515,0.687589765
3012,-0.192659169,-0.119217172
3013,0.086920440,-1.362258077
3014,0.050911207,1.647257090
3015,1.375881433,0.767062426
3016,-0.443708301,0.116294265
3017,0.121993482,-0.881355047
3018,-1.613260388,-1.025811434
3019,-0.693220794,-0.763890386
3020,-0.266724020,0.243788511
3021,1.400645256,-1.576436281
3022,1.035919428,0.690279007
3023,-4.058783531,-1.208449483
3024,-0.547778130,-0.345290780
3025,1.126119614,1.415988326
3026,1.083786845,-1.658206224
3027,2.340748310,-1.333895922
3028,4.382884979,-1.964015961
3029,2.216306925,-1.322991610
3030,-0.411904693,-0.207131773
3031,-2.096916914,-0.996569276
3032,0.774242342,-0.756168902
3033,-1.331817508,0.343829542
3034,-0.532275081,1.565217137
3035,1.601643562,-1.252322555
3036,-1.463990808,0.299107432
3037,0.249619558,-0.200850740
3038,-2.762128830,-0.364565641
3039,-0.133228064,-0.161708951
3040,-3.376019001,-1.868824482
3041,-0.727625251,1.216836214
3042,0.991520643,-0.323517442
3043,0.715991974,0.240225926
3044,0.893106580,-2.224323511
3045,-1.951865911,1.261111617
3046,-0.172081947,-0.583960056
3047,-0.007929672,0.995713890
3048,-0.271295339,-0.851775408
3049,1.498508811,1.431162596
3050,0.300730556,0.808481634
3051,-0.154476821,-0.425228775
3052,1.329757452,-1.552585959
3053,0.056933414,0.141834855
3054,1.696519375,-2.025092125
3055,0.758389652,0.304902494
3056,-0.369641066,-2.882700443
3057,1.120357513,0.998112261
3058,0.472981691,0.890596986
3059,0.893545985,-0.869804502
3060,-0.930918336,2.907906055
3061,1.219259143,0.794542789
3062,-0.041410081,0.707961559
3063,0.351871490,0.317781955
3064,1.309452295,2.135524511
3065,0.155727595,0.552461743
3066,1.465649009,1.225598574
3067,-1.088086367,-0.856684089
3068,0.324101150,-0.121594742
3069,-0.514332831,-1.173045993
3070,0.010587428,-0.108484298
3071,0.317334950,-0.117628023
3072,-1.066070437,-2.416016102
3073,-0.406061828,0.559486806
3074,-0.734837890,-0.267104685
3075,1.721695423,0.093692377
3076,2.605141640,-0.542190790
3077,0.090359420,1.872945786
3078,0.090390369,1.310857892
3079,0.162547946,1.145222902
3080,0.401804119,-0.200013638
3081,-3.206782818,-1.640696764
3082,0.965002060,1.780827403
3083,0.101335868,-0.235484332
3084,1.186984539,0.183794349
3085,3.855791092,0.979254484
3086,-0.546570420,-1.378697038
3087,0.587040901,0.669096231
3088,0.055105090,-0.710227728
3089,-0.236158848,-1.606560707
3090,1.087482929,-0.315266520
3091,-6.113636494,0.861041307
3092,0.110886589,1.379738092
3093,0.735083222,0.712127686
3094,-0.792498946,-0.127376184
3095,0.682915330,1.846331477
3096,-0.517757475,-1.582424164
3097,0.037751779,-0.156785652
3098,-1.371231198,0.988188148
3099,0.922730386,-0.476669580
3100,-1.050561905,0.448328674
3101,0.390531063,-0.311742365
3102,-0.585501909,-1.229359388
3103,0.843075514,-0.230606332
3104,1.153200269,-0.835200489
3105,0.602061987,0.547925889
3106,1.178828716,-3.431319237
3107,-0.236936629,2.909627438
3108,2.449658871,-0.288583040
3109,0.370251626,0.399530709
3110,-0.213806152,-0.480185986
3111,0.029743737,-0.147477448
3112,1.209441304,-0.413877070
3113,4.241344452,0.093391150
3114,1.028403521,1.576741815
3115,2.098654747,1.413325548
3116,-1.224920034,-1.453889608
3117,-2.969704628,-0.414603591
3118,-1.504176140,1.542719245
3119,-0.181002796,0.182003260
3120,1.224790931,-2.233417273
3121,-1.165595293,1.954856753
3122,0.709035158,1.163414836
3123,1.078232765,0.119360670
3124,1.275820613,-0.133274078
3125,-0.795641959,0.627642095
3126,1.589612722,0.290588200
3127,2.347103596,-0.731213391
3128,-1.520045638,0.205325902
3129,0.600806415,0.808685005
3130,-0.263359845,3.200282574
3131,2.502380371,-0.660723686
3132,0.132393003,-0.092305869
3133,-0.962713242,-0.843325496
3134,0.036911953,0.536366463
3135,0.591216922,-0.205817699
3136,0.705472827,-0.094705500
3137,-0.221190095,0.255552530
3138,-0.057327718,-0.141898572
3139,0.274779439,0.763022244
3140,-1.379656434,-0.152286649
3141,-2.569297075,2.051167011
3142,1.659617186,0.302733809
3143,1.504729629,0.190504655
3144,1.315311551,1.214654565
3145,-0.944563806,0.974376798
3146,0.110923469,-0.277260363
3147,-0.886029184,0.521723568
3148,-0.623510003,-1.266082406
3149,2.446602821,-0.075221539
3150,2.060062647,0.827491283
3151,1.546119809,2.000047922
3152,1.770394325,0.258368105
3153,-0.624267220,-0.531070530
3154,0.200756222,-0.705538034
3155,0.516880274,-0.348770201
3156,0.240201682,0.153680280
3157,2.555413961,-1.261085987
3158,0.205157623,-0.088275708
3159,-1.785472155,-2.212539196
3160,-0.362565100,1.176577568
3161,-0.375717282,-0.631185174
3162,0.482819140,-0.166838840
3163,2.409323692,-0.360896528
3164,0.250309467,-1.483707309
3165,-0.493093133,0.744575143
3166,-1.336753368,-0.244440511
3167,0.616446376,-1.030122280
3168,0.361842185,2.021002531
3169,-0.344846249,-0.530006409
3170,0.208469674,0.642239332
3171,-1.997290254,-0.405167401
3172,0.130459309,0.155408874
3173,0.071177945,0.663545430
3174,0.868192136,-1.380568624
3175,0.128702492,-0.128448516
3176,-1.572720528,-0.910085917
3177,0.959014356,0.742838979
3178,0.971472919,2.140342712
3179,-2.037786245,-0.812905431
3180,1.800230622,-1.313126445
3181,-1.388218284,-0.295926392
3182,1.880073190,-0.186240643
3183,-1.662493706,0.247904658
3184,0.043168511,0.904011130
3185,0.609629333,1.522810817
3186,0.018230768,0.424809396
3187,0.783528268,-0.563392103
3188,-0.728354275,1.028808594
3189,0.224863946,0.340044409
3190,-0.896433949,1.604798079
3191,-0.595060408,1.945736766
3192,0.933442593,1.482100129
3193,0.067285247,-0.306399822
3194,1.733668685,-2.707392931
3195,-0.977076232,1.773497224
3196,-1.218163967,-1.644725204
3197,0.491246343,-0.495059550
3198,-0.065144822,0.163628876
3199,0.264078915,-1.014592171
3200,-0.064860225,-0.509811282
3201,-0.059871435,-2.437545300
3202,-0.879653513,-1.354559302
3203,-2.569415569,-1.443363905
3204,2.224859476,1.662098289
3205,1.173546910,0.525710046
3206,-1.610041142,2.317948341
3207,-0.058143556,-0.527502775
3208,1.179858327,1.066439867
3209,1.031828403,0.427275926
3210,1.243212342,0.406224847
3211,-0.670604706,-1.085545182
3212,1.013084531,0.055160854
3213,-1.319321275,0.304794371
3214,0.748844087,0.814353943
3215,0.961700201,-0.213614911
3216,-1.099095941,3.142408848
3217,-1.172889948,-1.083790660
3218,-0.947913170,-1.554874063
3219,-0.039493598,-0.158822358
3220,0.561914802,0.428030908
3221,-1.348036528,1.603399754
3222,-0.319001615,-0.589422703
3223,0.029057464,0.877692819
3224,0.972360373,0.648618937
3225,0.057190295,0.381098926
3226,1.686562538,0.076137066
3227,-0.314320862,-0.844124615
3228,-1.088081956,0.314851105
3229,1.298046947,-0.851454616
3230,-0.764384985,0.746211529
3231,2.310982227,2.048964977
3232,-0.780835211,-1.208297372
3233,2.809868813,-0.895547986
3234,0.172625750,0.091989152
3235,-0.317836374,-1.077960134
3236,-1.889197469,1.763725519
3237,3.800332546,1.071129441
3238,-1.563425541,-1.292297363
3239,-0.181148663,-1.091961861
3240,0.416937411,0.707569420
3241,3.187802076,-0.397952735
3242,-0.773015559,-0.727423608
3243,0.896192253,-0.070084237
3244,0.789841533,2.558636427
3245,0.233318985,-0.066812873
3246,-1.248825669,2.522155046
3247,-0.893946052,0.076991633
3248,-0.114702165,0.550998688
3249,-0.978691578,1.729032516
3250,1.606350541,-2.522239685
3251,-1.006907582,0.461120993
3252,0.192190915,1.002993822
3253,0.138207912,2.932428837
3254,-0.818064809,-1.289542079
3255,0.053325549,-0.189839110
3256,-0.527706981,-0.754573584
3257,1.646491647,0.606550872
3258,2.417418718,0.330470026
3259,-5.313742161,-1.796247244
3260,0.125016704,-0.118568674
3261,1.479005814,0.775191307
3262,1.104424238,-0.344571441
3263,1.840931654,0.413884997
3264,-1.594374895,-0.332113922
3265,2.020404100,0.447560430
3266,-1.538768888,1.685458302
3267,0.204372451,-2.441082239
3268,1.099812031,1.221307397
3269,-1.933120012,0.664173961
3270,-0.232909769,-0.253985703
3271,-0.936835468,0.245888054
3272,-1.588882327,0.300738662
3273,-0.049871594,-0.456329763
3274,0.061697796,0.254719257
3275,-3.938825607,2.709473372
3276,-1.474575043,0.387595236
3277,-0.938832939,0.316187263
3278,0.600120008,0.718576074
3279,-0.319845498,0.148195460
3280,1.257596493,-0.568878293
3281,-2.104085445,-1.561369419
3282,0.091852903,0.641181588
3283,1.710173607,2.185003519
3284,-1.355384469,1.080953956
3285,0.560956955,-2.138311148
3286,0.832884908,0.175371051
3287,-1.612842917,1.815535784
3288,1.035106778,0.926294863
3289,-1.481847763,-3.477528572
3290,-1.074138403,4.350670815
3291,-0.573238492,0.101615980
3292,0.450775117,-0.486916780
3293,2.225894928,-0.048489422
3294,-0.201668859,0.075473323
3295,-0.351498067,0.034739912
3296,-1.044188499,0.543039203
3297,0.472078919,-0.124131829
3298,-1.179793239,0.736366868
3299,0.850453138,-2.260918856
3300,-3.568868160,-2.389361382
3301,-0.067018025,0.575280666
3302,1.602111578,-1.355046868
3303,0.223338231,-0.178688407
3304,-0.903457999,0.489786565
3305,1.648120880,-0.519230962
3306,-1.013087630,0.427041233
3307,-2.375060797,1.471617460
3308,0.864559114,0.518977344
3309,-0.348168075,0.011226565
3310,-0.111900583,2.125541210
3311,0.115547001,0.624871552
3312,-2.261272907,-0.628327847
3313,0.108083710,1.194010854
3314,0.401044399,-1.570973396
3315,0.657558203,-1.243463874
3316,2.870402575,-2.190484285
3317,-0.624692440,-0.531505823
3318,-0.728806019,-0.043002278
3319,0.671468139,1.127666473
3320,-2.586861610,1.143295169
3321,-1.335772395,0.407149047
3322,-0.681187630,-0.359977722
3323,1.131541371,1.910380483
3324,-1.174467206,0.309594870
3325,-0.201375604,-1.044561863
3326,0.397601485,-2.844055891
3327,0.758677661,-0.345908910
3328,-0.871626735,-0.618924916
3329,-1.184935212,1.279402018
3330,-0.115131438,0.057736181
3331,3.116867065,-1.405655622
3332,1.518002033,0.372114807
3333,-1.466777921,-1.075488210
3334,-0.716458082,-0.210477233
3335,-0.183869153,0.466224015
3336,0.392330855,0.422696948
3337,-0.887582541,0.039000124
3338,-0.401210576,0.039994806
3339,0.113347948,0.096621230
3340,-3.053716421,-1.222725630
3341,0.370224923,2.265619278
3342,-1.045177460,-0.804529190
3343,-0.767595649,0.524707198
3344,0.614370584,0.903066695
3345,2.502063036,0.491699159
3346,1.232619047,-1.053956032
3347,2.258608103,-0.708870053
3348,-0.837601542,-0.021686614
3349,1.805735946,1.645416737
3350,1.086698532,-1.132204294
3351,1.069210291,-0.602018118
3352,0.404619068,0.738831103
3353,2.299029112,3.165851593
3354,0.159560278,-0.462516725
3355,-0.556956768,0.659633934
3356,0.624402285,-0.593856454
3357,-0.383865833,0.200764552
3358,0.550945759,0.360917091
3359,-0.814536154,-1.456411481
3360,-1.160449982,0.339640558
3361,-0.383444101,0.097638741
3362,1.117230058,1.605796337
3363,1.985166550,-0.647495568
3364,0.606373072,-0.047432464
3365,0.876927257,-0.212526292
3366,0.020121444,0.676078498
3367,0.740353703,-0.479810059
3368,-1.230000496,-1.166042805
3369,-0.521343231,0.542197466
3370,0.542006314,0.393158108
3371,0.877898812,-2.069274426
3372,0.150087476,-1.295967102
3373,0.287347198,0.276495308
3374,-0.483132541,0.503550172
3375,0.106517315,-1.162340522
3376,-0.766629577,0.017900348
3377,-1.583501577,-2.560750961
3378,0.867995739,1.126941562
3379,0.628610611,-0.534318388
3380,0.814124107,0.062382266
3381,0.449978590,-1.580553889
3382,-0.160005525,0.054379530
3383,-1.203712463,0.525828660
3384,0.372007489,3.754602432
3385,-2.629200220,0.123059571
3386,0.292757809,-0.060357381
3387,-2.131286383,-1.639031053
3388,-0.534575045,2.334611893
3389,-0.767878532,0.337544799
3390,-1.098916650,0.645157397
3391,-0.459046662,1.608487368
3392,0.290331185,1.402787924
3393,0.857777894,-0.741412640
3394,1.670318246,-0.593509316
3395,0.297167182,0.725256324
3396,-0.732826293,1.541338325
3397,1.758709192,-1.494984508
3398,-0.397733212,-0.114996918
3399,0.488824278,0.954690635
3400,0.056472458,0.892369986
3401,1.425219059,-1.671941519
3402,-0.135352254,-0.564793944
3403,-3.371514320,-2.102382421
3404,-1.024529934,0.281775624
3405,-0.190327451,0.101104736
3406,0.376302540,-0.148049653
3407,1.196773887,-0.538957298
3408,0.203155145,-1.063606143
3409,-2.536232233,-0.867857814
3410,-0.152334929,-2.621487617
3411,0.274787962,0.787150443
3412,-0.509380341,1.601503611
3413,0.787079096,0.135904193
3414,-1.045055628,-0.741100252
3415,-1.189336777,0.797423601
3416,0.704811454,-0.705953002
3417,-0.001296133,-0.122167006
3418,0.987326741,-0.597588420
3419,-0.765779138,4.058974266
3420,0.111048214,0.378996998
3421,-1.970270872,-0.718804479
3422,0.299788147,0.049200766
3423,0.431531012,-0.317029983
3424,-0.096534327,-0.071477175
3425,1.098649859,1.105707407
3426,0.819326878,0.101083994
3427,0.837973833,-0.224229127
3428,1.994887829,-1.563237071
3429,-0.364950240,-0.522315800
3430,-0.412957013,2.133666515
3431,-0.513977706,0.615015447
3432,-1.808364630,1.820166111
3433,2.514830112,0.119258791
3434,-0.393856645,0.871256351
3435,0.263139993,1.773107171
3436,1.396125555,1.388876677
3437,1.300598502,-0.524774551
3438,-0.223141521,1.032667398
3439,0.174002558,-0.470491230
3440,2.356829643,0.344504684
3441,0.282329559,-0.102030277
3442,0.872917175,1.322936058
3443,0.771728754,-0.001115471
3444,-0.435375363,-0.737660944
3445,-0.383551538,0.954865694
3446,-0.311456859,-0.380233169
3447,0.120855026,0.076948382
3448,-0.340395957,0.225958794
3449,1.465295553,1.832019806
3450,-0.617228627,-0.344245613
3451,-1.422248960,-0.322493255
3452,-1.335211277,0.840099692
3453,-0.142948940,2.356540680
3454,0.477112055,0.135256231
3455,-2.548147678,-0.290823162
3456,-1.324399352,-0.528239548
3457,-0.706813753,0.325723857
3458,-0.161326438,0.044016372
3459,-1.265854836,-2.463242054
3460,1.236557364,0.926300406
3461,4.235170364,-0.752222121
3462,1.087212801,0.969241261
3463,1.720996022,0.312441766
3464,-4.005964279,0.601624012
3465,-0.255538523,1.301884651
3466,-0.352041125,-1.246842384
3467,1.184677362,0.323335230
3468,1.421705008,0.565201938
3469,0.818350375,0.043639768
3470,-0.392173558,-0.611528277
3471,-0.251222819,-0.589679182
3472,-0.520841777,1.711060524
3473,0.557148933,0.814847589
3474,0.372073174,-2.768230438
3475,-0.324021339,-2.076543331
3476,-0.366864949,-0.372614413
3477,-0.316185355,-0.088804938
3478,-0.653951526,0.613234103
3479,-0.929559946,-0.481214672
3480,0.422011673,0.513832271
3481,-0.442952752,0.136177540
3482,0.251700759,2.524352551
3483,1.101366282,0.018248938
3484,-0.109394073,0.190972328
3485,0.722941995,-1.013278842
3486,1.325282097,0.154713973
3487,0.324007928,-0.255240858
3488,0.425345778,1.513097286
3489,-0.150946647,-0.620547175
3490,-1.272562027,-0.473914444
3491,1.315671444,0.729605317
3492,-1.224061251,-0.011983693
3493,-0.815149665,0.008392423
3494,-0.635318816,1.632869720
3495,-1.219369173,-0.686403394
3496,-0.724167347,-3.793574333
3497,0.026299000,-1.174618363
3498,-0.513439119,-0.392617762
3499,-0.152648628,0.021489318
3500,-1.875385046,0.813486338
3501,0.851255834,0.222710773
3502,1.181566238,0.458920568
3503,-1.373188972,-1.745874405
3504,1.359888554,0.164891273
3505,0.524817228,2.126475811
3506,-1.658026457,2.632546663
3507,0.582614899,0.264418632
3508,-0.083749294,-3.849465370
3509,-2.377622604,-2.044390202
3510,1.094908714,-0.630023837
3511,0.152285978,1.081945658
3512,1.486733437,-0.511885226
3513,-0.598818898,-0.016794324
3514,-1.026674151,0.848321319
3515,0.448482275,-1.903261423
3516,-0.298904926,-0.056818724
3517,1.276609540,0.133651882
3518,-0.780149996,0.494848609
3519,0.154800460,1.296715736
3520,-0.744217753,0.242108703
3521,-4.793664932,1.495855927
3522,0.057057381,-0.796940446
3523,0.143749863,-0.331996918
3524,-0.760181725,-1.271100998
3525,-1.133349657,1.046525598
3526,-0.177067637,-0.410552382
3527,-0.122074217,-0.316964418
3528,2.469141960,-1.583196878
3529,-1.297701120,1.070439339
3530,-1.913203001,0.180374265
3531,-0.352036178,1.241832972
3532,1.148606300,2.645169497
3533,1.928820252,0.283334225
3534,-0.579221964,-0.212320805
3535,-1.353622913,-0.436847955
3536,-1.076762795,-2.036220074
3537,0.227169394,-0.499268949
3538,1.333623171,-0.392846584
3539,-0.147166088,0.310826391
3540,0.265961826,0.044845134
3541,-0.269202977,0.098957479
3542,-0.725783825,-0.485729456
3543,-1.811262250,1.549247146
3544,2.613579512,-3.207064152
3545,-0.996192575,-0.213095129
3546,-1.060824633,0.327797651
3547,0.017382942,1.909898281
3548,1.254099369,-0.758116305
3549,2.486127615,-0.866398752
3550,-0.695037305,-1.030227780
3551,-2.303430796,-0.537467420
3552,-0.142428637,-0.321496367
3553,-1.253232479,-0.553164601
3554,-0.370466560,2.241389275
3555,-0.827373326,0.297298044
3556,0.510491431,-0.148586154
3557,-2.031005859,3.644807577
3558,1.202015877,0.041266493
3559,1.374125957,-0.685809672
3560,4.936094761,-0.401735127
3561,0.961360514,-0.862882614
3562,-0.422006905,-0.394406855
3563,0.147522330,-0.098758101
3564,-0.295110822,-0.340808123
3565,0.666550934,1.177119732
3566,1.335583925,-0.868411720
3567,0.483247191,1.095626712
3568,-1.809187412,-0.863588333
3569,0.413348705,0.041495807
3570,0.062642008,0.303411484
3571,-0.595946312,0.164933205
3572,-0.096498430,-0.120651118
3573,0.661065578,0.149090588
3574,-0.022775918,1.828495264
3575,0.391049087,0.331488550
3576,-2.156394005,0.974735022
3577,0.241293997,-0.817152023
3578,0.661868215,0.690088212
3579,-0.108200073,0.204809904
3580,0.361584306,0.707835376
3581,2.595935822,-1.172965288
3582,-1.554183722,3.186436176
3583,1.421224594,-2.034837246
3584,0.670321286,-0.179246590
3585,1.306893110,0.681952178
3586,-1.188160419,-2.946417093
3587,-0.206621185,-0.404558182
3588,-0.092287272,-0.680975318
3589,-1.445763826,-2.518542051
3590,-0.099194989,-0.157547712
3591,2.070131779,0.389702559
3592,0.833400667,-0.157417700
3593,-0.858480930,-0.304941297
3594,-0.267041534,0.870971441
3595,1.404477835,-0.282109410
3596,0.535286725,-0.369435251
3597,0.718295932,-0.644585073
3598,0.519889176,1.281393170
3599,0.992011070,0.697246790
3600,0.269095451,0.670412421
3601,-0.371108651,-0.065062679
3602,1.350859165,0.303358942
3603,1.880568027,-0.137008041
3604,-1.141184568,-0.643885612
3605,-1.904458523,0.559252262
3606,-1.797709465,2.558963299
3607,2.397672892,2.383234024
3608,2.097115278,-0.154014289
3609,-1.353364706,1.051498175
3610,-0.227492914,0.465618312
3611,0.616151214,0.953383803
3612,0.331177354,-0.302984774
3613,-0.552336276,2.437573195
3614,0.454883754,-0.046221025
3615,-0.799531221,-0.583562315
3616,-0.370024502,0.151525378
3617,-1.476519585,-2.357428789
3618,-0.383151501,0.256855667
3619,-1.597380519,1.426742315
3620,0.074718446,0.776770353
3621,1.353083611,1.390370607
3622,-0.588683128,0.352698922
3623,-1.482297421,0.441420972
3624,-0.691078782,-1.098275900
3625,0.148383275,2.077489376
3626,1.104662776,0.759673238
3627,-0.468864143,0.102398708
3628,0.411915958,-0.077328645
3629,-1.335222721,-0.877429008
3630,0.843220651,0.013499908
3631,-0.359555185,-1.369965911
3632,-0.633546293,2.010821342
3633,-1.169839025,2.772087336
3634,0.747540236,0.227100685
3635,0.972847462,0.414595425
3636,-0.010060286,0.175714031
3637,1.914558649,3.694920778
3638,-1.224368453,1.457922935
3639,-2.505701303,1.218574524
3640,2.610351801,-1.074175954
3641,-2.811672211,0.004913688
3642,-1.020763159,-0.037892446
3643,1.477718472,0.890819430
3644,2.607287884,-2.668767214
3645,0.459741414,-0.118818946
3646,0.467149436,0.465462416
3647,-0.726394176,-1.701912045
3648,-0.372117519,-0.183691114
3649,0.314360619,-0.349138319
3650,-0.531575203,-3.336293221
3651,0.329104483,-0.532930195
3652,-3.273128986,0.480292261
3653,-0.648609638,-0.615367353
3654,-0.174350008,0.813654482
3655,-0.094595641,0.696687222
3656,-1.464075804,-1.844042659
3657,0.101402000,1.318814278
3658,0.177276433,0.116324946
3659,-0.821635365,0.482632279
3660,0.690615773,0.785160601
3661,0.455939054,0.381383121
3662,2.837113380,-0.043641061
3663,-0.550965607,-0.115513153
3664,0.046672590,-0.221227184
3665,0.490875095,0.191999316
3666,-0.245891333,-0.159295022
3667,0.697147787,-1.017110109
3668,-0.481803060,-0.660943151
3669,0.827381849,1.387902021
3670,1.362744451,-0.648925722
3671,0.989925921,0.458341032
3672,-0.575377107,-1.124313831
3673,0.649553239,0.377548218
3674,-0.005733013,1.364989400
3675,-1.558757782,1.888398886
3676,-1.684408069,-0.403968334
3677,0.784422517,-0.893781245
3678,1.241020679,-0.651462853
3679,-0.839804888,-1.025278568
3680,-0.491786420,-1.776394486
3681,-0.924699306,0.923403621
3682,0.552589059,-0.110450029
3683,0.207026199,0.440373480
3684,-1.121837378,-0.456079602
3685,-1.830977201,-1.698881984
3686,-2.232953072,-0.515142202
3687,1.608738661,-0.902656853
3688,0.788230538,-0.173579693
3689,0.114249080,-0.999681115
3690,-0.054927371,0.298134446
3691,0.561254740,-0.157226712
3692,-0.327031136,0.364430755
3693,-0.190148607,0.033917297
3694,-2.297444344,-0.039637327
3695,-0.719443202,2.401264191
3696,0.131979495,-0.903352797
3697,-1.355917215,0.500025868
3698,-0.144406483,-0.138888776
3699,0.298739374,-0.032758772
3700,-2.594482183,-1.019637823
3701,-0.106280163,1.652543545
3702,1.185841560,-0.671058297
3703,-2.349973202,2.485334873
3704,3.022127628,-3.553463936
3705,1.396330833,2.181109190
3706,-0.461780727,0.555137455
3707,-0.466630280,-0.577474952
3708,1.082726717,-0.525235415
3709,-1.171231627,-1.701262832
3710,-1.454877615,-0.924249291
3711,1.072464943,-0.389986634
3712,0.838551342,-1.181694984
3713,-0.178444028,-1.217486143
3714,1.217144728,-0.677908301
3715,1.167619586,1.447750926
3716,0.778717458,0.024412222
3717,0.770630598,-1.151369929
3718,-2.630918980,0.942123652
3719,1.646460414,-0.057705462
3720,0.225100175,-0.454602778
3721,2.046095371,1.017001629
3722,-0.525592625,0.312614530
3723,-0.914720118,-0.419186443
3724,1.162665009,0.726063490
3725,0.167250872,-0.050277948
3726,0.201309681,-1.489353299
3727,-0.437180042,-0.428080797
3728,-0.645308375,0.205282688
3729,-2.399622917,1.791026711
3730,0.131036505,0.589266896
3731,-0.394871652,-0.721231163
3732,-0.756046891,0.888549089
3733,1.736428261,-1.350571752
3734,-0.579001784,-1.251514435
3735,-0.730741918,0.646371126
3736,0.334369332,-0.942069054
3737,-3.296087265,-0.911100745
3738,-0.591573596,-0.009222016
3739,-0.659773350,1.746145725
3740,1.202099323,0.257902920
3741,-0.238765359,-2.059823751
3742,0.156710267,-0.021478383
3743,-0.349445701,0.750113010
3744,-0.432992399,-2.492895126
3745,1.007883430,-1.323231697
3746,-1.913486481,-2.768790245
3747,1.110032439,-0.614887834
3748,-0.768455207,0.130806625
3749,-3.370896339,0.774138689
3750,0.724063754,4.989886284
3751,0.489321977,-2.418097496
3752,0.132030576,0.231086835
3753,2.364829540,-2.093322754
3754,-0.698463738,0.307972282
3755,-0.123020269,0.115486383
3756,-0.017316801,0.303282917
3757,1.267944098,0.685122490
3758,-0.898726404,1.400750875
3759,-0.777688503,-3.121108294
3760,-1.352819324,-2.118954897
3761,0.666920245,0.764732718
3762,1.134273052,0.614574492
3763,-0.045759734,0.594611645
3764,1.168134093,1.036628604
3765,1.342365861,0.030523300
3766,-0.123603702,0.967078328
3767,-0.363394916,0.121250696
3768,0.857232094,-2.414227009
3769,0.856539369,1.288253784
3770,-0.209084481,0.523432136
3771,-0.462836564,-1.889997721
3772,-0.450852513,0.771404266
3773,0.610142946,-1.438784122
3774,2.288397312,-0.320628136
3775,0.014322042,-1.670492768
3776,-1.751519918,0.946695268
3777,-2.248035192,0.090400279
3778,0.222086310,0.010711003
3779,0.654696763,-1.863963604
3780,0.058167450,2.924197912
3781,1.338599563,0.796580791
3782,0.546452522,-0.750907063
3783,-0.411882430,1.040338874
3784,-0.590281248,-3.020021677
3785,0.057394192,-0.268072307
3786,0.276355892,0.865836382
3787,1.135043859,-0.588272154
3788,-0.984400511,1.030764937
3789,-2.163033724,-0.517072320
3790,-0.095131040,-1.897039175
3791,-0.189617991,-0.428581417
3792,-3.689855099,1.265514851
3793,-0.015554845,-1.163849354
3794,1.782821059,1.889216900
3795,-0.264743090,1.240143776
3796,0.031542167,-0.269436657
3797,-0.223984748,-0.136176661
3798,-1.066550374,0.535991669
3799,-0.900219619,0.593540430
3800,0.667130828,-1.995198011
3801,1.324971676,-0.416133404
3802,1.336679697,1.033424377
3803,1.785087585,-0.894430399
3804,-1.463750720,0.590947926
3805,-2.181242943,1.012621403
3806,1.543165326,-0.380104601
3807,0.196347535,0.681793034
3808,1.485949993,1.220373154
3809,-2.144149542,-2.781765461
3810,-1.946682811,0.249639869
3811,0.585603833,-0.349460870
3812,0.847399592,-0.404764950
3813,-0.851663947,0.211672574
3814,-0.358377069,-1.690529823
3815,0.641313791,0.053810447
3816,-0.663637400,-1.209941030
3817,1.582801461,0.203934342
3818,0.335886180,-0.311681211
3819,0.026937582,1.483149290
3820,-0.719604850,-0.292760074
3821,0.158617213,-0.511069775
3822,-1.119717836,-2.192337990
3823,0.344460964,-0.810656905
3824,1.130469799,0.031169906
3825,-0.020464957,1.294341922
3826,-0.171467558,0.253752708
3827,-0.911231816,0.315368772
3828,0.551677525,-0.746277869
3829,-1.266257524,0.015600681
3830,0.825166821,1.730218410
3831,-3.192844152,1.698805094
3832,-1.050534606,-0.354552537
3833,-0.169293284,-0.405990720
3834,-0.145793959,-0.041703228
3835,0.066477358,-0.325067997
3836,-0.234714329,0.360792577
3837,0.349845380,0.101044521
3838,0.378627539,0.132348865
3839,0.085137844,0.547956169
3840,0.118029162,0.258976966
3841,2.086716413,1.855724812
3842,-2.796532631,-1.768895268
3843,1.379797935,-1.163985729
3844,-0.058789298,0.694461703
3845,1.045375824,-1.490294456
3846,0.627443850,-0.214002550
3847,0.427171052,0.868004918
3848,0.217843771,1.565971017
3849,0.569629371,0.044922248
3850,-0.598053098,-1.184984207
3851,0.707741618,-0.661814988
3852,-1.395982027,0.203737706
3853,0.622334719,-0.809273183
3854,-0.478528678,2.239903927
3855,-0.984541655,0.521014571
3856,0.443577111,0.224061191
3857,1.391598463,1.264050722
3858,0.646270573,-0.938703120
3859,-2.057576180,0.055141926
3860,0.694541991,-0.197301015
3861,2.645022154,2.895966053
3862,1.468765736,2.065553188
3863,-0.016977549,-1.571103573
3864,1.374854088,-1.380635858
3865,-0.342207342,1.440902472
3866,-0.114637673,-0.097749844
3867,-0.175747067,-0.179745302
3868,-0.890551627,0.966404676
3869,0.991902113,0.393534005
3870,1.374600887,0.225807115
3871,-0.119180709,2.174473047
3872,-2.228079081,0.838494182
3873,-0.553477645,-1.186815023
3874,2.783054113,-1.487989187
3875,-1.325844288,0.380641639
3876,-0.170819104,0.013858428
3877,-0.441882551,0.174280435
3878,2.047463417,0.247823447
3879,-2.601665020,-0.213478804
3880,-0.902334213,1.340600729
3881,0.140116751,0.493249118
3882,0.509003937,-1.036141872
3883,1.596778154,-2.241928101
3884,0.499388516,-1.820599437
3885,-0.138129085,0.034147851
3886,-1.764576197,-0.135265291
3887,1.183318377,-0.351362109
3888,0.916986346,1.504599929
3889,-0.603518665,0.656590998
3890,-0.589075029,1.880249619
3891,0.753374040,0.924621642
3892,-1.441458225,-2.100437641
3893,-0.841553211,-1.655150294
3894,-2.162043810,0.559263706
3895,-0.323887467,-0.184585184
3896,-1.394788027,-0.353366137
3897,-0.397787064,1.302852035
3898,-0.580379069,-0.914015770
3899,1.463428020,0.666978836
3900,-1.793695927,-1.209911466
3901,0.561458349,1.581828356
3902,-1.420211554,4.165837288
3903,1.013526559,-1.368812084
3904,-0.501931846,0.164579660
3905,0.456830263,-1.939332366
3906,-0.221548975,-0.092954725
3907,0.083380423,1.273267984
3908,0.308514833,1.148152232
3909,-0.898691773,-0.000858605
3910,-0.967377961,-0.732872605
3911,-0.640554905,-1.613734484
3912,-0.820334017,0.062539577
3913,0.820646882,0.462101132
3914,0.025732875,-0.418295801
3915,1.187497377,0.621514440
3916,1.806509733,-1.788358808
3917,0.041954219,-0.436326623
3918,2.588033199,1.765021205
3919,-0.190814823,-0.798157334
3920,1.139425516,1.989023924
3921,-1.475292921,-3.092396259
3922,1.548148513,1.670051455
3923,-1.129189491,0.021665156
3924,0.848235965,0.598446488
3925,0.146225363,-0.532486320
3926,0.011147550,0.467769951
3927,0.346697450,1.146849155
3928,-0.516944647,0.081221059
3929,0.634895980,1.653022170
3930,-0.698096335,-1.291657686
3931,1.221508026,-0.499552071
3932,-2.140280008,0.743747652
3933,-1.743608475,0.954049706
3934,-1.020331383,-0.757894635
3935,0.204544023,-0.631600142
3936,-0.251103699,0.879103959
3937,0.533472002,-0.235590875
3938,-1.649855375,-1.349360824
3939,-0.167012811,-0.071176626
3940,-0.687737405,-0.800661802
3941,1.673417449,-0.126890928
3942,1.127574563,1.397142291
3943,0.841880918,-2.347846508
3944,0.665468633,0.042802740
3945,0.122199595,1.030063748
3946,0.801942706,-1.093314409
3947,1.292429686,0.999755383
3948,-1.311833858,2.670353174
3949,-1.395735145,-0.040125847
3950,-0.561435819,1.223291993
3951,-0.402894199,-0.134257436
3952,0.976823509,0.933680713
3953,-0.298123538,0.931886196
3954,-0.298035562,0.580804646
3955,2.358395100,-2.470536709
3956,0.239712372,0.051032800
3957,-1.174904108,-2.466897964
3958,-0.670038581,1.344262004
3959,-0.852149367,0.039281934
3960,-0.573265254,-1.102386475
3961,-0.517908335,-0.286705881
3962,-0.709007263,-0.785648942
3963,-1.844379902,0.607719064
3964,0.455122858,-0.920495987
3965,1.413855433,-0.295210600
3966,1.046849728,-2.137898922
3967,0.069720879,2.179627180
3968,0.590983868,1.319681287
3969,-0.936909556,2.505069256
3970,-0.035545319,1.765515804
3971,-0.257367909,-0.501470208
3972,-0.298617721,-1.406304121
3973,0.868581355,-0.022453126
3974,-0.225917011,1.391843081
3975,-0.428654134,0.240811929
3976,-1.312680125,-1.956450462
3977,0.272610843,0.462371141
3978,-0.828576863,0.417011023
3979,0.888375401,-1.752730370
3980,-0.245344490,-0.178384915
3981,-0.197714955,-0.511716604
3982,-1.524740934,-0.685612500
3983,-0.196417332,-2.757090569
3984,1.769274354,0.086736798
3985,-0.194607750,0.235738739
3986,-0.156856865,0.861678541
3987,1.443083048,-1.199149489
3988,0.022962131,-0.217113674
3989,0.199377060,-0.164710820
3990,0.731063247,-1.569485664
3991,0.313438684,-0.493718207
3992,-0.108994305,0.309470236
3993,-0.105816044,0.594296515
3994,-1.080705762,-1.511131763
3995,0.271132112,0.242571771
3996,0.163282767,-0.023942217
3997,-1.968629360,-0.376419067
3998,-2.148666620,-0.004375696
3999,-0.614006281,-2.184300900
4000,-3.050162315,-3.814767361
4001,0.531341732,0.758962750
4002,-0.046171322,1.967627048
4003,-2.297994614,-0.653836370
4004,-0.471311569,0.458950639
4005,0.866994262,2.043548822
4006,-0.011725277,0.062519163
4007,-1.005082130,0.516304970
4008,-1.998243928,0.814173520
4009,-1.937637925,0.469592810
4010,-1.082015276,0.418767840
4011,1.142653942,-0.149348229
4012,-0.074006155,1.028822064
4013,1.345611453,-0.749313354
4014,-0.067431837,-0.574156284
4015,0.840912282,0.614650309
4016,0.507637978,0.066346511
4017,-0.464490533,0.173001438
4018,1.063239336,-0.736122966
4019,1.510926485,0.625345886
4020,1.433233619,-1.392662168
4021,-0.964733839,-0.109620780
4022,1.099684358,0.075557739
4023,-0.100909352,-2.930089951
4024,0.536708951,-1.101718187
4025,-1.079586029,0.871404707
4026,-0.050371639,0.803778172
4027,-0.827773213,1.051045179
4028,-1.486324310,-0.008759022
4029,1.024598002,-1.820482612
4030,-1.375569701,2.549516916
4031,0.376295924,0.243864626
4032,0.368566275,0.080411792
4033,-0.767701983,-0.065058477
4034,1.185957909,1.715665102
4035,0.542573035,2.133633852
4036,-0.373931050,-2.123360395
4037,0.158285618,0.640941978
4038,-0.862381160,-0.071455389
4039,0.379372448,-0.309997022
4040,0.293410122,0.950499833
4041,1.515375376,1.300487757
4042,3.110989571,-1.154675007
4043,0.209010392,-0.684993267
4044,-1.536938906,-0.738913834
4045,2.062737465,0.242186770
4046,0.209365383,0.551352382
4047,0.642158508,-0.572887003
4048,0.798574090,0.185776412
4049,0.125742197,-0.098726124
4050,2.124335527,1.535493493
4051,-0.700130701,2.501782179
4052,-2.146500826,1.071631432
4053,0.665534735,1.497690916
4054,-1.810549617,-0.240599751
4055,0.795278251,0.468845189
4056,0.683702409,-0.974781990
4057,-0.062040120,0.819584131
4058,0.501333237,-2.084051847
4059,2.063545465,1.080649257
4060,0.715864182,0.091405064
4061,0.558536291,-0.085719831
4062,-0.446816981,0.296331465
4063,-0.533396006,0.625122905
4064,1.645118833,0.091279060
4065,0.449526250,-0.347150505
4066,0.014367104,-1.566925883
4067,-0.111353457,0.707159758
4068,-1.100688457,0.378874749
4069,0.199241966,1.187493086
4070,1.721437931,-0.215767488
4071,0.321242958,0.582705617
4072,-0.296109498,-0.572541595
4073,-0.209169611,0.554406166
4074,-0.114093304,-1.144606948
4075,1.260890484,-0.453159332
4076,-0.284322321,0.094627187
4077,-1.951607466,-0.253166050
4078,0.748611152,0.943787217
4079,-0.591759264,-0.777313828
4080,-1.263261318,-0.510349810
4081,-0.391530335,-1.030879021
4082,-1.606173396,-1.151650906
4083,-0.703129709,-1.070349455
4084,0.329324245,-0.041541088
4085,0.305182725,-1.468535066
4086,0.220883012,0.131713629
4087,-0.434210062,1.728586435
4088,-0.013849482,-0.352451086
4089,-0.388107270,0.175613195
4090,-1.182687283,0.745028317
4091,-0.893094182,-1.578229189
4092,1.549555779,-0.271293283
4093,-0.029704820,-0.170737192
4094,-0.520947397,0.044439547
4095,-0.161073953,-0.130120039
4096,2.427408218,-0.900853038
4097,0.925029933,-1.355622768
4098,-0.622816622,1.092456579
4099,1.453974485,0.973189831
4100,2.735701561,-1.478961229
4101,-1.065784931,-0.622921109
4102,-0.827165604,-0.491518140
4103,-1.334751606,-0.853038132
4104,2.798496246,1.277714014
4105,-0.472971559,-1.274263501
4106,-0.588197470,-0.358799100
4107,-0.407537490,0.195109248
4108,0.398506880,-0.247743994
4109,-1.258462906,1.106817603
4110,0.239121333,-0.164859578
4111,-0.484266996,-0.207277894
4112,-1.845338941,2.319038153
4113,-0.985340476,-0.971594691
4114,1.714820147,1.240246773
4115,1.697278261,2.040945292
4116,-0.112276822,-0.148159966
4117,-1.188086271,-0.631456316
4118,0.243309200,2.570914268
4119,0.624899387,0.448991299
4120,0.143938661,-0.177749515
4121,0.848706007,1.456748962
4122,3.248639822,-0.822211623
4123,-0.343792677,2.964243174
4124,1.327361465,-0.273280710
4125,-1.387538075,1.695777297
4126,-0.132958174,-0.840672612
4127,1.696879148,0.617320895
4128,0.516546309,1.572425604
4129,0.282066792,1.049020290
4130,2.157846451,-1.578623176
4131,1.117695093,-2.265209198
4132,1.014907956,-0.013883159
4133,-1.015279174,-1.036124587
4134,0.950197339,1.183982491
4135,-0.729340076,-0.327564120
4136,-1.660670280,-0.001422822
4137,0.997056842,2.196722746
4138,0.083845466,0.204187527
4139,-1.827573538,-1.686999083
4140,-0.351410568,3.321483612
4141,-0.600227535,-0.560755670
4142,1.195693851,-0.137527794
4143,0.509841621,-1.220227122
4144,0.180695668,-1.304569721
4145,0.091598332,-0.082073689
4146,-1.465138435,1.165190458
4147,-0.686945081,-0.720679164
4148,0.235139892,-0.624308646
4149,1.685538888,1.010047197
4150,2.032827139,0.123663709
4151,1.616575122,-1.405160904
4152,0.960064590,0.600071967
4153,0.135857388,0.349410295
4154,2.065647602,-1.150158882
4155,-0.840797901,1.373667598
4156,1.186533928,0.026639409
4157,0.005144734,-0.239878029
4158,0.465098947,1.457023025
4159,-0.393692970,0.249080062
4160,1.497601151,1.044503689
4161,-0.722716570,-1.120947838
4162,-0.724324763,-0.175996259
4163,0.183272481,-1.426432610
4164,-2.125442266,3.399125338
4165,0.496217221,-0.203839272
4166,1.116673231,-0.091476157
4167,-0.525795221,-1.754760742
4168,1.308371782,2.144590616
4169,0.296172738,-1.066740036
4170,1.076749325,1.124747038
4171,-0.804653406,-0.316168189
4172,0.629773915,-0.736982226
4173,0.402771115,0.712876797
4174,0.166299105,-2.139121056
4175,1.663040161,-0.775273144
4176,0.174801812,1.042243361
4177,1.806401968,-2.581671715
4178,-0.358208537,-0.674337327
4179,-0.142973810,0.167598769
4180,0.691584468,-1.337185383
4181,1.464005828,-1.865579009
4182,-2.800784111,-1.418475747
4183,0.653146088,0.732647836
4184,0.248764873,0.476612210
4185,-0.115522288,-0.007980198
4186,-0.399906933,-1.219693303
4187,-0.111053944,2.724740982
4188,2.227340698,1.266861081
4189,-2.029023170,-2.886992455
4190,0.159834713,-0.030556999
4191,-1.035241127,-1.227346420
4192,0.536408901,0.680002987
4193,-2.403590679,1.331266880
4194,-1.278174877,-0.217241049
4195,-3.192251444,-0.829679966
4196,-0.897555351,-0.801029027
4197,0.963714361,1.229783416
4198,-1.998464823,-0.944402695
4199,-1.921667337,0.070578933
4200,-0.923889518,0.129630893
4201,0.408604980,-0.809863985
4202,1.421268940,2.133519888
4203,-0.368001431,1.449265003
4204,0.310486138,-3.560619354
4205,-0.726377964,-0.133969039
4206,1.171300411,-1.254220843
4207,-0.053165570,1.152130961
4208,-0.561142683,1.161788702
4209,-0.481118560,-0.583842218
4210,0.877333581,0.374805987
4211,-0.168762207,0.810544014
4212,2.015486002,-2.223157406
4213,-2.542473555,1.540983796
4214,-0.036667839,-0.245819330
4215,0.918274879,-0.987026870
4216,0.269299269,0.935083210
4217,-0.876913249,0.551051617
4218,3.561233044,0.416146278
4219,-1.061740041,1.396670938
4220,0.748578429,4.902594566
4221,-0.137582973,0.700807333
4222,-0.869003236,0.353097260
4223,-1.011426330,-0.375644058
4224,-0.981869161,0.625031829
4225,0.375152946,-1.309004784
4226,-1.129507899,1.115635037
4227,0.426143855,-0.100416869
4228,1.833343506,0.883992493
4229,0.161984950,0.010210927
4230,0.143223077,0.169478387
4231,2.396409035,-0.220846474
4232,-0.052908048,0.113007784
4233,-0.556690633,-0.652560592
4234,-1.483745813,1.552871704
4235,1.150027037,-1.330592155
4236,-0.170909256,0.189257354
4237,-0.893957376,-0.457195759
4238,-0.313514888,2.024493694
4239,-0.163420394,-0.351102293
4240,1.710456491,-0.699434459
4241,0.196738988,2.072643042
4242,0.226982594,-1.375938058
4243,-1.094436407,-1.293848038
4244,0.619901299,-0.240725696
4245,-1.085048556,0.167239308
4246,1.364053130,-0.107088268
4247,0.645518899,-1.377417326
4248,1.958396673,2.006459236
4249,-1.676264286,-1.790069342
4250,-0.171317011,-0.117138945
4251,-1.474652529,0.754671812
4252,0.220251814,0.098386720
4253,0.282788694,-0.108403467
4254,0.449775696,-1.116991997
4255,0.153267443,1.674564004
4256,1.238634825,0.487932146
4257,-2.886486769,1.869873285
4258,-1.295332909,-0.948544741
4259,0.835921586,1.082546592
4260,1.106468439,0.507118762
4261,0.111198716,-0.219514385
4262,-0.576484442,0.130227044
4263,-0.821181297,0.139366567
4264,-0.846301794,1.055636048
4265,-0.751817226,1.227651119
4266,-0.532944679,-1.605323076
4267,-2.739386797,-0.073619008
4268,2.575576305,1.630004525
4269,2.035885334,-0.736083388
4270,-0.550805569,-2.098007202
4271,-0.164527953,-0.170112893
4272,2.076500893,0.053714395
4273,-0.649437606,0.680212021
4274,0.311957330,0.488255799
4275,3.039242983,3.280184269
4276,1.068286538,0.984146357
4277,-0.646569073,0.365287572
4278,-0.471271753,0.844936848
4279,-0.390308082,-0.341237545
4280,0.328070879,-0.908724308
4281,1.321796894,1.111335516
4282,0.348544478,0.104427099
4283,0.358173311,0.251542568
4284,0.536997020,-1.510403395
4285,-0.562406480,-1.510296464
4286,1.703479886,-0.829567969
4287,0.972287297,0.224203289
4288,0.447776020,-0.051467814
4289,0.157290548,-0.065893136
4290,1.748189330,1.735172868
4291,-2.166390181,0.663514018
4292,1.067338943,-0.842590809
4293,-0.149981543,0.146245390
4294,-1.892229319,-1.180840969
4295,2.612024784,-2.471004725
4296,1.496469975,-0.156634033
4297,0.840430439,2.280863285
4298,-1.657635450,0.894277334
4299,0.248556033,0.872823596
4300,-1.219939590,-0.719506502
4301,-0.256892622,-0.942197859
4302,-0.063277461,0.124947712
4303,0.538058996,1.431947470
4304,0.384520352,2.086430311
4305,-0.700097561,1.872095585
4306,1.713854432,0.586231947
4307,-0.662841082,0.109361768
4308,-0.026044257,-0.286577731
4309,-1.562743902,0.168601573
4310,0.783455133,1.153854966
4311,-0.288692534,0.682973742
4312,-1.650054932,0.635188460
4313,0.923702836,-0.824743927
4314,0.332860768,1.821745872
4315,0.890054762,-0.958918571
4316,3.190736294,-1.994721532
4317,0.368438423,-0.199329197
4318,1.933793664,-0.354687184
4319,0.428963631,-1.137014866
4320,-0.779580057,-1.308359385
4321,-0.779309571,-0.634120643
4322,0.274447441,0.478061080
4323,0.156847835,-0.200460792
4324,-1.779978275,0.448583782
4325,0.079415128,0.180803090
4326,1.652665615,-1.190443754
4327,-0.251176625,1.332093596
4328,0.026875980,2.732922316
4329,-0.409227967,1.691186190
4330,1.668140292,0.003655754
4331,0.844845772,0.245830238
4332,-0.901023448,0.323977858
4333,-0.922232032,-0.195109993
4334,-1.234670877,0.796648383
4335,0.325116098,-0.227736384
4336,2.483320236,0.036714964
4337,-0.969853878,-2.131442785
4338,0.170391947,-0.143280581
4339,0.049757063,0.575601041
4340,0.980882406,0.740538120
4341,1.436953664,-1.787045836
4342,-0.905711114,-0.122042358
4343,-0.157026470,-0.321318507
4344,0.031038109,-0.509639919
4345,0.042403877,0.639125764
4346,-1.246640682,-1.277678251
4347,-0.740534604,-0.025372207
4348,-0.280497789,0.224522367
4349,-1.847609282,-0.055080891
4350,-0.621842027,-1.076655865
4351,1.247146726,-0.154565394
4352,1.302927256,-1.323427558
4353,0.281762570,0.903038144
4354,1.819703937,0.323686242
4355,-0.063110664,-0.172725067
4356,-1.968579888,0.517833471
4357,0.116787076,2.193862677
4358,-0.717079818,-0.257765234
4359,0.153484032,0.070870660
4360,-2.500070095,-1.730966091
4361,-0.966867328,2.889914513
4362,0.068125129,-0.143226698
4363,0.366706967,0.213001549
4364,1.157764435,-0.593992293
4365,-0.478329688,0.494418770
4366,0.004404664,-1.972155213
4367,-0.715589881,1.096531868
4368,0.465795159,0.629493296
4369,-1.125133395,-1.267992854
4370,1.923023939,-0.557917595
4371,0.326867670,-0.429895818
4372,-2.078170061,-1.850136876
4373,-1.322506070,0.042235732
4374,2.962754726,-1.114233851
4375,-0.359780490,1.251020908
4376,0.181786850,0.321183026
4377,0.186050594,0.773064554
4378,-0.453555524,0.904615164
4379,-0.307933450,-0.789937139
4380,-0.107808352,-2.406849384
4381,-1.452360153,1.436451554
4382,0.921585262,0.979324639
4383,2.377434731,3.130036831
4384,-0.394716501,-0.170749322
4385,-0.557526290,0.449315310
4386,-0.106467322,-0.636771441
4387,0.218374819,-0.802201986
4388,-0.483051181,0.289680392
4389,1.358450770,-0.231469244
4390,1.022537947,3.377569199
4391,0.397989839,-0.141616464
4392,0.156627268,0.908505380
4393,0.596293032,0.781263947
4394,1.672881484,-1.830083132
4395,0.086689003,0.266483009
4396,0.561490297,-0.550433874
4397,-0.093210779,-0.284338236
4398,-0.420852929,0.436692417
4399,0.650069118,0.962677717
4400,0.401619375,0.409588337
4401,0.113399118,2.024776936
4402,-2.103569746,0.094308376
4403,0.300294161,3.496739388
4404,-0.619791448,0.472061008
4405,0.073796213,-1.062567234
4406,-0.854987979,-0.918683767
4407,-1.040244102,-2.514360428
4408,-3.150907040,-2.604954720
4409,-0.253900260,0.569064319
4410,-0.161115453,-0.859206557
4411,1.542629719,-1.045858979
4412,0.265938878,0.800314724
4413,0.029031679,-0.359141231
4414,-2.494552135,-0.333484441
4415,0.202153713,-0.068321005
4416,-1.755280972,1.970100522
4417,1.331555963,2.869870186
4418,-0.087246917,1.287788510
4419,0.907391548,0.129174054
4420,-0.296564460,-1.401369214
4421,0.485307395,-0.805867314
4422,0.843375862,-0.572054148
4423,-2.288705826,-0.990161180
4424,-0.174955666,-0.416428566
4425,-1.018757582,-0.034081340
4426,-1.415923595,0.386052012
4427,-2.496343613,0.371912181
4428,-0.566321373,-0.820569336
4429,-0.961358309,0.402606487
4430,0.242035955,-0.223600268
4431,0.791166306,0.198910475
4432,-0.577244103,1.700916529
4433,0.069821239,-1.652430058
4434,0.432717562,-2.468041897
4435,-0.704510093,0.960439384
4436,-0.387134582,-0.197324246
4437,0.193663642,0.072358668
4438,0.491015017,0.705759764
4439,-1.076477051,0.530856788
4440,0.512288570,0.938636482
4441,-0.491742730,-0.978236437
4442,-2.573342800,1.519103169
4443,-0.408994436,-0.441070378
4444,-1.238411903,-0.580440998
4445,0.252605021,-0.180378377
4446,-0.506768227,0.151903272
4447,-0.264201760,-0.007502958
4448,1.230581403,-1.503014326
4449,-1.738894463,0.878120184
4450,2.626752615,0.751694381
4451,0.563860536,-0.643015206
4452,1.742226720,1.639981270
4453,0.212290227,-0.389728844
4454,0.184895843,0.359584987
4455,1.116377950,0.294170588
4456,-0.377746046,2.132436752
4457,-0.231296659,-1.930826306
4458,0.089559793,-1.116564631
4459,0.424987733,1.566466928
4460,-0.131390870,-1.777958512
4461,-1.460442185,-0.947486579
4462,-0.156061038,2.260299206
4463,2.021955729,0.011268452
4464,-0.540770352,-1.644561529
4465,-1.156403661,0.351396501
4466,0.198116705,0.021020301
4467,0.092248544,1.274007559
4468,-0.054709285,0.031418383
4469,0.697729230,-1.243306160
4470,-0.201774344,0.051740833
4471,2.491751909,0.461961657
4472,-0.345201850,0.938138068
4473,-0.060151905,0.170250207
4474,0.151103228,-0.089052998
4475,-0.587400138,0.712626338
4476,-0.014852732,0.232275248
4477,0.802187979,-0.728224099
4478,-1.168959379,0.731633484
4479,-0.785168588,-1.430249214
4480,0.676678836,0.393244803
4481,-0.835743666,-0.632499099
4482,-0.177685037,0.390227407
4483,0.074233651,1.641559958
4484,0.008949384,-0.165595829
4485,0.564116955,1.293739676
4486,0.090085089,-1.623023868
4487,0.360748172,2.422973633
4488,-1.075035453,0.191422731
4489,0.172079802,-0.412197769
4490,0.671814859,0.938178062
4491,0.967956960,0.452558309
4492,1.044886351,-0.228154704
4493,2.720192432,-0.524799347
4494,0.721122921,-1.502480745
4495,0.100215971,-1.342506289
4496,0.486386538,0.560770750
4497,0.255701542,-1.192385793
4498,0.249139547,-0.831010044
4499,-2.591905832,2.476732969
4500,0.469933391,-0.720707357
4501,-1.182647347,2.003281832
4502,0.172465801,-2.013049126
4503,-0.364758343,-0.191558808
4504,0.564630628,1.563696384
4505,-1.701589227,0.196156710
4506,0.026351586,-0.932955086
4507,-0.854287326,-0.032502651
4508,0.575125933,-0.391761839
4509,0.890450001,0.036686700
4510,-0.551814795,-1.032911777
4511,0.645220220,0.508599818
4512,1.138986111,-1.065283775
4513,-0.113904364,-0.245346323
4514,2.114811897,-1.171114206
4515,-3.338659763,-1.262523413
4516,-0.143372476,0.126073658
4517,0.845372140,0.233632982
4518,-0.196443707,0.106497139
4519,-0.187662616,0.042695753
4520,1.907528520,0.045417134
4521,-0.280520201,-0.698815286
4522,-0.029330082,-0.185544640
4523,0.185786724,0.044350475
4524,2.081563950,1.792808652
4525,-0.466178834,-0.497930586
4526,-0.568287849,-1.946888208
4527,-2.140519619,2.126940966
4528,-1.565404654,-0.360213876
4529,-0.627039492,0.118659541
4530,-1.914106250,1.278134108
4531,-0.360126674,0.208166033
4532,0.391210735,-1.224301577
4533,-0.606788874,1.403407454
4534,-0.166218877,-1.171258211
4535,-0.601237059,0.811989069
4536,-1.123087645,0.368211210
4537,0.058483630,0.459970206
4538,-0.774147868,-0.691837549
4539,0.086328924,-1.369877338
4540,0.719926476,-1.212346554
4541,0.193293631,-0.182614967
4542,0.703381658,-0.392217010
4543,-0.298965991,-1.768767595
4544,-0.825623274,1.380626917
4545,-0.238170221,0.196692020
4546,-1.686087251,2.101348639
4547,1.765234947,1.707722664
4548,0.380009741,0.244632542
4549,-0.038503140,1.270932436
4550,-3.403212309,-0.674551010
4551,0.441810489,1.510864973
4552,0.149936318,-0.763931870
4553,-3.667770386,-0.857424140
4554,0.951092005,0.109893024
4555,-0.959319592,0.540919960
4556,-2.425176859,1.555086851
4557,2.777422905,-1.321066499
4558,1.084074020,-0.243157044
4559,0.490697980,0.196349055
4560,0.784607649,0.403321147
4561,-0.834075332,0.594060540
4562,0.699541688,0.002137713
4563,-0.150744706,1.011909485
4564,-0.530296862,1.620063543
4565,-1.018818378,2.426808357
4566,-0.579315186,-1.392489314
4567,-0.167455226,-0.187550932
4568,2.974429131,-0.719220400
4569,-1.896038890,-1.507987738
4570,-1.715197444,-0.244132221
4571,-0.339027643,-0.359292150
4572,1.171948314,-0.554312408
4573,-0.606972396,0.284784108
4574,1.142843723,-0.891832054
4575,0.228394657,0.055653412
4576,2.560762167,-0.278213024
4577,-0.234564573,-2.036000013
4578,-2.213439941,0.832374871
4579,0.680243611,-1.114692330
4580,-0.282005697,-0.298471361
4581,0.549568057,1.304373384
4582,-0.039174717,0.168359429
4583,-0.025063578,-0.331331253
4584,-0.300725460,1.080327034
4585,0.659775734,1.100304961
4586,-1.212396741,2.338550568
4587,-1.493467808,-0.173534527
4588,-1.745738149,0.342151046
4589,0.132388934,0.068275742
4590,0.958166242,0.612184703
4591,1.020549774,0.485553265
4592,4.172008038,0.369345129
4593,0.125097305,-0.829331696
4594,0.840733707,0.063713096
4595,0.055789307,0.774880230
4596,-0.122205347,-0.590547979
4597,0.299195737,1.619916916
4598,-0.882985830,-0.169491112
4599,-0.813608408,0.813827336
4600,0.759775937,-0.697796643
4601,-0.136879563,-0.072900727
4602,1.754973650,1.607297421
4603,0.709432721,0.361519963
4604,-0.180454135,0.487061679
4605,-0.701304615,-2.909455061
4606,-0.655308843,0.910818875
4607,0.594168901,-1.870000362
4608,0.380373597,-0.741116583
4609,0.221885115,-0.635898948
4610,-1.073834896,-0.491348445
4611,1.254599333,-0.520111084
4612,0.587862551,1.063324451
4613,1.828860521,3.722048759
4614,-0.217370927,0.530664384
4615,0.968695521,1.112779379
4616,-0.119334973,-0.170743465
4617,-2.000084400,-0.511595488
4618,0.798366666,0.658418179
4619,1.583286047,-0.107845150
4620,-0.153393671,0.231190294
4621,1.563796282,-1.761882901
4622,1.248385191,0.785296619
4623,1.598840952,-2.726262569
4624,0.303687453,0.210105270
4625,1.629041910,0.338545859
4626,0.008098140,-0.295742333
4627,0.919454515,-0.541599631
4628,-0.077105075,0.062088057
4629,-1.566625834,0.111700535
4630,-2.462875366,-2.079027891
4631,0.746339440,0.045911849
4632,0.630285382,0.086307421
4633,-0.127220437,0.837889194
4634,-1.449923038,-0.050526023
4635,2.611005306,-0.208527476
4636,0.698649526,-0.408032507
4637,-3.970591307,-0.576031685
4638,-0.108836971,2.116787672
4639,-2.979491711,3.937570572
4640,0.299630195,-1.276660919
4641,-0.340525806,-1.364263296
4642,-0.309953451,-0.071821913
4643,0.021108229,-0.244920090
4644,1.536057830,0.807690382
4645,0.248217866,0.694366693
4646,-0.469021738,-0.085127205
4647,0.793285370,-0.944689631
4648,-1.241722226,-0.079213023
4649,1.752237558,-0.959062040
4650,-2.021213531,1.259130716
4651,-1.829421043,-0.073624015
4652,1.846463561,-0.433936149
4653,-0.266868740,1.646292448
4654,0.070244104,-0.043620408
4655,0.877815664,3.122417688
4656,0.464811802,-1.182033777
4657,1.473180532,-1.630359411
4658,1.223351717,-1.918493152
4659,1.534546852,-1.794951439
4660,-1.274202585,-0.868942916
4661,0.620335340,-1.076319456
4662,0.300565213,-0.378626436
4663,5.242441654,-2.243198395
4664,1.407201171,1.220895290
4665,1.125121117,-2.124651670
4666,-0.120248891,0.597593069
4667,-0.233816445,-0.422846884
4668,-0.219302967,-0.212594628
4669,0.119022340,0.178601637
4670,-1.135607243,0.015637398
4671,-0.413718224,-0.138091862
4672,0.381990850,-0.055506300
4673,1.198693037,-2.776807785
4674,-0.440155387,-0.429826796
4675,-0.793539405,-0.236407787
4676,-0.325558305,-0.498696327
4677,-0.509809613,0.398344666
4678,1.611562133,-1.644779801
4679,-1.119621992,-1.244288683
4680,0.581614494,-0.481128246
4681,0.297290087,-0.000850482
4682,1.008096218,1.119360209
4683,-0.625786602,1.385033131
4684,1.897695303,2.984086514
4685,0.005926101,0.222325444
4686,-0.858018279,0.619693398
4687,-0.027169392,-0.225466251
4688,0.007787764,-0.051455647
4689,0.011918934,0.384917259
4690,-3.234671831,-0.106224239
4691,0.805159211,0.794965267
4692,-0.499914527,1.701795340
4693,3.309740543,-0.327192664
4694,1.967630863,-1.083839178
4695,0.077535331,-0.705802321
4696,-2.306427002,0.717974663
4697,-1.120500207,-2.446745396
4698,0.260149211,0.046236340
4699,2.454045057,-1.379995584
4700,1.445194483,-1.107754588
4701,0.702253520,-0.517240703
4702,0.820084751,1.568056583
4703,-0.543427587,0.949246228
4704,2.275294065,-3.912224293
4705,0.436670959,-0.044061515
4706,-1.166707754,-1.277162433
4707,0.166777521,-0.223912477
4708,0.622270107,0.091997474
4709,-0.458397388,-0.207858384
4710,-0.598694682,-1.053232193
4711,1.346711159,0.339087903
4712,0.366943359,-2.778562307
4713,-0.188244492,0.126118824
4714,1.497607827,-0.170923606
4715,0.820405662,0.071799703
4716,-1.203468561,-0.588335872
4717,-0.159305960,-0.286928892
4718,0.003378301,0.295156598
4719,-0.556179106,1.999524355
4720,0.573430657,-0.709924877
4721,-0.428895295,-0.380655855
4722,-0.826483548,1.671129942
4723,-2.046298981,3.844467878
4724,0.491436809,-1.038574219
4725,-0.265993237,0.182798758
4726,1.106587291,-1.022536635
4727,0.915977716,0.431734920
4728,1.505544186,-0.459053338
4729,-1.602815747,-0.818490207
4730,-1.003441095,0.166085720
4731,1.371253490,-0.285893738
4732,-1.121214032,1.076325774
4733,-0.822317600,1.446885347
4734,-0.481997699,2.870447874
4735,0.218663335,-0.542343915
4736,0.298221916,0.811760247
4737,-0.458746970,-1.509464979
4738,-0.153951123,0.327266246
4739,0.070791900,0.814963341
4740,0.810603321,-0.293832004
4741,-0.563072443,1.115183949
4742,0.767903090,-1.457889676
4743,-0.576480150,-0.896077335
4744,-1.142592192,-0.420017362
4745,0.143716425,-0.387013495
4746,2.822781324,0.175519526
4747,2.684101343,0.169113219
4748,-1.638615370,-0.193688035
4749,-0.751060009,3.124140263
4750,-0.056771584,0.477082908
4751,-0.742331028,-0.677417874
4752,-2.369475365,0.709976196
4753,-2.866293430,-1.343821287
4754,0.244764403,0.179996207
4755,1.662358522,-0.071065396
4756,-0.509609342,-0.263677478
4757,-2.394467831,1.124643803
4758,1.677152038,-2.917035580
4759,0.158615768,-0.698727965
4760,0.775825977,0.672391295
4761,0.826020181,-1.308873892
4762,-2.816814661,1.951326013
4763,-0.170964241,-0.734492898
4764,0.153988808,0.219418868
4765,0.008512073,0.198295623
4766,0.420386404,0.457894623
4767,0.140254855,-1.458177328
4768,0.060671952,0.317544758
4769,0.383260310,-1.131097913
4770,-1.003929496,1.145740747
4771,-0.023355603,-2.325936794
4772,1.061507106,0.038433582
4773,-0.156247377,-0.607515216
4774,-0.624816775,-0.725786746
4775,2.089111805,-0.382019073
4776,-1.758373499,2.727039337
4777,-0.555340409,0.707802296
4778,0.737987995,-0.992048025
4779,1.613190413,0.067735195
4780,3.238826275,-0.424352765
4781,0.249124616,-1.371665120
4782,2.078749180,-0.272444904
4783,0.638956010,-0.478123426
4784,-1.965386748,1.024262190
4785,0.755303681,0.167281449
4786,1.083172321,-0.060427148
4787,0.602123201,0.873835921
4788,-0.882604718,-0.274566203
4789,1.020605087,0.694471359
4790,-0.702198267,-0.881541491
4791,0.224875003,-0.497679353
4792,-1.088062286,1.118685961
4793,0.492496103,-0.664163351
4794,-1.323521376,1.219587326
4795,0.146639556,-1.902737021
4796,-0.261311054,-1.307243824
4797,1.172061920,0.756733060
4798,1.666684270,-0.355590463
4799,0.582668781,-0.054731589
4800,1.377036572,-1.149309516
4801,-1.555222273,1.947428346
4802,-0.156508356,0.160431430
4803,1.094061136,0.098798215
4804,1.449657440,-0.321895480
4805,0.323982596,-0.018976726
4806,-1.127331018,-0.988886416
4807,1.489595890,0.644579291
4808,-1.538479447,-1.227653623
4809,-0.195070580,-0.049676105
4810,1.294549584,-1.485678792
4811,0.309590876,-0.392967522
4812,-0.006297708,-1.811052203
4813,-1.355297089,-0.399078846
4814,-2.121640444,-0.353877425
4815,-0.060107246,0.232907295
4816,-1.032019377,0.973617077
4817,-1.286352873,-1.096610308
4818,0.600613117,0.967083454
4819,-1.095210552,-3.484016180
4820,-0.577084363,-0.068814769
4821,-1.443170071,0.701957703
4822,0.599922299,-1.516273618
4823,-1.513966322,2.229549170
4824,0.360360563,1.030742526
4825,-0.021145990,-0.161801651
4826,0.571285129,-0.406990886
4827,-1.259775877,-2.193123817
4828,-1.081346989,-1.195873022
4829,-1.697121859,-0.543451071
4830,1.282344460,2.049138069
4831,-0.299424410,1.765840530
4832,-0.596048236,-1.681133628
4833,-0.619630039,-0.865895152
4834,0.693989098,0.789894223
4835,-0.090139635,0.376395106
4836,-0.759544671,1.231405258
4837,-0.974224746,0.950072050
4838,0.237837553,-1.994688153
4839,-1.242422342,0.734778523
4840,-0.485023677,1.395320058
4841,0.263503015,-0.179828435
4842,1.619386673,-1.528393507
4843,-0.582846642,-1.633503556
4844,-1.433440208,0.145090252
4845,1.554135561,0.454973578
4846,0.708457589,-0.265641183
4847,-0.766827822,-5.063166618
4848,0.024677791,0.275020093
4849,0.828138113,-1.306722999
4850,-1.382493019,-0.106065929
4851,-0.927386999,0.094448566
4852,-0.423608065,-0.257648110
4853,-1.214994669,-4.217460155
4854,0.566310823,0.578620672
4855,0.124860585,-0.553810298
4856,-0.832317829,-1.021217942
4857,-0.321389377,0.880250514
4858,-0.385481715,-0.560851395
4859,-0.991661668,0.281351805
4860,1.690392017,0.671203434
4861,0.014168322,-0.780534923
4862,0.253885567,-0.062251173
4863,0.007490516,-0.411318958
4864,3.227813244,-0.845960021
4865,-0.103546478,0.742194653
4866,-1.352720976,0.188938379
4867,0.930066288,1.719840765
4868,1.202530980,0.856783628
4869,0.165869415,1.991138697
4870,-0.696909666,-0.894118547
4871,0.173253193,-0.089821517
4872,0.497588694,0.228587717
4873,-0.529173911,-0.110863045
4874,0.901279390,0.544121027
4875,-0.727837980,-2.038410187
4876,1.039587975,-1.857371807
4877,-0.174590707,-0.821326792
4878,-0.305513203,-0.100553602
4879,-1.065649033,1.496829748
4880,-0.468059599,2.241554737
4881,0.588591933,0.441295862
4882,-1.629441500,-0.313628316
4883,-1.463697195,1.663948774
4884,-1.272046804,-0.328718871
4885,-2.101630449,0.366190910
4886,0.224554300,-1.834458113
4887,-0.094403744,-0.113698334
4888,0.393470734,-0.114549331
4889,1.290172100,-1.913322330
4890,-0.202576220,-0.862889588
4891,0.434322834,1.352061629
4892,0.812661767,1.427455068
4893,1.053042412,-0.842892468
4894,0.479735821,-1.459085345
4895,0.885846436,-0.875445724
4896,0.020560652,-0.268681884
4897,1.001616716,-0.186076671
4898,2.777278900,-0.685233712
4899,0.060895205,0.175516516
4900,1.862179995,2.561017990
4901,-0.114436597,0.146730661
4902,-0.506833434,0.233285666
4903,-0.600644112,-0.541052818
4904,1.093861818,-0.251704037
4905,1.299904346,0.009316113
4906,0.303843409,-0.046598431
4907,0.042550527,0.380453348
4908,1.616208315,-0.399970055
4909,0.429690480,0.440249205
4910,-1.099947214,-0.168763518
4911,0.553700686,1.160199285
4912,0.268342316,0.566730261
4913,0.175846785,-3.071473122
4914,0.563752294,2.757490635
4915,-0.021129370,-2.412005901
4916,-2.237813473,-1.048184156
4917,-2.020336628,1.271566153
4918,0.188295245,-0.187826306
4919,-1.091386795,0.186290503
4920,-1.997868538,0.670605421
4921,-0.035696816,-0.162045240
4922,0.559671462,-0.730440438
4923,-2.379866123,-2.277136087
4924,-4.369381428,-1.731868744
4925,0.803677261,-0.221344352
4926,0.242377758,0.027507458
4927,-3.829751968,0.873248100
4928,-3.059811831,-4.396738052
4929,0.315974414,-0.212558329
4930,0.709772527,-0.179070979
4931,-0.963692784,0.868735015
4932,-0.479663104,-0.528437972
4933,0.391742408,-1.659397244
4934,-0.760197878,-0.190959632
4935,0.340890527,0.070545733
4936,0.592696905,-0.838237166
4937,-2.411430359,-0.795460761
4938,1.015393853,0.826277077
4939,-0.670166612,-0.700214326
4940,-0.263765335,0.118198164
4941,3.432144642,0.681793571
4942,-0.784207284,0.481273621
4943,-0.367320210,-0.431042135
4944,1.508699298,1.341906071
4945,-1.150991440,0.031208575
4946,0.271262318,-0.354054093
4947,1.165820599,0.007814746
4948,0.085879922,0.048263073
4949,2.247253895,-0.851612508
4950,0.956252158,0.096459955
4951,2.471716166,-0.312398195
4952,1.921758413,1.736937404
4953,0.156335369,-0.810460210
4954,3.354023218,0.197548240
4955,-0.097382680,0.170734465
4956,0.771119714,2.343779564
4957,-2.314680576,-2.358682156
4958,-1.283898115,0.201792777
4959,-0.125820652,-0.281072557
4960,-0.384331286,0.574269176
4961,-1.130819082,1.096820712
4962,0.243615866,0.552069485
4963,1.194930792,-1.203034163
4964,-0.754546821,-0.164827436
4965,0.150345474,0.122328490
4966,0.389896512,1.339822650
4967,1.577890158,0.663550735
4968,-0.305099666,-0.775815010
4969,-1.084584713,-0.869733691
4970,0.831382930,-1.089193463
4971,-0.042751890,0.792177618
4972,1.301541090,-0.121810317
4973,-1.831293106,-1.384325027
4974,1.174021482,-0.936810553
4975,0.940627694,-0.045120697
4976,0.069702268,-1.759034395
4977,-0.049340479,-0.175520882
4978,-0.442773670,-0.622936606
4979,0.818570435,-3.497708082
4980,1.453909755,-1.500472426
4981,0.372914732,2.401468039
4982,0.035708576,2.161789656
4983,-0.645219803,0.110855259
4984,0.864525676,-0.179252535
4985,0.476364017,3.185688019
4986,0.781015813,0.662350953
4987,-0.025596797,-1.380897999
4988,0.638127804,-0.432712376
4989,1.254410505,-0.541786134
4990,0.480955184,-2.686017036
4991,-2.769749880,-0.842819571
4992,-1.460877657,-0.767697692
4993,-1.208565712,-0.744078577
4994,-0.311681449,0.581755877
4995,0.818452299,-1.700060606
4996,-0.884174228,-2.089354038
4997,-1.473327279,0.889420629
4998,2.589951992,-1.143342495
4999,-2.336891890,2.086238384
5000,0.143074811,0.158810407
5001,-0.753102303,1.279542208
5002,0.387968779,-0.277463198
5003,-0.827687800,0.558157325
5004,0.491945505,0.063199490
5005,3.603120565,2.028298855
5006,0.043549571,-0.152886719
5007,-0.002600551,-1.088468552
5008,2.512624264,0.009696200
5009,-2.734610558,-1.575458288
5010,0.009422630,0.770119190
5011,0.143741548,0.013084963
5012,-0.250482231,-0.233570486
5013,-1.713266730,-1.096174479
5014,0.289007813,-0.081901558
5015,-0.868913472,1.107302666
5016,-0.023909807,2.267915249
5017,-1.023268223,-0.372716069
5018,-0.233900771,-0.104365923
5019,1.836296797,0.314687282
5020,-1.025973558,0.570877969
5021,0.093380094,1.192794800
5022,-1.174706578,-0.024274826
5023,-0.581637740,0.075830311
5024,1.031678915,0.037661254
5025,1.511246681,-5.146487713
5026,1.330002308,-0.200072259
5027,0.427777052,0.402004093
5028,-1.832719922,0.535953045
5029,0.706694603,-1.750330448
5030,-1.050637245,-0.141948372
5031,1.214063883,-0.083474427
5032,-0.085899889,0.063030764
5033,-0.479815692,1.891432405
5034,0.350759029,-0.157629684
5035,0.060457952,1.126633644
5036,-0.790392399,-0.831936002
5037,-1.448751211,-1.727972031
5038,-0.697667360,-1.178530335
5039,-0.351791114,0.716454983
5040,-1.338119507,-0.160594583
5041,-2.164147854,-0.802471578
5042,0.058792602,-0.159003839
5043,-0.398877680,0.898051500
5044,0.606508970,-1.329925895
5045,1.008350372,1.484836102
5046,-1.347514033,0.279709220
5047,0.193242550,0.169066250
5048,0.350830615,-0.263217896
5049,-0.315378964,0.064763382
5050,-0.187468335,1.165298581
5051,0.169395193,0.615526438
5052,0.237933218,0.054902494
5053,0.009705305,-1.391659021
5054,-0.187128663,0.143466473
5055,0.222480714,-2.142703772
5056,1.597264290,0.256368697
5057,0.719332814,0.877664804
5058,-0.186958537,2.025534153
5059,-0.761394203,2.714733839
5060,-0.957621217,-0.259654939
5061,-0.031764090,-0.796060681
5062,-1.211462140,-0.855478823
5063,-0.059408352,0.458413929
5064,0.057947248,-0.504499972
5065,-1.709265828,1.455754399
5066,-2.094722033,2.242761612
5067,-0.772510231,-0.625406265
5068,-0.750027835,0.520551741
5069,-0.732746422,0.388762802
5070,-0.595620215,1.187535167
5071,-0.732073486,0.120879143
5072,-0.619022965,-0.039507568
5073,-0.151924640,0.779183626
5074,0.823882461,0.100200251
5075,-0.218585327,0.083824381
5076,0.553505659,0.238200530
5077,-0.792288303,-0.897599459
5078,0.260758579,2.847628832
5079,0.246251255,1.030077696
5080,1.133962393,-0.172996432
5081,0.757466435,-0.217475861
5082,-0.453483582,-2.724872589
5083,2.366610527,-0.549324334
5084,-0.087870419,-0.462908387
5085,2.302410603,0.191423401
5086,0.112872645,-0.307962865
5087,0.103430666,-0.205351532
5088,0.531338453,-1.179273367
5089,1.774186850,-0.767294824
5090,-0.029809387,0.255678505
5091,-0.511069357,-0.153440088
5092,0.667984128,-0.925762653
5093,2.022681236,0.736042380
5094,0.093262494,-0.832284212
5095,0.909863353,-1.659200788
5096,0.783810735,0.197388127
5097,0.452755213,0.246048689
5098,-0.469814301,-0.742469072
5099,-0.205220580,2.576382637
5100,-0.368060797,-0.050981656
5101,-2.062191010,-1.232528925
5102,-0.787116289,2.788161278
5103,-1.005684614,-2.086360693
5104,0.011953652,0.972126722
5105,0.427942216,-0.828174114
5106,1.412020922,-1.368981361
5107,0.520239890,1.052674532
5108,1.609296083,-1.230217218
5109,0.996047378,0.650475919
5110,0.429947734,-2.101165771
5111,0.208080739,1.356080413
5112,0.225869626,0.621711731
5113,0.543576956,-0.184491545
5114,0.374989182,0.096934535
5115,-0.271793962,-0.889801264
5116,0.091323629,-0.207588106
5117,0.311285287,0.192075104
5118,0.850311697,-0.099100202
5119,0.745850921,0.821909666
5120,0.195484325,-0.583551347
5121,-0.962301254,-1.958245993
5122,0.358904719,1.794772148
5123,-0.386915803,0.300627530
5124,0.394993663,0.604914963
5125,1.462431908,0.152229905
5126,0.436409175,0.296038359
5127,1.571002483,-2.037926197
5128,0.792102277,-0.211553082
5129,-0.078464054,0.196869597
5130,-0.259401113,-0.134576842
5131,3.448278904,-0.666894794
5132,1.854458809,1.805536032
5133,0.331765890,0.470706344
5134,0.121389180,1.042313814
5135,1.552808404,-3.348407269
5136,0.364319324,4.010369301
5137,0.496901691,-0.203498155
5138,0.986895978,-0.318424553
5139,1.642656446,0.532319427
5140,2.191377640,1.216300368
5141,0.207128614,-0.317544758
5142,0.388706028,-1.873764515
5143,-1.592951775,0.285337210
5144,-2.434606791,2.619334221
5145,0.469062686,1.696268559
5146,1.378429651,2.081543684
5147,0.550221205,-0.535081029
5148,-1.186223507,-1.872079134
5149,-0.635319710,-0.276905000
5150,-1.531825066,0.765006304
5151,-0.277385682,1.436117291
5152,0.232202888,0.830362737
5153,-3.168863535,0.506697893
5154,1.592013717,0.121813372
5155,0.404755950,-0.313524723
5156,-2.387957811,-1.260514617
5157,0.805818498,-0.818387091
5158,0.423745304,1.837026358
5159,-1.544327378,0.212197423
5160,-0.189924955,0.425630808
5161,-2.187591553,0.772114992
5162,0.241694331,-2.139168262
5163,-1.348494411,1.528633475
5164,0.583045006,-0.953580320
5165,0.138584495,-0.461110532
5166,1.168412447,-0.325605780
5167,0.174658895,0.064249784
5168,-0.083281845,-1.859293342
5169,0.493738264,0.437995732
5170,-0.181263983,-0.244830966
5171,-2.491835117,-0.411174893
5172,-0.089569807,-2.155580282
5173,-0.865299463,1.431234598
5174,-0.355603814,-0.152493954
5175,-1.091185570,0.597678900
5176,-0.793510258,2.251833439
5177,-0.785599053,-0.889486194
5178,-0.208516747,-0.185477227
5179,0.249123335,-0.199787989
5180,2.194308758,0.886128545
5181,0.120805696,-0.230684727
5182,0.291298270,0.269865364
5183,-1.022327781,-0.514756203
5184,0.313022554,-0.103752255
5185,0.322841287,0.223093301
5186,-0.221615762,1.042441010
5187,-1.155522466,2.469147682
5188,-0.236668020,-0.259779930
5189,-0.968892336,-0.659450948
5190,0.443753898,-0.390774101
5191,-0.181312174,1.742013574
5192,0.230082318,-0.163217455
5193,0.225402638,-0.390425205
5194,0.968419075,-2.101733208
5195,-2.983383179,-0.888190269
5196,-0.979869246,-0.603149712
5197,0.954431117,0.179092646
5198,0.623370171,0.045879547
5199,0.406757951,0.133170009
5200,0.312878191,-0.384496897
5201,0.788375974,-0.465263486
5202,-0.032941878,-1.474318743
5203,0.220456362,0.172958016
5204,-0.213900849,0.114124417
5205,0.356182247,0.054631904
5206,0.184571266,-0.086416744
5207,-0.775423050,-1.541993380
5208,1.894092321,-2.221296072
5209,-0.606660664,-1.389324665
5210,1.450124383,0.645075619
5211,-3.069347143,0.727724075
5212,0.895911574,-2.868628502
5213,-1.839537978,0.017498970
5214,-1.335031033,0.620516777
5215,0.574274600,0.316653609
5216,0.978733420,-2.164655685
5217,-0.081294239,-0.146330178
5218,1.762774229,0.347468078
5219,-0.084903769,-0.458933413
5220,0.206206307,-0.162499487
5221,2.150402308,2.125047207
5222,1.450563312,-0.101701051
5223,-0.032231607,1.205855012
5224,-0.213357553,0.215608269
5225,-1.899151564,0.971217394
5226,-0.286922127,2.002407312
5227,-3.254934788,-0.195054382
5228,2.098319769,-0.075063914
5229,-2.377097607,2.634398937
5230,-1.643423796,1.956196189
5231,0.726379097,1.539187670
5232,1.188507915,1.621096849
5233,1.400851607,0.383709133
5234,0.787494302,-1.312739968
5235,-0.813721299,-1.086797714
5236,-1.698645115,-0.674708128
5237,-1.105029464,-0.742472768
5238,-1.536921978,-2.212229252
5239,-2.019790173,-0.012237668
5240,-1.137462616,-0.121413946
5241,0.161676466,0.949301541
5242,-1.377001166,-0.293679059
5243,-0.156899214,-0.754641533
5244,0.122511417,-0.236497045
5245,0.505984187,-0.422832429
5246,0.119794011,0.323176682
5247,0.409504056,-0.161966398
5248,-0.873627722,0.160492271
5249,0.042807698,-0.874337196
5250,0.185157776,-1.678943157
5251,0.760484636,0.949673653
5252,0.536590278,-1.019284606
5253,-0.343425572,-0.723551452
5254,-2.158265591,-1.222841144
5255,-0.982008159,0.682548165
5256,-0.529725909,1.117937803
5257,-0.764829934,0.834455609
5258,-3.381179810,0.549968004
5259,1.276617408,-2.374788046
5260,-0.021888278,0.550255716
5261,-0.897289038,-1.845070839
5262,-3.662586212,-0.944434285
5263,-0.226400971,0.009708613
5264,-0.581693649,0.372311890
5265,-0.256084293,0.172681183
5266,-0.312239110,0.738442063
5267,-2.196018934,-0.103279233
5268,0.150804192,-0.212068900
5269,-0.557046711,-0.121975079
5270,-0.989989221,0.431803644
5271,1.357676744,-0.886978984
5272,2.670035839,-1.643736839
5273,-0.062412675,0.186593980
5274,-0.623408258,0.983702302
5275,-1.172045469,-1.737761736
5276,1.099401951,0.309657454
5277,0.812504768,1.826770186
5278,1.646955371,-2.859635592
5279,-0.033649944,-0.201654062
5280,0.064484566,1.313100576
5281,-1.135484219,-0.642653883
5282,0.230898529,0.320673585
5283,-0.046366818,-0.579402268
5284,-0.614543736,-0.206950396
5285,0.107597530,0.379425466
5286,-0.747415006,-0.752327919
5287,0.457849145,-0.812529564
5288,0.375042379,0.998264611
5289,-0.698766947,-1.848716974
5290,-1.660383940,-1.465608478
5291,-0.128241405,0.112972438
5292,0.532751918,0.469709337
5293,-0.040544644,1.183324575
5294,1.170513630,-3.176506996
5295,-1.807900429,1.729005814
5296,0.467940211,1.021121979
5297,0.236021385,0.752907932
5298,-1.810078859,0.888336599
5299,1.420810103,-1.351196051
5300,0.724144936,-0.158432022
5301,-0.129366100,-0.182341233
5302,-1.506869555,4.156702518
5303,-0.110869169,-0.153793752
5304,1.434517622,1.474964976
5305,-0.692567885,-1.169788361
5306,-0.870311916,1.081797242
5307,-4.199301243,-1.215766907
5308,-2.331959009,0.583270073
5309,-0.885742307,-0.627777696
5310,0.007923484,-0.898231864
5311,2.651787758,2.699846029
5312,0.511067271,-1.029483080
5313,-0.504632115,0.649388194
5314,0.179424465,-0.242976397
5315,-1.588816166,-1.310921073
5316,0.967760444,1.694438577
5317,1.214965105,0.512732685
5318,-0.862623096,-0.970108747
5319,-1.936824799,1.582589865
5320,-0.643694997,-0.327793300
5321,-1.989469767,-2.983994007
5322,0.517526388,-0.127259254
5323,-0.604983151,2.124107838
5324,0.872932673,-0.753121972
5325,-0.906137347,1.848563433
5326,-0.393124521,0.096269831
5327,-1.697532177,-0.254733026
5328,-2.837702274,-0.725963473
5329,-1.343235731,2.758740902
5330,-1.697138548,0.054206192
5331,-1.460847974,0.189683318
5332,-1.978018880,1.319483161
5333,0.954617262,-1.709724426
5334,0.575121999,-0.438102692
5335,0.043018717,0.407166839
5336,-0.360954762,-1.290162444
5337,-0.523550272,0.265380532
5338,0.543948233,0.062130835
5339,0.530619502,-0.012256825
5340,0.597067773,0.886543512
5341,-0.848058641,1.795392036
5342,1.755881548,-1.102758527
5343,-0.510435820,-0.756335020
5344,-0.731930971,-0.954648852
5345,-1.071172714,-2.744863987
5346,0.916721463,0.728572369
5347,-0.768091202,-0.701086998
5348,0.572757840,1.262286305
5349,-0.502137423,-0.974914670
5350,-1.550865769,0.629504919
5351,0.742912173,-1.476987720
5352,-0.099533930,-0.190404311
5353,-0.033235893,0.428636461
5354,0.247984856,0.167204022
5355,0.968947768,0.697725952
5356,0.305230081,0.046958838
5357,-1.888624668,0.592929482
5358,-0.760290265,-0.883193851
5359,-0.287380189,-0.461066812
5360,-0.055173554,0.328475118
5361,0.796938658,-1.364230037
5362,-1.255049586,1.296815872
5363,-0.915826142,1.827319145
5364,-1.042380929,-0.576291203
5365,0.588436782,0.569477141
5366,0.938465953,2.418185711
5367,1.140295506,-0.442446202
5368,-0.616211653,-0.581038892
5369,1.070834756,-1.280950069
5370,0.438324153,-0.357852101
5371,1.128346324,-0.746127844
5372,0.243141383,0.762322664
5373,2.828462601,3.388975382
5374,0.479562163,0.199315757
5375,-0.256909877,0.213777721
5376,-2.006330967,-0.288643718
5377,1.012460947,-1.780124307
5378,-0.387405932,-0.357740581
5379,2.684188128,2.317042112
5380,2.095926762,2.292054653
5381,-0.685513377,-0.458389431
5382,0.672455847,-0.984943509
5383,0.366637588,0.034916401
5384,-0.693585336,-0.837857246
5385,-0.268917620,-0.161946505
5386,0.212269247,-0.155077130
5387,-0.219850212,-0.137478754
5388,0.868789434,-2.297345400
5389,1.763365746,0.148714423
5390,-0.408912063,-2.205408096
5391,-0.085214116,0.556299686
5392,-0.130115569,-1.719703913
5393,-2.077456474,-1.383067727
5394,-0.497102290,-1.021514893
5395,0.423297465,-0.017926186
5396,-0.716536522,-1.813057065
5397,0.492548168,-0.272719502
5398,0.821208835,-1.451743126
5399,1.654590249,1.479095221
5400,1.274662614,-1.010799885
5401,-0.568944991,0.356892258
5402,0.298837960,0.400999159
5403,-0.712116539,0.615256369
5404,0.950846314,-0.179944813
5405,0.274675369,0.067782544
5406,0.017931938,-0.486079365
5407,-0.200760841,-0.278678060
5408,0.454802275,0.558237612
5409,-0.511110902,-0.991837561
5410,1.927481651,-0.147349358
5411,2.021842241,-0.181546092
5412,1.092727304,-1.998015881
5413,0.671280682,-0.732241511
5414,0.401762158,0.933164001
5415,1.628325462,-1.166260958
5416,0.866313457,0.691086411
5417,0.796757460,-0.523444653
5418,-1.140977859,0.119739711
5419,-0.771004915,0.079769671
5420,-1.134279251,-0.922150254
5421,-1.033916354,-0.417170525
5422,0.261602789,0.312606037
5423,0.067810826,0.165511429
5424,-0.074560821,0.470204622
5425,0.231171370,-3.616240263
5426,-0.155786633,-1.015404344
5427,-0.088710010,-0.683606267
5428,-0.639627874,-1.872818112
5429,-0.605518520,-1.441770792
5430,-1.346613884,-0.566729307
5431,1.207296610,-0.748061597
5432,0.235487267,0.343753964
5433,1.065304518,-0.123262271
5434,2.676891804,0.990086496
5435,-0.568918228,-2.061959267
5436,0.683589458,1.875201106
5437,-0.936106920,1.581700444
5438,-1.330454350,1.757071018
5439,-1.148565054,0.031326756
5440,0.674236238,-1.004858255
5441,-1.077990413,0.443334430
5442,1.187062383,0.425069362
5443,0.287717521,1.886253953
5444,-1.891733646,-0.249805599
5445,0.452141762,0.753867030
5446,1.595857620,-1.800925136
5447,0.339580983,-0.417020261
5448,0.945068717,0.455445111
5449,1.763084888,-0.892550945
5450,-0.877865851,1.895036221
5451,0.548309147,-1.413823962
5452,1.054843426,0.892872870
5453,0.627224445,0.096349522
5454,-0.574884057,-0.166431636
5455,-0.164891481,-1.021868467
5456,-0.670962393,0.203521430
5457,-0.507405162,0.214030445
5458,-1.060932159,-2.235073566
5459,0.093604624,0.129399270
5460,-0.495686322,-1.617618799
5461,0.047512129,-0.176977068
5462,-2.298181534,1.596995831
5463,-2.130199194,2.481499195
5464,-0.018952131,1.102662563
5465,0.151041150,-1.519215584
5466,1.543554306,0.437532842
5467,0.266518146,0.312922895
5468,0.102934480,0.870485902
5469,-0.707488537,0.973103642
5470,1.305316329,-1.912399530
5471,-2.148669004,1.228919268
5472,-1.866591454,-1.817363262
5473,0.962179005,-1.359566689
5474,1.897594333,0.376623869
5475,2.632097244,0.076000333
5476,-0.720333397,1.618565559
5477,-0.816306710,-0.458627492
5478,0.672509193,0.160925224
5479,-1.589358091,0.683481157
5480,-0.966750324,0.663078666
5481,-0.295855820,-0.876480341
5482,-0.334752321,1.948855996
5483,0.664083362,-2.273189068
5484,2.088986874,1.043230057
5485,0.381075770,0.726556540
5486,1.047577739,0.805644631
5487,1.705986977,-0.962056279
5488,-2.254148006,0.876721621
5489,0.206967279,0.105653457
5490,-0.485892892,0.652680278
5491,-0.005337980,-0.188987821
5492,-1.168717623,-2.288961411
5493,0.122100323,-0.238841400
5494,0.479776919,0.241701603
5495,-0.515990555,0.161879480
5496,0.134846926,-1.042261720
5497,-0.003870783,0.943956494
5498,-0.121977523,-0.150097236
5499,2.447016001,-2.334917068
5500,-1.101794600,0.680857539
5501,0.340003043,0.941450357
5502,-0.532995522,0.342387915
5503,0.488174796,1.852377415
5504,-1.041126370,0.144638047
5505,-0.059924610,0.764158547
5506,-0.335413933,-0.753982306
5507,-1.139356613,-0.339590847
5508,-1.402418256,-1.786043286
5509,-0.023371737,-0.006434530
5510,-0.833840489,-0.425094366
5511,0.550264895,0.708113611
5512,1.013654828,-0.186993554
5513,1.329821706,-2.062437773
5514,0.240111560,0.221591130
5515,1.055607080,0.415915132
5516,0.750871122,-1.010301471
5517,-0.654768050,0.895840049
5518,-0.240914702,0.035296880
5519,-3.680463314,-0.235264778
5520,1.360454917,-0.853533030
5521,-1.188381314,-2.169238806
5522,-0.111828454,0.237888843
5523,-0.717651188,0.649860322
5524,0.287661314,0.071950294
5525,0.180496231,-0.117773846
5526,-0.907364249,0.371633053
5527,-0.774202764,1.144219041
5528,1.133328915,1.321453691
5529,0.076567531,-1.077595234
5530,0.326056659,1.455796838
5531,-0.272769928,-0.331451714
5532,-0.516420662,2.347381592
5533,1.324163318,0.025040828
5534,-1.257968187,-0.494471073
5535,-2.316277504,-0.631452382
5536,2.338849545,0.446503729
5537,0.413820088,0.744380951
5538,-0.122484952,0.533375800
5539,3.014222622,-0.738008618
5540,-0.745274782,1.489664316
5541,0.014059488,-0.407736957
5542,0.074626803,-2.219190121
5543,-1.980568886,-0.431751847
5544,0.067174181,0.545631468
5545,0.652784467,-0.527764142
5546,-2.065585375,-0.037850678
5547,0.207009643,-0.159273803
5548,0.238827705,0.424323916
5549,-0.324153572,0.188523471
5550,0.265962064,0.068271756
5551,-1.895107746,0.703562975
5552,2.198678493,-1.544915438
5553,5.083432198,0.592692673
5554,0.650535226,3.015890598
5555,-1.350960255,0.610623777
5556,-0.877841771,1.084109545
5557,-2.621547461,0.011332393
5558,-0.464387596,0.750016332
5559,0.052017614,0.331978500
5560,1.126921892,-0.842629850
5561,0.061980680,-0.398645818
5562,0.298495293,2.559101343
5563,1.337048531,0.710787416
5564,-0.259065747,1.431705952
5565,-2.053837061,-0.756145000
5566,-0.447531968,-0.050207213
5567,0.261628836,0.457580805
5568,-0.106256485,0.427148700
5569,-0.150819942,0.023701567
5570,0.445718020,0.387131810
5571,-0.364801019,0.578489542
5572,0.321206093,-0.417897761
5573,0.167176783,0.491834849
5574,1.509884715,1.146135807
5575,-1.239464045,-0.551563203
5576,-0.354873091,1.327536583
5577,0.326811880,0.118232317
5578,-1.046519637,-1.670571804
5579,0.082674444,-1.584712267
5580,0.177488014,1.069207430
5581,0.042638376,0.201635823
5582,-2.032662153,0.983420730
5583,-0.662888229,0.324668080
5584,1.641768694,-0.887456298
5585,0.480367422,0.430355459
5586,1.532537460,-0.987814128
5587,-1.495254278,0.011871099
5588,0.348089516,-0.721050680
5589,-0.716097593,-2.623492718
5590,-2.866219759,-0.549281716
5591,0.050359890,-0.410618007
5592,-1.346469164,1.461763024
5593,0.734335005,1.926745892
5594,-1.445615649,0.158130884
5595,-0.112895906,0.855181217
5596,-0.629000247,1.511496425
5597,-0.545485497,1.227656841
5598,-0.187936783,2.369393110
5599,0.513754010,1.114923716
5600,0.217482314,0.149052441
5601,-2.272979498,0.810222626
5602,0.835700274,-1.904788494
5603,0.230335534,-0.355586886
5604,-0.993332326,-0.444424331
5605,1.254974842,0.019591473
5606,-1.660662174,0.951574028
5607,0.602668524,0.180811033
5608,-0.134413868,-0.159207210
5609,-0.878170550,-1.133486271
5610,2.970562696,-1.352427244
5611,-0.372688919,1.776260853
5612,-0.326263696,-0.627171755
5613,-0.011493308,0.339841813
5614,-0.432655871,0.219391108
5615,0.061390787,-0.633541763
5616,-0.277872562,0.601918936
5617,-0.510230958,0.100408763
5618,-1.244062901,-0.206519216
5619,1.584328890,-3.061799288
5620,-0.126521885,-1.278380990
5621,-0.729154825,0.030485570
5622,0.166418508,1.090271235
5623,-0.308915704,-0.558991909
5624,0.313431323,0.250464559
5625,1.502506614,-1.003545403
5626,2.897644520,4.047789097
5627,-0.271411419,-1.512830734
5628,0.005059406,-0.429796219
5629,2.187674999,-0.373201340
5630,1.228367329,-0.859581649
5631,-0.470083714,-1.805963993
5632,0.355532527,-2.492080927
5633,-2.560751200,0.831297755
5634,0.484802246,2.150578022
5635,-0.088383257,1.104554057
5636,1.053075790,-0.347378075
5637,0.232394472,-0.387007654
5638,1.452713013,-1.073023200
5639,2.223716736,0.743072629
5640,1.027035236,1.033092380
5641,0.205781817,-1.006869793
5642,-0.161623329,0.797897100
5643,2.019014835,1.360943913
5644,0.046411633,-0.144186437
5645,-0.982715249,-2.022326946
5646,1.225536585,-1.540245056
5647,-0.116162576,0.613720119
5648,-0.950892329,0.052499592
5649,0.131594509,0.014375627
5650,-0.154881477,-1.355744362
5651,-0.592418730,0.968432188
5652,0.249914229,-0.055758398
5653,0.674064934,-0.054853179
5654,1.020252347,0.560530424
5655,-1.347146988,-1.028083324
5656,-1.015762687,-0.724591732
5657,-0.281699955,0.515359282
5658,-1.054067731,-0.265569389
5659,-0.652432859,-1.901002049
5660,0.293275505,0.973924518
5661,-0.967723370,1.240704775
5662,-0.151127547,0.155379727
5663,-0.661691666,-0.613721490
5664,1.140367508,-0.335951984
5665,2.508470774,-0.244783700
5666,-0.009703130,-0.321487069
5667,-2.029084921,0.859671533
5668,-0.386945337,0.493243635
5669,-0.632312715,-0.637484848
5670,-0.389602065,0.316369683
5671,0.170287088,-0.057969317
5672,-0.520217061,1.012600183
5673,0.595212817,-0.306617677
5674,-1.454732299,-0.398827255
5675,-1.529247165,-1.130515933
5676,-0.531015038,0.653376341
5677,-0.204308137,1.638400316
5678,0.168559879,0.130237758
5679,0.356260896,0.437760204
5680,0.348352700,0.471110165
5681,-0.488214612,2.161062002
5682,1.584680319,-1.981667042
5683,0.292795122,2.261196136
5684,0.016925454,-0.754636288
5685,-0.975811481,0.224875495
5686,-1.778149486,-2.186825275
5687,0.951892138,2.098212719
5688,0.271695375,-0.925916255
5689,-0.118332028,1.127683878
5690,0.019989610,-1.182567835
5691,-2.662137985,-0.427205443
5692,-0.291127354,0.853340507
5693,-1.922597528,-1.861522913
5694,1.005257010,0.872919261
5695,0.258227438,0.831378579
5696,-0.901400328,-2.966460228
5697,-0.366524190,-0.835101783
5698,1.747355819,1.122758508
5699,-0.256464034,-0.264433682
5700,0.489400864,0.394720316
5701,-0.111271620,-1.728317261
5702,-0.646284938,-0.106894165
5703,0.666198015,-0.759108365
5704,-0.804615915,-0.435380310
5705,3.138890982,-0.448839307
5706,-1.572871447,-0.345758677
5707,0.270655543,-0.336178273
5708,-0.428972453,1.207393169
5709,0.295265228,-0.097444221
5710,1.814287782,-1.336798310
5711,-0.110779539,1.782950401
5712,1.018356085,-0.476487696
5713,-0.740754664,-0.340585291
5714,0.162557364,0.242303133
5715,0.125415191,0.349064797
5716,-0.670890570,0.528774381
5717,-0.773933411,0.370283544
5718,-1.327696562,1.519323111
5719,-1.143346906,1.259101868
5720,0.330166876,-0.113103680
5721,0.786690772,-1.430433869
5722,0.457472295,-0.056564741
5723,0.906102479,-0.807537794
5724,-0.707823753,-0.007760510
5725,-1.001125813,2.619823456
5726,-1.259465694,-0.141232312
5727,-0.089121878,0.344873756
5728,-0.114350930,0.089777939
5729,1.987921238,-0.204768464
5730,0.506370306,0.020925183
5731,3.924134254,1.152454019
5732,-0.729374111,0.049008548
5733,1.057541490,0.376238436
5734,-0.066066675,0.387282819
5735,-0.732187808,0.328918695
5736,-0.617596507,1.055152893
5737,-1.216668367,-0.575931549
5738,0.039028138,0.333791226
5739,1.678942919,0.191775113
5740,0.268501997,0.336262763
5741,0.796239972,-1.725804210
5742,0.359748781,-0.091799334
5743,0.535866261,0.077674985
5744,0.779470921,-0.571112931
5745,0.006322540,0.273460835
5746,-2.900292397,1.415372133
5747,0.914215207,0.446679264
5748,0.034711387,0.788857460
5749,-0.039814860,-1.228612304
5750,1.988966107,-0.095176503
5751,0.178402126,-0.010278897
5752,-1.261588454,1.880044937
5753,0.977196991,1.134411812
5754,0.560109854,2.772108316
5755,-2.447440147,1.390837669
5756,1.292155504,-0.337541699
5757,-0.668416262,-1.080031633
5758,-1.130079865,-1.294394851
5759,0.730692387,0.767625928
5760,2.347112417,-0.355697662
5761,-0.565377772,-1.604148388
5762,-1.442795277,-0.860309839
5763,0.803044200,-0.677690208
5764,-0.021090239,-1.449417591
5765,-0.226957247,1.460502625
5766,-1.505593061,0.541074455
5767,0.176354885,0.115972877
5768,2.137958288,0.098075449
5769,0.472236007,1.042430282
5770,-3.293152332,0.220201552
5771,0.442618251,-0.072055951
5772,-0.368667305,-0.480734885
5773,-1.947641611,0.216396689
5774,-0.465837240,1.698873878
5775,-1.193803191,2.416395903
5776,-1.514915109,-1.069687963
5777,2.733564615,1.691663742
5778,-2.861362696,0.930840790
5779,2.902061224,0.625694394
5780,-0.380091786,-0.064935178
5781,-1.929253817,0.867177010
5782,0.629811406,0.016626464
5783,1.406620383,0.010758996
5784,-3.047941685,3.563451290
5785,-1.140352607,1.714075327
5786,-0.884681225,4.088888645
5787,1.883989930,1.487581253
5788,-1.393891335,-3.460478544
5789,0.317301154,0.243908510
5790,0.083985075,0.753149986
5791,-0.625587821,-0.515881658
5792,0.406621307,0.264111489
5793,1.564743996,-0.316923201
5794,0.515446782,-0.266175717
5795,-0.661281705,0.425942510
5796,0.668691456,0.578218937
5797,-0.195415020,-2.772826672
5798,3.258500576,-0.857905149
5799,0.214302003,0.459854096
5800,-3.243158102,-0.515632629
5801,-1.199476957,1.078207850
5802,0.236597002,-1.181487322
5803,0.077396631,0.682178557
5804,0.081999153,-0.790401101
5805,0.698586941,-1.879207253
5806,-1.344401598,-0.713638961
5807,-0.607742548,-0.994636834
5808,1.488005280,0.027615473
5809,0.638439775,0.804850399
5810,-0.829023182,-2.252273321
5811,0.832219720,1.935384393
5812,-0.403198242,1.107224941
5813,0.069766477,0.380778521
5814,-1.364994049,-1.712837934
5815,-0.980889797,0.580301940
5816,-0.002745278,2.112457752
5817,-1.727809787,-0.690701306
5818,1.907052517,0.271635324
5819,-3.703498363,-0.402253032
5820,2.254578352,0.103187740
5821,1.744224429,0.670442104
5822,2.141198635,1.177144408
5823,0.304036409,0.057561286
5824,0.050194442,-3.116102695
5825,0.910745084,-0.467952222
5826,1.091560602,0.024698943
5827,0.487998545,1.055142999
5828,-0.156921029,-1.088169336
5829,-1.058188200,-0.625611901
5830,0.003575265,-0.339091867
5831,1.455606461,0.965807855
5832,-1.062246919,-0.171776593
5833,-2.495063782,0.299602360
5834,0.459330827,0.389248550
5835,-1.329013944,-1.337225556
5836,-0.375340849,-3.702656746
5837,-1.641615391,-0.356623173
5838,1.602157593,-1.059405446
5839,0.601634860,-2.048554420
5840,-0.562493622,0.382645905
5841,2.679822922,-1.984272003
5842,-0.188329473,-0.119915500
5843,-1.301427126,-0.712545514
5844,-0.013568282,-1.292247415
5845,-1.582569122,1.312669039
5846,-0.089859933,1.288474917
5847,1.118889093,-0.324816853
5848,2.030915499,-0.988829792
5849,-0.110466510,-1.509087682
5850,-1.421874046,-0.818898678
5851,0.266324431,0.060654350
5852,-2.442338943,-2.684782743
5853,1.102447629,-0.355082035
5854,-0.152450800,1.570976973
5855,-0.306569457,0.097897634
5856,0.275386393,-0.308700681
5857,0.912137032,0.269297302
5858,0.107530482,-0.406989396
5859,-1.521242023,-0.753744543
5860,0.312861890,-0.090434104
5861,1.476680994,0.645971060
5862,-0.104829907,0.327976704
5863,-0.145752355,-0.187216818
5864,-2.435440302,-1.091313124
5865,0.073447376,-1.421970844
5866,0.153157026,1.127531290
5867,-0.390164852,-0.922496855
5868,0.541111767,-1.575931311
5869,0.306739450,-0.387872219
5870,2.821447611,2.025599718
5871,-0.372810900,0.208781958
5872,0.671987355,1.239849448
5873,-2.351285934,1.072136879
5874,-0.962918520,1.118057251
5875,-0.359959573,-0.461295813
5876,0.291266203,0.308979779
5877,1.963063717,0.686965406
5878,-1.181953430,0.866511166
5879,-0.414126694,0.453626692
5880,2.303496122,-0.448490202
5881,0.050274245,1.504046440
5882,0.628040254,-0.029657707
5883,-0.192636251,-2.450794458
5884,-2.496522665,1.095086813
5885,-0.552680850,-0.103585571
5886,0.638371050,-1.206871510
5887,0.129881948,2.272870302
5888,0.023591988,0.048583135
5889,0.066058017,0.377427310
5890,-0.068522632,1.295684338
5891,0.546682596,-0.671952367
5892,-0.382433563,0.134675056
5893,-1.620892882,-1.316779137
5894,-1.406454325,-1.197650194
5895,-0.431471765,2.552599907
5896,-0.016805768,-1.153213501
5897,-1.019951582,-0.098423511
5898,0.086085372,0.051081941
5899,1.512792587,-0.165102482
5900,0.734226406,0.245895058
5901,1.523855448,0.568700731
5902,0.273274958,-0.467249334
5903,0.170363784,0.094162583
5904,0.346958041,-0.751152515
5905,0.812820435,0.187382519
5906,-2.001875401,-0.212959021
5907,0.547181249,-1.845686793
5908,-0.404252589,3.061633110
5909,-0.127812982,1.138704777
5910,-0.135084227,0.346708953
5911,-1.339735985,-2.069476128
5912,-0.156710535,-0.086234942
5913,0.592213690,0.643377721
5914,-0.977294505,-0.532063425
5915,-0.210882753,1.092549801
5916,-0.696524978,-0.366628319
5917,-1.038695335,1.715346217
5918,-1.918558121,1.002423882
5919,0.738116145,0.436279237
5920,-1.898154855,1.116292238
5921,0.027800031,-0.341847599
5922,-1.137246609,-1.604173422
5923,0.093284704,-0.282990396
5924,0.501138389,-0.630049884
5925,-0.432924926,2.925868988
5926,-0.024642039,0.918179512
5927,-0.636957765,1.734148502
5928,0.505459845,0.084251642
5929,1.246243000,-1.635551691
5930,0.166404665,-0.676611304
5931,0.315138936,0.333369792
5932,-0.975853622,-0.692516685
5933,0.605433702,3.893210888
5934,1.681021690,0.406041831
5935,0.611810446,-1.041656017
5936,1.700440168,1.201114655
5937,0.626632333,0.020038493
5938,-0.666776717,-1.415367484
5939,-0.410783768,1.278023958
5940,0.527883291,0.666427195
5941,0.256778300,-0.411288500
5942,1.161254168,0.340989023
5943,0.978532374,2.015370131
5944,-1.464657307,-2.087621689
5945,0.538824499,1.087674618
5946,1.249736667,-0.016868003
5947,1.941735506,-0.181840286
5948,0.663003743,-0.513093174
5949,0.004633069,-1.508937240
5950,1.844116926,-1.423198342
5951,0.526990652,-1.265716195
5952,-0.465474904,-0.429471105
5953,-0.149201408,0.281837493
5954,-0.280149996,-0.283435404
5955,-0.142205998,0.784609199
5956,-2.581249714,2.071638107
5957,1.945449114,-1.765491962
5958,0.023519410,-0.296425462
5959,-3.056288481,-3.333875656
5960,0.119497694,-0.118299745
5961,0.283726335,-1.589327574
5962,-0.372113228,0.798653305
5963,0.569716632,-1.346172094
5964,-0.441918135,-1.125274181
5965,0.243437290,-2.556971073
5966,-0.368609190,-0.014654368
5967,0.438412488,-1.017945766
5968,-0.294594526,2.423836946
5969,-0.000555515,-0.212357879
5970,0.236147165,-1.394965410
5971,-4.021137714,-1.870385170
5972,-0.281456351,0.058246203
5973,-2.015734196,0.638842404
5974,1.149264812,1.769417048
5975,2.937537193,-0.546099126
5976,0.676788449,0.217894852
5977,0.107941478,0.748223722
5978,-0.705301523,-0.042404205
5979,0.051614467,-0.363553226
5980,-0.348352730,-0.205615163
5981,0.554023385,-0.228611827
5982,-0.062449053,1.151069283
5983,0.261475295,0.168181345
5984,-0.382566899,-0.073466927
5985,-1.798823118,1.195226789
5986,-0.328110516,0.326457888
5987,0.030035079,1.085213661
5988,1.532135248,-1.707833529
5989,0.487885863,-1.661161542
5990,-0.137916446,-1.161912441
5991,-0.250980616,-2.396813154
5992,2.607940674,2.033128738
5993,0.736740232,-3.160609722
5994,0.012519836,-3.422297955
5995,0.885658026,0.621594191
5996,0.878601789,-0.131206155
5997,0.746765316,-1.062798023
5998,-0.361388057,0.277567267
5999,0.044061132,-0.237866595
6000,-0.676544189,-1.376855850
6001,-0.108772397,1.268729448
6002,-0.693918884,0.463215381
6003,-1.474759579,0.986334860
6004,-0.115705132,-0.225035787
6005,-0.123299882,-0.114145175
6006,0.161326140,1.923739314
6007,-0.159050912,0.193419129
6008,-0.275414586,1.607635736
6009,-0.047878072,0.234545529
6010,0.127740711,0.004669322
6011,0.205986574,-0.484053493
6012,0.284978271,0.003371996
6013,2.330789566,3.046686649
6014,0.503711820,2.558986187
6015,0.492737949,-0.657809854
6016,-0.169560060,1.043523192
6017,-0.028578773,-1.116752386
6018,-0.720648468,0.436636597
6019,-0.297411859,0.136827037
6020,-0.874428689,0.732960522
6021,1.804895759,2.415029049
6022,-1.700187087,3.408270359
6023,1.982829571,-0.345995903
6024,-0.097732902,-2.569838285
6025,-1.388113737,0.913873494
6026,-0.267738730,-0.010308646
6027,-0.549915791,0.544706523
6028,-0.713609576,-0.353985637
6029,-1.929767728,-1.848602533
6030,-0.133491635,1.670060158
6031,0.051572531,-0.588264167
6032,0.278463244,-2.389773846
6033,-1.604015350,-1.167082906
6034,0.103287295,-0.342492193
6035,-0.966007233,0.578534245
6036,-0.436063528,0.003979146
6037,0.821314692,-0.727750778
6038,0.960787892,0.125219733
6039,0.133185044,0.505324900
6040,0.890685141,-0.320416868
6041,0.126754671,0.754334271
6042,-0.473212630,-0.130612269
6043,1.746953011,1.919801116
6044,0.106356196,2.242997646
6045,1.592357278,-0.068100840
6046,-2.425402164,-0.682052076
6047,0.869465232,1.085555792
6048,-0.598996043,0.112992659
6049,-0.206785485,0.106414512
6050,-1.970995784,-0.592601895
6051,0.474159062,-0.698406339
6052,0.170759469,4.408375263
6053,-0.169690728,-1.164712787
6054,0.451159239,-0.247743770
6055,0.078560486,0.933108687
6056,1.019736409,-0.936877847
6057,-0.113393903,-1.903219938
6058,1.107207060,-1.036166430
6059,-0.332345247,0.156463146
6060,-0.333301604,1.271239042
6061,0.096696854,0.236896768
6062,1.159836531,-2.534279823
6063,-1.473379731,1.295834541
6064,-2.458026648,-2.273009539
6065,-0.266276211,0.001450174
6066,2.769490719,-0.287286848
6067,0.935171604,-1.504720092
6068,0.252367735,1.929701805
6069,1.814423203,1.438079834
6070,-0.135495335,0.416403502
6071,1.401214123,0.625426531
6072,0.384680718,-1.851769567
6073,2.045185328,0.003685847
6074,2.190048218,0.448783100
6075,1.263110876,-0.524500608
6076,-0.843636572,0.667383134
6077,0.135932386,-0.210117117
6078,2.107418537,1.397296309
6079,2.104115486,0.210928142
6080,1.780774117,-1.906846762
6081,0.576892197,0.042470515
6082,0.634626210,1.707201719
6083,-0.235969260,-0.591322303
6084,-0.043372616,0.358822882
6085,0.190285280,-0.117089391
6086,-0.740093231,0.478544176
6087,-0.744930744,-1.873436928
6088,-1.288266540,0.150873542
6089,0.726049721,1.027703285
6090,1.600805044,0.505687237
6091,1.119474649,0.376102030
6092,-0.577624083,1.028153062
6093,0.375112295,0.991980433
6094,1.523098826,1.402532578
6095,1.598254681,0.274278879
6096,-0.926281810,1.356903791
6097,-0.029728904,-0.487917483
6098,0.476639211,-0.488504767
6099,-1.218178153,-2.044828892
6100,1.418243885,1.215298653
6101,-0.121768221,-0.245080724
6102,0.116453320,0.156311259
6103,-0.266156912,-0.083853304
6104,0.434018642,0.706400037
6105,1.568591714,0.271889716
6106,2.239199162,-2.596344471
6107,2.333443165,-0.261899620
6108,0.212297097,1.488344669
6109,0.241177246,-1.715758443
6110,-0.798809648,-0.494096607
6111,-1.897370577,0.326494694
6112,-0.425799966,-0.732528567
6113,1.174421191,1.816454411
6114,0.085416004,0.262309790
6115,1.301736236,2.405431747
6116,-0.782032847,0.454442620
6117,-0.985736370,-2.970711470
6118,0.449263990,0.384155184
6119,-0.308115959,-2.546840191
6120,1.224127293,2.925001860
6121,-1.820670605,0.029524207
6122,0.238031581,0.344879538
6123,-1.536919475,0.137494326
6124,-0.533031881,0.614132226
6125,-0.545652807,1.233708262
6126,-0.010103241,0.463285744
6127,-1.641861916,2.848119259
6128,-2.936196804,-1.947806358
6129,-1.333470583,-1.142538190
6130,-0.598044693,2.636310339
6131,2.170779228,-0.489941895
6132,0.661335230,-1.250494242
6133,1.531420708,-0.290726572
6134,-2.379079342,-1.625618100
6135,3.424252748,3.200882673
6136,-0.568571687,0.228727207
6137,2.323093891,-1.637890458
6138,-0.220977202,-0.631091237
6139,-0.835838974,-0.282301456
6140,0.349033773,-0.340299994
6141,-0.030059420,-0.184312999
6142,-0.512903035,1.856889009
6143,-0.032637149,0.362858593
6144,-0.566218436,1.235070467
6145,1.905496836,-0.008759022
6146,-1.197880626,2.471400261
6147,-1.741840959,0.455050081
6148,0.803496838,2.055541039
6149,0.566097260,0.722183228
6150,0.851499021,0.027054429
6151,1.706095457,-1.468684435
6152,0.360039383,-1.280404210
6153,1.736600637,0.399850368
6154,-1.706495166,0.281640887
6155,-0.383280069,-0.977963805
6156,0.336425543,-0.541216791
6157,0.936640918,-0.688983142
6158,0.993805826,0.009941429
6159,-0.162546784,0.920415044
6160,-0.106536329,-1.084770441
6161,-0.793329000,0.995435596
6162,-2.515233755,0.381459951
6163,-0.054643154,-2.753486633
6164,0.411926419,0.361779630
6165,-1.639111996,0.391250968
6166,-0.141113400,-1.712936997
6167,-2.230343342,-2.483144045
6168,-0.940573096,-0.656648576
6169,-4.373360157,-0.169750869
6170,-0.811666727,0.953064561
6171,0.336653829,-0.326083660
6172,-1.124849319,-0.816993356
6173,-1.945976496,-0.955191493
6174,-2.670213461,1.985882282
6175,0.492162377,0.913811386
6176,-0.081815124,-0.220982462
6177,2.364192724,-0.412433028
6178,0.731021345,0.243202120
6179,1.582034111,0.003769010
6180,2.383300781,-0.403315872
6181,-1.303652763,3.252673864
6182,0.648842931,2.654351473
6183,1.100361228,-0.524825335
6184,-0.054572087,0.227756441
6185,-1.216058254,0.531654060
6186,0.956262410,0.515711486
6187,0.043351442,0.745200753
6188,0.540115654,-0.658476293
6189,0.229684442,-0.021080807
6190,-0.094513744,0.212049425
6191,-0.211914495,0.082976602
6192,-1.241007328,-1.484187245
6193,0.437303841,-0.751291811
6194,0.632774889,0.852546930
6195,1.324059486,0.032488290
6196,-0.852172673,0.110863209
6197,-0.606740415,0.284822106
6198,-0.312181771,-0.110153943
6199,1.539364100,-0.776227057
6200,2.542689323,-0.449177474
6201,-0.038678274,0.633288503
6202,-0.033940744,0.550895572
6203,-1.735093832,-1.332850218
6204,-1.745015860,-1.155321240
6205,3.150644302,-0.041064918
6206,1.355131388,-0.288905472
6207,1.129921317,-0.147411540
6208,0.192555428,-0.247671843
6209,0.517516136,1.068787456
6210,0.109081298,1.886427641
6211,-1.456608057,0.399148554
6212,1.650039673,-1.804045439
6213,0.532897115,2.404855013
6214,-3.362500429,0.226203442
6215,2.000421524,-1.018856883
6216,-0.703117013,-0.682823420
6217,-0.057292819,-0.118207484
6218,-1.831896186,1.358785152
6219,0.274151146,-0.287036508
6220,0.447115451,-2.444474697
6221,-0.083543941,-0.353455424
6222,-0.053597420,-0.790617704
6223,-0.250530243,0.583747268
6224,2.163290739,-1.527741194
6225,0.289109349,-3.255056381
6226,0.101843596,-1.548303843
6227,0.613959551,0.937024295
6228,4.351448536,-1.282578230
6229,-0.572357416,1.294849277
6230,0.198438942,3.688912392
6231,-1.118552923,-2.919453144
6232,-0.382634342,0.295251638
6233,-2.293159008,-0.975242019
6234,0.667397976,1.010123253
6235,0.306941420,0.351039529
6236,0.628203869,-3.309923410
6237,-0.502666891,2.295944214
6238,0.814099193,0.427499920
6239,-0.159535050,-0.240649447
6240,0.827575147,-0.535069525
6241,0.258177608,-0.085494757
6242,-1.385658979,-0.048260033
6243,0.298658162,-0.784448504
6244,0.537437558,-0.296051502
6245,2.577234268,-0.485180497
6246,-1.066278458,-0.130306184
6247,-0.355667293,0.968466520
6248,3.179169178,0.960516989
6249,1.097029924,1.071795940
6250,0.331085414,0.616213858
6251,0.733155251,1.451823115
6252,-0.209608778,0.555145025
6253,-1.100438952,-0.339826226
6254,1.799692273,1.670609593
6255,0.344825506,0.481406510
6256,-0.623428106,-0.619778574
6257,-0.244172394,-1.133499742
6258,-0.178324103,3.095384598
6259,0.311909378,0.495042801
6260,-0.359547496,1.180607677
6261,0.044126667,-0.236380145
6262,-0.040360153,-0.868454158
6263,-0.601248264,-0.299073994
6264,0.269488662,0.182045206
6265,-0.655429125,0.847187042
6266,-1.237533808,-0.113959283
6267,-2.968726158,-0.437890768
6268,3.714900017,1.322504997
6269,-0.629549265,-0.909057260
6270,0.869990826,-0.446471155
6271,0.250964791,-0.062670201
6272,-0.613674223,0.233203173
6273,0.014004529,-0.815495670
6274,-0.835030556,-0.452978432
6275,2.124091387,-1.720141172
6276,-0.150017828,2.416078568
6277,-0.098635197,0.946303487
6278,-0.890907586,2.051057339
6279,1.160521269,0.674952686
6280,-0.166976690,-0.000004610
6281,-0.159514636,-0.154263228
6282,-1.135970473,-2.779607058
6283,-0.902142704,-0.911401510
6284,0.364948839,0.114741519
6285,-0.438988626,0.164084792
6286,-1.244250059,0.422407627
6287,-0.765196502,0.189131737
6288,-0.031978130,-1.535984397
6289,-2.140671730,-1.414582014
6290,1.062532544,0.094090968
6291,-0.052969821,1.642498612
6292,-0.908247352,-0.919540882
6293,-0.351783574,-0.563583255
6294,-1.563294768,1.457279205
6295,-0.132843122,1.699314594
6296,-0.690369844,-1.145748138
6297,-0.611679435,0.325679183
6298,-0.794188738,0.071363896
6299,-2.046293736,0.479651809
6300,2.174209833,-0.696357131
6301,-0.530528963,-1.334958792
6302,2.033295631,-0.931332409
6303,-0.737611771,0.135424748
6304,0.067810997,-0.156271219
6305,0.241402030,-0.317742378
6306,-0.018536687,-1.007437706
6307,1.170733452,-1.244707346
6308,-1.416295052,0.106015921
6309,1.452392220,-0.560347199
6310,0.502669036,0.299438804
6311,-0.648755193,3.348494768
6312,-0.089411676,0.358255208
6313,0.319067448,0.050368387
6314,-0.523109436,-0.462770939
6315,0.989216864,-3.578269720
6316,0.026997328,-2.002932549
6317,-1.072822452,0.124291226
6318,-1.053610802,-0.739245892
6319,1.449690819,0.859042525
6320,0.809715986,-0.257720977
6321,-1.301710367,0.808589935
6322,-0.797357678,-1.226462603
6323,0.085906759,1.665984631
6324,0.765053511,1.084350348
6325,0.178180456,-0.798471987
6326,0.240985155,-0.664098978
6327,2.912031651,1.140238047
6328,-0.167134553,0.261346042
6329,-1.072340012,0.160960972
6330,-1.379279494,0.144434214
6331,-0.150604069,0.146641597
6332,0.063800573,0.187263399
6333,-1.263771296,0.690789998
6334,-1.169798255,1.626983881
6335,0.399822712,-0.761874199
6336,-1.507638335,0.070119977
6337,1.451161146,0.315455377
6338,0.802819431,0.118661150
6339,1.050845861,-1.324142694
6340,-1.632967949,0.337288976
6341,2.731558323,-1.980911255
6342,0.521779001,0.218086421
6343,-1.722805619,0.438635468
6344,0.879324079,0.611604273
6345,-0.450247467,1.499806643
6346,-3.296220303,-1.593938470
6347,0.825691938,-0.543047309
6348,0.423062503,0.356978476
6349,-0.898480773,-0.527036905
6350,0.103869498,-0.748296618
6351,0.948092163,-0.550310791
6352,1.047468781,-1.381001949
6353,1.902031302,0.751955152
6354,-0.658390403,0.079141602
6355,-0.195868865,-0.487198085
6356,0.268169731,-0.241731748
6357,-1.894491076,-2.000753403
6358,-0.128597736,-0.241572142
6359,-0.064606547,-0.064524591
6360,1.142252088,-0.195206612
6361,0.612272918,1.952248812
6362,1.398985744,1.009810925
6363,-1.177994847,2.141798258
6364,-0.046871394,1.307911396
6365,-1.790084839,0.905350983
6366,-1.315093398,1.010067225
6367,-0.079806089,0.950405478
6368,-1.243246555,0.657446325
6369,-0.750320315,-1.176215410
6370,-0.212014735,-0.539845347
6371,1.145899653,0.809659064
6372,0.145276695,0.616588056
6373,-0.729157925,-1.393470407
6374,-0.078821242,-0.726006389
6375,-0.891168118,1.112795353
6376,0.906347752,-1.532210231
6377,0.649845243,0.025213812
6378,0.859481871,0.215731084
6379,-0.325356841,0.600614309
6380,1.485861301,-1.517179370
6381,-0.353334367,-0.723790884
6382,0.378109097,-3.336889744
6383,-0.557501495,1.496162534
6384,-0.532404721,-0.549540162
6385,-0.600528181,3.229229212
6386,1.882251143,2.198815107
6387,0.363866270,-1.618254185
6388,-0.083293267,0.192860916
6389,2.490677357,-1.384125710
6390,-1.370695114,-1.481441498
6391,-0.666945457,-0.627167225
6392,0.232641220,-1.650933981
6393,0.303639650,-0.289669752
6394,-0.130348206,0.175847173
6395,-0.375381500,-1.116947293
6396,0.696682453,1.422779799
6397,-0.099139959,-0.856978297
6398,0.560791552,1.204546571
6399,0.590869665,-1.152083516
6400,-2.440352440,-1.701918125
6401,-0.004512668,-1.517005682
6402,0.999300182,1.499045968
6403,-0.183154970,0.095326155
6404,-0.594231308,-1.438841343
6405,-0.569836974,-0.003551267
6406,-0.342021555,-1.408682466
6407,0.804565012,-1.305212021
6408,0.902381063,-3.460643291
6409,-0.303684413,-0.096991763
6410,-1.446184158,-1.549405813
6411,-0.815223873,1.566503048
6412,0.231895506,0.392581940
6413,2.626646996,-0.030112222
6414,-0.371662766,0.324461907
6415,-0.349361539,-0.173463553
6416,1.199014306,-0.883706629
6417,1.667454839,-2.163784027
6418,-2.201446295,2.245325089
6419,-1.010017157,2.853214025
6420,1.083604813,-2.444941282
6421,-1.355463743,-0.126039073
6422,-0.124200493,0.100942321
6423,-1.609086156,1.037174344
6424,-0.167503864,-0.409139156
6425,-0.400533944,-2.521105766
6426,1.625701427,-1.505922198
6427,-0.886305690,1.691743374
6428,1.078518033,-1.791533113
6429,4.904910088,0.360825360
6430,0.170022279,0.131247133
6431,-0.715944290,-1.704144359
6432,1.056806087,-2.391871929
6433,2.257199526,-2.547114849
6434,1.111317992,-1.396331072
6435,-3.667577505,2.980214119
6436,-0.608452022,-1.635491610
6437,1.277193785,-1.335668325
6438,0.435075790,0.266899794
6439,0.784363985,0.181611776
6440,0.147312045,0.204232037
6441,-0.668053150,-2.077718258
6442,-3.365577698,-2.217698336
6443,0.531585813,-0.261260688
6444,-0.778992772,-0.386964947
6445,0.631313443,-0.784149349
6446,0.042848647,-2.019737482
6447,0.375736833,0.033899546
6448,0.346702188,-0.059893496
6449,0.119581103,-1.064116836
6450,0.143229723,-1.880985737
6451,0.216110617,1.523480177
6452,-1.381038904,0.152928501
6453,-4.117487907,-0.624596596
6454,-0.914375544,0.021984696
6455,0.067628771,0.167258024
6456,-0.078849435,-1.525717616
6457,-0.938492537,0.156419635
6458,1.228119731,-0.601713419
6459,2.441573620,-0.527850509
6460,-2.103459835,0.257210135
6461,-0.221410632,-0.715566516
6462,-1.143913269,1.077359200
6463,-0.210684299,0.868671060
6464,0.996153951,1.078061819
6465,1.334746718,-1.228582621
6466,-0.127761662,-0.030548275
6467,-0.101032220,0.415412605
6468,-1.910449266,-0.323642015
6469,3.016490459,-1.965992212
6470,-0.409430444,0.357648879
6471,-0.314348042,-0.087000661
6472,0.886103392,1.469500303
6473,-0.488652050,-1.384474993
6474,0.130638242,-1.821070194
6475,1.158223748,1.809276700
6476,1.565639734,0.080759555
6477,1.341428876,1.545768499
6478,1.433982730,-0.021019787
6479,-0.322540939,0.789763093
6480,-1.138720155,-1.839205265
6481,2.020007849,-0.385050207
6482,-1.285807848,-2.734909058
6483,-0.521999061,-1.878502846
6484,2.410214663,0.706169248
6485,0.982213557,-0.467572063
6486,-1.370303869,1.548229575
6487,0.315801620,-0.098713025
6488,2.397949457,-0.199849933
6489,-2.065353632,1.407128572
6490,0.792430758,-0.938718140
6491,-2.979389429,2.611427784
6492,0.457865596,0.569346607
6493,-0.397672296,0.033062130
6494,-0.438109189,-0.465730965
6495,-1.149548650,0.504263461
6496,-4.684064865,1.950479507
6497,-0.382657081,0.270103395
6498,0.269753575,-0.365063488
6499,1.232332110,0.003446966
6500,1.945615530,-0.148643851
6501,0.215211213,-0.142388359
6502,-4.746762753,0.329971492
6503,0.833598673,-0.437771350
6504,2.318355799,-0.727346659
6505,0.118995070,0.414226770
6506,-1.182618022,-1.057323217
6507,0.932069778,-1.220488667
6508,-0.673727572,0.770295143
6509,-1.322802186,-0.480588287
6510,-1.089086175,-1.156735063
6511,0.082770705,0.510392427
6512,1.015203953,0.130663753
6513,-0.376178950,0.981700242
6514,0.865028143,1.076666951
6515,1.126280785,-0.275709867
6516,-0.072930098,-1.632101774
6517,0.289884388,0.803951800
6518,-0.006287932,-0.597020984
6519,-0.700778604,-0.089540303
6520,-1.340376735,-0.285478711
6521,0.059710383,0.657725096
6522,-1.647581935,-0.115330219
6523,0.789230585,0.018423237
6524,0.222772241,0.528597474
6525,2.239813566,0.626432180
6526,0.002674676,2.633232117
6527,-1.560630560,2.786163092
6528,-1.155853152,-0.840814888
6529,0.504881084,-1.594451308
6530,0.154553607,0.058792695
6531,-0.367019057,-0.216060191
6532,-0.809000254,0.734344661
6533,-0.524548054,0.405754626
6534,0.761877894,-0.593928933
6535,1.206618190,-0.502126694
6536,-0.481153131,-0.674647033
6537,0.209608465,0.538877904
6538,-1.813355207,0.118120790
6539,0.027366102,1.265830159
6540,0.486679554,-1.358242869
6541,0.639043570,2.026306152
6542,1.395516634,-0.236386329
6543,0.451716542,-1.229384542
6544,-1.654492617,-0.034486905
6545,2.323963642,0.790860891
6546,-1.432442427,0.785096645
6547,-0.603332043,-0.023508493
6548,-1.151689053,-0.048854053
6549,-0.843399644,-1.012887597
6550,1.011080861,-0.112008423
6551,0.198884949,-0.445761979
6552,-0.163859814,-2.063659430
6553,-1.835216403,1.309246540
6554,-0.402823031,0.587921977
6555,3.591988564,1.345821261
6556,-2.081454277,0.532034039
6557,-0.032054823,0.166445568
6558,0.952396691,1.380994558
6559,-0.742306352,0.286283672
6560,-1.400330782,0.263813496
6561,0.087872043,0.169111684
6562,0.123800807,0.589203179
6563,0.003405154,-1.185102701
6564,0.221005976,0.819511592
6565,-0.325309187,-0.795105040
6566,-1.864309192,-0.076831520
6567,-0.269234538,-0.358930141
6568,-0.395839691,-0.629061043
6569,-0.493443847,1.332043171
6570,-0.394534349,-1.424865723
6571,1.477725983,-2.938804388
6572,2.254178286,-2.548697472
6573,0.842692971,0.729433358
6574,-1.605743647,-0.434445620
6575,-1.141129375,3.066227674
6576,-1.165740967,-0.502915144
6577,-0.823393047,1.463551164
6578,-0.972766876,-1.157913923
6579,-0.183056921,1.001929045
6580,0.424791634,-0.890883207
6581,2.017673254,-0.593872666
6582,1.592158556,-0.446412325
6583,-0.217707053,0.124001145
6584,-0.424216628,0.898861527
6585,-1.926319599,-1.678732157
6586,1.110451221,1.307468295
6587,0.043630958,-1.393318892
6588,-0.113523081,0.710018992
6589,-2.032624722,0.082628503
6590,-1.408538938,-2.495077610
6591,-0.304376245,-0.997230828
6592,0.050755143,-1.266277552
6593,0.914855540,0.325043112
6594,0.919597745,0.314092696
6595,-0.312048078,-1.573290348
6596,1.005891681,-1.192421556
6597,0.082090139,1.747150183
6598,-0.249223143,-0.307338178
6599,-1.390107870,-1.204030871
6600,0.062760115,0.133319005
6601,0.830085695,0.019592045
6602,-1.346019149,-0.075302482
6603,-0.080464661,-0.093303248
6604,0.127303585,1.923027873
6605,-0.936976910,1.440678954
6606,1.304952860,0.336410642
6607,0.198779196,0.329753220
6608,0.057875872,-0.351931572
6609,0.865528703,0.897646070
6610,0.549004674,0.017281909
6611,-0.440492570,-0.061056808
6612,0.045687154,-0.503835320
6613,0.696524739,0.401179045
6614,1.156918526,-1.402342439
6615,-0.678804636,-0.838606715
6616,0.468520224,-0.274117738
6617,0.252570480,1.693949819
6618,0.482056886,-1.161049724
6619,-1.128306150,-0.890832484
6620,-0.512976766,0.375111789
6621,-0.055782128,2.977207422
6622,2.093282223,-0.748534679
6623,2.283499241,3.046769619
6624,0.355311036,0.694190919
6625,0.689231038,-0.841882646
6626,-0.536371112,-1.123587966
6627,0.099613577,-2.820997477
6628,3.009001732,-2.146440983
6629,-0.543612957,-1.058600426
6630,-0.162864774,-0.088981926
6631,0.465196550,0.444899321
6632,-0.032789022,-0.352771968
6633,0.107987642,-2.895167112
6634,-0.557598770,0.038980447
6635,2.552693129,1.002126813
6636,1.383930087,0.616305113
6637,0.239290312,0.066874944
6638,-0.897103488,-0.039243519
6639,0.791677356,-0.733597040
6640,1.109375715,0.900268495
6641,0.946520686,0.712515116
6642,1.251886725,-0.241090834
6643,0.294334173,-0.033035651
6644,1.384678364,0.318238497
6645,-0.537179470,-0.724361420
6646,-2.268241167,-0.161675930
6647,0.979532182,2.924124241
6648,-0.565893888,-1.459789515
6649,-0.310731649,0.689580441
6650,1.256516933,1.232313514
6651,0.361217767,-1.433261395
6652,0.372899532,0.838313043
6653,0.817672491,-0.494895428
6654,0.340002000,-0.598717570
6655,3.578213215,0.742487192
6656,-0.586736321,-0.741441607
6657,0.510593712,0.364404857
6658,-0.074183375,-0.403858662
6659,-0.596148312,1.793477535
6660,-0.383024842,-1.045187712
6661,0.461649299,-0.783986092
6662,-0.099831365,0.343892604
6663,-0.441148609,0.696375132
6664,-0.103340708,1.628981352
6665,-0.147449762,-0.344274938
6666,-0.791214585,0.467676729
6667,2.440229893,-1.899178743
6668,0.594344139,-0.064545475
6669,-0.205608651,0.073892511
6670,0.402314663,-0.315325707
6671,0.330845386,-0.169230476
6672,0.321185172,0.028133208
6673,-0.470781207,2.842557907
6674,0.022670805,-1.956169963
6675,-0.389166057,1.343196154
6676,0.353133559,-0.329045653
6677,-1.568928361,-0.551332355
6678,2.327662468,0.097156852
6679,0.751475275,-0.155580297
6680,-0.028534483,0.227498800
6681,0.249654502,-0.209414572
6682,1.657927513,-2.964944363
6683,-1.349758387,-1.239033341
6684,-0.730495095,1.705865622
6685,-0.596242011,0.559301436
6686,-2.449910879,-1.159992576
6687,0.964706302,-0.255934626
6688,-0.398749471,-0.466150075
6689,0.776788235,1.024157047
6690,1.625907779,-0.234979600
6691,0.350955456,0.456984699
6692,0.076777592,0.938805223
6693,0.285242051,-0.127241164
6694,0.120804042,0.218032926
6695,-0.801700771,1.828996301
6696,1.244839549,-1.592197895
6697,-0.229626209,2.968750477
6698,0.999220848,-0.027840529
6699,1.132933497,-0.892062545
6700,0.384319425,-1.479496360
6701,-0.415223330,1.313903332
6702,1.991255283,-1.578478575
6703,0.426144540,0.440912485
6704,-1.374020219,-0.769134521
6705,-0.067013592,-0.573568940
6706,1.966593266,-0.102426171
6707,-0.065873981,-0.744422674
6708,-1.291754723,-0.355754435
6709,-0.976628423,-0.047645792
6710,0.462011576,-0.884915054
6711,-0.122281164,-1.227530003
6712,-0.001126595,1.192053556
6713,-1.051914930,-1.326211691
6714,0.545214951,0.262066543
6715,0.187430263,-1.074102640
6716,0.359869987,0.174409971
6717,0.245712578,1.396505475
6718,-0.560687184,-0.162021771
6719,-0.395229757,0.645717621
6720,-0.126051888,0.084157676
6721,0.669830739,1.483238935
6722,-3.214205265,2.298577785
6723,-0.638039827,0.634161711
6724,0.092037961,-0.168321043
6725,-0.819715858,-1.225406408
6726,-1.114339352,-1.149709582
6727,0.033754863,0.232455552
6728,3.840023041,1.794675469
6729,-1.533747196,-0.029037744
6730,0.230338186,-0.178926945
6731,-1.984167814,-0.365921885
6732,0.936767101,0.851753235
6733,1.393913984,-0.123910449
6734,-0.857484221,0.299087465
6735,0.356894135,-0.565527976
6736,0.091659412,1.846865892
6737,0.338311791,0.963953495
6738,1.667593002,1.750129223
6739,1.397368908,-1.340098023
6740,0.179629892,0.398970068
6741,0.551691830,1.467062354
6742,-0.171853691,-0.558202922
6743,0.126436785,1.263167739
6744,1.787840605,0.686893165
6745,0.275018215,-1.821129203
6746,1.752486706,1.227394819
6747,-1.385091305,0.038666070
6748,-0.061023690,0.496211588
6749,-0.373753399,-1.059134245
6750,-0.137939140,-0.146086395
6751,0.174041674,-0.288919508
6752,-1.211800814,-0.340860009
6753,0.228644580,-0.350251198
6754,-0.097563200,0.130314097
6755,-0.722195506,1.228330016
6756,-0.720337868,-1.330358267
6757,-1.583306909,-2.224482536
6758,0.199587017,-0.772677302
6759,-2.857744217,-1.809845090
6760,-0.025517423,-0.300994933
6761,0.555359542,0.382403523
6762,0.024333131,0.217863634
6763,-0.503371418,-0.023903757
6764,1.103416920,-0.270277739
6765,-0.099370569,-1.045471907
6766,0.204804182,-0.935152709
6767,-2.059758186,-1.044406176
6768,1.868340969,1.910325170
6769,-2.873162508,0.543544948
6770,-1.487603068,0.586329639
6771,1.129404545,-2.341157675
6772,-0.860152245,-0.125555739
6773,0.256088316,0.697317123
6774,1.843949199,0.828801334
6775,-4.895092010,-2.183924437
6776,0.716163278,0.282393932
6777,1.232888818,0.261709809
6778,-0.277286530,-1.297828317
6779,-2.400478125,0.200019747
6780,0.899882615,-0.497212172
6781,-1.627651691,0.144974291
6782,-1.808975935,0.497280121
6783,0.382552803,-0.195920795
6784,0.976585269,-1.302686334
6785,-0.132311970,1.658920884
6786,0.474029541,0.318936646
6787,0.171827599,-1.413607955
6788,0.897640586,-1.747468829
6789,0.641849756,0.428247094
6790,0.512552202,0.644830287
6791,0.055188283,-0.171461165
6792,0.590661168,-0.077339843
6793,1.377876401,-0.741591036
6794,0.158169448,-0.071945563
6795,0.374714077,2.843148947
6796,2.210130215,1.045100212
6797,-0.281217366,-0.873064756
6798,-0.431665719,-1.791214466
6799,-1.748917341,0.665856004
6800,-1.017493248,-0.430422962
6801,0.427380830,0.636154950
6802,-1.696018457,-0.745035887
6803,0.247482628,-0.184214726
6804,-1.462350607,-0.773018241
6805,0.154186517,0.136198446
6806,-2.801823616,0.754493237
6807,0.000551475,1.077661276
6808,-0.624829292,-1.205823660
6809,0.244893402,-0.100733235
6810,-0.602504790,-0.554657817
6811,1.247206926,0.363960505
6812,0.347165346,-0.430063456
6813,0.540188253,0.515308917
6814,-1.468526840,1.125847816
6815,-0.898829818,-0.472893327
6816,-0.965104699,-0.903654814
6817,0.146667317,-0.113502324
6818,0.623506844,0.519409657
6819,2.843074083,1.126047134
6820,1.209946275,-0.338608205
6821,0.106566511,0.088140309
6822,-0.600676537,-0.966091633
6823,1.494496107,-0.763275206
6824,-0.513717711,-1.703310132
6825,0.142786428,-0.218470573
6826,-0.424120069,-0.308567405
6827,-2.391897202,0.634590745
6828,-0.300300360,0.596203089
6829,1.007392406,-0.207871139
6830,0.273922741,-0.437518239
6831,3.925960779,-3.849458218
6832,0.083216071,-3.642609119
6833,-0.583044827,1.485877156
6834,-0.899714589,0.529862463
6835,-0.847576678,0.010667264
6836,0.677073717,2.247488499
6837,-0.446669281,0.453637421
6838,-0.247917533,1.400129914
6839,0.906757534,0.055438425
6840,0.247431457,0.547330201
6841,0.553109109,2.639903784
6842,-0.821955204,-1.889538527
6843,0.949374914,0.510998189
6844,-0.696332455,-1.198239923
6845,-0.281456381,0.106628627
6846,-0.324205905,0.104638405
6847,-1.830452085,-1.140017748
6848,1.112894535,0.389165640
6849,0.193263113,-0.401777744
6850,0.935893774,-1.587853312
6851,-0.057169888,-0.129478425
6852,2.231637001,0.101067811
6853,-0.930363059,2.576996326
6854,0.372632146,-0.799010456
6855,0.102692723,-0.568309784
6856,-0.355413556,-0.457850337
6857,0.036440283,-1.071078539
6858,3.721581936,-1.727902055
6859,0.935009539,1.338116884
6860,-0.420522720,0.889625072
6861,-0.700907111,1.348056793
6862,-2.668961048,-0.533668637
6863,0.311648071,1.253611326
6864,0.657747626,0.541384995
6865,0.129169419,-0.780924320
6866,0.266602635,-1.471235752
6867,0.609425426,1.049017072
6868,-0.422246277,-0.198375672
6869,1.684809089,0.768952250
6870,-0.416128546,1.299058795
6871,0.282084644,1.300215364
6872,-1.011327744,-0.557662249
6873,-0.752747178,-0.353349805
6874,1.063703895,-0.266789734
6875,-0.420621663,0.429603994
6876,0.765443385,0.791287184
6877,0.631408334,-1.963674068
6878,-0.580800116,0.856086433
6879,-0.091322750,1.899005413
6880,1.841938972,-0.354128808
6881,0.395461440,-2.025380135
6882,-1.182532549,-1.900095820
6883,1.256188750,0.690276086
6884,-0.072638869,-0.150314927
6885,-1.411557913,1.022739053
6886,-2.252336502,-1.290887117
6887,0.226876080,-2.067440033
6888,-2.114871740,1.623686552
6889,-0.091109417,-0.189605266
6890,-0.672915399,-0.280975163
6891,0.287054271,-1.842966318
6892,-0.720533550,0.230105281
6893,2.852190256,2.692942858
6894,0.885334969,-0.162825167
6895,-0.874098122,-0.335949063
6896,0.501965761,0.818303525
6897,-0.046868522,1.036335230
6898,0.091518104,0.136284679
6899,0.353790253,-0.587671995
6900,0.717880487,-1.067783833
6901,-0.060921486,0.538011670
6902,1.090105176,-1.135590076
6903,1.079414368,-1.012364745
6904,-0.025380054,0.911686122
6905,1.194773078,-1.271962762
6906,-1.317178726,0.579639435
6907,-0.882684290,1.010710835
6908,-0.397133529,2.830449581
6909,-0.032624260,1.754392028
6910,-0.819390655,0.429212987
6911,0.825769544,1.346079946
6912,-1.204116464,2.672106743
6913,-0.237080187,-1.758273363
6914,0.787309289,0.930150628
6915,-0.591645539,1.332997322
6916,-0.779334068,0.543715179
6917,0.360676050,0.400195658
6918,-0.607825875,-0.369692624
6919,1.044026613,1.076503873
6920,0.332648218,-0.483300358
6921,0.132407874,-0.935153186
6922,-0.347447544,-0.019529570
6923,-0.044336554,0.245048627
6924,-1.666338444,-1.720443249
6925,-0.025381502,-0.177058503
6926,0.518156171,-0.362957478
6927,-2.034320831,1.124346495
6928,0.946010709,0.603005052
6929,0.829500020,2.384259701
6930,-0.435595214,-1.810840607
6931,0.313173652,0.291401595
6932,0.363608330,0.084622346
6933,-0.330983430,0.035156582
6934,0.109608889,1.205260038
6935,0.853474975,0.854093134
6936,0.941877365,-0.683078706
6937,-0.236149728,-2.084344625
6938,-0.426056117,1.319714427
6939,1.539552808,0.001642808
6940,0.104317144,2.017498970
6941,-0.363702655,-0.207539350
6942,2.385379314,2.847063303
6943,-2.831292152,-2.318859577
6944,-0.975177526,-0.679765046
6945,2.201421976,2.124055862
6946,-0.825496435,1.507697105
6947,-1.861069441,-0.374488473
6948,0.223239660,-0.846281290
6949,0.464580476,-0.222912371
6950,-0.209052682,-1.262847185
6951,0.059718639,3.422943830
6952,0.753938198,0.631117105
6953,2.597846508,-0.719335496
6954,1.380597234,1.466996908
6955,0.343516976,-0.307087511
6956,0.819689155,-0.857835829
6957,2.261613846,1.027793646
6958,-0.153001308,0.084643990
6959,1.887430906,-0.603317201
6960,0.753690958,0.589933097
6961,1.037399769,-0.198572651
6962,-0.997580290,0.006674856
6963,-0.681062996,-1.657935739
6964,0.310616195,-0.104354084
6965,0.119566262,-0.960878670
6966,-0.548142135,0.569673717
6967,2.367431879,1.671465755
6968,-1.121421337,0.369540930
6969,1.217373848,-0.395726174
6970,0.348062754,-1.437201977
6971,0.436540931,0.274386615
6972,0.240094900,-1.625703692
6973,0.176916510,-0.207067072
6974,1.267513990,-0.828989446
6975,0.016448652,0.833961010
6976,0.407476306,-0.506815076
6977,-0.030360043,-0.668596864
6978,-1.338070273,0.098008960
6979,-0.079108022,0.153451920
6980,2.211962223,0.549736381
6981,1.372940540,0.849728823
6982,0.148900688,0.102292523
6983,-2.910230875,0.911332726
6984,2.601059675,-0.035393886
6985,0.007338047,-0.123675466
6986,0.707278192,1.573302150
6987,1.190930247,-0.408701539
6988,-0.517290294,-0.201487184
6989,1.116827130,-0.186730757
6990,0.934981108,0.401437223
6991,-1.140364051,-0.418617189
6992,0.774716496,-0.154722109
6993,-0.295624256,0.075380266
6994,0.042780429,0.911314666
6995,0.804691017,0.396440864
6996,0.100095674,-0.293683410
6997,0.787229955,0.678545356
6998,0.200849533,1.167268753
6999,-0.775407076,-0.834276617
7000,0.051994175,-0.487997234
7001,-1.174466133,1.888562799
7002,-3.504478455,0.206098199
7003,-0.205151245,-0.491065025
7004,-0.028762758,0.354938984
7005,-1.064889550,1.040378690
7006,-1.519009829,0.834532142
7007,-1.502604365,-0.825747609
7008,-0.310718536,-1.303205848
7009,0.957764089,1.439572692
7010,0.881493926,0.552758396
7011,0.031459663,-0.220975399
7012,1.809683084,1.721717000
7013,0.125092760,0.562950432
7014,-0.510859370,-0.870247900
7015,-0.350382924,0.719473004
7016,-2.094657421,-0.304736197
7017,-0.508102119,1.667579055
7018,0.865205467,-0.030438825
7019,-0.667350173,0.986387730
7020,-0.219937801,-0.927120209
7021,-0.612753391,-0.676087081
7022,-0.818402886,-1.044820786
7023,-0.902941346,-0.432836503
7024,1.014590979,-3.506643057
7025,-2.806454897,0.498461634
7026,1.060201049,-0.289665341
7027,-1.739432812,-0.856711507
7028,3.747182608,-1.729718328
7029,0.192559361,0.122080117
7030,-2.520936012,-1.633081675
7031,0.554025769,-0.276293039
7032,0.013667498,0.160976917
7033,0.646323979,0.549358904
7034,-0.550119460,0.849089026
7035,0.788469553,-1.023035526
7036,0.108788848,-1.749210000
7037,-1.208614230,0.952081680
7038,-2.039945841,0.417523980
7039,-0.392873168,0.623995066
7040,0.509641767,1.119418859
7041,0.103471227,1.115785360
7042,0.434620082,0.796554923
7043,0.395545989,-0.566361010
7044,1.537548900,0.555974305
7045,-0.789350510,-0.889829516
7046,0.680298805,0.228063032
7047,0.090209194,0.915962458
7048,0.512568593,-0.442238599
7049,0.368459523,-0.530040860
7050,1.566511631,-0.815892875
7051,0.268323660,-0.905509353
7052,2.607892990,-2.641464233
7053,-0.809457123,3.466330290
7054,0.058844060,-0.194559962
7055,-0.154098302,-0.269006401
7056,1.216336131,0.516937375
7057,1.325551152,2.360322714
7058,1.203845143,0.155740440
7059,2.452559471,-0.617449939
7060,0.123406924,0.461175442
7061,-0.560359359,0.221935779
7062,0.658977449,0.483038366
7063,1.730502367,4.113167286
7064,1.351048350,-0.147192061
7065,0.197949126,0.174866006
7066,0.141907632,-0.165713951
7067,0.569071889,1.296567202
7068,-0.370914578,-0.166366786
7069,-1.245925665,-0.138238072
7070,-2.172729492,-0.288088530
7071,-1.102791905,-0.954596758
7072,-1.183539510,-1.590674400
7073,-0.185461998,0.095294453
7074,-2.431856871,-0.993252754
7075,1.890159369,-0.190058485
7076,-0.473410010,0.270242989
7077,0.985400677,-1.610766411
7078,-0.902134657,0.674643159
7079,-0.927884102,4.075815201
7080,0.704230011,-0.060527589
7081,1.273495078,-0.751487672
7082,-0.907336593,-1.815948009
7083,-0.426933050,0.027320877
7084,-1.754665494,-1.920226812
7085,-1.957805037,-0.104930423
7086,-0.673921645,-0.033003926
7087,-0.553457856,-2.139840126
7088,-0.435192943,-0.103373237
7089,-0.256212890,0.179885477
7090,-1.511028528,-1.236027241
7091,1.467652440,-0.886684716
7092,2.238055468,0.315127432
7093,0.143962383,1.746579647
7094,2.078196049,-1.043014884
7095,-0.311352968,0.104926154
7096,0.359763443,-0.862479329
7097,-0.359299660,1.629414558
7098,-0.814534247,0.117760040
7099,-0.182973221,0.165446207
7100,-0.122650906,0.861750782
7101,-0.648990631,0.532431662
7102,-0.644916534,0.689237773
7103,-1.610039949,-2.479123354
7104,0.384955704,-0.970700145
7105,-0.590518057,-0.330354601
7106,-1.034451008,-1.731388330
7107,-1.471179962,-1.816287518
7108,-0.591374159,-1.674161673
7109,-0.099988446,0.341956705
7110,-0.773317516,0.732059360
7111,0.281363547,0.494582921
7112,0.114105493,-0.900466204
7113,1.222280502,0.941624880
7114,-2.024797440,-0.468803078
7115,0.528578818,2.069523573
7116,0.179942742,-0.017993402
7117,0.668495357,-1.645603299
7118,-0.337996721,0.756106377
7119,-0.108571231,-0.364583135
7120,-0.243425488,-0.001452811
7121,-0.455941230,0.719771743
7122,0.406780362,1.356115460
7123,0.188041151,-1.130007267
7124,-2.710776806,-1.234764338
7125,0.617887855,-1.316996932
7126,-0.249057829,0.012506209
7127,1.108492613,0.824048162
7128,0.744458497,0.618130267
7129,1.362999678,-0.122686766
7130,-0.973092914,2.486661196
7131,0.571124852,0.023081958
7132,3.125442505,0.162740409
7133,-0.547903717,1.007389784
7134,-1.228974581,-0.095316619
7135,-0.617741346,-0.028985530
7136,-0.083851106,-0.185743019
7137,-2.544183493,0.451648355
7138,3.263276100,3.087894440
7139,0.479664713,0.402562022
7140,-0.907936454,0.153189331
7141,-1.451240301,0.540916324
7142,1.171571016,-1.838830948
7143,0.694575667,-0.915170312
7144,-2.093757153,1.325889826
7145,0.737424016,1.148463249
7146,-0.784730256,-0.768508077
7147,1.061945200,-0.802463412
7148,0.050751787,-0.211002693
7149,1.301262498,-0.902942300
7150,0.721594810,1.472990394
7151,0.841293871,0.433354735
7152,0.923231125,1.777891755
7153,0.189199701,0.390662700
7154,0.232252598,0.073759139
7155,-1.283201456,1.637204647
7156,0.883727670,0.267868131
7157,-0.687432408,4.595095634
7158,1.874092460,1.221733928
7159,-2.045012236,0.042479992
7160,4.546087265,3.135774374
7161,-1.170299053,-0.997754574
7162,0.477795333,-0.766015470
7163,-0.604838371,0.236607522
7164,-0.281982422,0.772741437
7165,-1.120626211,-0.343701720
7166,-0.007279324,0.165790871
7167,-0.348288000,-0.254401058
7168,-0.778867126,-0.103599638
7169,0.213861465,2.072832346
7170,-0.066864282,-0.291620493
7171,-1.141781807,-1.705870748
7172,0.120921373,-1.173957348
7173,-0.296247005,-0.116831027
7174,-1.668081045,0.901246428
7175,1.131482244,0.916371584
7176,-0.963155568,-0.495081544
7177,0.189602807,-0.596975565
7178,-1.730676651,0.083763599
7179,-0.085760817,-0.384016395
7180,1.328995705,0.709242284
7181,-0.413199246,-0.520983934
7182,3.136881590,0.617234230
7183,-0.335079551,-0.272489518
7184,-0.419727206,0.001944341
7185,0.222240031,-0.552788019
7186,-1.713791132,2.134246111
7187,-1.550515652,-1.505578995
7188,-0.178939164,-0.014990658
7189,-0.980856836,0.394771755
7190,-0.565870821,1.146299005
7191,-0.300852180,0.357825845
7192,-0.070516825,-0.760101080
7193,-0.042232409,0.176114559
7194,-0.373648286,0.337844074
7195,0.970621884,1.074186206
7196,0.837351084,-1.646885395
7197,0.403429776,0.267312586
7198,-1.521552563,-0.468621582
7199,0.096610852,-0.272591561
7200,-0.069595352,0.165413857
7201,-0.339161932,-1.447052479
7202,-1.003175616,1.112306118
7203,-0.124085896,-0.043361783
7204,-0.261995047,0.031782724
7205,-1.515511513,0.308839828
7206,0.854233921,0.118797332
7207,2.348443508,1.431342244
7208,1.651327491,0.635447860
7209,0.378614843,0.699270964
7210,0.004995890,-0.190342486
7211,0.391486108,1.251045704
7212,0.480544865,0.591689825
7213,1.282276630,0.124656357
7214,-0.508822978,2.278032303
7215,3.197333813,1.744704723
7216,-0.110016346,-1.250860095
7217,1.152220726,-0.336037397
7218,-2.897020102,0.281674862
7219,0.168753996,0.131346330
7220,0.672602177,0.537451923
7221,0.621346831,-0.343930036
7222,3.531996727,-0.867796779
7223,-0.634880722,-0.882570982
7224,-0.723603129,0.152663708
7225,-1.343607903,1.101558208
7226,-1.282385707,0.574150085
7227,0.699528277,0.712508082
7228,-1.004347563,-0.956930459
7229,0.192736566,0.439411044
7230,-0.578895628,0.583600461
7231,-0.330600977,-0.247431949
7232,-1.699295521,0.519432306
7233,1.066636682,1.961909294
7234,0.700270593,0.148418099
7235,0.152261078,-1.565238357
7236,-0.171817586,0.014180437
7237,0.521872640,-0.154113412
7238,0.740836143,2.013361931
7239,-0.178388968,0.201665744
7240,-0.084354058,2.205184460
7241,1.084703922,-2.274127722
7242,1.878543973,0.099403866
7243,-1.251527667,1.029433489
7244,-1.293672800,1.302431822
7245,-0.010352973,-0.232136056
7246,-2.124025822,1.546280980
7247,0.939502001,-0.267138630
7248,0.323350430,0.104167596
7249,-0.893406868,0.328341603
7250,-0.014839409,0.469899118
7251,0.631309271,-2.328771114
7252,1.499658585,-1.133996248
7253,0.229016840,-1.676743507
7254,2.192760944,-2.524113655
7255,-0.162102297,-0.341815531
7256,-2.033893585,2.317373753
7257,-1.287867785,0.483606488
7258,-0.193743378,-0.070116825
7259,-0.474083602,0.305170357
7260,-0.047277045,0.608436227
7261,-1.018639326,-0.236745596
7262,-1.394895434,-1.180628777
7263,2.944294930,-0.670806587
7264,0.314804316,-0.163740620
7265,0.302235872,0.364207596
7266,1.340734124,-1.472077966
7267,1.281707525,-1.887769103
7268,0.535119772,0.067390919
7269,-0.091180161,-1.691774130
7270,1.207276344,2.436907530
7271,0.323967159,-2.524191618
7272,0.166078806,-2.275281906
7273,0.159087300,0.505557537
7274,-1.054980874,-0.513313711
7275,0.703861475,-0.685032606
7276,-0.353927165,0.314060450
7277,-0.316714048,-0.809308767
7278,0.611356974,-0.858765721
7279,0.071629480,-0.945329487
7280,-0.978368700,-0.062782019
7281,-0.612684250,-0.733336389
7282,-0.758566141,0.089074433
7283,-1.924618006,0.538925529
7284,0.564057171,0.841983438
7285,-0.038099051,1.461499691
7286,-0.494276792,0.413987577
7287,0.910395503,-0.400289774
7288,1.231343031,-1.787433505
7289,-0.525442123,-0.183932096
7290,0.281607628,-3.404976606
7291,-1.837017775,1.070748448
7292,-1.707074404,0.492757320
7293,-0.398542255,-0.669556618
7294,0.919513881,1.287534714
7295,-0.832480490,-2.010916948
7296,-0.883547664,-1.699039340
7297,-0.207430169,-0.560556769
7298,0.190341696,-0.025785556
7299,0.550540090,0.862314999
7300,-0.581555963,1.201859236
7301,-0.691953182,-1.301057577
7302,0.292688012,0.716827095
7303,0.207280159,-0.506808162
7304,1.096794963,1.254277706
7305,0.207655951,0.772109091
7306,-0.087543227,0.223610088
7307,-4.509334087,-2.325743198
7308,1.176336288,3.194020033
7309,0.683599114,-1.056441426
7310,-0.118359849,0.490966737
7311,-1.922699213,-0.444065809
7312,-1.786169767,0.842118680
7313,-0.015723739,1.348226666
7314,-1.097252131,-0.472644866
7315,-1.448515892,1.406217337
7316,-1.567347765,0.958849192
7317,-0.675834298,-0.072138846
7318,0.463909745,-0.996661067
7319,0.658423364,-0.647243440
7320,1.240264654,0.463004500
7321,0.223980010,0.388439029
7322,0.330095142,0.501973391
7323,-0.526057482,-2.097811222
7324,-0.355701417,0.999185801
7325,-1.554966331,-1.333385348
7326,0.516230106,0.037928112
7327,1.746591568,2.934988976
7328,0.565977454,-0.631683588
7329,1.168897748,-1.255515695
7330,0.048903346,-0.492041022
7331,2.937673807,-0.576017082
7332,1.266799212,2.783966303
7333,0.384767771,-0.780393600
7334,0.610776484,1.313770652
7335,1.192926288,-0.156128287
7336,-1.914432526,-0.497043252
7337,0.414388180,1.964698911
7338,-1.650037527,-0.341014892
7339,1.309486389,-0.410487413
7340,-0.391067624,-1.908162117
7341,-0.624963999,-0.577753782
7342,2.324627638,-1.087656736
7343,-1.417201042,0.729994774
7344,-1.388518453,-0.787506223
7345,-0.167105794,-1.489835739
7346,0.573136508,0.357440829
7347,-0.786804855,-0.245078504
7348,0.556772232,-0.572703958
7349,0.845126688,2.818670750
7350,0.076973483,0.138344198
7351,-1.628866315,2.616882801
7352,0.518057048,1.559536219
7353,-0.224105984,-0.145140469
7354,-0.332720160,3.248540401
7355,0.490315706,-0.255281687
7356,-0.048318058,-0.849287689
7357,-1.533472538,0.823610961
7358,0.073892102,-0.138468191
7359,0.265937179,0.678987801
7360,-0.543565154,-1.575113297
7361,-1.998408318,-0.127900243
7362,-0.125263989,-1.123409510
7363,0.036688350,-0.056803674
7364,0.203772813,-0.306531399
7365,1.940580130,1.082026482
7366,1.644378901,1.906463981
7367,0.074118674,-0.334993869
7368,0.101712309,-0.436441511
7369,0.720838368,1.171834707
7370,1.052834868,0.608058631
7371,0.141556442,1.405403733
7372,-0.214247614,-0.668558717
7373,0.467694044,0.626614094
7374,-3.119607449,0.769760549
7375,-0.004554737,0.357456952
7376,-0.378293246,-1.123538256
7377,0.537713587,-0.052171573
7378,-0.545305610,-0.546852052
7379,-0.322979599,-1.392596126
7380,-1.323942184,-1.009963870
7381,0.401745170,-0.221124500
7382,-1.357059240,-1.176474571
7383,0.697062492,-0.686340332
7384,-0.601398587,-0.342903227
7385,-0.179423749,0.127853721
7386,0.313201934,0.171523750
7387,-1.073912621,-3.570061684
7388,1.489952207,-2.134211540
7389,0.526607513,-0.615648925
7390,-0.164930195,-0.802759647
7391,0.155058235,-0.548080325
7392,-2.640906096,2.753231287
7393,-2.511506796,-0.985092521
7394,0.754571676,0.856237352
7395,-1.602923989,-0.886275172
7396,-0.269095957,0.120189384
7397,0.145000562,-0.134412080
7398,-0.576588035,1.721445680
7399,-0.985139310,1.078406811
7400,2.769695759,-0.036477320
7401,-0.542537451,-0.746285498
7402,0.039898720,-0.311362445
7403,0.004536869,-0.162311897
7404,0.406080842,-0.060066506
7405,0.274020046,0.619346082
7406,-0.305644274,0.107611075
7407,0.802861750,-0.453094393
7408,-0.350402981,-0.002519302
7409,0.763078034,0.265284657
7410,1.432884812,0.761984110
7411,-1.211250067,-0.893584549
7412,-0.785022318,-3.466625214
7413,0.365239412,-0.127164915
7414,-0.264189541,-1.654564381
7415,0.964710474,0.294307321
7416,0.025353909,1.236455679
7417,1.106858969,0.071335301
7418,0.220171392,0.586968720
7419,0.546429038,0.996686220
7420,0.593837500,0.512631774
7421,1.129184127,-2.514457703
7422,-1.130855560,1.765445948
7423,0.247309163,-1.034423947
7424,0.315871805,-0.164675236
7425,0.670218289,-0.277166098
7426,-1.149561524,0.201804683
7427,-0.647255301,0.317045927
7428,-0.210413679,-0.525680542
7429,1.795526028,0.296347111
7430,1.246905565,-1.070676565
7431,1.237885356,-2.030173063
7432,-0.006074745,0.611583054
7433,-1.814220905,-1.668885946
7434,-1.428456664,1.504969954
7435,-0.171005219,0.082985759
7436,1.027452350,2.148210764
7437,-0.895583272,1.119161844
7438,-0.083581083,-0.937070787
7439,1.461862683,1.338282347
7440,-0.042098582,-0.551291406
7441,-0.570611119,0.947724104
7442,-0.418421865,-0.170540810
7443,0.098120600,-1.405373693
7444,-1.488714099,-1.005727291
7445,-0.828829288,0.167721435
7446,1.191152334,-0.325562477
7447,-0.208262354,0.163570538
7448,-0.534126997,-1.558474660
7449,1.836535454,0.365281522
7450,-1.719157815,0.014207646
7451,-0.380593002,0.114088796
7452,0.948938608,1.583388686
7453,-0.838402033,-1.922244072
7454,0.340723127,-0.551879883
7455,-1.965646267,-2.389528751
7456,1.566748857,-0.153034091
7457,0.892010748,-1.026603103
7458,-1.122124553,-0.866437852
7459,-2.648921967,-2.941124678
7460,-0.099371798,0.803203940
7461,0.853039682,-0.644597232
7462,-0.398968041,-0.325854987
7463,0.522845089,-1.460580111
7464,2.368250370,-0.379734665
7465,0.190029338,0.040096611
7466,-0.124076679,-0.139333770
7467,-0.444198549,1.109915257
7468,1.306042075,-0.195696771
7469,-0.611730814,-0.580580771
7470,1.529271364,-0.223768979
7471,-0.203587860,2.989138842
7472,-2.197644472,0.050339580
7473,0.667091250,0.246517569
7474,-2.091524601,0.002945423
7475,0.068538830,-0.194887385
7476,0.082899883,-0.491931140
7477,-1.710384846,1.032739162
7478,0.250421107,-0.188514680
7479,-0.125598505,-0.415974885
7480,-0.785474658,0.149036318
7481,1.086791396,-2.025280714
7482,-1.904439449,0.458175540
7483,-0.707217097,-1.534989357
7484,-0.574990571,-0.518663645
7485,0.442020237,0.101888925
7486,-0.172954232,-0.094573095
7487,-0.623655438,0.825434268
7488,1.063275576,1.813810587
7489,3.059091091,1.260357022
7490,1.464106560,0.085254073
7491,0.361966997,-0.416208625
7492,0.596159875,0.534171402
7493,-1.366782188,-1.319863796
7494,0.289311349,-0.240167677
7495,-1.167176127,0.426586390
7496,0.858577609,-1.006203771
7497,0.030683570,-0.684047461
7498,0.974884868,1.540891886
7499,-0.628556609,-1.091022372
7500,1.064499497,-2.221868277
7501,-0.863597631,0.438996434
7502,0.299327672,1.622098446
7503,2.671322107,2.007058144
7504,-0.333744317,-0.619095087
7505,-1.030771255,2.248462677
7506,-0.884621799,0.869052529
7507,-0.744935393,-0.093261540
7508,0.408192337,1.883239031
7509,-0.097048655,0.431171834
7510,0.661201894,-0.136964411
7511,-0.198249400,0.598324299
7512,-0.043942928,-1.037290812
7513,0.643317699,1.617617011
7514,-1.091900706,0.194316506
7515,2.673886299,-1.788273931
7516,-2.287868500,-1.868846178
7517,1.597904921,-1.364665151
7518,0.379601538,-0.914410710
7519,0.166784763,-1.341766834
7520,-1.582430959,1.117638707
7521,-0.084778734,0.195687592
7522,-0.045162957,0.162655205
7523,-3.573045731,-0.408182263
7524,0.095598996,1.538784981
7525,-0.044902612,0.844182730
7526,-0.000095326,0.239079759
7527,-0.664591372,-0.880854726
7528,-1.123258352,-0.711803496
7529,0.176067621,-1.155051589
7530,0.137599677,0.447069585
7531,0.030781049,0.667335987
7532,-1.870275497,0.910374582
7533,0.167159677,1.455864191
7534,0.961352944,0.502347112
7535,-0.581908941,-0.337981313
7536,0.745076239,0.557147980
7537,0.375895798,-0.532484293
7538,-1.147137880,0.094218850
7539,-0.087150693,-1.275341868
7540,0.444297284,-0.332744032
7541,-0.207805052,0.378716230
7542,0.367012709,-0.036927663
7543,-0.665772021,2.548319340
7544,-1.930849671,-1.043273687
7545,2.809169531,0.862154961
7546,0.680738807,-4.497980118
7547,-1.634168148,-0.311474085
7548,-0.944162071,0.894800544
7549,-0.691579103,-0.184182107
7550,0.878566682,-0.421909183
7551,1.503287792,1.700238228
7552,-0.031845987,-1.450474143
7553,-1.080254078,-1.005331993
7554,0.262806535,-0.948750854
7555,1.231575608,1.048994660
7556,-1.599966049,1.797592759
7557,0.563813448,-2.426823616
7558,-2.797667980,-0.549726248
7559,-0.127488956,-0.627824903
7560,-0.474902391,-0.589698434
7561,0.667794168,-0.596491337
7562,0.783247828,-0.221174419
7563,-2.251861095,-4.249477863
7564,-0.915589988,0.128179193
7565,-0.084314629,-0.465429425
7566,-0.519316792,1.906723857
7567,2.127393723,0.795084298
7568,1.253009200,0.809900582
7569,0.232776970,-0.872639477
7570,0.792504907,1.660764694
7571,0.327349663,1.608170271
7572,1.360948086,-1.373488903
7573,-1.549461126,2.294559956
7574,-2.224911213,-0.498632371
7575,0.998177946,0.510747790
7576,-0.457552016,0.823577583
7577,-2.265425682,-4.188995361
7578,-1.380952120,-0.798640251
7579,0.161643520,0.286713243
7580,-0.057144284,0.265577883
7581,-1.362095833,2.170190334
7582,1.769399881,0.570840299
7583,-0.939980447,0.611289501
7584,1.538968444,-1.140412569
7585,-0.382625580,-0.888815522
7586,0.122990489,-2.432774544
7587,-1.306365728,-0.606062293
7588,1.010638714,0.822112978
7589,0.839868307,1.336522698
7590,-1.315910339,-1.487554431
7591,-0.205178201,-0.311664462
7592,-1.409993887,-0.456512302
7593,-0.022383839,0.972982109
7594,0.152365521,-0.103040449
7595,0.706313610,1.620317698
7596,0.717262864,0.596301973
7597,-2.227937222,3.456074715
7598,0.056772590,0.637262225
7599,1.989773273,1.173456192
7600,0.148074478,-1.688292742
7601,-0.823692083,0.001168251
7602,-0.879263163,0.839007020
7603,-1.460215926,1.306926250
7604,0.832599640,0.176490843
7605,0.908509374,-0.043114901
7606,0.273197234,-0.892865777
7607,-3.608641624,-2.942206621
7608,0.297583967,2.482332468
7609,-0.238567159,0.206760645
7610,0.434057146,0.032924153
7611,0.730847478,0.639527261
7612,2.101921558,-1.031036019
7613,0.289716840,-0.539268434
7614,1.266036153,-1.089559793
7615,1.135804653,-2.485584736
7616,0.296784997,0.509212136
7617,-1.358270407,0.336923778
7618,-0.252739221,1.708991051
7619,1.039848685,0.147141784
7620,-0.363236785,-0.241969675
7621,-0.797164202,-0.028984934
7622,-0.810335875,-0.671210885
7623,-0.436189026,0.289232373
7624,-0.870956481,0.013687611
7625,-1.574933529,0.333097458
7626,-0.320365787,2.690660238
7627,-0.857831597,-0.705792367
7628,-1.988652945,-2.162294388
7629,1.632750869,-0.635850906
7630,1.031898737,-1.956254482
7631,0.611343145,1.517299056
7632,0.517385066,0.247736603
7633,0.231317982,-2.139010191
7634,-0.044059988,0.285715520
7635,-3.406685829,1.184462070
7636,0.567027867,-0.643188119
7637,0.584187329,0.857214153
7638,0.366024971,-1.809898376
7639,0.343502045,0.008187175
7640,-1.047889948,1.020665765
7641,-0.831660151,-0.624221861
7642,-0.416836619,-0.817537367
7643,-0.376958907,-0.932836711
7644,0.211273074,-1.810019016
7645,0.434694380,0.531281471
7646,0.898970902,0.625789642
7647,-0.000358105,0.590330958
7648,-1.352839470,-1.105630040
7649,0.718602657,-1.976773500
7650,-0.048351735,0.341744721
7651,-0.171501130,2.241243362
7652,1.181248665,-0.082936168
7653,2.516397715,0.083251864
7654,2.861490250,0.832872033
7655,-0.371844172,-0.672449172
7656,0.151796669,0.205755606
7657,0.673199534,0.584846020
7658,-3.521971226,-1.669606924
7659,-2.707916975,0.943927050
7660,0.890771866,1.141362667
7661,0.858391106,-0.148998693
7662,0.214087367,0.577611566
7663,1.069909215,-0.653911948
7664,-0.233685791,-1.053896546
7665,-0.397763222,-0.182700992
7666,-2.066613913,0.798681736
7667,-0.735586524,0.273090899
7668,0.253166378,-0.203601569
7669,2.643011570,-1.271015167
7670,0.365002364,3.047507286
7671,-1.931469440,0.149520397
7672,0.623187840,0.258244425
7673,1.059223533,0.289079726
7674,0.017044380,-0.168849811
7675,-0.065468371,0.913488150
7676,-0.644294858,-0.454445779
7677,0.064222708,0.879007757
7678,-0.872231424,1.771275282
7679,-0.385228038,0.180375248
7680,0.241428748,0.187284067
7681,-0.481555313,0.657143414
7682,0.143302619,-0.177106678
7683,2.569127321,0.109546125
7684,1.801887631,-0.549337864
7685,0.886344731,-0.341234803
7686,-1.627492905,0.759645462
7687,-0.527081251,0.300180972
7688,-0.986394584,0.076445699
7689,1.884723783,-0.385625601
7690,-0.986892283,-0.814904332
7691,-0.322858870,-5.052731037
7692,0.256174594,0.835363865
7693,0.297254860,-2.557222366
7694,-0.266344279,0.968513310
7695,1.094183683,0.465222508
7696,0.006023556,-1.277685404
7697,1.481997728,-1.805175304
7698,3.585368633,0.479560852
7699,0.160741836,-0.009486870
7700,0.110797144,0.545602918
7701,-0.526458383,-0.317471087
7702,-0.716469407,-0.616562486
7703,-2.061632633,2.342717648
7704,-0.196693689,-0.300243497
7705,-1.270614505,-0.444430828
7706,-1.642403126,0.201732397
7707,0.260693610,0.307192028
7708,0.358038336,-0.389580280
7709,-0.467993498,-1.171915174
7710,-0.241422459,0.232003093
7711,0.721792161,-0.577760875
7712,-1.453490853,1.731566906
7713,0.366875559,0.897062957
7714,1.193589449,0.917171717
7715,1.706748843,-0.380705416
7716,0.276599258,0.184429184
7717,-1.493133783,-2.675685883
7718,-0.735977352,-1.996272087
7719,0.274840832,-0.013112064
7720,-0.079255283,-0.275280505
7721,-0.552663982,0.024391800
7722,0.478263944,0.896938920
7723,0.077441469,-0.506687164
7724,-1.253646731,0.025752142
7725,1.523840427,-1.728110075
7726,-0.227269039,0.517932177
7727,1.479995012,-3.849485874
7728,0.025168896,-3.453694344
7729,-0.390680492,-0.022964757
7730,0.730233431,2.112050772
7731,0.310025901,-0.037546515
7732,-0.437277734,0.010831632
7733,-0.496279716,2.960479259
7734,0.007740736,-1.844016194
7735,-0.395380974,-0.372338295
7736,-0.107167624,1.568507195
7737,-0.173118547,0.662995517
7738,0.787817001,0.062475421
7739,-0.343624175,1.455211759
7740,0.692128599,0.501267195
7741,-0.054211959,0.653172374
7742,-0.758944988,-0.895917296
7743,0.039313581,0.138672814
7744,-2.400632381,-0.070738673
7745,-0.346788168,-0.143194973
7746,-0.345504880,0.483334363
7747,-0.196365476,-1.998249292
7748,1.987490654,-1.234696507
7749,1.692610621,0.035711441
7750,2.947053194,4.232799530
7751,-1.624976516,0.120632648
7752,0.626745760,0.295443684
7753,-0.823475122,0.308009744
7754,1.481350541,-0.448187947
7755,-0.089441828,0.573758781
7756,0.457507849,0.072709128
7757,-1.862712860,0.248391986
7758,1.261183381,-0.710599780
7759,0.932990849,3.508365870
7760,-1.376612902,-3.048249960
7761,-1.199532390,2.866137743
7762,0.396849275,-1.000948787
7763,2.293221951,1.306554198
7764,2.382290363,-0.330045581
7765,1.860454082,-1.340936661
7766,0.176426724,-0.933031917
7767,0.224677876,0.812944293
7768,-0.566736937,-0.134538770
7769,-1.479088306,2.216532230
7770,2.918710232,0.392566681
7771,-3.340941668,-0.237168074
7772,-0.533277929,-0.156500623
7773,1.515125394,3.025850058
7774,-0.916070342,1.177778244
7775,-0.244463012,-0.629948974
7776,-1.849326134,-1.849981070
7777,-0.549796581,2.484618425
7778,-0.718837202,-0.409474850
7779,0.528304696,1.130863428
7780,2.628754377,0.837605000
7781,0.489098281,-0.821752667
7782,-1.406826496,-0.157911450
7783,-0.651340723,-0.436330289
7784,2.259978294,-2.325258017
7785,-0.199873745,0.109396070
7786,0.364082992,0.603498042
7787,-0.654160500,1.665043592
7788,-2.406294346,-2.050472260
7789,0.004276834,-0.067459464
7790,-1.607042074,-1.449587345
7791,0.627279878,0.345364809
7792,0.108333617,-0.833553195
7793,0.268504143,1.312042475
7794,-0.235291719,0.152696013
7795,-0.073795319,-2.201547861
7796,-0.803801000,-1.853494763
7797,0.384628296,-0.213977411
7798,-0.774552107,-0.502608001
7799,1.175435781,1.300823331
7800,-3.178781509,-0.745745778
7801,-0.884716809,2.247927189
7802,0.003813848,-0.186382979
7803,-2.787192345,-1.590736389
7804,-0.816196322,-0.479746163
7805,-0.866434336,-0.143588573
7806,-1.008385658,0.083193839
7807,-0.808170199,1.425449729
7808,0.183128178,-0.398840964
7809,0.022968665,-0.541318238
7810,0.461857557,-0.106319427
7811,1.835323691,0.324580222
7812,0.822366178,-0.009509556
7813,0.606678486,-0.579337299
7814,0.919211149,1.210301399
7815,0.944552541,-0.268563867
7816,0.063932113,-0.387582064
7817,0.757610261,1.274590254
7818,0.710482836,-0.179570749
7819,0.977169633,0.963804185
7820,-1.746516109,0.631710887
7821,1.846316338,-0.555865705
7822,-0.234558761,-0.108496010
7823,2.018838882,-1.044978738
7824,1.032307029,-0.527474880
7825,2.021103621,-0.499101728
7826,-0.022572011,-0.496062994
7827,-1.333397865,-1.113764882
7828,0.732158601,0.694540620
7829,0.366365641,1.207520843
7830,0.037211657,-0.689154088
7831,0.149020478,0.090218380
7832,-3.456045151,-0.338541329
7833,-0.926931858,2.975203991
7834,1.181325912,1.748068094
7835,2.365064383,-0.258452952
7836,0.140853629,-0.181608260
7837,1.382835865,-0.721176028
7838,-0.566162407,-0.395827532
7839,-0.098216146,-0.136130199
7840,-2.264677048,2.092320681
7841,0.798973560,-1.801463246
7842,0.134418815,-0.539213002
7843,0.957189441,1.709301233
7844,0.437921226,2.351800203
7845,-0.657542765,-0.393132120
7846,0.178298116,-0.118960008
7847,-0.671137512,-1.134090781
7848,1.750702739,-1.414678454
7849,0.547896326,-0.188515827
7850,0.011046290,-0.351723284
7851,-0.032101151,0.316107690
7852,-0.021352828,-1.390207529
7853,-0.418872595,0.112470627
7854,-1.579473615,0.748916566
7855,0.752713263,-0.310349315
7856,0.216819286,-0.419267535
7857,2.524534464,1.141302466
7858,-0.191973448,-2.475256205
7859,0.019280110,0.610407770
7860,-1.333655477,1.528266191
7861,1.789744377,0.748363853
7862,-0.613387585,-1.518546581
7863,-3.437215805,1.304850459
7864,-0.085062183,0.398333162
7865,-0.739575922,0.175061852
7866,-1.463979721,1.550509214
7867,-0.627767324,1.229030490
7868,1.821114898,0.977030635
7869,-0.663995564,-1.000690460
7870,-0.353138745,1.931899905
7871,0.989367008,-1.350945234
7872,1.317646980,-1.955372930
7873,-0.851287603,1.425542355
7874,-0.938145518,-0.186077163
7875,0.163092822,-0.284960777
7876,-0.803233385,-1.390499711
7877,0.980128229,-0.083486453
7878,-2.728944063,1.242402792
7879,2.091722727,1.001917243
7880,1.173109174,-0.385094136
7881,0.236686110,0.327103823
7882,0.510782361,0.080062076
7883,-0.042411268,-2.117684841
7884,0.616781712,-0.158604443
7885,2.048944235,0.222533867
7886,-1.759024262,-0.991393864
7887,-0.166427329,0.585230052
7888,0.969693065,0.527554631
7889,-0.025166966,-0.349076390
7890,-0.333424032,0.399407268
7891,-0.225125805,0.238617301
7892,-0.397498071,-0.626587868
7893,-0.856387854,-0.085857362
7894,0.402904093,1.229431987
7895,0.070317507,-2.217310429
7896,-1.017654061,-0.098991752
7897,0.692922652,-0.210116610
7898,1.242194057,-2.873026371
7899,1.240536451,1.963143945
7900,0.275561929,-0.804968297
7901,2.759155273,2.140674114
7902,0.494723558,0.153828889
7903,-0.263130963,-0.165003061
7904,0.065219745,-0.073211923
7905,-0.751457632,0.412518859
7906,0.481437981,-0.250573575
7907,0.966450274,-0.414330244
7908,-1.286832809,-0.830707848
7909,0.488883436,-1.018649220
7910,-0.538097322,0.751509428
7911,-0.254762232,0.056111321
7912,0.578972936,0.640180051
7913,-0.321361721,-0.309561372
7914,-0.289247751,0.653411090
7915,1.499555707,1.298156500
7916,1.818587899,-1.151689768
7917,-1.324226737,-0.905900657
7918,1.451182365,-0.454591393
7919,2.443653107,0.193401068
7920,0.008218925,0.298882604
7921,-0.515268981,-0.825313449
7922,0.409632653,0.810778737
7923,0.292401195,-2.400260448
7924,-0.338701189,-0.720201433
7925,-0.163334757,0.279641896
7926,1.031681776,-0.569868147
7927,-0.477120280,1.979866028
7928,-1.229305267,-0.474592596
7929,-0.442900419,-0.191202939
7930,-0.398869514,0.974709868
7931,0.242731810,3.593629599
7932,0.779267609,0.972931325
7933,-2.609330654,1.044647455
7934,-1.015285134,-1.944483280
7935,-0.865070105,1.044451594
7936,-1.828693151,-0.967762828
7937,-1.810619116,-0.075631976
7938,0.298862636,-0.280948102
7939,-1.699065924,-1.792407990
7940,-1.492005825,-0.067495883
7941,0.965422988,0.071002796
7942,-1.019753218,-0.280068666
7943,-1.732918978,-2.465088367
7944,0.303468466,-1.190713167
7945,0.166485250,0.585208118
7946,-0.355899483,0.950725317
7947,0.395666361,-0.106466979
7948,0.505483627,-1.321256995
7949,-0.526166677,0.587401927
7950,0.828347623,0.276902109
7951,-0.030367970,-1.045957327
7952,-2.137185574,-2.671908855
7953,-0.234665036,-0.156405687
7954,-0.296348363,-0.280863106
7955,2.728002071,-1.458545208
7956,-1.392284632,-0.100593507
7957,-0.390871197,0.732553482
7958,0.426500201,-1.493969440
7959,-1.414272547,-0.563484609
7960,2.224227905,-0.904525757
7961,-0.576252282,-0.480688214
7962,2.549583435,-1.438371658
7963,-0.271163553,-1.800594568
7964,1.416046143,1.122599721
7965,1.388506413,3.133832932
7966,-0.484531879,-1.695805073
7967,1.045637727,0.063738756
7968,0.157947540,-1.059020042
7969,1.785861015,1.251447916
7970,-1.596063852,0.037136465
7971,-0.608120203,-1.303478003
7972,1.284605503,-1.336958766
7973,0.001094431,-1.879497051
7974,1.128663182,0.705771744
7975,0.180299044,0.032614317
7976,-0.063951910,0.202404857
7977,-1.125527740,-0.082709059
7978,2.969342232,-2.231184483
7979,-0.076588996,3.052868128
7980,-1.145924091,-0.481083333
7981,-0.320540071,1.409930348
7982,-0.015366832,0.214242309
7983,2.800931215,0.262038827
7984,-0.404275626,2.005509377
7985,-2.023412943,2.125809908
7986,1.820582032,0.056371421
7987,-1.640717030,-0.794550478
7988,-0.730077267,-2.970029354
7989,1.273269653,-0.131758630
7990,0.918097258,-1.801069498
7991,1.370501041,1.477482796
7992,-0.120258287,0.362342060
7993,2.157665968,0.452169597
7994,-0.384369612,-0.025975883
7995,-1.113337994,-0.055370003
7996,-0.377024174,0.230261862
7997,0.133447871,0.134050354
7998,-2.173271894,1.033840895
7999,0.435723752,2.347125292
8000,-0.762135088,-2.037250280
8001,1.035495400,2.134511471
8002,-0.624677837,-2.156943798
8003,-1.854240179,0.382840097
8004,-1.221740484,0.891398013
8005,0.608559012,-0.035639100
8006,-0.609044373,-0.745859087
8007,0.058039427,-1.795908213
8008,0.121448323,1.996283412
8009,0.580175340,3.430325747
8010,0.819023609,-0.197229713
8011,-1.142434597,0.937961578
8012,0.783691466,0.794586301
8013,1.519330502,-0.633478820
8014,-1.432057858,-1.078914165
8015,-0.974884987,-1.102874041
8016,1.464587927,0.107168801
8017,-1.383083820,-0.300622404
8018,0.314053982,0.781257033
8019,0.297748268,-1.586038232
8020,0.957558274,-1.127026320
8021,-0.972818673,0.393123507
8022,-0.231896907,-0.864302754
8023,0.538324475,1.156522751
8024,-1.659363508,-1.534854412
8025,-1.120443463,0.378380239
8026,-0.169212803,-0.655667722
8027,-2.549669504,-1.321311593
8028,-0.215089604,2.610358715
8029,0.355220705,-0.134013683
8030,-0.810361922,-0.233413339
8031,0.621206045,2.263822317
8032,0.587110281,-2.402436733
8033,1.625341892,-0.287610531
8034,-1.340174437,2.114308357
8035,-1.662880540,0.539720237
8036,-1.670137525,1.499405265
8037,0.133402124,0.272046834
8038,0.306179404,-3.032482624
8039,-0.377965391,0.184305817
8040,-2.108528852,-3.737617016
8041,0.057688862,0.276971132
8042,-2.049338818,0.642836571
8043,0.153594196,-0.080473080
8044,-1.579677582,-1.102455378
8045,1.688250542,2.546149731
8046,-0.228078097,3.021518230
8047,0.238731205,-0.189374000
8048,-0.243837625,-0.035964575
8049,0.937911689,0.348570287
8050,0.142772049,0.644363165
8051,0.012377948,-1.362686276
8052,3.167659044,-0.905294836
8053,1.455309987,0.492887825
8054,0.092256308,0.579740763
8055,0.707197249,0.386861622
8056,-0.031581938,-2.036329985
8057,0.624464393,-1.532206774
8058,-0.211186036,0.564874411
8059,-2.142443180,-1.876828909
8060,0.426245451,-3.684223890
8061,-1.180974483,-0.178232312
8062,0.152940661,-2.295393944
8063,1.349218249,-0.236929357
8064,0.000972450,0.517795980
8065,1.735688567,1.459645510
8066,-0.633610129,-1.395019174
8067,1.929858446,-1.387434483
8068,-2.177075148,-0.039656162
8069,-2.482676983,-2.555615902
8070,0.921418309,1.987318516
8071,0.978810251,-0.153764471
8072,-0.819123149,1.425669193
8073,1.498339653,-0.933992982
8074,0.416575491,-1.413756371
8075,2.591020584,3.970356464
8076,0.148560911,-0.544652104
8077,-0.817172408,-1.322945118
8078,-1.096260548,1.720623851
8079,-0.157880634,-0.299012542
8080,-0.095433243,-0.594248414
8081,-0.770143270,-0.497252464
8082,-1.989339828,-1.758042336
8083,0.388189435,-0.807853222
8084,0.450306147,0.768631458
8085,-1.486329794,0.129841089
8086,-0.975162566,-0.299995303
8087,0.029807560,1.165069342
8088,1.714197993,-0.630700886
8089,-0.126447186,0.298074216
8090,-0.566064894,1.156824470
8091,-0.647940755,-1.262300014
8092,-1.347717643,-0.406404674
8093,0.321972042,-0.544336081
8094,0.716747999,1.018244386
8095,-1.628562450,-0.944512725
8096,0.024437906,0.144765213
8097,-2.062273979,-1.695533752
8098,0.593125463,2.647915363
8099,0.408430666,0.460833311
8100,0.552026808,0.458121538
8101,-1.741802335,0.597835839
8102,1.577198029,-0.123858199
8103,-2.512919426,1.403314114
8104,-0.569643259,1.016024947
8105,2.967453241,-0.984361470
8106,-0.534152031,-3.179750681
8107,0.229781032,0.922445774
8108,-1.248191833,-1.935869098
8109,3.510148525,1.329273105
8110,-0.252429426,0.126167029
8111,0.270210177,0.394967765
8112,0.149094641,-0.239249319
8113,-0.521423817,0.208849311
8114,-0.078513503,-2.418569565
8115,1.065520763,-1.000565767
8116,0.595477343,2.031871080
8117,0.611831903,0.125096783
8118,0.119143546,0.104215063
8119,0.886906087,-0.448455840
8120,-0.697875619,-1.847534299
8121,-1.101489782,0.480809689
8122,1.003829241,0.464113593
8123,-0.899829328,-0.971538782
8124,-0.547823370,-0.887686908
8125,-0.642524242,-1.316984177
8126,0.039309628,-0.208569840
8127,0.533224285,1.012348294
8128,1.055625439,-0.650265694
8129,0.326781988,-1.713228226
8130,-1.136434793,-0.738841057
8131,0.562873662,1.652234316
8132,-0.531438708,1.346469522
8133,1.372580051,2.318473816
8134,2.395544052,1.410508990
8135,-0.985881925,-0.439480722
8136,0.701832652,2.078125715
8137,-0.905214667,-0.780065536
8138,-0.297772497,-0.899747491
8139,0.046778761,2.194926500
8140,-0.433356524,0.217973277
8141,-1.829171181,-1.317908645
8142,-5.049884319,1.740789652
8143,-0.740611255,1.680709362
8144,-0.210442707,1.500238776
8145,-1.053999186,1.061346292
8146,-0.762440085,-0.693487585
8147,-0.995742500,-0.620145082
8148,-0.617615759,0.985815048
8149,-0.511169910,-1.230544806
8150,0.271121740,-1.639332533
8151,-2.841068983,-1.522536755
8152,0.444194108,0.684257329
8153,-0.467741251,-0.415150881
8154,0.608054817,0.422231168
8155,0.120205224,-0.140929043
8156,-0.142375231,-1.812592030
8157,0.379093528,-0.551908553
8158,0.195062906,-0.370105088
8159,-1.415416479,-1.925543308
8160,-1.065447807,-1.215083003
8161,-1.863042355,-0.098082840
8162,-0.742181659,0.898176551
8163,-0.540291309,1.234189630
8164,0.278694332,-0.025861260
8165,0.316400439,-1.362415910
8166,0.369076848,2.393489838
8167,-2.162573814,1.727121949
8168,0.358151793,1.561306953
8169,0.902050257,-1.093832850
8170,1.418052793,0.762844324
8171,1.055132151,0.022567213
8172,-0.962707877,0.425591469
8173,0.235724121,1.237627149
8174,0.571046054,-0.347173601
8175,0.013441607,0.618115544
8176,-1.344586253,1.980461240
8177,-0.490692824,0.676238775
8178,0.474736929,-0.194818154
8179,-0.871819913,0.204786301
8180,-0.624450505,1.513077974
8181,1.129861712,0.272650540
8182,0.169835210,0.572519779
8183,0.734494925,-0.989277720
8184,-0.552174330,3.525508642
8185,-0.331872195,-0.102715850
8186,-0.270686865,1.055234313
8187,-0.281996429,-0.790681779
8188,0.624958098,-0.037514996
8189,0.143898755,-0.380016148
8190,-0.520868897,0.169711679
8191,-1.621793389,-0.448369652
8192,-1.427900791,-0.653108358
8193,-1.211596012,2.095593929
8194,0.463837951,-0.625561118
8195,0.726399124,0.172314972
8196,0.499674797,0.797406971
8197,-0.325871289,-0.523627579
8198,0.133953691,-0.116134487
8199,-0.102518380,-1.467240810
8200,-0.641952872,-0.082006216
8201,0.753427505,1.300023556
8202,-2.744088650,-1.361801982
8203,1.578286290,-0.101461627
8204,-0.412156940,-0.111598924
8205,-0.840954125,2.082226753
8206,0.447957873,2.584548473
8207,-0.168264002,-1.586232662
8208,0.391553789,-1.452290416
8209,1.228097200,-1.142825484
8210,0.279992282,0.099280685
8211,1.205083132,0.221932486
8212,0.483307987,-0.472839773
8213,-1.017847061,-0.004430458
8214,-1.563098788,1.592887402
8215,0.130793035,-1.216351151
8216,-0.188171506,0.109400779
8217,0.108359531,0.619274139
8218,0.247934520,-0.858098149
8219,-1.069378853,-2.819540501
8220,-0.395041615,-0.919401944
8221,1.485057950,2.036402464
8222,0.960183442,-0.835431099
8223,-0.490637004,0.571880877
8224,-1.907806039,2.297393799
8225,-0.314029604,0.412918091
8226,0.520956278,3.416843891
8227,1.127942801,1.104350567
8228,-1.838796258,0.258601785
8229,-0.024206981,0.093036801
8230,0.554716229,0.889498413
8231,0.892406046,-0.367684007
8232,1.354134083,-0.499175578
8233,-1.627704382,0.807633042
8234,-0.661428630,-1.138647795
8235,0.287556291,1.759253621
8236,3.358675480,-3.105960846
8237,-1.525282502,1.678963184
8238,0.190814018,-1.246007085
8239,0.670656025,1.250135899
8240,-1.303416491,1.127579331
8241,-0.482222795,-0.467139065
8242,-1.104121447,0.343593597
8243,-0.084086254,-0.164345369
8244,-0.135713637,-1.560152531
8245,2.149117470,-1.684533477
8246,0.676513791,1.341470003
8247,1.574231386,1.691881657
8248,0.158908278,-0.032567114
8249,-0.133730099,0.481464595
8250,-0.317667514,0.239064023
8251,0.708802521,0.002298811
8252,-0.136624858,-0.064295694
8253,-0.269525349,-0.081478864
8254,-0.860207915,0.831066370
8255,0.008249998,-0.503095984
8256,0.342451811,0.067215219
8257,-2.554227352,0.658595681
8258,-0.115731284,0.391165257
8259,-0.661244750,-0.314327359
8260,0.580928028,-0.795488656
8261,1.336009860,1.172144651
8262,0.050688416,0.830465496
8263,0.096424967,-0.482170999
8264,-0.504400492,-0.148933709
8265,2.355557442,-1.033014178
8266,-1.458854198,-2.273656845
8267,1.750959396,-0.177193463
8268,2.764165401,-2.252998829
8269,-1.550142765,-0.352186173
8270,-0.239821181,-0.151277468
8271,-0.170788407,-0.319955051
8272,-0.234107256,-1.011422992
8273,-3.882436752,-0.173899114
8274,0.445451140,0.672792792
8275,-1.102839470,0.053220928
8276,-1.304928064,-0.566367567
8277,-0.598529577,-1.269817948
8278,-0.132831797,0.648294330
8279,-0.525222123,0.734265685
8280,-0.029152632,0.704100847
8281,0.871719360,0.980881751
8282,0.693419039,1.621318936
8283,-0.453908920,-1.451208591
8284,-1.589306951,-0.301247776
8285,2.306989908,-0.152817637
8286,1.355845094,-1.934560776
8287,-0.268329680,-0.232584864
8288,-0.657143116,-1.760056257
8289,-2.952322483,-0.710833848
8290,-1.780241728,0.141096532
8291,-1.419219613,-0.823292077
8292,0.355630964,-0.053177923
8293,1.406070709,0.050903462
8294,1.557121396,-2.245516539
8295,2.119089365,0.126816452
8296,-1.044383287,-1.252954960
8297,-0.077911675,-0.933701992
8298,0.608877659,0.750879884
8299,0.912822962,0.356720507
8300,-1.471154332,-1.238019705
8301,1.398758650,0.830570817
8302,0.083889723,-1.457874656
8303,-0.126730442,0.733427882
8304,-0.726409614,2.144381762
8305,1.941318631,0.755773604
8306,1.793470263,-1.754318118
8307,0.529410243,0.738660991
8308,-2.645281792,-0.266153336
8309,2.535953522,1.303816676
8310,-0.171807528,-2.736799002
8311,0.081184812,0.329739422
8312,-0.142646551,2.131905794
8313,0.621887803,-0.055256762
8314,1.950961828,2.793576956
8315,-0.120075725,0.322491080
8316,-1.373754621,0.633026481
8317,-0.180643648,0.023232073
8318,-0.055440351,0.317551583
8319,0.352944881,1.664346218
8320,0.011595130,-1.878446698
8321,1.293812394,2.362690926
8322,3.653104067,2.202772379
8323,-1.008553982,-1.409629345
8324,-1.417228222,-1.695477486
8325,-0.863538325,-3.026664972
8326,0.131817490,0.518177450
8327,-0.674803972,0.966982663
8328,2.696710587,-0.319982588
8329,-0.016673684,0.386771917
8330,0.994741440,-0.562679350
8331,-1.760356903,2.015961170
8332,-0.221248806,2.029278517
8333,0.631605625,-0.855982125
8334,0.711110294,-0.574351788
8335,3.732303143,-0.300212562
8336,-0.748636723,0.816111445
8337,-1.470352173,-0.272996575
8338,-2.255313396,-1.397275209
8339,-0.919834316,0.043881536
8340,1.200716734,-0.578088105
8341,-0.714449584,0.890511334
8342,-1.059552312,-0.991505504
8343,2.998724461,1.400943041
8344,-0.244933695,-0.453933656
8345,-0.247424603,-2.926867008
8346,0.069353282,-0.958248615
8347,0.883433282,1.219643354
8348,-0.056318820,-0.382686555
8349,0.141138554,-0.921029806
8350,0.067128867,0.403742701
8351,-0.067291498,-0.936673403
8352,0.510317922,0.415939927
8353,2.635298491,1.885611057
8354,1.372667432,-0.831621170
8355,0.493642688,0.908758163
8356,-0.014681175,-0.050785754
8357,-0.672515571,-1.333832264
8358,-0.109746337,0.157094002
8359,-0.183980763,-0.256160975
8360,-1.325134754,0.533202827
8361,1.671392679,-3.819933176
8362,-0.220570803,-0.201740593
8363,0.205589861,0.837773025
8364,0.675368845,-0.331991196
8365,-1.163076162,0.530407548
8366,-0.826026142,0.106933400
8367,0.061896436,-0.189228162
8368,0.445831388,0.176133111
8369,0.458819449,-2.168295383
8370,0.724071264,1.241233706
8371,-0.879393399,1.090461493
8372,-0.647170782,1.834374428
8373,-1.376632690,-0.426037908
8374,0.016007263,0.383031547
8375,1.925493240,3.611152172
8376,3.345930338,-0.181269050
8377,0.430951715,1.603128195
8378,1.349388003,-1.361268520
8379,-0.160914317,-0.128813177
8380,-1.997746229,-1.373504400
8381,0.353053987,-0.598627329
8382,1.097481370,0.924306870
8383,-1.381121397,1.461136103
8384,0.581906319,-2.396887302
8385,-2.175777197,0.044458747
8386,-0.382267386,-0.180145174
8387,-0.691127181,-1.175020695
8388,2.043317318,1.220751524
8389,0.484630704,0.569821596
8390,1.771680593,-0.520391166
8391,-0.237306774,0.244083017
8392,-0.205872536,-2.330084085
8393,-0.874078155,1.071267486
8394,-1.364545107,0.684966803
8395,-0.178940237,0.026606154
8396,-0.599454403,-0.291992456
8397,-1.678161383,-0.632032871
8398,1.185688257,0.178651392
8399,-0.884515941,1.476320267
8400,-0.600961864,-1.452180386
8401,-0.154649496,0.385548502
8402,-0.977789104,0.030668899
8403,-1.270079494,-0.781814754
8404,-0.092711449,-1.424876809
8405,-0.879137397,-2.138021708
8406,-0.308422863,-0.241737396
8407,-1.778460383,0.824333787
8408,-3.834723473,1.037376404
8409,0.959257960,0.874985576
8410,-2.129912376,-2.037123442
8411,-1.652690172,-0.725471497
8412,1.103551865,0.514310420
8413,-0.736785173,-0.758851528
8414,1.427573085,-0.418428808
8415,-0.190960467,-0.066292569
8416,1.210907102,1.219513297
8417,1.030717850,-1.033929706
8418,-1.194406033,-2.187832832
8419,-1.404681921,-1.164815187
8420,-0.089476615,-1.496650934
8421,3.354999065,1.656408310
8422,1.610733747,-0.624550104
8423,-2.071152687,-0.930607319
8424,-0.643500984,0.435106933
8425,1.356308222,0.251276553
8426,0.284363300,0.157151312
8427,-0.085081011,0.256616920
8428,-0.367125809,1.742874026
8429,-0.293581724,0.048078027
8430,-0.860543549,0.960415483
8431,-1.353644967,-1.227788925
8432,0.074944034,3.552170753
8433,0.764379740,-0.668295503
8434,0.939947248,-0.453077793
8435,1.398899198,-1.489310026
8436,0.225559473,1.118968844
8437,0.366648585,0.865162313
8438,0.545440555,-1.518610716
8439,1.502463579,0.726989031
8440,-0.294416189,-0.134215832
8441,-1.390082717,-0.256468385
8442,-0.408482671,-1.593062520
8443,3.056535959,-0.998773813
8444,0.095540792,-0.898641825
8445,0.245999441,1.709395766
8446,-1.832183599,-3.074594736
8447,-0.860849500,-0.812542856
8448,0.542922139,0.167622700
8449,-2.451904058,-2.283883095
8450,1.332403421,-0.640178978
8451,-1.900290132,-1.002217650
8452,-1.095556259,-1.016664505
8453,-0.787969708,0.720737576
8454,0.936838806,-0.750736058
8455,0.211368918,-1.166702867
8456,-0.214207172,-0.442534834
8457,-1.437756419,0.301437497
8458,-1.228291512,0.077453136
8459,-0.503769279,1.689292789
8460,0.146795660,0.506578743
8461,-1.352959871,0.527553260
8462,-0.004638851,-0.483247072
8463,0.374569625,1.567410707
8464,1.043275476,-1.110112071
8465,-0.893713295,0.991039276
8466,-0.040791675,0.776029408
8467,-2.571219444,-1.223236322
8468,0.154146552,-0.431581110
8469,0.240956306,-2.733839512
8470,0.358250916,-1.329585433
8471,-1.454390883,0.666652083
8472,0.635211885,-0.462589115
8473,0.169272900,1.388989806
8474,-0.141420826,-0.168901384
8475,1.656259060,1.595590830
8476,-1.213497400,0.188280255
8477,2.328069925,-0.542686522
8478,1.270046830,-2.069504261
8479,0.411686242,0.299775392
8480,2.372756958,-1.558595538
8481,-3.818592787,-0.256366968
8482,-0.023812179,0.335693419
8483,-0.493816555,1.752573013
8484,-1.855907679,2.195506096
8485,0.867464244,2.029159784
8486,-0.095855467,-0.406975448
8487,0.348707080,-0.672384143
8488,-0.135202050,3.733488560
8489,-2.023877382,-0.348621130
8490,-0.063562743,0.373447567
8491,-0.935757875,-1.095281601
8492,0.292375684,-0.394128621
8493,2.184859753,1.783838272
8494,1.174614668,-0.643921018
8495,0.645089924,-0.336224526
8496,-0.232658952,-0.441698879
8497,-0.830660462,1.729785919
8498,0.244385362,-0.831674933
8499,-0.479714006,0.233878344
8500,2.190876245,0.087958857
8501,-0.658750534,-0.645141065
8502,-0.879955888,-0.789559245
8503,-0.352942705,-0.992308915
8504,-0.763624430,0.736811519
8505,-0.610245407,1.098627567
8506,1.172347546,-2.140199661
8507,-0.764909625,-0.136764467
8508,0.512417376,-1.317782998
8509,1.541786909,1.557427287
8510,1.724942803,0.206184343
8511,0.146749854,-0.088313423
8512,1.968356371,-1.136102915
8513,-0.844050705,-0.614532113
8514,0.588896751,4.082403183
8515,1.439534545,1.138731003
8516,-0.348630279,-0.103301316
8517,-0.838741839,-1.596251249
8518,0.059029341,-1.858293414
8519,-0.635835707,0.612737060
8520,-0.094003230,1.242238879
8521,0.353749067,0.376158535
8522,0.564171076,-1.906577349
8523,-0.254295588,-2.333838940
8524,0.806151748,0.823803484
8525,-0.781735778,-2.306095600
8526,0.786102533,0.505578876
8527,-1.187931657,-0.028453588
8528,0.343685448,-0.093228415
8529,-1.399680257,0.175190091
8530,-0.610710859,-0.233118773
8531,-0.346420348,0.818989754
8532,0.094630405,-0.653003871
8533,-0.605669320,-2.603041172
8534,0.288924664,-2.043852091
8535,-2.697119474,-0.239994258
8536,-0.748136520,2.807381868
8537,-0.351654708,-0.322588444
8538,-0.114848092,-0.829524398
8539,-1.216596723,0.368207872
8540,-2.295587063,-0.744225204
8541,-0.017681405,0.087062120
8542,-1.665712833,-2.971174717
8543,0.150405541,0.194033086
8544,0.191141263,-0.136710897
8545,-0.404426843,0.753751755
8546,0.464198142,0.330059290
8547,-0.041878194,-0.805012167
8548,0.490130484,-0.098303780
8549,-1.535946608,-0.336518884
8550,0.606776357,0.401518643
8551,1.523248672,0.750823319
8552,1.783063412,1.313067794
8553,-0.081729114,-1.147555232
8554,-1.052882075,0.418073714
8555,-0.469917715,0.465668768
8556,0.290760756,0.087690577
8557,-0.689568162,0.354325950
8558,0.878813446,1.904125929
8559,-1.990694284,0.269736409
8560,-0.444381028,-2.926085472
8561,-0.602320790,-0.562182844
8562,-0.267038554,0.718191385
8563,-0.072376214,-0.157429278
8564,-0.184672475,1.451727629
8565,-0.186010092,0.470032066
8566,-1.964912176,1.051843286
8567,-0.105899632,0.154532894
8568,-0.120509878,0.088788077
8569,-2.493433475,-1.092241526
8570,1.023968697,2.621242285
8571,0.386911303,-0.660961151
8572,4.418718338,1.724552631
8573,-3.840509653,-1.547070742
8574,-1.657671452,0.567433119
8575,-1.859267712,-1.699488163
8576,0.438542515,-0.286996245
8577,-0.454571068,-0.917716503
8578,0.037311077,-0.759837866
8579,-0.912707508,0.232314244
8580,-1.601184845,-2.058923006
8581,-0.455189586,0.424766600
8582,0.012299120,-0.520146787
8583,0.492383271,0.158434629
8584,-0.334010810,0.127499998
8585,2.081320763,-0.008434217
8586,-3.251076698,-0.164433956
8587,-0.334774703,1.733341813
8588,0.339501858,0.603297234
8589,0.292525232,-1.802775860
8590,-0.844772756,1.113838911
8591,-1.434432507,-1.421271563
8592,1.640574098,0.133882105
8593,0.129919052,0.061553843
8594,1.652436614,0.103341930
8595,-1.237387180,2.281735897
8596,0.242256701,-0.774557829
8597,0.284868687,-0.066663757
8598,1.342062950,0.609050035
8599,1.615568042,-1.850798130
8600,1.871234179,-0.277111799
8601,-1.443547606,-0.544547915
8602,-1.261020422,-2.270757198
8603,2.752202749,1.728266478
8604,-1.039229751,-1.415694833
8605,-0.014616489,0.440611839
8606,-2.088861465,1.327656031
8607,-0.208827168,1.535279155
8608,0.453114063,-1.523165464
8609,0.066777229,0.287537098
8610,-0.303074837,1.526058316
8611,0.102868915,-0.350902736
8612,-0.834297717,-2.324496031
8613,-0.691882968,-0.641082287
8614,-0.853545249,-2.908297539
8615,-2.137998104,-0.842215955
8616,0.568682253,-0.371129602
8617,-0.197514027,0.002757765
8618,0.237527862,2.631427526
8619,1.529203415,-0.397189826
8620,-2.336312056,0.875360489
8621,-5.726758957,1.333916426
8622,-0.130227923,0.545924127
8623,0.313404083,-0.833675385
8624,-1.495700836,0.880569875
8625,-0.767388046,-0.053977102
8626,-0.823990822,0.169087261
8627,0.259083748,0.852817297
8628,-0.199639007,-1.728544354
8629,0.523936987,-0.632142782
8630,-0.997949362,0.197897479
8631,-0.945851088,-0.961582124
8632,-0.686295867,0.369793326
8633,-0.026198566,-0.802443564
8634,1.677233458,-0.396607280
8635,0.224344745,-0.430123657
8636,0.314236879,0.026113808
8637,-1.906036615,-1.683659196
8638,-2.484341145,-1.774367809
8639,-0.988690078,1.933353066
8640,0.032811940,1.974720001
8641,-0.247152224,0.687673628
8642,0.354942203,-2.167861462
8643,0.144574761,0.451583445
8644,0.707732677,1.441548109
8645,-0.488675386,-0.387418598
8646,-1.082056165,-0.173480392
8647,-0.123161018,-0.121826246
8648,-0.290406317,0.517718613
8649,-0.559905887,0.533180296
8650,-1.436908484,-1.365262270
8651,-0.349922180,0.094974428
8652,0.193394214,0.653742552
8653,-3.104852438,-0.301206231
8654,1.664614797,-0.478572756
8655,-0.755794883,-0.894078970
8656,-1.151223183,0.353804827
8657,0.498714358,0.577020407
8658,0.469627708,-0.507580400
8659,2.270037889,2.198757887
8660,-0.639308333,0.892987847
8661,0.008814827,-0.201188445
8662,-1.217592359,-0.149076343
8663,-0.401284188,0.628971219
8664,0.082389355,-0.276736557
8665,-0.274216831,0.628521681
8666,-2.272462845,-0.456393898
8667,-1.236846685,-0.658517480
8668,-1.888935328,0.072279394
8669,1.012299061,4.143460274
8670,-0.212932318,0.844569921
8671,0.675765455,1.009758234
8672,-0.279999316,0.373785019
8673,-0.922984064,-0.177031994
8674,1.606871724,1.054871798
8675,1.741019130,-1.440058589
8676,-0.584431946,0.810448408
8677,-0.200510442,-0.228459001
8678,-1.491306186,0.379398346
8679,-0.794907987,-0.631719410
8680,-1.323414087,-0.140818477
8681,-1.038388968,-0.329532981
8682,-0.216984272,-1.302994967
8683,-1.531845331,-0.558474898
8684,0.357500404,-0.176226452
8685,0.574673533,0.300153583
8686,0.228595793,-0.112294443
8687,-0.208803043,2.684065819
8688,0.324631333,-0.241661221
8689,1.475652695,-0.550749958
8690,-0.890007317,-0.599486113
8691,-2.297590494,0.991773486
8692,0.257520407,0.126946196
8693,0.262709677,1.052018046
8694,-0.476393163,0.121861905
8695,-0.208196148,0.258722126
8696,0.159290075,-0.619843662
8697,0.140651777,0.124998719
8698,-0.927061915,-0.889811873
8699,-0.056385916,-0.169948518
8700,-0.029163331,5.118762493
8701,0.394143730,0.136897877
8702,-0.623631597,0.286608428
8703,-0.754322588,0.580868065
8704,0.100068145,0.965804517
8705,0.098075181,-0.777143836
8706,0.023591142,0.152504414
8707,2.111548185,1.170385242
8708,0.085683942,0.400833368
8709,-0.335881919,-0.284871161
8710,-0.045082293,0.165524945
8711,0.044501521,0.185943216
8712,-0.677089334,-0.589730203
8713,0.839650154,0.132211298
8714,-0.242183059,0.600312114
8715,-0.091004729,0.180742681
8716,2.210447073,-0.075104326
8717,0.942321301,0.817363381
8718,-0.128939703,0.191140592
8719,0.356690496,0.837287307
8720,1.602156639,-0.910622776
8721,0.303607762,0.454646260
8722,0.534847260,-0.109085202
8723,0.428363472,-1.652325511
8724,0.222740993,-0.179541200
8725,0.891854882,-1.577723265
8726,-1.578562856,-0.217717111
8727,2.198998928,-0.888515949
8728,1.310860038,3.355354071
8729,1.375733018,0.480526626
8730,0.126637682,0.598347902
8731,0.078362018,2.476734161
8732,-1.124054670,0.395883501
8733,0.087101460,-0.388026178
8734,-2.905382395,-0.837728679
8735,0.087635994,-1.353577018
8736,-1.725545645,0.815621138
8737,0.079425186,0.909160137
8738,0.578792334,-3.089438438
8739,0.089509711,-1.138738155
8740,-0.588564992,1.837574005
8741,-0.702930093,-0.053628206
8742,-0.038898945,0.077406749
8743,1.051355600,1.928786993
8744,-0.876453280,-0.136021435
8745,-0.051950499,1.190090299
8746,2.127580166,-1.778645873
8747,0.411993891,-0.485497206
8748,0.742644668,0.587922990
8749,-0.174029768,0.381847292
8750,-0.222939938,0.779250860
8751,0.232220650,0.347174406
8752,-0.514144421,1.423006415
8753,0.879560053,-0.050280094
8754,0.768072009,-1.137938499
8755,-0.472866237,0.167187631
8756,1.003426671,-2.138953924
8757,-3.699335337,0.269048929
8758,-0.488038361,0.232893080
8759,-2.736995697,0.963601232
8760,0.420296103,0.535855651
8761,0.000952013,-0.320698142
8762,0.360317230,3.108028650
8763,0.902884901,-0.539940596
8764,-0.116531722,-0.344852865
8765,-0.219414979,-0.138158858
8766,0.644380212,-1.585311532
8767,-0.478868425,-1.881504178
8768,0.576955855,0.751003861
8769,0.597451150,0.317759424
8770,-1.510848165,0.032005608
8771,1.095992088,-0.594743729
8772,-0.022835031,2.190829992
8773,-0.613722622,0.588433146
8774,0.720087051,-0.242993951
8775,-0.892462850,-0.191106379
8776,0.313371986,-0.041797634
8777,-0.719873011,0.515386403
8778,-1.508563757,-1.378227830
8779,-0.149652183,-0.095809311
8780,-0.419858128,0.609184146
8781,0.179231837,0.743988156
8782,0.365894675,0.514912248
8783,1.167461872,1.546587944
8784,0.590617597,-0.705482781
8785,-1.968032837,-1.011994123
8786,-1.456225395,0.170942485
8787,2.103636503,2.328721523
8788,-0.066881709,0.138463870
8789,0.200422481,-0.611477673
8790,1.028601766,0.288101763
8791,0.055917785,-0.550205648
8792,0.959045887,-0.865642130
8793,1.618601322,-0.749862671
8794,-0.972531319,0.361968279
8795,0.083965600,0.894355297
8796,0.062586099,0.140833020
8797,-1.034620523,0.039474547
8798,-0.563930333,1.791212201
8799,0.069072068,-0.607985079
8800,-3.428159714,1.928917170
8801,0.433888018,-0.391034544
8802,0.115409195,-1.128914475
8803,0.402255654,0.663882136
8804,4.298758984,0.258853495
8805,-0.656271040,0.750472069
8806,-1.834714532,-1.209431887
8807,-1.701616287,-1.463625431
8808,0.332674146,-0.124506235
8809,0.270617038,-0.026694706
8810,1.273123503,1.781183481
8811,-1.902029514,0.820557237
8812,-0.657103002,0.244363070
8813,-0.172775537,-0.206962228
8814,-0.814879060,0.643027484
8815,1.285532832,-0.601114035
8816,-0.912989318,-1.072516203
8817,-0.580276906,0.653104842
8818,0.802312016,-0.730704308
8819,0.687914491,0.239566147
8820,-1.415095806,-3.609679699
8821,-0.428967118,1.400033474
8822,-0.896661878,0.532215178
8823,0.001870900,-0.221779957
8824,-2.546505451,-1.750637531
8825,-0.612648249,0.834331870
8826,-1.733142853,-1.011852026
8827,-0.247260526,-0.443392545
8828,-1.170238137,0.212502807
8829,-2.500503063,-1.663800836
8830,-2.914093494,-0.626336455
8831,-2.410158873,0.764047623
8832,1.439811468,-0.126669690
8833,-3.049618483,-1.872862816
8834,-0.900065482,1.014719963
8835,-0.282793164,2.793470860
8836,-0.314823687,-0.198770702
8837,0.012619700,0.218903840
8838,-0.985657215,-0.982303619
8839,0.765137970,-0.162858874
8840,1.669430137,-0.179232374
8841,-1.183223367,0.714988410
8842,0.223021865,-0.250118732
8843,-2.452477217,2.077445507
8844,-2.371551037,-0.027341008
8845,1.824111700,-1.242491126
8846,0.519675255,0.076948591
8847,0.775106609,0.011769755
8848,0.638663173,0.719732761
8849,-0.375894517,0.466385573
8850,-1.885051250,0.036406100
8851,0.172248393,1.503384709
8852,-0.296171963,-1.281185746
8853,0.357903421,-0.128857419
8854,0.106329024,0.206475705
8855,-1.273766875,-0.898056865
8856,2.151970863,-0.933572352
8857,-0.248464108,0.388270736
8858,-0.989386439,0.661370575
8859,-0.983993828,0.140569478
8860,0.074766457,-0.275407612
8861,-2.194795132,2.181840181
8862,-0.061445385,-0.184291661
8863,-0.989225149,0.200015783
8864,-0.077752702,0.381245196
8865,1.570187807,-0.849749327
8866,1.109532714,-0.450799823
8867,-0.373421788,-2.104189873
8868,1.029821038,-0.532621145
8869,1.363421082,0.588301778
8870,-0.521287680,0.094258755
8871,0.248513952,-0.050687883
8872,1.538854837,-0.293715984
8873,-0.371618748,-0.160581276
8874,-0.716831267,1.619075060
8875,1.883551836,0.788908958
8876,1.253128767,-1.605514646
8877,-1.348426104,-0.493243039
8878,0.337452650,-0.154884398
8879,0.254665554,0.321354926
8880,0.849721074,1.001340389
8881,0.564374328,1.299415946
8882,0.463588566,0.206142202
8883,-1.094475627,-0.174084425
8884,0.031908765,-1.327414989
8885,3.164088249,0.322460115
8886,0.325390875,0.627903581
8887,-0.679956555,-0.550466537
8888,0.138394862,1.415852427
8889,-1.636854649,-2.233117580
8890,-0.269128174,0.906534851
8891,-0.775417805,1.037232876
8892,-0.746528924,0.456245899
8893,-0.720929682,0.546309352
8894,0.099432960,-0.179050222
8895,-0.813144863,-0.086277917
8896,-0.104488969,-0.601590872
8897,0.570657670,-0.140578791
8898,0.510368049,-0.775811076
8899,-0.586475849,-1.330451012
8900,0.421641529,2.427470684
8901,-1.447759628,-1.330755472
8902,1.712081194,-1.648815155
8903,3.922430038,-0.762893558
8904,0.278225154,-1.168425679
8905,-0.863024473,0.012481332
8906,0.997211456,-1.267704368
8907,1.103876472,2.271193027
8908,2.148984194,1.049810052
8909,0.951120734,-0.450394273
8910,0.849654317,-0.539663494
8911,0.663351774,0.410166562
8912,1.413083553,-0.420502901
8913,-1.066569924,1.227643371
8914,0.677033246,0.379741907
8915,2.075690508,-0.175515220
8916,-1.568763971,-0.212826878
8917,-1.374917984,-0.332252651
8918,-1.841038704,0.845784426
8919,-0.237295151,-0.230917215
8920,-0.878724456,-0.719389975
8921,-1.043387413,2.470519543
8922,-0.986063004,-2.334205389
8923,3.406536579,0.908313572
8924,-1.386238813,0.576062560
8925,-0.059420288,-0.729086220
8926,-1.861375332,-0.967424989
8927,2.186984301,-0.909217715
8928,0.642968357,0.128125519
8929,1.972085714,0.833272457
8930,1.806770444,0.599821091
8931,-2.629305363,-0.621373832
8932,-1.705425382,1.704416275
8933,0.378013909,-0.292585790
8934,-0.548551679,-0.109127730
8935,-0.850847006,-1.955012918
8936,-0.596678317,0.525368571
8937,-0.540906906,-3.391350985
8938,2.116907597,0.972276211
8939,1.300641060,-1.033048511
8940,1.380369067,-0.957275689
8941,-1.087061763,0.458290398
8942,2.155109644,-1.020289421
8943,0.161969185,-1.933725595
8944,-0.769421279,0.507297277
8945,-1.765544891,-0.637546301
8946,0.525411606,-0.032240719
8947,-0.714659333,-2.602491856
8948,-0.621087551,-0.443381697
8949,-0.255499125,-1.070171237
8950,1.979327559,-0.073672533
8951,2.914447784,-0.582537711
8952,-0.832285225,-0.635572910
8953,1.011874080,0.820422590
8954,-2.822648048,-0.079128027
8955,-0.815235496,-1.177067399
8956,0.377260745,0.194863111
8957,0.459076643,-0.205858320
8958,0.739359975,-0.464624733
8959,-0.355148464,-0.424589604
8960,0.414161652,0.089101523
8961,1.489455104,0.526616454
8962,0.300164491,0.706821620
8963,-0.726707697,0.350236177
8964,0.226674333,-0.100737110
8965,-1.039201736,-0.152438402
8966,-0.048381805,-0.220527351
8967,-2.096474171,0.950599909
8968,-1.749474764,-0.700123608
8969,-0.052411627,0.231896520
8970,-1.362691045,-1.377128839
8971,-1.427736759,0.797001779
8972,-0.202518642,-0.142898276
8973,-1.779105425,0.293182671
8974,-0.824895144,-0.319283277
8975,-2.545996189,0.924382448
8976,0.953323722,-0.632470071
8977,-1.982425213,-0.924576461
8978,1.273105145,-0.669331789
8979,0.682356238,-0.246078551
8980,0.164501891,0.267308921
8981,-1.636398673,0.061169878
8982,-0.070501745,-0.931589961
8983,0.626849651,-0.572788477
8984,-0.322970450,1.796234965
8985,0.221774384,1.812512279
8986,0.525353491,-0.215094611
8987,0.623834074,-0.983409822
8988,-2.127185583,-2.661725044
8989,-0.418706656,-0.373601168
8990,-0.180833787,-0.528609276
8991,-0.413119793,-2.430690289
8992,1.186032653,-1.490026116
8993,-2.447960377,2.162129164
8994,0.242166579,0.286504805
8995,1.387499332,2.372042179
8996,0.631662071,-0.526429176
8997,-1.292918563,-1.704478264
8998,-1.983234286,-0.630846202
8999,0.248086408,-0.287380606
9000,-2.041696548,-1.637878895
9001,1.980626106,0.584331751
9002,0.508775413,0.068302043
9003,-0.295856327,0.058753122
9004,0.160757586,-0.181715414
9005,0.456834972,-2.494718075
9006,-1.131950617,0.443212032
9007,1.826275468,-1.729387522
9008,-2.542834520,0.182057738
9009,-0.410489082,0.094527245
9010,2.737707615,1.234878540
9011,-0.483513415,-2.302453041
9012,0.771620572,-0.413163185
9013,0.230533540,1.472432017
9014,-0.652742743,-1.859146118
9015,-0.149083257,0.336567283
9016,-0.170423806,2.011880875
9017,1.977993846,-0.127256885
9018,0.333396196,0.036613937
9019,0.315348566,-0.084632158
9020,-0.408736050,-0.139936775
9021,-2.334683895,0.883753479
9022,-0.612354517,0.178686276
9023,1.316103458,2.271465302
9024,0.036594227,-0.180136681
9025,0.950735211,-0.140333444
9026,0.070982836,0.940392375
9027,-0.050143205,0.675731540
9028,-1.090067863,2.688046455
9029,0.385790259,-0.229434818
9030,-0.621192157,1.414679885
9031,-0.541591763,-3.355803013
9032,0.995185614,-2.104625463
9033,1.277209878,-2.496689796
9034,0.116532877,-0.416508377
9035,1.739035964,-0.116458632
9036,0.388267249,0.539376318
9037,0.400651217,0.587272346
9038,0.615239561,0.560607314
9039,-0.818528593,-0.364692032
9040,-0.559361935,0.222270340
9041,0.170147419,0.939834416
9042,-0.816245675,-0.098952770
9043,0.258129358,0.054706231
9044,-0.483394057,0.455718517
9045,-0.162969589,-0.128480703
9046,0.831202686,-0.262329966
9047,0.690867484,1.968716860
9048,0.373269498,0.328337193
9049,-0.718734503,0.366028547
9050,1.032515287,-0.351457894
9051,0.582601547,1.880623102
9052,1.054125071,-0.834795594
9053,-0.393038452,-1.290032625
9054,0.278280735,1.902757645
9055,2.328655005,-2.561265945
9056,-0.304924548,-0.184120283
9057,-0.660493433,0.274107635
9058,-2.053669453,0.848975241
9059,-0.571880460,-0.393702984
9060,-0.292186081,-0.253117919
9061,0.883883476,2.276198149
9062,-0.608782709,-2.358578444
9063,1.503490448,0.795661151
9064,-1.379309416,-1.800079584
9065,0.557841599,-0.782168627
9066,-1.591003180,-0.865429163
9067,-0.414608181,-0.353353620
9068,0.399891943,-0.038954090
9069,-0.253979355,0.037612855
9070,-1.071349502,0.181879938
9071,-2.302685738,0.926553667
9072,0.078940928,-0.150394350
9073,0.431390285,0.075141847
9074,-0.105895549,0.568615019
9075,-0.437185138,-0.758800745
9076,0.223251238,-0.037380621
9077,0.876497984,-0.419135541
9078,0.386117578,1.229025722
9079,-1.123347998,0.785441041
9080,0.367258608,-0.050880551
9081,0.676871479,-1.356511235
9082,0.353107512,0.349797338
9083,-2.685280085,-2.612903357
9084,-1.380597830,-0.053803783
9085,-1.611368418,1.438643932
9086,0.095477611,-0.522737384
9087,-0.298169643,0.117118157
9088,-0.227483049,-0.069125205
9089,-0.179290995,0.878220737
9090,0.383928597,0.168486148
9091,-0.397198230,0.738807678
9092,0.611214161,-1.572174788
9093,0.886266351,1.068730831
9094,-0.727182388,-1.679040909
9095,0.270957738,-0.484103829
9096,1.359232903,1.872747898
9097,1.429909348,0.953737736
9098,0.824057043,0.137443572
9099,-0.474474967,-2.181483030
9100,-0.248016149,0.820964396
9101,-2.212362289,0.123375311
9102,0.051765751,-0.214355037
9103,-0.070546858,1.060930729
9104,0.243044138,0.234150842
9105,1.114277363,-1.557465553
9106,-0.254198104,0.209469765
9107,2.349003077,0.917618454
9108,-1.471503735,-1.411661267
9109,-1.186658263,-1.097447515
9110,1.194351435,-0.059957437
9111,0.949189186,0.027218491
9112,0.108158030,-0.008848298
9113,-0.559773088,-0.250200242
9114,-1.232713103,-1.064669609
9115,-0.248971939,0.117080837
9116,2.276578665,1.806749582
9117,-1.701250076,-0.000082135
9118,-3.071514368,3.223095179
9119,0.605680645,-1.076389909
9120,-0.302925467,-0.630838752
9121,2.685659647,-0.333675861
9122,-1.528406978,-0.424889386
9123,1.235495567,-3.134653091
9124,-1.279228449,-1.308342457
9125,0.128611237,1.169220209
9126,-0.608838618,-0.759954393
9127,-0.666288614,0.493381768
9128,0.906430960,0.533035636
9129,0.383964956,0.865541101
9130,1.084924459,-1.308671117
9131,-1.326951146,-1.504429460
9132,-0.588654101,-1.642279506
9133,0.157604516,-0.212778941
9134,-2.162649632,0.336308479
9135,0.195516109,-2.530796289
9136,0.287559509,-0.473145127
9137,1.063438654,0.241588116
9138,0.391944587,-0.218484402
9139,1.357964993,1.293390751
9140,-0.166757554,0.040133424
9141,-0.095875271,-0.427243441
9142,-0.750744045,0.753173828
9143,-0.073364258,-1.123430133
9144,1.663256764,-1.804612756
9145,2.007769823,0.074894488
9146,-0.281346232,-0.851223230
9147,-0.152959093,0.234678328
9148,1.129702449,-0.341879785
9149,1.510684967,-0.293593913
9150,-0.240051210,1.214604735
9151,-1.086963892,-0.097300112
9152,0.553178787,1.103027105
9153,1.777753353,-0.208712563
9154,-0.322961390,-0.103478372
9155,1.047411442,-1.400755167
9156,-0.703786492,0.619220376
9157,0.202497005,-2.660356998
9158,-0.317698509,-0.740196407
9159,0.869163394,0.834063411
9160,0.376998633,0.344517708
9161,-0.220005751,-1.557986975
9162,-0.248430014,-2.354909897
9163,-1.917349219,0.391748369
9164,-0.200427100,0.199812829
9165,-1.137157798,1.390436172
9166,-0.648339748,-0.553539932
9167,0.446201354,-0.104445040
9168,1.002488613,-1.136323094
9169,-0.376510233,-0.980540276
9170,1.013918042,2.418536186
9171,0.348204285,-0.188615009
9172,-0.040033191,1.036152363
9173,1.243175149,1.777271032
9174,-0.012612950,0.292372882
9175,-1.319304943,-3.092612982
9176,0.807550192,-0.000145674
9177,-0.099556692,0.215210557
9178,2.126646519,1.027118087
9179,0.168554530,-0.342519104
9180,-1.447252035,1.429231644
9181,2.732501984,1.960592985
9182,0.463243365,-0.534599066
9183,-1.365864038,-2.503104210
9184,1.146713495,1.314876080
9185,-0.742961645,0.814228773
9186,0.033365227,-0.399896950
9187,0.301945567,0.098448522
9188,0.340948254,0.063163996
9189,1.083523035,-0.514339209
9190,0.344430953,-0.633937776
9191,-1.146714330,-2.316846371
9192,0.968319535,-0.973003507
9193,1.627665281,0.524945736
9194,1.039923191,0.519980550
9195,-0.310040087,0.571300805
9196,-0.412410378,-0.411897600
9197,0.071065098,0.374866605
9198,0.994678319,-1.023718238
9199,0.012827180,0.171099156
9200,0.042295046,0.384397894
9201,-1.307611465,-0.762268782
9202,-1.177154779,-1.100049853
9203,2.982015133,0.883549690
9204,-0.056155302,-1.280958295
9205,1.583121419,-1.188603759
9206,0.915384650,-3.219567776
9207,2.649784088,-0.638901711
9208,-0.270954341,0.560850680
9209,-1.565904379,0.891073227
9210,2.086560011,2.248585701
9211,0.914414048,-0.347541153
9212,1.548455238,1.145910025
9213,0.432622731,1.408758283
9214,0.635902703,0.616513133
9215,0.310817659,0.713282347
9216,-0.062767804,0.947677553
9217,-1.825625658,3.085089684
9218,2.264923573,-1.273385167
9219,-0.359375238,-1.608162045
9220,0.081239283,-0.855126977
9221,-1.147263765,-1.676404953
9222,1.904602885,1.090143800
9223,-1.742319226,-0.493474126
9224,2.499303579,-1.202615857
9225,0.056222975,-2.841563225
9226,-0.544532061,0.028161466
9227,-2.117911100,-0.082460165
9228,2.421261072,0.712388813
9229,0.317892075,0.489766061
9230,0.015833609,-0.427442074
9231,1.250701904,0.836404324
9232,-0.229590207,-0.500946343
9233,0.821286321,1.613044381
9234,-0.175010324,-0.428808779
9235,-0.564946890,-2.217029095
9236,0.046669513,-0.958891630
9237,-0.236248195,0.017944742
9238,2.106096268,-0.100486837
9239,-0.968221545,0.056820035
9240,0.233106464,-0.166363508
9241,2.455822468,-0.029313073
9242,0.348415673,-1.307842255
9243,1.003812671,-1.389873743
9244,-1.299068332,-0.597401261
9245,-0.245806873,-2.981790781
9246,-0.785897374,-0.421242714
9247,3.620172024,1.163451433
9248,0.142219752,1.225408435
9249,-0.197750837,-1.328750610
9250,-1.676139235,3.204756498
9251,-0.276295602,0.276919067
9252,0.124273725,0.204368651
9253,1.453791499,0.837112904
9254,-0.393605322,1.529753208
9255,1.053753972,1.236261725
9256,0.659361720,0.126853406
9257,-0.226081938,-0.004050389
9258,0.943461895,-0.874673784
9259,2.228730679,0.957370818
9260,2.874843121,1.732569337
9261,0.729830742,-0.799973488
9262,-0.325994790,0.534557819
9263,-0.396825522,0.333867967
9264,0.680551648,0.402285546
9265,0.397554398,-0.101052642
9266,0.219760731,-1.237200141
9267,-0.158451766,-0.084808692
9268,0.575571299,2.050634146
9269,0.032973737,-0.586039782
9270,0.127872318,1.596385717
9271,-0.213133350,-0.271082163
9272,0.596789300,0.783545494
9273,-2.210201025,0.029112816
9274,-0.240019619,-0.662906826
9275,-0.216978520,2.417757511
9276,-1.001463652,-0.339776874
9277,-1.040471196,-0.401181757
9278,-0.047201470,-0.803762436
9279,-1.633463979,-0.274347484
9280,0.139215976,-0.112202600
9281,2.516170979,1.635800719
9282,0.506269097,-0.606698394
9283,-0.211557329,-0.040153824
9284,-1.130162716,-2.794847727
9285,-0.096631631,0.088223398
9286,-1.626584530,0.353781402
9287,0.258248031,-0.104731187
9288,0.195481777,-0.145666823
9289,0.731782913,1.462062120
9290,-0.167688921,0.129783198
9291,-0.091449752,2.306374073
9292,1.049466729,1.234888792
9293,0.653537810,0.379790246
9294,0.890560329,-0.144254074
9295,-0.321150571,0.612791598
9296,0.030934723,0.241021752
9297,0.534017801,-1.688606977
9298,-1.287717104,-0.329386950
9299,-0.019747019,-0.190618873
9300,-0.024483174,-1.263508081
9301,0.881655812,0.551980972
9302,0.927363992,1.398531795
9303,1.075556636,0.424394578
9304,1.892587066,0.551184535
9305,0.246314704,-0.047989637
9306,-0.242151797,2.860785961
9307,-1.061660528,0.627238870
9308,0.563281059,0.467189312
9309,-1.781148553,-2.505345583
9310,0.582209349,-2.324327469
9311,-1.242984056,0.100139499
9312,-0.357930064,-0.264889300
9313,0.517356932,0.231281966
9314,0.776053309,1.536962748
9315,1.436946034,1.239418983
9316,-1.077074170,0.010214686
9317,1.001248956,0.364445090
9318,0.393405646,0.463717103
9319,0.124727115,2.344309807
9320,0.145639837,-0.073277503
9321,-0.317501217,0.070804268
9322,-0.150909111,0.956107259
9323,-0.152471259,0.874565661
9324,5.399652004,1.702539206
9325,-0.263745904,-0.142548531
9326,0.801557064,-1.313773513
9327,0.306805372,-0.267917454
9328,3.291286707,-1.041731000
9329,-0.434338212,0.168589473
9330,2.095838308,0.258439690
9331,0.586025536,0.139105424
9332,-0.333188474,-0.500304341
9333,1.007599473,0.233567566
9334,-3.763368130,0.125883460
9335,0.689220190,0.397571832
9336,-0.926417708,-2.015724659
9337,0.310300440,1.204806447
9338,-0.227584317,0.035358258
9339,2.556537151,-1.066570401
9340,-0.577371240,0.164804175
9341,0.724480748,0.729409695
9342,-1.889894605,-1.394662142
9343,-0.218385696,-0.274615526
9344,-0.763765693,0.131509185
9345,-0.580208123,0.614974916
9346,0.533703506,0.896492720
9347,-1.975514650,-0.980394363
9348,-2.024070024,0.351653099
9349,0.299493194,-0.279810309
9350,-2.840922356,0.492024124
9351,-1.026402116,-0.620960951
9352,1.034134984,-0.545936346
9353,-0.771541119,-0.201509804
9354,-0.617286444,-2.488270044
9355,-0.177929506,0.066219024
9356,0.397405922,0.454054236
9357,0.505255342,1.862663507
9358,-0.534151137,-1.378708720
9359,-0.114437133,1.201651096
9360,-0.576411247,2.745113373
9361,1.437346935,-0.510627210
9362,-2.254465103,0.919134974
9363,0.397886276,-0.067408763
9364,2.271671534,4.827826023
9365,-0.022963777,0.721501589
9366,0.903068542,0.410049975
9367,1.291065693,-1.010575056
9368,1.465629816,-1.137477994
9369,1.999026060,-0.549376607
9370,-1.219324827,-1.474180937
9371,1.348587871,-0.908941031
9372,0.501911879,0.370068967
9373,-1.729543209,0.831258953
9374,0.843165457,1.762824178
9375,-0.706006527,1.271473646
9376,0.332658648,0.356253296
9377,0.382072747,-0.549098849
9378,0.643912077,-1.472282052
9379,-0.938554287,0.548556685
9380,3.589615345,0.100278869
9381,-0.028385574,0.571262658
9382,-0.554233670,0.403547943
9383,0.209180564,-0.122891530
9384,0.053965341,1.113656521
9385,0.409896433,0.262096286
9386,-1.714304566,-2.080878735
9387,0.512950003,0.649168134
9388,1.369052887,-0.262225509
9389,-0.156146914,0.101408020
9390,0.285265476,0.702187538
9391,0.085824810,0.298496485
9392,0.908149421,2.340559483
9393,-0.607714474,0.836776495
9394,0.813744128,-0.163188890
9395,3.285777330,-0.718598843
9396,1.400685549,0.217847973
9397,1.201960325,0.343446970
9398,-0.001786381,-0.927208483
9399,0.429858625,1.237289786
9400,-0.633387923,0.193108469
9401,-1.778661609,0.234545231
9402,0.191202998,-0.384446681
9403,-0.606631398,0.576272905
9404,1.849925280,-0.503330469
9405,-0.330194890,-0.299641103
9406,-1.593864679,3.772357464
9407,-0.758290172,-0.217011943
9408,-0.051907539,-2.655810833
9409,-0.158506081,0.151057139
9410,-0.936643481,-1.004650354
9411,-0.716525614,0.705360651
9412,1.419544339,-0.119257152
9413,0.204854161,0.267279238
9414,2.110412121,1.299856305
9415,0.501976669,0.608826578
9416,1.544215679,-0.897604406
9417,-1.517361999,4.483454704
9418,-1.180341482,-0.999193192
9419,0.459647477,-0.606496334
9420,1.482938528,2.671204090
9421,-1.996685743,2.542210340
9422,-0.076087147,-0.575482845
9423,-0.144136965,-0.082480937
9424,-0.241442144,0.304521680
9425,0.850901902,-1.240765452
9426,-1.622591853,-0.094494849
9427,3.178214073,1.332950115
9428,0.679586530,-0.799718022
9429,-0.456411391,0.087852567
9430,-1.320679307,0.571407378
9431,0.810922503,-0.669491827
9432,0.585007131,1.361135006
9433,-1.949406505,0.632653177
9434,-2.077505112,-0.516393602
9435,0.399949223,-0.528023720
9436,-0.240523934,0.773069859
9437,-0.297265649,-1.009561777
9438,0.189061314,0.182126865
9439,-0.389523953,1.035125494
9440,-0.967904568,0.059768736
9441,0.245507151,-0.089455530
9442,0.251042128,0.612447679
9443,0.684031725,-0.097691819
9444,-1.049506783,0.593839645
9445,2.116854429,-0.205932975
9446,0.607338846,0.560397923
9447,-0.549917698,-0.668602347
9448,0.117112607,0.105964884
9449,0.449693918,0.860331059
9450,-0.553025186,-0.491118550
9451,1.304048419,-0.454454422
9452,-0.523898304,0.343238354
9453,1.106371641,0.062123753
9454,-0.114055693,-1.549324989
9455,-0.567400932,0.581988811
9456,0.771972060,-0.211222932
9457,-0.192212552,-0.404757172
9458,1.080313921,-0.868975341
9459,0.704504609,0.728238940
9460,0.208735466,-1.091566086
9461,0.534379065,2.276499510
9462,1.427836299,1.141163707
9463,-1.117033005,1.882344246
9464,-0.204082444,-0.008752035
9465,-1.244128466,-3.871355534
9466,0.168384612,-0.039355651
9467,0.691540003,0.118083075
9468,-0.029032463,-0.150615558
9469,-2.438408613,-0.888684452
9470,-0.983803391,-0.292561531
9471,-0.747456610,1.146245241
9472,1.093050003,0.026399471
9473,1.862994432,1.010401845
9474,0.053978384,-2.179302692
9475,-0.039407790,1.565574646
9476,-1.201673746,-0.236115932
9477,-1.860014200,-0.570785820
9478,2.586246967,2.191348314
9479,0.451843500,-0.100174971
9480,1.617394924,-0.888950229
9481,0.130972877,0.382591993
9482,3.318838358,0.820394337
9483,0.314874917,0.326114058
9484,1.119480252,0.872086167
9485,-0.922976851,-0.477569938
9486,1.147958517,1.109247208
9487,0.049363792,-0.320306361
9488,0.093501717,0.223924384
9489,0.142714515,-0.571216404
9490,-1.759607673,2.513703346
9491,0.265661210,0.356679767
9492,-1.619037151,2.592646599
9493,1.222715497,-0.209011868
9494,0.819425404,-0.408246756
9495,0.202237606,0.595660448
9496,-1.578650117,1.801849604
9497,2.932945728,-0.106710851
9498,0.660713673,-1.134280324
9499,-0.264686763,0.350662947
9500,-0.011827707,0.350969136
9501,1.296844721,1.315313339
9502,0.113656268,2.743911982
9503,-0.432526976,-0.834416270
9504,-1.004041553,-0.003212690
9505,0.739839017,-0.181611061
9506,0.922255754,1.384598732
9507,1.583297968,-0.807906866
9508,0.400617063,-0.752169609
9509,2.295872211,-0.585375190
9510,-0.533369899,-0.603896916
9511,-1.122913122,-0.928532600
9512,4.299370766,1.437887311
9513,-0.192406654,0.011173062
9514,0.585844338,-0.259304285
9515,0.967705846,-0.248295605
9516,0.563762307,0.351590991
9517,1.619583726,0.090249792
9518,0.018728748,0.004616031
9519,-1.170550942,1.597246528
9520,-0.794023633,-0.803952754
9521,1.363807440,0.691962600
9522,-1.199432492,-0.196418166
9523,-0.581603646,0.593793154
9524,0.475836456,-0.263335437
9525,0.189575732,-1.886920571
9526,-0.835481524,-1.226183772
9527,-0.342281878,-0.636530161
9528,-0.236482173,-0.147085220
9529,0.410830110,0.506320775
9530,-1.341619492,-0.788444042
9531,0.277738512,-0.440434217
9532,-1.124965191,-2.941300869
9533,-1.151057005,1.762406111
9534,0.181097046,-0.061398365
9535,-0.330426872,0.749361396
9536,-1.824314952,-1.213468671
9537,-1.041356683,0.417214811
9538,-0.634788811,1.111317992
9539,2.635657310,0.430946112
9540,1.650336027,-0.354972571
9541,1.323369145,1.251257181
9542,-2.669611931,2.680590391
9543,-0.625712752,-0.651602745
9544,-0.920327783,-1.059045434
9545,0.400950730,2.753508091
9546,-1.255417824,-1.485175967
9547,0.333886534,1.046751738
9548,-0.843429983,0.631353736
9549,-1.132000208,-1.120161653
9550,0.828165054,2.444053173
9551,-0.544961333,-0.170391977
9552,0.207063675,-0.045218479
9553,1.682991266,1.291382432
9554,-0.388816893,-0.226031810
9555,-0.026064377,0.878830791
9556,-0.502807081,0.979051650
9557,0.327926636,1.082304239
9558,-0.001039863,-1.118469238
9559,0.238422930,-0.397345155
9560,0.161319599,0.111197382
9561,1.507171154,-0.458524883
9562,1.368343353,0.975256860
9563,-1.956125975,-3.110077143
9564,-1.522376657,0.948922575
9565,-0.092143908,-0.534737706
9566,-2.411403418,0.577245116
9567,2.152357817,-0.475501895
9568,0.189540938,0.155975088
9569,-2.414079428,-1.389346600
9570,2.383500576,-2.394637346
9571,1.736041188,-2.589831829
9572,-1.269146204,-0.060757965
9573,2.676975012,1.461276770
9574,-1.315278172,-1.096750617
9575,0.072450280,-2.955840349
9576,0.086256087,-0.476922721
9577,0.326423764,0.580609381
9578,-0.069636017,-0.307017565
9579,1.355319738,-1.409397483
9580,-0.131039172,-0.060930122
9581,0.748302341,-0.105899863
9582,0.147871688,0.498966515
9583,-1.428761959,-0.353998512
9584,-0.645233154,-0.146452799
9585,0.242536619,0.586582601
9586,0.786444664,0.173941880
9587,4.055172920,-3.169457436
9588,-1.309270620,0.020946026
9589,0.128229260,-0.276978612
9590,0.237589717,-0.489255667
9591,-0.292836905,0.091113098
9592,0.450159281,0.673459709
9593,0.162013769,-1.700971842
9594,0.587553263,1.102210164
9595,-0.109642506,-0.607215941
9596,0.421272337,0.137546360
9597,0.748754919,0.558482707
9598,-0.304312408,0.713773608
9599,1.937357426,2.502770662
9600,2.723759174,-0.716074705
9601,1.465177059,-1.241084456
9602,0.254119188,0.441228986
9603,-0.231494591,0.070917204
9604,0.158672869,-1.262312412
9605,0.249871776,0.891792893
9606,0.485550165,2.616349697
9607,-0.680439591,0.420898616
9608,0.438209713,0.180160090
9609,2.088109493,0.674558401
9610,-0.079988383,-0.239271075
9611,1.582222700,0.405121118
9612,-0.686561942,-1.261332512
9613,-1.843450189,0.945733666
9614,0.215826392,-2.114487410
9615,-1.107043743,-0.091268331
9616,-0.252813131,0.831356883
9617,-0.804844737,-0.028708830
9618,-0.102219500,-0.211610079
9619,3.470344782,-0.064736068
9620,0.287743360,0.099093884
9621,-0.020603051,-0.252416939
9622,-0.497305810,0.084583700
9623,1.122385621,-2.590291023
9624,0.205435783,2.937633991
9625,-1.470592022,0.894817114
9626,0.395802885,0.897662520
9627,1.014482260,0.450646877
9628,-2.030800581,1.109470010
9629,-0.255349278,-0.441445082
9630,0.020379864,0.941543818
9631,0.897806704,0.800891340
9632,-1.747377276,-1.497145534
9633,-0.814799726,-2.296574593
9634,0.934491456,-0.708696604
9635,-0.015668049,1.745917916
9636,0.715137422,-0.514518321
9637,0.296727657,-1.254824042
9638,-0.748866022,0.275521219
9639,0.286959499,-0.892278433
9640,-0.207366198,1.059595704
9641,-0.856233418,0.972612023
9642,-0.291273236,1.191061497
9643,0.707635164,1.911026478
9644,-0.865496635,0.256762207
9645,0.800462782,1.056879878
9646,-0.669797421,-0.203294262
9647,0.181034267,0.212317973
9648,-1.216471076,2.556555033
9649,-0.718090296,0.906554461
9650,-0.143347278,0.118097991
9651,-0.777609348,-2.235076666
9652,-1.950580835,-1.113092899
9653,-0.019530565,0.084815554
9654,-1.719843507,1.197898984
9655,-1.294881225,-0.427306443
9656,0.643346786,1.244524479
9657,-2.002198935,4.348337650
9658,1.205825210,0.985564470
9659,-0.397802353,-2.461256981
9660,-0.468444526,0.007495895
9661,-2.746772289,-0.053231359
9662,1.176524520,-1.254707694
9663,-1.400229335,-0.156926274
9664,-0.895544171,0.344368875
9665,0.349721253,0.932909966
9666,1.228198290,0.579288542
9667,0.775523543,-0.824296415
9668,1.226259947,-1.618399143
9669,0.699335754,1.162565231
9670,-1.101708531,-1.743291974
9671,-0.216407716,0.028996045
9672,1.221758723,0.112046286
9673,-0.771501243,-0.577840209
9674,0.067625612,-0.632840157
9675,-1.071877480,-1.068235397
9676,-2.046565294,0.810330331
9677,-0.942508399,0.320277512
9678,0.502607644,0.653446734
9679,0.102945268,-0.124279261
9680,0.309800833,-0.177863210
9681,0.738730550,0.533779502
9682,-1.511063695,2.125070572
9683,0.650669396,-0.385245264
9684,2.834741116,2.042358875
9685,0.521549881,-0.512420177
9686,-0.121932499,-0.587751865
9687,-1.626789808,0.851660013
9688,-0.363013744,-0.520949960
9689,-1.087975264,1.086473107
9690,1.166200399,0.800495625
9691,1.641017199,0.365682781
9692,0.511750817,0.930027723
9693,-2.148238897,0.557918370
9694,-0.116551548,2.874121189
9695,1.268749714,-0.500958562
9696,-0.288734674,0.181265563
9697,0.398111641,-0.882688999
9698,-0.215726316,-0.159924388
9699,-1.248785019,-0.537678719
9700,-0.351664841,1.305817485
9701,-0.782453656,0.152704269
9702,-1.002437949,1.954134226
9703,-0.100727662,0.047033597
9704,-1.359220505,0.473081648
9705,0.268887550,0.446944803
9706,1.198121786,0.518189013
9707,0.881122828,-0.267074376
9708,0.087568298,0.857010186
9709,-0.291033745,-0.209809870
9710,-0.167076468,-0.769448280
9711,2.361424923,-3.679272175
9712,2.679285049,3.003130674
9713,1.240074158,-0.771002710
9714,-0.900049806,1.138977647
9715,-1.791141868,-0.197771788
9716,-0.860078216,0.584922612
9717,-0.480388999,0.385367751
9718,0.719919562,0.947032332
9719,0.084789068,1.058878183
9720,2.409571171,-0.992871404
9721,0.191422611,-0.160979360
9722,-0.214755893,0.997173548
9723,-0.111040890,-0.030015513
9724,0.651429772,-0.817623377
9725,-0.282477319,0.081940413
9726,1.921905994,0.193468392
9727,0.929208994,-0.547523201
9728,0.055868730,-0.150264010
9729,-0.436452866,-0.315827966
9730,0.110530287,-0.412793159
9731,1.018159628,1.522766590
9732,-2.041487455,2.071327448
9733,-0.113835275,0.429692209
9734,0.297387302,0.746948540
9735,1.266889215,-1.157085419
9736,-2.177127361,-1.029312611
9737,-2.512237310,-0.803092778
9738,0.813529074,-0.538578868
9739,0.887901783,0.947869182
9740,0.106024325,-1.013766289
9741,-1.090648532,-0.265277773
9742,-0.141056657,-0.648811042
9743,0.211703658,-2.885159254
9744,1.049848318,-0.418710828
9745,-0.646362543,1.189983845
9746,1.657138109,-3.005392551
9747,-0.571273685,1.725453377
9748,0.234189257,0.430357933
9749,-0.194524422,0.170104057
9750,-0.203247190,1.594743490
9751,-0.696361363,-0.992539763
9752,-0.619687259,-2.029415131
9753,2.636556149,-2.556262016
9754,-1.172582507,-1.309474468
9755,-0.189983815,-0.095107108
9756,0.218954608,0.713443100
9757,-0.591460466,-1.027101874
9758,-0.244596720,-0.949547827
9759,-0.820393324,-0.776223481
9760,-1.408643246,0.980627894
9761,2.410242796,-0.561391890
9762,-1.555329800,1.202093005
9763,-1.698040485,-0.015497923
9764,-0.253449380,-1.088181138
9765,-0.104897022,-2.504592657
9766,-2.979426384,0.878754258
9767,-0.650612831,-0.675998449
9768,1.181677699,0.121005654
9769,0.330147684,-1.692261577
9770,1.312087655,-2.115478039
9771,-0.376969546,1.461330414
9772,1.723077536,0.571701884
9773,2.026228189,1.949984074
9774,1.017749548,1.264235854
9775,-0.007920327,1.347513080
9776,-0.123063117,-0.688082933
9777,0.681604505,1.422987580
9778,-1.011525035,-1.556516409
9779,-0.348022819,-0.875058949
9780,-2.056167364,-0.307193041
9781,-0.729368687,-0.703928471
9782,1.112518907,1.590001106
9783,0.511514366,-0.260396153
9784,2.027741671,0.536901236
9785,-0.475471020,0.583824992
9786,0.211418450,0.530041099
9787,0.980077803,0.418354690
9788,0.665010154,-0.105264351
9789,0.002390962,-0.261336684
9790,0.332951486,-0.621807754
9791,0.304518759,-0.292949796
9792,-0.179101825,-0.636473179
9793,1.290363669,-0.729367435
9794,0.830946445,2.216705561
9795,0.173177004,-1.685419917
9796,-0.654464960,-1.909286022
9797,-0.841007710,0.039521337
9798,-0.368175805,0.772995293
9799,1.309736967,-2.122631550
9800,-0.969871402,1.188330173
9801,1.172402859,-1.005195379
9802,-0.966587722,0.710938811
9803,0.419995546,-0.199578896
9804,-0.324298173,1.614880323
9805,-1.478195667,-2.191460609
9806,0.388047963,-0.740969658
9807,-0.158842325,0.080932528
9808,-0.969292164,0.256113708
9809,-1.729305744,-0.091569901
9810,0.226001129,1.126409292
9811,-1.486952543,0.542093217
9812,1.481814146,0.103169158
9813,1.813999891,1.378315806
9814,0.211418435,1.070136428
9815,3.509350538,1.638321280
9816,1.202762127,1.647886276
9817,0.623797297,0.154466450
9818,2.033851147,1.018117666
9819,0.113248348,-2.002357483
9820,-1.329410195,0.933324456
9821,-0.307847142,-0.273148715
9822,-1.592680216,0.111809015
9823,-0.938041806,-0.997765899
9824,-0.224516749,-2.121651888
9825,-0.495645642,-3.209869146
9826,3.335284710,-0.217263460
9827,1.216359615,-0.239971101
9828,1.316284418,0.991939783
9829,1.640039921,-0.905112982
9830,0.773579419,-0.167306542
9831,0.159435987,-0.334873259
9832,-0.160759270,-1.644716859
9833,0.337681860,-0.501565933
9834,-0.189208075,-0.604710162
9835,0.283513784,-0.901794672
9836,-0.264514625,-1.724610567
9837,-0.510094762,0.527126551
9838,0.776571691,0.404236108
9839,0.283623248,-0.913044572
9840,-0.179822624,-0.023811609
9841,-0.744682193,-0.587474346
9842,1.509792089,-1.902204990
9843,-1.460556746,2.252692223
9844,-0.821914434,-0.321115434
9845,0.147821650,0.426917970
9846,1.193848729,-1.570325851
9847,0.355702817,0.619631469
9848,-1.212177634,0.103422463
9849,-0.280805111,-1.085816741
9850,2.510299921,1.766658187
9851,0.916116476,-0.392284483
9852,-0.201585963,0.479758114
9853,-0.139336467,-0.885405660
9854,-0.862244248,-0.413938940
9855,0.307050467,-0.838455081
9856,-1.816842198,0.076149940
9857,-0.672498345,-0.055009454
9858,-0.642767310,0.837750733
9859,-0.381249338,-2.649118900
9860,0.188441515,-2.199054003
9861,0.723188996,3.427904367
9862,-0.795626283,-3.255185843
9863,-1.744196653,2.214925766
9864,-0.652975321,-2.096106768
9865,0.277475953,-0.089902133
9866,2.056252718,2.084344387
9867,-1.272881150,1.724752903
9868,0.363727421,0.135083228
9869,0.046496183,-1.238203406
9870,1.448238254,-0.604585588
9871,0.754266381,0.218287200
9872,-0.168232769,-0.033394791
9873,-0.012345955,-0.475455403
9874,1.917213917,0.183761090
9875,1.701119661,0.199322760
9876,0.257731408,0.087035932
9877,0.854783475,0.439170063
9878,0.778562307,-0.053023539
9879,-0.175403208,-0.201035857
9880,-0.576857209,2.462355137
9881,-1.792618394,1.833562613
9882,0.466558725,-0.442357093
9883,0.528265953,-1.146628618
9884,0.665048063,-0.126480207
9885,-3.524144650,-2.528703928
9886,0.355092883,0.461516738
9887,-0.620292664,0.549274087
9888,-0.968833625,1.200613856
9889,-0.731384456,0.382776439
9890,-0.935111642,-1.170209765
9891,1.430652499,2.358816147
9892,0.853435695,2.282230616
9893,-0.129390091,0.670323908
9894,-1.125398397,2.491145849
9895,0.740572035,0.672714353
9896,1.465723276,-0.822803795
9897,-1.223046303,-0.493112087
9898,-0.760833859,0.148744285
9899,0.134145200,0.271908641
9900,0.508154213,-1.597202182
9901,0.925718188,0.526434720
9902,-0.373805165,0.464002907
9903,-0.035191722,1.433931708
9904,1.230583429,-0.634662211
9905,-1.479650378,-2.151196003
9906,-0.655482948,0.467846513
9907,-1.608072519,-0.846126795
9908,-1.773825526,-3.178032398
9909,0.226887658,1.119586825
9910,0.171517789,-1.949569702
9911,0.219027519,0.455871612
9912,0.188823938,-1.524591804
9913,0.023563534,0.363972664
9914,-0.107655898,-1.242328644
9915,0.294332534,0.996289253
9916,1.194482327,-0.062951066
9917,-3.360543728,0.829211712
9918,0.674230576,-1.022139430
9919,0.538477540,-0.608763933
9920,-1.628512144,1.314985514
9921,2.234021187,1.159091592
9922,-0.219213024,-0.101636082
9923,0.078477703,-0.336028606
9924,1.335981607,2.164438248
9925,-0.163162053,-0.147675201
9926,-1.157407522,0.753070235
9927,-0.540608883,-0.459127545
9928,-0.246912479,-1.168060064
9929,-0.254000336,0.085898340
9930,-0.344462395,1.345803261
9931,2.505632401,0.386705548
9932,1.350203276,2.549459934
9933,0.912018716,-0.910773993
9934,1.058001637,-0.609192252
9935,-0.813557208,0.959839582
9936,-0.284176230,-0.439769506
9937,0.543946385,0.138023973
9938,-0.496313095,0.764079034
9939,1.079841256,0.424118280
9940,0.466784060,-0.323581964
9941,-0.287673861,-3.203782082
9942,-0.786321998,-1.175549746
9943,-0.948244512,0.954454064
9944,-1.108087063,2.892493725
9945,-1.054331064,2.503329515
9946,-2.870909214,-1.159628391
9947,1.989010215,2.889559269
9948,-1.915660262,0.612046599
9949,0.209102169,0.326860011
9950,-0.096231580,0.888103664
9951,0.478488475,0.792664170
9952,-0.520134866,-0.564686775
9953,-2.015547276,0.010639489
9954,-0.187657416,0.058095641
9955,1.243317604,2.212748766
9956,-0.168313205,-3.095914602
9957,0.076421559,1.083261132
9958,-1.554661870,-0.147198990
9959,1.650097251,-0.791734636
9960,-0.517119646,-0.527565360
9961,1.510585666,0.556077242
9962,-0.889154315,-0.012198091
9963,0.841723084,-0.564069808
9964,0.712846518,1.055003881
9965,-0.364366323,0.376964808
9966,2.210134983,-0.953277290
9967,-0.777727365,1.606767416
9968,-2.662530899,-1.580864906
9969,-1.007167935,0.411961555
9970,1.014970541,-0.468429685
9971,-0.002351370,0.065682933
9972,-1.391610503,1.538314819
9973,-0.886985958,0.356587678
9974,1.301563501,0.660646498
9975,-1.301689506,-0.597078502
9976,-1.010810256,-1.652885914
9977,-0.932689428,-0.220803842
9978,0.197181076,-0.811998904
9979,-2.514975548,0.034197330
9980,0.671424568,0.050003156
9981,-0.513713539,-0.532335460
9982,-1.730258584,-3.450679779
9983,-0.445292056,-0.536403775
9984,0.746116519,-1.242440104
9985,-0.022560526,1.239617586
9986,0.196974322,-0.175904125
9987,-0.427082360,-0.366786867
9988,-0.406069756,-0.051804408
9989,0.870827198,-1.063709378
9990,-2.373202085,1.841611743
9991,-3.279029846,-0.598480701
9992,1.366544485,-1.226869464
9993,0.020091951,-0.922488034
9994,-0.590896308,-1.014025211
9995,0.088764235,-0.591808796
9996,2.022398233,-0.562912166
9997,1.969517350,0.564665556
9998,0.117969081,-0.197491378
9999,1.137367845,0.682446003
